Date,Open,High,Low,Close,Volume
2020-01-01,93.77016048756848,94.18283810180404,92.89894908121767,93.44918823242188,12896434
2020-01-02,93.6326045448007,96.15454055211089,93.3116322704772,95.78771209716797,18704405
2020-01-03,95.32917528214524,95.32917528214524,91.79846638218997,92.48626708984375,24439056
2020-01-06,91.6608966670992,91.6608966670992,87.44238743569254,87.85507202148438,30549236
2020-01-07,89.50579345700203,90.01018341930728,86.89215228112545,88.1760482788086,31124816
2020-01-08,86.20435472696616,87.85507921189543,85.74582092522698,87.39654541015625,26770478
2020-01-09,89.1848185678286,89.87261922516404,88.5428740863169,89.23067474365234,21511429
2020-01-10,89.64335594532244,90.74383424265824,88.63458300665289,89.00141143798828,22583687
2020-01-13,89.32238414168329,89.96432865225172,88.95555570849973,89.45994567871094,15182504
2020-01-14,89.7809143398321,90.5145641801589,88.4511621973589,89.689208984375,14721468
2020-01-15,89.50579880893275,90.14775034449448,88.31361509432507,89.87262725830078,17552783
2020-01-16,89.87261559938875,90.78968310550496,89.27652032107925,89.55164337158203,15395112
2020-01-17,88.03848757262912,90.10188962511262,87.21312535230166,89.27652740478516,16846301
2020-01-20,89.73506253370512,89.73506253370512,86.47947677808155,86.84629821777344,20296585
2020-01-21,86.84630232783388,87.76336996380539,86.29606314558514,86.89215850830078,16440135
2020-01-22,87.57995524304435,87.80922214158635,85.74582005470835,86.47947692871094,16534303
2020-01-23,86.38776497478588,88.26775635026493,86.20435425376523,87.02971649169922,17790397
2020-01-24,87.12141463341835,88.54287209189474,86.98385310571582,87.6716537475586,21508398
2020-01-27,85.51655487765335,86.11265022519632,84.37022036186711,84.69119262695312,44570494
2020-01-28,84.96631252556209,85.97508546231923,84.59948409492212,85.47069549560547,23833458
2020-01-29,85.97509354761645,86.3877711979766,85.6082650824791,85.92923736572266,14424795
2020-01-30,85.74581860413545,85.79167478173629,84.37021723615467,85.37899017333984,18403471
2020-01-31,85.74581811226552,86.29605725696739,84.73704518086704,85.01216125488281,22498038
2020-02-03,81.52730267648037,81.8941310781862,78.31756640572658,78.7761001586914,27702836
2020-02-04,79.60147083084763,80.61024379597661,78.95951931000513,79.8765869140625,21444489
2020-02-05,80.24341273413867,81.34389102439587,79.78487894708645,80.83950805664062,18282043
2020-02-06,81.25218873632924,84.82875380980656,80.70194957041056,84.04924774169922,31183865
2020-02-07,83.95754285319543,85.05802119123315,82.76535215642903,84.41607666015625,19744328
2020-02-10,84.23266071662299,84.64534534959749,82.16925854176286,82.62779235839844,12920134
2020-02-11,83.26974027909333,84.00339015580845,82.53608340570773,82.8570556640625,10892762
2020-02-12,83.0404715970813,83.63655992264916,80.28926887598533,80.93121337890625,15597107
2020-02-13,80.93121345060909,81.7107194896095,80.47267966335352,80.747802734375,14891172
2020-02-14,80.83950609672902,81.57315594022342,78.9595148167262,79.28048706054688,15401905
2020-02-17,78.22587336075726,79.18879019546507,75.19954731642778,75.47467041015625,22256419
2020-02-18,75.42880512755593,75.56636665782166,71.71467879373166,74.282470703125,28227097
2020-02-19,74.92441514954409,75.74977733410933,73.54881384082539,74.37417602539062,15937963
2020-02-20,73.68638027984136,76.34587771986756,73.64053109783175,75.4288101196289,18131343
2020-02-24,74.19077215245659,75.2912505021659,73.09028680607658,73.2737045288086,15685366
2020-02-25,73.82394779645367,74.46589236992831,72.81517475384878,73.41127014160156,13755466
2020-02-26,72.67760905325679,74.32833357174668,72.49419832750046,73.54882049560547,15584386
2020-02-27,73.36540861885749,73.68638088223088,70.79761651852924,71.806396484375,23401192
2020-02-28,70.06395724124008,71.16443542438226,67.22104943756473,69.97225189208984,34963801
2020-03-02,71.07273681227282,71.85224284894434,64.51570227477424,65.24935913085938,40961015
2020-03-03,65.34106231624436,67.31275892933172,65.1117954309242,66.8542251586914,23348154
2020-03-04,66.99179479348746,68.0005678115975,65.34107022081945,67.22106170654297,24339350
2020-03-05,67.12934571527803,69.10104246030865,64.79082752652404,67.54203033447266,27590830
2020-03-06,64.01131971616732,66.62496091303487,63.04839596100385,65.79959869384766,22864611
2020-03-09,63.9196050537448,66.57910233216057,62.81912679899971,63.5986328125,25784019
2020-03-11,63.965462526326284,64.79082473245164,59.884514669192924,61.076698303222656,26729070
2020-03-12,56.949897075177574,57.72940664122119,51.4933476045488,51.951881408691406,34993748
2020-03-13,46.8163004798829,60.84743412002219,42.64364358176441,59.93036651611328,47239291
2020-03-16,56.85819021781083,59.10500300033035,55.299174625074784,58.417205810546875,26404655
2020-03-17,58.50890967173051,63.827900824008715,56.99575029560923,60.66402053833008,31265472
2020-03-18,60.5264619365827,61.71865262188059,57.77525912128348,59.74695587158203,31388917
2020-03-19,55.29917638726874,63.27766532335937,55.20747102526466,56.35380554199219,40171350
2020-03-20,56.90404243916117,61.351822285516285,56.720628224139325,58.00452423095703,31615664
2020-03-23,52.7313845955932,55.895268370995815,48.512875227279785,49.38408660888672,17303010
2020-03-24,50.48457005187925,52.181147189760686,47.412395029457116,50.805545806884766,19141492
2020-03-25,48.69628629726459,54.97820121588339,48.421166727459315,53.37333297729492,24727678
2020-03-26,54.290402396488005,55.06990845394947,50.20945089359709,51.309932708740234,30819416
2020-03-27,52.54797087097619,56.39965535069036,48.92555328293148,49.842620849609375,38981414
2020-03-30,47.77922107591635,49.38408939322323,47.04556768767169,48.100196838378906,18352697
2020-03-31,48.971408793264615,51.539197245339274,47.32068439704832,49.10896682739258,22322014
2020-04-01,49.52164574599848,49.842617976499675,46.58702900212417,46.99971008300781,16339932
2020-04-03,46.99971156737605,47.045564244847945,44.47777582473636,44.661190032958984,20734879
2020-04-07,46.082651513987145,46.6787469130048,43.74412959951163,44.15681076049805,25455987
2020-04-08,44.01924532583196,47.228981964173876,43.37729729849652,44.34021759033203,27158184
2020-04-09,44.93631164501882,47.59580903967034,44.752897428433336,46.678741455078125,26072505
2020-04-13,46.67874413017386,46.95386372165122,44.6611946287809,45.7158203125,14154302
2020-04-15,46.03679549989578,47.595811162917215,44.47777983687435,44.89046096801758,20241232
2020-04-16,45.07387177591697,46.03679201003249,44.24850957619789,45.486549377441406,19193391
2020-04-17,46.999713004827115,48.00848593340153,44.982163649343114,46.03679275512695,35112523
2020-04-20,46.77044701918294,48.78799641379513,45.53240717389159,46.953861236572266,47810191
2020-04-21,45.669966569365585,45.853380792201456,44.38607400618514,44.52363204956055,23443042
2020-04-22,44.47777915113902,44.70704605397994,43.10217773409348,44.29436492919922,26224358
2020-04-23,44.56948477079412,45.119727439796904,44.019245600126666,44.43192672729492,16711632
2020-04-24,43.69827127152072,44.01924352287428,42.2768137340931,42.506080627441406,18982469
2020-04-27,43.33144333783318,43.83582980929435,42.6894953294575,42.87290954589844,17013194
2020-04-28,43.10217686953033,43.5607106660147,42.827057291306765,43.377296447753906,17324239
2020-04-29,43.606567757179135,44.6153443104924,43.28559546650504,44.11095428466797,26516294
2020-04-30,44.93631386274146,46.99971602990816,44.38607468416449,45.119728088378906,41910726
2020-05-04,44.019247041134335,44.019247041134335,41.72657792440859,42.047550201416016,23189709
2020-05-05,42.643644072792746,42.643644072792746,40.1675608140603,40.350975036621094,26003403
2020-05-06,40.350973437712355,40.53438765300535,38.3334240661597,38.79195785522461,33143222
2020-05-07,38.516838522518384,39.66317300235524,38.1500100896365,38.975372314453125,17313624
2020-05-08,39.43390865034149,39.754880926068246,37.5997733642791,37.69147872924805,19319340
2020-05-11,38.37927950511008,38.37927950511008,37.1870922674826,37.59977340698242,19452306
2020-05-12,37.232944928850046,38.1041598898909,36.086610374410874,37.645626068115234,24650906
2020-05-13,40.35097529234059,41.40560445499727,38.700254275502814,40.4885368347168,57645381
2020-05-14,39.98414597474862,41.17633665383673,39.29634527450637,39.571468353271484,26195162
2020-05-15,39.57147063095693,39.984148276187284,37.96660223801742,38.1500129699707,24225903
2020-05-18,38.05830493228517,38.24171914969817,35.169540628452324,35.398807525634766,35347912
2020-05-19,35.76563409256609,36.04075365514959,33.2895510326445,33.472965240478516,43613240
2020-05-20,33.15199702716047,34.11491736232651,33.01443547999298,33.610530853271484,28593538
2020-05-21,33.88565099686301,35.85734438200165,33.564675214397056,34.435890197753906,53392745
2020-05-22,34.57345179254984,35.994905978664384,33.702236808048816,34.34418487548828,51974577
2020-05-26,34.711005467943906,35.169539244261976,33.65637988141339,34.0232048034668,33523817
2020-05-27,34.206620396064615,35.67393063858239,33.70223392139782,35.30710220336914,43369930
2020-05-28,35.35295484586533,36.63685086942108,35.123687948682885,35.398807525634766,51180429
2020-05-29,35.26124998214651,35.90319800295103,34.390035060935745,35.719783782958984,33859195
2020-06-01,36.40758736406084,39.25049575464149,36.13246776147812,38.92952346801758,78512022
2020-06-02,39.20463871734832,39.525610968331726,37.92074271674437,38.608543395996094,45380371
2020-06-03,39.34220145319073,41.35974737523311,38.791958793995775,39.571468353271484,73275527
2020-06-04,39.80073474815794,41.35974685025015,38.79195830160597,39.250492095947266,72264968
2020-06-05,39.663172793644726,43.10217621505901,39.571467435074425,42.64364242553711,77982816
2020-06-08,44.01924708632173,44.936314733953424,41.63487260181348,41.95584487915039,74312392
2020-06-09,41.95584485759227,43.606565922814056,40.71780493325979,42.0016975402832,71124780
2020-06-10,41.90998950068984,43.46900510105138,41.77242796305917,43.102176666259766,44735559
2020-06-11,43.285589289269986,43.97338995541834,41.268039968901135,41.405601501464844,53650564
2020-06-12,38.51683750271204,41.81827931789618,38.379275969439746,41.680721282958984,44354760
2020-06-15,41.45145859890047,42.46023161746798,40.030004436978814,42.139259338378906,50668567
2020-06-16,43.10217851967287,43.469006970238276,40.121708728418895,41.1304817199707,48129454
2020-06-17,40.809509742600554,41.86413892179967,40.21341438073402,41.17633819580078,39634440
2020-06-18,41.08463013851112,42.59779316469786,40.85536322535165,42.139259338378906,30454202
2020-06-19,42.59779017377798,43.560710441771135,42.09340369990873,43.14802932739258,48150710
2020-06-22,43.606565324632385,45.9450870931454,43.46900727844656,45.30314254760742,65558629
2020-06-23,46.403617894785285,46.81629900319449,45.3948449616385,46.311912536621094,64519175
2020-06-24,50.255307385199565,50.255307385199565,46.862156322138176,47.3206901550293,135170862
2020-06-25,46.7704476576585,48.60458285991962,45.94508541730689,47.68751525878906,63333486
2020-06-26,48.51287723531197,48.69628795587242,47.22898120137732,47.54995346069336,36645445
2020-06-29,47.22898291573307,47.22898291573307,44.89046116034928,45.16558074951172,33607170
2020-06-30,45.66996654887962,46.12850035659595,44.29436512573062,44.56948471069336,24089605
2020-07-01,44.61533981418048,47.41239527412868,44.202658697521024,47.13727569580078,56375631
2020-07-02,47.27483369802855,48.054343250725935,46.35776610544474,47.228981018066406,48615605
2020-07-03,47.32068957876772,47.549956492421316,46.35776924108972,46.54118347167969,26625837
2020-07-06,46.77044724043915,47.68751483338893,46.67874188047826,47.183128356933594,28184041
2020-07-07,47.137274964570466,47.137274964570466,45.578259380450085,46.587032318115234,36426730
2020-07-08,46.58703407359456,49.61335649896221,46.54118139257928,48.37531661987305,96883829
2020-07-09,48.604583503326985,49.063117309962145,47.59581052806376,48.42116928100586,37523589
2020-07-10,47.82508016987794,48.92555857014821,46.67874558765014,47.3206901550293,36913261
2020-07-13,47.68751780475073,48.10019894695894,45.9909440514159,46.35776901245117,31367756
2020-07-14,46.12850084209343,46.12850084209343,44.11095136724001,44.93631362915039,35213141
2020-07-15,45.3948460831803,45.761674521570406,43.285591308275336,43.606563568115234,31647134
2020-07-16,44.0192489154284,44.34022120610249,43.01047586045073,44.11095428466797,22261317
2020-07-17,44.24851336850577,45.57826213831447,44.0650991419226,45.30314254760742,23121971
2020-07-20,45.3489907066503,46.128496718963106,44.38607048604769,44.61533737182617,33226925
2020-07-21,45.34899522966936,45.715820184500295,44.66119450373404,45.30314254760742,26865913
2020-07-22,45.39484336751443,45.807524461431576,44.34021429398563,44.661190032958984,27424578
2020-07-23,44.84460847854477,45.53240920061855,44.47778002743794,45.16558074951172,23205494
2020-07-24,44.56948471069336,45.02801851840969,43.74412595580515,44.56948471069336,21487345
2020-07-27,44.569483215047875,44.569483215047875,42.68949536616588,42.78120422363281,25743409
2020-07-28,42.91876220703125,43.331443319262696,42.13925616041034,42.91876220703125,20236612
2020-07-29,43.10217685082108,44.615339777896764,42.96461531260139,43.42314910888672,32645844
2020-07-30,43.744127730495244,43.927541960689915,41.90999242521943,42.139259338378906,24738261
2020-07-31,42.18510883991713,43.28559063975592,41.680722368672114,42.91876220703125,31803669
2020-08-03,42.59779371605947,43.56071406412567,42.368526799932496,42.96461868286133,20459628
2020-08-04,43.10217621505901,43.28559043053481,42.0934032774449,42.64364242553711,24686318
2020-08-05,42.827056377130134,43.51485705717504,42.41437526943615,42.506080627441406,25598777
2020-08-06,42.91876177130003,43.14802866484152,42.09340305355176,42.41437530517578,25763344
2020-08-07,42.55193854763836,44.79875139580945,42.27681546568366,44.34021759033203,37146011
2020-08-10,44.89046049523229,45.165580080318435,43.927540198263124,44.52363204956055,28220281
2020-08-11,43.102176629074215,44.386072651402,42.82705705238546,43.19388198852539,36464567
2020-08-12,43.652417095260695,45.76167540942408,43.285592148088824,44.56948471069336,73911653
2020-08-13,44.752902364351755,44.93631660116649,43.83583467861366,44.11095428466797,21610816
2020-08-14,44.477777070739386,44.477777070739386,42.00169393620645,42.27681350708008,40561013
2020-08-17,42.82705644946125,42.87290912854132,41.86413619543912,42.322669982910156,26149211
2020-08-18,42.5519370669668,42.781203961727755,41.864136382683945,42.64364242553711,34889012
2020-08-19,42.82705749073399,43.789977768168015,42.73534863200893,43.65241622924805,27392535
2020-08-20,43.23973866598337,44.01924472532693,42.55193796715013,43.51485824584961,22310955
2020-08-21,43.97339264495128,44.79875139580945,43.744125742212574,44.34021759033203,22911875
2020-08-24,44.661193353167405,44.75289871492877,43.560711520354545,44.34021759033203,39209021
2020-08-25,44.56948117968015,45.39484336751443,44.43192314726447,44.661190032958984,42066104
2020-08-26,44.52363208962772,45.02801857912877,44.156807141961195,44.43192672729492,24376702
2020-08-27,44.752895387902775,45.39484336751443,44.523628502208254,44.661190032958984,34037234
2020-08-28,44.98216830695169,47.87093285349995,44.844610256085666,47.3206901550293,101654516
2020-08-31,49.06311796438717,49.4757990955304,44.065098705731124,44.89046096801758,54488989
2020-09-01,45.3948460831803,45.66996566280525,42.96461555010018,43.606563568115234,43888630
2020-09-02,43.83583026330625,44.248511379988734,42.82705730993594,43.331443786621094,32628864
2020-09-03,43.835830244238274,43.97339178251767,43.148029549511726,43.377296447753906,20869725
2020-09-04,42.82706010006984,43.14803237932539,41.955845129944876,42.093406677246094,37393468
2020-09-07,42.18510842946522,42.64364221674201,41.268040854911625,42.36852264404297,30300060
2020-09-08,42.46022705588482,42.59778858833619,41.313892613240334,41.49730682373047,26695514
2020-09-09,41.084624753817515,41.084624753817515,40.16755722137366,40.67194366455078,19912040
2020-09-10,41.084625919257924,42.001693477716074,40.90121170789927,41.81827926635742,17528590
2020-09-11,41.72657819502476,42.27681738727331,41.54316396483008,42.139259338378906,13133617
2020-09-14,42.322669982910156,42.78120377038118,42.18510844733478,42.322669982910156,15548134
2020-09-15,42.4143755127408,42.82705662280207,41.86413636488256,42.68949508666992,12525341
2020-09-16,42.689495123013685,42.82705665926295,42.047547117742425,42.5977897644043,10517836
2020-09-17,42.001693477716074,42.460227256945146,41.72657390984565,41.81827926635742,12133041
2020-09-18,42.04754958614908,42.093405766480956,41.17633813320978,41.31389617919922,14227945
2020-09-21,41.543161047954,41.543161047954,38.97537250052747,39.29634475708008,23382228
2020-09-22,39.11293360657116,39.38805318034307,37.46220916726933,38.79195785522461,26901699
2020-09-23,39.158789509851516,39.25049487588076,37.46221225162679,38.10416030883789,23937482
2020-09-24,37.37050538183446,37.78318650903098,36.361732402763245,36.545143127441406,21988800
2020-09-25,36.86612037576578,38.379279905261086,36.22417231855468,38.10416030883789,21522463
2020-09-28,38.60854820431562,39.84659168015611,38.195870544037724,39.7548828125,21360150
2020-09-29,39.80073332306518,39.98414403556637,37.324650222613045,37.92074203491211,31387359
2020-09-30,38.19586875324729,38.19586875324729,36.95782533545173,37.645626068115234,32130906
2020-10-01,37.92074276943068,39.06707723644292,37.92074276943068,38.470985412597656,21969216
2020-10-05,38.60854681866966,39.25049487588076,37.96660225979403,38.10416030883789,21946326
2020-10-06,38.333423841673444,38.74610494908218,37.41635626891411,38.56269073486328,29879095
2020-10-07,38.51683761412839,38.74610450468868,37.87488962089256,38.05830383300781,13207267
2020-10-08,38.3792769494643,39.84658718127491,38.15001005371281,39.06707763671875,29261197
2020-10-09,38.97537014404315,40.763652532672126,38.470983700669585,40.62609100341797,27476445
2020-10-12,40.717801388547045,41.77242699196927,37.78318447344124,38.33342361450195,36830839
2020-10-13,38.333423151908185,38.65439889559947,37.78318401748756,37.8748893737793,19646627
2020-10-14,38.058304269512675,38.74610494908218,37.00367516150537,38.56269073486328,17707153
2020-10-15,38.42513102814078,39.2046370317778,36.68270131628332,37.0036735534668,22010503
2020-10-16,37.32465315754851,37.6914781097304,36.59099975484936,36.95782470703125,18306969
2020-10-19,37.59977174810608,40.21341301906715,37.18709062681347,39.98414611816406,43030607
2020-10-20,39.47975805558764,39.66317226863564,38.0124513478739,38.379276275634766,38021799
2020-10-21,38.700252720716996,39.709025663163835,38.19586624949358,39.02122497558594,30554283
2020-10-22,38.88366714103679,39.61732051196791,38.379277168832374,39.29634475708008,27573786
2020-10-23,39.34220145319073,40.03000215343298,39.25049259415727,39.571468353271484,27661343
2020-10-26,39.47975903069193,40.12170704304774,39.021225235914244,39.15878677368164,33556100
2020-10-27,39.15878701420546,39.52561195327961,38.0583052003125,39.342201232910156,21932525
2020-10-28,39.25049143261068,39.61731986121837,38.19586582245011,38.51683807373047,20409998
2020-10-29,38.287568372563136,39.84658383231053,37.645620418745395,39.3880500793457,37137960
2020-10-30,39.66317232322835,39.846586536528804,37.92074254437675,38.24171829223633,45661090
2020-11-02,38.6085457427558,41.49731017053611,38.379278835736265,41.1304817199707,61695399
2020-11-03,40.90121504456012,41.95584422215612,40.167561637610255,41.31389617919922,38365746
2020-11-04,41.03877658888495,41.543163087517016,39.80073668330302,41.31389617919922,35144741
2020-11-05,41.54316373804904,42.68949829758866,41.31389682614111,41.95584487915039,31843085
2020-11-06,41.81828331118402,42.551940227580765,41.35974948760377,42.0016975402832,25675306
2020-11-09,42.50608111301656,43.46900487474768,42.185108857996326,42.87290954589844,30062307
2020-11-10,43.10217777264579,44.75289877490984,42.64364396655381,44.202659606933594,39007158
2020-11-11,44.294364079298326,44.84460673455991,42.82705732860458,43.28559112548828,35470779
2020-11-12,43.19388484865339,43.331446395274156,41.634872644740454,41.864139556884766,30619367
2020-11-13,41.68072214948475,42.872909302067725,40.717801891565244,42.68949508666992,26724684
2020-11-14,43.23973801596185,43.28559069552771,42.551937327468295,42.78120422363281,2862425
2020-11-17,42.82705750945533,43.92753932629039,42.82705750945533,43.606563568115234,21494471
2020-11-18,43.23973666395022,45.7616724429045,43.10217513121867,45.486549377441406,52946624
2020-11-19,45.257281112208545,45.257281112208545,43.69826911311317,43.973388671875,27880377
2020-11-20,43.97339200650534,44.29436426634524,43.285591308275336,43.606563568115234,17592043
2020-11-23,43.881682755292424,44.20265851059699,42.82705712643942,43.01047134399414,20454971
2020-11-24,43.2855944644404,43.51486138056738,42.18511256736381,42.96461868286133,31404794
2020-11-25,43.60656115524181,46.4953253272985,43.37729426851779,44.98216247558594,95600102
2020-11-26,45.02801721937116,47.22898083224685,44.24851116807593,46.90800857543945,55805690
2020-11-27,46.90800850113428,48.14604834495621,46.40361852932847,47.0914192199707,61204165
2020-12-01,47.27483195754819,49.7050623877575,46.90800703302091,49.292381286621094,58316841
2020-12-02,49.47579949800215,50.667986721186516,48.650437229001604,49.61335754394531,61231380
2020-12-03,50.11774378883297,53.83186672461829,49.8426207208721,53.46503829956055,88098471
2020-12-04,54.0152854282592,54.79479152340018,51.90602705630516,54.1528434753418,73822092
2020-12-07,54.29040236349653,55.94112333604051,53.64845434685852,55.161617279052734,63605512
2020-12-08,55.16161401704259,60.66401926569182,54.93234713168221,59.79280090332031,134428758
2020-12-09,61.76450194916768,61.99376885098097,58.87573758698604,60.15963363647461,115081316
2020-12-10,59.56353893423577,61.26011962327164,57.683554517111865,60.847434997558594,69017267
2020-12-11,60.84743408069762,62.58986392633256,59.60939421555482,60.022071838378906,73246944
2020-12-14,60.847431901538286,61.90206100691611,60.664021186111846,61.44352722167969,40028589
2020-12-15,61.58108901977539,62.45230041677991,60.06792612269407,61.58108901977539,43111626
2020-12-16,62.08547518346262,62.26889290578448,60.205490757190766,60.89329147338867,33186305
2020-12-17,60.893292919279986,61.58109365180949,58.09623380832497,58.508914947509766,39697753
2020-12-18,58.64647196858772,58.92159154070608,56.8581895023156,57.86696243286133,38450486
2020-12-21,57.08746040224167,58.23379494847142,52.089441081012865,53.92357635498047,50895629
2020-12-22,53.32748448994224,55.02405821902811,51.53920189815675,53.92357635498047,52670734
2020-12-23,53.92357408563101,55.757709282409856,53.51089296668872,55.5284423828125,32358417
2020-12-24,55.986972557078985,58.004521842574675,55.57429146485611,55.803558349609375,39083563
2020-12-28,56.399659098120004,57.72940785782405,56.170392191217076,57.22502136230469,27299489
2020-12-29,57.775260240672836,58.875738589445945,56.949897980757655,57.17916488647461,41508873
2020-12-30,57.77526002291767,58.00452692777052,55.71185787924204,56.94989776611328,33108560
2020-12-31,56.94989739168931,57.36257851737828,56.078685957644645,56.35380554199219,22488846
2021-01-01,56.67477297345709,59.425979077283564,56.491358766757315,59.150856018066406,43369915
2021-01-04,59.70110038142213,60.801585718240304,58.967450486880665,60.34305191040039,40279407
2021-01-05,59.79280519423922,60.755728980523294,59.42598374867442,60.15963363647461,31735002
2021-01-06,60.52646211813425,62.08547425281189,59.33427142926033,60.067928314208984,47643226
2021-01-07,60.984992785234105,61.44352656557421,60.29719211472395,60.66402053833008,27985323
2021-01-08,61.44353002931876,61.58109157050957,59.88451788694459,60.11378479003906,22794827
2021-01-11,60.52646099639774,60.66402253436001,58.463058916975086,58.921592712402344,23307584
2021-01-12,58.600618792585074,65.75374160033186,57.86696194204528,64.88253021240234,81300070
2021-01-13,66.02886861503322,69.69713909364619,64.24058955537768,69.00933837890625,127567552
2021-01-14,69.1010405286961,71.4395656487508,68.50494520430271,69.88054656982422,73557480
2021-01-15,70.15567294456349,71.34786364947925,66.8083747315345,68.91763305664062,61065625
2021-01-18,69.1927474073411,70.70591034199549,66.07472317432057,66.99179077148438,58500838
2021-01-19,67.35861428267486,69.65128334602895,67.12934737633945,69.4678726196289,36969600
2021-01-20,69.55957348156768,73.64052834825821,68.82592362677194,72.86101531982422,61542233
2021-01-21,73.50296030939647,74.09905557387751,68.91762288518795,69.97225189208984,53482170
2021-01-22,69.83469880464303,70.93517712070063,66.94593447915366,67.26690673828125,45531180
2021-01-25,68.41324168020572,69.83469926135767,64.5615605521438,67.7254409790039,53420249
2021-01-27,67.45032544837694,69.2386044874644,66.0288678555952,67.90885925292969,72480794
2021-01-28,66.44154243489766,66.7625216807052,59.15085807543122,61.21426010131836,153754944
2021-01-29,62.314739822793904,64.33229271494211,60.89328925901153,62.40645217895508,72845577
2021-02-01,63.231805049821034,68.22982741713808,62.0854706073176,67.77129364013672,88439891
2021-02-02,68.7800634164663,70.56834226662649,67.26690062197008,68.45909118652344,73020753
2021-02-03,69.14690508718176,72.31078581269198,67.40447508032881,70.70591735839844,65076252
2021-02-04,70.70591065127783,76.20831625832935,69.78884305010259,75.24539947509766,95917593
2021-02-05,76.75855169462915,81.61901254364938,74.92441658128871,75.65807342529297,121275419
2021-02-08,76.57514317720988,78.04244991061275,73.45711199580977,74.23661804199219,44535603
2021-02-09,74.64930584015563,76.25417417887108,72.40248596795158,73.54882049560547,56527410
2021-02-10,73.4571147009098,74.37418231764194,71.53127410510645,73.09028625488281,43516962
2021-02-11,73.04443484165972,74.46588540618859,70.47664279454821,70.79761505126953,65851076
2021-02-12,71.02688685925138,72.9068783447982,70.61420921445864,71.85224914550781,48490727
2021-02-15,72.54004366540214,74.007350383686,72.08150987864654,72.95272827148438,39681236
2021-02-16,73.7322377845977,74.97027766785196,72.0815132758116,73.09028625488281,44803164
2021-02-17,72.99857735858234,78.40927743469663,72.58589974969944,77.21708679199219,109833018
2021-02-18,78.40927684906728,88.68043078384424,77.40050392636655,87.71751403808594,256891275
2021-02-19,87.99262943539104,91.56919431271184,81.29804045664869,83.63655853271484,184205581
2021-02-22,83.81997909815883,85.97508653462603,81.43560476426596,82.12340545654297,75628484
2021-02-23,82.81121118321936,84.00339492430783,78.91367369003729,79.64732360839844,68592567
2021-02-24,80.1517073052109,82.81120466709696,79.23463973191713,81.02291870117188,40874043
2021-02-25,82.4443775642057,83.13217825523633,81.61901533563484,82.49022674560547,52500068
2021-02-26,79.69317493169635,79.96829101056069,77.95074511220704,78.31757354736328,87811972
2021-03-01,78.31757532322563,79.1887867543899,76.02490629735058,76.43758392333984,51758155
2021-03-02,77.03367576155185,78.18001022228923,76.16246437005955,76.39173126220703,39147694
2021-03-03,77.12538280887067,79.69317485585006,77.12538280887067,78.50098419189453,55604904
2021-03-04,77.9507455910015,80.51853765619681,77.1712395344256,78.68440246582031,62171034
2021-03-05,78.13415538587464,78.68440153380634,72.90687295388678,73.96150207519531,100394468
2021-03-08,75.19953817732254,76.5751394854443,74.00734757828234,74.46588134765625,49714873
2021-03-09,75.19954561874196,75.79564097724908,72.12737045926166,73.64053344726562,35236058
2021-03-10,74.60344974297695,75.10783973437137,73.04443758230991,73.36540985107422,36342485
2021-03-12,74.05321204420531,74.19077358975163,70.24737993300177,70.9351806640625,54547934
2021-03-15,71.48541355292924,73.09028178404272,69.6971346083566,72.31077575683594,74971277
2021-03-16,72.90687107058356,73.31954867420178,70.06396303194516,72.31077575683594,65198270
2021-03-17,72.17322639436163,72.44834950761609,68.09227786000626,68.64251708984375,47739117
2021-03-18,69.60543046398828,70.56834722142595,65.02009258094124,65.9830093383789,61825454
2021-03-19,64.97423425849061,68.18397067066262,63.782050646257375,67.58787536621094,63657565
2021-03-22,67.67959041329074,68.45909645938252,65.79959906977194,66.44154357910156,43215479
2021-03-23,66.85422253525371,69.55956887720257,66.76251718405828,68.0922622680664,66644024
2021-03-24,68.18397725536349,68.91763416195055,65.43277435066823,65.845458984375,53558041
2021-03-25,66.02887211087747,66.30399521000788,62.36060143805095,64.24059295654297,57493782
2021-03-26,65.47862552888213,65.93715931130194,64.37814025307244,64.88253021240234,34963255
2021-03-30,65.93716067955008,68.04641192444764,64.97423691781896,66.25813293457031,83791456
2021-03-31,66.12056917848707,69.19274408200603,65.75374075791687,67.95470428466797,54265324
2021-04-01,68.59665714762997,69.69713543477407,67.40446650599861,69.33030700683594,38540206
2021-04-05,68.87177824569224,69.37616824548925,64.9283915985068,66.67081451416016,37343942
2021-04-06,66.85422867570303,68.13812470037205,65.84545572655966,66.8083724975586,38056228
2021-04-07,66.8542260196275,69.28445643465122,66.25813071078468,67.95470428466797,40294171
2021-04-08,68.22983463633993,69.33031301891359,67.17520543831546,67.40447235107422,38186842
2021-04-09,67.3127598296088,70.9810300437927,66.8542260528358,67.86299896240234,57888088
2021-04-12,66.02886404314752,66.02886404314752,58.00452292679278,60.6181640625,77084143
2021-04-13,61.58109056680108,63.552787300611044,60.801584508319145,63.18595886230469,49363120
2021-04-15,62.13133310929202,63.64449612678608,60.80158781927443,62.63572311401367,51164588
2021-04-16,62.63571805697043,63.736196346295905,61.48938359031044,61.76449966430664,36225190
2021-04-19,59.60939681922406,59.60939681922406,57.316727710792364,58.508914947509766,49914615
2021-04-20,59.56353631280473,60.343049350398935,57.50013776339835,58.00452423095703,36714142
2021-04-22,56.90404219882772,58.875735381563345,56.62892262662451,57.821109771728516,45762152
2021-04-23,57.4084324932356,59.56354003395798,57.3167271291631,57.729408264160156,45619019
2021-04-26,58.23379133311576,59.105002735494224,57.95867175876808,58.27964401245117,34891753
2021-04-27,58.60061788476072,60.11378074263863,58.279642143038245,59.88451385498047,45483876
2021-04-28,60.52646403295088,62.498160851540256,60.29719712373515,62.13133239746094,47954929
2021-04-29,62.773272130707205,63.96546276587185,61.03084935162541,61.305965423583984,50981272
2021-04-30,59.97622028512013,62.727422986302976,59.65524803598286,61.21426010131836,51182287
2021-05-03,60.480603283739185,61.397670851326865,59.01329657493296,61.122554779052734,44344732
2021-05-04,61.62694101441851,66.90007980794901,61.489386469315114,64.56156158447266,117824041
2021-05-05,66.12057136099568,66.90007740751847,64.9742368817944,66.34983825683594,66540783
2021-05-06,66.94593226933608,66.94593226933608,64.28643493053526,64.79082489013672,38260232
2021-05-07,65.20351021994657,65.75374942499447,64.05717562748383,64.69912719726562,26413730
2021-05-10,65.43277151019613,68.22983047388279,64.83667617405482,67.35861206054688,50589470
2021-05-11,66.48740166014794,68.41324223993534,65.24936178718964,67.90885925292969,56166002
2021-05-12,67.90885827812586,73.31955149684347,67.77129673940055,70.98103332519531,128513179
2021-05-14,71.80639224131812,72.95272668325059,67.26690365326343,67.86299896240234,86863950
2021-05-17,68.59666587361536,71.3020127550417,67.67959818544762,70.70591735839844,73000338
2021-05-18,71.89809630721268,72.08150701596271,69.97225587865708,70.38493347167969,53617303
2021-05-19,70.24737545158993,71.7605383627259,69.83469783794848,70.33908081054688,54818016
2021-05-20,70.61420395795037,71.16444310893797,69.60543101502802,70.15567016601562,57767243
2021-05-21,71.07273437678519,74.4200322983807,70.70590596131292,74.09906005859375,136879510
2021-05-24,75.47466536793881,76.43758213831728,73.68637937151519,74.60344696044922,129796622
2021-05-25,75.29124719899467,75.61221945385566,73.77808428702669,74.14491271972656,55767882
2021-05-26,74.60345013503084,75.47466857959317,73.36541023662198,73.9156494140625,54711508
2021-05-27,74.19077161293708,77.21709055096545,73.18199863359429,76.62100219726562,106192011
2021-05-28,77.40050047184162,77.5839111780848,75.0161263073306,76.89611053466797,93311026
2021-05-31,76.11660523128789,76.57513899774143,72.54004045361627,74.0073471069336,129974240
2021-06-01,74.3283212656585,74.51173196104864,72.26491945750638,72.76930236816406,59105829
2021-06-02,72.58589709122522,75.06197664717635,72.08150714624588,74.46588134765625,51078156
2021-06-03,75.1536830754805,75.93319609188956,74.74100547581584,75.01612854003906,42158361
2021-06-04,75.29125575246591,75.97905651816446,74.42004424791625,75.0619888305664,38123227
2021-06-07,75.74977927628426,77.12538062027248,75.06197860429015,76.02490234375,48213715
2021-06-08,76.1166068035916,76.2541683357032,73.54881485974212,75.01612854003906,44246218
2021-06-09,76.11661807063841,79.09708805533208,74.42004424791625,75.0619888305664,103136300
2021-06-10,75.7497845275072,78.2258713163386,75.06198380783249,77.72148132324219,59937914
2021-06-11,77.72148081177845,78.77610997434026,77.2170908220013,77.44635772705078,37977268
2021-06-14,77.03368052243796,78.73025422984799,74.28247764663661,77.90489196777344,78345224
2021-06-15,77.49221080044363,79.28048978947801,77.12538236773467,78.04244995117188,41494997
2021-06-16,77.95074421397668,79.7848793719526,77.12538199355343,77.40050506591797,54675510
2021-06-17,76.75855905396845,77.58392133343851,74.55760230427614,75.10784149169922,50972723
2021-06-18,75.79564036780953,76.0249072733403,70.66006308325422,73.54882049560547,67649503
2021-06-21,71.80639251831839,75.93319652519484,70.98103031760907,75.56636810302734,59884792
2021-06-22,76.30002880948955,77.2170964970876,74.69516035619294,75.0619888305664,43437619
2021-06-23,75.70393732270632,76.71271033859252,74.51174657877752,75.47467041015625,48368946
2021-06-24,75.61221945385566,76.0249040643944,73.86979664270447,74.14491271972656,28655724
2021-06-25,74.83271212868803,77.03367569061096,74.28247298737486,76.57514190673828,49628774
2021-06-28,77.26293927454019,81.06877091707112,77.21708309944813,80.5185317993164,129796104
2021-06-29,80.65609297817716,81.527311400034,79.23464238989057,79.8765869140625,63682439
2021-06-30,80.01413989236248,80.74779669577413,78.45512793094998,78.7761001586914,37370434
2021-07-01,79.18878183951185,79.78487714857663,78.22586510641044,78.91366577148438,31593866
2021-07-02,78.95951749747692,79.28048975219491,77.72147765975299,78.1341552734375,34228365
2021-07-05,78.7761041384325,79.60146633480016,77.58391352182697,79.18878173828125,31309297
2021-07-06,79.32634645874738,79.96829097246213,78.1341557942252,78.4092788696289,38145342
2021-07-07,78.18000893007077,79.14293265984236,77.62976979734566,78.91366577148438,23304711
2021-07-08,78.8678108261017,79.78487839384708,75.93319740798464,76.57514190673828,45235131
2021-07-09,76.62100215721541,77.17124132778109,75.56637299890667,76.71270751953125,31246359
2021-07-12,77.40050418832186,77.62977108046934,76.11660819296195,76.39173126220703,24224250
2021-07-13,77.3088071923351,77.85904639366755,76.98782791127604,77.67562866210938,24138879
2021-07-14,77.49221398780891,78.08830934089542,77.07953635695631,77.26294708251953,34885927
2021-07-15,77.44635322644818,77.81318165254419,76.48343647920024,76.75855255126953,30304299
2021-07-16,77.03367373943627,77.12537909455396,74.64929952302583,74.9244155883789,48457529
2021-07-19,74.64931005626477,74.83272079237994,72.99858544454382,73.50297546386719,28260629
2021-07-20,73.36540128632168,73.8239350443612,71.89809465992924,72.35662841796875,27131176
2021-07-22,73.36540976984912,74.60344966038119,73.09028668454391,73.54882049560547,25556770
2021-07-23,73.45711878460442,73.91565261846172,72.44834574945259,73.22785186767578,23717707
2021-07-26,73.18200272749263,73.54882419746818,72.4483457941994,73.13614654541016,21809569
2021-07-27,73.27370448809451,74.37418283719235,72.6776091337204,73.36540985107422,25418706
2021-07-28,73.36540448496946,73.50296601771281,70.52249646051094,71.5771255493164,30360309
2021-07-29,71.94395261461914,74.42003940810758,71.16444653018918,73.9156494140625,33487296
2021-07-30,73.91564953811222,74.74101180399354,73.18199963251719,73.64053344726562,23749505
2021-08-02,74.23661811556667,74.97027498133042,73.64052978338783,74.05320739746094,17536889
2021-08-03,74.19077072752555,76.1166113008639,73.86979846474759,75.79563903808594,38355785
2021-08-04,76.25416965736146,76.94197033317049,74.144911452879,76.57514190673828,65116528
2021-08-05,76.75855526329339,76.75855526329339,74.0990648226407,75.61222076416016,47819469
2021-08-06,75.52051283922906,77.5839148676051,75.33710212426375,76.48343658447266,48295324
2021-08-09,78.18000402012204,78.31756554383158,73.91563876514508,74.42002868652344,56479849
2021-08-10,75.19954325226931,76.16246703160682,71.11859522810096,71.62297821044922,49698860
2021-08-11,71.98980536956115,74.37417968947368,71.07273778523553,73.96150207519531,40957244
2021-08-12,74.0532083590843,75.19954285380696,73.45711302249441,74.786865234375,26238192
2021-08-13,74.74100801128868,75.107836443807,73.18199591892383,74.23661804199219,16845526
2021-08-16,74.1449154949668,74.97027775026717,72.5859033434766,72.90687561035156,19778854
2021-08-17,72.72345999439405,73.09028141948274,70.47664028403975,71.5771255493164,26249389
2021-08-18,71.80639283075514,72.99857646214909,71.16444134000128,72.21907043457031,29876996
2021-08-20,70.88932098803927,71.76053231977112,67.49616701900668,68.00055694580078,37053960
2021-08-23,69.05519640498532,69.14690177006857,66.48740420262922,67.12934875488281,31136268
2021-08-24,67.26690500547696,69.37616321970154,66.94593275461764,69.23860168457031,25626609
2021-08-25,69.6054373278097,70.1556765287006,68.68836966076786,68.87178039550781,22570604
2021-08-26,68.87177183775842,69.37616179062623,67.81714275237037,67.95470428466797,16730240
2021-08-27,67.86299593365057,68.91762497249397,67.17519529918789,68.36738586425781,18449906
2021-08-30,68.73420904369947,70.75176182146411,68.55079833511633,70.56834411621094,21909937
2021-08-31,70.43079765928714,71.94395367028407,69.69714074748735,70.9351806640625,26501208
2021-09-01,70.79761994621742,72.2649337869715,70.43079848269984,71.85224914550781,19437409
2021-09-02,72.17321789080908,72.4024847926181,71.34786264163311,71.89810180664062,23249453
2021-09-03,72.03565609738901,73.64052424853811,71.76053304423836,72.63174438476562,24039114
2021-09-06,72.99857288055611,73.54881199086954,72.173210716751,72.35662841796875,14905577
2021-09-07,72.44834045035701,72.67760735051637,70.33908217022271,71.62297821044922,16964984
2021-09-08,71.5312626826067,73.82393135833128,71.21029046733916,72.76930236816406,28788968
2021-09-09,72.72346088745999,73.13613849408767,72.21907092676369,72.58589935302734,11453820
2021-09-13,72.21907764958878,72.44834456276209,71.5312769100689,71.76054382324219,10280673
2021-09-14,72.17321429237818,72.4941935362438,71.62297515480464,72.12736511230469,12162777
2021-09-15,72.12736390272877,75.06197725168772,71.94394619550002,74.5575942993164,38935049
2021-09-16,74.51173485678454,79.37219543687965,73.7322288760783,78.7761001586914,83100665
2021-09-17,79.37220792350769,79.46391328919354,74.51174657877752,75.47467041015625,63908701
2021-09-20,74.64930832855993,75.33710906807983,71.5312769100689,71.76054382324219,30466537
2021-09-21,71.98980357874375,72.54004271631729,70.52249687965754,72.12736511230469,24543270
2021-09-22,72.54004708417767,73.50297088041467,72.03566409297738,73.09028625488281,20402969
2021-09-23,73.5488165609321,74.37417877602228,72.86101588113534,73.04443359375,20391244
2021-09-24,73.41126008077093,73.54881461575606,71.25614574373535,71.39370727539062,23102595
2021-09-27,71.66883442768729,72.99857965065837,71.34786216662569,71.5312728881836,25777269
2021-09-28,71.89809857352913,73.09028221132357,71.71468086232748,72.86101531982422,22838831
2021-09-29,72.40247984095689,75.19953865040208,71.66883000334526,74.9244155883789,53912004
2021-09-30,74.87857051875545,76.75855489019362,74.51174208148174,74.97027587890625,37128256
2021-10-01,74.69515316485356,76.57514454210028,73.36540794452722,75.61222076416016,39414564
2021-10-04,76.07075633650298,77.67562467268803,75.88734561103583,77.35465240478516,37506487
2021-10-05,76.98782309021573,77.85904151805062,75.79563939476307,76.43758392333984,27059658
2021-10-06,76.75855952309999,78.68440718585744,75.19954731642778,75.47467041015625,37820587
2021-10-07,76.48343700288457,77.81318218533332,76.20831393226122,77.03367614746094,25229829
2021-10-08,77.7214802878871,81.52731228538916,76.43758422893006,80.79365539550781,81657382
2021-10-11,82.26096177478321,82.71949557954046,79.87658738937961,80.24341583251953,73810234
2021-10-12,80.19756004706305,81.38975074395258,79.14293788828073,80.79365539550781,50251340
2021-10-13,81.57315738605269,81.75657509767987,80.2892683880139,80.56438446044922,37149033
2021-10-14,80.93121383022255,81.93998676758247,80.79365229406656,81.3897476196289,35030330
2021-10-18,82.9946199036589,85.74582277339346,81.84828537460284,85.33314514160156,109088221
2021-10-19,86.66288663675876,87.02971506947594,81.20633731385323,81.93998718261719,80356848
2021-10-20,81.71071895124076,85.37898922511619,79.6931730992774,84.55362701416016,76835176
2021-10-21,85.60825528835602,87.94678036397762,83.81997634582437,87.53409576416016,130557379
2021-10-22,88.22190386725167,89.322389229486,86.02094713612462,86.70874786376953,82861993
2021-10-25,87.57995692435942,91.89017190102614,86.29606086854254,88.49702453613281,142700372
2021-10-26,88.86384857072653,94.82478775147008,88.49702014488517,91.61505126953125,148211296
2021-10-27,92.53211351395753,95.14575452816842,90.6979784869085,94.09112548828125,70719485
2021-10-28,91.89016550202557,93.03649993691447,89.32238056587653,89.689208984375,62486211
2021-10-29,88.86384626205187,92.76138331743422,85.28728144719051,89.4140853881836,76217130
2021-11-01,90.23945306271152,91.15652066091657,89.1848239254416,90.8355484008789,30772894
2021-11-02,90.74383513047407,94.27455094536674,90.60628058946408,93.8160171508789,61862153
2021-11-03,94.18283718858345,95.69600008722584,91.8901682502375,92.53211975097656,69238647
2021-11-04,93.86185860990012,94.68722077140616,93.54088637950052,94.09112548828125,10830881
2021-11-08,94.45796073689046,97.57599190812189,93.0365031892691,96.88819122314453,66190588
2021-11-09,97.39258219016945,98.30964984543158,96.01698070727626,97.53014373779297,53688615
2021-11-10,96.56721789532354,99.04329753503119,91.01895629955413,92.34870147705078,113046964
2021-11-11,93.81602395430848,94.5496738806902,91.93603246190537,92.89895629882812,52639047
2021-11-12,93.77016358295342,94.22869739020503,91.52335072608881,92.9448013305664,25655521
2021-11-15,93.5408986840336,93.95357632073602,89.87262814740484,90.69799041748047,25227908
2021-11-16,90.78969769145166,91.66090916355985,88.08435091244547,88.7262954711914,29306507
2021-11-17,88.03848812387602,90.6521293407195,87.57995433156417,89.45994567871094,36609592
2021-11-18,89.78092425089669,90.51457417221232,87.7175220403143,88.26776123046875,33211505
2021-11-22,88.49701513055503,88.86384353561151,82.03168635602786,83.31558227539062,48614287
2021-11-23,82.53608258370177,86.02094220257068,81.98584343247784,85.65411376953125,39536347
2021-11-24,85.97508189442078,87.35068320473151,85.103870529892,85.6082534790039,30226185
2021-11-25,85.51655586758224,85.8375281363838,84.41607751835672,85.33314514160156,31171968
2021-11-26,84.37021721320238,84.37021721320238,80.70194689958488,81.48145294189453,51003702
2021-11-29,80.79364998908308,81.2521837654078,77.99659815150434,79.09707641601562,33701300
2021-11-30,79.28048665968853,81.38974481699418,78.13415222564636,78.63854217529297,30142735
2021-12-01,79.41805010478512,80.65608992404876,78.5926878930526,80.28926849365234,30727942
2021-12-02,79.87658778149144,81.06877847838098,79.28049243304667,80.79365539550781,21585217
2021-12-03,80.51853217859714,83.08631707243796,80.28926529539689,81.25218200683594,28211821
2021-12-06,81.8024317362208,82.4902324750231,79.55561878813492,79.83074188232422,24712723
2021-12-07,81.11462551053366,82.53608307324099,80.51853717456328,82.12340545654297,21988255
2021-12-08,82.7653480888532,84.64533940366702,82.39851966197853,84.46192169189453,29858717
2021-12-09,84.69119266665928,85.19558265250994,83.45315278836382,84.5994873046875,21178261
2021-12-10,84.5536288013455,86.8462977709771,83.59071203210249,86.38776397705078,33983368
2021-12-13,87.12142416672721,87.3965472522378,85.14972737835662,85.42485046386719,22565314
2021-12-14,84.64534344432406,85.3331441537958,83.45315274923811,84.69119262695312,16368468
2021-12-15,84.2785132709256,85.33314240314687,82.49022726498421,82.76535034179688,19024060
2021-12-16,83.45314970920087,84.09509421598813,80.70194697153491,81.29804229736328,18541507
2021-12-17,81.06878379561647,81.25219453178124,77.62978001749364,77.85904693603516,29601923
2021-12-20,76.75856150827367,76.804417690638,72.54005160758479,73.50297546386719,34196245
2021-12-21,74.09906166280727,75.42880682642881,72.03565965235785,72.40248107910156,27610330
2021-12-22,72.90687958330989,75.06198720310496,72.1732226504698,73.22785186767578,39202046
2021-12-23,74.09905992949317,75.19953817732254,73.5488138089084,74.46588134765625,23073036
2021-12-24,74.64930127152128,74.87856816302063,72.31077617955984,72.86101531982422,23406108
2021-12-27,71.9898119155953,73.45711878460442,70.66006659607756,73.22785186767578,26525913
2021-12-28,74.28247073551984,74.46588144484073,73.45710855023559,74.19076538085938,20504216
2021-12-29,73.82394042832809,74.6493026523267,73.7322350693661,74.23661804199219,19184063
2021-12-30,73.86980393276863,73.91565311846188,72.99858544454382,73.50297546386719,20421280
2021-12-31,73.45711287401143,75.47466577864743,73.45711287401143,75.1536865234375,22468020
2022-01-03,74.83271264204711,77.12538157713844,74.83271264204711,76.85026550292969,21177306
2022-01-04,77.12538154124914,77.62977150540266,76.20831396763936,76.94197082519531,24456776
2022-01-05,76.85027389378668,78.73025842782451,76.52929461049168,77.85904693603516,33925654
2022-01-06,76.52929568906393,80.0600118817007,76.34588495031423,79.41806030273438,34206729
2022-01-07,79.8765873502525,81.20633958139953,79.32634818414745,80.33512115478516,39877581
2022-01-10,80.7936553491198,84.78289806846644,80.42682690438976,84.50778198242188,42535778
2022-01-11,84.55362701416016,85.2414276905118,83.72827179987442,84.55362701416016,27427262
2022-01-12,84.92045238635923,85.74581456762762,84.4619186186179,85.05801391601562,23947845
2022-01-13,84.92045734583284,86.80044870203442,84.55362891088248,86.1126480102539,25289041
2022-01-14,85.37899062232427,86.75459199753897,85.24142908546872,85.8375244140625,17230925
2022-01-17,85.42485085001775,86.84630147379265,85.42485085001775,85.97509002685547,14506863
2022-01-18,86.06679408624768,87.94678549168677,84.09509731883684,84.5994873046875,36750278
2022-01-19,84.59948284882631,88.35945846499564,83.91168217525862,87.90092468261719,35333475
2022-01-20,87.99263447244795,89.41409206809618,87.6258130254025,88.68043518066406,37096905
2022-01-21,87.6716586170572,87.76336397506246,83.95753914281688,85.01216125488281,39203300
2022-01-24,84.64533985848564,85.83752350639637,83.1780261431027,84.92045593261719,56181631
2022-01-25,84.37022190771732,91.43163985567318,83.95754427314135,90.33116149902344,65620823
2022-01-27,88.95555689714956,95.37503007529438,88.13019466062542,94.91649627685547,94518500
2022-01-28,95.78770777224535,97.66769914602484,94.22869565496762,94.73308563232422,56977661
2022-01-31,95.32916654295677,99.41012123225487,94.5038113667722,98.630615234375,61044762
2022-02-01,99.59354605201322,100.23549760927864,93.90772938292513,97.34673309326172,86624214
2022-02-02,97.98867654795703,101.06085176185098,97.39258117889202,100.32720184326172,47769665
2022-02-03,100.05207520270983,102.61986731838746,99.50183603411338,100.46475982666016,54520992
2022-02-04,100.6940240458332,102.11547461042753,97.34672594748133,97.71355438232422,45581685
2022-02-07,99.77696147267883,107.48032400826213,99.27257147483124,103.5827865600586,177298544
2022-02-08,104.54570709256218,108.48910059735337,102.25303807737441,108.16812133789062,115380004
2022-02-09,108.67250865057764,108.94763172431055,105.00423831638092,105.32521057128906,61784484
2022-02-10,105.82959644010772,106.74666398812136,104.17887205501512,105.1876449584961,40178477
2022-02-11,104.2705806622025,105.87544892127482,103.17010236893533,104.13302612304688,33757340
2022-02-14,99.96037029241722,101.24426635605764,96.52136672731113,97.30087280273438,50506830
2022-02-15,97.75939916783855,101.33596400255695,95.42088111962778,101.0149917602539,61851795
2022-02-16,101.8403547269512,102.02376543918503,97.80525608777523,98.12622833251953,45599684
2022-02-17,99.1350075545582,99.31842527513948,96.65892779841138,96.93404388427734,29911159
2022-02-18,96.56721844620532,98.76817502886989,96.29209537503708,96.61306762695312,31422298
2022-02-21,96.61306628277133,97.30086695445219,94.27454819705854,95.14575958251953,40170256
2022-02-22,92.80723535392254,97.02575177637654,90.83554567430157,96.15453338623047,51955994
2022-02-23,96.29209761829775,99.91451182527027,96.15453607950893,98.81403350830078,62092144
2022-02-24,94.27454904327517,96.8423340425969,91.79846240499634,92.16529083251953,70341673
2022-02-25,95.37502573491855,99.63939126566962,94.50381435620035,97.94281768798828,61465709
2022-02-28,95.83356302667346,99.04329958737544,95.46673459183057,97.71355438232422,41283452
2022-03-02,97.16331643718148,97.57600108498244,93.3116350377322,94.54967498779297,47475131
2022-03-03,95.8335551633118,96.56721197279937,93.67844790586317,94.09112548828125,41511333
2022-03-04,92.21114349365234,94.5955176866302,91.75260972590006,92.21114349365234,47496069
2022-03-07,89.96432818161979,92.16529177253685,83.45314976418759,85.10387420654297,84678404
2022-03-08,85.92922930764138,90.37701266074717,84.55362793987761,89.36823272705078,72203819
2022-03-09,89.87262407259632,90.97310238502115,88.68043340357737,90.65213012695312,51266334
2022-03-10,93.72430783852064,96.704777599488,92.80724021976145,93.40333557128906,71291981
2022-03-11,93.3574850605089,96.01697551974748,92.57797199831424,95.74185943603516,40767554
2022-03-14,96.24623708034072,98.58476214381558,94.96234810092021,98.0345230102539,45750608
2022-03-15,98.49306358538257,99.86866501256202,96.52136680709123,97.11746215820312,46827034
2022-03-16,98.58476250480469,99.68524077595767,98.08037254913526,98.76817321777344,27985666
2022-03-17,100.64817638029851,100.69403256228368,98.53891794905891,98.99745178222656,32425892
2022-03-21,98.95159779103886,99.36427542217844,96.97990100484499,97.6677017211914,24879006
2022-03-22,97.39257155756606,98.53890600149538,94.91649195734684,97.94281768798828,32477182
2022-03-23,98.3555060712029,100.09793601632063,97.1174661353751,97.43843841552734,27104882
2022-03-24,96.7047815359963,99.04330685769357,96.33796007089717,97.34673309326172,26545928
2022-03-25,97.89697031820974,99.96037250290269,97.48429267993949,99.50183868408203,40572355
2022-03-28,99.91450777174076,103.03253887221652,98.40135189646405,102.66571044921875,46409385
2022-03-29,103.17010823822751,103.7203474161639,101.51938370774756,102.29889678955078,32359109
2022-03-30,103.39936564261453,105.41691144185117,102.75742116013109,104.54570007324219,100828273
2022-03-31,103.53693248901469,103.995466284806,101.84035884392088,102.34474182128906,28030563
2022-04-01,102.34474570991458,106.74667311543227,102.11547880330782,106.37984466552734,30941452
2022-04-04,106.56325535106616,107.29691225059321,105.64618772499271,106.47154998779297,29356607
2022-04-05,106.74667311543227,108.07641837508307,105.0042432258869,106.37984466552734,28093579
2022-04-06,106.0588683750835,110.91932241289162,105.60033457925233,109.95640563964844,36964790
2022-04-07,109.91054845344804,112.43248430739173,108.16811864593468,109.314453125,44284867
2022-04-08,109.86470076026907,110.82761753772321,108.168120110938,110.32323455810547,27463874
2022-04-11,110.73591217749004,112.52419119038377,109.68128304313221,110.32323455810547,17762107
2022-04-12,109.95640966839123,110.87347729365443,107.388617518986,110.18567657470703,23810157
2022-04-13,110.82761240447333,111.37785153705724,109.2227441863793,109.54371643066406,18304816
2022-04-18,108.8559147679691,108.8559147679691,103.8578994475287,104.45399475097656,41375448
2022-04-19,105.46277861124102,107.02179080073886,102.3447472355745,103.67449951171875,29839721
2022-04-20,104.31643944147682,105.00424014109096,102.16133198201997,103.26181030273438,21822195
2022-04-21,104.1330225096339,105.00423387851687,103.62863256133106,104.45399475097656,19921166
2022-04-22,103.58278527310675,104.49985289658417,101.97791693202126,102.20718383789062,17387240
2022-04-25,101.19841097276368,103.17010776493888,100.0062272588157,101.93206787109375,24586074
2022-04-26,103.53692854740163,106.28813121741229,103.21595630190109,105.92130279541016,28059744
2022-04-27,104.54570937237287,106.88423461752845,103.44523101975304,106.47154998779297,21756038
2022-04-28,107.06763717249488,107.11349334896703,105.23350206033223,106.1047134399414,20065882
2022-04-29,106.93008123531946,107.61788193837255,102.98669473581742,103.53693389892578,18089520
2022-05-02,102.16133600678201,103.85790973333455,101.65694600852575,103.39937591552734,14526547
2022-05-04,104.36229577065913,105.69204099316303,98.6306232656069,99.18086242675781,31618133
2022-05-05,100.60231064857777,101.3359675106716,96.65892425566699,97.07160186767578,26515557
2022-05-06,95.55843803074123,97.02575174062119,93.54089217466174,96.2462387084961,25132051
2022-05-09,95.32917751470067,96.15453978254884,93.17406997958156,94.6872329711914,19017700
2022-05-10,94.45796022320738,96.38380073133676,91.89016821458797,92.62382507324219,16040305
2022-05-11,93.54089671947338,93.81601980261068,89.1389693693005,92.85309600830078,26776508
2022-05-12,91.7067570618166,91.98188013167018,87.4882476363071,88.08434295654297,24799413
2022-05-13,89.87262460809005,91.06481528421251,86.2043542159231,87.12142181396484,31856215
2022-05-16,88.0384897420363,92.11943776995206,86.66288833981699,91.56919860839844,38507596
2022-05-17,92.39455557003676,94.32039602377546,91.24822113368396,93.67845153808594,27647316
2022-05-18,93.6784563989467,94.18283937911166,90.8813974304418,91.2023696899414,20090443
2022-05-19,89.41409995251236,89.78092842857487,87.35069764591593,88.3136215209961,18567831
2022-05-20,90.0560351941067,91.6609034882753,89.87262447344135,91.2023696899414,17897990
2022-05-23,91.6609017852118,92.62382554249,88.81799368769718,89.0931167602539,18586212
2022-05-24,89.18481713902811,90.19359002095818,87.35068208218435,87.85507202148438,20019543
2022-05-25,88.26775544516542,89.50579529103625,85.28728578078321,86.1126480102539,30311221
2022-05-26,87.02971550609642,90.78969121780266,84.87460807349278,90.19359588623047,36341295
2022-05-27,91.0648148174276,91.56919779576286,90.01018568575138,90.46871948242188,22370919
2022-05-30,91.52335126958138,93.54089723480098,91.3857897272549,93.12821960449219,25342786
2022-05-31,92.94480049439957,93.95357346194366,91.43163754474813,91.93602752685547,17234246
2022-06-01,92.62382949467788,93.99943092281666,91.7067618759187,93.40333557128906,20994336
2022-06-02,93.54089889061318,97.07160789058157,93.54089889061318,95.05406188964844,44232880
2022-06-03,96.01696959024359,96.38379800921052,93.54089000638957,93.67845153808594,16672450
2022-06-06,93.54089003968183,93.95356763824765,90.97309810266955,93.58674621582031,18544374
2022-06-07,92.99065444030663,94.68722807179897,92.53212064819138,93.44918823242188,17522351
2022-06-08,93.90772738597215,96.6130741152392,92.9906597493839,94.96235656738281,31448826
2022-06-09,94.64137104717263,96.61306773496172,93.95357036515344,96.33795166015625,25588925
2022-06-10,94.45795626447708,96.70476893035244,94.36625091015625,96.38379669189453,15753322
2022-06-13,93.72430603312527,94.41210673394568,90.33115870774617,91.66090393066406,22147285
2022-06-14,90.8813913691687,93.67845015112565,90.8813913691687,92.21114349365234,18606407
2022-06-15,92.62382412240811,93.6325970451993,91.15651741683274,91.7984619140625,15884977
2022-06-16,93.1740609128655,93.67845085987715,89.00140779275232,89.4140853881836,24322328
2022-06-17,90.59493934438038,91.5396206572366,88.89451009830061,89.79196166992188,21919900
2022-06-20,90.31153317334002,90.68940714457841,84.87961555790955,86.10770416259766,21703028
2022-06-21,87.00515282003782,91.96473001735501,86.67451578168605,90.73664855957031,28648481
2022-06-22,90.31153396363835,91.25621529632777,88.98897865640386,90.16983032226562,19542639
2022-06-23,89.93366547403365,92.43707259980953,89.1779246861984,91.11451721191406,27634072
2022-06-24,91.91749861559188,94.79877242052189,91.49238768193723,94.4208984375,38285373
2022-06-27,95.50728002978315,96.12132432937622,94.0902580494975,94.46813201904297,14457696
2022-06-28,93.9485592936572,96.16856627738287,93.9485592936572,95.9323959350586,16394684
2022-06-29,94.75154195015226,96.1685639701006,94.18472737629556,95.55451965332031,16413604
2022-06-30,95.3655772843331,96.6409028444235,91.68132586692793,92.011962890625,24612161
2022-07-01,92.20089733979486,92.38983793219724,90.31153465985092,91.58685302734375,32287305
2022-07-04,91.6340981791901,94.42090549860801,91.5868612250248,93.0038833618164,23659060
2022-07-05,93.14558073700773,95.17664710427553,93.0038770914129,93.19281768798828,19396972
2022-07-06,93.57068822813325,95.12940665023756,93.24004399813872,93.94855499267578,24812084
2022-07-07,95.12941081625675,99.94729155597632,94.94047742571149,99.19154357910156,65399001
2022-07-08,99.99452453651097,100.41963549001787,98.19962843884728,99.75835418701172,19420027
2022-07-11,99.09707553566768,103.86771205182876,98.62473485838362,103.4898452758789,34213586
2022-07-12,102.7813324381446,104.38728782950604,102.12005117726011,103.20643615722656,29735635
2022-07-13,103.44260954002876,104.38729090569112,102.16729113785394,102.45069122314453,15508962
2022-07-14,102.02558080943237,102.02558080943237,97.96344832019234,99.3804702758789,33537636
2022-07-15,100.13622366025857,100.5140976438421,97.58558688392654,98.29409790039062,15017788
2022-07-18,99.28601154715095,102.30899628605565,98.4830338160197,102.02558898925781,22589938
2022-07-19,101.64771770798642,106.74899873502333,101.12814725979061,106.46559143066406,41577121
2022-07-20,107.4102656894447,108.07154695317257,105.09579928476386,105.85154724121094,25996979
2022-07-21,105.2847351874531,107.97708284207545,105.00133510251963,107.64643859863281,21547010
2022-07-22,108.44942403794235,110.0081425308258,107.36303902218505,109.67750549316406,32483787
2022-07-25,109.2996340916512,110.2443154829614,107.92984895719023,108.8272933959961,20171737
2022-07-26,109.58303348393912,110.43324811623208,108.26047819007744,110.05537414550781,28833389
2022-07-27,110.2915503278091,112.18091307432404,109.58303929786601,111.70857238769531,18506988
2022-07-28,112.3226106487775,113.22005502191074,110.05537403407405,110.66941833496094,26055143
2022-07-29,111.89750231161253,113.12559094172651,109.20516192273597,109.81920623779297,25401430
2022-08-01,111.00006222253243,111.94474360314973,107.07963305150126,109.86644744873047,41880847
2022-08-02,109.86644317225785,116.71538291514318,109.53579893603431,115.01495361328125,70155980
2022-08-03,114.77878720802993,115.62900188807731,112.55878741543454,114.35368347167969,23838755
2022-08-04,114.73154788350989,115.53453280254895,109.67750406684421,112.0392074584961,32572271
2022-08-05,112.51155210189897,113.83410748930218,111.04730027188049,111.37793731689453,33906201
2022-08-08,111.37793534852457,113.07835749597987,110.05537998449473,111.70857238769531,14890797
2022-08-10,111.708567067264,113.07835211030874,111.23622640313181,112.08644104003906,14205845
2022-08-11,113.12559486985133,117.47112776158708,112.98389122186437,116.3847427368164,35838299
2022-08-12,116.19580551196024,117.23495355067917,115.53453145296093,116.33750915527344,19478756
2022-08-16,117.14048567764023,118.32133734777773,114.35367861905436,114.82601928710938,23764633
2022-08-17,115.48729439128007,119.97453077867132,114.63707973956818,119.5966567993164,35845276
2022-08-18,118.69921286750662,119.97453124637272,116.2430428031447,117.0460205078125,26352284
2022-08-19,117.32941979661757,117.61282708216386,112.93665732207674,113.69239807128906,28211583
2022-08-22,113.36176479089588,113.36176479089588,111.1417650052102,111.70857238769531,20822630
2022-08-23,110.52771877451588,117.09325132305483,110.52771877451588,116.62091064453125,28448397
2022-08-24,116.1958078037311,117.7072965450745,114.35368202636678,116.71538543701172,29911175
2022-08-25,117.23495729829283,120.91921610547593,117.18772755390977,118.93538665771484,39474725
2022-08-26,119.50219212777326,122.38347316082826,119.31325873857321,121.20262145996094,28327799
2022-08-29,117.18772230957546,119.88006266871811,115.39282633436483,119.3132553100586,25846031
2022-08-30,120.3051651656082,124.03666071968205,120.3051651656082,123.61155700683594,27509622
2022-09-01,122.38346714609912,126.44559968038152,122.38346714609912,126.06771850585938,30532175
2022-09-02,127.20133552711872,127.24857247663478,123.51708409995712,123.89495086669922,18175077
2022-09-05,123.98942518086538,127.34304680202933,123.98942518086538,126.44560241699219,17447942
2022-09-06,127.10687371742914,128.00431808304324,124.79240738041601,126.06771850585938,21626208
2022-09-07,126.02048192186022,127.15411103401402,125.31197093411058,126.77622985839844,13349849
2022-09-08,127.86262648235994,132.11369255715988,127.53198224399813,130.69667053222656,36381561
2022-09-09,131.78305417837143,133.86135035774385,130.03538783736843,130.41326904296875,27775278
2022-09-12,131.31070277902262,132.16091019660678,130.74388822417126,131.16900634765625,12457738
2022-09-13,131.78304163531087,132.01921196082216,130.6966639038359,130.9800567626953,9812372
2022-09-14,128.47666698064248,134.00305878943735,128.00432629321364,132.6804962158203,20471796
2022-09-15,133.95581994613235,133.95581994613235,131.26347229992976,132.30262756347656,15780850
2022-09-16,131.78304953653304,133.24730852543325,127.24857613190717,129.6575164794922,23988729
2022-09-19,129.2324185001063,135.51454404895202,128.8073147527255,133.247314453125,30261992
2022-09-20,134.99496576290423,135.37284697023375,133.48348417766857,133.7668914794922,13983845
2022-09-21,133.76688628227757,135.32560475970564,132.2553903410736,133.5307159423828,20073329
2022-09-22,133.01112924610388,133.86133664590048,128.24048582244103,130.79112243652344,34947454
2022-09-23,130.74389472608894,131.3107093091281,124.4145324840553,125.17028045654297,41820198
2022-09-26,122.80857940488457,123.2336831429627,117.61283181467792,121.0609130859375,37331411
2022-09-27,122.28899987188483,124.17836260274343,119.50219272680711,120.68304443359375,26721004
2022-09-28,119.45494842529297,121.1553776613736,117.14048210534368,119.45494842529297,24312345
2022-09-29,121.67496090480576,122.9975090304704,118.08516888768155,120.3996353149414,26109674
2022-09-30,120.54133948345762,126.25665735807628,119.36048778944384,125.0758056640625,32119561
2022-10-03,124.60346821523633,126.35113453354045,119.88006852413318,120.9664535522461,20511123
2022-10-04,123.98942848480571,126.77623561352547,123.28091746489253,126.39836883544922,20696678
2022-10-06,127.53197389468788,128.3821812881088,126.68176650126696,127.4375,16669962
2022-10-07,126.82348079473365,128.2877398805168,123.28092546527182,127.81539916992188,23951985
2022-10-10,125.12304167491942,127.01240437114981,124.32007117783756,124.88687133789062,21143008
2022-10-11,125.31197645080537,125.78431713009931,121.95836915957325,122.43070983886719,14200008
2022-10-12,122.99750897605011,125.92602692904629,122.33623491351038,125.59538269042969,17414129
2022-10-13,124.69794123722956,125.45368921857578,122.05283050986472,122.80857849121094,14625936
2022-10-14,125.64262107986845,126.77623583073304,122.80857699536014,123.23368072509766,15403899
2022-10-17,123.32815541726514,129.18517701316838,122.43071100102648,128.6183624267578,29422436
2022-10-18,129.8936899561471,133.90858582751895,129.18517892002268,132.8694305419922,34071231
2022-10-19,132.91666366745997,133.2000709566895,129.61027892740032,130.17709350585938,20570748
2022-10-20,129.42135341232407,134.00306402528045,128.19326469408574,132.9166717529297,29793676
2022-10-21,133.20006849713315,136.88431994500633,132.8222017282668,135.6090087890625,33334153
2022-10-24,136.69538358591134,137.35665762438393,136.08134649619245,136.45921325683594,3680722
2022-10-25,136.3175161972215,143.21369265738988,134.61708695277417,140.1434783935547,42782169
2022-10-27,140.1434966945429,142.03285956516865,139.10434134982083,141.41880798339844,25452543
2022-10-28,141.7022082270408,142.83582300991833,138.06517911666916,138.8681640625,22803412
2022-10-31,139.81284149547704,140.37965607822807,136.97879741110927,139.52943420410156,21373095
2022-11-01,140.190708274182,143.4026335519483,138.49029335531623,139.52943420410156,24827995
2022-11-02,139.00984949717014,140.37964893331738,137.97070870127402,138.91539001464844,15335247
2022-11-03,137.734536402735,141.60772108335127,137.45112912983802,139.95452880859375,18083411
2022-11-04,140.66303529435717,141.37154624664174,135.65623609663317,136.55368041992188,23545798
2022-11-07,150.20432332018902,152.66050041079862,143.59155436898573,149.5902862548828,144518304
2022-11-09,150.7711475517722,157.76178369827346,148.55114063804493,157.1005096435547,69954072
2022-11-10,156.8171087688375,158.84816796592983,154.3137088826824,156.2975311279297,46061789
2022-11-11,158.65922149606885,159.46220636716865,152.47155609641402,152.8022003173828,31378106
2022-11-14,153.27454875318278,155.87242246086385,151.0545418189234,154.83326721191406,23748826
2022-11-15,154.92773982354865,156.34476183412988,152.84944375763482,153.93582153320312,22971749
2022-11-16,155.1639086148991,155.9668935121168,153.1800720539455,154.26646423339844,24432791
2022-11-17,153.88860011301577,155.77796298445708,153.65242975408563,154.64434814453125,15703511
2022-11-18,155.0222112324341,156.53369270395032,152.75496740312016,154.07752990722656,22895310
2022-11-21,153.69965667357803,155.21115263792163,152.28263461251612,152.94390869140625,20237825
2022-11-22,153.69965704966816,158.0924340985252,152.99114601740354,157.52561950683594,26399821
2022-11-23,158.56477904748147,160.92648255182468,157.1005199918498,159.50946044921875,35103723
2022-11-24,159.79284217795603,162.3907158512965,159.6511457434693,160.97369384765625,25279589
2022-11-25,161.49326161418333,163.146453850919,157.5728400758014,158.56475830078125,26429948
2022-11-28,159.13155841884665,159.50943957891593,157.05326248988885,158.56475830078125,18058295
2022-11-29,158.84816217009686,160.12348774991156,157.8562582910114,158.5175323486328,18315044
2022-11-30,159.1315644402155,159.36773476868558,155.35283918469386,157.0532684326172,17302122
2022-12-01,158.2341276610262,163.0520083586722,157.2894463018559,162.2490234375,32085764
2022-12-02,162.29626099462968,164.61072745030356,161.1626462423296,161.7294464111328,24459293
2022-12-05,162.76860200716675,162.86306149481265,160.8792392779244,162.43795776367188,17705726
2022-12-06,163.2881815469587,166.40561855484822,162.81584085913374,164.75242614746094,39901296
2022-12-07,165.1775334296727,167.1141185905737,163.7605114594371,166.7362518310547,25334920
2022-12-08,167.20860746467255,178.922651035303,166.83074067130804,177.83627319335938,93033779
2022-12-09,178.54478268362124,186.29116719753796,174.62436068157808,178.1669158935547,99220254
2022-12-12,178.0724383801453,180.15073451278383,175.38009070772446,179.5366973876953,35305416
2022-12-13,180.52861277758353,183.9294570081088,179.48945752079624,182.32350158691406,32717387
2022-12-14,183.64604566703173,184.07116379932543,180.43413489550218,181.0481719970703,26004525
2022-12-15,180.95371169464732,182.51243012370256,173.63243138511592,174.3409423828125,41881637
2022-12-16,174.10477683823146,174.71881395391097,170.98732547969607,171.9320068359375,25933520
2022-12-19,172.546034818739,173.963056778098,170.84561999926242,172.3571014404297,21588072
2022-12-20,171.8847672581235,174.52987789811067,169.23965661813634,173.49072265625,17522529
2022-12-21,174.4353931330667,176.37199264607742,165.79156515984087,167.72816467285156,28163349
2022-12-22,168.57838612337198,170.18434155542752,164.04391270397883,166.8307342529297,24089989
2022-12-23,164.3745648582467,165.93328341430063,158.80095032145974,159.69839477539062,29192377
2022-12-26,159.69838244439882,168.3422108872607,157.856256725475,167.30307006835938,31320528
2022-12-27,168.531139397611,168.62561329418514,165.22475482321522,167.77540588378906,20811376
2022-12-28,168.10604354222002,174.67157604930577,166.73625846608886,171.74307250976562,30796600
2022-12-29,171.50690291371149,177.60009477160716,169.28689596318898,175.09669494628906,28566813
2022-12-30,176.56093711555235,177.97795912904695,173.91584088878372,175.4273223876953,27013708
2023-01-02,176.2775436486374,177.36392142276637,174.86052163993352,175.9468994140625,14679657
2023-01-03,176.18308044433593,179.39499142650516,175.9941470479779,177.1277618408203,19758561
2023-01-04,176.74989912556507,178.07244734527552,171.27074401661767,172.59329223632812,24902705
2023-01-05,173.4435028398461,175.23839165153154,171.45966622508342,173.8686065673828,21073286
2023-01-06,174.71882478492194,175.04946904598086,171.17626947940977,173.1128692626953,16229775
2023-01-09,174.104774866433,177.31668567540032,172.30987166108608,174.90774536132812,15758981
2023-01-10,175.52179914727972,175.52179914727972,168.43668896438112,170.70391845703125,18392517
2023-01-11,170.98732514480065,172.21541378844785,167.35029616451726,171.22349548339844,17867902
2023-01-12,171.83752346578953,173.01837509602365,169.75922747951606,171.64859008789062,14044249
2023-01-13,171.743066389047,175.00221405119132,171.22348878152997,174.67156982421875,15651311
2023-01-16,175.23838227602164,177.60008554119713,174.38817486643558,175.52178955078125,18924642
2023-01-17,175.3328645268184,176.41924231468607,169.38136913205898,171.74307250976562,18380191
2023-01-18,172.02649461279452,172.26266497090396,167.53925780871515,168.38946533203125,21152950
2023-01-19,168.1060443237593,168.43668856405282,166.26391856352262,168.05880737304688,10865755
2023-01-20,168.57838227100453,171.74307052646273,167.96434516576915,169.42860412597656,20620881
2023-01-23,170.46775143830712,172.02648435772502,169.90095126145013,170.56222534179688,12719955
2023-01-24,170.98732967413932,172.02648495737353,167.72818179809587,168.10604858398438,15302459
2023-01-25,168.53115312184792,168.72010093038307,157.14775397761042,160.3596649169922,42652626
2023-01-27,161.16264968852266,161.16264968852266,147.46476963648072,148.5511474609375,46482837
2023-01-30,149.35412972025668,154.73881062314945,144.5362489881089,150.10986328125,52599629
2023-01-31,151.6213451406145,159.5566621110688,150.5821899687894,158.56475830078125,40527508
2023-02-01,160.12349131936801,160.50135809937694,142.74135997447044,146.04774475097656,70595394
2023-02-02,142.64687171058205,147.74814480058026,138.39580599735277,145.5281524658203,58831062
2023-02-03,148.3149634059556,155.25837669434077,143.3553866041641,154.54986572265625,72557245
2023-02-06,156.34475490239737,159.46220607039882,154.549866201117,158.6119842529297,39343917
2023-02-07,158.61200737759282,161.06818487767575,157.33669608749554,159.22605895996094,26650769
2023-02-08,159.1788073494321,160.07625174828544,156.86434092669654,158.7064666748047,21655466
2023-02-09,158.70647825431166,161.493285555005,155.21115988998298,160.07626342773438,24268013
2023-02-10,160.40689572757617,164.23285806882336,159.27328099323827,159.93455505371094,34741224
2023-02-13,160.12348826454087,161.20986604736098,155.02221475827355,156.0613555908203,22382470
2023-02-14,156.81710850110696,160.02901941537257,154.64433845218898,159.46221923828125,20137499
2023-02-15,158.70647157136005,160.59583432816197,158.32860478587725,160.1707305908203,15662905
2023-02-16,160.9737004978686,161.87115933567154,159.69838929072213,160.6903076171875,16113489
2023-02-17,159.6511414589433,159.79283788962735,155.4473125105665,157.57284545898438,19597310
2023-02-20,157.76179910831073,159.08434734693367,154.2664806936404,155.16392517089844,17285378
2023-02-21,155.40009037898483,155.40009037898483,150.67668337658407,151.05455017089844,34585035
2023-02-22,149.92092052921015,150.53497202754,146.99241712649678,148.40943908691406,22746525
2023-02-23,148.88178581008958,149.63751935470142,144.6779422910459,146.89794921875,28791025
2023-02-24,147.84263357805955,148.97624833278007,145.15028592274138,146.04774475097656,22601120
2023-02-27,145.9532793153007,150.5822125050538,145.10307180361366,150.204345703125,29046654
2023-02-28,151.38519747752062,152.32987889703713,148.50391626505638,150.204345703125,179242251
2023-03-01,149.16518911132704,155.58902559252425,148.88179621963,155.3056182861328,25974322
2023-03-02,155.35284517732765,157.14774839175337,153.7941267151756,155.54177856445312,16266106
2023-03-03,158.70645565940475,164.13837304060462,158.70645565940475,163.33538818359375,34946790
2023-03-06,163.94945676640185,166.64179005689905,162.91030148008744,163.52435302734375,23752197
2023-03-08,161.54051340037378,164.9885946164341,161.30434305914517,164.3745574951172,14441376
2023-03-09,164.94137012307235,165.31923689867764,161.49327453322667,162.06008911132812,11038443
2023-03-10,161.25710247936163,161.25710247936163,156.86433999723255,158.5175323486328,18452431
2023-03-13,157.76178515735916,160.59582920210215,154.4081634881413,154.83326721191406,18595906
2023-03-14,154.92774042318337,155.77794786694545,152.09369639105196,153.41624450683594,22898154
2023-03-15,155.30562055806413,155.82519822493353,149.63753200609546,150.39328002929688,19255062
2023-03-16,149.92093868034053,152.51881258896697,146.99243492306923,150.91285705566406,24291234
2023-03-17,153.0856213148311,153.65242149698744,149.40135526469177,151.19625854492188,26762767
2023-03-20,150.86559925050452,150.86559925050452,147.0868740874878,149.96815490722656,26144673
2023-03-21,150.67666720165232,154.36091850214794,150.48773382477688,154.03028869628906,25702421
2023-03-22,154.7860412570562,158.94263333165006,154.17198974544348,158.1396484375,27468538
2023-03-23,157.00603057554434,157.85625240193306,153.27454229024582,153.69964599609375,20129946
2023-03-24,153.51071977654564,154.88050485468997,150.34603147989023,150.9600830078125,18610261
2023-03-27,150.67667217402493,153.41624226585722,149.73199084378027,152.32986450195312,50783785
2023-03-28,152.5660397068338,152.84944699789668,149.9681659656958,151.85752868652344,31049605
2023-03-29,151.43242242402442,155.87242186075576,151.14901513770258,155.35284423828125,38390279
2023-03-31,157.0532830388241,160.40690489793033,156.72263878233835,159.50946044921875,28240603
2023-04-03,159.74562840068634,160.83200623049194,158.80094701313573,159.840087890625,16659059
2023-04-05,160.1234830753532,160.31241645563037,155.96689105048372,157.76177978515625,34861706
2023-04-06,157.8562604251109,159.88731957555515,156.2502905874273,157.6673126220703,27208238
2023-04-10,158.23413115746547,158.84816828861688,156.20307195624721,157.00604248046875,15331631
2023-04-11,163.42987816368677,164.28008563681104,160.7847674260756,161.39881896972656,25897114
2023-04-12,161.54050841498963,162.62688618523654,159.84007912768269,160.97369384765625,14553551
2023-04-13,160.59583258775362,162.3907214213863,159.17881053550872,161.9183807373047,20601286
2023-04-17,161.5405078221733,167.01966243241372,161.25710053954663,166.5945587158203,26681555
2023-04-18,167.44477025786583,168.9090292417901,166.02774822465398,168.05880737304688,22020172
2023-04-19,168.53114093061436,169.23965191728684,166.68901524820453,167.44476318359375,15390111
2023-04-20,167.3030619274919,168.90901723469878,166.64177349391335,167.91709899902344,22349098
2023-04-21,167.5392477659524,168.2949813348461,164.94137398247227,166.68902587890625,9950240
2023-04-24,166.7362644011175,170.56222689212726,166.50009405494026,170.23158264160156,15791156
2023-04-25,170.5149890453336,174.71881830229364,170.23158174846907,173.9158477783203,27156717
2023-04-26,173.67967804982356,174.10478178928224,171.74307833151852,173.39627075195312,14202887
2023-04-27,173.39626747798073,175.71073393994993,173.11286018546144,175.4745635986328,18033465
2023-04-28,175.5690484379856,178.0724484460173,175.23840417366688,177.3639373779297,16456548
2023-05-02,178.5447875864685,178.87543184787677,176.84435815508704,177.694580078125,12929639
2023-05-03,172.82944648851586,174.9077425321539,170.56221706176404,174.3409423828125,25426587
2023-05-04,174.3881863999527,175.85243098944807,173.82137181294604,174.95498657226562,19411660
2023-05-05,174.95499177482083,177.97796936113053,172.87669558515128,173.2545623779297,17390789
2023-05-08,173.91584901659002,175.00222684516282,168.90903478531456,172.87669372558594,22633379
2023-05-09,173.82138165949385,174.67158917347223,167.2558486590986,168.0115966796875,18841858
2023-05-10,166.26391796970628,169.14519897655182,163.24094052592304,168.57838439941406,26166068
2023-05-11,169.47583308284555,170.89285514679807,168.1532849223674,168.62562561035156,15838880
2023-05-12,168.62563079620574,170.56223055943715,167.86988278925028,168.86180114746094,16182905
2023-05-15,169.00348801947575,174.29370935381584,167.49200650587392,173.67967224121094,20342506
2023-05-16,175.14391968156093,178.0724376852327,173.7268976310153,176.18307495117188,47421816
2023-05-17,178.261367369497,179.4894560040423,173.5851975828567,175.6162567138672,40572322
2023-05-18,177.08052010051102,177.2222309549689,169.85371337866704,170.373291015625,31727394
2023-05-19,170.98731700147925,172.26264253504698,168.15327307327794,171.8375244140625,18643969
2023-05-22,171.93200555603642,172.16817589333866,169.38136879611082,171.03456115722656,13737270
2023-05-23,171.2234955545979,174.43540639498602,171.03456216657978,173.16009521484375,14267334
2023-05-24,172.35711762933545,174.8605319748224,171.93201388453778,172.54605102539062,12655399
2023-05-25,171.88476894655062,172.8294502976333,169.90094675809314,171.74307250976562,13210338
2023-05-26,171.93201172520082,174.48264857664688,171.412434081554,173.39627075195312,15666509
2023-05-29,174.76605681335036,175.09670106509105,172.92393098933763,173.585205078125,11239265
2023-05-30,172.87668554995537,174.38818146271754,172.5932782644758,173.49072265625,8962430
2023-05-31,173.3962671519685,175.2856298789533,172.02648205784325,174.76605224609375,15821118
2023-06-01,174.7660555722025,176.79711477648837,173.91584809475586,174.62435913085938,11592705
2023-06-02,175.52179086494473,176.74987945496946,174.86051682868307,176.4192352294922,9643005
2023-06-05,176.93881400254827,177.41115466223758,175.19114779582068,175.3800811767578,6213398
2023-06-06,175.33286101794334,175.85242421888617,174.1992318875763,175.04945373535156,8102412
2023-06-07,175.04947231837838,177.88351661576812,175.04947231837838,177.03329467773438,12778032
2023-06-08,177.0805206298828,178.68647608234974,175.8052094241122,177.0805206298828,13367812
2023-06-09,177.22223292990563,177.36392937124876,173.91584809475586,174.62435913085938,10197155
2023-06-12,174.6715741846287,177.03327753712338,174.4826407993678,176.65541076660156,7693347
2023-06-13,177.22221526135013,178.26135602855288,176.4664673485802,176.89157104492188,7274187
2023-06-14,177.88350556346316,177.97796505202368,176.08860230448758,177.0805206298828,12464768
2023-06-15,176.65542117171196,177.50562866281044,172.54605133044956,173.2545623779297,14951075
2023-06-16,173.58521015351104,178.07244687856777,173.34903979956067,177.694580078125,15225297
2023-06-19,178.2613692031248,184.11839073424858,177.88350242615948,183.03201293945312,33267447
2023-06-20,184.21285584502425,185.9132850896092,182.7958338769856,184.16561889648438,28783695
2023-06-21,184.59073667085468,187.51925472718196,184.21286988312585,187.14138793945312,19593213
2023-06-22,187.42478484809632,187.56649570755854,181.61499997750255,182.60691833496094,19689242
2023-06-23,182.60691960003814,183.4098901504431,180.00904572020357,181.56776428222656,14090074
2023-06-26,181.33158226646384,181.85115989195097,178.4503012657566,180.19796752929688,13686846
2023-06-27,180.52861270753579,181.47329406254184,180.00903507934373,180.38690185546875,11963762
2023-06-28,180.71754481248485,181.33158192300164,178.73370821518014,179.4894561767578,19223838
2023-06-30,181.53242815801892,185.81292949662108,180.316374954507,185.1805877685547,17037322
2023-07-03,186.39664333299652,194.32530438256015,184.84008927502592,193.69296264648438,27140339
2023-07-04,195.24950661584114,199.14087701115199,191.99049281640833,196.85470581054688,31824698
2023-07-05,197.09790708831855,200.3082756362781,196.31963007738318,199.62728881835938,20060420
2023-07-06,199.38407738288706,200.3082748352523,197.29247184098682,199.87049865722656,16656768
2023-07-07,198.9463051243832,204.78336053145557,196.90332979414808,203.3240966796875,27442860
2023-07-10,204.05373125040603,205.07521892876358,197.38975363653037,197.8761749267578,19991207
2023-07-11,198.45988208610024,201.1351991240256,197.6816050698239,199.28680419921875,12758317
2023-07-12,199.28680443132146,200.98927891198406,198.1680265802464,199.140869140625,14552433
2023-07-13,199.43273476537712,200.8433535789839,189.94751933141407,191.64999389648438,31426517
2023-07-14,191.89319985584135,194.61716206221868,189.75294913811624,193.011962890625,16740705
2023-07-17,193.1092584198225,196.5142075607262,191.30949365044194,196.0277862548828,20040400
2023-07-18,196.95197989903394,197.04927009605197,191.1635694420602,192.57418823242188,18873958
2023-07-19,192.52553664952052,195.24949878588086,191.16356300354005,194.56851196289062,15994698
2023-07-20,194.5685151048211,197.1465419922001,193.2065414368472,193.64431762695312,26224512
2023-07-21,193.644310249371,196.3682723259392,190.87170307699995,191.26084899902344,25136493
2023-07-24,192.5255420900753,196.1737017924724,191.6986347975052,192.9633331298828,20374723
2023-07-25,194.9576398943387,194.9576398943387,190.2880075583108,190.82305908203125,14054071
2023-07-26,191.99049231233653,193.1092553602911,190.33664802315158,192.37962341308594,15919450
2023-07-27,191.6499866595681,197.34112164280242,191.6499866595681,193.83888244628906,23760784
2023-07-28,193.3038103473155,196.31962816871987,192.13640226446188,195.63864135742188,14094619
2023-07-31,196.51420520083232,198.21667975083952,195.34679704970736,196.70877075195312,14250110
2023-08-01,197.29247071183107,197.3897460595027,194.42258817853286,195.63864135742188,11501548
2023-08-02,195.34679059223515,195.44406594237998,187.41811475765547,189.46109008789062,24788813
2023-08-03,189.70430551236967,190.09343661155816,185.91022533988226,188.05047607421875,21237820
2023-08-04,189.41244074664434,190.82305946953394,184.4509526684396,186.15342712402344,32781495
2023-08-07,183.86724708072933,188.68281486872561,182.60254876155864,184.25637817382812,36759947
2023-08-08,185.32650902253695,191.11491932758932,184.40231155272178,189.55838012695312,27985916
2023-08-09,189.7043030728079,190.23936946061116,187.12627617393733,188.7801055908203,18258446
2023-08-10,188.24503055654108,189.5097288211496,185.5697135848073,186.6884765625,19638255
2023-08-11,187.7586221863513,189.2665311883341,186.29935828334857,187.41812133789062,16329445
2023-08-14,187.36948860215875,187.36948860215875,182.35934036155385,183.62403869628906,23911976
2023-08-16,182.89439790411646,183.38081917513804,180.70550218451933,181.6783447265625,18788329
2023-08-17,181.92156034019627,185.47242977806062,180.94871777153213,184.7427978515625,18843899
2023-08-18,184.5482266653128,187.4181091862636,183.86723985694468,186.49391174316406,15291405
2023-08-21,187.12627078270754,187.12627078270754,184.7427946551989,185.71563720703125,11518119
2023-08-22,186.15343048723852,186.5912066719895,184.69416664180233,185.0832977294922,10826294
2023-08-23,185.32651376889632,189.41244968625972,185.08330312090564,188.09912109375,18722788
2023-08-24,189.41243912765626,189.6556497620894,185.56971407249233,186.6398468017578,15902958
2023-08-25,185.32650998081616,186.68848364396518,183.67268057716385,184.5968780517578,9756340
2023-08-28,185.08329788463345,185.76428471086126,184.35366596130373,184.9860076904297,8300624
2023-08-29,185.56971596459738,186.39663806786118,184.0618070468571,185.95884704589844,7538838
2023-08-30,186.3479913763399,187.17489862812562,186.05613564566295,186.4452667236328,8630672
2023-08-31,186.29934532740234,187.66131893772817,181.38648756007146,182.06747436523438,24500769
2023-09-01,182.06747890472326,186.59120570886515,181.24057163655067,185.42379760742188,15838571
2023-09-04,185.95884862564097,190.5798507662434,185.03465116640035,190.14207458496094,16612736
2023-09-05,190.38528427002672,193.01195618896008,189.21787617765625,190.48257446289062,14710293
2023-09-06,191.16356377234825,192.18505143314147,188.73145736303084,189.7042999267578,15607001
2023-09-07,189.7042959419785,191.40677039273984,189.2178746703324,190.92034912109375,10535198
2023-09-08,191.11492499042825,194.56851917465843,190.87171434145992,192.4282684326172,15379639
2023-09-11,193.30381990697887,199.1408754543123,192.86604370980885,197.29248046875,22766508
2023-09-12,198.84901336737505,198.84901336737505,192.4769064735764,194.51986694335938,21077042
2023-09-13,194.47122429291153,203.7618738285894,192.72011953803997,202.9835968017578,38949196
2023-09-14,204.49151052301514,207.4100383083419,203.81052367531888,206.1453399658203,29826455
2023-09-15,206.3885390947409,206.8749603651451,203.56730166415622,205.07521057128906,16238012
2023-09-18,204.19965278067033,213.68486799031632,204.05373233058953,211.4473419189453,36322604
2023-09-20,211.05819302045686,212.2256011379434,207.21546783004717,207.6532440185547,29729690
2023-09-21,207.06955243975892,211.5932645721624,200.84335092042085,201.5243377685547,22066890
2023-09-22,204.00507866475363,212.079674755041,203.03223612000573,209.50164794921875,37302904
2023-09-25,210.42585374465676,213.49030194440815,208.23695793214867,211.4959716796875,22756990
2023-09-26,211.59325866465701,212.07967994894358,207.06954665855176,207.84780883789062,11773544
2023-09-27,208.18830616438015,210.37720190676265,205.95076532550928,209.01522827148438,14556599
2023-09-28,209.01522606417907,210.6204103205483,204.0537231627483,204.9292755126953,26793595
2023-09-29,206.4858343055953,209.45300709606323,206.2426236644815,208.13966369628906,9613748
2023-10-03,207.70189044378876,212.27424759240674,206.24262657650218,211.9337615966797,12939332
2023-10-04,211.0581963854807,211.39869722885956,205.1724957623307,206.6317596435547,21610557
2023-10-05,208.09102328711012,208.62608967849442,204.29694313802108,206.77769470214844,11700848
2023-10-06,208.18830465217297,210.1339897423802,206.6317506422475,209.4530029296875,14552427
2023-10-09,206.63176191707694,209.45301435845812,204.58880136752504,205.99942016601562,12102991
2023-10-10,206.3885431636058,208.72337421421565,206.1453325236089,208.48016357421875,12358739
2023-10-11,204.29694502395193,205.22114252065649,200.69743039002898,201.57298278808594,43037191
2023-10-12,202.351258132145,203.761876914667,201.81619174031945,202.10804748535156,14176014
2023-10-13,201.28112379898815,201.32976889685233,195.73592406366575,197.9734649658203,27835260
2023-10-16,195.97912753076247,200.8919853471141,195.97912753076247,200.21099853515625,15730299
2023-10-17,200.60013995670113,202.4971800465257,200.2110088567781,201.7189178466797,12501262
2023-10-18,201.37841333464604,202.98359764810436,197.48704302866253,198.119384765625,20282190
2023-10-19,197.00061697128461,200.40556590659077,195.73591868357676,199.57864379882812,12922522
2023-10-20,198.65445579177296,200.01644433732048,195.735927994114,196.80606079101562,17030658
2023-10-23,196.80605285996165,198.21667160310386,188.73145664295535,189.89886474609375,15784543
2023-10-25,190.57985302497312,192.86603899623177,188.43960234547112,189.50973510742188,14959554
2023-10-26,188.29368459978195,188.53689524513317,182.74848485465446,184.01316833496094,29658835
2023-10-27,185.32651757314798,192.13641585667574,185.32651757314798,191.5040740966797,14885363
2023-10-30,191.7959103061504,194.4225971695402,189.31517358201535,192.8660430908203,11946838
2023-10-31,194.0820874645935,194.32529810051403,190.33663773365745,190.8717041015625,9074535
2023-11-01,191.06627196670198,192.8173915355209,189.7529434233873,190.1907196044922,7915346
2023-11-02,191.649984435882,195.15222359175942,191.45541889264425,194.47122192382812,14242502
2023-11-03,195.8818584835031,198.70309601424412,195.54135764437245,198.26531982421875,19177688
2023-11-06,194.5685109466206,196.222340320787,189.4610875342718,190.2880096435547,37345564
2023-11-07,191.26085064836528,191.26085064836528,185.47242561909155,186.05613708496094,51310933
2023-11-08,188.00183349213043,188.78011054532456,186.34800403184295,187.27220153808594,22372624
2023-11-09,188.05047696379225,189.12059491382274,187.32084501606238,187.7586212158203,13121704
2023-11-10,187.27219415663183,189.9475112160123,186.54256223134627,189.55838012695312,10091704
2023-11-13,189.89885997593,191.94183523840326,188.14774044300995,191.35812377929688,14626408
2023-11-15,193.40111118765597,193.93617758470663,191.89320219393142,192.3309783935547,18154099
2023-11-16,192.81739783514703,194.5685174611776,191.6013446010147,192.9633331298828,13256095
2023-11-17,189.70430940605863,192.6228372430749,188.48825614063517,191.45542907714844,16351676
2023-11-20,192.13641292222223,193.3038210698317,190.67714902661044,192.28233337402344,10307666
2023-11-21,192.62282518408765,193.25516690476053,189.36379669902138,190.43392944335938,8970682
2023-11-22,191.11491964126753,191.45542047805282,187.56405020347614,189.36380004882812,15231149
2023-11-23,189.8015923807011,191.26085624366578,188.68281451245505,189.07196044921875,5846991
2023-11-24,189.21788495173686,190.19072754788976,187.5154104084693,187.8559112548828,5469063
2023-11-28,187.8072550935235,193.2065341530108,187.51539936298923,191.2122039794922,12382178
2023-11-29,191.89320308273926,192.9633358817972,191.16357113185433,192.03912353515625,7617440
2023-11-30,192.47691589139842,196.31964122333653,191.01765197969533,191.74728393554688,21558187
2023-12-01,193.10925746206544,198.31397134653608,192.96333700879623,196.3682861328125,21923402
2023-12-04,199.57864677943232,204.2969391694387,199.57864677943232,203.37274169921875,35929143
2023-12-05,203.85915731936055,208.86929046489834,203.42138114503965,205.1238555908203,24365491
2023-12-06,205.26978011979696,205.8534915934424,202.35125244036857,203.85916137695312,22088409
2023-12-07,202.83768347944627,207.4586858608725,202.39990727534908,205.41571044921875,14842658
2023-12-08,205.26978741052014,209.84214463514465,202.83768092461352,206.2426300048828,29505509
2023-12-11,207.21546225871066,211.35004307842672,207.11817206636943,209.355712890625,16170438
2023-12-12,210.27992297930376,211.25276558359272,208.23696241693693,210.23129272460938,18271153
2023-12-13,210.71771313923878,216.60339899487732,208.82065819334534,215.04685974121094,34720253
2023-12-14,217.91673013518553,218.3058612155244,213.6362288738612,214.12265014648438,18247186
2023-12-15,215.873755185385,220.2515466457462,212.71201690845746,218.59771728515625,23378701
2023-12-18,218.3545080917012,221.37032594430966,216.84659916539695,218.20858764648438,12657351
2023-12-19,219.0841495542191,222.29453308849085,215.53328001813665,219.959716796875,17582770
2023-12-20,221.27303650810478,223.26736671781921,211.25275520722693,213.34437561035156,24608319
2023-12-21,211.10683242205872,219.7651251412406,209.2584375229432,218.74365234375,16908481
2023-12-22,218.889576800636,220.59205128686318,215.38733763406606,217.52760314941406,11469899
2023-12-26,216.84661101917908,220.4947707930172,216.84661101917908,219.23008728027344,9215256
2023-12-27,219.86242268003267,227.40195266131695,219.03550055077707,225.69947814941406,27861855
2023-12-28,227.64516014719965,229.54220017954643,225.26169883248707,226.62367248535156,35086844
2023-12-29,226.76961401600434,227.30466556580848,223.12145429788586,224.8239288330078,11051281
2024-01-01,226.13724873227113,230.3204746837922,224.8239201908722,227.40194702148438,13199707
2024-01-02,227.35331172364084,229.39628711306662,222.6350340395289,224.43478393554688,12803886
2024-01-03,224.14292153997323,229.05577947310033,221.07847339112342,226.52639770507812,21410875
2024-01-04,226.72096261803108,233.57950566640685,226.57502732672125,231.29331970214844,14698523
2024-01-05,232.50938287121713,232.89851397591937,224.62935182359573,228.2775115966797,14545656
2024-01-08,225.21305370472408,225.21305370472408,216.65203616737088,217.3816680908203,27673291
2024-01-09,220.8352629799691,221.17576381659669,216.65203696785628,217.13845825195312,13420799
2024-01-10,217.2357466114148,218.88957599449333,213.49029681774928,217.77081298828125,13503894
2024-01-11,218.88958408274428,221.22440037520025,217.91674148682097,219.91107177734375,11247115
2024-01-12,220.7379815785723,225.94269546350014,219.13279721486936,223.65650939941406,17600195
2024-01-15,224.43478288976857,226.91553446696912,222.44045260831717,224.8239288330078,12678381
2024-01-16,224.82392818227007,227.8883763988598,223.17008390599005,224.9698486328125,13977706
2024-01-17,222.78095619218576,226.8668921578349,218.45180957567177,219.37600708007812,34099113
2024-01-18,218.84093353813864,223.94835703963605,215.97105092046286,221.51625061035156,16224153
2024-01-19,223.31602096664366,225.21306106069392,222.29453327157046,224.38613891601562,9445978
2024-01-23,227.64516357436045,229.34763808827125,215.4359862342915,216.3601837158203,36926359
2024-01-24,216.94389043141433,222.78094577934476,213.6848619243934,222.44044494628906,36236660
2024-01-25,221.8081086165013,225.06713720279313,217.23575145162005,220.8839111328125,20473287
2024-01-29,221.46759994944264,229.3476305201316,221.46759994944264,227.88836669921875,20641625
2024-01-30,228.61800352060658,235.81703258732543,227.45059540767912,231.00146484375,22612702
2024-01-31,232.41208182073527,243.2106401826026,225.7481191863716,240.87582397460938,63750711
2024-02-01,243.21064360613212,250.45833266111455,236.40074558516042,248.99905395507812,43749140
2024-02-02,252.2580700459745,253.91191431357507,247.58843752032513,248.3180694580078,29946219
2024-02-05,250.65287894524693,255.3711712858112,248.80448402417605,250.4583282470703,21283536
2024-02-06,250.9933873907782,251.28522829129415,239.51384189782388,243.50250244140625,17506394
2024-02-07,246.03188710264783,246.03188710264783,236.06025047289623,238.0059356689453,55656306
2024-02-08,241.26495273875062,249.3395340395684,240.34075528383283,246.22645568847656,33645402
2024-02-09,246.46967822298112,259.26255245317316,240.7785430850295,256.3440246582031,46201039
2024-02-12,258.8734191959164,260.13810268768555,246.1778204246353,247.7830047607422,26620786
2024-02-13,247.78300442434406,253.425494408853,242.43237018538557,252.54994201660156,18922366
2024-02-14,248.17213917126702,263.6403296992571,245.4968221724738,260.5272216796875,30063655
2024-02-15,262.5702028192904,269.47739098074436,261.74328069982073,268.21270751953125,32254489
2024-02-16,268.6018535549035,273.1255658041036,267.093929679303,268.1640625,20666587
2024-02-19,268.16406392776184,269.4774074106642,262.4242983719375,263.3485107421875,14006706
2024-02-20,262.76477557443906,267.33711769189836,262.4242747482202,265.8292236328125,14006722
2024-02-21,266.0724437479845,271.90949918669713,265.5860224614251,267.6289978027344,19624058
2024-02-22,267.7749166441605,269.42876088405825,262.8134136132664,268.11541748046875,11871556
2024-02-23,268.50455516133,272.54184597690164,258.0951275603527,261.5487365722656,23264484
2024-02-26,261.54873381718494,265.00231310391905,259.4571282059742,262.2297058105469,12448638
2024-02-27,262.22970373362006,265.68331268180015,260.13809813897535,263.00799560546875,15572873
2024-02-28,263.0079924958014,264.0781252514411,253.57140777170403,254.64154052734375,13653858
2024-02-29,254.30102833734773,260.3326638261248,251.33387053215108,258.2410583496094,16296464
2024-03-01,259.2625429049696,264.8077573867118,258.1924101484651,263.7862548828125,9702235
2024-03-04,266.12108028845546,268.74776717345355,264.71047633738607,265.7806091308594,11707996
2024-03-05,265.5373827340969,271.03393713834487,264.8563810816918,270.5475158691406,14431461
2024-03-06,270.3043058220402,276.53049214362693,263.9321693683364,274.87664794921875,32754392
2024-03-07,274.8766508369501,276.77370568641857,271.61765204299945,274.098388671875,10994198
2024-03-11,276.14136240563266,277.8438368598119,268.9909637603202,269.86651611328125,18217736
2024-03-12,269.4774042395837,271.909510776042,263.4944280976563,264.22406005859375,12003823
2024-03-13,264.6131794533061,266.023813057529,251.38251454288093,253.8146209716797,20711328
2024-03-14,252.84178438082137,256.6845245047384,248.65857309985844,252.1608123779297,13623004
2024-03-15,251.47981196125662,254.39833975964643,243.35657031797825,247.10202026367188,17126874
2024-03-18,246.56695224978176,250.89609882015228,245.35089900841925,247.58843994140625,10806790
2024-03-19,246.90745553034122,248.85314073571126,241.75138676723054,242.33509826660156,11016984
2024-03-20,243.11335803733007,246.1291760131964,237.17902712705106,243.06472778320312,17342930
2024-03-21,246.61559341443308,250.3123833336859,246.12917212564722,248.75584411621094,10121220
2024-03-22,248.5612803393254,253.8146243578565,246.76151562024356,252.74449157714844,11402546
2024-03-26,251.96622378936044,256.58722596310355,251.96622378936044,254.44696044921875,8259347
2024-03-27,253.91191830842394,256.6358657097759,250.70154960763054,251.7230224609375,19196992
2024-03-28,251.72300529102364,259.1652447270856,251.72300529102364,256.8790588378906,11966752
2024-04-01,258.77613586025365,260.9650317462896,257.9005834435994,259.5057678222656,7378701
2024-04-02,259.7489785666029,264.75911210306754,259.1652670590302,263.93218994140625,10897757
2024-04-03,263.5430345855782,268.2126965277311,260.4785865637641,266.80206298828125,18329459
2024-04-04,268.7477639886478,269.1855550272261,261.06231350827085,262.1324462890625,14291037
2024-04-05,262.13243228041904,263.44574594836973,258.92203410961133,261.59735107421875,11296905
2024-04-08,264.6131733981151,265.05096442080054,259.7489606518263,260.3326721191406,15992006
2024-04-09,261.69465237777337,262.57020475651905,256.3440182213505,258.2897033691406,10451503
2024-04-10,258.28971624060387,264.95369414163383,258.14379578500774,263.4457702636719,15233408
2024-04-12,262.47292231972364,264.8563985717387,259.1652634084702,260.6731872558594,11496987
2024-04-15,257.9492002695438,259.26254367055026,252.93906699565878,254.30104064941406,11835728
2024-04-16,251.77165047401374,252.45265216268925,247.10201791646654,247.7830047607422,11074547
2024-04-18,248.31807256573416,256.2467337833541,248.31807256573416,251.9662322998047,13204672
2024-04-19,249.534117540237,250.60425029785745,244.28077363504443,249.97190856933594,9169415
2024-04-22,251.86893438980255,254.88475228204456,250.79880162948456,254.20375061035156,9419094
2024-04-23,255.857598748093,256.3926502920084,252.64723010700175,253.08499145507812,14502060
2024-04-24,254.15512798066098,254.73883947550573,251.43118058978533,252.0635223388672,8677169
2024-04-25,251.96623141582822,262.1810786353888,251.47981011965865,261.3541564941406,23475720
2024-04-26,262.66750172084767,265.2941886135761,260.0894747713475,260.77044677734375,14775940
2024-04-29,261.7919503048657,266.46158292195844,257.8032896963322,265.1968994140625,22257247
2024-04-30,265.9265327760999,277.065562821971,265.19690082026034,273.8551940917969,39453521
2024-05-02,273.80653980844244,276.1899861750738,271.42306375301337,271.81219482421875,12366464
2024-05-03,274.5848295708083,274.82804022587544,266.80208860865963,268.2613525390625,19568548
2024-05-06,268.50455007076357,268.50455007076357,252.64722801094467,258.4842834472656,34253148
2024-05-07,259.35984145737166,261.06231599660396,250.79880881823811,252.01486206054688,17373412
2024-05-08,252.014851362134,258.9706993638937,251.09066875049223,255.3711700439453,31407247
2024-05-09,262.6674885246816,264.3213327353564,252.8904327717823,255.51708984375,33562988
2024-05-10,258.4842878509358,259.4571304402298,241.60546298892493,247.92893981933594,39476449
2024-05-13,253.23091530285564,254.69017919362614,244.71855745109426,252.01486206054688,31581807
2024-05-14,252.64722818927947,256.05217719620344,250.60425284736525,253.7659912109375,12196792
2024-05-15,254.15512736376803,260.4299739627188,253.66870606737805,256.733154296875,19280956
2024-05-16,257.3654839474958,259.84625025576145,252.01484993870133,255.7602996826172,15531360
2024-05-17,255.41980366182736,257.4627789868598,252.8417768013622,254.30104064941406,13847808
2024-05-21,254.39833307356034,259.5543868396845,253.1822798561915,258.2897033691406,17185189
2024-05-22,259.74895894328415,260.67317123451926,255.3711675004198,256.1980895996094,16912682
2024-05-23,258.28970651440636,264.61318332172704,257.4141541249988,261.9378662109375,24738523
2024-05-24,261.6460266113281,264.8077650307049,260.47860362711526,261.6460266113281,16509527
2024-05-27,262.18107234409075,265.97515242541056,258.4356225157011,263.2025451660156,13764764
2024-05-28,263.6403411456643,264.41860333994714,255.46846935049592,257.1222839355469,12897363
2024-05-29,255.760313319678,258.9707117094112,254.69018052310028,256.2467346191406,15041927
2024-05-30,254.64153718030124,260.13809164395013,254.0578257131884,255.711669921875,9840965
2024-05-31,256.2467297815051,259.1166272696742,254.39833481620275,257.70599365234375,17253924
2024-06-03,269.4773984945005,291.5609372502557,269.4773984945005,288.8856201171875,74818392
2024-06-04,284.0700250877234,284.0700250877234,231.14739621461962,241.50816345214844,84878240
2024-06-05,250.0205439054049,255.71167895540847,230.02862584992545,252.93907165527344,70386788
2024-06-06,255.46845499445547,266.5588539281594,254.34969201974286,261.59735107421875,31690680
2024-06-07,261.06232365213316,264.61319328604236,259.5057695185728,263.4457702636719,19749116
2024-06-10,265.97514908745535,271.90949462160796,264.95367627834986,268.8936767578125,21735106
2024-06-11,268.9909719382639,271.71491927224554,266.558865501209,267.3371276855469,13094039
2024-06-12,267.4344207877997,277.162846641767,266.3156577523534,275.7035827636719,29504096
2024-06-13,277.26013961872354,277.45472001327414,273.6119798868982,275.0226135253906,14322702
2024-06-14,275.31445781591157,279.6922495479667,273.9524841036989,278.4761962890625,13911039
2024-06-18,278.47617735398035,280.61644281964374,277.35741436961916,279.4976501464844,10174646
2024-06-19,279.2058052932385,282.61075413827797,274.9739343623584,276.2386474609375,33193685
2024-06-20,276.2872889584368,279.8868183309501,275.94678812231274,277.4547119140625,13675594
2024-06-21,277.45471534593696,279.01123972095866,271.03394838817445,271.7635803222656,15165917
2024-06-24,271.9095119569413,274.4389087036032,266.07245624409103,272.9796447753906,17778427
2024-06-25,273.3687601120402,275.7522362661167,271.42307498668765,273.02825927734375,13386910
2024-06-26,274.34160220808434,275.89815624347864,271.6176549127435,273.32012939453125,16075754
2024-06-27,272.39592044819454,275.2171579722196,269.4773927291067,272.25,14743494
2024-06-28,273.0,280.79998779296875,272.8999938964844,275.3999938964844,15270017
2024-07-01,275.25,276.29998779296875,271.75,272.1499938964844,12001891
2024-07-02,273.0,273.5,264.20001220703125,265.0,13960959
2024-07-03,267.29998779296875,269.75,263.04998779296875,267.8500061035156,18643235
2024-07-04,268.04998779296875,271.45001220703125,265.5,270.1499938964844,12965149
2024-07-05,270.0,274.3999938964844,268.95001220703125,273.79998779296875,15355368
2024-07-08,268.0,268.0,261.54998779296875,262.3500061035156,22806599
2024-07-09,264.29998779296875,264.70001220703125,261.1000061035156,261.70001220703125,13578992
2024-07-10,263.5,263.5,254.5500030517578,256.54998779296875,18117284
2024-07-11,258.70001220703125,259.04998779296875,255.5500030517578,256.70001220703125,9469388
2024-07-12,257.1000061035156,259.1000061035156,250.0500030517578,250.60000610351562,19538619
2024-07-15,252.60000610351562,259.29998779296875,250.64999389648438,258.54998779296875,29164529
2024-07-16,259.79998779296875,260.8999938964844,256.95001220703125,258.20001220703125,18989023
2024-07-18,258.20001220703125,258.8500061035156,254.8000030517578,255.4499969482422,18903883
2024-07-19,256.0,257.25,248.75,250.60000610351562,13018805
2024-07-22,249.6999969482422,256.20001220703125,246.75,253.0,14680632
2024-07-23,255.10000610351562,255.10000610351562,243.85000610351562,251.10000610351562,9028466
2024-07-24,252.0,252.89999389648438,246.0500030517578,248.9499969482422,21869220
2024-07-25,248.25,249.10000610351562,244.85000610351562,245.35000610351562,16680821
2024-07-26,246.0,250.6999969482422,244.0500030517578,249.6999969482422,16144925
2024-07-29,254.0,260.75,251.3000030517578,255.89999389648438,32691314
2024-07-30,256.54998779296875,257.95001220703125,254.89999389648438,256.25,11358547
2024-07-31,257.3999938964844,257.3999938964844,251.5,253.64999389648438,17796739
2024-08-01,258.1000061035156,258.45001220703125,250.25,251.25,33759802
2024-08-02,250.0,250.0,242.5500030517578,243.6999969482422,26445597
2024-08-05,238.35000610351562,241.6999969482422,231.25,239.9499969482422,33533629
2024-08-06,241.5500030517578,246.35000610351562,238.6999969482422,239.5,22617452
2024-08-07,243.0,244.4499969482422,239.0,243.39999389648438,15128074
2024-08-08,243.5,244.75,240.5,241.35000610351562,10738946
2024-08-09,243.1999969482422,250.1999969482422,242.10000610351562,245.85000610351562,18588035
2024-08-12,244.0,246.9499969482422,242.5,244.85000610351562,11628884
2024-08-13,245.0500030517578,246.5500030517578,241.0,241.75,10527254
2024-08-14,241.89999389648438,243.39999389648438,238.75,239.4499969482422,13196198
2024-08-16,241.5,243.75,240.5,243.4499969482422,8039046
2024-08-19,243.89999389648438,249.4499969482422,243.89999389648438,247.35000610351562,10533731
2024-08-20,247.35000610351562,255.0500030517578,246.9499969482422,254.35000610351562,25268902
2024-08-21,254.85000610351562,255.39999389648438,251.0500030517578,253.39999389648438,14318532
2024-08-22,254.35000610351562,256.79998779296875,253.5,254.10000610351562,11102262
2024-08-23,254.10000610351562,255.10000610351562,251.8000030517578,252.5,6941785
2024-08-26,253.25,253.6999969482422,251.0,251.39999389648438,12148085
2024-08-27,251.60000610351562,252.5,250.10000610351562,251.1999969482422,7571973
2024-08-28,251.1999969482422,251.64999389648438,248.0500030517578,249.85000610351562,16568081
2024-08-29,249.85000610351562,250.6999969482422,247.64999389648438,249.8000030517578,9988780
2024-08-30,250.4499969482422,253.85000610351562,249.64999389648438,250.10000610351562,12909590
2024-09-02,251.0,255.9499969482422,248.10000610351562,253.89999389648438,17493446
2024-09-03,253.6999969482422,254.64999389648438,250.35000610351562,250.6999969482422,9389384
2024-09-04,247.9499969482422,249.4499969482422,242.35000610351562,243.5,17943213
2024-09-05,245.0,245.10000610351562,240.85000610351562,243.85000610351562,14160225
2024-09-06,243.5,244.1999969482422,235.0500030517578,235.85000610351562,21276104
2024-09-09,235.85000610351562,237.1999969482422,231.5,235.5500030517578,15982999
2024-09-10,237.3000030517578,237.4499969482422,235.0,235.6999969482422,10135668
2024-09-11,236.0,237.1999969482422,231.75,232.8000030517578,11565080
2024-09-12,235.0,237.89999389648438,233.1999969482422,237.10000610351562,8287067
2024-09-13,238.8000030517578,241.14999389648438,236.6999969482422,239.4499969482422,15452772
2024-09-16,240.4499969482422,241.9499969482422,238.5500030517578,239.14999389648438,6992312
2024-09-17,240.0,240.64999389648438,238.1999969482422,239.5,6653415
2024-09-18,239.0,240.89999389648438,237.10000610351562,237.89999389648438,10071196
2024-09-19,238.8000030517578,241.60000610351562,231.0,235.85000610351562,15897092
2024-09-20,237.89999389648438,239.5,235.0,235.5,17417523
2024-09-23,237.3000030517578,245.39999389648438,236.0,244.5,16696706
2024-09-24,244.3000030517578,247.10000610351562,241.89999389648438,243.60000610351562,10357559
2024-09-25,243.60000610351562,245.14999389648438,240.5500030517578,243.1999969482422,9323772
2024-09-26,244.0,245.9499969482422,241.6999969482422,245.14999389648438,7377443
2024-09-27,245.1999969482422,250.0,244.60000610351562,249.60000610351562,21539028
2024-09-30,247.5,251.60000610351562,246.14999389648438,247.8000030517578,12929732
2024-10-01,250.0,251.39999389648438,248.10000610351562,248.91000366210938,8742175
2024-10-03,245.7899932861328,249.77000427246094,243.5,245.05999755859375,13127876
2024-10-04,247.72999572753906,255.6999969482422,244.33999633789062,250.58999633789062,41064802
2024-10-07,252.0,253.27999877929688,239.0399932861328,242.6699981689453,18620251
2024-10-08,243.0,248.69000244140625,240.85000610351562,247.24000549316406,14466416
2024-10-09,248.58999633789062,250.5,244.25,246.32000732421875,19792122
2024-10-10,247.08999633789062,252.08999633789062,244.88999938964844,246.0500030517578,17374776
2024-10-11,246.80999755859375,248.1999969482422,242.1300048828125,242.4199981689453,9419288
2024-10-14,243.8000030517578,245.75,242.60000610351562,244.5500030517578,6326914
2024-10-15,245.05999755859375,248.13999938964844,242.17999267578125,243.80999755859375,10652623
2024-10-16,243.7899932861328,245.58999633789062,242.6999969482422,244.14999389648438,5229639
2024-10-17,244.14999389648438,245.19000244140625,239.72999572753906,241.9600067138672,10781332
2024-10-18,240.64999389648438,248.75,237.85000610351562,247.97000122070312,10982434
2024-10-21,248.0,251.1999969482422,244.83999633789062,245.77000427246094,7677386
2024-10-22,245.0,245.5,233.10000610351562,233.64999389648438,10255996
2024-10-23,233.64999389648438,239.83999633789062,229.25999450683594,237.9600067138672,16390552
2024-10-24,236.72999572753906,245.6999969482422,236.3000030517578,244.77000427246094,11899296
2024-10-25,244.0,245.89999389648438,234.25,239.52000427246094,13124438
2024-10-28,240.0,253.5800018310547,239.89999389648438,249.9199981689453,34626442
2024-10-29,249.89999389648438,255.0,247.50999450683594,254.55999755859375,15007577
2024-10-30,254.6999969482422,256.3900146484375,250.61000061035156,251.47999572753906,13781718
2024-10-31,251.4499969482422,254.17999267578125,248.1999969482422,250.9600067138672,7738588
2024-11-01,252.10000610351562,254.1999969482422,252.0,253.6999969482422,1782431
2024-11-04,253.5,255.60000610351562,247.5500030517578,252.64999389648438,15810287
2024-11-05,253.6999969482422,260.0,251.4499969482422,257.8999938964844,16900651
2024-11-06,260.04998779296875,264.0,259.1000061035156,262.54998779296875,21915311
2024-11-07,263.0,266.3999938964844,261.0,262.75,11833629
2024-11-08,262.70001220703125,262.70001220703125,254.14999389648438,256.6000061035156,13569792
2024-11-11,256.0,259.54998779296875,252.8000030517578,258.3500061035156,9319722
2024-11-12,259.0,260.5,252.0,252.6999969482422,6461353
2024-11-13,250.14999389648438,252.85000610351562,241.89999389648438,243.3000030517578,15240064
2024-11-14,243.4499969482422,246.89999389648438,240.85000610351562,241.5,6939685
2024-11-18,241.5,243.85000610351562,236.14999389648438,241.39999389648438,15402466
2024-11-19,242.5,246.0,236.25,237.1999969482422,12811548
2024-11-21,237.1999969482422,237.39999389648438,219.85000610351562,228.5,32722184
2024-11-22,229.0,238.0,229.0,236.0,16249864
2024-11-25,242.0,248.3000030517578,240.8000030517578,247.10000610351562,18985964
2024-11-26,247.10000610351562,250.0,245.39999389648438,247.5,5822108
2024-11-27,247.5,249.85000610351562,244.64999389648438,246.4499969482422,9255064
2024-11-28,247.4499969482422,252.0,245.60000610351562,249.0,12657927
2024-11-29,249.4499969482422,250.4499969482422,244.25,246.39999389648438,9029433
2024-12-02,246.0,247.5,244.3000030517578,246.41000366210938,7689533
2024-12-03,247.6999969482422,255.0,247.17999267578125,254.5500030517578,15697277
2024-12-04,255.0,261.70001220703125,254.22000122070312,260.57000732421875,16236326
2024-12-05,260.95001220703125,262.3800048828125,258.54998779296875,259.9800109863281,12264971
2024-12-06,261.29998779296875,266.95001220703125,258.0,264.6000061035156,18607200
2024-12-09,263.0,264.79998779296875,261.32000732421875,262.92999267578125,9706145
2024-12-10,263.6000061035156,264.45001220703125,261.0,262.92999267578125,10964378
2024-12-11,262.92999267578125,265.0,259.989990234375,260.7699890136719,9109708
2024-12-12,259.25,261.20001220703125,258.0,259.20001220703125,8971686
2024-12-13,258.0,258.8999938964844,251.11000061035156,257.989990234375,12263775
2024-12-16,256.6400146484375,259.6000061035156,256.5400085449219,259.0799865722656,5025258
2024-12-17,257.510009765625,259.29998779296875,253.60000610351562,255.99000549316406,8889901
2024-12-18,254.25,255.8000030517578,249.72999572753906,250.6699981689453,9707392
2024-12-19,246.0,251.0,244.85000610351562,248.30999755859375,6211727
2024-12-20,248.0,249.99000549316406,237.77000427246094,240.58999633789062,10949542
2024-12-23,241.05999755859375,247.3000030517578,239.0500030517578,246.25,11064641
2024-12-24,245.6999969482422,247.67999267578125,243.2899932861328,244.9499969482422,7643411
2024-12-26,244.99000549316406,248.6999969482422,244.99000549316406,246.67999267578125,5185131
2024-12-27,246.14999389648438,248.2100067138672,244.60000610351562,244.99000549316406,4851649
2024-12-30,244.0,247.3000030517578,239.72000122070312,241.0,24354060
2024-12-31,240.0,241.89999389648438,238.05999755859375,240.5500030517578,11001016
2025-01-01,240.0,241.77999877929688,238.77000427246094,241.22000122070312,4349210
2025-01-02,240.6999969482422,241.9199981689453,235.0500030517578,241.1199951171875,14134494
2025-01-03,242.5,245.10000610351562,240.8000030517578,241.63999938964844,11308123
2025-01-06,239.1999969482422,241.38999938964844,227.25,227.9600067138672,29034063
2025-01-07,230.39999389648438,233.72000122070312,229.25,232.4600067138672,10569432
2025-01-08,232.50999450683594,234.4600067138672,229.91000366210938,232.9499969482422,9535741
2025-01-09,231.60000610351562,233.14999389648438,229.6999969482422,231.0399932861328,5382497
2025-01-10,230.11000061035156,231.14999389648438,225.0,225.39999389648438,8065484
2025-01-13,224.0,224.42999267578125,216.35000610351562,217.69000244140625,14375458
2025-01-14,217.85000610351562,226.4499969482422,217.85000610351562,223.72000122070312,10793343
2025-01-15,224.8800048828125,225.88999938964844,221.25,222.02000427246094,8409931
2025-01-16,225.0,230.9499969482422,225.0,228.85000610351562,13044666
2025-01-17,227.99000549316406,228.89999389648438,225.83999633789062,228.0,6060015
2025-01-20,229.0,235.52999877929688,226.80999755859375,232.1199951171875,8569679
2025-01-21,233.39999389648438,233.39999389648438,228.38999938964844,229.61000061035156,5923042
2025-01-22,230.0,231.10000610351562,223.52000427246094,228.3800048828125,9955733
2025-01-23,227.5,231.25,225.52000427246094,229.16000366210938,7731880
2025-01-24,228.36000061035156,230.00999450683594,224.60000610351562,225.2100067138672,7498269
2025-01-27,223.0,224.8699951171875,218.4499969482422,219.6199951171875,7821158
2025-01-28,224.5,225.2899932861328,220.10000610351562,221.75999450683594,12792946
2025-01-29,222.6999969482422,224.89999389648438,221.07000732421875,222.58999633789062,8514453
2025-01-30,223.89999389648438,225.83999633789062,221.69000244140625,222.38999938964844,10812716
2025-01-31,218.5,218.5,211.0500030517578,213.38999938964844,50873400
2025-02-01,216.0,216.4199981689453,207.61000061035156,210.83999633789062,16153674
2025-02-03,211.08999633789062,211.08999633789062,206.5500030517578,207.99000549316406,13272380
2025-02-04,210.5,214.5,210.11000061035156,212.88999938964844,12129201
2025-02-05,215.0,221.11000061035156,214.1199951171875,220.02000427246094,15759413
2025-02-06,221.60000610351562,222.5800018310547,218.00999450683594,219.7100067138672,10170330
2025-02-07,220.0,220.82000732421875,215.0500030517578,216.32000732421875,9557681
2025-02-10,216.5,217.16000366210938,213.63999938964844,215.22999572753906,4292326
2025-02-11,216.0,216.99000549316406,209.5,210.77999877929688,5669659
2025-02-12,212.89999389648438,214.1999969482422,205.7100067138672,212.5399932861328,8728432
2025-02-13,212.97999572753906,214.2100067138672,210.5,210.8000030517578,5986171
2025-02-14,211.6999969482422,212.86000061035156,202.25,205.16000366210938,10600160
2025-02-17,204.97999572753906,207.4499969482422,200.17999267578125,206.9600067138672,7113238
2025-02-18,205.52999877929688,207.2899932861328,203.3000030517578,206.08999633789062,6382336
2025-02-19,204.1999969482422,209.88999938964844,203.52000427246094,208.88999938964844,5908141
2025-02-20,208.50999450683594,213.9499969482422,207.11000061035156,213.57000732421875,5212633
2025-02-21,212.02999877929688,214.9499969482422,209.1300048828125,210.27000427246094,7935366
2025-02-24,208.0,209.4199981689453,206.5,208.6300048828125,4609750
2025-02-25,208.6300048828125,209.57000732421875,204.35000610351562,204.77000427246094,5449460
2025-02-27,207.0,208.50999450683594,201.77999877929688,203.17999267578125,9246629
2025-02-28,202.0,202.0,196.00999450683594,197.07000732421875,14293523
2025-03-03,198.10000610351562,199.19000244140625,193.0399932861328,195.91000366210938,11080593
2025-03-04,194.00999450683594,197.63999938964844,190.6999969482422,195.9199981689453,15521855
2025-03-05,195.89999389648438,205.74000549316406,195.88999938964844,205.22000122070312,9984238
2025-03-06,207.0,210.3800048828125,206.24000549316406,207.16000366210938,7708374
2025-03-07,206.85000610351562,208.10000610351562,204.52000427246094,205.89999389648438,6253445
2025-03-10,206.0,206.83999633789062,203.02999877929688,204.02999877929688,9737436
2025-03-11,203.0,204.8000030517578,201.39999389648438,202.55999755859375,12900521
2025-03-12,203.55999755859375,204.8000030517578,201.11000061035156,202.39999389648438,13928062
2025-03-13,203.6999969482422,207.9499969482422,202.3000030517578,205.52000427246094,8576303
2025-03-17,206.89999389648438,206.99000549316406,204.3000030517578,205.74000549316406,6086364
2025-03-18,205.74000549316406,205.74000549316406,205.74000549316406,205.74000549316406,0
2025-03-19,210.0,213.99000549316406,209.4199981689453,213.75999450683594,8786037
2025-03-20,214.64999389648438,217.75,214.64999389648438,215.64999389648438,8936273
2025-03-21,215.60000610351562,217.19000244140625,214.36000061035156,216.6999969482422,9614502
2025-03-24,218.6999969482422,225.13999938964844,217.10000610351562,224.47000122070312,13453091
2025-03-25,225.89999389648438,225.89999389648438,220.6999969482422,223.07000732421875,9683595
2025-03-26,223.0,225.0,219.52999877929688,220.33999633789062,8824925
2025-03-27,219.5,232.0,219.0,230.97999572753906,38539990
2025-03-28,230.97999572753906,233.75,226.86000061035156,228.52999877929688,12275939
2025-04-01,227.9199981689453,231.5399932861328,226.7899932861328,228.5800018310547,5686405
2025-04-02,230.0,232.6699981689453,226.30999755859375,231.52000427246094,11817603
2025-04-03,228.25,238.5,228.25,236.77999877929688,10557954
2025-04-04,238.89999389648438,242.33999633789062,232.8300018310547,234.32000732421875,13578143
2025-04-07,220.0,230.33999633789062,219.0,229.36000061035156,13391046
2025-04-08,232.0,236.60000610351562,231.1300048828125,235.83999633789062,9329948
2025-04-09,235.0,235.8800048828125,229.0500030517578,230.2100067138672,9003748
2025-04-11,232.52000427246094,234.55999755859375,230.55999755859375,232.5,7672071
2025-04-15,236.0,236.08999633789062,231.8000030517578,234.9499969482422,11313564
2025-04-16,234.9499969482422,241.3000030517578,233.3800048828125,240.7899932861328,10650464
2025-04-17,241.0500030517578,244.6699981689453,241.0500030517578,242.80999755859375,10250305
2025-04-21,243.0,250.64999389648438,243.0,249.4199981689453,13025589
2025-04-22,251.00999450683594,257.2799987792969,249.7899932861328,252.4499969482422,15802728
2025-04-23,253.8000030517578,253.8000030517578,247.55999755859375,251.47000122070312,12117005
2025-04-24,250.5,255.7899932861328,250.5,252.00999450683594,10518406
2025-04-25,251.5500030517578,253.75999450683594,245.00999450683594,246.7899932861328,12840481
2025-04-28,246.7899932861328,253.4499969482422,246.60000610351562,252.5500030517578,5675324
2025-04-29,254.0,259.44000244140625,251.72999572753906,253.22000122070312,13432236
