Date,Open,High,Low,Close,Volume
2010-01-04,126.74440485507999,128.05025581467285,123.01889617712705,123.59500122070312,1300300
2010-01-05,125.01608244209531,126.62918767150317,120.1383358645886,120.63763427734375,539489
2010-01-06,121.36738690762957,126.51397086036343,121.36738690762957,124.32476043701172,995361
2010-01-07,124.82404010488445,124.97768098761614,121.82826336283844,122.5964126586914,315543
2010-01-08,122.90368083459728,124.05590478015698,121.52100934403536,122.2507553100586,210860
2010-01-11,123.24932912681848,125.05447846149946,121.75144775557385,122.32755279541016,193301
2010-01-12,122.90367460818216,123.59500342871405,119.21655541329375,119.8310775756836,177839
2010-01-13,118.33317944161261,119.75425415580861,115.99034217596287,117.02732849121094,360419
2010-01-14,117.91070389593963,119.60062950026408,117.21937507854119,118.14115142822266,161735
2010-01-15,118.98611892350544,123.9406718788712,117.91070171918817,119.29337310791016,401230
2010-01-18,118.67886291301961,122.78846038546705,118.29478825410442,121.86668395996094,346797
2010-01-19,122.8268555068511,123.28775057852035,119.52382468454127,120.17675018310547,234860
2010-01-20,121.59783179529329,122.67323531714277,119.06293631727483,121.52101135253906,243796
2010-01-21,120.59923203066894,121.36738132189467,117.56505197594325,118.87090301513672,205144
2010-01-22,114.06996451244999,119.8310770325471,112.3032253606063,118.14115142822266,262057
2010-01-25,116.68167114257812,118.67885089909042,114.8381115884646,116.68167114257812,454816
2010-01-27,115.22219254382479,119.44700670678098,112.22641585461271,113.72430419921875,355630
2010-01-28,114.83811370520505,121.67462966633781,114.45403907809053,118.21797180175781,398052
2010-01-29,115.37583248454818,118.21798221977117,112.91775741028644,115.22219848632812,590122
2010-02-01,115.41423042784376,116.45123058607399,113.68590142394378,114.0699691772461,351488
2010-02-02,116.60484981562564,119.0629246091741,111.45825959210394,112.80252075195312,599320
2010-02-03,114.06996968365196,114.60767832011351,112.53367799444567,113.22501373291016,190587
2010-02-04,112.91775741028644,115.68308670153645,112.91775741028644,115.22219848632812,316273
2010-02-05,112.91775428061158,115.26060551370432,109.07701466717636,114.26200866699219,257510
2010-02-08,112.91776372694372,118.14116838465446,111.76553967960413,115.7983169555664,365202
2010-02-09,113.95474871509701,122.48118347525194,113.95474871509701,121.44418334960938,899725
2010-02-10,122.36597401131593,124.82403512463158,121.5594076372349,123.13410949707031,833943
2010-02-11,122.90368090295253,124.70883037405488,120.67605345207872,122.17393493652344,172767
2010-02-15,122.13553160548551,122.94208423399046,121.5210094116216,122.17393493652344,101655
2010-02-16,122.59642226540461,128.74161711376865,122.17394425341531,126.24512481689453,755165
2010-02-17,127.51256588024316,128.28071519561345,125.89946058563655,127.090087890625,331346
2010-02-18,126.74440742361001,126.74440742361001,124.43995964370417,124.55518341064453,71174
2010-02-19,124.7856389581567,125.5153849358258,118.41001071454015,121.59783172607422,150924
2010-02-22,122.17392315620386,125.89944551174946,120.06151968157855,121.36737060546875,132902
2010-02-23,120.59923094696293,122.44278371755797,119.9463054332334,120.63763427734375,64023
2010-02-24,119.56223524015809,120.56083210282763,114.33883093595124,114.9533462524414,428484
2010-02-25,116.9505199848373,116.9505199848373,112.91774343363602,113.37863159179688,464523
2010-02-26,112.8409407284935,117.60345674679706,111.3814556793472,114.26200866699219,456015
2010-03-02,117.52663056700762,121.09852601850353,117.14255593544301,118.48682403564453,163060
2010-03-03,118.67885293244686,123.67182307844904,118.67885293244686,121.17533111572266,470354
2010-03-04,122.7884678511155,124.28634946634108,120.7144673227627,122.21234893798828,395900
2010-03-05,122.94207305184955,123.97907313116502,121.94347630007907,122.98047637939453,262326
2010-03-08,125.40016234929207,127.12849142185893,123.47978905785573,124.47838592529297,300402
2010-03-09,124.55519555853766,125.40016533869351,122.98049355585623,124.59361267089844,141516
2010-03-10,122.94207188264568,125.20810243690121,120.29196671824258,122.28914642333984,308515
2010-03-11,121.98189189835476,124.36314620679349,119.25496630793621,120.09992218017578,274748
2010-03-12,120.59922775111316,121.67463120888713,117.98752576540446,118.33318328857422,145095
2010-03-15,119.48540382807283,121.21374651317409,115.45263408497914,116.10555267333984,249528
2010-03-16,115.99033731007286,119.06292035770574,115.99033731007286,117.641845703125,101471
2010-03-17,117.52664147812825,119.13976059224116,115.22220036452273,115.83671569824219,330585
2010-03-18,116.14397269603697,118.21797294665106,114.0699655556975,116.29759979248047,384401
2010-03-19,116.75847970294524,117.14255432924361,115.41422540062624,116.02874755859375,284374
2010-03-22,114.5308584929243,116.79689601678182,113.68589569876006,114.76129913330078,116019
2010-03-23,117.52663067043918,117.52663067043918,112.53367423515594,113.18659973144531,187138
2010-03-25,113.68589841790038,114.7228985487106,110.38286070903352,111.41986083984375,559094
2010-03-26,112.9177481002993,113.3018227295939,108.84656116361188,109.30744934082031,549835
2010-03-29,111.3814321946069,112.91773047194327,109.07699166832663,109.96035766601562,371078
2010-03-30,110.65171243860635,113.14819068205578,110.61330221912885,111.26622772216797,286362
2010-03-31,112.0727833923053,113.37863435386095,110.61329844780325,112.57207489013672,235136
2010-04-01,113.37863430037179,113.6858953763944,110.84374592506697,111.30463409423828,199260
2010-04-05,112.14959529024526,114.91493115565075,112.14959529024526,114.14678192138672,507073
2010-04-06,114.87652860270899,116.95052891771093,114.30041663857227,115.41423034667969,423995
2010-04-07,116.6048555239731,125.13130417332692,116.6048555239731,123.90225982666016,2459061
2010-04-08,125.51536891548587,127.89662320270544,122.90366710899991,125.05447387695312,1982752
2010-04-09,123.2877602240759,125.97626908764884,122.17393956670145,124.32476043701172,926902
2010-04-12,125.40014992396918,125.40014992396918,119.06292557988144,119.29337310791016,359067
2010-04-13,118.90930809977075,119.83108450694753,117.56505371002368,118.56363677978516,329854
2010-04-15,119.06292454771764,120.56081968746865,116.18237181068137,118.44840240478516,239701
2010-04-16,117.9107080657253,117.9107080657253,114.64608050776785,115.06856536865234,234191
2010-04-19,113.68590134399513,118.87090213149997,112.30322987417678,115.41423034667969,702331
2010-04-20,116.75848001397515,119.79267370365014,116.37440538665365,118.14115142822266,322299
2010-04-21,118.29478940857975,119.83108805923375,117.14256542058925,117.83390808105469,184063
2010-04-22,117.52663954269967,119.67746039961314,116.79690733261168,118.67886352539062,346130
2010-04-23,119.4469955508143,122.21232444117155,118.33317506166286,119.4085922241211,678733
2010-04-26,120.2151424303085,121.75144082164464,119.52381366598708,120.98329162597656,289759
2010-04-27,120.59924153787796,122.40439113661877,119.67746507163088,120.75286865234375,269293
2010-04-28,118.06433525999647,121.75145457149331,118.06433525999647,118.60205078125,380895
2010-04-29,120.59922348224713,121.3673727190242,119.52382006253933,120.2919692993164,146046
2010-04-30,121.06012847289051,125.59219005064328,121.06012847289051,123.94068145751953,893441
2010-05-03,124.43996326231739,124.43996326231739,111.80393788317988,113.72430419921875,2332753
2010-05-04,115.37583298690596,118.6788640619931,111.76553391404083,112.18801879882812,1931306
2010-05-05,111.41986166453876,114.72289939785367,108.30886124908142,113.8779296875,1564531
2010-05-06,111.4198594733369,118.06433124930618,111.4198594733369,113.76271057128906,1040852
2010-05-07,111.41985226211166,114.3004048971675,110.65170305550346,113.2634048461914,528311
2010-05-10,115.29900056761164,115.6062685334767,113.3018207970159,113.91633605957031,551566
2010-05-11,114.68448280570283,115.06855742007603,112.5336690990479,112.87933349609375,243994
2010-05-12,114.30042647750741,114.41565025819828,110.53650016626408,112.14961242675781,437257
2010-05-13,113.45545227276057,113.68589981119842,111.38145198572182,111.68871307373047,213203
2010-05-14,111.38145838673084,111.84234660036796,109.84516663784906,110.07560729980469,192641
2010-05-17,109.84516143798828,110.99737847267437,107.96319845067279,109.84516143798828,194267
2010-05-18,111.38144449422843,116.45122110161421,109.84515293696685,114.30040740966797,828291
2010-05-19,112.14960497997939,116.18238191857266,111.76553032966329,114.26200866699219,359911
2010-05-20,115.22219034236709,116.33600402453949,111.57348821085303,113.53226470947266,256788
2010-05-21,111.41985220450056,113.68588960693309,109.88355379207854,111.91914367675781,150783
2010-05-24,112.91775159479197,117.44982684894306,111.57349035065974,112.45686340332031,379940
2010-05-25,112.91774442122805,113.22500549259765,108.07840838362605,108.8465576171875,222963
2010-05-26,110.22922862671173,111.99597472434245,109.84516087692846,110.76693725585938,141199
2010-05-27,109.84516038694304,110.99737741060423,109.53789929876149,110.34445190429688,97657
2010-05-28,114.45404310371296,114.45404310371296,107.54071335194404,109.00019836425781,708410
2010-05-31,110.22922886843585,112.9177513508932,108.80816096680762,111.61190032958984,424095
2010-06-01,111.68871012085181,112.91774755066703,109.84515742099164,110.2292251586914,222323
2010-06-02,110.76694099075164,112.53368025822857,109.5379034808273,112.07279205322266,247083
2010-06-03,112.91774343363602,115.03014691772951,111.88074335534283,113.37863159179688,782268
2010-06-04,112.22641366260362,116.14397354790007,112.22641366260362,114.87652587890625,636055
2010-06-07,113.6090814879175,114.41564099774702,109.84516237104043,113.22501373291016,546618
2010-06-08,113.99315841387958,117.87230826947678,113.22501599876719,115.60627746582031,896050
2010-06-09,115.99034839523168,116.75848389596302,113.34022924476697,114.22360229492188,295293
2010-06-10,114.22359931628417,115.99034537052208,112.6488974668094,114.1083755493164,322961
2010-06-11,115.22219032585288,115.95192937410602,111.45826442678882,112.26482391357422,287835
2010-06-14,115.99035471859038,117.52663958325664,110.38286880139489,111.76553344726562,1453561
2010-06-15,114.3004122890549,114.3004122890549,109.84515762616276,111.15100860595703,1052084
2010-06-16,112.14959907721118,113.45545006366477,111.18941250195843,111.49667358398438,384334
2010-06-17,111.38144406910848,112.14959328966992,109.96036938901482,110.84374237060547,163003
2010-06-18,111.07418628125919,112.14959659973061,110.07559639889125,110.45967102050781,212251
2010-06-21,111.76552718474694,112.53367646376455,110.53648971626389,110.76693725585938,271880
2010-06-22,110.69012015942974,111.26622521050922,109.99878445251895,110.30604553222656,178820
2010-06-23,110.99737790572934,112.68730356367786,108.8081607281998,110.76693725585938,243082
2010-06-24,111.03578266238821,112.53367092688323,110.42126051351963,110.95896911621094,990201
2010-06-25,110.95898155990652,110.95898155990652,109.07701846374378,109.49949645996094,303244
2010-06-28,109.38427324616873,110.61330383120382,109.38427324616873,109.84516143798828,144115
2010-06-29,110.61330138177952,110.61330138177952,108.30886047371136,108.80815887451172,173689
2010-06-30,108.30886382023101,108.92337911812797,107.69434852233407,108.3472671508789,242920
2010-07-01,108.30886820940124,108.34727154160541,106.50371868347975,107.46390533447266,292210
2010-07-02,109.07701670863058,109.38427781257921,106.08123989187752,107.54071807861328,468439
2010-07-05,107.31027221679688,108.15523504440729,106.23486184996294,107.31027221679688,149320
2010-07-06,108.88497329434927,110.45967516827216,107.31027142042637,108.65452575683594,792025
2010-07-07,109.4226694688174,109.46107968635971,107.11822865940698,107.57911682128906,234995
2010-07-08,109.63230801111229,112.88640769339882,109.24491403358088,111.99540710449219,719421
2010-07-09,113.1188373271823,114.6684131067263,110.83321583206248,111.37556457519531,536913
2010-07-12,111.9566650390625,112.88640780636044,111.3755740721839,111.9566650390625,381755
2010-07-13,112.34405407310581,113.00262241673298,110.98817521005667,111.72422790527344,565963
2010-07-14,112.57649051201717,113.81614976702879,109.74852022533311,111.18186950683594,680761
2010-07-15,113.0961079430334,113.68209915631546,110.08802812429805,112.19759368896484,414313
2010-07-16,113.05704195623589,113.29143422830352,110.86934571091481,111.45532989501953,275325
2010-07-19,112.51011872325947,116.88551845838329,109.7755000206948,115.5963363647461,1554669
2010-07-20,117.19803916586967,121.10464023780294,116.84644724183586,118.79975128173828,1873940
2010-07-21,120.32331223937054,121.02651006588061,118.99506836584135,120.08891296386719,1021917
2010-07-22,120.08891918075602,120.71397927587627,118.13562915908774,119.11227416992188,349848
2010-07-23,120.01079334911209,126.14415250298518,117.04177546841802,123.25326538085938,2083215
2010-07-26,124.0736579532182,124.6205802493792,119.62012780484673,120.04985046386719,898936
2010-07-27,120.04985902434424,123.56580634204771,118.09655495895343,120.67491912841797,569406
2010-07-28,120.6749180318044,121.88596233661855,118.6434902317042,119.15133666992188,402678
2010-07-29,119.50292646486395,120.44050953288603,117.54962256659208,118.1746826171875,383913
2010-07-30,118.83880828518983,132.35564645876013,118.25282410511717,130.32421875,6956599
2010-08-02,131.10555240479906,134.97308479029257,127.74586648144604,133.8401641845703,3232413
2010-08-03,134.9730932932878,140.2470077947252,131.57434527775152,136.57479858398438,2181440
2010-08-04,135.94972200463687,139.27033184249603,134.77773958849662,137.70770263671875,1636079
2010-08-05,138.76248978213073,141.3017780892437,136.34038710615562,139.11407470703125,1458324
2010-08-06,139.85632876474597,139.9344525156535,135.94972074708187,136.49664306640625,640162
2010-08-09,134.77775305333464,138.13743911839805,134.77775305333464,137.04359436035156,300136
2010-08-10,137.51236584927994,139.30940836532002,136.7310442349793,137.74676513671875,374449
2010-08-11,137.51237324694324,142.20030318494057,136.73105159061035,139.2703399658203,846415
2010-08-12,136.57477894920706,145.3255639691789,136.57477894920706,144.19265747070312,1273560
2010-08-13,144.54424090282288,150.63853805159246,144.54424090282288,145.95062255859375,1947641
2010-08-16,147.2007265959657,150.63853591396148,145.71622121222714,147.66952514648438,1097154
2010-08-17,148.37271280904133,152.0839833726226,147.6304671057707,150.2478790283203,1307000
2010-08-18,151.5761324106502,153.29503722173607,146.96635433997116,148.17739868164062,1883853
2010-08-19,148.84152924494114,150.56043415498044,145.75530437335723,146.69290161132812,777354
2010-08-20,146.8881913884201,148.68523366202075,143.7629053528507,144.81768798828125,568114
2010-08-23,145.87249602004522,146.4584942616071,143.48946920776206,145.2083740234375,392314
2010-08-24,146.10689256933827,146.10689256933827,136.10600093075226,137.27796936035156,1097810
2010-08-25,137.5123742563099,142.39562763636255,136.0278687046784,137.4733123779297,2165397
2010-08-26,138.60621813768708,143.21601030967938,137.12171259504385,142.27842712402344,1054274
2010-08-27,143.48947442428587,144.8958562394194,138.72342062645086,140.5985870361328,939790
2010-08-30,142.00494802421292,143.25506812448234,138.41087726348695,139.77818298339844,462173
2010-08-31,138.7625011720282,140.63766764455994,137.23891965325578,140.1688690185547,473415
2010-09-01,141.69244008542915,143.2160074760715,140.67671914783855,142.74722290039062,383627
2010-09-02,143.72384806852583,148.80242402264824,143.02066429437977,144.38796997070312,1542993
2010-09-03,145.13023537131977,146.06781844583577,140.63764338204876,141.61428833007812,555426
2010-09-06,142.51280001565746,144.11450491166747,142.0440015018295,143.02066040039062,402172
2010-09-07,144.5442553646443,144.5442553646443,139.85633940261414,140.4813995361328,437421
2010-09-08,141.34083177578623,142.08309149110727,138.84060549060382,139.97352600097656,553979
2010-09-09,141.3017890922145,144.0754769090733,139.85634535578134,143.1378936767578,1187108
2010-09-13,144.38799216718067,155.24834353485335,143.8020079346004,150.0916290283203,3898987
2010-09-14,149.70095155587816,155.01392699929195,149.70095155587816,151.84957885742188,2410028
2010-09-15,152.3574483908973,159.07680586008806,150.5604198917634,156.38125610351562,3068170
2010-09-16,157.82669968746197,162.2802160672015,154.7795509999589,156.38125610351562,3935253
2010-09-17,157.82668765692648,159.70185378080026,156.53750569085997,158.9205322265625,1502256
2010-09-20,161.26450545477257,161.26450545477257,158.99866441768873,159.85812377929688,785162
2010-09-21,160.20973966663823,160.91292357096455,152.78719773690688,153.88104248046875,990235
2010-09-22,155.4827218228648,156.10778186469443,150.40414577432153,152.90435791015625,744076
2010-09-23,154.34979842808346,154.42793618772453,148.56803870263485,149.19308471679688,648484
2010-09-24,149.42750232143393,158.92054750383554,148.84151810729506,156.4984588623047,1745253
2010-09-27,158.29550334129482,159.2330865877997,153.1778503583243,154.74049377441406,784481
2010-09-28,155.63899664707975,159.3893291874816,152.6699857218855,153.4122314453125,1080835
2010-09-29,153.84194593053905,156.1077726811675,152.43556442309264,153.1387481689453,583179
2010-09-30,154.11541003920775,154.11541003920775,149.4665428052533,152.04490661621094,608424
2010-10-01,152.35745868353806,158.2173711828717,152.35745868353806,156.8109893798828,1224037
2010-10-04,158.41267693441023,161.5770251266178,155.17020499369923,156.1077880859375,1537509
2010-10-05,156.2640523404879,157.8266955268839,154.03728720144787,154.42794799804688,838546
2010-10-06,155.56087632960362,158.06108873457782,154.77955469714541,156.5375213623047,1101647
2010-10-07,157.396964870932,157.78762568250082,153.3341092495083,154.07635498046875,610654
2010-10-08,154.7795379169779,155.48272170365843,150.7166686718131,151.6933135986328,549079
2010-10-11,152.59182658084114,154.2325933335123,150.83386020073044,151.3417205810547,525304
2010-10-12,151.34175178742402,152.20119721154168,149.46657137747417,150.16976928710938,456673
2010-10-13,150.87295304769563,154.15450124252843,150.40416845743042,152.59185791015625,744551
2010-10-14,153.92009594538143,155.05301652195493,151.96679185598413,154.1544952392578,1476524
2010-10-15,154.70141132584615,155.48273293001262,152.9825065998285,153.9200897216797,629488
2010-10-18,153.92008814167338,153.92008814167338,149.62283337861246,153.25596618652344,265332
2010-10-19,154.62327977338592,159.076810292972,153.13877427210505,156.5765838623047,1437176
2010-10-20,157.04537428526632,165.6398978139423,156.26405269031915,164.03819274902344,3567650
2010-10-21,165.40549949200462,176.30491197799398,165.24923797525707,174.89854431152344,5389357
2010-10-22,175.7579906754124,179.23486200213765,170.95287542505667,177.94569396972656,2735840
2010-10-25,179.54740165496392,189.47016935050507,177.47689797281896,186.5011444091797,4360139
2010-10-26,188.8451111451808,194.70500930290953,184.3915806964907,186.54022216796875,8614783
2010-10-27,187.51687469019942,189.7045781256251,185.17290972704558,186.85275268554688,2344875
2010-10-28,187.5168809204238,188.29820260076772,180.09433897290077,182.86802673339844,1525982
2010-10-29,185.6416969759678,185.6416969759678,174.27348582018325,176.77371215820312,1635246
2010-11-01,178.92232585263264,186.6574035588671,176.8908982406049,184.66502380371094,1535550
2010-11-02,185.1728994732805,186.34488188996005,180.4849838223053,182.24295043945312,1511728
2010-11-03,183.72745275133687,185.13383443044256,181.3053642077452,182.12574768066406,889977
2010-11-04,183.61024930840912,189.86082196102143,182.43828095178682,187.360595703125,2200849
2010-11-08,194.8612676331345,194.8612676331345,185.40729857328367,190.05615234375,958892
2010-11-09,190.6445559372802,190.6445559372802,186.72182178851375,189.4285125732422,825459
2010-11-10,189.82077925837544,193.7042904379805,188.29092273268793,188.99700927734375,954429
2010-11-11,189.2323662460539,191.8213735636205,183.97591944677376,185.23118591308594,966508
2010-11-12,185.2311873243821,185.42731699383833,174.60059614101124,178.68023681640625,1633031
2010-11-15,180.36700862074898,184.36818917934627,174.16910810383126,183.23060607910156,925476
2010-11-16,182.799104914196,186.99641504591335,172.79613969648693,175.38514709472656,1643733
2010-11-18,176.13046307817544,177.85646338120256,165.65679189549684,175.9735565185547,1248220
2010-11-19,176.5227290892802,176.5227290892802,167.93196513058675,170.01100158691406,895740
2010-11-22,171.50164397442407,175.14977400073383,166.480549984012,174.09063720703125,1109316
2010-11-23,171.8939246029233,172.4431045821941,164.8330029659011,169.22647094726562,1348173
2010-11-24,169.42259465449087,174.01219214952127,150.16200257014663,155.5361328125,5181264
2010-11-25,154.55547438507247,167.65739093728038,153.92783404026727,164.16615295410156,9454243
2010-11-26,165.81370793704227,165.81370793704227,144.356379323499,147.80838012695312,5095144
2010-11-29,148.9067421478918,151.41727518847418,143.57182073425685,145.53318786621094,2687041
2010-11-30,143.650284866361,151.18192640905238,141.2181980022667,148.0829620361328,4733071
2010-12-01,149.0636562626926,159.7334714838269,148.2791093701269,156.55606079101562,3238827
2010-12-02,158.47821401181446,161.34179766808543,154.75162309466143,155.96766662597656,1755348
2010-12-03,156.12454584341796,156.90909264362793,151.18191226097372,152.98635864257812,1239546
2010-12-06,154.4377880007019,155.8107521084254,149.1421034782252,150.78965759277344,1187135
2010-12-07,150.63272611656694,151.37803569457603,144.86630877968855,146.39617919921875,946108
2010-12-08,145.14092369943378,146.00393092199081,138.23692221337726,139.02146911621094,979384
2010-12-09,138.08000920675235,140.59055636399503,125.52728749413818,127.64556121826172,1884679
2010-12-10,127.09635350964467,138.86454116634403,123.2520939807845,132.19590759277344,2465897
2010-12-13,133.37273709589533,137.53082407260115,130.62682316673553,136.82473754882812,1333204
2010-12-14,137.29545539527103,144.08177277869956,136.55014576156648,143.29722595214844,1527581
2010-12-15,144.7486487563869,146.160835981655,137.4131507714439,139.96292114257812,1712938
2010-12-16,139.68832825899364,143.7287460910723,139.2568316978511,142.08119201660156,1251128
2010-12-20,141.2574199156275,141.72815366521905,138.08000932668244,138.66842651367188,617055
2010-12-21,139.64910075474975,142.23809411395803,139.25682732776679,140.1590576171875,719597
2010-12-22,140.74746878957063,142.00274945731792,139.2960584338878,140.11984252929688,552412
2010-12-23,140.62978604494003,142.1988798506074,138.39384285282395,139.02146911621094,703138
2010-12-24,138.8645341261096,139.57062056469073,136.19708083191745,137.76617431640625,650503
2010-12-27,138.08001321223153,138.94302041956783,135.29487597837303,135.76560974121094,429244
2010-12-28,135.96173223759078,136.78550220540004,134.31419230197224,135.4910125732422,344966
2010-12-29,135.76560992254372,137.21702026176627,134.1572930200322,135.05950927734375,575577
2010-12-30,135.13796184453304,136.47168866638893,134.58878186772168,135.64791870117188,689979
2010-12-31,136.19708981330652,143.49336373844775,136.19708981330652,142.55191040039062,1015445
2011-01-03,144.5132846238523,145.37627769629853,142.5126803474751,143.06187438964844,780142
2011-01-04,144.35636940214926,144.35636940214926,138.00156233247228,138.51150512695312,755840
2011-01-05,138.47227291805652,138.47227291805652,133.60808550360218,134.43186950683594,631584
2011-01-06,135.72636584535945,136.3540061402945,133.05891218388436,135.09873962402344,648401
2011-01-07,135.53024013681008,135.53024013681008,131.0191026525134,131.72518920898438,1016941
2011-01-10,131.41138135143305,133.09815860379257,127.48864682817833,128.35165405273438,550833
2011-01-11,129.45000873928214,130.82297280247292,124.11510126704208,126.86101531982422,1077710
2011-01-12,128.6654470736843,133.56885742450922,126.90022385093862,132.19590759277344,1222161
2011-01-13,132.27436952729605,134.8633770299866,130.03842641409895,132.0390167236328,818896
2011-01-14,131.0190936703757,139.64909461071414,129.92073375258676,133.01968383789062,1320894
2011-01-17,134.31419910443515,134.94183942895296,129.05773777459768,130.23455810546875,437469
2011-01-18,132.39205400942757,135.33409777760156,130.39146368412526,131.01910400390625,736527
2011-01-19,131.7251895294161,134.31419703210665,130.35223953471623,132.0390167236328,664245
2011-01-20,129.45000425475988,136.35400523227236,129.45000425475988,135.64791870117188,853691
2011-01-21,135.6087026848496,139.4921999197373,134.4318823556352,136.1578826904297,628198
2011-01-24,136.58938910704194,140.9043832184411,136.51092878332895,139.53143310546875,788449
2011-01-25,139.84523702317753,144.67020180985708,138.1976969963502,141.06129455566406,1848339
2011-01-27,141.2966382583294,142.7872856992237,134.94183136895418,135.7263641357422,1002054
2011-01-28,135.09875280219225,135.64793283623038,129.48924086823055,131.1367950439453,786490
2011-01-31,129.45001167976454,136.78550962072194,128.66546478971995,135.05950927734375,1151977
2011-02-01,135.4125405036939,149.0636347623155,131.52904379715432,132.5881805419922,686071
2011-02-02,134.62801216838952,134.62801216838952,129.21464427829562,130.4699249267578,626418
2011-02-03,130.82296404099802,133.84345381581082,129.7245900492858,132.78431701660156,462985
2011-02-04,132.9804580521442,135.17717784366803,127.88090382799585,128.82235717773438,578352
2011-02-07,129.45000824545946,130.82297230341268,120.58463988203316,121.5653305053711,1201229
2011-02-08,122.38909792562967,122.82059447256462,117.68182384590553,118.07410430908203,803501
2011-02-09,117.44647288595992,118.2310197979912,110.38555771447852,111.71929168701172,1123577
2011-02-10,112.11154550531231,116.11273289959341,107.60040830496736,115.09281921386719,916286
2011-02-11,114.66133018348211,121.68301486475964,111.4446894026333,121.01615142822266,910203
2011-02-14,122.38909761955958,125.01732816235273,121.64377388922752,123.9189682006836,663611
2011-02-15,121.68300976100606,126.6648667284402,120.50618949760616,124.74273681640625,759948
2011-02-16,124.74273827029278,125.91955854740861,122.54600427162342,123.44823455810547,523206
2011-02-17,123.87972747657618,126.50795794447586,122.89905097783088,125.99800109863281,572559
2011-02-18,126.78255395965132,129.84228110669937,120.2708262326722,122.1929702758789,1085246
2011-02-21,121.52611161228762,124.58583887930533,119.68242781280775,123.95819854736328,402902
2011-02-22,122.46756032492002,123.76204998775897,120.50619315964984,121.95760345458984,348220
2011-02-23,121.21228171584107,122.31064171713115,118.54482795636545,120.15314483642578,362049
2011-02-24,120.03546284239148,120.0747000383382,112.73919507466326,113.99446868896484,947863
2011-02-25,115.32818605542852,116.77959627193768,112.73918575925525,115.21050262451172,458324
2011-02-28,116.50500734020142,121.60455501146943,116.1519640597474,120.74156188964844,766705
2011-03-01,121.5653233505124,128.03782760391894,121.5653233505124,126.42949676513672,863977
2011-03-03,124.19355456969666,128.97928177581946,123.36977054886681,126.46873474121094,837146
2011-03-04,127.488637271311,128.43009067159844,123.5659171157132,123.87973022460938,550392
2011-03-07,123.13441749758519,123.17364061681798,119.9177698805326,120.54541015625,465191
2011-03-08,120.42773292272096,122.74215040134014,120.42773292272096,121.60455322265625,508562
2011-03-09,122.389107358979,124.3504746420396,119.29015690326337,121.64378356933594,1553374
2011-03-10,121.604561155418,122.38910807322071,119.56474761329106,121.91838836669922,763534
2011-03-11,120.82000592868752,123.33055307828303,120.11391938066353,121.76145935058594,901986
2011-03-14,120.82000635603274,122.585229769136,120.82000635603274,121.60455322265625,640845
2011-03-15,119.56474302610074,125.76264373591484,117.76028236966393,124.78196716308594,2108099
2011-03-16,126.19414924871683,136.86396397023,125.91955925653664,134.31419372558594,3680380
2011-03-17,136.5044676329252,143.32968538513126,129.1258477608752,132.0311737060547,6554488
2011-03-18,133.73747440806605,135.2132038930431,130.6015668444891,131.43165588378906,1755847
2011-03-21,132.8151575307377,132.8151575307377,123.03848058306265,126.58944702148438,1135774
2011-03-22,127.28118692656395,127.74235064731236,123.96080250773538,124.28362274169922,925156
2011-03-23,124.51419736309367,126.12827029187451,122.30061726163386,123.08458709716797,1363909
2011-03-24,122.66954258734414,124.83701757828948,121.83945356769647,123.08458709716797,919426
2011-03-25,124.05303543819981,125.2059446894842,122.07003715543037,124.69866180419922,1031022
2011-03-28,124.60643700730671,128.48020926132884,123.49963287164393,127.23506164550781,1151519
2011-03-29,127.28119129061226,129.5870099734132,126.72778917729988,127.60401153564453,838302
2011-03-30,128.20348712343488,131.89279610540422,125.57484884434297,131.38551330566406,1065035
2011-03-31,132.63068898888866,135.02873189419216,128.3879771257827,129.58700561523438,1595505
2011-04-01,130.04817100484678,132.21564615103426,128.80302331259438,131.20108032226562,513870
2011-04-04,132.3078895287965,135.44381176848202,131.15498004514785,134.61370849609375,827276
2011-04-05,137.33453367775064,138.99472568490106,134.70590923389415,135.99716186523438,2172449
2011-04-06,136.45833002588188,137.61123922527867,131.9850507763816,132.8151397705078,1578735
2011-04-07,133.59915659464423,136.04331907053847,131.93896412346976,134.61370849609375,965288
2011-04-08,135.02872789419,136.31999471904012,132.30786483531216,132.9534912109375,1143983
2011-04-11,133.27630518688895,133.69134968936018,130.50932307228226,131.84669494628906,576902
2011-04-13,130.97048336960341,134.3830917412748,130.14039438613685,133.78358459472656,750289
2011-04-15,133.921929787209,135.3976591918763,132.16951343356536,132.8151397705078,744168
2011-04-18,133.59911901007013,134.01416349270144,129.12582584251516,129.40252685546875,683954
2011-04-19,129.1258491812005,131.80059328479936,128.0190590029389,129.44866943359375,601962
2011-04-20,129.17195725450372,133.64523677202166,126.3588558247082,132.9534912109375,974015
2011-04-21,132.81514969405595,135.39766930838252,131.43165855140953,131.892822265625,1783145
2011-04-25,131.01660943940334,133.64523407430295,129.21807383160902,132.49232482910156,824752
2011-04-26,133.5991301747365,133.82971202586748,129.12583663335553,129.90982055664062,1671268
2011-04-27,130.92439779366717,131.15497968977212,128.66469802655914,128.98751831054688,736663
2011-04-28,129.5869958462187,129.95592116580758,127.32729659813965,127.83457946777344,897544
2011-04-29,128.20350545338835,128.8491318028223,122.48507852846058,124.19137573242188,822366
2011-05-02,125.8054522994901,125.8054522994901,120.87100913133462,123.4996337890625,747928
2011-05-03,123.5918628190407,126.82000848968728,121.1477010121333,121.79332733154297,1020636
2011-05-04,133.7374739243143,133.7374739243143,118.33460905257866,119.48751831054688,749373
2011-05-05,121.83945229189361,121.83945229189361,116.21324965533088,117.59674072265625,510085
2011-05-06,119.62585735988957,122.3928394764958,115.98266705441112,119.99479675292969,2665012
2011-05-09,120.3637274806503,121.51663674770633,117.91955842713155,118.33460998535156,774627
2011-05-10,118.15014814771712,120.27148995512974,117.13558235613753,118.51907348632812,510444
2011-05-11,118.15014505528092,118.88799571319059,117.50451165601078,117.9656753540039,429111
2011-05-12,118.24236934678353,118.61130874932526,116.25937107491873,116.6744155883789,466775
2011-05-13,115.38316068679022,119.30305932151288,115.38316068679022,117.5045166015625,530221
2011-05-16,116.21325816541615,117.36616747261273,115.65986310532178,116.44384002685547,401091
2011-05-17,116.67441248083351,117.04334483674938,113.03122217856281,113.49238586425781,529462
2011-05-18,113.63073431828909,114.32247987713451,111.37103497411391,111.7399673461914,343141
2011-05-19,112.52394519485912,112.52394519485912,109.8953134562736,110.5870590209961,390442
2011-05-20,110.35647713726908,113.67685443970998,109.84919424188514,111.8783187866211,488057
2011-05-23,112.06277134139143,112.06277134139143,107.31278415289444,107.58948516845703,523237
2011-05-24,107.82007777901613,108.60405468573578,105.83707240074888,106.85163116455078,598795
2011-05-25,108.28123653844298,108.28123653844298,104.22299463213278,104.68415832519531,530485
2011-05-26,105.60648990944101,105.60648990944101,102.37834392967643,102.74727630615234,908067
2011-05-27,102.9317482099709,107.63561708082217,102.378353114012,107.08222198486328,1001065
2011-05-30,107.86618893984253,110.31035800987534,107.12833122602116,109.2957992553711,685807
2011-05-31,109.75695661794137,111.2326789970412,109.75695661794137,110.8637466430664,558065
2011-06-01,111.3710287163745,113.16956425359622,111.04821554774487,111.97054290771484,732904
2011-06-02,111.04821637960494,111.04821637960494,108.92686062106324,109.52637481689453,443407
2011-06-03,109.52638336353115,111.69385143747051,109.48026417686864,109.66473388671875,488519
2011-06-06,110.21813169576355,110.21813169576355,105.19144984318724,108.83464050292969,475650
2011-06-07,107.45114703138336,110.35647988208117,107.08221464709158,109.75696563720703,429680
2011-06-08,108.05066578327526,111.50939383628152,108.05066578327526,109.20357513427734,521537
2011-06-09,109.20357149011924,111.27880825267168,109.20357149011924,109.89531707763672,613889
2011-06-10,110.63316994860364,110.63316994860364,107.26668053355709,107.72784423828125,357053
2011-06-13,107.82006962534547,108.37346463313352,106.4826907333251,108.09676361083984,434962
2011-06-14,108.74239359020436,110.6792795754143,108.3734612509265,110.03365325927734,722282
2011-06-15,110.44870445429646,110.5870549695323,108.00453547446152,108.60404968261719,349013
2011-06-16,107.9123082434351,111.04822288180087,106.15988473639543,107.95842742919922,766247
2011-06-17,108.09676415366599,109.01909151687747,106.5288104509262,106.80551147460938,422032
2011-06-20,107.08221946401837,108.37347934872493,103.62349139969736,105.32979583740234,592741
2011-06-21,106.71328203016253,107.6356094704813,105.32979086968436,105.79095458984375,354422
2011-06-22,105.97541756074885,106.89774494241456,104.22299412822413,104.6380386352539,319610
2011-06-23,103.99240824451215,104.638034571887,103.30066273512516,103.9462890625,433449
2011-06-24,104.26910816570155,107.9122983287473,104.26910816570155,107.58948516845703,644671
2011-06-27,104.7302782917999,110.67928716203971,104.7302782917999,110.07977294921875,553568
2011-06-28,110.54093538165009,111.5093819479632,109.24967563883241,109.8030776977539,451909
2011-06-29,110.31036386034397,111.41716104497627,110.03366984178601,110.26425170898438,418502
2011-06-30,110.26423831529064,115.75208327328859,110.26423831529064,114.50694274902344,3107391
2011-07-01,115.65985460715885,118.8879933933203,114.50694538467282,116.30548095703125,1124849
2011-07-04,117.59673487570232,118.3807187376463,116.35159438437825,117.91954803466797,685107
2011-07-05,119.07248321130119,120.31761686424016,116.39772507707588,119.76422882080078,1535118
2011-07-06,118.10402353827395,121.0554683324208,118.10402353827395,118.93411254882812,892735
2011-07-07,119.44140028586443,120.17926503285221,117.366163601361,119.8103256225586,596350
2011-07-08,120.17925568077979,122.57729832988059,118.9802273194302,119.44139099121094,944986
2011-07-11,118.9802399885958,119.44140370948183,115.42928074513335,116.39772033691406,436270
2011-07-12,116.0748950677922,116.72052843196633,113.26180088503092,114.27635955810547,486085
2011-07-13,115.29091965345351,116.67441068929496,114.4608236245888,115.79820251464844,406172
2011-07-14,115.4292772250104,120.17926481264122,114.82976299878132,118.33460998535156,692441
2011-07-15,118.33460150977763,119.71809253115399,117.18169232529733,118.15013885498047,279841
2011-07-18,118.98022987458734,120.5943027604829,117.68897015851101,118.65740966796875,452725
2011-07-19,118.1040306547174,120.68655028280708,118.1040306547174,120.13314819335938,600457
2011-07-20,121.0093547059513,121.0093547059513,118.0579097762646,118.51907348632812,378753
2011-07-21,118.51907135860853,118.75237661718847,116.74594996941872,117.1192398071289,340171
2011-07-22,118.8923612497916,118.9390180295817,117.16590375950587,118.42575073242188,379249
2011-07-25,117.1658976398956,119.73225535138752,117.1658976398956,119.31230163574219,414749
2011-07-26,118.98568513141198,119.87224229030883,114.03961066622,114.97283172607422,754605
2011-07-27,115.62608226376362,115.81272361408776,112.82641928943478,113.29302978515625,666427
2011-07-28,113.339697717635,113.339697717635,109.14020284282893,110.49337768554688,731881
2011-07-29,110.12008549124175,112.7331073169647,105.54730085618243,108.4402847290039,2094997
2011-08-01,109.23352174932636,110.49336868516332,106.20055347568753,107.5070571899414,301070
2011-08-02,111.93986372477491,111.93986372477491,102.74763767279654,103.35423278808594,578025
2011-08-03,101.53445020024512,103.30756444888709,98.92142848659688,102.51432800292969,902716
2011-08-04,103.21424495653606,105.26733550368311,102.04771866380868,102.88761901855469,517507
2011-08-05,98.08152553203676,101.72108885067621,97.24162520928746,99.94796752929688,753373
2011-08-08,97.9882125857829,102.65431794701067,94.34864898004291,100.60123443603516,1369530
2011-08-09,97.94154507060036,104.19413029590012,95.42185111646752,101.44112396240234,1013049
2011-08-10,103.12092316016722,104.98736520831504,101.72109162405636,103.82083892822266,630624
2011-08-11,102.60765583813162,104.98737246189943,101.4877933798361,103.96083068847656,553239
2011-08-12,104.42743703863425,105.92058929636278,101.2544840410164,102.4676742553711,1049012
2011-08-16,102.88761844971977,104.19412931433342,99.90131400481265,100.41458129882812,584806
2011-08-17,99.85464899413383,102.04771696394796,96.12176491958677,96.77501678466797,565463
2011-08-18,96.77501877438964,97.52159845261346,92.62218800403718,93.08879852294922,670485
2011-08-19,92.34221340568207,93.13545693703891,89.6358782513272,91.22235107421875,745746
2011-08-22,91.45566419917505,94.81525860291751,90.56910703704567,94.34864807128906,744024
2011-08-23,94.39531357871049,97.00832832834757,93.4154285976517,95.88846588134766,493433
2011-08-24,95.74847470042211,97.47493215392666,92.76217030084185,93.64872741699219,513832
2011-08-25,94.25532713474382,95.00190683130052,89.21593198276528,89.91584777832031,1057204
2011-08-26,89.58922415551567,91.40900242320984,88.65600307056238,89.35591888427734,556869
2011-08-29,89.58921454422762,95.14187655603561,89.58921454422762,90.56909942626953,1165057
2011-08-30,91.45566398469535,93.322106106832,91.45566398469535,92.52886962890625,908359
2011-09-02,93.32210540771484,94.0686850989412,91.59564788165443,93.32210540771484,521700
2011-09-05,92.38889220119165,93.22879264518494,91.45567106784628,92.66886138916016,309489
2011-09-06,92.85549559194766,94.72193771439888,91.0357173705224,93.83538055419922,519105
2011-09-07,94.30199041279408,97.61492088458928,94.30199041279408,95.93512725830078,835320
2011-09-08,97.05498806492875,99.2947199827171,95.65515650629997,98.17485046386719,817309
2011-09-09,97.98821735399638,99.668018213744,94.48863816278222,95.56184387207031,644994
2011-09-12,94.20865594840377,94.20865594840377,91.4556568800801,92.38887786865234,459318
2011-09-13,93.32210540771484,95.60849414223921,92.52886893573158,93.32210540771484,490781
2011-09-14,94.30198639933938,94.48862775434641,92.57552182592352,93.64872741699219,514028
2011-09-15,93.88203080086168,96.77501446531897,93.04213048023571,96.16842651367188,584032
2011-09-16,96.49505825278852,98.92143156531391,94.62861614778261,97.89488983154297,1012808
2011-09-19,98.87476883010778,99.01475341361547,96.12176954074056,96.961669921875,361112
2011-09-20,96.96166898611106,99.10807313950477,96.49505845886308,98.40815734863281,479167
2011-09-21,98.82811226549988,100.22794386382165,98.22151714891143,98.78144836425781,375130
2011-09-22,97.98820563086451,97.98820563086451,92.43554349308002,93.92869567871094,384583
2011-09-23,92.80882752165604,94.95523871401602,90.05582836267858,93.50874328613281,581926
2011-09-26,92.5755204087504,96.96166338338422,91.54897873210375,96.0284423828125,583643
2011-09-27,96.68169413265838,98.45481545584542,96.58837345668248,97.98820495605469,604703
2011-09-28,97.19496853039267,98.64145680779724,93.92869503185752,94.72193145751953,445963
2011-09-29,94.44196357708744,97.42827508777103,93.50874256498219,96.4017333984375,559096
2011-09-30,92.06225597773549,97.42827689698619,92.06225597773549,95.841796875,340988
2011-10-03,95.09522329089364,95.09522329089364,92.48220158888248,93.50874328613281,291546
2011-10-04,93.32209939488453,95.00190003195691,89.12260492211472,90.28913116455078,470017
2011-10-05,90.10249508776887,92.20224244706002,88.84264097626493,89.54255676269531,553394
2011-10-07,85.52970995353063,93.32210423300417,85.52970995353063,92.94881439208984,334079
2011-10-10,93.22878176464509,95.18854449196805,92.66885057396874,94.6752700805664,475229
2011-10-11,95.42185235082262,97.80156887599603,94.34864671947165,94.76860046386719,481276
2011-10-12,95.09522956911837,98.03487739797983,95.09522956911837,97.70824432373047,373017
2011-10-13,99.29472258063085,99.57468462773454,96.58838007249173,96.961669921875,437183
2011-10-14,96.58837475289404,97.61491644222757,95.23520713330593,96.4017333984375,180583
2011-10-17,96.68169358848954,97.9415405068513,96.54170901535798,96.8216781616211,206040
2011-10-18,96.30841114485409,96.30841114485409,94.53529681572186,95.00190734863281,156680
2011-10-19,95.3285339533719,97.05499151303488,95.3285339533719,96.68170166015625,192223
2011-10-20,96.1217697796544,96.82168557902081,94.72193818092157,95.00190734863281,141040
2011-10-21,95.18855054014155,95.8884663529367,94.25532945641467,94.44197082519531,199420
2011-10-24,95.70182148152828,96.68169931163148,92.80883053192719,93.46208953857422,259258
2011-10-25,94.44196736867741,95.65515758108508,92.71550985095234,93.46208953857422,628407
2011-10-28,96.121767253967,98.73478901757342,96.121767253967,97.52159881591797,449317
2011-10-31,97.80156538746192,101.95439606335964,96.40173386256453,100.83453369140625,854149
2011-11-01,100.6478814358098,102.51432339890283,93.46208272586603,95.14187622070312,2623590
2011-11-02,93.92869340667535,95.51516623054975,92.9021517488795,94.4886245727539,947931
2011-11-03,95.09522019780081,96.58837235613566,94.25531988376524,95.6551513671875,459898
2011-11-04,96.58837914853882,97.05498967582645,95.60849419327016,95.93512725830078,360965
2011-11-08,95.6084886606085,96.96166338338422,95.6084886606085,96.0284423828125,207120
2011-11-09,96.12176285204302,96.63503724921743,93.08879460671156,93.41542053222656,309119
2011-11-11,93.32210350981781,94.11533996566897,90.98905092207237,91.2690200805664,471258
2011-11-14,93.22877406412124,93.32209473487396,88.9359591302992,89.44922637939453,252572
2011-11-15,89.1226098511304,90.42912073889892,85.94965687223875,86.41626739501953,453745
2011-11-16,86.18296736380923,89.12261525970871,84.17654057010563,88.28271484375,636262
2011-11-17,87.7227740643196,88.56267438891766,85.85633206295108,86.22962188720703,186658
2011-11-18,86.74288419229599,86.78954808761924,84.73646485179042,85.52970123291016,265333
2011-11-21,84.03656123035151,85.85633949116696,82.59006570617692,83.10334014892578,281058
2011-11-22,83.1499889011523,86.32294169556614,82.59005773035247,84.40983581542969,334701
2011-11-23,83.70992624178254,85.38972699790267,80.53698033341821,80.91026306152344,410090
2011-11-24,81.19023002243856,85.1097555203848,78.6238721769017,84.08321380615234,930521
2011-11-25,83.61660675928036,85.57636958959323,82.17011836734284,82.5900650024414,245774
2011-11-28,83.14999528065306,85.85633778705338,83.14999528065306,85.34306335449219,216463
2011-11-29,85.85633398819681,86.88287568798646,83.14999160154312,83.70992279052734,347495
2011-11-30,83.33665023554305,84.68981803384902,81.65684934393157,83.80326080322266,207228
2011-12-01,85.10975155890725,87.72277318252127,83.80324786701136,84.40983581542969,368101
2011-12-02,84.5031701067277,86.97620022786872,84.26986484096633,86.64957427978516,260863
2011-12-05,88.79598298745627,88.79598298745627,86.08964055943746,86.69623565673828,259778
2011-12-07,86.6962319426475,88.09606343649033,85.90299552011881,86.3696060180664,214240
2011-12-08,85.94965162527625,86.55624669184282,83.4299578040442,83.89656829833984,261867
2011-12-09,83.98989312666056,84.92311416140124,81.28355070193032,84.08321380615234,293162
2011-12-12,84.26985807755666,85.38972041536753,78.95049417317728,80.63029479980469,236483
2011-12-13,80.25700726072913,80.72361776805894,78.01727540156372,80.07036590576172,299252
2011-12-14,80.21034543966269,82.03013073733237,79.46377288054383,80.16368865966797,222284
2011-12-15,78.39057068412045,79.93038688939804,77.97062404627738,78.67053985595703,200319
2011-12-16,79.04381928233454,80.53697864306278,76.05751480070106,76.89741516113281,400947
2011-12-19,76.52413339894548,76.52413339894548,72.79124884289936,73.63114929199219,342081
2011-12-20,73.72446202924719,74.47104170788771,70.22488313545381,70.50485229492188,215921
2011-12-21,71.43806648983984,72.74457012243668,70.55150231639392,72.18463897705078,275265
2011-12-22,71.95134179422688,72.6979214849226,70.97146396008927,72.04466247558594,665534
2011-12-23,72.41794448619636,72.79123429115883,68.40509866260462,68.77838134765625,437813
2011-12-26,69.05835674063037,69.6182879388694,65.97872447044847,67.89183044433594,595261
2011-12-27,68.59174109378937,68.59174109378937,65.41878838111488,65.8853988647461,370130
2011-12-28,64.67221600596606,66.72529929000173,63.27238455232966,63.5990104675293,431378
2011-12-29,63.59901254545964,64.39224897112165,61.59258597237723,62.05919647216797,609308
2011-12-30,62.992421594061035,63.59901670746766,61.032658790672585,61.405948638916016,419177
2012-01-02,61.685906197100906,62.385821941666904,58.886243218836924,60.566043853759766,535881
2012-01-03,60.846009538647124,64.25226779102104,60.846009538647124,63.83232116699219,592649
2012-01-04,63.55234928454741,65.2321499485964,62.89909742625684,64.53223419189453,483095
2012-01-05,64.85886292951686,66.91194639011248,64.7188783481327,65.13883209228516,449424
2012-01-06,65.1388286187513,66.25869097028459,62.4324862959828,65.32546997070312,539941
2012-01-09,63.925638995254246,67.05192794549247,63.925638995254246,66.49199676513672,295705
2012-01-10,66.4453275598674,70.31819585453073,66.3520068905801,69.8515853881836,493494
2012-01-11,70.0848962825206,71.85801762184714,69.5716290000256,71.06478118896484,408020
2012-01-12,71.85801949040203,73.11786646008264,70.5515086211397,71.81135559082031,552541
2012-01-13,72.23131095821567,74.00443238368435,71.67137975014967,72.04466247558594,508707
2012-01-16,71.43807382815302,72.3246309727577,70.36486820263947,71.67137908935547,287317
2012-01-17,71.85801815342435,73.77112408209693,71.85801815342435,72.23130798339844,601723
2012-01-18,73.07121202612157,76.89741695757274,69.57163304249336,69.94491577148438,508215
2012-01-19,70.50485000810153,71.7646969450218,70.45818610973323,71.06478118896484,344200
2012-01-20,71.391407723929,75.82420754992461,70.92479721592947,73.5378189086914,1683999
2012-01-23,73.63114259066933,76.24415727013839,73.63114259066933,74.65768432617188,707067
2012-01-24,75.31094134715477,80.72362667754454,73.72446829509849,79.13715362548828,2474805
2012-01-25,79.32378267191321,80.25700364452395,78.57720304586022,78.95049285888672,760646
2012-01-27,78.57720232545451,81.19022387277248,78.43722487677502,80.53697204589844,1154302
2012-01-30,80.7236202712338,80.9102616319888,77.59733119916254,78.71719360351562,1280924
2012-01-31,79.13714504102352,80.53697656566489,74.797665890653,79.2771224975586,4673936
2012-02-01,78.76385432818175,80.58363244186641,77.457343495836,79.55709075927734,1036558
2012-02-02,80.16369306458716,81.00359346967016,77.13072452172376,79.69708251953125,881592
2012-02-03,78.90384778414432,80.9102674768934,78.85718388062882,80.44365692138672,1080392
2012-02-06,80.81694441523445,84.45650806523234,80.81694441523445,83.61660766601562,1205424
2012-02-07,84.17654337978752,93.64873930722547,84.17654337978752,92.66886138916016,4371646
2012-02-08,93.60207289240127,93.60207289240127,90.52244062123985,91.78228759765625,1619525
2012-02-09,93.50874305645175,93.50874305645175,90.6624232265176,92.99547576904297,974950
2012-02-10,92.38888119732343,96.86834495182488,92.10891204270034,94.16200256347656,1406381
2012-02-13,94.25532576758631,95.09522613405207,93.18212013931961,94.11534118652344,659191
2012-02-14,93.88203239380654,97.66158034079734,92.94881138170129,96.4017333984375,1258334
2012-02-15,98.12818942993273,102.5609891734255,97.52159435684096,99.94796752929688,2081364
2012-02-16,98.87475903031996,101.25447535435443,97.14830165793758,100.13461303710938,1247917
2012-02-17,100.50790063966781,102.84095318116346,98.9214277594153,100.83453369140625,1943862
2012-02-21,101.72109456655103,103.58753666868958,100.32126298994712,102.4676742553711,1482591
2012-02-22,103.02760684764847,103.2609121135535,97.61492183068684,98.26818084716797,2077529
2012-02-23,99.85465400384355,99.85465400384355,94.02202234474053,97.47493743896484,1228592
2012-02-24,97.10165933420765,98.45482709561384,95.74848445288944,97.66159057617188,572898
2012-02-27,97.75490177192313,97.75490177192313,92.15557565610892,93.50874328613281,958404
2012-02-28,94.30199061716289,97.61492109613776,93.2754417589761,96.44839477539062,753936
2012-02-29,97.84822115142914,99.52802181184705,93.41542136856596,95.2352066040039,1156399
2012-03-01,96.12175958852477,97.70823238425449,90.6624183562655,96.21508026123047,1010319
2012-03-02,96.6350504399068,98.36150809892865,95.32853943959681,96.58838653564453,581157
2012-03-05,95.79513747976362,96.35506865815321,94.02201614827057,94.58194732666016,333809
2012-03-06,93.36877183462386,96.96167156605017,91.45566577403893,93.27544403076172,674439
2012-03-07,93.04213046863096,94.30198450936835,90.56910052475068,92.90215301513672,560561
2012-03-09,93.78871302089534,96.49505541761988,93.78871302089534,95.98178100585938,589120
2012-03-12,97.98820516121576,100.78786816582193,96.26174773235753,97.33495330810547,666097
2012-03-13,99.2947258492503,99.76133639636151,98.36150475502785,98.73479461669922,513575
2012-03-14,99.85465109309268,104.0541457652321,98.50148343559013,102.74763488769531,1464961
2012-03-15,103.58753998145336,104.47409716035693,97.05499241505541,97.70824432373047,1302681
2012-03-16,97.70824903881758,99.85466047646342,95.09523415810975,96.58838653564453,727810
2012-03-19,97.10165188330065,97.10165188330065,93.46208840994007,94.39530944824219,438784
2012-03-20,94.39531584491542,97.80157428952467,93.46209474337383,96.63504791259766,440440
2012-03-21,96.12177202310811,98.73479391636123,94.34865053268005,98.22151947021484,393994
2012-03-22,98.92142804605109,98.92142804605109,92.48220158888248,93.50874328613281,426245
2012-03-23,94.25532972041647,95.32853539369071,92.90216199318712,93.7887191772461,565686
2012-03-26,94.48863835891873,95.65516475841156,91.31568512831583,91.6423110961914,559751
2012-03-27,92.38888015764314,93.6953909979961,89.02928593952927,91.82894897460938,683153
2012-03-28,91.59563972516074,91.78228107139131,88.65599224260787,88.88929748535156,346068
2012-03-29,87.72278064470017,88.88930698306054,86.32294903866772,87.16284942626953,699017
2012-03-30,87.62945775642147,94.90857765266438,87.16284723281956,94.11534118652344,831390
2012-04-02,95.00190342235376,95.74847597220959,93.41542340407626,95.32852935791016,779715
2012-04-03,96.07509981430162,96.5417103177609,94.34864237548453,95.2352066040039,357031
2012-04-04,95.00191014368914,95.00191014368914,93.78871987446267,94.30199432373047,246580
2012-04-09,92.66884721127015,93.78870955198613,91.26901572541962,91.73562622070312,337209
2012-04-10,93.22878864247811,95.00191014368914,90.84907200665386,94.30199432373047,494968
2012-04-11,93.50874608185863,95.65515733839206,92.43554757350348,94.11534118652344,452745
2012-04-12,95.18854847723823,97.42828045362617,95.18854847723823,96.961669921875,767689
2012-04-13,97.75490130634851,99.29471740484604,92.48220114842,93.64872741699219,840920
2012-04-16,93.6487385649251,97.42828697298039,93.6487385649251,96.58838653564453,436832
2012-04-17,97.42827487439354,98.64145791552662,94.81525319825708,97.05498504638672,922659
2012-04-18,98.40816418753619,98.40816418753619,95.28187486169473,96.07511138916016,403802
2012-04-19,96.72836067389076,96.7750174531981,94.30198743265585,95.98178100585938,219770
2012-04-20,94.86192250404503,96.54171614596042,94.02202212313149,94.34864807128906,228940
2012-04-23,93.60206876225254,95.6084882080556,92.38887861928733,92.90215301513672,318864
2012-04-24,93.32210304881997,93.83537746355306,91.92227150308767,92.57552337646484,226202
2012-04-25,92.38888292930618,93.78871448884112,90.33579948995286,91.12903594970703,338728
2012-04-26,91.31568413784372,91.31568413784372,87.30283763906172,88.79598999023438,771161
2012-04-27,88.79598512972952,91.45566372215686,87.76944338948356,88.0960693359375,291670
2012-04-30,89.58922572847987,91.9222784818257,89.21593586396214,90.89573669433594,243911
2012-05-02,92.01560096801153,93.22879127144891,90.70908997659714,91.6423110961914,311270
2012-05-03,90.61576006402021,90.98904989783978,88.6559973363567,88.93596649169922,197821
2012-05-04,88.65599979071774,88.88930505332489,85.85633663943192,86.27628326416016,310856
2012-05-07,84.08321043012506,86.22962157181257,79.65041069308832,82.31008911132812,1024088
2012-05-08,82.59006507987075,82.87003425014011,71.48473287113742,72.27796936035156,5531821
2012-05-09,71.76470159122928,72.83790724398061,68.31177936585165,72.41795349121094,2944673
2012-05-10,72.79123841704505,74.0510853502809,71.34474301079312,71.71803283691406,1020290
2012-05-11,71.99800390539863,73.72446138732198,69.99157726644492,72.60459899902344,792475
2012-05-14,72.97788449457254,73.16453297967182,70.03824383335365,70.59817504882812,575959
2012-05-15,69.29166274900507,71.29808942430537,69.15167816795406,70.87813568115234,462684
2012-05-16,69.99157298729338,70.31819890391856,69.10501591075207,69.804931640625,661530
2012-05-17,70.03823896865477,71.76469639641506,69.33832321794834,69.89825439453125,383109
2012-05-18,68.59173855302848,70.83147021547684,67.19190715398707,69.8515853881836,660935
2012-05-21,70.03824428364092,71.2514274049834,70.03824428364092,70.45819091796875,458577
2012-05-22,71.01812288535037,71.39141274197048,66.35201747737844,67.05193328857422,726476
2012-05-23,66.35201929653005,69.47830858160131,64.57889776890525,67.9384994506836,988950
2012-05-24,68.68506511998683,69.99157596192502,67.23857682205383,69.6182861328125,544940
2012-05-25,69.61829169305439,69.99158155198066,68.73173450802737,69.52497100830078,320528
2012-05-28,69.66495193642916,71.2514248536509,69.52496735669513,70.50485229492188,317001
2012-05-29,71.34474715452207,71.34474715452207,69.05835840659277,69.43164825439453,391325
2012-05-30,69.3849878948657,69.3849878948657,67.65853027056473,67.9384994506836,301700
2012-05-31,67.00527144742446,72.41794904005802,66.7253022961196,71.57804870605469,1661179
2012-06-01,71.57804579370764,72.23130474686897,68.40510018087913,69.804931640625,447303
2012-06-04,68.12514342138833,70.69150156397488,67.47189146942212,69.71161651611328,619337
2012-06-05,71.0181164351561,71.0181164351561,68.31177412035257,69.2449951171875,389185
2012-06-06,69.99157655586318,72.6512550410037,69.80493519967874,72.09132385253906,648168
2012-06-07,72.79123332897736,74.05108017415058,72.79123332897736,73.7711181640625,537124
2012-06-08,73.02454836758712,75.17095966597289,71.85802203583653,74.37771606445312,502572
2012-06-11,76.43080149886121,76.89741199992885,73.77112306675792,74.47103881835938,746774
2012-06-12,73.67779516721923,76.7574273179083,71.95133773967405,76.43080139160156,511676
2012-06-13,77.13072156945444,77.41068361382497,75.17095877921423,75.96419525146484,437327
2012-06-14,75.87087266156456,76.85075047208117,74.70434637291758,75.07762908935547,583423
2012-06-15,75.63756813580187,76.9907357957628,75.12429371586552,75.59090423583984,778544
2012-06-18,75.63756619468931,77.03739771868793,72.8379031466921,73.5378189086914,665670
2012-06-19,72.93122352992377,73.72445996633884,72.0913231949326,72.88455963134766,363771
2012-06-20,72.88455755202001,74.19106835585374,72.51126773379451,72.7912368774414,369651
2012-06-21,73.27012750085144,75.56879962900027,72.98279074460386,75.1377944946289,736279
2012-06-22,74.22790868594623,75.37724112333379,73.74901895248851,74.94624328613281,365504
2012-06-25,75.66457713078687,77.10124631681447,74.51524470487573,74.80257415771484,456364
2012-06-26,74.80257537858472,76.04769161637475,74.132132670407,75.56880187988281,318492
2012-06-27,76.14346685946273,76.6223565881386,74.22790794475927,74.80257415771484,189638
2012-06-28,75.08991296738066,75.56880270912764,73.50957535816015,74.13213348388672,548210
2012-06-29,74.51524923738742,79.01681003784441,74.51524923738742,78.49002838134766,951254
2012-07-02,78.77735875524422,80.40558087651469,78.2505771415688,79.2562484741211,1119542
2012-07-03,79.49569536651684,80.16613806717892,77.81958130758426,78.58580780029297,549970
2012-07-04,79.0168096167675,79.35203098398914,77.38858737181795,78.34636688232422,776772
2012-07-05,78.39425319990887,81.02814691180566,78.10692372479598,80.35770416259766,1066648
2012-07-06,80.45348095693097,80.93237072453175,79.44780952205817,79.87881469726562,653647
2012-07-09,79.87881141154233,79.87881141154233,77.29280238850387,77.58013916015625,371863
2012-07-10,77.86747121228906,79.63936171067802,77.67591094037199,79.2562484741211,357737
2012-07-11,79.49569182093714,80.16613449169687,78.34635944041273,78.96891021728516,329134
2012-07-12,78.3942475741236,78.3942475741236,76.47868864839167,77.0054702758789,374690
2012-07-13,76.62236022949219,78.202697870681,76.43080725182953,76.62236022949219,355218
2012-07-16,76.81391570519976,77.38858927143193,75.85613617118342,76.0955810546875,328855
2012-07-17,76.6223533290207,77.10124303732708,74.75468638953664,75.18568420410156,262743
2012-07-18,75.66457938872769,75.66457938872769,73.84479690399898,75.23358154296875,312214
2012-07-19,75.85613321914836,76.62235973945397,73.50957637503865,73.79691314697266,577105
2012-07-20,74.56313293947801,74.56313293947801,72.31235256609483,72.8391342163086,542872
2012-07-23,71.54612363998771,72.07290527253181,70.58834416792749,71.30667877197266,547714
2012-07-24,71.78556555030274,73.12645821739524,70.87567801224557,72.7912368774414,382941
2012-07-25,72.21657193751646,72.64756976678363,71.01934762591068,71.97712707519531,368804
2012-07-26,71.97713522543518,72.21658011486957,68.67279136687364,69.91790771484375,676824
2012-07-27,70.77990369192628,73.55746559273717,64.88955854011363,65.79944610595703,4034949
2012-07-30,65.79944646900057,69.91790110057558,65.79944646900057,69.58267974853516,1080485
2012-07-31,69.82212591833934,69.96579430254565,66.85301097627853,68.76856994628906,1033235
2012-08-01,68.72067161741369,69.9178958616195,67.85866870013012,69.05589294433594,522488
2012-08-02,69.00801910753546,69.055903700396,67.28401300443933,68.05023956298828,728424
2012-08-03,67.14034140215153,68.28968118503923,66.90089652745964,67.95445251464844,425731
2012-08-06,69.15167218496161,69.34323245605333,68.2417846459268,68.52912139892578,381698
2012-08-07,69.39112592806157,69.39112592806157,68.43334637180246,68.81645965576172,287756
2012-08-08,68.96011646625485,69.43900616393717,68.5770032466536,69.05589294433594,443464
2012-08-09,69.87001137107913,69.87001137107913,66.37412205345966,67.33190155029297,460886
2012-08-10,67.14033903127562,67.66712065990701,66.08678308129025,66.90089416503906,280041
2012-08-13,66.42200544473829,67.42767682116774,66.18256057485294,66.565673828125,352340
2012-08-14,66.99667358398438,67.76290011240678,66.37412275032862,66.99667358398438,796571
2012-08-16,68.96012449601821,68.96012449601821,66.90089709475102,66.99667358398438,532247
2012-08-17,67.18823669898977,67.52345807906141,66.18256525149678,66.46990203857422,560953
2012-08-21,66.66145279968596,67.52345582486318,65.8952335718556,66.03889465332031,656207
2012-08-22,65.03323396000418,65.22478695019615,64.075454394488,64.5543441772461,771794
2012-08-23,65.03323204002436,65.27267692433425,63.26134135758669,63.644447326660156,626753
2012-08-24,63.21344786199904,63.88389059823035,62.3993367373531,62.73455810546875,445401
2012-08-27,62.59088692501367,63.69233477735577,62.159889086273374,62.39933395385742,361476
2012-08-28,62.59088865927713,62.686665147509025,61.29788779995241,61.728885650634766,336610
2012-08-29,61.39366251487723,62.06411252769039,60.62743967023733,61.058441162109375,363516
2012-08-30,61.106333507551234,62.49511456187628,60.10066572808792,61.920448303222656,397959
2012-08-31,61.96833230140409,64.12333623115231,61.44155794738791,62.87822723388672,524806
2012-09-03,63.883889410747656,63.93178130842157,62.3035590893953,63.30922317504883,429978
2012-09-04,63.500786669821785,64.45856621351577,62.35144683302221,64.26700592041016,385517
2012-09-05,63.97967245384958,64.12333353062695,62.734556201743644,63.16555404663086,256843
2012-09-06,63.11767076317626,63.11767076317626,61.05844336850828,61.25,680384
2012-09-07,62.06411506310533,63.06977916249184,60.67533039165101,60.77111053466797,1553986
2012-09-10,61.5852251631588,61.77677814146155,60.72322214624101,61.010555267333984,446717
2012-09-11,60.81900039491917,60.91477688684141,60.34011062803004,60.57955551147461,512956
2012-09-12,60.579550229090074,61.249996575001404,60.29221712473911,60.53166198730469,718906
2012-09-13,61.20211113571095,61.20211113571095,59.57388526497952,59.76544189453125,943316
2012-09-14,60.483774942039126,61.585222793085606,60.38799480293494,61.058441162109375,1621419
2012-09-17,61.77677846408873,64.65011699730216,61.58522548478561,64.31489562988281,2198431
2012-09-18,64.17122245463915,69.77423071496936,64.17122245463915,68.67278289794922,3062805
2012-09-20,68.00233855690426,71.54611947428283,66.13467161804095,69.34323120117188,2664406
2012-09-21,69.8700119075077,73.60535343529132,69.63056703146103,72.8391342163086,2378873
2012-09-24,73.50957665881768,76.43080705807265,72.59968905631015,73.31802368164062,2172012
2012-09-25,74.46735540425254,75.42513489498248,72.21657506249272,73.17435455322266,1239808
2012-09-26,73.27013048728666,74.5152467387398,72.07290613291923,74.13213348388672,839177
2012-09-27,74.18002100385455,75.42513730449062,73.50957826183688,74.22791290283203,1086836
2012-09-28,75.56880360744233,76.52658310232177,74.75469249825035,74.89835357666016,1095253
2012-10-01,75.47302338013594,76.52657931084987,74.80257338257087,76.23924255371094,1030465
2012-10-03,76.67024919193182,77.34069189535832,75.76035431467879,76.52658081054688,1193008
2012-10-04,77.1012452581788,77.96324821941515,76.43080257014903,76.71813201904297,1042803
2012-10-05,76.71813134934102,77.5801343030526,72.98279008810898,73.89268493652344,1277295
2012-10-08,73.9405740462693,73.98846594390133,72.02501505743044,72.69546508789062,710783
2012-10-09,73.60534640669817,73.98845963324482,71.83345595460662,72.50389862060547,654376
2012-10-10,71.88135734863678,72.50390820337032,70.20524315483239,70.73201751708984,587889
2012-10-11,70.82778923623091,72.69546359639628,69.43901192072735,72.40812683105469,1014028
2012-10-12,72.40812581794552,74.51524501732098,71.83345960258035,72.74334716796875,1035304
2012-10-15,73.74902211463986,73.74902211463986,70.97146008003554,72.36024475097656,544232
2012-10-16,73.3180278551384,73.50958084321927,71.01935546177755,71.49824523925781,590664
2012-10-17,72.26445824403288,72.4081266262974,70.39679119642643,71.30667877197266,434917
2012-10-18,71.40246652376342,74.03636021795985,70.97146135307365,73.7490234375,987554
2012-10-19,73.60535595496262,74.18002221569117,71.35457550453035,72.3123550415039,827533
2012-10-22,72.02501516157969,72.50390490948188,70.82779079182419,71.11512756347656,676107
2012-10-23,70.73200843188798,71.73767974190794,69.10378634709826,69.34323120117188,1043137
2012-10-25,69.58267904194342,69.63056363044727,67.52345174706677,67.85867309570312,1718838
2012-10-29,68.09812415584882,68.76857422139867,67.3319049045779,68.05023956298828,432338
2012-10-30,68.43334194369812,69.34323684763473,65.89523212966698,66.23045349121094,914535
2012-10-31,66.0388929290097,67.33190108665329,65.22478182376278,66.70934295654297,579979
2012-11-01,66.75723235175892,68.0023487016009,65.8952365943217,67.23612213134766,402945
2012-11-02,68.00234371137819,68.67278643069201,67.66712235172129,68.28968048095703,471322
2012-11-05,68.72067256869094,68.72067256869094,66.75722185810328,67.14033508300781,513825
2012-11-06,67.42767213409483,70.58833981250861,66.08677949449036,69.8221206665039,3292220
2012-11-07,69.91790219054649,72.02501412817249,69.43901244951535,71.45034790039062,1347296
2012-11-08,70.73201248620084,73.17435306065582,68.96012192594794,72.88701629638672,1060436
2012-11-09,72.07290602518661,73.70112822178147,71.21090302987506,71.45034790039062,667334
2012-11-12,70.97145524290828,72.69546116268631,70.97145524290828,71.35456848144531,412765
2012-11-15,71.83346294352198,75.18569121421967,70.92357533581513,73.46168518066406,867220
2012-11-16,73.79691460962844,74.51524924642322,70.97146065386895,71.4024658203125,636683
2012-11-19,71.83346427607474,72.02501725789979,70.157350109633,70.44468688964844,279915
2012-11-20,71.1151311023326,71.1151311023326,69.72635368721845,70.25312805175781,280323
2012-11-21,70.63623290291179,71.16301451187826,69.43900861642176,70.10945129394531,263949
2012-11-22,71.45034624314307,71.59401462357563,70.30101381423744,70.54045867919922,365313
2012-11-23,71.11512489365205,71.11512489365205,70.01367705337233,70.54045867919922,317094
2012-11-26,71.01934916065557,71.11512564619832,70.44468294012158,70.68412780761719,231207
2012-11-27,70.68412579446344,72.0250111684272,70.39678903874135,71.35456848144531,357395
2012-11-29,71.54611826344886,72.31234470642774,71.30667341342757,71.73767852783203,308143
2012-11-30,71.78557104531521,74.27580360651282,71.78557104531521,73.46168518066406,794718
2012-12-03,74.2757988404407,75.56879962900027,73.74901722307922,75.1377944946289,956352
2012-12-04,74.32368591048575,76.23924486337083,74.32368591048575,75.08991241455078,727549
2012-12-05,75.08991241455078,77.0533559568915,74.4194623966745,75.08991241455078,1140054
2012-12-06,75.66457535046071,76.81390774932899,73.7490164808288,76.574462890625,718948
2012-12-07,77.38858544177386,79.06469954335813,76.62235892956714,77.43647003173828,1448428
2012-12-10,77.81958005383646,79.78303084272109,77.10124546872413,79.39991760253906,1500563
2012-12-11,79.6872503638388,80.4534768760455,76.62235892956714,77.43647003173828,1439207
2012-12-12,77.58013990137539,78.87314077160943,76.9096971708178,77.72380828857422,626071
2012-12-13,76.90969729224518,78.82525630518003,75.76035750011765,76.14347076416016,529221
2012-12-14,76.4308098695981,77.62803428918905,75.18569355031231,77.19702911376953,554504
2012-12-17,77.24491769550522,80.1661407694629,77.19702579786754,79.16047668457031,1063606
2012-12-18,80.2140294271386,80.83658753489425,77.62802781926416,79.54358673095703,1630874
2012-12-19,80.0703632493408,80.88447434774386,79.25625215093774,79.49569702148438,729829
2012-12-20,79.39992184271165,79.54359022886185,77.91536069795562,78.68158721923828,477776
2012-12-21,78.53791734583193,78.82525411269111,77.19702461261832,78.39424896240234,646752
2012-12-24,82.17748475722547,83.13526426578392,78.72947268059289,79.44780731201172,707045
2012-12-26,79.39992492966485,80.54925744899555,79.20836463825776,79.87881469726562,440124
2012-12-27,80.2619222347605,80.59714358666,78.96891410885506,80.30980682373047,605833
2012-12-28,80.30980682373047,81.12391790899422,79.68724870890145,80.30980682373047,433158
2012-12-31,80.30980682373047,80.93236493855949,79.97458547183098,80.30980682373047,394040
2013-01-01,80.6450270550892,85.81703756501499,80.6450270550892,85.38603973388672,2057339
2013-01-02,86.34382364996624,87.15793476599526,85.38604414704321,85.76915740966797,1561351
2013-01-03,86.20015220052879,88.78615384363367,84.23670136638354,86.77481842041016,1299608
2013-01-04,89.93549079865878,91.56371292232133,85.72125980489561,87.78048706054688,1055597
2013-01-07,88.21149037898817,90.84538400071695,87.92416091371165,90.0312728881836,1247033
2013-01-08,90.12704516489472,91.27638489412425,89.55237895391862,90.74960327148438,793895
2013-01-09,90.94116300128084,91.32427627284359,88.92982745967372,89.5044937133789,579235
2013-01-10,90.51015794704003,90.94115577625787,87.92415635717838,88.54670715332031,935226
2013-01-11,88.97772108138602,89.36083436036554,84.85926612009268,86.00860595703125,595100
2013-01-14,86.24804356776139,88.11571059773725,83.9972559838451,87.73259735107422,893570
2013-01-15,87.97204618622293,89.31293895640738,87.014266679988,87.49315643310547,693665
2013-01-16,87.49315537286466,87.82837673452913,85.24237502194303,85.62548828125,358578
2013-01-17,85.67337390096822,86.63115340710438,84.47614951829802,85.29026794433594,402399
2013-01-18,85.9128175635305,86.10437784641756,84.18881886121262,84.52404022216797,405993
2013-01-21,84.71559319777741,85.43392781722926,84.28459534901735,84.52404022216797,223834
2013-01-22,84.28458922910369,85.91281132539144,82.65636713281593,83.23103332519531,304244
2013-01-23,83.47048143625015,84.0451476510411,79.97458494429553,81.26758575439453,456652
2013-01-24,80.45347482876403,81.31547780624199,77.67591292679171,78.58580780029297,448267
2013-01-25,77.96325461706425,81.31548294685086,76.86180670439308,80.21403503417969,449806
2013-01-28,80.16613938379675,82.84792484504445,80.16613938379675,81.55492401123047,466787
2013-01-29,81.93803355784992,83.7578086378772,80.16613575791202,81.31547546386719,984148
2013-01-30,81.89014754953624,81.89014754953624,78.87314065204515,79.30414581298828,1270906
2013-01-31,78.44213838352998,81.98591942413158,78.44213838352998,80.5013656616211,933058
2013-02-01,81.36336738804766,81.4591511859723,78.72947370523264,79.11258697509766,278824
2013-02-04,79.5435847241536,80.7408090137569,76.62235453461071,77.05335235595703,382774
2013-02-05,75.90402617635607,76.62236080893987,75.18569154377225,75.66458129882812,459172
2013-02-06,75.66457938872769,77.05335672041988,74.89835287707005,75.23358154296875,283896
2013-02-07,75.13780052518142,76.04769545480865,73.8926915318232,74.22791290283203,285114
2013-02-08,74.13213150266917,74.658905820146,72.88701528449236,73.22223663330078,242036
2013-02-11,73.31802775240244,74.70680518223793,73.27013585181028,73.70113372802734,191216
2013-02-12,73.12646237774503,74.22791024935222,72.88701750597292,73.65324401855469,181730
2013-02-13,73.94057198086253,74.80257496321694,72.93490792418027,73.36590576171875,185310
2013-02-14,73.55747391746881,73.55747391746881,71.45035447857029,71.78557586669922,240029
2013-02-15,71.5461238423074,72.69546359639628,71.06723410492307,72.40812683105469,183937
2013-02-18,73.27012852910657,74.27579988280917,72.79123880015815,73.22223663330078,186587
2013-02-19,73.4616827219363,74.37157760646713,73.0785767782154,73.98846435546875,241668
2013-02-20,74.70680518223793,74.70680518223793,73.36591234571651,73.70113372802734,221003
2013-02-21,72.79123814563178,73.17435138680109,71.54612193865086,71.97712707519531,166466
2013-02-22,72.16868429947964,72.408129175926,70.9714599172478,71.25879669189453,223796
2013-02-25,77.005472118402,77.005472118402,70.68412897369026,70.9714584350586,243300
2013-02-26,70.87568279667127,70.87568279667127,69.3432370625231,69.5347900390625,174036
2013-02-27,70.34889840286337,71.30667786271053,68.52912327497565,70.54045867919922,206699
2013-02-28,71.64190712522446,72.50390280055335,67.14033924151478,68.0023422241211,395761
2013-03-01,68.33756309152001,68.96012120272229,67.04456228042444,67.3797836303711,350453
2013-03-04,67.52345350340386,68.96012272688054,66.37412104753354,67.66712188720703,303966
2013-03-05,67.66711574396794,69.53478264201826,67.23611063168772,69.05589294433594,326616
2013-03-06,69.9657985730849,70.82779431638167,69.87001477291591,70.25312805175781,185333
2013-03-07,70.44468688964844,70.87568475239374,70.06157361872047,70.44468688964844,190880
2013-03-08,71.83346024868517,71.83346024868517,70.0615696906731,70.68412780761719,274075
2013-03-11,71.30668082497856,71.45034921137947,70.10945645043374,70.63623809814453,233656
2013-03-12,70.73201898326347,71.54613014710252,70.25312920367837,71.01935577392578,195479
2013-03-13,70.39679229491144,70.87568203841424,69.10379144890939,69.39112091064453,132711
2013-03-14,69.39112210708572,70.49256999758883,67.95445285180628,70.1573486328125,302148
2013-03-15,70.87568371607462,72.79124273542799,70.39679396123627,70.7799072265625,487302
2013-03-18,69.91789982594601,70.68412630859332,69.0558968597871,70.39678955078125,152725
2013-03-19,70.7320142289369,72.59968862814797,68.24178900393312,68.43334197998047,343499
2013-03-20,70.15735027588929,70.15735027588929,65.8473424091111,66.18256378173828,322680
2013-03-21,66.85300896701067,67.47555976773127,63.740225734298285,64.07544708251953,452777
2013-03-22,64.07544825221639,64.79378285749398,62.255665790724336,64.36277770996094,256320
2013-03-25,65.12900239184387,65.79944508179017,63.45288835970083,63.69233322143555,167193
2013-03-26,63.213446082706355,63.64444392854105,62.35144308375939,62.926109313964844,175275
2013-03-28,62.926108766854696,64.07544852455025,62.25566605532375,63.883888244628906,195168
2013-04-01,63.88389419167521,66.08679011853775,63.357119814227694,65.65579223632812,210484
2013-04-02,65.12900100667115,68.43333710542228,65.12900100667115,67.90656280517578,179062
2013-04-03,67.95445595239953,68.81645900635378,66.08678875823031,66.46990203857422,210919
2013-04-04,66.46989847028075,66.46989847028075,64.3627791951445,64.65011596679688,160238
2013-04-05,64.17122594047996,65.60789517795338,64.17122594047996,65.1290054321289,114299
2013-04-08,65.1290039391118,65.65578557035383,64.36277744044655,64.84166717529297,104899
2013-04-09,64.17122501087218,65.94311558329896,63.740227168784784,63.883888244628906,99864
2013-04-10,63.93178249679449,64.45856415188892,62.20777645037431,62.73455810546875,343741
2013-04-11,62.734556194446455,64.07544893334051,61.92044509459999,62.303558349609375,239188
2013-04-12,62.30355849382085,63.59655933860252,61.920445237924696,62.926109313964844,232886
2013-04-15,62.25566605532375,64.65011474975928,62.25566605532375,63.883888244628906,271496
2013-04-16,63.88389017940591,65.32055943957796,63.78811369018332,64.79378509521484,200527
2013-04-17,65.1290054321289,66.13467682127136,64.69800758379792,65.1290054321289,279071
2013-04-18,64.45855929976133,66.2783343917704,64.45855929976133,65.99100494384766,199491
2013-04-22,66.37412319480718,68.6727881809121,66.37412319480718,67.61923217773438,370030
2013-04-23,67.14034155086102,68.00234456311662,66.13467745929421,66.85301208496094,196892
2013-04-25,66.8530081418304,67.9065640692118,66.56567138560037,67.09245300292969,208411
2013-04-26,67.04456179579974,67.47555962729038,66.08678234157402,66.7572250366211,242387
2013-04-29,66.80512425262904,68.0023487016009,66.70934775816693,67.23612213134766,191096
2013-04-30,67.33189951947031,69.24745845536104,67.33189951947031,68.0023422241211,351596
2013-05-02,67.52345323009685,68.86434596136988,67.52345323009685,68.14601135253906,226996
2013-05-03,68.24179091928835,68.57701229041875,66.08678699552135,66.66145324707031,345419
2013-05-06,66.18255472688608,66.94878116572552,65.46422018070292,66.37411499023438,274259
2013-05-07,66.18256262268336,67.33190241806255,65.60789637863265,65.89523315429688,416139
2013-05-08,65.89523460683091,66.46990086354904,65.27267645068713,65.70367431640625,227704
2013-05-09,65.27267615499626,67.04456681654949,65.27267615499626,66.18256378173828,507269
2013-05-10,66.56567815281572,73.17435845246453,66.56567815281572,69.15167999267578,9300782
2013-05-13,69.1995651245308,69.4390099865534,66.18255840159061,66.61356353759766,871316
2013-05-14,66.46989365618269,67.23611281296601,65.94311204873149,66.32622528076172,496066
2013-05-15,66.37412319480718,68.96012495781409,66.37412319480718,67.61923217773438,1012632
2013-05-16,68.00233953644276,69.24745571847158,67.28400496387471,67.42767333984375,676315
2013-05-17,67.33189855497838,67.85867287043612,66.56567206868688,66.7572250366211,445504
2013-05-20,66.94879046748177,68.33756786014627,66.94879046748177,67.28401184082031,681806
2013-05-21,67.04456136632741,67.76289595239521,66.08678191823702,66.61356353759766,445657
2013-05-22,66.85300468768982,67.37977897052467,65.84733340012265,66.37411499023438,405678
2013-05-23,66.08678656434464,66.42200793328793,63.692337775781425,63.83600616455078,368708
2013-05-24,63.69233965564938,65.41634575720974,63.45289476972588,64.26700592041016,242007
2013-05-27,63.883883637860336,65.03322331267518,63.883883637860336,64.45855712890625,141446
2013-05-28,64.36278066718471,65.5121204728031,64.36278066718471,64.93745422363281,191040
2013-05-29,64.9374508114747,64.9853354004774,64.07544782937457,64.2191162109375,125151
2013-05-30,63.74022599766948,64.36277680096242,63.35711275214333,63.5965576171875,210585
2013-05-31,63.26133680235651,63.97967140356142,62.3035573340833,62.63877868652344,276742
2013-06-03,62.25566570697741,62.97400031128869,61.585222999197875,62.159889221191406,178710
2013-06-04,61.82466930491993,63.30922313731731,61.82466930491993,61.96833038330078,185904
2013-06-05,61.7767759707699,62.73455544318493,61.441554616880126,62.159889221191406,170373
2013-06-06,61.776776573951025,62.974000926159384,61.585223600508705,62.54300308227539,256006
2013-06-07,62.44721970924302,64.31489409564486,62.06411375977581,62.68666458129883,284676
2013-06-10,62.49511043943554,63.11766855660955,62.159889086273374,62.39933395385742,131287
2013-06-11,61.92044696871211,62.15989184693043,60.866887312368185,61.3936653137207,154934
2013-06-12,60.91477366079759,61.8246685540657,60.53166405975914,60.96266555786133,170967
2013-06-13,60.34011004051409,60.96266819286386,59.956996769277474,60.196441650390625,170857
2013-06-14,60.81899690055111,62.25566611867436,60.67532851728328,61.44155502319336,230576
2013-06-17,61.441554483521244,62.63877882144146,61.441554483521244,62.39933395385742,228030
2013-06-18,62.39933320572287,62.973999419579144,61.92044347629641,62.25566482543945,174583
2013-06-19,62.2556685026435,65.51212031654502,62.2556685026435,63.83600616455078,354829
2013-06-20,64.58233296183519,64.58233296183519,63.13942957407904,63.33845138549805,203625
2013-06-21,61.79603685490373,63.53747110858005,60.85068986829979,61.24872970581055,338253
2013-06-24,61.19897293068152,61.49750374674808,59.70631505432343,60.1043586730957,272693
2013-06-25,60.35313558087966,61.348240841596386,59.507293831655254,60.15411376953125,247130
2013-06-26,59.85558319091797,60.70142114751418,59.5072940706531,59.85558319091797,198749
2013-06-27,60.25362194624986,61.149218186954094,59.308271202401,60.402889251708984,193170
2013-06-28,60.70142172781221,61.94530332059525,60.70142172781221,61.49750518798828,220491
2013-07-01,60.80093154504114,63.885756417738975,60.80093154504114,62.84090042114258,250265
2013-07-02,63.08967396265732,64.28379721815726,61.69652510320706,62.29358673095703,269352
2013-07-03,62.19407953384712,62.19407953384712,60.7014216250348,60.85068893432617,145750
2013-07-04,60.800928836224166,61.94530138422231,59.756069090153176,60.701419830322266,289908
2013-07-05,60.900442367597634,62.59212206036916,60.900442367597634,61.39799499511719,180225
2013-07-08,61.14921998437704,61.14921998437704,59.706316574618675,60.552154541015625,133960
2013-07-09,60.80093167796204,62.542365934813944,60.50240085027823,61.89554977416992,187457
2013-07-10,61.94530261104769,62.89065336993943,61.69652629534067,62.39310073852539,241372
2013-07-11,62.99016332477243,64.03502310724471,62.542365190562776,62.791141510009766,219115
2013-07-12,63.189184912331164,63.587228540425286,62.69163227522619,63.08967590332031,117422
2013-07-15,62.69163121046278,63.98527108178464,62.49260939979594,63.63698196411133,152623
2013-07-16,62.442857322125114,62.99016447570359,60.50240123577829,60.651668548583984,212659
2013-07-17,60.70142150122272,61.49750495842712,59.80582523935191,60.2038688659668,142644
2013-07-18,60.353135135348275,62.592121955432546,60.3033768358595,62.343345642089844,217217
2013-07-19,62.492610685878454,63.139430634850775,62.19407986174715,62.791141510009766,184909
2013-07-22,62.49260821537682,63.686735260720376,62.44285371265943,63.53746795654297,108263
2013-07-23,62.840898628936316,65.03012716207897,62.840898628936316,64.28379821777344,303063
2013-07-24,63.0896756547989,63.53746998960914,60.45264517012015,61.79603576660156,551867
2013-07-25,57.716107404952076,57.96488372997342,55.22834415473863,56.52198028564453,1351043
2013-07-26,56.7210017972545,57.71610709194318,53.735685913188476,54.58152389526367,554783
2013-07-29,53.73568382316795,56.32295597031777,52.74057856718336,55.67613983154297,371419
2013-07-30,56.67124533208717,57.168797962226606,54.68103481152941,55.37760925292969,284487
2013-07-31,54.730791420239946,56.621493005894784,52.84008983458511,55.87516403198242,390894
2013-08-01,55.72589492071721,57.81561446183397,55.72589492071721,57.31806182861328,592188
2013-08-02,56.77075552134326,58.11414992829663,55.77565024035206,57.06928634643555,724008
2013-08-05,56.37271596957705,57.11904493406735,53.437154616710146,55.1785888671875,255332
2013-08-06,54.631280660697925,55.17858779818244,53.73568440225028,54.13372802734375,250793
2013-08-07,53.73568253260512,55.52687119115358,52.84008630531829,54.9298095703125,179032
2013-08-08,54.73078803678529,56.87026581481518,54.73078803678529,56.223445892333984,183742
2013-08-12,55.72589563809221,57.31806256648469,55.3278520079814,56.42247009277344,195622
2013-08-13,57.56683875833372,57.71610606829982,55.775650018867424,57.367820739746094,168651
2013-08-14,56.920023836254636,57.666352810167,55.72589671878976,55.87516403198242,208936
2013-08-16,55.57662749571596,55.57662749571596,52.74057901071948,53.486907958984375,209911
2013-08-19,52.39229475088634,53.83519437668882,51.198167650200325,52.93960189819336,200473
2013-08-20,51.59620547834176,52.34253441272101,50.203060411782324,51.49669647216797,353599
2013-08-21,53.835193287164664,54.48201322745324,51.79522825429157,51.89474105834961,313112
2013-08-22,51.74547409784226,52.491803051176525,51.09865415320909,52.24302673339844,206631
2013-08-23,54.23323518488275,54.23323518488275,51.94449390876247,52.39229202270508,122775
2013-08-26,54.13372862571467,54.13372862571467,52.24302707965968,52.591312408447266,148241
2013-08-27,51.844981278996485,52.6410685046444,50.153305414557714,50.501590728759766,155630
2013-08-28,49.75526248408502,50.05379329978448,48.5113809219829,49.605995178222656,202807
2013-08-29,50.75036718315489,51.74547242204028,49.70550744153028,51.14841079711914,173168
2013-08-30,51.198168167418984,52.04400614943605,50.053795560195475,50.750370025634766,144529
2013-09-02,51.496696949569774,51.74547326333581,50.15330637364329,50.899635314941406,157146
2013-09-03,51.09865282910478,51.54645094870675,49.75526226632413,49.9045295715332,86900
2013-09-04,49.95428383998325,50.75036727330056,49.40697671682917,50.203060150146484,92883
2013-09-05,51.048898836227316,53.088863850329005,51.048898836227316,52.49180221557617,422251
2013-09-06,54.183481200723,54.183481200723,52.093757914344074,53.38739776611328,268447
2013-09-10,54.73079036790991,55.52687383223807,54.28299223296739,54.830299377441406,271806
2013-09-11,54.83029832545715,58.41267954023971,54.13372768005041,56.96977615356445,643183
2013-09-12,57.367820839819345,59.059496776917435,56.7210008902051,58.0146369934082,384833
2013-09-13,57.91512656205211,58.95998631990873,57.01953031473199,58.21365737915039,284154
2013-09-16,59.45753870474288,60.15411313914994,57.8156135233566,58.51218795776367,239508
2013-09-17,57.76585807675057,59.407783231324764,57.16879645473734,58.1141471862793,120491
2013-09-18,57.815616073809814,60.75117745086428,56.72100176861514,60.00484848022461,470693
2013-09-19,61.69652557373047,63.089674443805464,61.19897294813587,61.69652557373047,813730
2013-09-20,62.14432297128886,62.14432297128886,56.6214896507971,56.87026596069336,1374550
2013-09-23,55.47711994445414,56.621492546920315,54.73079097659153,54.88005828857422,295323
2013-09-24,54.730789657517484,55.32785129900754,52.29278099538664,52.54155731201172,447014
2013-09-25,52.74057888290257,53.437153325466724,51.04889917839686,51.247920989990234,525586
2013-09-26,51.297674072168,51.9942484954266,51.297674072168,51.44694137573242,332019
2013-09-27,51.54645364921691,52.04400629794685,49.45673404296134,49.80501937866211,563750
2013-09-30,49.755264035829946,50.45183849153664,49.50648771565079,50.053794860839844,194374
2013-10-01,49.854772578821915,51.19816697282961,49.75526357009187,50.65085983276367,191088
2013-10-03,49.805017024550025,51.84498202871556,49.805017024550025,51.19816589355469,281747
2013-10-04,50.80012130737305,52.64106826320892,50.551344999505375,50.80012130737305,337615
2013-10-07,50.352324606783064,50.99914454379745,50.05379378817078,50.60110092163086,209187
2013-10-08,52.04400649607446,52.641071954438644,50.949392183111655,51.098655700683594,298721
2013-10-09,50.750368359019454,51.49669730547562,49.95428490867127,51.247920989990234,166357
2013-10-10,50.89963744563418,51.894742742354104,50.89963744563418,51.39719009399414,183036
2013-10-11,51.944495911269804,52.939601182382155,51.34743047098718,52.24302673339844,408950
2013-10-14,52.641071072028204,53.93470718276081,52.04400562367249,52.93960189819336,498408
2013-10-15,53.636175022912454,53.83519303805696,51.844982518409374,52.19327163696289,246889
2013-10-17,52.24302660812118,52.49180292530271,51.24792133939506,51.59620666503906,150826
2013-10-18,51.596205010981876,52.44204673989852,51.596205010981876,52.09375762939453,142724
2013-10-21,52.243027685471084,53.03911115766365,52.243027685471084,52.64107131958008,187744
2013-10-22,52.24302777690909,54.133729348197875,52.24302777690909,53.28788757324219,291284
2013-10-23,53.6859281124619,54.9795641569498,53.33763900308329,53.984458923339844,693182
2013-10-24,54.58152152298895,55.97467039341289,53.934705387169124,54.382503509521484,727446
2013-10-25,54.631280531400684,54.73078953942587,53.03910983082037,53.486907958984375,290668
2013-10-28,53.636175271099255,54.282991415362496,51.745473750275224,51.89474105834961,232813
2013-10-29,51.29767491803315,53.138621909574425,51.247920414699664,52.79033279418945,311107
2013-10-30,53.23813357203708,53.23813357203708,52.392295585097145,52.690826416015625,170724
2013-10-31,52.79033223523038,54.531766405640596,51.4966961821307,54.33274459838867,2816140
2013-11-01,54.58152130875887,57.716104356897006,54.53176680558729,56.27320098876953,2365121
2013-11-05,58.611701173906276,68.16471012566191,57.21855229526365,63.63698196411133,5268653
2013-11-06,64.13453273960252,65.67694897197687,62.492611292918355,62.84090042114258,2267889
2013-11-07,63.18918454581646,63.487715367142805,58.910232650737896,59.55704879760742,1229239
2013-11-08,59.35803176814567,60.15411523693369,56.721001244508365,58.3629264831543,720547
2013-11-11,57.517082181204294,58.01463480179607,54.233235644503615,55.9249153137207,3629034
2013-11-12,54.730789293693796,55.12883291605806,53.68592953001925,53.785438537597656,952017
2013-11-13,53.4869068661582,53.78543768015961,52.19327080813524,52.442047119140625,741518
2013-11-14,53.088865413263235,53.58641805554696,52.740580082074786,52.93960189819336,459209
2013-11-18,53.586416613116924,55.22834180686632,52.44204784428353,53.13862228393555,1134851
2013-11-19,53.58641865362299,53.93470778472409,52.84008968186766,52.989356994628906,835600
2013-11-20,53.23813357203708,53.63617721061203,52.442050090912645,52.690826416015625,583815
2013-11-21,53.138621789041025,53.138621789041025,51.94449473161955,52.143516540527344,283877
2013-11-22,52.29277967143433,53.63617402481281,51.5464507404547,51.79522705078125,336286
2013-11-25,51.844981695112544,52.64106892714998,51.844981695112544,52.442047119140625,246380
2013-11-26,51.99425090593545,52.889847176792344,51.347430955202654,51.645965576171875,194815
2013-11-27,51.397186873219354,51.944493992913536,51.24791956965493,51.44694137573242,187493
2013-11-28,51.44694137573242,52.143515798991025,51.24791956965493,51.44694137573242,167868
2013-11-29,51.04889988817535,52.59131230642524,51.04889988817535,51.944496154785156,280517
2013-12-02,51.74547268912049,52.9395997411514,51.74547268912049,52.442047119140625,239489
2013-12-03,51.99425041562035,52.44204854682598,51.99425041562035,52.24302673339844,148960
2013-12-04,52.24302576670658,52.44204757645147,51.74547314035699,51.8449821472168,134737
2013-12-05,52.342536089020314,53.586417686155066,52.24302707965968,52.591312408447266,333886
2013-12-06,52.54155648149674,53.28788541957489,52.24302566547053,52.79033279418945,350178
2013-12-09,54.3327479716943,54.53176979130271,53.238133657886266,53.337642669677734,423082
2013-12-10,53.18837810238563,53.337641617127304,51.94449649941134,52.292781829833984,233404
2013-12-11,52.24302516857407,52.24302516857407,51.5464507404547,51.79522705078125,180316
2013-12-12,51.49669885502543,52.1932733185497,51.44694434963629,51.69572067260742,164735
2013-12-13,51.09865536034169,52.2430279675652,50.601102713031544,50.750370025634766,243946
2013-12-16,50.75036763394525,51.09865295223869,50.35232401644538,50.55134582519531,170689
2013-12-17,50.55134715011557,51.09865429150353,49.35722006234386,49.705509185791016,321097
2013-12-18,49.55624305429714,50.451839340421216,49.25771222426427,49.80501937866211,1066571
2013-12-19,50.25281510892587,50.451836918067265,49.25770985924417,49.605995178222656,319706
2013-12-20,49.50648678165392,49.80501760103169,49.00893415068252,49.65575408935547,442060
2013-12-23,49.75526296955849,51.14841185111625,49.75526296955849,50.60110092163086,341783
2013-12-24,50.55134702800827,51.59620680377513,50.501592523643254,50.65085983276367,445179
2013-12-26,50.89963625466656,52.49180317375417,50.750368945241,51.29767608642578,897644
2013-12-27,50.94939134651323,52.49180377891611,50.94939134651323,51.34743118286133,604479
2013-12-30,52.342536721699666,52.342536721699666,50.849878787095776,51.04890060424805,384561
2013-12-31,51.496696949569774,51.496696949569774,50.750368008271664,50.899635314941406,272330
2014-01-01,51.19816802666515,52.044006006356845,50.94939170369401,51.69572067260742,288575
2014-01-02,51.7454756649051,53.03911179732263,50.89963767725434,51.098655700683594,1168225
2014-01-03,50.849877236478655,51.247920858645244,50.00403928440628,50.60110092163086,454821
2014-01-06,51.09865429150353,51.09865429150353,49.55624187631004,49.705509185791016,835693
2014-01-07,49.805018070930174,50.501592520067206,48.95918010870865,49.05868911743164,567141
2014-01-08,49.1084417355679,50.25281427205447,49.1084417355679,49.85477066040039,422265
2014-01-09,49.90453124654095,50.35232558514754,47.96407519381932,49.406978607177734,417157
2014-01-10,49.456733954498894,50.1035501190756,48.95918130665892,49.158203125,234057
2014-01-13,48.90942680108001,49.755264783997795,48.90942680108001,49.158203125,180683
2014-01-14,49.25771177422467,49.80501892362208,48.66065011961393,48.809913635253906,263597
2014-01-15,48.959180946919304,49.25771177422467,48.61089181837519,48.809913635253906,312272
2014-01-16,48.85966873168945,49.15820335863263,48.7601597200587,48.85966873168945,184469
2014-01-17,49.70550981635224,49.70550981635224,48.013830070217224,48.1630973815918,443159
2014-01-20,47.76505397757148,48.16309761246142,47.01872500917193,47.86456298828125,287204
2014-01-21,47.86456251378902,48.710404280538754,47.86456251378902,48.46162796020508,167041
2014-01-22,47.86456192890305,48.660649181063256,47.86456192890305,48.41187286376953,122232
2014-01-23,47.81480848292637,48.31236112852607,47.81480848292637,47.86456298828125,240754
2014-01-24,47.76505160831295,48.1133369245468,47.516275297852985,47.66554260253906,201304
2014-01-27,46.819702518977564,47.21774614814804,45.0285137797612,45.57582092285156,352652
2014-01-28,45.476309674626805,46.76994571170291,45.426555172436416,46.023616790771484,246385
2014-01-29,46.123128432740224,46.91921569741212,45.824597606500966,45.924110412597656,149473
2014-01-30,45.77484042775869,45.77484042775869,44.08316078317996,44.43144989013672,288304
2014-01-31,44.72998179172923,45.675332539385856,44.481205478978815,45.47631072998047,199419
2014-02-03,44.77973794886939,47.66554480176225,44.77973794886939,44.978759765625,166603
2014-02-04,44.481207458098346,45.97386540101422,44.481207458098346,45.32704544067383,186313
2014-02-05,45.02851461129574,45.77484358275368,44.9290056001782,45.32704544067383,199785
2014-02-06,45.625574831207246,48.26260529894096,45.47631131923809,47.11823272705078,2322111
2014-02-07,47.66554390472426,47.66554390472426,46.37190401817103,46.8197021484375,406121
2014-02-10,46.471417311081794,47.267500775463475,46.07337368087826,46.22264099121094,174010
2014-02-11,46.22263859555824,46.76994571170291,45.774840483794335,46.023616790771484,172553
2014-02-12,46.27239683293114,46.769949487048684,45.17778251228276,45.376800537109375,156893
2014-02-13,45.37679838861614,46.17288563433159,44.58071493892601,44.87924575805664,161162
2014-02-14,44.92900551033355,45.028514521252106,44.2821855512866,44.68022918701172,131841
2014-02-17,44.53095984643662,45.227534279217224,44.431450840050225,44.829490661621094,138330
2014-02-18,44.48120676154,45.27729022609036,44.48120676154,44.630470275878906,236002
2014-02-19,44.381692420190795,44.779736036704946,44.13291610887577,44.182674407958984,226567
2014-02-20,43.784633383044955,44.28218603512501,43.784633383044955,44.08316421508789,94108
2014-02-21,43.933900446206515,44.68022942006489,43.933900446206515,44.38169479370117,119948
2014-02-24,43.98365222213065,44.68022664703813,43.68512141032036,43.83438491821289,314798
2014-02-25,43.98365342977819,44.28218424978516,43.68512260977122,43.93389892578125,144460
2014-02-26,43.58560980575201,44.08316243777207,43.58560980575201,43.93389892578125,118381
2014-02-28,44.08316146352096,44.23242876823826,43.38658703488231,43.53585433959961,250057
2014-03-03,43.287078618560486,43.983653056684915,43.287078618560486,43.585609436035156,113846
2014-03-04,43.436344740945806,43.734875550280535,43.038301131149375,43.48609924316406,517671
2014-03-05,43.83438506217137,44.68022679377448,43.78463055937713,44.481204986572266,518654
2014-03-06,44.97875951875607,46.76994826767471,44.779737703092806,45.27729034423828,492128
2014-03-07,45.774840483794335,46.72019120951252,45.774840483794335,46.023616790771484,819649
2014-03-10,46.07337319666849,47.26750027870398,45.9241096839299,46.8197021484375,448750
2014-03-11,47.068478838202765,47.21774614814804,45.376799108266326,45.57582092285156,460053
2014-03-12,45.57582227550661,45.62557678162325,44.58071696907186,44.729984283447266,333798
2014-03-13,45.227535721310716,46.172886496225374,44.58071577109927,44.630470275878906,430636
2014-03-14,44.63046933022312,44.77973663742466,43.78463137881522,44.23242950439453,241242
2014-03-18,44.381693731307614,45.177780987853794,44.28218472225203,44.92900466918945,258572
2014-03-19,46.12312686551637,46.17288516488668,45.27728892057508,45.47631072998047,362307
2014-03-20,45.07826841094642,45.42655753645465,44.282184946396065,44.630470275878906,226238
2014-03-21,44.182673942726495,45.12802087894912,44.182673942726495,44.77973556518555,177314
2014-03-24,44.680229030789846,45.77484333116848,44.680229030789846,45.62557601928711,300687
2014-03-25,45.625575427491526,46.07337356130196,45.376799108266326,45.57582092285156,269789
2014-03-26,45.526064997134,46.670437548258946,45.526064997134,45.77484130859375,442239
2014-03-27,45.874350079853336,46.670437309268124,45.625573769667525,46.07337188720703,801637
2014-03-28,46.47141772599886,49.15820276379802,46.47141772599886,48.809913635253906,1387844
2014-03-31,49.805016987364056,51.944494792589815,49.158200852686115,49.605995178222656,1244778
2014-04-01,49.75526512567721,50.15330876509282,48.06358535219909,49.50648880004883,634367
2014-04-02,49.954284563425404,51.14841162870744,48.85966650523966,50.899635314941406,719267
2014-04-03,51.59620545176802,51.64596375085455,49.506485954992506,49.9045295715332,522779
2014-04-04,50.252816081640134,50.35232509012433,49.20795630845467,50.0040397644043,394189
2014-04-07,51.247921706125666,51.247921706125666,49.35722016360602,50.352325439453125,397549
2014-04-09,50.75036930531498,52.09375991557493,50.20306216024706,51.645965576171875,1057405
2014-04-10,51.74547326333581,52.64106951130367,50.25281538073959,50.899635314941406,1604439
2014-04-11,50.70061230263606,51.297673923108384,50.15330518453223,50.80012130737305,491135
2014-04-15,50.94939065497915,51.44694329068007,50.40208351491321,50.65085983276367,416316
2014-04-16,50.4518359448458,50.89963405776954,49.00893260143604,49.20795440673828,337983
2014-04-17,49.20795713432715,50.05379510871484,48.36211536391406,49.75526428222656,420829
2014-04-21,49.80501865606885,51.04890025984692,49.65575514123072,50.70061492919922,512945
2014-04-22,50.501590728759766,51.24791965578577,50.30256892234778,50.501590728759766,317916
2014-04-23,50.700613967083285,51.04889929112177,50.15330683101194,50.30257034301758,384257
2014-04-24,50.30257034301758,50.30257034301758,50.30257034301758,50.30257034301758,0
2014-04-25,50.89963493951402,51.5962055761009,50.15330600372071,50.55134582519531,693168
2014-04-28,50.551346786309225,51.09865392375835,50.203061461393965,50.94939041137695,403660
2014-04-29,51.14841331651154,51.54645315405661,50.25281703899065,50.40208435058594,458654
2014-04-30,50.60110220184461,56.92002303646316,50.50159319179803,52.93960189819336,6915953
2014-05-02,54.631280660697925,55.62638592740626,53.536662589703546,54.13372802734375,1538099
2014-05-05,54.13372646099342,54.48201177585363,53.33763923384113,53.68592834472656,798997
2014-05-06,54.13372971182481,54.92981319075817,53.43715524424857,53.63617706298828,603928
2014-05-07,53.636175631365866,53.98446095784505,51.84498310654335,52.24302673339844,602313
2014-05-08,52.44204735587639,53.43715260439008,51.79522742593239,52.143516540527344,487658
2014-05-09,52.04400398948915,53.98445999267038,51.74547317269788,53.43715286254883,808136
2014-05-12,53.28788458516443,54.133726312690186,52.84008647012435,53.03910827636719,1074474
2014-05-13,53.437152875882646,57.31806108718819,53.33764007291053,55.029319763183594,1999005
2014-05-14,55.02931963155777,62.990161641071374,55.02931963155777,61.69652557373047,4967252
2014-05-15,62.3433473177933,65.47793046857468,61.29848373684925,61.845794677734375,2828335
2014-05-16,63.68673583208866,67.6671568215942,61.29848171997523,61.99505615234375,4558680
2014-05-19,62.94040867121247,67.56764972039159,62.19407971463682,66.92082977294922,2829647
2014-05-20,67.66715691117986,68.86128017279222,63.93551222857803,66.77156066894531,2227536
2014-05-21,66.67205631760103,67.66716163577418,64.9803803135271,66.52278900146484,1508030
2014-05-22,67.46813753695254,70.35393662629724,66.82131761994238,68.56275177001953,2170907
2014-05-23,69.45835354738563,75.42898539643134,68.76177527643303,74.13534545898438,3322579
2014-05-26,75.67775775989068,85.18100839999659,74.18509987580646,78.26502990722656,8866354
2014-05-27,79.30988622557601,79.60842084054832,71.74708776413405,77.02114868164062,2074444
2014-05-28,76.62310458452274,79.55866204801863,76.62310458452274,77.61820983886719,1324523
2014-05-29,77.66797161648849,80.55377090967718,75.62800271690938,77.26992797851562,2139850
2014-05-30,77.81722966409947,78.51380791358369,74.1851014748455,74.58313751220703,1032739
2014-06-02,74.73240615471144,83.58884480082844,74.73240615471144,82.99178314208984,4341674
2014-06-03,83.58884407196022,84.18590572549263,78.61331763910545,82.29520416259766,3818544
2014-06-04,81.6483921305267,84.58394970097551,81.20059019452631,84.23566436767578,2309111
2014-06-05,84.58394636460025,86.32538055445967,84.13615203831377,85.23076629638672,2342800
2014-06-06,85.82782792878555,87.07170949297084,84.58394636460025,85.23076629638672,2141727
2014-06-09,85.62880883030999,88.56436624776981,85.47954152608905,85.77806854248047,2411417
2014-06-10,85.87758580572721,85.87758580572721,82.5937354556116,83.2903060913086,1299829
2014-06-11,82.64349200320862,84.58394415584611,79.95670333949857,80.60352325439453,1399272
2014-06-12,81.10107753587805,82.89227001520845,78.31477981070866,80.10597229003906,1608711
2014-06-13,81.00156893629863,82.19569220047921,74.73240281922413,76.32456970214844,1450117
2014-06-16,76.42409115981077,79.21038148406417,73.23974959945555,77.36943817138672,1527227
2014-06-17,76.1753105168015,79.16062629002089,74.73240333784844,78.91184997558594,954181
2014-06-18,78.21526965830522,80.10597111610156,76.7723701098043,77.46894073486328,1567648
2014-06-19,77.76747749401834,78.86209176029367,76.12555229858002,76.37432861328125,669012
2014-06-20,76.37432747297665,76.9713891009351,73.14023543014702,73.73729705810547,1205955
2014-06-23,73.3890130498834,75.42898187317499,72.44366608809499,74.48362731933594,1047610
2014-06-24,75.13044620118389,76.22506045524136,74.38411726541054,75.03093719482422,1428962
2014-06-25,75.57824038465142,75.67775698287574,74.08558251589294,74.38411712646484,640622
2014-06-26,74.5333879122672,75.03094055842111,73.73730064160057,74.03583526611328,599421
2014-06-27,73.88656795385693,75.03094055842111,72.44366831683091,74.03583526611328,726904
2014-06-30,73.78706055903176,77.81723252591195,73.78706055903176,77.36943817138672,2182621
2014-07-01,77.71771721116659,78.21526982787323,74.13533988928889,75.57823944091797,1174285
2014-07-02,76.27481765953752,77.12065558952871,75.32946313256465,75.57823944091797,1059731
2014-07-03,74.93142889449304,77.36943373750411,74.63289428055059,75.72750854492188,1948510
2014-07-04,77.51870153351382,81.05132066318224,77.22016691768802,78.31478118896484,7372313
2014-07-07,79.2103744196554,79.40940001995612,77.91674218192725,78.06600189208984,940049
2014-07-08,77.66796717669084,78.36453780928652,72.64268266765608,73.0904769897461,1027345
2014-07-09,73.88656854249275,74.53338850605607,67.76666942763367,70.25443267822266,1403115
2014-07-10,70.25443123875286,74.08558504775174,68.41348798944699,72.04562377929688,2058983
2014-07-11,71.39880553173121,72.64268716120388,66.27401169989362,67.7169189453125,1286583
2014-07-14,67.11984387747,69.1598126099802,65.97547895108899,67.86617279052734,672110
2014-07-15,68.5627578001626,70.4037011166035,68.06520514209473,69.7071304321289,1030859
2014-07-16,70.15491784840506,71.15002306611294,69.9558998416836,70.40369415283203,1021624
2014-07-17,69.95590681795714,71.44856479337258,69.95590681795714,70.35394287109375,984930
2014-07-18,69.80663633874535,70.05541265670806,68.66226375770677,68.81153106689453,766989
2014-07-21,68.51299584000857,70.10516274241863,68.51299584000857,68.76177215576172,509772
2014-07-22,68.56275653338824,69.30908550670077,68.36373091860767,68.96080017089844,941457
2014-07-23,68.6622666237571,70.65247725053267,67.66716131036932,68.41349029541016,661392
2014-07-24,68.811527461621,69.65736537996769,67.81642224190718,68.51299285888672,603361
2014-07-25,68.01544697872457,68.81153427008351,66.02523634237826,66.52278900146484,635468
2014-07-28,71.05051898897909,74.63289650269844,71.05051898897909,71.44856262207031,4436919
2014-07-30,70.90125224541528,72.24464287481297,69.80663793968571,71.4983139038086,1197640
2014-07-31,70.75197992176943,71.54806713794463,69.30908038350856,69.80663299560547,678626
2014-08-01,68.71202263025295,71.59782186900847,67.71691735011633,68.86128234863281,1599112
2014-08-04,70.20468009046631,71.54807069143847,69.06030750739716,69.4583511352539,1235857
2014-08-05,69.30908022895237,70.10515985130198,68.36372571284615,69.1598129272461,1133769
2014-08-06,68.5129961983937,69.15981614114548,67.2691146131213,67.51789093017578,563708
2014-08-07,66.9705862739144,67.9159332233533,66.67205166248604,66.77156066894531,584492
2014-08-08,66.07499439744622,66.07499439744622,64.38331080766196,64.58233642578125,1541030
2014-08-11,64.48282098303406,65.87596221070092,64.48282098303406,64.68183898925781,454801
2014-08-12,64.93061828613281,65.328661908979,64.53257466328662,64.93061828613281,389761
2014-08-13,64.3335567602452,64.68184208382489,61.59701728746799,62.39310073852539,638517
2014-08-14,62.144324313009314,63.6369822046139,62.144324313009314,63.33845138549805,654409
2014-08-18,63.58722677695417,66.57254251679191,63.58722677695417,66.12474060058594,846276
2014-08-19,66.0749888558926,67.26911209625585,66.0749888558926,66.67205047607422,641520
2014-08-20,66.12474060058594,66.62229322389223,65.42816996477734,66.12474060058594,484716
2014-08-21,65.77645364479288,67.76666408846015,65.477926633473,66.6222915649414,1045941
2014-08-22,66.373515259483,68.56275130274719,66.1744972519364,66.6222915649414,1008520
2014-08-25,66.2242588729314,67.16960584429,64.93061898281367,65.62718963623047,451165
2014-08-26,64.98037877170705,65.0301294812046,63.43796252831587,63.83600616455078,405120
2014-08-27,63.189186204675416,64.3335588118317,62.1940809101136,63.83600616455078,678784
2014-08-28,63.28869200356814,64.58233185766149,62.840897680563025,63.8857536315918,615595
2014-09-01,63.487713737733294,64.98037539810663,63.487713737733294,64.83110809326172,486298
2014-09-02,64.73160216823605,65.9754837810611,64.73160216823605,65.7267074584961,537553
2014-09-03,65.7267079238995,66.0749932595465,64.9803789509198,65.129638671875,361053
2014-09-04,64.48282395413835,64.48282395413835,63.08967507023061,63.33845138549805,284688
2014-09-05,63.23894039675979,64.4828258048223,60.85068997926386,61.89554977416992,489737
2014-09-08,62.44285441158068,63.0896743422223,61.69652547439048,62.641876220703125,361563
2014-09-09,62.49260974639807,63.089675181710106,62.14432442281837,62.39310073852539,315449
2014-09-10,62.243834261488985,65.32866289504588,61.79603612803432,63.73649597167969,563988
2014-09-11,63.83600414412582,66.02523268605185,63.83600414412582,65.57743835449219,917890
2014-09-12,66.12474418162239,67.02034047048554,65.82621714670198,66.42327880859375,649960
2014-09-15,66.17449857295381,68.46324366568068,64.93061702083062,67.36862182617188,978701
2014-09-16,66.87107346312625,68.41348972278767,64.18429217628808,64.53257751464844,577666
2014-09-17,65.27890121871866,66.07498843525988,63.437958071523724,64.73159790039062,401690
2014-09-18,64.13453024149658,67.07009528037368,64.08477953429221,66.77156066894531,548233
2014-09-19,66.1247385407466,68.06519826642456,65.72670252814113,67.2193603515625,530054
2014-09-22,66.57254101322451,67.51788793933521,65.87596280109788,67.26911163330078,344305
2014-09-23,66.77156334386585,67.21936527894768,64.78135276674882,65.07988739013672,455427
2014-09-24,64.43306565426461,65.07988559237006,62.94040776266003,63.33845138549805,264785
2014-09-25,62.940406384745394,65.03012586883277,60.70141959635524,60.99995040893555,466547
2014-09-26,60.40289148567271,61.99505842133748,59.70631702780985,61.54726028442383,877088
2014-09-29,61.34824049157029,62.39310025015628,60.85068786405074,61.39799499511719,368946
2014-09-30,60.800930860076534,61.746281631713074,60.303378221954716,60.552154541015625,293897
2014-10-01,60.20386935751202,60.95019831648944,59.35803138908109,59.606807708740234,283042
2014-10-07,59.00974058290796,60.10435863584057,58.01463533261938,58.51218795776367,311030
2014-10-08,57.96488119814124,59.208762768916806,57.86537219088932,58.860477447509766,383171
2014-10-09,59.15900711141487,60.800928475198326,59.15900711141487,60.35313415527344,427961
2014-10-10,59.70631744902013,59.95509377172438,58.46243583549888,58.711212158203125,317073
2014-10-13,58.21365681331304,60.452643613825074,57.915125999116476,59.75606918334961,417184
2014-10-14,60.25362452787081,62.49261142953755,59.80582638833238,61.89554977416992,829422
2014-10-15,61.89554977416992,61.89554977416992,61.89554977416992,61.89554977416992,0
2014-10-16,60.353135103236454,62.194078302582795,60.353135103236454,60.75117492675781,441185
2014-10-17,60.4028890165913,61.49750326561325,59.80582359310413,60.701419830322266,535511
2014-10-20,61.397995830082394,62.09457027728769,60.99995220424355,61.14921951293945,261421
2014-10-21,60.8009313215762,62.29358924727145,60.8009313215762,61.54726028442383,436452
2014-10-22,62.393099172143906,62.69162998429264,61.69652474644672,61.9453010559082,353187
2014-10-27,62.79114260231795,63.78624789741665,61.84579560879454,62.24383544921875,452404
2014-10-28,61.79603333886874,64.43306371994854,61.79603333886874,64.13452911376953,902514
2014-10-29,64.33355770200524,64.68184303068338,63.48771593860415,64.38330841064453,506766
2014-10-30,63.93551478988426,65.42817272272202,63.537471156050685,65.07988739013672,432198
2014-10-31,65.82621315268436,67.11984540961669,65.42816953822424,66.72180938720703,726241
2014-11-03,67.16960248329656,69.55785653444606,66.871067879884,69.1598129272461,703039
2014-11-05,70.45345900258936,71.54807332545523,69.25932807505758,70.95101165771484,815249
2014-11-07,71.29929068229835,72.14512860267831,70.15491815846649,71.69733428955078,754381
2014-11-10,73.23974596587666,74.43387683878565,71.15002642834926,72.59292602539062,1437227
2014-11-11,72.49341891760844,73.58803321909697,71.99586627219993,73.3890151977539,896043
2014-11-12,73.68754531403852,74.63289224566343,73.2397434053343,74.28460693359375,1080191
2014-11-13,74.7324070241564,75.13045066529665,73.18999835380805,73.488525390625,509257
2014-11-14,73.14023781530294,74.18510139234186,72.09537423826403,73.93632507324219,429521
2014-11-17,72.89146145236107,77.46894420263162,72.89146145236107,77.12065887451172,1047095
2014-11-18,77.12066076984974,78.11576607010585,75.72751183108096,77.916748046875,907900
2014-11-19,77.61820835717519,78.01625196972464,75.67775618506599,76.22505950927734,664346
2014-11-20,76.12555446737096,76.42408909033784,74.78216384812164,75.27971649169922,395136
2014-11-21,74.68265621040084,77.61821382464058,74.68265621040084,76.67286682128906,730939
2014-11-24,76.37432728315655,77.31967422573699,74.5333841048391,75.62799835205078,1087154
2014-11-25,75.42898174052644,75.42898174052644,73.14023660583646,73.83680725097656,490552
2014-11-26,73.38901102156447,74.03583094219852,72.69244039445115,73.04072570800781,420328
2014-11-27,72.69243978396402,75.62799716335297,71.64757626001861,75.52848815917969,595342
2014-11-28,74.83191094513703,78.11576127105906,74.83191094513703,77.5186996459961,1327040
2014-12-01,77.41918915369685,78.86208868589306,77.31967255805546,78.66307067871094,1047957
2014-12-02,78.91185245246965,80.35475208466181,77.12065989549586,79.7576904296875,1485600
2014-12-03,80.35475027561188,80.35475027561188,78.51380705086558,79.6084213256836,891445
2014-12-04,79.60841905852224,81.49912052957224,79.21037544481955,80.05621337890625,1014090
2014-12-05,79.409400624369,81.20058548840676,79.11086601767083,80.65328216552734,600201
2014-12-08,79.85719716012349,80.55376780569684,78.663073884269,80.20548248291016,536509
2014-12-09,79.75768668873538,80.60352462628006,78.21527052635057,78.81233215332031,855224
2014-12-10,78.46405051720077,79.95670845066199,77.71772155047017,79.7576904296875,1158031
2014-12-11,79.21037471733393,83.09128662920384,77.96649318096861,81.89716339111328,1234352
2014-12-12,81.59863558711656,82.79275892474176,80.10597761905956,80.55377197265625,684147
2014-12-15,79.70792820724496,81.10107706168398,78.61331396163233,80.70303344726562,589306
2014-12-16,79.70792900856397,80.5040162454039,78.31478014011935,78.86209106445312,778867
2014-12-17,78.61331878771574,79.01136242657006,65.6271915714056,78.56356048583984,959792
2014-12-18,79.21037426844543,80.85229940555288,79.21037426844543,79.95670318603516,398138
2014-12-19,80.30499344247139,87.86779968020892,79.4591554688444,84.83272552490234,1975160
2014-12-22,84.83272757453639,87.56926717371498,83.4893369260771,86.92244720458984,1147811
2014-12-23,86.92244151580567,89.4599629239739,86.17611258305625,87.7185287475586,1561247
2014-12-24,87.66877058900558,89.95751568992404,86.27562172723133,88.36534881591797,1728700
2014-12-26,88.76338555321992,89.5594727926414,86.92244235311463,89.06192016601562,1354581
2014-12-29,89.01216021442087,90.25604175789825,88.56436589558919,89.5594711303711,1479429
2014-12-30,90.35555864808508,91.45017289148547,88.31558987334537,90.85311126708984,1507368
2014-12-31,91.84821951694528,92.19650484325933,90.65408863694616,91.10189056396484,1071271
2015-01-01,91.3009082226619,93.14185144770599,90.90286459755896,92.34577178955078,1081685
2015-01-02,92.99258713228899,93.14185444551316,91.74870550883917,92.59455108642578,1407172
2015-01-05,93.04234465539172,96.72423119316977,91.84822134369367,95.08231353759766,1766426
2015-01-06,94.13696042820439,95.7788857014974,91.89797348972783,93.29112243652344,2105892
2015-01-07,92.89307383085196,95.2813279559919,91.40041595164581,94.78377532958984,1214774
2015-01-08,94.88328613319108,96.22667673150524,94.03744817070074,94.93304443359375,694616
2015-01-09,96.22667766824539,98.71444087158214,95.28133068779773,96.92325592041016,1567745
2015-01-12,97.52031315754859,99.26174732107624,96.52520792124707,98.46566009521484,1347965
2015-01-13,100.45587582394694,100.45587582394694,96.77398929380503,97.61982727050781,906962
2015-01-14,97.52031304887205,98.26664197526648,96.32618980346115,97.81884765625,505535
2015-01-15,102.44608796315288,102.64511357909248,98.61493406291424,99.65979766845703,1029178
2015-01-16,100.00808159550535,100.00808159550535,96.62472209276962,98.26664733886719,724201
2015-01-19,98.36615455269613,99.01297449747166,97.6198255991976,98.11737823486328,785817
2015-01-20,98.26664658534675,101.20220413006336,97.57007592485321,100.75440979003906,2058376
2015-01-21,101.45097737902928,103.88898980104561,100.25685411375025,103.04315185546875,1104492
2015-01-22,103.68996310728302,105.48115557845432,101.55049291211513,103.5904541015625,644194
2015-01-23,103.93874470052083,104.73483197084882,103.242174033022,103.39144134521484,890944
2015-01-27,102.69485973234848,103.39143796915266,100.40612219097916,101.20220184326172,1122183
2015-01-28,101.00318443804467,102.69486035240348,100.654899113565,101.25196075439453,859357
2015-01-29,101.0031865303607,103.44119144427322,100.90367752016952,103.34168243408203,2363366
2015-01-30,103.1924118022905,104.48605166930209,100.05783632585191,104.33678436279297,977823
2015-02-02,103.04315601146543,103.64021766818598,102.24706874113744,103.39144134521484,408909
2015-02-03,104.48605371122305,106.22748793974343,103.24217211942278,105.77969360351562,1321365
2015-02-04,105.53091440913738,110.357173335383,102.99339299419923,106.17772674560547,3571013
2015-02-05,105.8792054822372,107.37186343285506,103.93874559120341,105.38165283203125,1777030
2015-02-06,104.78459038327833,104.78459038327833,102.54560347416599,104.03826141357422,797568
2015-02-09,101.60024878300231,103.49095035599314,101.50073977222404,103.39144134521484,1205343
2015-02-10,102.69486375912783,104.983608982292,102.04805138880182,104.0880126953125,1121771
2015-02-11,103.8889894632391,104.98360371819405,103.09290222760794,104.28703308105469,653406
2015-02-12,103.93874074278551,104.48605166930209,103.2919284013303,104.33678436279297,760382
2015-02-13,104.48605439373266,106.97381759358343,103.6899671329601,106.47626495361328,604243
2015-02-16,105.48115978985254,107.72014667218431,105.48115978985254,107.12308502197266,1128668
2015-02-18,106.47626244915564,106.97381507742271,105.28213917813488,105.63042449951172,587189
2015-02-19,106.42650218987639,106.42650218987639,103.54070307270405,104.83433532714844,907791
2015-02-20,104.7348300295831,107.4216112310514,103.78948305663519,105.77969360351562,456576
2015-02-23,105.77969478634014,106.17773082652647,104.38654586953555,105.87920379638672,882333
2015-02-24,104.78458670573687,120.00969259812686,104.68507010629493,112.64591217041016,14072518
2015-02-25,111.45179288601003,111.94934553282256,104.03826148532346,104.68507385253906,4564927
2015-02-26,106.07822028283142,107.37186017088636,100.20709767035632,100.65489959716797,2864732
2015-02-27,101.3017163553529,103.24216853435922,100.20709451893859,102.29682159423828,1306825
2015-03-02,103.49094855986445,104.48605383447854,101.60024701968754,103.24217224121094,1968805
2015-03-03,103.19241651275468,107.96892498677813,102.04805149206551,104.73483276367188,1874592
2015-03-04,106.67527902309847,107.47136625439568,100.85391486939547,101.69975280761719,1340421
2015-03-05,101.6997570808143,102.94363868694975,100.70465179590593,102.69486236572266,841948
2015-03-09,102.49583945931755,102.49583945931755,100.70464699505298,101.6500015258789,828872
2015-03-10,101.05294286451665,102.29682444782163,100.90367555610993,101.8987808227539,436408
2015-03-11,101.50073624394739,103.98849938718139,100.90367460798136,103.09290313720703,1737852
2015-03-12,103.34168006415814,103.68996538786547,101.25196052986347,103.14266204833984,1290897
2015-03-13,103.44119025931346,103.59045756891571,101.00318537332925,103.24217224121094,735753
2015-03-16,102.49584602856203,103.4909513298102,101.65000804091126,102.19731140136719,566774
2015-03-17,102.24706978220213,108.6654959433886,100.80417013109849,106.67528533935547,2913163
2015-03-18,106.57577495995083,108.21770020561867,103.8392354145214,105.28214263916016,772742
2015-03-19,107.42160926974749,107.42160926974749,103.93874087629695,104.98360443115234,970626
2015-03-20,104.18751740181987,104.7348283301516,101.50073624394739,103.09290313720703,968008
2015-03-23,102.94363811256072,103.04315471413695,101.89878212446736,102.64511108398438,1318205
2015-03-24,101.25196005914995,105.28213939316487,101.0031837445083,103.7397232055664,543545
2015-03-25,105.28214084440891,106.72504045239963,101.69975579054793,105.13287353515625,3048483
2015-03-26,103.59045535231775,108.96402523866188,102.8938847118132,106.87430572509766,4327776
2015-03-27,106.97381358727066,107.1230808920816,103.88898885339667,104.23727416992188,2499593
2015-03-30,105.97870955029212,105.97870955029212,103.73972272880708,104.33678436279297,156409
2015-03-31,104.13776438093605,108.466470635598,104.13776438093605,106.07821655273438,2403564
2015-04-01,105.48115898466327,106.67528227597124,103.78948305663519,105.77969360351562,992782
2015-04-06,105.48116123350698,105.87920486977944,103.29193262208473,105.33189392089844,1625237
2015-04-07,104.08801201271369,104.93384999240537,102.64511237630144,103.39144134521484,877134
2015-04-08,103.78948498037884,104.48605564787768,102.844130397858,103.39144134521484,225644
2015-04-09,103.49094415261902,107.96891769768426,102.4958389203823,107.32209777832031,2394058
2015-04-10,108.71524782422667,109.61084406155487,105.77969039348193,107.4216079711914,1172256
2015-04-13,106.5260218156793,107.42161048188905,104.1377676576684,105.08311462402344,700197
2015-04-15,105.48116163149717,105.8792052692715,103.49095103467647,104.0880126953125,1013639
2015-04-16,104.43629516642096,104.78458808495085,102.89388655142726,104.48605346679688,1905045
2015-04-17,103.5407080465152,104.38654602121645,103.24217342389086,103.34168243408203,363481
2015-04-20,102.99339698801549,103.98850227292385,102.04805000417288,102.69486236572266,472906
2015-04-21,102.49584473003019,103.14266468605705,101.20220481797645,101.45098114013672,738340
2015-04-22,101.8987785062166,105.23237955527868,101.10269127417916,104.88409423828125,5294191
2015-04-23,104.73483197084882,106.17773160726107,102.79437968849429,103.39144134521484,1890933
2015-04-24,104.13776429441762,104.68506761808659,101.99828652212874,102.89388275146484,1228124
2015-04-27,101.50073567843698,104.18751682134008,101.50073567843698,103.04315185546875,1461411
2015-04-28,101.55049807363861,105.48116093976223,101.55049807363861,103.39144134521484,1767691
2015-04-29,102.84412634804941,104.28703351969355,102.69485904173442,103.6899642944336,509911
2015-04-30,102.69486375912783,105.48116163149717,102.69486375912783,104.0880126953125,647596
2015-05-04,104.08800820341807,108.81475816688541,103.73972288241481,108.16793823242188,1186913
2015-05-05,108.91426532861257,111.4517867238782,107.07332215560146,110.55619049072266,1011491
2015-05-06,110.45668811245328,110.45668811245328,105.97871427005651,107.9191665649414,517302
2015-05-07,107.91916322612862,109.71035574449161,107.02357455899781,108.91426849365234,1223582
2015-05-08,110.45668564306042,113.88979580865957,108.61574240075291,110.90447998046875,804936
2015-05-11,111.45178924470014,112.74542912096781,110.7054602988651,111.40203094482422,1309233
2015-05-12,111.949345652476,114.33759987813899,108.06843348477997,109.16304779052734,1601692
2015-05-13,109.461579553555,111.45179009089236,108.4167159846326,109.56108856201172,688682
2015-05-14,109.41182331351034,109.461581614701,106.72504207433347,107.81965637207031,556262
2015-05-15,108.46647525690707,110.25766779338272,107.72014629871734,108.3669662475586,583364
2015-05-18,108.51623043050036,108.81475744994316,106.47626163341381,107.47136688232422,1309785
2015-05-19,107.96892095745135,111.15325475992918,107.8694119496334,108.86451721191406,570684
2015-05-20,109.3620738290351,112.44689873612934,108.56598655337487,111.75032806396484,1824763
2015-05-21,112.44689573869219,113.39224271029454,110.0088908590541,111.50154876708984,624773
2015-05-22,110.65570102343332,112.79517883437532,107.7699018652866,109.41181945800781,1477287
2015-05-25,109.85962416393805,109.95913317328653,104.58556315591034,108.3669662475586,1191830
2015-05-26,109.41181754778226,109.46157584635077,106.67527815162349,108.61573791503906,1260000
2015-05-27,107.91916469157127,108.3669666232681,106.47626507088887,107.12308502197266,438375
2015-05-28,107.52112672062474,108.21769736801237,105.82944321803231,106.32699584960938,417893
2015-05-29,106.47626714407416,107.27235442122407,104.9836091934563,105.38165283203125,377037
2015-06-01,105.3816492407938,106.47626351553401,103.88899134104332,105.08311462402344,1220822
2015-06-02,104.73482712455417,105.48115605893342,102.49584032141644,102.99339294433594,519298
2015-06-03,103.19241262664731,103.49094724205041,97.66958297809519,99.31150817871094,887767
2015-06-04,99.41101821550254,103.19241369479614,99.1124835970093,101.94853210449219,1088944
2015-06-05,100.85392037914907,101.45098203921482,99.01297709725847,99.61003875732422,823957
2015-06-08,99.01297449747166,99.80906175135705,97.52031659047461,98.11737823486328,728411
2015-06-09,98.01787112724763,99.26175274053757,97.32130046062561,98.91346740722656,201905
2015-06-10,98.91346679713878,99.90857208163304,98.26664684380737,98.86370849609375,323311
2015-06-11,99.0129737890947,99.41101741318964,95.87839068841674,97.42080688476562,348994
2015-06-12,97.37104763113564,99.46076714710514,94.6345081813528,98.61492919921875,1087411
2015-06-15,98.61492754468875,100.60513802023061,98.06762421914503,99.11248016357422,722636
2015-06-16,98.76419484876449,99.46076547838396,97.71933131228484,99.11248016357422,478966
2015-06-17,98.81395828491667,99.16224361783412,97.32130035065539,98.26664733886719,310738
2015-06-18,98.26664435681958,98.76419698647436,97.12227179020346,98.01786804199219,547780
2015-06-19,98.31640021349781,101.10269031509647,97.76908929765767,100.35636138916016,537948
2015-06-22,100.40611997904253,102.24706314995026,100.05783466433843,101.6500015258789,506381
2015-06-23,102.30000305175781,103.19999694824219,101.5,102.44999694824219,434596
2015-06-24,102.94999694824219,105.0,101.5,104.0999984741211,770894
2015-06-25,104.0,104.5999984741211,101.6500015258789,104.30000305175781,542702
2015-06-26,103.69999694824219,105.5999984741211,103.30000305175781,105.0999984741211,492695
2015-06-29,103.5,103.5,101.0,103.05000305175781,451972
2015-06-30,102.30000305175781,104.3499984741211,102.1500015258789,102.75,878816
2015-07-01,103.0,104.3499984741211,101.69999694824219,102.6500015258789,443923
2015-07-02,102.5,102.9000015258789,99.19999694824219,99.9000015258789,572397
2015-07-03,100.19999694824219,102.25,100.0999984741211,101.9000015258789,780247
2015-07-06,100.9000015258789,104.4000015258789,92.69999694824219,103.80000305175781,562191
2015-07-07,103.5,104.9000015258789,103.19999694824219,103.9000015258789,490571
2015-07-08,103.0,104.44999694824219,102.5999984741211,104.25,3265190
2015-07-09,104.25,104.44999694824219,103.30000305175781,104.30000305175781,503798
2015-07-10,104.3499984741211,105.1500015258789,103.5,104.69999694824219,190432
2015-07-13,104.5,112.69999694824219,104.5,110.6500015258789,2170957
2015-07-14,111.19999694824219,113.6500015258789,108.0999984741211,109.05000305175781,981618
2015-07-15,108.5,111.94999694824219,108.3499984741211,110.8499984741211,948589
2015-07-16,110.0,110.6500015258789,108.75,109.1500015258789,530725
2015-07-17,109.0,109.75,106.1500015258789,106.94999694824219,465580
2015-07-20,107.0,108.30000305175781,107.0,107.5,230411
2015-07-21,107.5,108.55000305175781,105.4000015258789,105.9000015258789,317514
2015-07-22,105.8499984741211,106.5,105.25,105.94999694824219,762906
2015-07-23,106.25,106.75,104.6500015258789,104.94999694824219,399342
2015-07-24,104.5999984741211,106.30000305175781,104.30000305175781,104.94999694824219,543647
2015-07-27,104.94999694824219,104.94999694824219,103.69999694824219,104.0,103387
2015-07-28,104.0,105.0,103.05000305175781,103.5,410654
2015-07-29,103.5,104.4000015258789,102.3499984741211,103.25,199711
2015-07-30,103.4000015258789,104.6500015258789,102.0,103.30000305175781,381030
2015-07-31,103.5999984741211,107.5,103.44999694824219,105.5999984741211,216989
2015-08-03,105.9000015258789,108.4000015258789,105.80000305175781,106.80000305175781,375065
2015-08-04,107.3499984741211,107.4000015258789,105.05000305175781,105.55000305175781,173904
2015-08-05,105.8499984741211,107.80000305175781,105.80000305175781,106.69999694824219,1566297
2015-08-06,106.69999694824219,108.25,105.44999694824219,106.0999984741211,308235
2015-08-07,105.19999694824219,107.30000305175781,105.19999694824219,106.05000305175781,583270
2015-08-10,106.0,106.4000015258789,103.75,105.55000305175781,677960
2015-08-11,105.4000015258789,105.80000305175781,104.0999984741211,104.4000015258789,205027
2015-08-12,104.5,104.80000305175781,101.6500015258789,102.8499984741211,328061
2015-08-13,103.0,104.75,102.5999984741211,103.19999694824219,396534
2015-08-14,103.9000015258789,104.05000305175781,102.75,103.55000305175781,496294
2015-08-17,104.4000015258789,106.9000015258789,103.4000015258789,104.69999694824219,360618
2015-08-18,104.3499984741211,105.4000015258789,103.69999694824219,104.19999694824219,551047
2015-08-19,104.1500015258789,105.9000015258789,103.69999694824219,105.44999694824219,389800
2015-08-20,105.44999694824219,110.94999694824219,84.4000015258789,87.69999694824219,2875008
2015-08-21,77.5,85.44999694824219,77.5,80.69999694824219,2897577
2015-08-24,78.0,79.0,65.25,69.80000305175781,1595407
2015-08-25,71.0,72.0,62.849998474121094,62.95000076293945,2679246
2015-08-26,62.900001525878906,65.80000305175781,60.099998474121094,63.849998474121094,1009604
2015-08-27,65.0999984741211,67.3499984741211,63.70000076293945,66.5,1067239
2015-08-28,68.0,68.3499984741211,66.5,67.5,607732
2015-08-31,67.4000015258789,68.5,66.69999694824219,67.8499984741211,296243
2015-09-01,67.0,67.75,63.599998474121094,66.8499984741211,668647
2015-09-02,67.25,67.69999694824219,65.0999984741211,66.94999694824219,322574
2015-09-03,67.0,70.25,67.0,69.6500015258789,396351
2015-09-04,69.25,70.75,67.0999984741211,69.94999694824219,403635
2015-09-07,69.0999984741211,70.94999694824219,69.0,70.5999984741211,270886
2015-09-08,70.5,72.8499984741211,69.25,72.69999694824219,470606
2015-09-09,72.69999694824219,75.5,72.69999694824219,75.25,340285
2015-09-10,74.75,75.9000015258789,73.0999984741211,75.6500015258789,225275
2015-09-11,75.5999984741211,76.94999694824219,75.5999984741211,76.25,256112
2015-09-14,76.30000305175781,77.9000015258789,75.5999984741211,77.4000015258789,165748
2015-09-15,77.25,77.80000305175781,75.5,76.30000305175781,229172
2015-09-16,77.0,77.9000015258789,76.0999984741211,77.44999694824219,220548
2015-09-18,77.5,80.0,77.5,79.5999984741211,789455
2015-09-21,78.69999694824219,81.5,78.69999694824219,80.8499984741211,175552
2015-09-22,81.19999694824219,81.9000015258789,79.0999984741211,80.25,195515
2015-09-23,79.0,81.3499984741211,78.5,81.05000305175781,239677
2015-09-24,81.25,82.30000305175781,80.5,81.69999694824219,150682
2015-09-28,82.3499984741211,83.19999694824219,80.0999984741211,81.0999984741211,175791
2015-09-29,80.19999694824219,83.80000305175781,79.9000015258789,83.1500015258789,405789
2015-09-30,83.05000305175781,84.0,81.1500015258789,83.05000305175781,197662
2015-10-01,83.5,84.1500015258789,82.5,83.75,104752
2015-10-05,84.9000015258789,85.9000015258789,84.4000015258789,85.0,264301
2015-10-06,85.4000015258789,86.0,84.0,85.69999694824219,177326
2015-10-07,85.0999984741211,85.94999694824219,85.0999984741211,85.8499984741211,252945
2015-10-08,85.0,86.69999694824219,85.0,86.30000305175781,218456
2015-10-09,86.05000305175781,87.8499984741211,86.05000305175781,87.55000305175781,204715
2015-10-12,87.0999984741211,88.19999694824219,87.0,87.6500015258789,246893
2015-10-13,87.75,87.75,86.5,87.25,103402
2015-10-14,87.05000305175781,87.1500015258789,84.80000305175781,85.5999984741211,341995
2015-10-15,85.9000015258789,86.69999694824219,85.1500015258789,86.5,320428
2015-10-16,86.0999984741211,87.5,85.75,86.94999694824219,182777
2015-10-19,87.25,87.69999694824219,86.5,87.19999694824219,212954
2015-10-20,87.4000015258789,87.4000015258789,86.75,87.19999694824219,146899
2015-10-21,87.1500015258789,87.25,85.6500015258789,86.4000015258789,79714
2015-10-23,86.8499984741211,87.0,86.0,86.4000015258789,144824
2015-10-26,86.9000015258789,87.19999694824219,85.05000305175781,85.75,181076
2015-10-27,85.25,85.94999694824219,84.6500015258789,85.6500015258789,133600
2015-10-28,85.6500015258789,85.69999694824219,84.69999694824219,85.0999984741211,153671
2015-10-29,84.9000015258789,85.4000015258789,84.0,84.44999694824219,167135
2015-10-30,84.9000015258789,85.9000015258789,81.05000305175781,83.55000305175781,319954
2015-11-02,83.9000015258789,84.4000015258789,66.8499984741211,69.4000015258789,2876051
2015-11-03,70.9000015258789,72.0,69.5,69.94999694824219,808388
2015-11-04,70.4000015258789,71.0,68.5,68.94999694824219,349514
2015-11-05,69.19999694824219,69.69999694824219,67.5,68.1500015258789,412600
2015-11-06,68.5,72.19999694824219,68.5,69.30000305175781,981388
2015-11-09,68.25,69.80000305175781,65.69999694824219,67.55000305175781,920262
2015-11-10,67.0,69.9000015258789,66.30000305175781,67.5,585232
2015-11-13,67.9000015258789,67.9000015258789,66.55000305175781,66.9000015258789,161473
2015-11-16,66.9000015258789,68.5,65.9000015258789,68.25,346059
2015-11-17,68.9000015258789,69.4000015258789,68.0999984741211,69.0999984741211,231633
2015-11-18,69.0,69.5,68.1500015258789,68.5,179782
2015-11-19,68.5999984741211,69.75,68.5,69.19999694824219,200737
2015-11-20,68.5999984741211,70.3499984741211,68.5,69.9000015258789,887365
2015-11-23,69.80000305175781,70.5999984741211,69.05000305175781,69.9000015258789,123828
2015-11-24,69.19999694824219,70.4000015258789,69.19999694824219,69.94999694824219,128263
2015-11-26,70.30000305175781,70.3499984741211,69.25,69.9000015258789,204264
2015-11-27,69.5999984741211,72.3499984741211,69.5999984741211,71.55000305175781,324242
2015-11-30,71.4000015258789,72.5,70.69999694824219,71.19999694824219,206122
2015-12-01,71.4000015258789,72.0,70.1500015258789,70.75,196719
2015-12-02,70.9000015258789,71.4000015258789,69.55000305175781,70.69999694824219,152183
2015-12-03,70.3499984741211,70.8499984741211,69.9000015258789,70.44999694824219,184714
2015-12-04,70.05000305175781,70.5,69.0,70.0999984741211,119985
2015-12-07,70.5,71.75,70.3499984741211,71.44999694824219,146322
2015-12-08,71.4000015258789,72.9000015258789,70.80000305175781,71.5999984741211,239523
2015-12-09,71.5999984741211,71.5999984741211,69.19999694824219,69.5,127499
2015-12-10,69.9000015258789,71.25,69.1500015258789,69.94999694824219,133705
2015-12-11,70.4000015258789,70.69999694824219,69.30000305175781,69.69999694824219,463179
2015-12-14,69.6500015258789,70.0,68.6500015258789,69.8499984741211,89006
2015-12-15,69.69999694824219,70.3499984741211,69.0999984741211,69.6500015258789,64577
2015-12-16,68.6500015258789,69.8499984741211,68.6500015258789,69.5999984741211,67961
2015-12-17,69.6500015258789,70.5,69.5,69.75,217156
2015-12-18,69.75,70.44999694824219,66.5,69.4000015258789,279180
2015-12-21,68.5,71.4000015258789,68.5,69.30000305175781,209684
2015-12-22,70.9000015258789,71.9000015258789,70.05000305175781,70.30000305175781,366262
2015-12-23,70.5,70.8499984741211,69.5,69.94999694824219,261339
2015-12-24,70.30000305175781,70.4000015258789,69.5999984741211,70.0999984741211,203411
2015-12-28,70.0999984741211,70.5,69.5,69.9000015258789,95289
2015-12-29,69.69999694824219,70.05000305175781,68.5999984741211,69.1500015258789,187140
2015-12-30,68.5,71.0,67.9000015258789,70.6500015258789,477727
2015-12-31,70.6500015258789,71.55000305175781,70.19999694824219,71.0999984741211,194177
2016-01-01,71.4000015258789,71.94999694824219,70.6500015258789,71.80000305175781,165871
2016-01-04,71.0999984741211,71.25,69.6500015258789,70.0,79168
2016-01-05,70.0,70.8499984741211,69.0,69.44999694824219,206179
2016-01-06,69.19999694824219,69.80000305175781,68.5,69.0999984741211,248630
2016-01-07,68.9000015258789,68.9000015258789,67.30000305175781,67.8499984741211,209068
2016-01-08,68.0,68.80000305175781,67.19999694824219,67.6500015258789,116860
2016-01-11,67.5,67.94999694824219,66.30000305175781,67.55000305175781,366613
2016-01-12,67.0,67.30000305175781,66.30000305175781,66.3499984741211,222203
2016-01-13,67.0,67.25,63.5,64.9000015258789,185030
2016-01-14,63.75,64.8499984741211,63.5,64.0999984741211,141368
2016-01-15,64.4000015258789,64.5,62.150001525878906,63.349998474121094,160142
2016-01-18,63.0,63.79999923706055,60.150001525878906,61.25,141700
2016-01-19,61.25,64.5,61.099998474121094,62.400001525878906,120403
2016-01-20,62.400001525878906,62.5,60.599998474121094,61.650001525878906,255626
2016-01-21,61.900001525878906,63.400001525878906,60.79999923706055,62.45000076293945,121973
2016-01-22,63.0,64.8499984741211,62.20000076293945,63.54999923706055,132505
2016-01-25,63.849998474121094,65.4000015258789,63.599998474121094,64.4000015258789,93002
2016-01-27,64.5,64.9000015258789,63.400001525878906,63.54999923706055,128433
2016-01-28,63.099998474121094,64.4000015258789,62.599998474121094,63.150001525878906,65109
2016-01-29,63.20000076293945,63.400001525878906,62.0,62.400001525878906,66990
2016-02-01,62.5,62.5,61.599998474121094,62.349998474121094,74926
2016-02-02,62.349998474121094,62.5,61.099998474121094,61.650001525878906,112842
2016-02-03,61.349998474121094,61.75,59.150001525878906,59.70000076293945,172554
2016-02-04,59.349998474121094,60.5,59.04999923706055,60.29999923706055,164186
2016-02-05,60.400001525878906,61.349998474121094,60.0,60.900001525878906,81325
2016-02-08,60.900001525878906,62.5,60.900001525878906,61.45000076293945,379665
2016-02-09,60.20000076293945,61.95000076293945,60.099998474121094,61.70000076293945,227450
2016-02-10,57.75,57.75,52.0,53.95000076293945,1733974
2016-02-11,52.54999923706055,53.900001525878906,50.150001525878906,51.95000076293945,357887
2016-02-12,52.25,52.75,49.650001525878906,51.70000076293945,190149
2016-02-15,51.900001525878906,54.95000076293945,51.900001525878906,53.04999923706055,150863
2016-02-16,53.099998474121094,53.900001525878906,50.70000076293945,51.150001525878906,251266
2016-02-17,51.150001525878906,51.150001525878906,47.900001525878906,48.849998474121094,441112
2016-02-18,49.400001525878906,50.29999923706055,49.099998474121094,49.599998474121094,279950
2016-02-19,49.70000076293945,50.849998474121094,48.45000076293945,49.400001525878906,240840
2016-02-22,49.5,52.79999923706055,49.5,52.349998474121094,486300
2016-02-23,52.25,53.29999923706055,52.0,53.0,294782
2016-02-24,52.599998474121094,53.95000076293945,52.349998474121094,53.650001525878906,177735
2016-02-25,53.95000076293945,55.25,53.45000076293945,54.95000076293945,149981
2016-02-26,55.95000076293945,57.900001525878906,54.400001525878906,57.599998474121094,352349
2016-02-29,58.0,59.5,55.79999923706055,58.54999923706055,328452
2016-03-01,58.099998474121094,67.30000305175781,58.099998474121094,64.69999694824219,1017627
2016-03-02,65.5,67.8499984741211,65.5,66.30000305175781,475480
2016-03-03,69.4000015258789,70.0999984741211,66.5,67.19999694824219,971980
2016-03-04,68.44999694824219,68.44999694824219,65.5,67.05000305175781,502667
2016-03-08,67.0,67.5,65.5,67.0999984741211,832182
2016-03-09,66.1500015258789,67.9000015258789,65.5,67.55000305175781,521144
2016-03-10,67.9000015258789,68.44999694824219,66.0,68.0999984741211,247400
2016-03-11,67.25,67.5999984741211,66.5,67.1500015258789,165854
2016-03-14,67.19999694824219,69.44999694824219,66.30000305175781,69.05000305175781,1820847
2016-03-15,67.75,69.5,67.55000305175781,69.19999694824219,284551
2016-03-16,69.25,69.25,68.0,68.9000015258789,409663
2016-03-17,69.25,69.55000305175781,68.0999984741211,68.94999694824219,679381
2016-03-18,68.5999984741211,70.5,67.0999984741211,68.8499984741211,1872146
2016-03-21,68.55000305175781,71.3499984741211,68.55000305175781,70.94999694824219,502664
2016-03-22,70.30000305175781,73.75,69.44999694824219,73.0,1405683
2016-03-23,72.55000305175781,73.1500015258789,70.5999984741211,72.80000305175781,435466
2016-03-28,72.1500015258789,72.69999694824219,71.0,71.80000305175781,462870
2016-03-29,72.5,75.0999984741211,70.6500015258789,74.9000015258789,1605842
2016-03-30,74.44999694824219,75.30000305175781,73.05000305175781,74.9000015258789,1579663
2016-03-31,74.80000305175781,74.9000015258789,73.25,74.25,235446
2016-04-01,73.75,76.5999984741211,73.69999694824219,76.30000305175781,387543
2016-04-04,77.0,77.05000305175781,74.9000015258789,76.6500015258789,1435592
2016-04-05,75.80000305175781,76.0999984741211,74.0999984741211,74.94999694824219,355269
2016-04-06,74.1500015258789,75.30000305175781,73.0,74.44999694824219,238923
2016-04-07,74.4000015258789,75.0,73.0999984741211,74.4000015258789,179783
2016-04-08,74.0999984741211,76.44999694824219,73.44999694824219,76.30000305175781,184724
2016-04-11,76.30000305175781,76.44999694824219,74.69999694824219,75.8499984741211,285723
2016-04-12,75.80000305175781,76.3499984741211,75.0,75.94999694824219,255710
2016-04-13,76.5,77.75,75.5999984741211,77.1500015258789,616576
2016-04-18,76.94999694824219,77.5,75.05000305175781,77.1500015258789,357187
2016-04-20,77.3499984741211,79.94999694824219,76.5,79.6500015258789,731866
2016-04-21,80.30000305175781,82.80000305175781,78.6500015258789,79.75,608180
2016-04-22,79.25,81.5999984741211,78.9000015258789,81.0,473722
2016-04-25,80.5999984741211,81.19999694824219,79.80000305175781,81.0,383805
2016-04-26,80.5,82.44999694824219,80.05000305175781,82.19999694824219,280943
2016-04-27,82.0,83.75,81.0999984741211,83.25,830013
2016-04-28,82.9000015258789,82.94999694824219,81.5,82.69999694824219,496366
2016-04-29,81.6500015258789,82.9000015258789,81.4000015258789,82.05000305175781,528618
2016-05-02,81.05000305175781,82.1500015258789,80.5999984741211,81.9000015258789,202487
2016-05-03,81.75,82.75,81.55000305175781,82.55000305175781,637522
2016-05-04,81.5,82.30000305175781,80.3499984741211,81.0,107119
2016-05-05,80.5,81.69999694824219,80.5,81.44999694824219,304005
2016-05-06,81.0,81.3499984741211,80.5999984741211,81.05000305175781,100771
2016-05-09,79.44999694824219,81.94999694824219,79.44999694824219,81.5,801684
2016-05-10,81.1500015258789,82.1500015258789,79.1500015258789,80.25,117059
2016-05-11,78.5,80.4000015258789,76.94999694824219,78.0,84591
2016-05-12,79.0,79.25,78.1500015258789,78.94999694824219,232009
2016-05-13,78.0,79.0,76.5999984741211,78.3499984741211,327320
2016-05-16,75.0,77.19999694824219,74.5999984741211,76.25,461181
2016-05-17,76.25,77.94999694824219,76.25,77.55000305175781,137835
2016-05-18,77.0,77.69999694824219,76.44999694824219,76.80000305175781,96755
2016-05-19,76.9000015258789,76.9000015258789,75.69999694824219,75.75,67671
2016-05-20,76.0,77.30000305175781,76.0,76.5999984741211,129426
2016-05-23,76.75,77.0,74.69999694824219,75.3499984741211,259431
2016-05-24,76.3499984741211,76.94999694824219,74.69999694824219,76.75,592857
2016-05-25,77.0,79.5,76.0999984741211,78.9000015258789,512181
2016-05-26,79.0,82.4000015258789,78.9000015258789,81.94999694824219,412670
2016-05-27,81.5,82.75,79.9000015258789,82.44999694824219,901941
2016-05-30,82.05000305175781,83.75,81.19999694824219,82.8499984741211,433351
2016-05-31,82.5,84.94999694824219,81.5,82.55000305175781,960115
2016-06-01,82.8499984741211,83.94999694824219,82.5,83.69999694824219,359965
2016-06-02,82.5999984741211,85.94999694824219,82.4000015258789,84.19999694824219,1079135
2016-06-03,83.9000015258789,84.25,83.44999694824219,83.80000305175781,252838
2016-06-06,83.0999984741211,84.0999984741211,83.0999984741211,83.80000305175781,324821
2016-06-07,83.9000015258789,85.19999694824219,83.69999694824219,84.75,700607
2016-06-08,85.05000305175781,87.44999694824219,84.5,87.1500015258789,855329
2016-06-09,87.9000015258789,88.5,86.5,88.3499984741211,238733
2016-06-10,88.3499984741211,90.4000015258789,87.69999694824219,88.9000015258789,709459
2016-06-13,88.69999694824219,88.69999694824219,87.19999694824219,87.8499984741211,650216
2016-06-14,87.5999984741211,89.19999694824219,87.5999984741211,88.55000305175781,346739
2016-06-15,88.0999984741211,90.4000015258789,88.0999984741211,90.0999984741211,470379
2016-06-16,90.80000305175781,94.80000305175781,89.05000305175781,93.5,675913
2016-06-17,94.0,108.5,94.0,105.0999984741211,6772574
2016-06-20,103.0,112.44999694824219,101.05000305175781,107.30000305175781,6052571
2016-06-21,106.5999984741211,110.0,104.5999984741211,105.6500015258789,1519246
2016-06-22,105.94999694824219,106.80000305175781,103.0,105.05000305175781,1762674
2016-06-23,105.0,108.0,103.30000305175781,106.1500015258789,764781
2016-06-24,100.0,106.55000305175781,99.55000305175781,105.8499984741211,810764
2016-06-27,105.0999984741211,108.5,104.94999694824219,108.05000305175781,1247932
2016-06-28,107.5,108.9000015258789,106.69999694824219,107.3499984741211,627033
2016-06-29,108.0,108.1500015258789,106.6500015258789,107.19999694824219,429444
2016-06-30,107.8499984741211,108.0,105.8499984741211,106.94999694824219,412617
2016-07-01,107.4000015258789,107.94999694824219,106.19999694824219,106.80000305175781,335609
2016-07-04,107.0,110.25,106.0,106.30000305175781,623716
2016-07-05,107.0,108.69999694824219,105.0,105.69999694824219,398428
2016-07-07,105.4000015258789,106.80000305175781,104.5,105.6500015258789,428037
2016-07-08,105.4000015258789,105.69999694824219,102.25,104.75,335435
2016-07-11,105.25,106.55000305175781,104.55000305175781,105.19999694824219,1056821
2016-07-12,104.30000305175781,105.5,103.4000015258789,104.0,779996
2016-07-13,104.19999694824219,104.19999694824219,102.5,102.69999694824219,231550
2016-07-14,102.05000305175781,106.5,102.05000305175781,104.9000015258789,632005
2016-07-15,104.94999694824219,106.19999694824219,103.19999694824219,103.5,255113
2016-07-18,103.9000015258789,104.4000015258789,100.9000015258789,101.4000015258789,171081
2016-07-19,101.5,104.8499984741211,99.0999984741211,99.80000305175781,1967917
2016-07-20,100.0,100.0,97.05000305175781,97.80000305175781,267131
2016-07-21,97.9000015258789,99.0999984741211,97.19999694824219,97.75,198084
2016-07-22,97.9000015258789,98.4000015258789,96.75,97.80000305175781,214735
2016-07-25,100.1500015258789,103.0,98.80000305175781,99.6500015258789,791805
2016-07-26,99.9000015258789,101.75,97.55000305175781,98.3499984741211,991375
2016-07-27,98.4000015258789,100.9000015258789,97.3499984741211,97.80000305175781,314075
2016-07-28,97.9000015258789,98.9000015258789,97.3499984741211,97.9000015258789,293228
2016-07-29,97.9000015258789,98.4000015258789,97.0999984741211,97.9000015258789,483837
2016-08-01,97.94999694824219,98.4000015258789,97.0999984741211,97.6500015258789,413691
2016-08-02,97.6500015258789,98.4000015258789,96.44999694824219,96.8499984741211,174362
2016-08-03,96.8499984741211,97.9000015258789,85.5999984741211,96.69999694824219,904001
2016-08-04,96.8499984741211,97.9000015258789,96.1500015258789,97.55000305175781,1050788
2016-08-05,97.80000305175781,98.94999694824219,97.55000305175781,97.9000015258789,590529
2016-08-08,97.55000305175781,98.30000305175781,96.75,97.1500015258789,963281
2016-08-09,97.1500015258789,98.4000015258789,97.1500015258789,97.8499984741211,835732
2016-08-10,97.94999694824219,98.80000305175781,96.30000305175781,96.9000015258789,216025
2016-08-11,97.0,100.44999694824219,96.80000305175781,99.44999694824219,1316926
2016-08-12,99.1500015258789,100.69999694824219,94.0,97.5,2544210
2016-08-16,96.5,105.30000305175781,96.5,102.0999984741211,2813751
2016-08-17,104.94999694824219,110.4000015258789,103.9000015258789,105.5,3819315
2016-08-18,105.5,106.5,99.69999694824219,100.69999694824219,1516205
2016-08-19,101.69999694824219,102.9000015258789,100.3499984741211,101.30000305175781,452870
2016-08-22,101.30000305175781,105.19999694824219,99.55000305175781,104.19999694824219,1490800
2016-08-23,106.30000305175781,107.94999694824219,104.55000305175781,105.30000305175781,1611114
2016-08-24,105.19999694824219,105.80000305175781,103.25,104.6500015258789,884604
2016-08-25,104.80000305175781,104.80000305175781,101.0,101.44999694824219,392152
2016-08-26,101.9000015258789,102.30000305175781,100.0,100.80000305175781,381276
2016-08-29,102.9000015258789,108.80000305175781,101.5,107.69999694824219,2976117
2016-08-30,107.9000015258789,111.75,105.75,109.6500015258789,5636808
2016-08-31,111.69999694824219,112.0,106.75,108.05000305175781,2188835
2016-09-01,107.19999694824219,108.5,105.80000305175781,106.25,749976
2016-09-02,106.25,108.0,104.6500015258789,105.30000305175781,764613
2016-09-06,105.9000015258789,106.9000015258789,105.5,105.8499984741211,410625
2016-09-07,108.05000305175781,109.4000015258789,104.5,105.5,2544131
2016-09-08,106.0,107.80000305175781,105.5999984741211,106.55000305175781,2038813
2016-09-09,106.80000305175781,108.1500015258789,104.55000305175781,107.5999984741211,1306569
2016-09-12,106.30000305175781,107.9000015258789,104.30000305175781,104.75,1106498
2016-09-14,104.94999694824219,106.1500015258789,104.19999694824219,104.80000305175781,780764
2016-09-15,106.75,108.4000015258789,104.0,104.69999694824219,1264713
2016-09-16,106.0,106.80000305175781,97.8499984741211,100.3499984741211,1315558
2016-09-19,100.5999984741211,100.69999694824219,97.6500015258789,98.5,1950945
2016-09-20,98.69999694824219,99.8499984741211,98.19999694824219,98.6500015258789,1138128
2016-09-21,98.94999694824219,99.1500015258789,95.6500015258789,96.5,1031070
2016-09-22,101.75,102.5,99.0,99.55000305175781,1873147
2016-09-23,99.94999694824219,100.25,97.5,97.9000015258789,383034
2016-09-26,98.0,98.6500015258789,97.0,98.0,809626
2016-09-27,97.94999694824219,98.5999984741211,96.6500015258789,96.8499984741211,487759
2016-09-28,98.6500015258789,99.69999694824219,97.55000305175781,97.80000305175781,1866088
2016-09-29,98.94999694824219,99.1500015258789,91.44999694824219,92.4000015258789,791311
2016-09-30,92.0,93.9000015258789,90.80000305175781,91.69999694824219,629561
2016-10-03,94.4000015258789,96.44999694824219,92.69999694824219,95.80000305175781,961995
2016-10-04,96.25,96.75,93.3499984741211,94.55000305175781,699558
2016-10-05,94.75,95.0,93.5,93.94999694824219,346392
2016-10-06,94.25,96.0,94.0999984741211,94.6500015258789,681561
2016-10-07,95.4000015258789,95.9000015258789,94.0,94.3499984741211,387369
2016-10-10,94.5,97.5999984741211,93.3499984741211,94.25,663526
2016-10-13,93.94999694824219,94.3499984741211,92.30000305175781,92.55000305175781,478066
2016-10-14,92.69999694824219,93.69999694824219,92.05000305175781,92.9000015258789,757869
2016-10-17,92.55000305175781,93.5999984741211,90.5999984741211,92.25,296237
2016-10-18,94.5,95.25,91.30000305175781,92.25,2196629
2016-10-19,92.75,92.75,88.0999984741211,89.94999694824219,1949641
2016-10-20,90.25,91.5999984741211,90.0,91.0,756576
2016-10-21,91.0,93.05000305175781,90.1500015258789,91.5999984741211,1113486
2016-10-24,92.0,92.5999984741211,91.5999984741211,91.9000015258789,1002539
2016-10-25,92.0,92.4000015258789,91.0999984741211,91.25,165561
2016-10-26,91.19999694824219,91.25,90.5,90.94999694824219,361189
2016-10-27,90.9000015258789,91.4000015258789,90.5,90.5999984741211,211905
2016-10-28,90.5999984741211,91.75,90.0,91.44999694824219,437095
2016-11-01,92.0,93.0,91.1500015258789,91.30000305175781,164122
2016-11-02,90.8499984741211,93.4000015258789,90.05000305175781,91.5999984741211,931049
2016-11-03,91.5,92.3499984741211,91.0999984741211,91.25,610015
2016-11-04,91.5,92.0,87.0999984741211,88.5,684086
2016-11-07,88.0,88.69999694824219,85.9000015258789,87.75,977684
2016-11-08,87.9000015258789,91.0,87.75,89.94999694824219,751310
2016-11-09,85.0,89.55000305175781,81.30000305175781,88.05000305175781,849567
2016-11-10,90.0,96.0,89.80000305175781,94.0,975003
2016-11-11,92.5999984741211,95.4000015258789,90.5999984741211,91.1500015258789,536912
2016-11-15,92.0,94.0,89.0,89.69999694824219,611867
2016-11-16,90.5,91.9000015258789,81.0999984741211,87.30000305175781,472798
2016-11-17,87.9000015258789,88.75,82.30000305175781,82.80000305175781,594455
2016-11-18,83.5999984741211,84.94999694824219,81.5999984741211,82.44999694824219,592440
2016-11-21,82.9000015258789,83.69999694824219,78.80000305175781,79.1500015258789,818782
2016-11-22,80.0,81.4000015258789,77.69999694824219,79.25,276112
2016-11-23,79.9000015258789,80.4000015258789,77.5999984741211,77.94999694824219,286036
2016-11-24,77.69999694824219,78.4000015258789,76.4000015258789,77.3499984741211,279259
2016-11-25,78.0999984741211,79.0,77.55000305175781,78.4000015258789,333888
2016-11-28,77.0,81.4000015258789,76.5,81.25,486669
2016-11-29,81.80000305175781,83.44999694824219,80.55000305175781,83.0999984741211,499716
2016-11-30,83.1500015258789,84.5999984741211,83.1500015258789,84.25,265904
2016-12-01,84.44999694824219,85.5999984741211,84.1500015258789,85.19999694824219,371781
2016-12-02,85.0,85.25,84.30000305175781,84.8499984741211,426635
2016-12-05,85.0,86.5,85.0,86.3499984741211,193557
2016-12-06,86.55000305175781,89.55000305175781,86.25,86.75,216219
2016-12-07,88.0,88.3499984741211,85.19999694824219,86.69999694824219,208949
2016-12-08,86.94999694824219,87.5,86.55000305175781,86.80000305175781,99225
2016-12-09,87.1500015258789,87.75,86.0999984741211,87.1500015258789,136819
2016-12-12,87.9000015258789,88.9000015258789,86.5999984741211,86.9000015258789,223563
2016-12-13,87.30000305175781,87.5999984741211,85.0999984741211,86.05000305175781,229331
2016-12-14,86.44999694824219,86.6500015258789,84.0999984741211,85.0999984741211,142963
2016-12-15,84.9000015258789,85.55000305175781,84.1500015258789,85.25,97254
2016-12-16,85.05000305175781,86.3499984741211,82.0,83.1500015258789,366197
2016-12-19,83.0,83.05000305175781,81.55000305175781,82.0,513185
2016-12-20,82.0,82.69999694824219,81.75,82.25,525293
2016-12-21,82.5,83.44999694824219,81.8499984741211,82.4000015258789,1630571
2016-12-22,82.1500015258789,82.75,81.5,82.5999984741211,148798
2016-12-23,82.5999984741211,83.44999694824219,82.0999984741211,83.05000305175781,134242
2016-12-26,82.94999694824219,82.94999694824219,81.69999694824219,82.19999694824219,140259
2016-12-27,82.19999694824219,83.0,81.55000305175781,82.8499984741211,86131
2016-12-28,82.9000015258789,83.4000015258789,82.30000305175781,82.80000305175781,57186
2016-12-29,82.80000305175781,82.94999694824219,81.9000015258789,82.5999984741211,99548
2016-12-30,82.5,84.19999694824219,82.5,83.5,74325
2017-01-02,83.25,85.9000015258789,80.0,84.5999984741211,135605
2017-01-03,84.5,84.80000305175781,81.5999984741211,84.0,127610
2017-01-04,84.0,84.94999694824219,83.30000305175781,83.75,145307
2017-01-05,84.8499984741211,84.8499984741211,83.1500015258789,83.75,86299
2017-01-06,84.0,84.69999694824219,83.0999984741211,83.44999694824219,83905
2017-01-09,83.5999984741211,84.25,83.25,83.3499984741211,42886
2017-01-10,83.5999984741211,83.8499984741211,82.75,83.19999694824219,48481
2017-01-11,83.25,84.55000305175781,83.19999694824219,83.80000305175781,140237
2017-01-12,83.80000305175781,84.6500015258789,83.69999694824219,83.94999694824219,62760
2017-01-13,84.30000305175781,84.30000305175781,83.05000305175781,83.44999694824219,409424
2017-01-16,83.55000305175781,84.0,82.80000305175781,83.1500015258789,97304
2017-01-17,83.4000015258789,83.9000015258789,82.9000015258789,83.1500015258789,41538
2017-01-18,83.4000015258789,84.25,82.80000305175781,83.5,90316
2017-01-19,83.44999694824219,83.9000015258789,83.1500015258789,83.5,48079
2017-01-20,83.25,84.19999694824219,83.0,83.19999694824219,131387
2017-01-23,83.0999984741211,84.6500015258789,82.75,83.25,88855
2017-01-24,83.5999984741211,83.69999694824219,83.0,83.0999984741211,63801
2017-01-25,83.3499984741211,83.44999694824219,83.0,83.1500015258789,62046
2017-01-27,83.55000305175781,84.75,83.1500015258789,84.0,146299
2017-01-30,84.4000015258789,84.5999984741211,83.0,83.6500015258789,292668
2017-01-31,83.25,84.80000305175781,83.0,83.25,132140
2017-02-01,83.0999984741211,84.5,83.0999984741211,83.69999694824219,99429
2017-02-02,83.69999694824219,87.5,83.69999694824219,86.3499984741211,555539
2017-02-03,87.8499984741211,89.19999694824219,87.44999694824219,88.55000305175781,865437
2017-02-06,88.0,91.0,87.0,89.1500015258789,711221
2017-02-07,90.0,93.30000305175781,88.55000305175781,92.05000305175781,1350071
2017-02-08,93.1500015258789,93.1500015258789,90.5,91.44999694824219,397168
2017-02-09,91.69999694824219,92.5,87.0,90.0,234377
2017-02-10,90.4000015258789,91.0,89.0999984741211,89.55000305175781,378165
2017-02-13,90.0999984741211,90.44999694824219,87.0,87.69999694824219,126035
2017-02-14,88.0,88.4000015258789,86.75,87.1500015258789,274023
2017-02-15,87.1500015258789,87.94999694824219,85.0,85.69999694824219,114439
2017-02-16,86.0,86.30000305175781,85.05000305175781,85.94999694824219,145882
2017-02-17,85.94999694824219,86.69999694824219,84.69999694824219,85.30000305175781,229077
2017-02-20,85.9000015258789,85.9000015258789,84.6500015258789,85.4000015258789,387361
2017-02-21,85.25,86.5,84.80000305175781,85.1500015258789,111610
2017-02-22,85.5999984741211,85.9000015258789,84.75,84.94999694824219,113084
2017-02-23,85.0999984741211,85.9000015258789,84.0999984741211,85.19999694824219,314658
2017-02-27,85.19999694824219,85.9000015258789,84.0,85.3499984741211,183606
2017-02-28,85.8499984741211,86.94999694824219,85.3499984741211,85.69999694824219,78089
2017-03-01,86.0,99.5,85.9000015258789,94.0999984741211,5167533
2017-03-02,94.0,95.0,90.1500015258789,90.75,1018021
2017-03-03,90.4000015258789,95.94999694824219,90.30000305175781,93.5,2941937
2017-03-06,94.30000305175781,94.30000305175781,92.30000305175781,92.9000015258789,420009
2017-03-07,93.0,94.80000305175781,91.4000015258789,91.8499984741211,346456
2017-03-08,92.0999984741211,92.69999694824219,90.19999694824219,90.69999694824219,430024
2017-03-09,90.5999984741211,90.94999694824219,89.0,89.3499984741211,367915
2017-03-10,89.80000305175781,95.9000015258789,89.5,94.55000305175781,1239629
2017-03-14,96.44999694824219,98.0,93.0,93.8499984741211,1066912
2017-03-15,93.75,100.9000015258789,92.0,98.80000305175781,3476284
2017-03-16,99.0,101.5,97.5,99.44999694824219,832983
2017-03-17,99.0999984741211,99.75,96.44999694824219,98.5,585647
2017-03-20,98.5,101.5,97.25,99.25,745587
2017-03-21,99.75,101.0,98.05000305175781,98.94999694824219,380354
2017-03-22,98.19999694824219,98.75,96.55000305175781,97.0,230839
2017-03-23,97.9000015258789,99.80000305175781,95.0,99.0,575466
2017-03-24,99.55000305175781,102.4000015258789,98.44999694824219,100.69999694824219,2137295
2017-03-27,101.0999984741211,104.9000015258789,99.75,102.1500015258789,1377492
2017-03-28,102.0,104.9000015258789,99.3499984741211,100.55000305175781,2440003
2017-03-29,99.94999694824219,104.4000015258789,99.55000305175781,102.5,5345882
2017-03-30,103.1500015258789,104.94999694824219,102.55000305175781,104.69999694824219,4063938
2017-03-31,104.4000015258789,107.19999694824219,103.75,105.6500015258789,4315831
2017-04-03,105.94999694824219,106.19999694824219,103.25,104.5,410137
2017-04-05,104.6500015258789,105.9000015258789,103.0,105.3499984741211,480116
2017-04-06,105.44999694824219,105.5,103.0999984741211,103.80000305175781,348978
2017-04-07,103.80000305175781,105.55000305175781,100.5,102.4000015258789,270296
2017-04-10,103.0,104.5,102.05000305175781,103.0999984741211,250035
2017-04-11,104.0,105.3499984741211,103.0999984741211,103.5,335233
2017-04-12,103.75,104.4000015258789,101.94999694824219,102.5,239924
2017-04-13,102.75,104.0,102.44999694824219,103.0,187804
2017-04-17,103.5,104.5,102.1500015258789,104.0999984741211,352513
2017-04-18,104.25,106.69999694824219,102.0,103.19999694824219,600908
2017-04-19,103.05000305175781,103.30000305175781,101.75,101.80000305175781,260911
2017-04-20,102.25,103.19999694824219,101.94999694824219,102.30000305175781,161562
2017-04-21,102.5,102.69999694824219,101.19999694824219,102.5,144008
2017-04-24,102.80000305175781,103.3499984741211,101.25,102.1500015258789,212720
2017-04-25,102.0,103.5,101.9000015258789,102.1500015258789,160108
2017-04-26,102.9000015258789,104.69999694824219,101.75,102.44999694824219,416135
2017-04-27,102.55000305175781,103.25,102.25,102.55000305175781,102139
2017-04-28,103.19999694824219,107.9000015258789,102.5,105.94999694824219,1132635
2017-05-02,106.5999984741211,109.19999694824219,103.5,104.75,891110
2017-05-03,105.5,107.0,104.25,104.75,983696
2017-05-04,105.25,112.30000305175781,105.25,110.44999694824219,3518661
2017-05-05,111.3499984741211,116.9000015258789,108.19999694824219,111.0,2856105
2017-05-08,111.55000305175781,119.4000015258789,109.5999984741211,116.80000305175781,2455649
2017-05-09,117.4000015258789,122.4000015258789,113.1500015258789,119.75,3525097
2017-05-10,122.30000305175781,123.25,116.5999984741211,117.44999694824219,2351067
2017-05-11,118.5999984741211,118.5999984741211,114.0,114.5,847576
2017-05-12,114.80000305175781,116.5,113.5,114.5999984741211,687052
2017-05-15,110.0,115.5,107.0999984741211,114.19999694824219,1573381
2017-05-16,114.19999694824219,119.4000015258789,112.4000015258789,118.9000015258789,2829431
2017-05-17,119.0,122.0999984741211,117.30000305175781,120.9000015258789,1598762
2017-05-18,118.0,122.0,115.5,116.75,899071
2017-05-19,117.5,119.25,111.9000015258789,115.94999694824219,879395
2017-05-22,119.55000305175781,119.55000305175781,113.0,113.69999694824219,612863
2017-05-23,110.0,113.0,106.5999984741211,109.55000305175781,898463
2017-05-24,109.9000015258789,111.0,103.30000305175781,104.9000015258789,692087
2017-05-25,105.0,106.30000305175781,103.1500015258789,104.5,724812
2017-05-26,104.8499984741211,106.30000305175781,103.4000015258789,104.30000305175781,349618
2017-05-29,105.0,105.5999984741211,101.5999984741211,102.69999694824219,1026158
2017-05-30,102.0,105.9000015258789,101.0,102.5999984741211,399096
2017-05-31,103.69999694824219,105.80000305175781,102.3499984741211,102.94999694824219,613296
2017-06-01,103.25,103.9000015258789,102.30000305175781,103.05000305175781,833781
2017-06-02,103.0999984741211,104.9000015258789,102.0999984741211,102.8499984741211,185572
2017-06-05,103.0,103.44999694824219,102.0,102.25,225853
2017-06-06,102.25,103.1500015258789,99.6500015258789,100.3499984741211,1802888
2017-06-07,100.5999984741211,101.6500015258789,99.80000305175781,100.75,152739
2017-06-08,101.05000305175781,101.44999694824219,98.80000305175781,100.5,373805
2017-06-09,100.25,100.9000015258789,99.3499984741211,100.4000015258789,628224
2017-06-12,100.4000015258789,101.44999694824219,99.0,101.05000305175781,424923
2017-06-13,100.3499984741211,101.80000305175781,98.4000015258789,99.5999984741211,235398
2017-06-14,99.80000305175781,102.55000305175781,99.80000305175781,102.0999984741211,425917
2017-06-15,101.05000305175781,101.3499984741211,99.0,99.75,681349
2017-06-16,99.69999694824219,100.94999694824219,99.30000305175781,99.8499984741211,414617
2017-06-19,100.25,100.5,97.5,97.94999694824219,664367
2017-06-20,97.8499984741211,98.1500015258789,95.0999984741211,95.69999694824219,218576
2017-06-21,94.55000305175781,95.9000015258789,94.19999694824219,94.8499984741211,481261
2017-06-22,95.0,95.0,91.75,92.3499984741211,287842
2017-06-23,92.5,92.9000015258789,86.5,87.94999694824219,472667
2017-06-27,87.0,89.9000015258789,85.0,88.8499984741211,4273288
2017-06-28,88.5,88.9000015258789,87.0,87.4000015258789,754141
2017-06-29,87.5,89.94999694824219,87.0,89.05000305175781,871871
2017-06-30,88.3499984741211,89.3499984741211,87.0,87.19999694824219,4207737
2017-07-03,88.4000015258789,88.94999694824219,86.8499984741211,87.6500015258789,268164
2017-07-04,87.75,87.94999694824219,86.55000305175781,87.25,81530
2017-07-05,87.0999984741211,88.5,87.0,87.69999694824219,358361
2017-07-06,87.94999694824219,91.9000015258789,87.6500015258789,91.19999694824219,657401
2017-07-07,92.69999694824219,96.0,91.5999984741211,92.69999694824219,875512
2017-07-10,93.9000015258789,93.9000015258789,92.0,93.4000015258789,50533
2017-07-11,93.5,94.19999694824219,90.5999984741211,91.9000015258789,866667
2017-07-12,91.5999984741211,93.9000015258789,90.4000015258789,91.30000305175781,211565
2017-07-13,91.9000015258789,93.05000305175781,90.8499984741211,92.19999694824219,3556131
2017-07-14,92.9000015258789,100.5,90.8499984741211,97.6500015258789,2088946
2017-07-17,97.5,98.6500015258789,94.0,96.5999984741211,3536582
2017-07-18,95.05000305175781,97.4000015258789,94.05000305175781,94.4000015258789,268356
2017-07-19,94.80000305175781,95.5999984741211,92.0,93.0,598312
2017-07-20,93.80000305175781,93.80000305175781,91.1500015258789,91.8499984741211,191885
2017-07-21,92.05000305175781,92.8499984741211,91.55000305175781,91.9000015258789,211336
2017-07-24,92.5,93.75,91.0,92.30000305175781,473134
2017-07-25,91.0,92.30000305175781,90.5,91.4000015258789,729351
2017-07-26,91.55000305175781,92.55000305175781,91.05000305175781,91.5,247836
2017-07-27,92.4000015258789,93.3499984741211,91.0999984741211,91.75,3487574
2017-07-28,92.9000015258789,92.9000015258789,90.75,91.25,244489
2017-07-31,86.0,91.4000015258789,85.9000015258789,90.55000305175781,3510322
2017-08-01,91.0999984741211,91.25,89.05000305175781,90.19999694824219,1716036
2017-08-02,89.94999694824219,90.25,88.0,88.94999694824219,166474
2017-08-03,88.94999694824219,88.94999694824219,86.0,86.6500015258789,558115
2017-08-04,86.9000015258789,88.8499984741211,86.25,87.55000305175781,279996
2017-08-07,87.55000305175781,88.9000015258789,86.0,86.69999694824219,1081724
2017-08-08,86.80000305175781,87.55000305175781,85.0,85.9000015258789,424835
2017-08-09,86.0,86.0999984741211,84.0999984741211,85.05000305175781,396724
2017-08-10,85.05000305175781,85.4000015258789,81.0,82.05000305175781,592774
2017-08-11,80.0,81.0,72.25,73.19999694824219,1314714
2017-08-14,74.8499984741211,77.5,73.25,77.05000305175781,801955
2017-08-16,77.5,78.80000305175781,73.44999694824219,74.6500015258789,647159
2017-08-17,74.6500015258789,77.0,70.5999984741211,72.05000305175781,952491
2017-08-18,72.55000305175781,75.19999694824219,70.5999984741211,74.44999694824219,1619285
2017-08-21,75.5,75.94999694824219,73.5999984741211,73.8499984741211,672531
2017-08-22,74.05000305175781,74.75,72.6500015258789,73.30000305175781,507546
2017-08-23,73.5,74.4000015258789,73.25,73.80000305175781,466294
2017-08-24,73.80000305175781,75.0,73.25,73.55000305175781,509608
2017-08-28,73.75,82.75,73.6500015258789,80.30000305175781,5472238
2017-08-29,79.0999984741211,81.44999694824219,77.1500015258789,77.94999694824219,2642115
2017-08-30,79.5,85.6500015258789,78.1500015258789,83.94999694824219,5486323
2017-08-31,86.0,89.9000015258789,85.30000305175781,88.1500015258789,5837249
2017-09-01,88.30000305175781,97.30000305175781,88.25,95.3499984741211,11905341
2017-09-04,95.8499984741211,99.9000015258789,94.0,95.9000015258789,9638003
2017-09-05,97.0,101.6500015258789,97.0,100.5999984741211,6671968
2017-09-06,101.80000305175781,103.25,98.25,98.80000305175781,6437362
2017-09-07,99.0,102.80000305175781,99.0,101.55000305175781,5058477
2017-09-08,102.8499984741211,103.25,98.9000015258789,99.0999984741211,5591328
2017-09-11,101.9000015258789,103.69999694824219,100.0,102.8499984741211,6910649
2017-09-12,103.44999694824219,104.0,98.9000015258789,99.0,4536102
2017-09-13,99.30000305175781,101.3499984741211,97.55000305175781,98.8499984741211,2402088
2017-09-14,99.0,100.0,95.19999694824219,95.55000305175781,2623122
2017-09-15,95.0,95.0,90.69999694824219,91.5,3148121
2017-09-18,91.9000015258789,94.05000305175781,89.19999694824219,91.0,5912622
2017-09-19,90.80000305175781,92.80000305175781,87.80000305175781,88.9000015258789,3820868
2017-09-20,89.44999694824219,90.30000305175781,86.0999984741211,87.0,2496312
2017-09-21,87.4000015258789,88.0999984741211,85.0999984741211,85.75,1672525
2017-09-22,85.0,85.30000305175781,80.9000015258789,82.3499984741211,2304748
2017-09-25,82.80000305175781,82.80000305175781,76.9000015258789,77.4000015258789,4490922
2017-09-26,77.0,77.1500015258789,71.1500015258789,72.44999694824219,5270905
2017-09-27,73.30000305175781,75.4000015258789,73.30000305175781,74.1500015258789,4238985
2017-09-28,75.80000305175781,75.80000305175781,73.3499984741211,74.19999694824219,3839264
2017-09-29,74.55000305175781,75.5,74.1500015258789,74.6500015258789,525855
2017-10-03,75.4000015258789,75.8499984741211,74.0,74.19999694824219,452226
2017-10-04,74.9000015258789,76.0999984741211,73.5,75.69999694824219,731576
2017-10-05,76.19999694824219,76.19999694824219,74.69999694824219,75.0999984741211,1170670
2017-10-06,75.0,75.80000305175781,74.6500015258789,75.05000305175781,1553407
2017-10-09,75.0999984741211,82.4000015258789,74.44999694824219,81.05000305175781,5621398
2017-10-10,81.0,83.4000015258789,80.0999984741211,81.05000305175781,2521298
2017-10-11,81.5,82.44999694824219,77.55000305175781,80.30000305175781,1270416
2017-10-12,80.4000015258789,80.80000305175781,78.5,79.55000305175781,509115
2017-10-13,79.30000305175781,82.44999694824219,78.5,78.80000305175781,1406608
2017-10-16,79.30000305175781,80.5,78.0,78.19999694824219,446109
2017-10-17,78.6500015258789,79.0,77.5999984741211,78.19999694824219,364400
2017-10-18,78.75,78.75,76.0,77.3499984741211,335142
2017-10-19,77.0,77.94999694824219,75.55000305175781,76.25,147404
2017-10-23,76.5999984741211,77.44999694824219,76.0,76.3499984741211,488984
2017-10-24,76.9000015258789,80.80000305175781,76.25,79.0,1895969
2017-10-25,94.0,94.0,85.0,91.44999694824219,7595916
2017-10-26,91.80000305175781,93.75,87.1500015258789,87.69999694824219,1932477
2017-10-27,88.0,88.19999694824219,81.30000305175781,82.1500015258789,965446
2017-10-30,82.5,84.9000015258789,80.1500015258789,82.80000305175781,1194219
2017-10-31,81.0,82.94999694824219,79.0,81.75,5644057
2017-11-01,82.25,84.3499984741211,81.5,82.3499984741211,2879983
2017-11-02,83.0,83.5,81.5,82.75,2538675
2017-11-03,83.5,83.5,82.19999694824219,82.80000305175781,1441267
2017-11-06,82.75,84.9000015258789,81.5,84.3499984741211,5208470
2017-11-07,84.0999984741211,84.19999694824219,80.5,81.69999694824219,987352
2017-11-08,82.5,82.5,79.19999694824219,80.0,427849
2017-11-09,80.5,81.44999694824219,79.80000305175781,80.25,237345
2017-11-10,80.25,81.19999694824219,79.0,80.30000305175781,556108
2017-11-13,80.9000015258789,81.05000305175781,79.25,79.9000015258789,487636
2017-11-14,80.44999694824219,80.44999694824219,78.0999984741211,78.69999694824219,444717
2017-11-15,78.5,78.5,77.30000305175781,78.05000305175781,324026
2017-11-16,79.0,79.69999694824219,78.0,79.44999694824219,332943
2017-11-17,81.5,94.0,80.55000305175781,81.69999694824219,4614294
2017-11-20,82.25,83.19999694824219,81.3499984741211,81.69999694824219,408069
2017-11-21,82.0,82.75,80.0999984741211,81.05000305175781,346261
2017-11-22,81.05000305175781,81.5999984741211,79.5,80.05000305175781,577886
2017-11-23,80.05000305175781,81.25,79.5999984741211,80.69999694824219,331659
2017-11-24,81.25,82.25,80.80000305175781,81.1500015258789,375897
2017-11-27,81.0,81.75,80.30000305175781,81.19999694824219,355896
2017-11-28,81.44999694824219,81.75,80.80000305175781,81.25,295929
2017-11-29,81.69999694824219,81.75,80.25,80.80000305175781,212418
2017-11-30,80.3499984741211,80.3499984741211,79.3499984741211,79.75,235375
2017-12-01,80.19999694824219,81.0,78.3499984741211,78.75,444480
2017-12-04,79.5,79.5,78.05000305175781,78.25,147173
2017-12-05,78.0,78.5999984741211,77.0,77.80000305175781,182594
2017-12-06,77.8499984741211,78.30000305175781,77.05000305175781,77.5999984741211,186688
2017-12-07,77.6500015258789,80.5,77.55000305175781,78.5,823733
2017-12-08,78.69999694824219,79.80000305175781,78.0999984741211,78.3499984741211,206602
2017-12-11,78.55000305175781,79.0,77.5,77.75,172350
2017-12-12,78.0,78.0,77.1500015258789,77.25,218344
2017-12-13,77.80000305175781,77.80000305175781,74.5,74.94999694824219,242012
2017-12-14,75.0999984741211,75.8499984741211,74.0,74.5999984741211,272296
2017-12-15,76.0,76.9000015258789,75.0,76.1500015258789,303626
2017-12-18,75.5,79.5,74.05000305175781,76.44999694824219,537177
2017-12-19,76.94999694824219,77.4000015258789,76.0,76.25,159232
2017-12-20,76.75,76.75,75.55000305175781,75.80000305175781,255022
2017-12-21,76.4000015258789,76.4000015258789,75.5999984741211,76.0,192492
2017-12-22,76.5,76.5,75.4000015258789,75.6500015258789,454107
2017-12-26,75.8499984741211,76.25,74.69999694824219,75.0,712999
2017-12-27,75.5,75.80000305175781,74.75,74.9000015258789,327615
2017-12-28,74.80000305175781,75.25,74.69999694824219,74.8499984741211,214530
2017-12-29,75.05000305175781,75.8499984741211,72.0,72.1500015258789,1855541
2018-01-01,74.5,77.80000305175781,73.0,74.69999694824219,8051264
2018-01-02,74.69999694824219,75.6500015258789,74.1500015258789,74.94999694824219,1058928
2018-01-03,75.25,78.4000015258789,74.3499984741211,75.9000015258789,1984589
2018-01-04,77.0,79.6500015258789,76.30000305175781,76.75,3582211
2018-01-05,77.3499984741211,78.05000305175781,75.8499984741211,76.05000305175781,844943
2018-01-08,76.0,76.75,75.30000305175781,75.44999694824219,1113674
2018-01-09,75.8499984741211,76.19999694824219,74.5,74.9000015258789,705598
2018-01-10,74.94999694824219,75.19999694824219,74.5,74.69999694824219,302147
2018-01-11,74.5,75.0,74.05000305175781,74.69999694824219,290268
2018-01-12,75.44999694824219,76.0,74.1500015258789,75.0,815490
2018-01-15,75.5,75.94999694824219,74.5,74.80000305175781,235552
2018-01-16,74.0999984741211,74.75,73.25,73.5999984741211,335864
2018-01-17,74.0,74.5,72.5999984741211,74.0999984741211,398230
2018-01-18,76.5,76.80000305175781,73.4000015258789,73.69999694824219,553519
2018-01-19,74.30000305175781,74.30000305175781,73.19999694824219,73.80000305175781,328477
2018-01-22,73.5,73.9000015258789,73.0,73.19999694824219,770144
2018-01-23,73.25,75.0999984741211,73.0,74.5,475886
2018-01-24,74.5999984741211,75.5,73.05000305175781,74.5999984741211,757416
2018-01-25,77.0,77.0,74.0,74.19999694824219,659552
2018-01-29,74.30000305175781,75.44999694824219,73.19999694824219,74.25,1795159
2018-01-30,74.75,74.75,73.0999984741211,73.3499984741211,180789
2018-01-31,73.05000305175781,73.75,72.5,73.05000305175781,197162
2018-02-01,73.25,74.5999984741211,72.55000305175781,72.69999694824219,287038
2018-02-02,71.0999984741211,72.0999984741211,70.0999984741211,70.3499984741211,369363
2018-02-05,70.0,70.0,66.75,68.0999984741211,420292
2018-02-06,66.0,66.5,65.0999984741211,65.9000015258789,586709
2018-02-07,66.55000305175781,68.3499984741211,66.55000305175781,67.0,233691
2018-02-08,66.6500015258789,67.9000015258789,66.6500015258789,67.0,401504
2018-02-09,66.0,68.5999984741211,65.25,67.4000015258789,783594
2018-02-12,66.0,70.5,66.0,69.8499984741211,712682
2018-02-14,70.0,70.30000305175781,68.5,68.80000305175781,260871
2018-02-15,67.5,69.75,67.5,68.9000015258789,397955
2018-02-16,68.0,68.69999694824219,66.4000015258789,67.0,300864
2018-02-19,66.19999694824219,67.05000305175781,63.79999923706055,65.4000015258789,468364
2018-02-20,64.5,66.5999984741211,64.5,66.30000305175781,451258
2018-02-21,67.0,67.69999694824219,65.5,66.30000305175781,248234
2018-02-22,65.80000305175781,66.44999694824219,65.0999984741211,65.5,154711
2018-02-23,65.5,71.5,65.5,69.4000015258789,2554156
2018-02-26,69.19999694824219,69.44999694824219,67.75,68.19999694824219,380926
2018-02-27,68.0,68.1500015258789,65.6500015258789,66.4000015258789,225247
2018-02-28,65.9000015258789,65.9000015258789,64.30000305175781,65.30000305175781,462934
2018-03-01,64.80000305175781,65.5999984741211,64.5,64.80000305175781,233286
2018-03-05,64.5,65.30000305175781,64.30000305175781,65.0,154106
2018-03-06,64.4000015258789,65.80000305175781,63.349998474121094,63.849998474121094,217353
2018-03-07,63.849998474121094,67.30000305175781,62.650001525878906,66.19999694824219,1937148
2018-03-08,66.5,67.94999694824219,65.0,67.5999984741211,1214027
2018-03-09,67.30000305175781,79.94999694824219,67.0,75.25,14051600
2018-03-12,75.0,75.1500015258789,71.0999984741211,74.5999984741211,6209754
2018-03-13,73.1500015258789,76.25,72.0999984741211,73.44999694824219,1612005
2018-03-14,72.5,76.0,72.5,75.69999694824219,2607188
2018-03-15,75.6500015258789,87.5,75.6500015258789,86.5,28733329
2018-03-16,87.19999694824219,87.9000015258789,82.5,83.80000305175781,8569548
2018-03-19,83.44999694824219,83.44999694824219,76.0,77.19999694824219,2300379
2018-03-20,75.1500015258789,75.5,73.94999694824219,74.30000305175781,7986163
2018-03-21,74.25,78.30000305175781,73.75,74.1500015258789,2653685
2018-03-22,74.0,75.94999694824219,73.0,75.5,7659268
2018-03-23,72.55000305175781,74.94999694824219,72.05000305175781,72.6500015258789,4252701
2018-03-26,73.0,75.55000305175781,72.69999694824219,74.5,3722220
2018-03-27,74.0,75.5,68.0999984741211,71.5,3962636
2018-03-28,70.0,76.5,69.80000305175781,72.3499984741211,3593836
2018-04-02,72.9000015258789,72.9000015258789,69.55000305175781,70.6500015258789,704724
2018-04-03,71.19999694824219,72.19999694824219,70.69999694824219,71.3499984741211,4058259
2018-04-04,71.6500015258789,71.75,69.3499984741211,69.5999984741211,1479259
2018-04-05,70.9000015258789,71.0,70.0999984741211,70.5,1572130
2018-04-06,71.19999694824219,72.30000305175781,70.44999694824219,71.0,917422
2018-04-09,71.3499984741211,72.4000015258789,71.1500015258789,71.3499984741211,647179
2018-04-10,71.30000305175781,72.0999984741211,70.5,70.75,950644
2018-04-11,70.5999984741211,71.19999694824219,69.80000305175781,70.05000305175781,371017
2018-04-12,70.0,70.4000015258789,69.19999694824219,69.9000015258789,281235
2018-04-13,69.0999984741211,70.19999694824219,69.0999984741211,69.6500015258789,336006
2018-04-16,69.6500015258789,69.94999694824219,69.25,69.44999694824219,521615
2018-04-17,69.5999984741211,70.4000015258789,69.19999694824219,69.80000305175781,648033
2018-04-18,70.05000305175781,70.69999694824219,69.25,69.6500015258789,659563
2018-04-19,69.5,69.94999694824219,69.0,69.30000305175781,246717
2018-04-20,69.4000015258789,72.6500015258789,68.4000015258789,70.5999984741211,2972774
2018-04-23,69.5999984741211,71.0,69.5,70.9000015258789,1567444
2018-04-24,71.0999984741211,71.0999984741211,69.4000015258789,70.05000305175781,176949
2018-04-25,70.1500015258789,70.3499984741211,69.5999984741211,69.9000015258789,440096
2018-04-26,69.80000305175781,70.8499984741211,69.0999984741211,69.55000305175781,180487
2018-04-27,69.0,71.6500015258789,69.0,70.30000305175781,463163
2018-04-30,70.8499984741211,70.8499984741211,70.0,70.25,174925
2018-05-02,70.0999984741211,70.4000015258789,69.19999694824219,69.30000305175781,237315
2018-05-03,69.0999984741211,69.80000305175781,69.0999984741211,69.5,165511
2018-05-04,69.1500015258789,69.9000015258789,69.0,69.6500015258789,150135
2018-05-07,69.69999694824219,70.6500015258789,69.25,70.0999984741211,173982
2018-05-08,70.0999984741211,72.30000305175781,69.5999984741211,71.5999984741211,844037
2018-05-09,72.5,72.5,71.05000305175781,71.69999694824219,500565
2018-05-10,71.6500015258789,72.5,70.55000305175781,71.8499984741211,311682
2018-05-11,71.30000305175781,71.30000305175781,70.0,70.55000305175781,158210
2018-05-14,70.0,70.55000305175781,69.30000305175781,69.94999694824219,125635
2018-05-15,69.69999694824219,71.05000305175781,67.75,68.30000305175781,227790
2018-05-16,68.05000305175781,68.3499984741211,66.25,66.55000305175781,339658
2018-05-17,66.6500015258789,67.44999694824219,65.05000305175781,66.25,369458
2018-05-18,65.0,69.9000015258789,62.0,67.3499984741211,1435007
2018-05-21,67.19999694824219,68.69999694824219,65.69999694824219,66.6500015258789,432423
2018-05-22,66.6500015258789,67.30000305175781,66.05000305175781,66.94999694824219,163311
2018-05-23,66.5999984741211,67.69999694824219,66.0999984741211,66.55000305175781,144674
2018-05-24,66.55000305175781,67.0,65.80000305175781,66.5,146989
2018-05-25,67.0,67.19999694824219,66.0999984741211,66.80000305175781,285154
2018-05-28,66.80000305175781,70.0,66.25,69.8499984741211,413794
2018-05-29,70.6500015258789,72.5,69.69999694824219,72.0999984741211,584063
2018-05-30,71.5,72.75,70.05000305175781,72.25,269212
2018-05-31,72.3499984741211,74.80000305175781,72.3499984741211,73.55000305175781,756991
2018-06-01,73.5,74.19999694824219,72.80000305175781,73.55000305175781,299266
2018-06-04,73.5999984741211,75.0,73.05000305175781,74.4000015258789,296701
2018-06-05,74.9000015258789,75.44999694824219,73.75,74.44999694824219,357281
2018-06-06,72.8499984741211,75.80000305175781,72.4000015258789,75.44999694824219,337673
2018-06-07,75.5,76.80000305175781,75.05000305175781,76.19999694824219,347561
2018-06-08,76.75,79.0,75.80000305175781,78.80000305175781,547696
2018-06-11,79.30000305175781,83.80000305175781,78.5,83.3499984741211,1976047
2018-06-12,83.1500015258789,84.9000015258789,79.5,81.8499984741211,1476735
2018-06-13,81.3499984741211,81.80000305175781,77.55000305175781,78.19999694824219,614433
2018-06-14,78.25,78.75,75.80000305175781,76.75,290125
2018-06-15,76.69999694824219,77.94999694824219,73.8499984741211,74.5999984741211,2182153
2018-06-18,73.19999694824219,74.30000305175781,73.0,73.5999984741211,205932
2018-06-19,73.1500015258789,74.4000015258789,72.3499984741211,72.5999984741211,528823
2018-06-20,72.5999984741211,72.5999984741211,70.69999694824219,71.19999694824219,394467
2018-06-21,71.75,71.75,68.9000015258789,69.4000015258789,207714
2018-06-22,69.94999694824219,72.0,68.69999694824219,71.44999694824219,367409
2018-06-25,71.9000015258789,71.9000015258789,69.80000305175781,69.9000015258789,230803
2018-06-26,69.4000015258789,71.0,68.80000305175781,70.5,544459
2018-06-27,70.5999984741211,70.80000305175781,69.5,69.5999984741211,127058
2018-06-28,69.5999984741211,69.5999984741211,67.75,68.1500015258789,130840
2018-06-29,69.0,69.80000305175781,68.1500015258789,69.19999694824219,212442
2018-07-02,69.19999694824219,69.94999694824219,68.19999694824219,69.4000015258789,132312
2018-07-03,70.0,70.0,67.25,67.75,859871
2018-07-04,67.80000305175781,67.9000015258789,67.05000305175781,67.44999694824219,206221
2018-07-05,67.44999694824219,68.44999694824219,66.75,67.75,474746
2018-07-06,67.5999984741211,68.3499984741211,67.4000015258789,67.6500015258789,159637
2018-07-09,67.5,69.4000015258789,67.5,68.5999984741211,3103940
2018-07-10,68.6500015258789,69.5,68.55000305175781,68.8499984741211,151823
2018-07-11,68.75,69.9000015258789,68.1500015258789,69.0,159545
2018-07-12,69.0999984741211,70.0,67.0999984741211,68.05000305175781,4577750
2018-07-13,69.6500015258789,69.6500015258789,66.4000015258789,67.55000305175781,200829
2018-07-16,67.30000305175781,68.0,66.19999694824219,67.8499984741211,188427
2018-07-17,67.5999984741211,71.55000305175781,67.0999984741211,70.0,923090
2018-07-18,71.05000305175781,72.0,69.05000305175781,69.8499984741211,1177988
2018-07-19,69.0,70.69999694824219,68.0,69.69999694824219,389830
2018-07-20,69.0,69.9000015258789,68.5999984741211,68.94999694824219,274255
2018-07-23,68.5,69.8499984741211,68.05000305175781,68.8499984741211,208244
2018-07-24,68.8499984741211,69.5,68.69999694824219,69.30000305175781,172547
2018-07-25,70.0,70.0,68.55000305175781,68.94999694824219,201734
2018-07-26,69.05000305175781,71.0999984741211,69.0,70.0,289436
2018-07-27,70.5,73.19999694824219,70.1500015258789,71.44999694824219,959451
2018-07-30,71.44999694824219,76.55000305175781,71.44999694824219,72.55000305175781,8454968
2018-07-31,72.0,72.0,69.3499984741211,69.9000015258789,1547036
2018-08-01,70.0,70.5,68.75,69.44999694824219,429567
2018-08-02,69.4000015258789,69.44999694824219,68.1500015258789,68.69999694824219,199987
2018-08-03,69.0,70.44999694824219,68.55000305175781,69.0,400709
2018-08-06,68.5999984741211,69.5999984741211,68.5999984741211,68.94999694824219,224234
2018-08-07,68.94999694824219,69.5,68.3499984741211,68.6500015258789,173316
2018-08-08,68.6500015258789,69.0,67.8499984741211,68.1500015258789,195467
2018-08-09,69.69999694824219,69.69999694824219,68.5999984741211,69.0,197175
2018-08-10,69.0,69.1500015258789,68.0999984741211,68.75,818841
2018-08-13,68.0,68.30000305175781,67.3499984741211,67.80000305175781,90746
2018-08-14,67.0999984741211,69.5,67.0999984741211,68.94999694824219,158117
2018-08-16,69.3499984741211,69.3499984741211,67.0999984741211,68.94999694824219,136809
2018-08-17,69.6500015258789,69.8499984741211,68.55000305175781,69.19999694824219,106045
2018-08-20,69.25,69.69999694824219,68.8499984741211,68.94999694824219,64040
2018-08-21,69.0,69.4000015258789,68.69999694824219,68.94999694824219,86446
2018-08-23,68.3499984741211,69.80000305175781,68.19999694824219,68.6500015258789,78491
2018-08-24,68.9000015258789,69.5,68.30000305175781,68.5999984741211,66723
2018-08-27,68.0,74.0,68.0,68.69999694824219,428040
2018-08-28,69.1500015258789,69.19999694824219,68.1500015258789,68.5999984741211,75732
2018-08-29,68.1500015258789,69.0,68.1500015258789,68.3499984741211,100975
2018-08-30,68.25,70.80000305175781,68.25,68.94999694824219,298810
2018-08-31,69.4000015258789,69.4000015258789,68.4000015258789,68.6500015258789,116486
2018-09-03,68.8499984741211,69.3499984741211,68.44999694824219,68.5999984741211,187006
2018-09-04,68.5,68.9000015258789,67.5,67.75,95513
2018-09-05,68.19999694824219,68.44999694824219,67.25,67.8499984741211,97207
2018-09-06,68.05000305175781,68.5999984741211,67.19999694824219,67.5,61818
2018-09-07,68.0999984741211,68.5,67.19999694824219,67.55000305175781,56491
2018-09-10,67.80000305175781,68.0,67.0999984741211,67.5,67731
2018-09-11,67.19999694824219,67.75,65.4000015258789,66.4000015258789,96142
2018-09-12,67.0999984741211,67.0999984741211,65.5,66.19999694824219,1487319
2018-09-14,67.0,67.5,66.5,67.0,54567
2018-09-17,67.0,68.94999694824219,66.19999694824219,67.5,76292
2018-09-18,72.0,73.5,63.79999923706055,66.1500015258789,1180057
2018-09-19,67.0,68.75,65.9000015258789,66.44999694824219,159883
2018-09-21,68.9000015258789,69.0,53.20000076293945,53.20000076293945,4190143
2018-09-24,42.599998474121094,49.5,42.599998474121094,44.25,12052424
2018-09-25,45.20000076293945,45.849998474121094,41.650001525878906,43.70000076293945,6113931
2018-09-26,44.099998474121094,44.79999923706055,43.0,43.599998474121094,1260191
2018-09-27,44.099998474121094,45.20000076293945,42.79999923706055,44.20000076293945,906887
2018-09-28,45.04999923706055,45.150001525878906,39.79999923706055,41.150001525878906,805688
2018-10-01,41.099998474121094,41.79999923706055,39.5,40.70000076293945,793886
2018-10-03,40.95000076293945,41.349998474121094,39.650001525878906,40.20000076293945,1202322
2018-10-04,39.900001525878906,40.0,36.20000076293945,36.20000076293945,3025106
2018-10-05,36.0,36.0,32.599998474121094,33.400001525878906,2511680
2018-10-08,33.29999923706055,33.29999923706055,31.75,31.75,1247798
2018-10-09,31.0,31.350000381469727,30.200000762939453,30.200000762939453,471981
2018-10-10,28.899999618530273,31.700000762939453,28.700000762939453,28.850000381469727,5581274
2018-10-11,27.5,28.0,27.450000762939453,27.450000762939453,2036168
2018-10-12,27.899999618530273,28.799999237060547,27.5,28.600000381469727,2261976
2018-10-15,28.899999618530273,30.0,28.899999618530273,29.899999618530273,1456183
2018-10-16,30.899999618530273,31.350000381469727,30.549999237060547,31.350000381469727,493446
2018-10-17,32.900001525878906,32.900001525878906,30.450000762939453,31.0,2390789
2018-10-19,30.700000762939453,31.899999618530273,30.0,31.0,741228
2018-10-22,32.0,32.0,29.899999618530273,30.049999237060547,430521
2018-10-23,30.0,30.25,29.350000381469727,29.799999237060547,313218
2018-10-24,30.299999237060547,30.350000381469727,29.399999618530273,29.75,333807
2018-10-25,29.5,29.700000762939453,29.299999237060547,29.399999618530273,369823
2018-10-26,29.5,29.799999237060547,29.200000762939453,29.299999237060547,306513
2018-10-29,29.5,30.75,28.700000762939453,30.700000762939453,972561
2018-10-30,31.0,32.20000076293945,30.850000381469727,31.549999237060547,897420
2018-10-31,31.899999618530273,32.79999923706055,31.5,31.850000381469727,606937
2018-11-01,32.099998474121094,32.150001525878906,31.549999237060547,31.850000381469727,407406
2018-11-02,32.20000076293945,32.400001525878906,31.350000381469727,31.700000762939453,862747
2018-11-05,31.700000762939453,32.20000076293945,31.350000381469727,31.799999237060547,431460
2018-11-06,32.099998474121094,32.349998474121094,31.5,31.850000381469727,580828
2018-11-07,32.150001525878906,32.20000076293945,31.75,32.099998474121094,113147
2018-11-09,32.099998474121094,32.900001525878906,31.799999237060547,32.25,613992
2018-11-12,32.599998474121094,32.900001525878906,31.549999237060547,31.75,540903
2018-11-13,31.75,31.799999237060547,30.5,31.299999237060547,440607
2018-11-14,31.350000381469727,32.400001525878906,29.799999237060547,30.700000762939453,1839281
2018-11-15,30.600000381469727,30.700000762939453,30.299999237060547,30.549999237060547,301833
2018-11-16,31.0,31.399999618530273,30.450000762939453,31.100000381469727,405059
2018-11-19,31.649999618530273,31.75,31.200000762939453,31.299999237060547,574073
2018-11-20,32.0,32.0,30.549999237060547,30.75,320853
2018-11-21,31.200000762939453,31.200000762939453,30.549999237060547,30.75,337182
2018-11-22,30.700000762939453,30.899999618530273,30.350000381469727,30.450000762939453,218951
2018-11-26,30.5,30.649999618530273,29.899999618530273,30.0,235071
2018-11-27,30.149999618530273,30.799999237060547,30.049999237060547,30.399999618530273,1039511
2018-11-28,30.5,30.600000381469727,29.799999237060547,30.0,205312
2018-11-29,30.200000762939453,30.399999618530273,28.75,29.0,453037
2018-11-30,29.450000762939453,29.450000762939453,28.899999618530273,29.0,206050
2018-12-03,29.399999618530273,29.399999618530273,29.0,29.149999618530273,197862
2018-12-04,29.399999618530273,29.5,28.950000762939453,29.049999237060547,198304
2018-12-05,29.0,29.100000381469727,28.700000762939453,28.799999237060547,163223
2018-12-06,28.799999237060547,28.799999237060547,28.100000381469727,28.350000381469727,227496
2018-12-07,28.549999237060547,28.600000381469727,28.149999618530273,28.299999237060547,149431
2018-12-10,28.25,28.399999618530273,27.649999618530273,28.100000381469727,176982
2018-12-11,27.799999237060547,28.899999618530273,27.700000762939453,28.700000762939453,256914
2018-12-12,29.549999237060547,30.100000381469727,29.450000762939453,29.950000762939453,431414
2018-12-13,30.600000381469727,30.899999618530273,30.0,30.100000381469727,351893
2018-12-14,30.100000381469727,30.799999237060547,30.049999237060547,30.399999618530273,327538
2018-12-17,30.549999237060547,31.200000762939453,30.549999237060547,30.899999618530273,480519
2018-12-18,30.700000762939453,31.450000762939453,30.549999237060547,31.399999618530273,443577
2018-12-19,31.5,33.45000076293945,31.100000381469727,33.150001525878906,1120405
2018-12-20,33.5,35.599998474121094,32.95000076293945,34.29999923706055,1672016
2018-12-21,35.599998474121094,35.900001525878906,34.70000076293945,35.650001525878906,1445209
2018-12-24,36.04999923706055,36.400001525878906,35.0,35.150001525878906,566454
2018-12-26,35.0,35.150001525878906,32.0,34.099998474121094,555727
2018-12-27,35.29999923706055,37.5,34.599998474121094,36.25,6931060
2018-12-28,36.95000076293945,37.900001525878906,35.95000076293945,36.04999923706055,5645781
2018-12-31,36.650001525878906,36.95000076293945,36.099998474121094,36.650001525878906,1409898
2019-01-01,37.5,37.5,37.0,37.20000076293945,938962
2019-01-02,37.20000076293945,37.95000076293945,37.0,37.25,1818337
2019-01-03,37.400001525878906,37.400001525878906,36.400001525878906,36.95000076293945,1355968
2019-01-04,36.95000076293945,36.95000076293945,35.54999923706055,35.75,1380396
2019-01-07,36.29999923706055,36.5,35.099998474121094,35.29999923706055,661375
2019-01-08,35.79999923706055,35.900001525878906,35.04999923706055,35.75,393817
2019-01-09,36.20000076293945,37.29999923706055,35.650001525878906,36.79999923706055,2758280
2019-01-10,37.0,37.400001525878906,35.70000076293945,36.099998474121094,2824741
2019-01-11,36.400001525878906,36.54999923706055,35.849998474121094,36.45000076293945,476162
2019-01-14,36.45000076293945,36.45000076293945,35.75,36.0,1164404
2019-01-15,36.0,36.45000076293945,35.95000076293945,36.0,277213
2019-01-16,36.25,36.900001525878906,35.45000076293945,35.650001525878906,1204041
2019-01-17,35.599998474121094,35.849998474121094,35.25,35.45000076293945,217570
2019-01-18,35.900001525878906,35.900001525878906,34.79999923706055,34.95000076293945,215034
2019-01-21,34.95000076293945,34.95000076293945,31.5,31.950000762939453,879783
2019-01-22,32.45000076293945,32.45000076293945,31.75,32.25,378822
2019-01-23,32.5,32.900001525878906,32.150001525878906,32.75,309587
2019-01-24,33.0,33.0,32.25,32.5,128111
2019-01-25,32.900001525878906,32.900001525878906,32.29999923706055,32.70000076293945,227198
2019-01-28,32.400001525878906,32.54999923706055,30.75,31.049999237060547,403328
2019-01-29,31.0,31.350000381469727,30.649999618530273,31.149999618530273,297652
2019-01-30,31.350000381469727,31.75,31.0,31.350000381469727,243658
2019-01-31,31.5,31.649999618530273,30.950000762939453,31.100000381469727,188252
2019-02-01,31.450000762939453,31.950000762939453,30.200000762939453,30.899999618530273,255198
2019-02-04,30.799999237060547,30.799999237060547,29.600000381469727,30.25,296832
2019-02-05,30.049999237060547,30.149999618530273,29.0,29.25,243840
2019-02-06,29.0,29.5,28.5,29.299999237060547,215270
2019-02-07,29.299999237060547,30.299999237060547,29.25,29.649999618530273,255330
2019-02-08,30.0,30.0,28.899999618530273,29.100000381469727,157509
2019-02-11,29.100000381469727,29.100000381469727,28.25,28.600000381469727,163137
2019-02-12,28.600000381469727,28.899999618530273,28.25,28.450000762939453,616074
2019-02-14,28.5,28.950000762939453,28.049999237060547,28.799999237060547,137395
2019-02-15,29.0,29.0,28.399999618530273,28.600000381469727,145233
2019-02-18,28.100000381469727,28.799999237060547,28.100000381469727,28.549999237060547,790728
2019-02-19,28.799999237060547,28.950000762939453,28.25,28.799999237060547,388158
2019-02-20,29.049999237060547,32.0,29.049999237060547,29.75,1236519
2019-02-21,32.900001525878906,32.900001525878906,31.299999237060547,31.799999237060547,1343761
2019-02-22,31.700000762939453,32.29999923706055,30.850000381469727,31.850000381469727,552126
2019-02-25,32.150001525878906,32.349998474121094,31.399999618530273,31.649999618530273,305042
2019-02-26,31.399999618530273,31.450000762939453,30.149999618530273,30.950000762939453,329648
2019-02-27,31.549999237060547,32.29999923706055,30.100000381469727,30.25,805850
2019-02-28,30.200000762939453,30.549999237060547,30.200000762939453,30.25,182741
2019-03-01,30.5,31.350000381469727,30.450000762939453,31.049999237060547,509242
2019-03-05,32.099998474121094,32.79999923706055,31.5,32.150001525878906,1304101
2019-03-06,32.25,32.5,31.799999237060547,32.150001525878906,495206
2019-03-07,32.400001525878906,32.45000076293945,31.399999618530273,31.850000381469727,442969
2019-03-08,31.799999237060547,33.95000076293945,31.5,32.95000076293945,1983489
2019-03-11,32.95000076293945,35.29999923706055,32.95000076293945,34.20000076293945,2246614
2019-03-12,34.599998474121094,34.900001525878906,34.0,34.5,1375795
2019-03-13,34.599998474121094,35.400001525878906,33.70000076293945,34.0,504085
2019-03-14,34.150001525878906,34.25,33.54999923706055,33.900001525878906,377662
2019-03-15,34.20000076293945,34.599998474121094,33.849998474121094,33.900001525878906,524784
2019-03-18,34.0,34.25,33.45000076293945,33.849998474121094,784644
2019-03-19,33.849998474121094,35.20000076293945,33.54999923706055,34.79999923706055,1546220
2019-03-20,35.20000076293945,35.20000076293945,34.29999923706055,34.45000076293945,616072
2019-03-22,34.5,34.900001525878906,33.29999923706055,33.45000076293945,647238
2019-03-25,33.599998474121094,33.599998474121094,32.25,32.349998474121094,608192
2019-03-26,32.349998474121094,32.849998474121094,32.20000076293945,32.650001525878906,700420
2019-03-27,32.95000076293945,32.95000076293945,31.850000381469727,32.25,1067973
2019-03-28,32.5,36.150001525878906,32.5,34.95000076293945,3006015
2019-04-01,36.04999923706055,36.900001525878906,35.849998474121094,36.0,1869715
2019-04-02,36.29999923706055,36.5,35.349998474121094,36.150001525878906,1395873
2019-04-03,36.29999923706055,36.29999923706055,35.349998474121094,35.45000076293945,885746
2019-04-04,35.400001525878906,35.70000076293945,34.849998474121094,35.150001525878906,658135
2019-04-05,34.95000076293945,35.25,34.5,34.900001525878906,578833
2019-04-08,34.95000076293945,35.45000076293945,34.599998474121094,34.79999923706055,593507
2019-04-09,34.900001525878906,34.95000076293945,34.29999923706055,34.599998474121094,473141
2019-04-10,34.599998474121094,35.099998474121094,34.400001525878906,34.45000076293945,397792
2019-04-11,34.599998474121094,34.650001525878906,34.25,34.45000076293945,381535
2019-04-12,34.79999923706055,35.29999923706055,33.650001525878906,35.150001525878906,1018189
2019-04-15,35.29999923706055,35.29999923706055,34.849998474121094,35.0,605846
2019-04-16,35.0,35.25,34.5,34.650001525878906,315072
2019-04-18,34.599998474121094,35.099998474121094,33.900001525878906,34.099998474121094,557424
2019-04-22,34.70000076293945,34.70000076293945,33.45000076293945,33.650001525878906,317231
2019-04-23,33.400001525878906,33.95000076293945,33.400001525878906,33.54999923706055,234549
2019-04-24,33.70000076293945,33.95000076293945,33.5,33.650001525878906,237439
2019-04-25,33.5,34.150001525878906,32.95000076293945,33.29999923706055,300298
2019-04-26,33.45000076293945,33.599998474121094,33.099998474121094,33.29999923706055,401728
2019-04-30,32.849998474121094,33.25,31.299999237060547,31.5,437080
2019-05-02,31.350000381469727,32.099998474121094,30.799999237060547,30.899999618530273,420532
2019-05-03,31.450000762939453,31.450000762939453,29.850000381469727,30.200000762939453,589400
2019-05-06,29.649999618530273,30.25,29.299999237060547,29.450000762939453,524610
2019-05-07,29.700000762939453,30.0,28.850000381469727,28.950000762939453,695241
2019-05-08,29.0,29.149999618530273,27.899999618530273,27.950000762939453,924596
2019-05-09,28.0,29.049999237060547,27.600000381469727,28.450000762939453,711696
2019-05-10,28.5,29.0,28.5,28.75,317959
2019-05-13,28.600000381469727,28.950000762939453,27.549999237060547,27.75,456095
2019-05-14,27.950000762939453,28.5,27.399999618530273,27.549999237060547,602447
2019-05-15,27.899999618530273,28.899999618530273,27.200000762939453,27.549999237060547,607888
2019-05-16,26.549999237060547,26.549999237060547,25.049999237060547,25.950000762939453,1899575
2019-05-17,25.899999618530273,26.25,25.5,25.950000762939453,1126876
2019-05-20,26.799999237060547,27.5,26.5,26.950000762939453,1145925
2019-05-21,27.100000381469727,27.75,26.600000381469727,26.700000762939453,886506
2019-05-22,26.850000381469727,27.200000762939453,26.100000381469727,26.350000381469727,1209788
2019-05-23,27.0,27.299999237060547,24.899999618530273,25.049999237060547,2621879
2019-05-24,25.399999618530273,25.899999618530273,25.200000762939453,25.399999618530273,1441151
2019-05-27,25.799999237060547,26.75,25.399999618530273,25.950000762939453,1607181
2019-05-28,26.299999237060547,26.350000381469727,25.950000762939453,26.049999237060547,776989
2019-05-29,26.399999618530273,26.399999618530273,25.049999237060547,25.25,1397330
2019-05-30,25.5,25.700000762939453,25.25,25.450000762939453,577127
2019-05-31,25.600000381469727,25.950000762939453,24.850000381469727,25.0,1120379
2019-06-03,25.149999618530273,25.149999618530273,24.850000381469727,24.899999618530273,787923
2019-06-04,24.950000762939453,25.5,24.899999618530273,25.0,1342711
2019-06-06,25.200000762939453,25.25,24.700000762939453,24.75,889482
2019-06-07,24.75,25.0,24.5,24.549999237060547,674817
2019-06-10,24.649999618530273,24.799999237060547,24.0,24.200000762939453,483461
2019-06-11,24.25,24.25,23.799999237060547,23.899999618530273,561021
2019-06-12,23.899999618530273,23.899999618530273,23.25,23.399999618530273,660083
2019-06-13,23.350000381469727,23.350000381469727,22.549999237060547,22.950000762939453,756307
2019-06-14,23.0,23.149999618530273,22.549999237060547,22.75,550381
2019-06-17,22.649999618530273,22.799999237060547,22.350000381469727,22.649999618530273,348361
2019-06-18,22.649999618530273,23.100000381469727,22.450000762939453,22.649999618530273,655402
2019-06-19,22.399999618530273,22.700000762939453,21.799999237060547,22.0,704415
2019-06-20,22.0,22.149999618530273,21.0,21.649999618530273,881509
2019-06-21,21.5,22.100000381469727,21.399999618530273,21.5,873842
2019-06-24,21.399999618530273,21.799999237060547,20.399999618530273,20.899999618530273,813385
2019-06-25,20.75,21.0,20.299999237060547,20.399999618530273,822891
2019-06-26,20.25,20.799999237060547,19.649999618530273,19.799999237060547,1768518
2019-06-27,20.100000381469727,20.5,19.899999618530273,20.049999237060547,1400533
2019-06-28,20.600000381469727,21.799999237060547,20.399999618530273,20.600000381469727,3123791
2019-07-01,20.75,21.549999237060547,20.649999618530273,20.75,1133714
2019-07-02,20.950000762939453,21.0,20.200000762939453,20.700000762939453,748944
2019-07-03,20.75,20.899999618530273,20.600000381469727,20.75,558511
2019-07-04,21.0,21.399999618530273,20.649999618530273,20.75,1487392
2019-07-05,21.0,21.25,20.75,20.799999237060547,1430279
2019-07-08,20.700000762939453,20.899999618530273,19.799999237060547,20.0,1023141
2019-07-09,19.850000381469727,20.049999237060547,19.600000381469727,19.850000381469727,602608
2019-07-10,19.950000762939453,20.149999618530273,19.75,19.850000381469727,412107
2019-07-11,20.0,20.0,19.600000381469727,19.850000381469727,514003
2019-07-12,19.899999618530273,20.0,19.700000762939453,19.850000381469727,422854
2019-07-15,19.799999237060547,19.950000762939453,19.5,19.799999237060547,479581
2019-07-16,19.75,19.799999237060547,19.600000381469727,19.649999618530273,435883
2019-07-17,19.600000381469727,19.75,19.450000762939453,19.549999237060547,493390
2019-07-18,19.600000381469727,19.649999618530273,19.399999618530273,19.450000762939453,363083
2019-07-19,19.5,19.549999237060547,18.850000381469727,18.950000762939453,432374
2019-07-22,18.950000762939453,19.0,18.450000762939453,18.5,505488
2019-07-23,18.5,18.649999618530273,18.299999237060547,18.399999618530273,332094
2019-07-24,18.450000762939453,18.5,17.200000762939453,17.600000381469727,726687
2019-07-25,17.649999618530273,20.200000762939453,17.200000762939453,18.350000381469727,1043748
2019-07-26,18.25,18.399999618530273,17.75,18.200000762939453,332455
2019-07-29,18.200000762939453,18.350000381469727,17.850000381469727,18.0,308922
2019-07-30,17.899999618530273,18.149999618530273,17.600000381469727,17.700000762939453,323750
2019-07-31,17.700000762939453,17.799999237060547,17.299999237060547,17.600000381469727,332287
2019-08-01,17.600000381469727,17.75,17.399999618530273,17.549999237060547,365442
2019-08-02,17.549999237060547,17.649999618530273,17.149999618530273,17.600000381469727,296536
2019-08-05,17.399999618530273,17.649999618530273,16.75,17.0,418089
2019-08-06,16.899999618530273,17.600000381469727,16.899999618530273,17.399999618530273,445042
2019-08-07,18.75,20.649999618530273,18.25,20.0,4979669
2019-08-08,20.600000381469727,20.899999618530273,19.700000762939453,20.100000381469727,1681225
2019-08-09,20.149999618530273,20.649999618530273,20.0,20.149999618530273,721202
2019-08-13,20.25,20.350000381469727,19.049999237060547,19.200000762939453,588882
2019-08-14,19.200000762939453,19.25,15.699999809265137,18.850000381469727,522149
2019-08-16,18.75,18.899999618530273,18.25,18.799999237060547,454967
2019-08-19,18.850000381469727,20.399999618530273,18.850000381469727,19.5,554227
2019-08-20,19.350000381469727,19.5,19.0,19.200000762939453,288032
2019-08-21,19.049999237060547,19.149999618530273,18.299999237060547,18.549999237060547,497103
2019-08-22,18.299999237060547,18.649999618530273,17.549999237060547,18.100000381469727,701649
2019-08-23,18.200000762939453,18.200000762939453,17.149999618530273,17.850000381469727,662213
2019-08-26,19.25,19.899999618530273,18.75,19.600000381469727,1097189
2019-08-27,20.0,20.350000381469727,19.950000762939453,20.049999237060547,879070
2019-08-28,20.200000762939453,20.200000762939453,19.25,19.549999237060547,477351
2019-08-29,19.5,19.5,18.799999237060547,18.950000762939453,482023
2019-08-30,19.049999237060547,20.100000381469727,18.899999618530273,19.75,1054497
2019-09-03,19.75,19.75,18.100000381469727,18.850000381469727,961331
2019-09-04,18.899999618530273,19.350000381469727,18.5,18.950000762939453,681921
2019-09-05,18.950000762939453,19.149999618530273,18.700000762939453,18.950000762939453,301173
2019-09-06,19.0,19.100000381469727,18.799999237060547,19.0,220367
2019-09-09,19.0,19.200000762939453,18.799999237060547,19.100000381469727,181473
2019-09-11,19.0,20.0,19.0,19.5,410763
2019-09-12,19.700000762939453,20.299999237060547,19.299999237060547,19.600000381469727,328780
2019-09-13,19.899999618530273,19.899999618530273,19.25,19.600000381469727,323061
2019-09-16,19.450000762939453,20.200000762939453,19.450000762939453,19.799999237060547,270163
2019-09-17,20.200000762939453,20.200000762939453,19.600000381469727,19.75,279891
2019-09-18,19.649999618530273,19.950000762939453,19.549999237060547,19.700000762939453,189486
2019-09-19,19.799999237060547,19.799999237060547,19.0,19.149999618530273,252043
2019-09-20,19.149999618530273,20.100000381469727,18.399999618530273,19.700000762939453,692097
2019-09-23,20.200000762939453,20.75,19.850000381469727,20.25,638032
2019-09-24,20.25,20.299999237060547,19.700000762939453,19.950000762939453,358105
2019-09-25,19.799999237060547,19.899999618530273,19.450000762939453,19.549999237060547,365683
2019-09-26,19.450000762939453,19.75,19.299999237060547,19.600000381469727,327467
2019-09-27,19.5,19.700000762939453,19.100000381469727,19.200000762939453,270344
2019-09-30,19.149999618530273,19.149999618530273,17.299999237060547,18.049999237060547,626090
2019-10-01,18.100000381469727,18.549999237060547,17.5,17.899999618530273,424301
2019-10-03,17.700000762939453,18.049999237060547,17.5,17.799999237060547,479640
2019-10-04,18.049999237060547,18.350000381469727,17.700000762939453,17.75,459587
2019-10-07,17.850000381469727,18.049999237060547,17.350000381469727,17.450000762939453,334598
2019-10-09,17.450000762939453,17.600000381469727,16.600000381469727,17.25,745265
2019-10-10,17.200000762939453,17.25,16.899999618530273,17.049999237060547,255615
2019-10-11,17.049999237060547,17.25,16.899999618530273,17.0,350653
2019-10-14,17.149999618530273,17.25,16.950000762939453,17.049999237060547,226267
2019-10-15,17.0,17.149999618530273,16.75,16.899999618530273,197055
2019-10-16,17.0,17.049999237060547,16.600000381469727,16.75,231792
2019-10-17,16.75,17.0,16.75,16.950000762939453,249190
2019-10-18,16.950000762939453,17.5,16.850000381469727,17.350000381469727,330723
2019-10-22,17.799999237060547,17.799999237060547,16.149999618530273,17.0,429957
2019-10-23,17.0,17.399999618530273,17.0,17.299999237060547,349762
2019-10-24,17.299999237060547,17.5,17.0,17.100000381469727,275858
2019-10-25,17.299999237060547,17.899999618530273,16.950000762939453,17.299999237060547,429882
2019-10-27,17.299999237060547,17.75,17.25,17.649999618530273,105444
2019-10-29,17.75,18.149999618530273,17.350000381469727,18.0,722465
2019-10-30,18.950000762939453,21.600000381469727,18.049999237060547,20.850000381469727,3183329
2019-10-31,21.700000762939453,24.649999618530273,20.850000381469727,22.799999237060547,4555662
2019-11-01,23.299999237060547,24.799999237060547,23.299999237060547,23.75,3364003
2019-11-04,24.649999618530273,25.5,23.0,23.25,4583700
2019-11-05,23.25,23.399999618530273,22.100000381469727,22.200000762939453,987865
2019-11-06,22.200000762939453,22.200000762939453,20.700000762939453,21.299999237060547,1241563
2019-11-07,21.25,21.25,20.5,20.700000762939453,550034
2019-11-08,20.5,20.700000762939453,20.200000762939453,20.350000381469727,438331
2019-11-11,20.350000381469727,20.600000381469727,19.75,20.399999618530273,637314
2019-11-13,20.149999618530273,20.5,19.5,19.899999618530273,506494
2019-11-14,19.899999618530273,19.899999618530273,19.100000381469727,19.350000381469727,533774
2019-11-15,19.350000381469727,21.5,19.100000381469727,21.0,1843396
2019-11-18,21.149999618530273,22.0,20.75,20.950000762939453,1076112
2019-11-19,20.5,23.850000381469727,20.5,22.75,4757253
2019-11-20,22.700000762939453,23.299999237060547,21.299999237060547,21.950000762939453,2408681
2019-11-21,21.850000381469727,22.799999237060547,21.549999237060547,21.850000381469727,1337366
2019-11-22,21.799999237060547,22.799999237060547,21.299999237060547,22.450000762939453,1300933
2019-11-25,22.450000762939453,22.799999237060547,22.149999618530273,22.350000381469727,721117
2019-11-26,22.25,22.75,21.799999237060547,22.100000381469727,933714
2019-11-27,22.25,22.600000381469727,21.799999237060547,22.100000381469727,498177
2019-11-28,22.25,23.0,22.149999618530273,22.5,1368085
2019-11-29,22.600000381469727,22.850000381469727,21.799999237060547,22.149999618530273,830628
2019-12-02,22.200000762939453,22.299999237060547,20.5,20.950000762939453,964022
2019-12-03,21.149999618530273,21.5,20.5,21.0,950127
2019-12-04,20.5,21.399999618530273,20.5,21.0,663364
2019-12-05,21.049999237060547,21.299999237060547,20.600000381469727,21.0,551709
2019-12-06,20.75,21.25,18.899999618530273,19.700000762939453,1952319
2019-12-09,19.899999618530273,19.950000762939453,19.299999237060547,19.450000762939453,673476
2019-12-10,19.350000381469727,19.649999618530273,18.799999237060547,18.850000381469727,748242
2019-12-11,18.850000381469727,19.0,18.049999237060547,18.25,767741
2019-12-12,18.450000762939453,18.799999237060547,18.100000381469727,18.450000762939453,866371
2019-12-13,18.600000381469727,19.5,18.600000381469727,19.149999618530273,1644673
2019-12-16,19.350000381469727,19.5,18.600000381469727,18.850000381469727,777797
2019-12-17,19.0,19.200000762939453,18.850000381469727,18.899999618530273,606776
2019-12-18,19.0,19.0,18.299999237060547,18.399999618530273,691869
2019-12-19,18.450000762939453,18.700000762939453,18.350000381469727,18.450000762939453,704470
2019-12-20,18.5,18.899999618530273,18.149999618530273,18.299999237060547,1435423
2019-12-23,18.399999618530273,18.399999618530273,17.899999618530273,18.049999237060547,847937
2019-12-24,18.200000762939453,18.200000762939453,17.850000381469727,17.899999618530273,646307
2019-12-26,17.75,18.200000762939453,17.450000762939453,17.75,1183962
2019-12-27,18.100000381469727,18.5,17.75,18.0,1666427
2019-12-30,18.049999237060547,18.100000381469727,17.549999237060547,17.899999618530273,860820
2019-12-31,17.799999237060547,17.950000762939453,17.700000762939453,17.899999618530273,347093
2020-01-01,17.899999618530273,18.149999618530273,17.899999618530273,17.950000762939453,381560
2020-01-02,18.0,18.299999237060547,17.950000762939453,18.149999618530273,627853
2020-01-03,18.25,18.299999237060547,18.0,18.149999618530273,390318
2020-01-06,18.100000381469727,18.100000381469727,17.75,17.850000381469727,598427
2020-01-07,17.899999618530273,18.200000762939453,17.850000381469727,17.950000762939453,388447
2020-01-08,17.700000762939453,18.0,17.549999237060547,17.75,442937
2020-01-09,17.950000762939453,18.149999618530273,17.75,17.899999618530273,442563
2020-01-10,18.0,18.0,17.5,17.75,751060
2020-01-13,17.850000381469727,17.950000762939453,17.75,17.899999618530273,285366
2020-01-14,17.850000381469727,18.0,17.799999237060547,17.950000762939453,288740
2020-01-15,17.950000762939453,18.0,17.850000381469727,18.0,269592
2020-01-16,18.100000381469727,18.399999618530273,17.899999618530273,18.0,729089
2020-01-17,18.100000381469727,18.149999618530273,17.799999237060547,17.850000381469727,631888
2020-01-20,18.049999237060547,18.25,17.600000381469727,18.049999237060547,759288
2020-01-21,17.950000762939453,18.200000762939453,17.899999618530273,18.100000381469727,377087
2020-01-22,18.149999618530273,18.600000381469727,18.049999237060547,18.549999237060547,992261
2020-01-23,18.549999237060547,19.5,18.549999237060547,18.950000762939453,737194
2020-01-24,19.049999237060547,19.450000762939453,19.0,19.25,671108
2020-01-27,19.149999618530273,22.399999618530273,19.100000381469727,20.049999237060547,1530423
2020-01-28,20.350000381469727,20.5,18.649999618530273,19.399999618530273,4557901
2020-01-29,20.0,20.0,19.0,19.100000381469727,1266776
2020-01-30,19.149999618530273,19.149999618530273,18.25,18.399999618530273,681107
2020-01-31,18.549999237060547,19.0,17.200000762939453,18.0,905583
2020-02-03,17.75,17.899999618530273,17.299999237060547,17.450000762939453,625107
2020-02-04,17.5,17.850000381469727,17.5,17.700000762939453,396115
2020-02-05,17.600000381469727,18.100000381469727,17.600000381469727,17.850000381469727,570216
2020-02-06,17.799999237060547,18.299999237060547,17.799999237060547,18.100000381469727,570181
2020-02-07,18.149999618530273,18.299999237060547,17.899999618530273,18.049999237060547,336095
2020-02-10,17.950000762939453,17.950000762939453,17.649999618530273,17.75,277234
2020-02-11,17.950000762939453,18.0,17.649999618530273,17.75,205090
2020-02-12,17.75,17.950000762939453,17.549999237060547,17.600000381469727,194661
2020-02-13,17.600000381469727,17.700000762939453,17.399999618530273,17.450000762939453,227729
2020-02-14,17.450000762939453,17.600000381469727,17.100000381469727,17.149999618530273,459999
2020-02-17,17.25,17.25,16.549999237060547,16.700000762939453,465240
2020-02-18,16.700000762939453,16.899999618530273,16.25,16.5,374658
2020-02-19,16.450000762939453,17.25,16.450000762939453,16.950000762939453,404418
2020-02-20,16.950000762939453,17.149999618530273,16.850000381469727,17.0,229466
2020-02-24,16.899999618530273,16.899999618530273,16.5,16.649999618530273,279003
2020-02-25,16.600000381469727,16.899999618530273,16.299999237060547,16.399999618530273,290661
2020-02-26,16.399999618530273,16.450000762939453,16.049999237060547,16.149999618530273,348873
2020-02-27,16.299999237060547,16.299999237060547,15.899999618530273,16.100000381469727,262242
2020-02-28,15.899999618530273,15.899999618530273,15.350000381469727,15.600000381469727,502648
2020-03-02,16.5,16.5,15.050000190734863,15.300000190734863,356828
2020-03-03,15.350000381469727,16.0,15.0,15.199999809265137,458923
2020-03-04,15.350000381469727,15.350000381469727,14.199999809265137,15.0,704692
2020-03-05,15.100000381469727,16.0,14.949999809265137,15.600000381469727,719274
2020-03-06,14.949999809265137,15.350000381469727,14.600000381469727,14.75,636355
2020-03-09,14.5,14.75,13.5,13.899999618530273,850774
2020-03-11,13.699999809265137,14.149999618530273,13.399999618530273,13.75,624636
2020-03-12,13.050000190734863,13.25,12.399999618530273,12.649999618530273,953581
2020-03-13,10.300000190734863,13.199999809265137,10.199999809265137,11.949999809265137,2368612
2020-03-16,12.399999618530273,13.949999809265137,11.050000190734863,12.949999809265137,1792023
2020-03-17,13.25,13.75,13.0,13.100000381469727,946462
2020-03-18,13.449999809265137,13.800000190734863,12.649999618530273,12.800000190734863,839968
2020-03-19,12.649999618530273,12.649999618530273,11.600000381469727,12.100000381469727,1208955
2020-03-20,12.25,12.699999809265137,12.0,12.449999809265137,763981
2020-03-23,11.0,11.949999809265137,10.100000381469727,11.5,921429
2020-03-24,11.649999618530273,12.5,10.899999618530273,11.449999809265137,561706
2020-03-25,11.050000190734863,11.800000190734863,10.550000190734863,11.600000381469727,576949
2020-03-26,11.600000381469727,12.399999618530273,11.350000381469727,12.100000381469727,920691
2020-03-27,12.949999809265137,13.25,12.0,12.350000381469727,1536331
2020-03-30,12.300000190734863,12.300000190734863,11.600000381469727,12.100000381469727,884318
2020-03-31,12.699999809265137,12.699999809265137,12.050000190734863,12.25,330139
2020-04-01,12.449999809265137,12.600000381469727,12.0,12.25,600717
2020-04-03,12.449999809265137,12.449999809265137,12.0,12.100000381469727,648568
2020-04-07,12.350000381469727,12.449999809265137,12.0,12.199999809265137,687274
2020-04-08,12.25,12.75,12.050000190734863,12.449999809265137,894943
2020-04-09,12.5,13.0,12.25,12.850000381469727,1075177
2020-04-13,13.199999809265137,13.199999809265137,12.300000190734863,12.649999618530273,792470
2020-04-15,12.649999618530273,13.0,12.5,12.649999618530273,690172
2020-04-16,12.5,12.949999809265137,12.399999618530273,12.850000381469727,559411
2020-04-17,13.0,13.449999809265137,12.899999618530273,13.25,951268
2020-04-20,13.75,15.899999618530273,13.350000381469727,15.899999618530273,4020461
2020-04-21,16.700000762939453,18.5,15.899999618530273,16.799999237060547,5474681
2020-04-22,16.799999237060547,17.149999618530273,15.5,16.350000381469727,1559644
2020-04-23,16.350000381469727,16.450000762939453,15.5,15.949999809265137,916889
2020-04-24,15.800000190734863,16.0,15.149999618530273,15.25,863145
2020-04-27,15.300000190734863,15.649999618530273,15.050000190734863,15.100000381469727,568350
2020-04-28,15.350000381469727,15.449999809265137,15.0,15.100000381469727,492612
2020-04-29,15.199999809265137,16.100000381469727,15.149999618530273,15.600000381469727,1025899
2020-04-30,16.0,16.200000762939453,15.550000190734863,15.649999618530273,945909
2020-05-04,15.350000381469727,15.350000381469727,15.0,15.050000190734863,441740
2020-05-05,15.149999618530273,15.449999809265137,14.699999809265137,14.699999809265137,600572
2020-05-06,14.850000381469727,14.850000381469727,14.25,14.5,603403
2020-05-07,14.5,15.300000190734863,14.149999618530273,14.600000381469727,798696
2020-05-08,14.800000190734863,15.0,14.600000381469727,14.800000190734863,533452
2020-05-11,15.199999809265137,15.199999809265137,14.649999618530273,14.699999809265137,570964
2020-05-12,14.649999618530273,14.699999809265137,14.25,14.550000190734863,478186
2020-05-13,15.600000381469727,15.600000381469727,14.75,15.100000381469727,875346
2020-05-14,15.100000381469727,15.149999618530273,14.75,14.800000190734863,491523
2020-05-15,14.699999809265137,15.0,14.649999618530273,14.899999618530273,384679
2020-05-18,14.649999618530273,14.800000190734863,14.050000190734863,14.149999618530273,830229
2020-05-19,14.199999809265137,14.350000381469727,13.600000381469727,13.75,685457
2020-05-20,13.75,13.949999809265137,13.550000190734863,13.75,515495
2020-05-21,13.800000190734863,13.949999809265137,13.600000381469727,13.699999809265137,592393
2020-05-22,13.600000381469727,13.949999809265137,13.350000381469727,13.449999809265137,777505
2020-05-26,13.550000190734863,13.600000381469727,13.0,13.149999618530273,744624
2020-05-27,13.199999809265137,13.5,13.0,13.350000381469727,657437
2020-05-28,13.350000381469727,13.899999618530273,13.350000381469727,13.399999618530273,581388
2020-05-29,13.449999809265137,13.550000190734863,13.0,13.399999618530273,600728
2020-06-01,13.550000190734863,14.649999618530273,13.550000190734863,14.300000190734863,1295083
2020-06-02,14.649999618530273,15.149999618530273,14.399999618530273,14.850000381469727,1234538
2020-06-03,14.949999809265137,16.75,14.949999809265137,15.899999618530273,4434869
2020-06-04,16.100000381469727,16.600000381469727,15.699999809265137,15.949999809265137,2241405
2020-06-05,16.0,16.700000762939453,16.0,16.450000762939453,2113202
2020-06-08,17.399999618530273,17.450000762939453,16.600000381469727,16.75,2038949
2020-06-09,16.899999618530273,17.0,15.5,15.949999809265137,1816284
2020-06-10,16.100000381469727,17.350000381469727,15.800000190734863,16.700000762939453,3145494
2020-06-11,16.700000762939453,16.950000762939453,16.149999618530273,16.25,1335087
2020-06-12,15.5,16.25,15.149999618530273,16.149999618530273,1199309
2020-06-15,16.100000381469727,17.0,15.800000190734863,16.25,1726253
2020-06-16,16.549999237060547,17.799999237060547,16.049999237060547,16.5,2520836
2020-06-17,16.299999237060547,16.549999237060547,15.699999809265137,16.200000762939453,897094
2020-06-18,16.200000762939453,16.549999237060547,16.0,16.450000762939453,815853
2020-06-19,16.549999237060547,16.799999237060547,16.399999618530273,16.549999237060547,1406850
2020-06-22,16.700000762939453,17.0,16.5,16.799999237060547,2215332
2020-06-23,16.899999618530273,17.649999618530273,16.899999618530273,17.399999618530273,2588330
2020-06-24,17.649999618530273,18.5,17.299999237060547,17.399999618530273,3512828
2020-06-25,17.200000762939453,17.899999618530273,16.850000381469727,17.25,2524422
2020-06-26,17.549999237060547,20.450000762939453,17.350000381469727,19.799999237060547,16314930
2020-06-29,19.700000762939453,21.600000381469727,19.5,20.25,12233159
2020-06-30,19.0,19.0,17.200000762939453,17.950000762939453,7405291
2020-07-01,18.0,18.350000381469727,17.700000762939453,17.850000381469727,2597522
2020-07-02,18.049999237060547,18.200000762939453,17.75,17.799999237060547,1554693
2020-07-03,17.799999237060547,17.950000762939453,17.299999237060547,17.600000381469727,1997911
2020-07-06,17.649999618530273,17.850000381469727,17.350000381469727,17.549999237060547,1337266
2020-07-07,17.549999237060547,17.700000762939453,17.350000381469727,17.399999618530273,1113766
2020-07-08,17.5,18.350000381469727,17.299999237060547,17.600000381469727,4005644
2020-07-09,17.799999237060547,18.0,17.600000381469727,17.75,1422868
2020-07-10,17.700000762939453,17.850000381469727,17.350000381469727,17.450000762939453,1129801
2020-07-13,17.450000762939453,17.649999618530273,17.149999618530273,17.25,1027332
2020-07-14,17.25,17.25,16.350000381469727,16.649999618530273,1159566
2020-07-15,16.649999618530273,16.950000762939453,16.299999237060547,16.350000381469727,887511
2020-07-16,16.450000762939453,16.450000762939453,16.049999237060547,16.200000762939453,694067
2020-07-17,16.25,16.799999237060547,16.25,16.649999618530273,633054
2020-07-20,16.799999237060547,17.200000762939453,16.649999618530273,16.850000381469727,766636
2020-07-21,19.200000762939453,19.899999618530273,18.200000762939453,18.350000381469727,6589155
2020-07-22,18.850000381469727,18.850000381469727,17.5,17.899999618530273,2114114
2020-07-23,17.649999618530273,17.850000381469727,17.600000381469727,17.649999618530273,962301
2020-07-24,17.600000381469727,17.700000762939453,17.200000762939453,17.399999618530273,932194
2020-07-27,17.25,17.299999237060547,16.799999237060547,16.850000381469727,707766
2020-07-28,16.799999237060547,17.049999237060547,16.700000762939453,16.799999237060547,679838
2020-07-29,16.799999237060547,18.149999618530273,16.799999237060547,17.5,2492474
2020-07-30,19.299999237060547,19.399999618530273,18.399999618530273,18.5,12036479
2020-07-31,18.25,18.399999618530273,17.649999618530273,17.950000762939453,1960248
2020-08-03,17.75,18.100000381469727,17.5,17.700000762939453,1055380
2020-08-04,17.75,17.899999618530273,17.5,17.549999237060547,765522
2020-08-05,17.75,17.799999237060547,17.399999618530273,17.5,997506
2020-08-06,17.549999237060547,17.549999237060547,17.200000762939453,17.299999237060547,1102498
2020-08-07,17.299999237060547,17.700000762939453,17.149999618530273,17.549999237060547,965454
2020-08-10,17.600000381469727,17.899999618530273,17.600000381469727,17.850000381469727,753482
2020-08-11,18.0,19.0,17.850000381469727,18.149999618530273,6430244
2020-08-12,18.600000381469727,18.850000381469727,17.950000762939453,18.200000762939453,3127318
2020-08-13,18.299999237060547,18.350000381469727,17.899999618530273,17.950000762939453,1060779
2020-08-14,17.950000762939453,18.049999237060547,17.549999237060547,17.649999618530273,743898
2020-08-17,17.649999618530273,17.850000381469727,17.5,17.600000381469727,600842
2020-08-18,17.75,17.799999237060547,17.600000381469727,17.700000762939453,634672
2020-08-19,17.899999618530273,18.100000381469727,17.799999237060547,17.899999618530273,1018743
2020-08-20,17.75,17.950000762939453,17.600000381469727,17.700000762939453,817774
2020-08-21,17.799999237060547,18.399999618530273,17.799999237060547,17.850000381469727,2705099
2020-08-24,17.950000762939453,18.149999618530273,17.700000762939453,17.799999237060547,1031659
2020-08-25,17.850000381469727,18.049999237060547,17.700000762939453,17.75,1021923
2020-08-26,17.799999237060547,17.850000381469727,17.5,17.649999618530273,818124
2020-08-27,17.649999618530273,18.200000762939453,17.600000381469727,17.75,1289052
2020-08-28,17.850000381469727,18.200000762939453,17.799999237060547,17.850000381469727,2347848
2020-08-31,18.700000762939453,18.700000762939453,17.600000381469727,17.700000762939453,4589983
2020-09-01,17.700000762939453,17.850000381469727,17.049999237060547,17.350000381469727,805674
2020-09-02,17.450000762939453,17.649999618530273,17.25,17.350000381469727,636935
2020-09-03,17.25,17.549999237060547,17.25,17.350000381469727,340252
2020-09-04,17.25,17.299999237060547,16.899999618530273,17.200000762939453,633014
2020-09-07,17.100000381469727,17.200000762939453,16.950000762939453,17.0,556301
2020-09-08,17.100000381469727,17.100000381469727,16.799999237060547,16.850000381469727,461694
2020-09-09,16.149999618530273,16.649999618530273,16.0,16.350000381469727,646678
2020-09-10,16.450000762939453,16.850000381469727,16.200000762939453,16.549999237060547,661165
2020-09-11,16.649999618530273,16.75,16.350000381469727,16.5,484315
2020-09-14,16.5,16.75,16.0,16.399999618530273,896239
2020-09-15,16.549999237060547,16.649999618530273,16.299999237060547,16.5,393015
2020-09-16,16.549999237060547,16.600000381469727,16.299999237060547,16.399999618530273,491615
2020-09-17,16.299999237060547,16.399999618530273,16.100000381469727,16.200000762939453,341628
2020-09-18,16.200000762939453,16.299999237060547,15.649999618530273,15.800000190734863,992220
2020-09-21,15.800000190734863,15.850000381469727,14.899999618530273,15.0,959416
2020-09-22,15.0,17.450000762939453,14.649999618530273,17.25,6625834
2020-09-23,17.399999618530273,17.399999618530273,15.25,16.700000762939453,5084000
2020-09-24,16.299999237060547,16.950000762939453,15.600000381469727,16.600000381469727,1598113
2020-09-25,16.600000381469727,16.700000762939453,15.850000381469727,16.200000762939453,2818109
2020-09-28,16.200000762939453,16.600000381469727,15.850000381469727,16.049999237060547,1463531
2020-09-29,16.200000762939453,16.200000762939453,15.550000190734863,15.800000190734863,877957
2020-09-30,15.550000190734863,15.550000190734863,14.199999809265137,14.300000190734863,7578957
2020-10-01,14.600000381469727,14.649999618530273,13.800000190734863,14.0,2940204
2020-10-05,14.050000190734863,14.25,13.75,13.800000190734863,2451037
2020-10-06,13.899999618530273,13.949999809265137,13.399999618530273,13.449999809265137,2884605
2020-10-07,13.399999618530273,13.550000190734863,12.699999809265137,12.800000190734863,3926656
2020-10-08,12.949999809265137,13.75,12.550000190734863,12.600000381469727,4542315
2020-10-09,12.75,12.899999618530273,12.350000381469727,12.449999809265137,4335874
2020-10-12,12.550000190734863,12.649999618530273,11.800000190734863,11.949999809265137,5697470
2020-10-13,11.949999809265137,11.949999809265137,11.100000381469727,11.449999809265137,6399141
2020-10-14,11.649999618530273,11.649999618530273,11.0,11.149999618530273,7275494
2020-10-15,11.300000190734863,11.300000190734863,10.649999618530273,10.75,5332190
2020-10-16,10.949999809265137,10.949999809265137,10.100000381469727,10.199999809265137,10377765
2020-10-19,10.350000381469727,11.199999809265137,10.300000190734863,11.199999809265137,10227774
2020-10-20,11.350000381469727,11.449999809265137,10.75,10.850000381469727,9195928
2020-10-21,10.949999809265137,11.100000381469727,10.699999809265137,10.75,5230655
2020-10-22,10.699999809265137,10.899999618530273,10.649999618530273,10.699999809265137,3728914
2020-10-23,10.75,11.449999809265137,10.649999618530273,11.199999809265137,4566270
2020-10-26,11.350000381469727,11.350000381469727,11.0,11.100000381469727,2346978
2020-10-27,11.100000381469727,11.300000190734863,11.0,11.100000381469727,1841766
2020-10-28,11.149999618530273,11.149999618530273,10.899999618530273,10.949999809265137,1463373
2020-10-29,10.800000190734863,11.050000190734863,10.699999809265137,11.0,1734518
2020-10-30,10.949999809265137,11.100000381469727,10.899999618530273,11.0,1433831
2020-11-02,11.050000190734863,11.149999618530273,10.850000381469727,11.0,3194372
2020-11-03,11.100000381469727,11.149999618530273,10.949999809265137,11.100000381469727,2554105
2020-11-04,11.100000381469727,11.100000381469727,10.949999809265137,11.0,1591372
2020-11-05,11.100000381469727,11.25,11.050000190734863,11.149999618530273,2246008
2020-11-06,11.25,11.75,11.25,11.550000190734863,6639236
2020-11-09,11.699999809265137,11.800000190734863,11.5,11.550000190734863,3177169
2020-11-10,11.649999618530273,11.949999809265137,11.5,11.850000381469727,4880595
2020-11-11,11.949999809265137,12.149999618530273,11.75,11.850000381469727,4746749
2020-11-12,11.850000381469727,11.899999618530273,11.600000381469727,11.649999618530273,2222687
2020-11-13,11.550000190734863,11.600000381469727,11.25,11.399999618530273,3149517
2020-11-14,11.5,11.800000190734863,11.449999809265137,11.600000381469727,1034943
2020-11-17,11.75,11.75,11.550000190734863,11.699999809265137,2985814
2020-11-18,11.699999809265137,11.899999618530273,11.550000190734863,11.75,4479902
2020-11-19,11.699999809265137,11.75,11.5,11.550000190734863,3355283
2020-11-20,11.600000381469727,11.899999618530273,11.5,11.649999618530273,5717099
2020-11-23,11.75,11.850000381469727,11.649999618530273,11.800000190734863,4523561
2020-11-24,11.800000190734863,11.850000381469727,11.699999809265137,11.800000190734863,2762064
2020-11-25,12.0,12.699999809265137,11.899999618530273,12.199999809265137,12246476
2020-11-26,12.399999618530273,12.550000190734863,12.25,12.449999809265137,5392693
2020-11-27,12.550000190734863,12.899999618530273,12.449999809265137,12.699999809265137,6839120
2020-12-01,12.800000190734863,13.149999618530273,12.649999618530273,13.0,8503372
2020-12-02,13.199999809265137,13.550000190734863,13.050000190734863,13.350000381469727,7651695
2020-12-03,13.550000190734863,14.149999618530273,13.449999809265137,14.0,11280588
2020-12-04,14.149999618530273,14.550000190734863,13.800000190734863,14.25,8934148
2020-12-07,14.550000190734863,15.050000190734863,14.5,14.949999809265137,9142739
2020-12-08,15.399999618530273,15.800000190734863,15.149999618530273,15.649999618530273,16740207
2020-12-09,16.399999618530273,16.950000762939453,15.350000381469727,15.399999618530273,33913702
2020-12-10,15.449999809265137,15.550000190734863,14.699999809265137,14.949999809265137,11037357
2020-12-11,15.0,15.399999618530273,14.800000190734863,14.899999618530273,12236599
2020-12-14,15.199999809265137,15.600000381469727,14.850000381469727,14.949999809265137,12287520
2020-12-15,15.0,15.100000381469727,14.649999618530273,14.699999809265137,7614343
2020-12-16,14.800000190734863,14.899999618530273,14.399999618530273,14.5,7331600
2020-12-17,14.5,14.5,14.199999809265137,14.25,3805875
2020-12-18,14.25,14.300000190734863,13.5,13.699999809265137,9560387
2020-12-21,13.649999618530273,13.649999618530273,12.699999809265137,12.850000381469727,8858772
2020-12-22,12.600000381469727,13.5,12.199999809265137,13.350000381469727,8006656
2020-12-23,13.5,13.899999618530273,13.300000190734863,13.800000190734863,6733817
2020-12-24,14.0,14.699999809265137,13.75,13.850000381469727,5873835
2020-12-28,14.300000190734863,14.399999618530273,13.949999809265137,14.050000190734863,4840373
2020-12-29,14.050000190734863,14.199999809265137,13.75,13.899999618530273,4286121
2020-12-30,14.0,14.0,13.649999618530273,13.75,3143924
2020-12-31,13.75,14.0,13.75,13.850000381469727,2926740
2021-01-01,13.899999618530273,14.199999809265137,13.850000381469727,14.100000381469727,4839044
2021-01-04,14.300000190734863,14.5,14.050000190734863,14.149999618530273,5112472
2021-01-05,14.100000381469727,14.149999618530273,13.850000381469727,14.100000381469727,4650787
2021-01-06,14.100000381469727,14.199999809265137,13.899999618530273,14.0,5126864
2021-01-07,14.100000381469727,14.199999809265137,14.0,14.050000190734863,3606445
2021-01-08,14.149999618530273,14.25,13.949999809265137,14.0,6179497
2021-01-11,14.100000381469727,14.149999618530273,13.800000190734863,13.850000381469727,3055201
2021-01-12,13.899999618530273,14.699999809265137,13.699999809265137,14.550000190734863,12270276
2021-01-13,14.699999809265137,14.75,14.199999809265137,14.449999809265137,8552956
2021-01-14,14.5,14.5,13.899999618530273,14.0,6174154
2021-01-15,13.949999809265137,14.100000381469727,13.75,13.850000381469727,4514601
2021-01-18,13.850000381469727,13.949999809265137,13.600000381469727,13.699999809265137,2970615
2021-01-19,13.800000190734863,14.199999809265137,13.800000190734863,14.0,5309219
2021-01-20,14.0,14.449999809265137,14.0,14.399999618530273,7163486
2021-01-21,14.5,14.649999618530273,14.0,14.050000190734863,4937692
2021-01-22,14.050000190734863,14.100000381469727,13.75,13.800000190734863,2679533
2021-01-25,13.899999618530273,14.050000190734863,13.199999809265137,13.350000381469727,4425191
2021-01-27,13.350000381469727,13.449999809265137,12.649999618530273,12.699999809265137,8857745
2021-01-28,12.649999618530273,13.399999618530273,12.5,13.199999809265137,6429735
2021-01-29,13.550000190734863,13.699999809265137,13.300000190734863,13.550000190734863,4493626
2021-02-01,13.75,14.600000381469727,13.649999618530273,14.300000190734863,16425401
2021-02-02,14.5,14.600000381469727,14.050000190734863,14.100000381469727,6755995
2021-02-03,14.199999809265137,14.25,13.850000381469727,14.100000381469727,6816089
2021-02-04,14.100000381469727,14.449999809265137,14.0,14.399999618530273,8383613
2021-02-05,14.5,15.5,14.5,14.800000190734863,24930750
2021-02-08,15.0,15.25,14.800000190734863,14.850000381469727,8006934
2021-02-09,14.949999809265137,15.199999809265137,14.649999618530273,14.800000190734863,15516440
2021-02-10,14.800000190734863,15.0,14.25,14.300000190734863,9158687
2021-02-11,14.350000381469727,14.550000190734863,14.199999809265137,14.300000190734863,4007745
2021-02-12,14.350000381469727,14.399999618530273,14.050000190734863,14.050000190734863,4349657
2021-02-15,14.050000190734863,14.25,13.850000381469727,13.949999809265137,4474638
2021-02-16,15.800000190734863,16.700000762939453,15.300000190734863,16.700000762939453,181348035
2021-02-17,16.899999618530273,20.0,16.450000762939453,20.0,189819375
2021-02-18,22.799999237060547,24.0,21.0,24.0,140134113
2021-02-19,25.0,26.399999618530273,21.600000381469727,21.600000381469727,138045437
2021-02-22,20.149999618530273,20.450000762939453,19.450000762939453,19.450000762939453,62268656
2021-02-23,19.0,19.200000762939453,17.75,17.899999618530273,58882426
2021-02-24,17.950000762939453,18.75,17.899999618530273,18.75,25093439
2021-02-25,19.5,19.649999618530273,19.25,19.649999618530273,4460161
2021-02-26,19.5,20.399999618530273,18.799999237060547,19.25,33731628
2021-03-01,20.0,20.0,18.450000762939453,18.600000381469727,13423237
2021-03-02,18.75,18.850000381469727,17.899999618530273,18.049999237060547,12277158
2021-03-03,18.25,18.75,17.950000762939453,18.149999618530273,16254582
2021-03-04,18.0,18.25,17.799999237060547,17.899999618530273,9943290
2021-03-05,18.0,18.149999618530273,17.600000381469727,17.700000762939453,5235407
2021-03-08,18.549999237060547,18.549999237060547,18.200000762939453,18.549999237060547,6543063
2021-03-09,19.450000762939453,19.450000762939453,18.25,19.350000381469727,23179147
2021-03-10,19.450000762939453,19.450000762939453,18.450000762939453,18.700000762939453,12776811
2021-03-12,19.299999237060547,19.600000381469727,18.75,19.0,11534679
2021-03-15,19.799999237060547,19.799999237060547,18.899999618530273,19.149999618530273,12290332
2021-03-16,19.299999237060547,19.299999237060547,18.450000762939453,18.799999237060547,6487800
2021-03-17,18.799999237060547,19.399999618530273,17.899999618530273,17.950000762939453,10461912
2021-03-18,18.0,18.299999237060547,17.100000381469727,17.100000381469727,8879003
2021-03-19,16.5,16.850000381469727,16.25,16.350000381469727,18796169
2021-03-22,16.450000762939453,16.75,15.800000190734863,15.899999618530273,11643707
2021-03-23,16.100000381469727,16.649999618530273,16.100000381469727,16.649999618530273,25679070
2021-03-24,17.0,17.399999618530273,16.5,16.75,18783235
2021-03-25,16.75,16.850000381469727,15.949999809265137,16.299999237060547,10147195
2021-03-26,16.5,16.799999237060547,16.299999237060547,16.299999237060547,5308238
2021-03-30,16.5,16.549999237060547,16.0,16.25,5162815
2021-03-31,16.549999237060547,16.600000381469727,16.25,16.299999237060547,6828148
2021-04-01,16.950000762939453,17.100000381469727,16.600000381469727,17.100000381469727,8637139
2021-04-05,17.399999618530273,17.450000762939453,16.25,16.299999237060547,12981835
2021-04-06,16.299999237060547,16.799999237060547,16.049999237060547,16.299999237060547,7521920
2021-04-07,16.450000762939453,17.100000381469727,16.200000762939453,16.649999618530273,12972684
2021-04-08,16.799999237060547,16.899999618530273,16.399999618530273,16.5,5554636
2021-04-09,16.649999618530273,18.149999618530273,16.549999237060547,18.149999618530273,18509810
2021-04-12,18.25,18.850000381469727,16.649999618530273,16.899999618530273,19786439
2021-04-13,17.399999618530273,18.399999618530273,16.950000762939453,18.100000381469727,30766243
2021-04-15,17.200000762939453,17.799999237060547,17.049999237060547,17.350000381469727,9596554
2021-04-16,17.600000381469727,17.799999237060547,17.100000381469727,17.149999618530273,12851959
2021-04-19,16.600000381469727,16.649999618530273,15.850000381469727,16.25,11471858
2021-04-20,16.600000381469727,16.799999237060547,16.149999618530273,16.25,7165880
2021-04-22,16.049999237060547,16.350000381469727,15.800000190734863,16.149999618530273,7849031
2021-04-23,16.049999237060547,16.299999237060547,15.899999618530273,16.049999237060547,5648442
2021-04-26,16.25,16.350000381469727,16.049999237060547,16.149999618530273,3221679
2021-04-27,16.25,16.5,16.100000381469727,16.350000381469727,5076967
2021-04-28,16.399999618530273,16.700000762939453,16.350000381469727,16.549999237060547,4894711
2021-04-29,16.700000762939453,16.75,16.200000762939453,16.350000381469727,4499446
2021-04-30,16.149999618530273,16.450000762939453,16.149999618530273,16.299999237060547,3436792
2021-05-03,16.149999618530273,16.299999237060547,16.049999237060547,16.25,2950792
2021-05-04,16.399999618530273,17.399999618530273,16.350000381469727,16.799999237060547,14008867
2021-05-05,17.149999618530273,17.200000762939453,16.75,16.799999237060547,5958783
2021-05-06,16.899999618530273,17.200000762939453,16.25,16.549999237060547,4809939
2021-05-07,16.450000762939453,17.149999618530273,16.149999618530273,16.399999618530273,8095001
2021-05-10,16.600000381469727,16.75,16.450000762939453,16.600000381469727,4796056
2021-05-11,16.5,17.149999618530273,16.299999237060547,17.100000381469727,11486004
2021-05-12,17.200000762939453,18.799999237060547,17.100000381469727,18.450000762939453,40265313
2021-05-14,18.899999618530273,19.049999237060547,17.450000762939453,17.700000762939453,17275531
2021-05-17,17.850000381469727,18.25,17.799999237060547,18.0,7270701
2021-05-18,18.100000381469727,18.299999237060547,17.75,17.850000381469727,5527711
2021-05-19,17.799999237060547,19.399999618530273,17.5,18.600000381469727,33215604
2021-05-20,18.75,18.899999618530273,18.0,18.149999618530273,8182098
2021-05-21,18.299999237060547,18.600000381469727,18.200000762939453,18.450000762939453,9389862
2021-05-24,18.700000762939453,19.5,18.649999618530273,19.25,19936484
2021-05-25,19.649999618530273,19.649999618530273,19.100000381469727,19.149999618530273,8343110
2021-05-26,19.200000762939453,19.450000762939453,19.049999237060547,19.100000381469727,5382442
2021-05-27,19.25,19.450000762939453,18.950000762939453,19.299999237060547,8009621
2021-05-28,19.450000762939453,19.649999618530273,19.200000762939453,19.25,9297247
2021-05-31,19.450000762939453,19.450000762939453,18.799999237060547,18.950000762939453,8014194
2021-06-01,19.049999237060547,19.049999237060547,18.549999237060547,18.549999237060547,4704342
2021-06-02,18.549999237060547,20.399999618530273,18.549999237060547,20.200000762939453,31060140
2021-06-03,20.649999618530273,21.299999237060547,19.700000762939453,20.75,34677605
2021-06-04,21.149999618530273,21.950000762939453,20.700000762939453,21.299999237060547,37587230
2021-06-07,23.0,24.5,22.5,23.0,64145845
2021-06-08,23.799999237060547,24.5,22.25,23.0,41498504
2021-06-09,23.0,23.100000381469727,21.5,21.649999618530273,23664396
2021-06-10,21.649999618530273,21.899999618530273,20.799999237060547,21.399999618530273,17301326
2021-06-11,21.549999237060547,22.0,21.299999237060547,21.450000762939453,6732466
2021-06-14,21.600000381469727,21.799999237060547,20.0,20.75,10873999
2021-06-15,20.700000762939453,21.100000381469727,20.549999237060547,20.799999237060547,6928753
2021-06-16,20.799999237060547,21.0,20.450000762939453,20.700000762939453,5303398
2021-06-17,20.450000762939453,21.450000762939453,20.299999237060547,20.549999237060547,7917968
2021-06-18,20.850000381469727,21.0,19.450000762939453,20.200000762939453,7785736
2021-06-21,19.799999237060547,24.200000762939453,19.450000762939453,24.200000762939453,76043499
2021-06-22,27.5,28.299999237060547,25.049999237060547,25.200000762939453,117093255
2021-06-23,25.450000762939453,25.450000762939453,23.549999237060547,23.950000762939453,25304740
2021-06-24,24.049999237060547,24.149999618530273,22.899999618530273,23.100000381469727,16583621
2021-06-25,23.0,25.350000381469727,22.75,24.75,38439498
2021-06-28,25.5,26.899999618530273,24.799999237060547,26.299999237060547,64105736
2021-06-29,26.299999237060547,26.5,25.549999237060547,26.0,20046319
2021-06-30,26.100000381469727,29.649999618530273,26.049999237060547,28.100000381469727,98795702
2021-07-01,28.399999618530273,29.100000381469727,27.649999618530273,27.899999618530273,33155114
2021-07-02,27.899999618530273,28.899999618530273,27.0,27.899999618530273,26315215
2021-07-05,28.100000381469727,28.399999618530273,27.0,27.25,17251655
2021-07-06,27.25,27.450000762939453,25.899999618530273,26.200000762939453,15824343
2021-07-07,26.200000762939453,27.450000762939453,26.200000762939453,26.799999237060547,12852669
2021-07-08,26.899999618530273,27.049999237060547,26.100000381469727,26.299999237060547,8124013
2021-07-09,26.0,26.399999618530273,25.75,26.100000381469727,8759965
2021-07-12,26.350000381469727,26.700000762939453,26.049999237060547,26.100000381469727,6759846
2021-07-13,26.350000381469727,27.25,26.049999237060547,27.0,21571128
2021-07-14,26.950000762939453,26.950000762939453,25.0,25.649999618530273,16950414
2021-07-15,25.799999237060547,26.100000381469727,25.399999618530273,25.549999237060547,8825787
2021-07-16,25.75,25.75,25.25,25.350000381469727,6036543
2021-07-19,24.950000762939453,25.200000762939453,24.549999237060547,24.700000762939453,8551508
2021-07-20,24.200000762939453,24.450000762939453,23.399999618530273,23.649999618530273,13265984
2021-07-22,24.850000381469727,27.0,24.799999237060547,24.899999618530273,12794501
2021-07-23,24.950000762939453,26.200000762939453,24.200000762939453,25.450000762939453,20317755
2021-07-26,25.5,25.5,24.799999237060547,24.899999618530273,6606693
2021-07-27,24.899999618530273,25.5,24.600000381469727,24.75,8096213
2021-07-28,24.799999237060547,25.299999237060547,24.200000762939453,24.450000762939453,13098685
2021-07-29,24.799999237060547,24.899999618530273,24.399999618530273,24.5,6473080
2021-07-30,24.5,24.950000762939453,24.149999618530273,24.299999237060547,6755871
2021-08-02,24.5,24.600000381469727,23.350000381469727,23.75,9299440
2021-08-03,23.600000381469727,23.600000381469727,22.799999237060547,22.899999618530273,15262595
2021-08-04,22.75,23.350000381469727,22.75,22.950000762939453,9386332
2021-08-05,23.100000381469727,23.200000762939453,21.700000762939453,21.899999618530273,10776747
2021-08-06,22.049999237060547,22.700000762939453,21.799999237060547,21.899999618530273,7479579
2021-08-09,22.049999237060547,22.549999237060547,21.200000762939453,21.350000381469727,5750955
2021-08-10,21.25,21.25,20.25,20.600000381469727,6479259
2021-08-11,20.549999237060547,20.549999237060547,19.600000381469727,20.200000762939453,9040409
2021-08-12,20.350000381469727,21.899999618530273,20.200000762939453,21.350000381469727,14827927
2021-08-13,21.5,21.850000381469727,21.149999618530273,21.200000762939453,4933410
2021-08-16,21.200000762939453,21.350000381469727,20.5,20.549999237060547,3950277
2021-08-17,20.450000762939453,21.100000381469727,20.149999618530273,20.75,4189083
2021-08-18,20.75,21.149999618530273,20.350000381469727,20.5,3991689
2021-08-20,20.0,20.399999618530273,19.850000381469727,19.950000762939453,4447516
2021-08-23,20.049999237060547,20.25,19.0,19.25,5140908
2021-08-24,19.200000762939453,20.25,19.149999618530273,19.649999618530273,3515022
2021-08-25,19.899999618530273,20.649999618530273,19.649999618530273,20.450000762939453,6580783
2021-08-26,20.399999618530273,20.549999237060547,20.100000381469727,20.149999618530273,2699449
2021-08-27,20.100000381469727,21.0,19.799999237060547,20.700000762939453,3658335
2021-08-30,20.899999618530273,21.25,20.700000762939453,20.850000381469727,3447743
2021-08-31,20.799999237060547,21.649999618530273,20.299999237060547,20.75,5738336
2021-09-01,20.700000762939453,21.100000381469727,20.5,20.75,3775012
2021-09-02,20.850000381469727,20.950000762939453,20.600000381469727,20.700000762939453,2743874
2021-09-03,20.75,21.299999237060547,20.700000762939453,20.850000381469727,4389736
2021-09-06,20.899999618530273,21.149999618530273,20.649999618530273,20.75,3392479
2021-09-07,20.950000762939453,20.950000762939453,20.299999237060547,20.450000762939453,2402582
2021-09-08,20.5,20.649999618530273,20.350000381469727,20.450000762939453,2537059
2021-09-09,20.649999618530273,20.850000381469727,20.5,20.649999618530273,3208840
2021-09-13,20.649999618530273,20.799999237060547,20.399999618530273,20.5,2494261
2021-09-14,20.5,20.700000762939453,20.450000762939453,20.549999237060547,2958797
2021-09-15,20.700000762939453,21.600000381469727,20.5,21.200000762939453,10183083
2021-09-16,21.200000762939453,23.600000381469727,21.149999618530273,23.200000762939453,30040352
2021-09-17,23.100000381469727,24.299999237060547,22.200000762939453,23.200000762939453,23650016
2021-09-20,22.700000762939453,22.799999237060547,21.299999237060547,21.450000762939453,6728976
2021-09-21,21.600000381469727,21.700000762939453,20.75,21.399999618530273,5541486
2021-09-22,21.399999618530273,21.700000762939453,21.149999618530273,21.200000762939453,3829734
2021-09-23,21.5,21.600000381469727,21.049999237060547,21.100000381469727,3706292
2021-09-24,21.200000762939453,21.450000762939453,20.850000381469727,21.0,2976322
2021-09-27,21.100000381469727,21.350000381469727,20.600000381469727,20.649999618530273,3588782
2021-09-28,21.25,21.299999237060547,20.850000381469727,20.950000762939453,4470718
2021-09-29,20.899999618530273,21.700000762939453,20.75,21.200000762939453,7617331
2021-09-30,22.0,25.149999618530273,21.799999237060547,22.149999618530273,53254854
2021-10-01,21.700000762939453,22.5,21.5,22.25,9169052
2021-10-04,22.5,22.799999237060547,22.350000381469727,22.450000762939453,5012245
2021-10-05,22.399999618530273,23.799999237060547,22.200000762939453,22.700000762939453,9965529
2021-10-06,22.850000381469727,23.200000762939453,22.0,22.200000762939453,6838404
2021-10-07,22.5,22.700000762939453,22.149999618530273,22.25,3618918
2021-10-08,22.5,22.950000762939453,22.299999237060547,22.700000762939453,6215346
2021-10-11,22.899999618530273,23.100000381469727,22.549999237060547,22.649999618530273,5143538
2021-10-12,22.549999237060547,23.450000762939453,22.350000381469727,23.049999237060547,12114302
2021-10-13,23.399999618530273,23.799999237060547,23.100000381469727,23.299999237060547,11417716
2021-10-14,23.5,23.700000762939453,23.149999618530273,23.200000762939453,6413726
2021-10-18,23.399999618530273,23.899999618530273,23.25,23.600000381469727,10514810
2021-10-19,23.950000762939453,24.100000381469727,22.25,22.450000762939453,9263871
2021-10-20,22.649999618530273,22.850000381469727,22.200000762939453,22.5,6589118
2021-10-21,22.700000762939453,23.399999618530273,22.25,23.0,11636767
2021-10-22,23.299999237060547,23.450000762939453,22.700000762939453,22.850000381469727,6837820
2021-10-25,23.100000381469727,23.299999237060547,22.25,22.5,7545697
2021-10-26,22.700000762939453,24.0,22.649999618530273,23.600000381469727,18971424
2021-10-27,23.700000762939453,23.75,22.799999237060547,22.850000381469727,11071205
2021-10-28,22.799999237060547,23.0,21.950000762939453,22.100000381469727,6429921
2021-10-29,22.0,22.149999618530273,21.25,21.799999237060547,5556877
2021-11-01,21.950000762939453,22.100000381469727,21.649999618530273,21.799999237060547,2899528
2021-11-02,21.899999618530273,22.100000381469727,21.75,21.950000762939453,4240699
2021-11-03,22.100000381469727,22.25,21.649999618530273,21.75,3915214
2021-11-04,21.950000762939453,22.100000381469727,21.899999618530273,22.049999237060547,971477
2021-11-08,22.299999237060547,22.399999618530273,21.799999237060547,22.200000762939453,4043794
2021-11-09,22.299999237060547,22.799999237060547,22.049999237060547,22.450000762939453,5498872
2021-11-10,22.350000381469727,22.850000381469727,21.799999237060547,21.850000381469727,9867581
2021-11-11,21.899999618530273,22.049999237060547,21.75,21.850000381469727,2663748
2021-11-12,22.0,22.100000381469727,21.799999237060547,21.850000381469727,1895495
2021-11-15,22.0,22.100000381469727,21.5,21.75,2701291
2021-11-16,21.75,21.850000381469727,21.5,21.600000381469727,2014492
2021-11-17,21.5,21.850000381469727,21.450000762939453,21.5,1904579
2021-11-18,21.600000381469727,21.700000762939453,21.100000381469727,21.149999618530273,2716222
2021-11-22,21.25,21.299999237060547,19.799999237060547,20.25,4291799
2021-11-23,20.299999237060547,20.799999237060547,20.149999618530273,20.549999237060547,3395717
2021-11-24,22.600000381469727,23.649999618530273,22.549999237060547,22.700000762939453,38546856
2021-11-25,22.700000762939453,23.700000762939453,21.899999618530273,22.799999237060547,15840333
2021-11-26,21.950000762939453,22.399999618530273,21.649999618530273,22.049999237060547,7914609
2021-11-29,22.049999237060547,22.049999237060547,21.299999237060547,21.450000762939453,3909622
2021-11-30,21.0,21.899999618530273,21.0,21.350000381469727,3217029
2021-12-01,21.5,21.799999237060547,21.200000762939453,21.399999618530273,3072114
2021-12-02,21.5,21.799999237060547,21.25,21.649999618530273,2822397
2021-12-03,21.700000762939453,21.950000762939453,21.5,21.700000762939453,3059130
2021-12-06,21.75,21.899999618530273,21.350000381469727,21.450000762939453,2609771
2021-12-07,21.649999618530273,21.799999237060547,21.5,21.649999618530273,2616365
2021-12-08,21.700000762939453,22.0,21.700000762939453,21.799999237060547,2995380
2021-12-09,21.899999618530273,23.149999618530273,21.600000381469727,22.600000381469727,8605906
2021-12-10,22.600000381469727,23.899999618530273,22.299999237060547,23.25,12673579
2021-12-13,23.549999237060547,23.700000762939453,22.850000381469727,22.950000762939453,6405836
2021-12-14,22.700000762939453,22.850000381469727,22.25,22.350000381469727,4612335
2021-12-15,22.450000762939453,22.600000381469727,22.0,22.200000762939453,2783528
2021-12-16,22.399999618530273,22.450000762939453,21.799999237060547,21.950000762939453,2725497
2021-12-17,21.899999618530273,22.0,21.299999237060547,21.450000762939453,3145978
2021-12-20,21.100000381469727,21.5,19.899999618530273,21.149999618530273,6590313
2021-12-21,21.100000381469727,21.649999618530273,20.850000381469727,21.0,4116968
2021-12-22,21.100000381469727,21.299999237060547,20.899999618530273,21.049999237060547,2760239
2021-12-23,21.200000762939453,21.450000762939453,21.0,21.149999618530273,3637615
2021-12-24,21.200000762939453,23.299999237060547,20.700000762939453,21.950000762939453,16044909
2021-12-27,21.5,21.850000381469727,21.299999237060547,21.5,3375178
2021-12-28,21.649999618530273,21.75,21.399999618530273,21.5,1849648
2021-12-29,21.549999237060547,21.700000762939453,21.299999237060547,21.450000762939453,2161567
2021-12-30,21.450000762939453,21.549999237060547,21.149999618530273,21.25,2571328
2021-12-31,21.299999237060547,21.549999237060547,21.200000762939453,21.25,2404361
2022-01-03,21.25,21.700000762939453,21.25,21.450000762939453,2900536
2022-01-04,21.549999237060547,21.700000762939453,21.399999618530273,21.5,2837091
2022-01-05,21.5,22.100000381469727,21.399999618530273,21.75,5080177
2022-01-06,21.600000381469727,21.850000381469727,21.200000762939453,21.600000381469727,3022148
2022-01-07,21.649999618530273,21.950000762939453,21.399999618530273,21.549999237060547,3904175
2022-01-10,21.549999237060547,22.600000381469727,21.549999237060547,22.25,12669772
2022-01-11,22.350000381469727,22.350000381469727,21.649999618530273,21.799999237060547,3683016
2022-01-12,21.850000381469727,22.100000381469727,21.649999618530273,21.700000762939453,3328521
2022-01-13,21.799999237060547,22.25,21.549999237060547,21.700000762939453,4062731
2022-01-14,21.649999618530273,21.899999618530273,21.5,21.649999618530273,2407036
2022-01-17,21.700000762939453,21.799999237060547,21.5,21.549999237060547,2427813
2022-01-18,21.600000381469727,21.700000762939453,21.25,21.350000381469727,3411825
2022-01-19,21.399999618530273,21.75,21.200000762939453,21.600000381469727,3746570
2022-01-20,21.549999237060547,21.75,21.299999237060547,21.350000381469727,2619039
2022-01-21,21.299999237060547,21.350000381469727,21.0,21.049999237060547,2889436
2022-01-24,21.049999237060547,21.100000381469727,20.0,20.25,5058548
2022-01-25,20.299999237060547,21.0,20.100000381469727,20.850000381469727,4092534
2022-01-27,20.549999237060547,21.899999618530273,20.5,21.75,8181526
2022-01-28,22.0,22.75,21.450000762939453,21.600000381469727,16609071
2022-01-31,22.100000381469727,22.200000762939453,21.549999237060547,21.75,4016569
2022-02-01,22.100000381469727,22.25,21.200000762939453,21.399999618530273,6654528
2022-02-02,21.600000381469727,21.850000381469727,21.350000381469727,21.700000762939453,7329585
2022-02-03,21.75,22.700000762939453,21.649999618530273,22.0,10433882
2022-02-04,22.0,22.049999237060547,21.399999618530273,21.549999237060547,3613692
2022-02-07,21.5,22.049999237060547,21.399999618530273,21.5,4776528
2022-02-08,21.649999618530273,21.899999618530273,21.049999237060547,21.149999618530273,4025042
2022-02-09,21.200000762939453,21.450000762939453,21.100000381469727,21.200000762939453,2185186
2022-02-10,21.5,21.5,21.100000381469727,21.149999618530273,2696555
2022-02-11,20.75,21.149999618530273,20.75,20.799999237060547,2391016
2022-02-14,20.399999618530273,20.5,20.0,20.049999237060547,3182244
2022-02-15,20.200000762939453,20.5,19.700000762939453,20.399999618530273,3672389
2022-02-16,20.450000762939453,20.700000762939453,20.450000762939453,20.549999237060547,2238798
2022-02-17,20.649999618530273,20.799999237060547,20.25,20.299999237060547,1480503
2022-02-18,20.100000381469727,20.25,20.0,20.049999237060547,2048638
2022-02-21,19.950000762939453,20.149999618530273,19.649999618530273,19.700000762939453,2298219
2022-02-22,19.0,19.299999237060547,18.200000762939453,19.0,3564880
2022-02-23,19.049999237060547,19.5,19.049999237060547,19.200000762939453,2111003
2022-02-24,18.299999237060547,18.899999618530273,17.549999237060547,17.649999618530273,5544223
2022-02-25,18.0,18.899999618530273,17.950000762939453,18.100000381469727,6131025
2022-02-28,18.200000762939453,18.399999618530273,17.850000381469727,18.200000762939453,3696326
2022-03-02,18.100000381469727,18.450000762939453,18.0,18.350000381469727,2232821
2022-03-03,18.5,18.700000762939453,18.299999237060547,18.399999618530273,2285898
2022-03-04,18.25,18.600000381469727,18.149999618530273,18.200000762939453,2863958
2022-03-07,18.0,18.100000381469727,17.5,17.799999237060547,2759436
2022-03-08,17.899999618530273,18.200000762939453,17.75,18.100000381469727,2758280
2022-03-09,18.149999618530273,18.649999618530273,18.100000381469727,18.5,2491004
2022-03-10,18.649999618530273,19.100000381469727,18.600000381469727,18.799999237060547,3099067
2022-03-11,18.850000381469727,18.950000762939453,18.549999237060547,18.700000762939453,1932003
2022-03-14,18.899999618530273,18.899999618530273,18.5,18.600000381469727,1582521
2022-03-15,18.649999618530273,18.850000381469727,18.350000381469727,18.450000762939453,1949039
2022-03-16,18.600000381469727,18.649999618530273,18.399999618530273,18.5,1535301
2022-03-17,18.549999237060547,18.700000762939453,18.5,18.549999237060547,1763414
2022-03-21,18.950000762939453,19.549999237060547,18.700000762939453,19.049999237060547,4702114
2022-03-22,19.149999618530273,19.25,18.850000381469727,19.0,2519962
2022-03-23,19.100000381469727,19.299999237060547,18.75,18.850000381469727,2441553
2022-03-24,18.799999237060547,18.899999618530273,18.600000381469727,18.649999618530273,2393192
2022-03-25,18.75,18.75,18.450000762939453,18.5,2973173
2022-03-28,18.5,18.600000381469727,18.0,18.049999237060547,3190586
2022-03-29,18.25,18.299999237060547,17.649999618530273,17.850000381469727,3376184
2022-03-30,18.0,19.399999618530273,17.950000762939453,18.850000381469727,4732314
2022-03-31,18.950000762939453,18.950000762939453,18.200000762939453,18.350000381469727,3608134
2022-04-01,18.399999618530273,19.049999237060547,18.350000381469727,18.899999618530273,3740575
2022-04-04,19.0,19.399999618530273,18.950000762939453,19.299999237060547,3330751
2022-04-05,19.350000381469727,19.600000381469727,19.299999237060547,19.450000762939453,2534900
2022-04-06,19.350000381469727,20.350000381469727,19.200000762939453,20.25,5318944
2022-04-07,20.350000381469727,21.549999237060547,20.100000381469727,20.5,12386430
2022-04-08,20.600000381469727,20.850000381469727,20.200000762939453,20.350000381469727,3542556
2022-04-11,20.299999237060547,20.450000762939453,20.049999237060547,20.100000381469727,2369766
2022-04-12,20.149999618530273,20.25,19.5,19.799999237060547,3279056
2022-04-13,19.950000762939453,19.950000762939453,19.600000381469727,19.649999618530273,1987480
2022-04-18,19.700000762939453,19.700000762939453,19.299999237060547,19.350000381469727,1465134
2022-04-19,19.5,20.200000762939453,19.350000381469727,19.850000381469727,5011896
2022-04-20,19.850000381469727,20.049999237060547,19.600000381469727,19.899999618530273,2352631
2022-04-21,19.649999618530273,20.0,19.649999618530273,19.850000381469727,1385109
2022-04-22,19.799999237060547,19.950000762939453,19.5,19.600000381469727,1392040
2022-04-25,19.399999618530273,19.5,19.0,19.049999237060547,1846169
2022-04-26,19.299999237060547,19.399999618530273,18.799999237060547,18.950000762939453,2200784
2022-04-27,18.899999618530273,19.049999237060547,18.700000762939453,18.850000381469727,1506488
2022-04-28,19.0,19.149999618530273,18.700000762939453,18.850000381469727,1372766
2022-04-29,18.850000381469727,19.0,18.700000762939453,18.75,1797539
2022-05-02,18.600000381469727,18.649999618530273,18.25,18.5,1310826
2022-05-04,18.399999618530273,18.799999237060547,18.200000762939453,18.299999237060547,1966971
2022-05-05,18.350000381469727,18.950000762939453,18.0,18.100000381469727,3329492
2022-05-06,17.850000381469727,18.549999237060547,17.799999237060547,18.399999618530273,2771751
2022-05-09,18.200000762939453,18.649999618530273,18.0,18.049999237060547,7412958
2022-05-10,18.049999237060547,18.25,17.5,17.700000762939453,2110952
2022-05-11,17.600000381469727,17.850000381469727,17.0,17.149999618530273,2678688
2022-05-12,17.049999237060547,17.049999237060547,16.5,16.649999618530273,1947560
2022-05-13,16.899999618530273,17.399999618530273,16.700000762939453,17.0,2614549
2022-05-16,17.399999618530273,17.700000762939453,17.149999618530273,17.5,1594606
2022-05-17,17.700000762939453,17.950000762939453,17.549999237060547,17.850000381469727,1289575
2022-05-18,18.049999237060547,18.25,17.799999237060547,17.899999618530273,1820977
2022-05-19,17.649999618530273,17.700000762939453,17.299999237060547,17.549999237060547,1271788
2022-05-20,17.649999618530273,17.899999618530273,17.649999618530273,17.75,1041144
2022-05-23,17.899999618530273,17.950000762939453,17.200000762939453,17.399999618530273,1424420
2022-05-24,17.5,17.5,17.299999237060547,17.450000762939453,988880
2022-05-25,17.5,17.600000381469727,16.5,16.799999237060547,2329206
2022-05-26,17.799999237060547,17.950000762939453,17.299999237060547,17.799999237060547,4766543
2022-05-27,18.0,18.399999618530273,17.700000762939453,18.299999237060547,3681788
2022-05-30,18.5,19.049999237060547,18.200000762939453,18.899999618530273,4579063
2022-05-31,18.950000762939453,19.25,18.799999237060547,18.899999618530273,2949734
2022-06-01,18.899999618530273,19.149999618530273,18.700000762939453,18.799999237060547,1755563
2022-06-02,18.799999237060547,18.899999618530273,18.600000381469727,18.75,1226541
2022-06-03,18.950000762939453,18.950000762939453,18.25,18.450000762939453,1168968
2022-06-06,18.399999618530273,18.549999237060547,18.200000762939453,18.450000762939453,1140160
2022-06-07,18.350000381469727,18.450000762939453,17.950000762939453,18.049999237060547,1449615
2022-06-08,18.350000381469727,18.350000381469727,18.0,18.049999237060547,1079890
2022-06-09,18.149999618530273,18.149999618530273,17.950000762939453,18.049999237060547,601734
2022-06-10,18.0,18.25,17.75,17.950000762939453,1351482
2022-06-13,17.799999237060547,17.799999237060547,17.399999618530273,17.5,1177099
2022-06-14,17.100000381469727,17.850000381469727,16.950000762939453,17.0,2089487
2022-06-15,16.899999618530273,17.149999618530273,16.899999618530273,17.0,1156789
2022-06-16,17.200000762939453,17.299999237060547,16.299999237060547,16.450000762939453,2160094
2022-06-17,16.5,17.0,16.25,16.850000381469727,1699479
2022-06-20,16.700000762939453,16.899999618530273,16.25,16.450000762939453,1346625
2022-06-21,16.350000381469727,16.899999618530273,16.350000381469727,16.649999618530273,1025714
2022-06-22,16.450000762939453,17.799999237060547,16.450000762939453,17.299999237060547,5358956
2022-06-23,17.299999237060547,17.350000381469727,16.799999237060547,17.049999237060547,1193828
2022-06-24,17.049999237060547,17.350000381469727,16.950000762939453,17.299999237060547,1717411
2022-06-27,17.450000762939453,17.600000381469727,17.200000762939453,17.25,970055
2022-06-28,17.25,17.399999618530273,17.0,17.149999618530273,1224345
2022-06-29,17.149999618530273,17.200000762939453,16.950000762939453,17.0,959141
2022-06-30,17.0,17.100000381469727,16.850000381469727,16.899999618530273,721780
2022-07-01,16.899999618530273,17.0,16.25,16.799999237060547,891053
2022-07-04,16.899999618530273,18.299999237060547,16.850000381469727,17.850000381469727,2901529
2022-07-05,18.549999237060547,18.950000762939453,17.950000762939453,18.100000381469727,8922814
2022-07-06,18.149999618530273,18.25,17.649999618530273,17.850000381469727,1800430
2022-07-07,17.899999618530273,18.149999618530273,17.850000381469727,18.0,1623178
2022-07-08,18.200000762939453,18.25,17.799999237060547,17.950000762939453,1091293
2022-07-11,17.950000762939453,19.149999618530273,17.549999237060547,18.299999237060547,4597385
2022-07-12,18.299999237060547,18.5,18.200000762939453,18.299999237060547,1585910
2022-07-13,18.299999237060547,18.549999237060547,18.25,18.299999237060547,1152113
2022-07-14,18.299999237060547,18.350000381469727,17.950000762939453,18.049999237060547,741214
2022-07-15,18.049999237060547,18.149999618530273,17.899999618530273,18.049999237060547,560809
2022-07-18,18.100000381469727,18.350000381469727,17.75,18.100000381469727,1934030
2022-07-19,18.100000381469727,18.25,18.0,18.200000762939453,1212100
2022-07-20,18.299999237060547,18.350000381469727,18.0,18.049999237060547,970622
2022-07-21,18.100000381469727,18.75,18.0,18.600000381469727,3185632
2022-07-22,18.5,18.799999237060547,18.399999618530273,18.5,1536223
2022-07-25,18.600000381469727,18.799999237060547,17.700000762939453,18.200000762939453,4148233
2022-07-26,18.200000762939453,18.25,17.700000762939453,17.799999237060547,1013085
2022-07-27,17.700000762939453,17.899999618530273,17.700000762939453,17.799999237060547,776318
2022-07-28,17.850000381469727,18.100000381469727,17.649999618530273,17.75,1311701
2022-07-29,18.0,18.0,17.75,17.850000381469727,1213344
2022-08-01,17.950000762939453,18.299999237060547,17.850000381469727,18.149999618530273,1999884
2022-08-02,18.0,18.899999618530273,17.950000762939453,18.600000381469727,4530202
2022-08-03,18.600000381469727,18.700000762939453,18.200000762939453,18.5,2103557
2022-08-04,18.5,18.75,18.25,18.350000381469727,1833581
2022-08-05,18.399999618530273,18.600000381469727,18.25,18.299999237060547,1632191
2022-08-08,18.350000381469727,18.450000762939453,18.049999237060547,18.100000381469727,1044975
2022-08-10,18.100000381469727,18.149999618530273,17.649999618530273,17.75,1752541
2022-08-11,17.799999237060547,18.100000381469727,17.799999237060547,17.850000381469727,1408057
2022-08-12,17.899999618530273,18.0,17.75,17.799999237060547,1339518
2022-08-16,17.950000762939453,18.0,17.799999237060547,17.850000381469727,1001057
2022-08-17,17.850000381469727,18.200000762939453,17.75,18.100000381469727,2903830
2022-08-18,18.149999618530273,18.649999618530273,18.0,18.399999618530273,3933753
2022-08-19,18.600000381469727,18.600000381469727,17.850000381469727,17.899999618530273,2757783
2022-08-22,18.549999237060547,18.950000762939453,18.100000381469727,18.299999237060547,9278381
2022-08-23,18.200000762939453,18.350000381469727,18.100000381469727,18.149999618530273,1842153
2022-08-24,18.350000381469727,18.350000381469727,18.149999618530273,18.25,1796450
2022-08-25,18.299999237060547,20.549999237060547,18.299999237060547,20.049999237060547,31460303
2022-08-26,20.25,20.25,19.5,19.600000381469727,8613900
2022-08-29,19.100000381469727,19.649999618530273,18.700000762939453,19.399999618530273,4338582
2022-08-30,19.600000381469727,19.899999618530273,19.350000381469727,19.450000762939453,2475787
2022-09-01,19.450000762939453,19.700000762939453,19.25,19.350000381469727,2183936
2022-09-02,19.5,19.5,19.0,19.049999237060547,1562170
2022-09-05,19.200000762939453,19.700000762939453,19.0,19.299999237060547,2745852
2022-09-06,19.450000762939453,20.899999618530273,19.399999618530273,20.600000381469727,15302147
2022-09-07,20.600000381469727,20.799999237060547,20.25,20.399999618530273,5458749
2022-09-08,20.450000762939453,21.100000381469727,20.450000762939453,20.700000762939453,5300326
2022-09-09,20.850000381469727,20.899999618530273,20.350000381469727,20.450000762939453,3599381
2022-09-12,20.799999237060547,20.799999237060547,20.5,20.600000381469727,3835187
2022-09-13,20.700000762939453,20.799999237060547,20.450000762939453,20.600000381469727,3240041
2022-09-14,20.299999237060547,21.399999618530273,20.100000381469727,21.049999237060547,11874660
2022-09-15,21.100000381469727,21.950000762939453,21.0,21.149999618530273,8974118
2022-09-16,21.149999618530273,21.149999618530273,19.950000762939453,20.350000381469727,6895395
2022-09-19,20.350000381469727,20.649999618530273,20.149999618530273,20.25,3441467
2022-09-20,20.5,20.700000762939453,20.299999237060547,20.350000381469727,3853135
2022-09-21,23.399999618530273,23.399999618530273,21.549999237060547,21.700000762939453,69024414
2022-09-22,21.649999618530273,21.649999618530273,21.149999618530273,21.299999237060547,10232092
2022-09-23,21.350000381469727,21.399999618530273,20.5,20.600000381469727,5378658
2022-09-26,20.450000762939453,20.450000762939453,19.0,19.450000762939453,7137689
2022-09-27,19.399999618530273,19.799999237060547,19.25,19.600000381469727,3768420
2022-09-28,19.399999618530273,19.700000762939453,19.149999618530273,19.350000381469727,2857438
2022-09-29,19.5,20.399999618530273,19.200000762939453,19.75,4077261
2022-09-30,19.899999618530273,20.299999237060547,19.549999237060547,20.100000381469727,4702683
2022-10-03,20.100000381469727,20.200000762939453,19.5,19.649999618530273,2861532
2022-10-04,20.0,20.200000762939453,19.799999237060547,19.899999618530273,4026178
2022-10-06,20.049999237060547,20.450000762939453,20.049999237060547,20.100000381469727,2835522
2022-10-07,20.049999237060547,20.100000381469727,19.799999237060547,20.0,2485324
2022-10-10,19.799999237060547,20.200000762939453,19.649999618530273,19.899999618530273,2712071
2022-10-11,19.899999618530273,20.049999237060547,19.5,19.649999618530273,2173174
2022-10-12,19.700000762939453,19.850000381469727,19.5,19.600000381469727,2136927
2022-10-13,19.5,19.700000762939453,19.299999237060547,19.399999618530273,1459465
2022-10-14,19.549999237060547,19.700000762939453,19.25,19.350000381469727,1300569
2022-10-17,18.950000762939453,19.649999618530273,18.950000762939453,19.450000762939453,2747267
2022-10-18,19.600000381469727,20.049999237060547,19.5,19.75,3975749
2022-10-19,20.0,20.200000762939453,19.799999237060547,19.899999618530273,3929445
2022-10-20,19.899999618530273,20.549999237060547,19.700000762939453,20.0,10477311
2022-10-21,20.100000381469727,20.399999618530273,19.100000381469727,19.799999237060547,6549938
2022-10-24,20.200000762939453,20.200000762939453,19.899999618530273,20.0,984647
2022-10-25,20.049999237060547,21.200000762939453,19.799999237060547,20.899999618530273,14577062
2022-10-27,21.100000381469727,21.149999618530273,20.649999618530273,20.799999237060547,6998245
2022-10-28,20.850000381469727,21.149999618530273,20.399999618530273,20.649999618530273,5367222
2022-10-31,20.700000762939453,20.850000381469727,20.299999237060547,20.350000381469727,3132788
2022-11-01,20.399999618530273,20.649999618530273,20.200000762939453,20.299999237060547,2991951
2022-11-02,20.299999237060547,20.450000762939453,20.200000762939453,20.299999237060547,2331016
2022-11-03,20.25,21.700000762939453,20.100000381469727,21.5,16915926
2022-11-04,21.600000381469727,23.100000381469727,21.5,22.649999618530273,32875796
2022-11-07,22.950000762939453,23.5,22.450000762939453,22.600000381469727,18598794
2022-11-09,22.700000762939453,24.5,22.649999618530273,24.049999237060547,44033236
2022-11-10,24.100000381469727,24.100000381469727,22.899999618530273,23.0,16883676
2022-11-11,23.350000381469727,23.700000762939453,22.799999237060547,22.899999618530273,10522810
2022-11-14,23.0,23.0,22.399999618530273,22.549999237060547,4607741
2022-11-15,22.649999618530273,22.899999618530273,22.399999618530273,22.700000762939453,5271106
2022-11-16,22.799999237060547,23.25,22.049999237060547,22.399999618530273,9114267
2022-11-17,22.450000762939453,23.25,22.25,22.850000381469727,7790532
2022-11-18,23.0,24.299999237060547,22.950000762939453,23.549999237060547,36672086
2022-11-21,23.600000381469727,26.450000762939453,23.549999237060547,25.75,85500770
2022-11-22,26.200000762939453,27.200000762939453,25.899999618530273,26.350000381469727,65177649
2022-11-23,27.049999237060547,27.049999237060547,25.200000762939453,25.600000381469727,27282208
2022-11-24,25.75,26.399999618530273,24.850000381469727,25.0,25185635
2022-11-25,25.200000762939453,26.350000381469727,24.899999618530273,25.649999618530273,31159980
2022-11-28,25.700000762939453,26.200000762939453,25.399999618530273,25.549999237060547,14101618
2022-11-29,25.75,25.799999237060547,25.0,25.149999618530273,13908108
2022-11-30,25.299999237060547,25.399999618530273,24.399999618530273,24.549999237060547,11509474
2022-12-01,24.649999618530273,25.600000381469727,24.200000762939453,25.350000381469727,13182465
2022-12-02,25.450000762939453,26.100000381469727,25.100000381469727,25.5,15391683
2022-12-05,25.700000762939453,25.950000762939453,25.350000381469727,25.850000381469727,9852093
2022-12-06,25.600000381469727,26.950000762939453,25.600000381469727,26.350000381469727,30730239
2022-12-07,26.399999618530273,28.799999237060547,26.299999237060547,28.149999618530273,108065947
2022-12-08,28.5,33.25,28.450000762939453,31.549999237060547,138188776
2022-12-09,33.0,34.5,30.399999618530273,33.150001525878906,227325153
2022-12-12,33.0,33.95000076293945,31.299999237060547,33.75,110910813
2022-12-13,33.95000076293945,40.20000076293945,33.099998474121094,39.599998474121094,215850847
2022-12-14,39.95000076293945,41.79999923706055,37.25,39.75,174139710
2022-12-15,39.400001525878906,41.5,38.79999923706055,39.400001525878906,86143978
2022-12-16,38.95000076293945,40.650001525878906,37.099998474121094,37.349998474121094,51023885
2022-12-19,37.54999923706055,38.0,34.900001525878906,36.20000076293945,35443900
2022-12-20,36.0,37.25,34.0,34.900001525878906,36106060
2022-12-21,35.29999923706055,38.150001525878906,33.099998474121094,33.900001525878906,81749770
2022-12-22,35.20000076293945,35.849998474121094,32.099998474121094,32.650001525878906,47366618
2022-12-23,31.649999618530273,32.599998474121094,29.399999618530273,29.399999618530273,38654582
2022-12-26,29.350000381469727,30.850000381469727,28.100000381469727,30.850000381469727,28063744
2022-12-27,32.25,32.349998474121094,31.5,32.349998474121094,32426968
2022-12-28,32.54999923706055,33.900001525878906,30.950000762939453,31.450000762939453,62559826
2022-12-29,31.25,32.25,30.799999237060547,31.399999618530273,20234397
2022-12-30,32.04999923706055,32.900001525878906,32.0,32.150001525878906,16918336
2023-01-02,32.400001525878906,32.70000076293945,31.799999237060547,32.29999923706055,14502080
2023-01-03,32.45000076293945,33.650001525878906,32.349998474121094,32.70000076293945,17769949
2023-01-04,32.95000076293945,33.0,31.600000381469727,32.0,11662389
2023-01-05,32.25,32.349998474121094,31.200000762939453,31.950000762939453,7253799
2023-01-06,32.29999923706055,32.349998474121094,31.200000762939453,31.450000762939453,7821547
2023-01-09,31.899999618530273,32.04999923706055,31.049999237060547,31.200000762939453,7322777
2023-01-10,31.149999618530273,31.200000762939453,29.899999618530273,30.149999618530273,6810052
2023-01-11,30.149999618530273,31.399999618530273,29.700000762939453,30.75,13622103
2023-01-12,30.899999618530273,30.950000762939453,30.0,30.25,8677419
2023-01-13,30.450000762939453,31.25,30.299999237060547,30.700000762939453,9122002
2023-01-16,30.950000762939453,32.20000076293945,30.850000381469727,32.20000076293945,12449423
2023-01-17,33.29999923706055,33.400001525878906,31.700000762939453,32.54999923706055,16338106
2023-01-18,32.75,32.95000076293945,31.899999618530273,32.349998474121094,18612907
2023-01-19,32.400001525878906,32.79999923706055,32.20000076293945,32.45000076293945,8735555
2023-01-20,32.5,32.70000076293945,31.799999237060547,31.899999618530273,5293961
2023-01-23,32.099998474121094,32.150001525878906,31.049999237060547,31.149999618530273,4441406
2023-01-24,31.299999237060547,31.299999237060547,30.100000381469727,30.299999237060547,4177929
2023-01-25,30.200000762939453,30.5,29.350000381469727,29.75,6733783
2023-01-27,29.850000381469727,30.100000381469727,28.299999237060547,28.549999237060547,7006270
2023-01-30,28.299999237060547,29.549999237060547,27.450000762939453,28.75,6696507
2023-01-31,28.950000762939453,30.149999618530273,28.549999237060547,30.049999237060547,7860297
2023-02-01,30.450000762939453,30.600000381469727,28.549999237060547,28.799999237060547,7734955
2023-02-02,28.399999618530273,29.049999237060547,27.700000762939453,28.100000381469727,5605793
2023-02-03,28.549999237060547,28.799999237060547,26.700000762939453,27.850000381469727,9365004
2023-02-06,28.0,28.299999237060547,27.450000762939453,27.600000381469727,5548276
2023-02-07,27.75,27.899999618530273,26.850000381469727,27.100000381469727,5194089
2023-02-08,27.200000762939453,27.799999237060547,27.049999237060547,27.549999237060547,5733558
2023-02-09,27.600000381469727,27.649999618530273,27.0,27.25,3363221
2023-02-10,27.100000381469727,28.850000381469727,27.0,27.799999237060547,8539517
2023-02-13,27.950000762939453,27.950000762939453,26.950000762939453,27.149999618530273,3435497
2023-02-14,27.299999237060547,27.299999237060547,26.399999618530273,26.850000381469727,4464300
2023-02-15,26.75,27.399999618530273,26.5,27.049999237060547,4185673
2023-02-16,27.149999618530273,27.350000381469727,26.850000381469727,27.0,4022564
2023-02-17,26.950000762939453,27.25,26.600000381469727,27.049999237060547,4368538
2023-02-20,27.0,27.200000762939453,26.5,26.600000381469727,2870190
2023-02-21,26.799999237060547,27.0,25.899999618530273,26.049999237060547,4209994
2023-02-22,25.549999237060547,26.549999237060547,25.149999618530273,25.350000381469727,8155878
2023-02-23,25.299999237060547,26.149999618530273,25.0,25.850000381469727,6123164
2023-02-24,26.0,26.5,25.149999618530273,25.350000381469727,5325992
2023-02-27,25.350000381469727,25.549999237060547,24.799999237060547,25.149999618530273,5513104
2023-02-28,25.299999237060547,26.049999237060547,25.100000381469727,25.899999618530273,5820605
2023-03-01,26.0,26.549999237060547,25.899999618530273,26.350000381469727,4879864
2023-03-02,26.350000381469727,27.0,26.0,26.100000381469727,5762108
2023-03-03,26.299999237060547,27.850000381469727,26.299999237060547,27.299999237060547,12087143
2023-03-06,27.75,27.850000381469727,26.75,26.950000762939453,9023949
2023-03-08,26.75,27.200000762939453,26.549999237060547,27.0,4930873
2023-03-09,27.0,27.25,26.549999237060547,26.700000762939453,4436483
2023-03-10,26.399999618530273,26.5,26.049999237060547,26.299999237060547,3459886
2023-03-13,26.0,26.5,25.100000381469727,25.200000762939453,4360549
2023-03-14,25.200000762939453,25.350000381469727,24.049999237060547,24.25,6370178
2023-03-15,24.649999618530273,24.950000762939453,24.049999237060547,24.25,5018750
2023-03-16,24.149999618530273,24.600000381469727,23.450000762939453,24.350000381469727,6820540
2023-03-17,24.600000381469727,24.850000381469727,24.0,24.350000381469727,4973660
2023-03-20,24.399999618530273,24.399999618530273,23.600000381469727,23.799999237060547,3665812
2023-03-21,24.100000381469727,24.200000762939453,23.700000762939453,23.950000762939453,4061258
2023-03-22,24.200000762939453,24.549999237060547,22.600000381469727,23.950000762939453,4590528
2023-03-23,24.049999237060547,24.350000381469727,23.75,23.950000762939453,4731518
2023-03-24,24.049999237060547,24.100000381469727,23.25,23.399999618530273,3956573
2023-03-27,23.399999618530273,23.450000762939453,22.649999618530273,22.899999618530273,4084955
2023-03-28,23.0,23.200000762939453,22.25,22.649999618530273,4891806
2023-03-29,22.700000762939453,24.450000762939453,22.399999618530273,24.25,10201189
2023-03-31,24.700000762939453,24.700000762939453,23.899999618530273,24.100000381469727,6066953
2023-04-03,24.200000762939453,25.100000381469727,23.950000762939453,24.799999237060547,6923196
2023-04-05,25.049999237060547,25.049999237060547,24.450000762939453,24.75,3453083
2023-04-06,24.899999618530273,25.299999237060547,24.549999237060547,24.850000381469727,4939583
2023-04-10,25.0,25.100000381469727,24.200000762939453,24.5,4033257
2023-04-11,24.600000381469727,25.649999618530273,24.600000381469727,24.950000762939453,6461564
2023-04-12,25.049999237060547,25.049999237060547,24.600000381469727,24.700000762939453,2695124
2023-04-13,24.700000762939453,25.850000381469727,24.5,25.600000381469727,7569843
2023-04-17,25.549999237060547,27.149999618530273,25.450000762939453,26.899999618530273,19755372
2023-04-18,27.100000381469727,27.350000381469727,26.600000381469727,26.75,12701720
2023-04-19,26.799999237060547,27.899999618530273,26.75,27.049999237060547,12112141
2023-04-20,27.149999618530273,27.700000762939453,26.799999237060547,26.950000762939453,4474970
2023-04-21,27.049999237060547,27.049999237060547,26.100000381469727,26.299999237060547,5848069
2023-04-24,26.450000762939453,27.299999237060547,26.100000381469727,27.100000381469727,12047653
2023-04-25,27.350000381469727,28.100000381469727,27.100000381469727,27.450000762939453,12732983
2023-04-26,27.5,27.899999618530273,27.100000381469727,27.700000762939453,7047730
2023-04-27,27.950000762939453,29.149999618530273,27.799999237060547,29.0,22137103
2023-04-28,29.700000762939453,30.450000762939453,29.600000381469727,30.350000381469727,31634349
2023-05-02,31.0,31.200000762939453,30.0,30.200000762939453,18635537
2023-05-03,28.950000762939453,29.200000762939453,28.149999618530273,28.649999618530273,22307909
2023-05-04,28.649999618530273,29.200000762939453,28.399999618530273,28.850000381469727,11153476
2023-05-05,28.799999237060547,29.299999237060547,28.25,28.350000381469727,11249093
2023-05-08,28.5,28.799999237060547,28.100000381469727,28.450000762939453,7559433
2023-05-09,28.600000381469727,28.899999618530273,27.100000381469727,27.399999618530273,7368861
2023-05-10,27.649999618530273,27.649999618530273,26.549999237060547,26.950000762939453,8299896
2023-05-11,27.200000762939453,27.850000381469727,27.100000381469727,27.399999618530273,7986789
2023-05-12,27.350000381469727,27.649999618530273,27.149999618530273,27.299999237060547,4483210
2023-05-15,27.350000381469727,27.450000762939453,26.899999618530273,27.200000762939453,4409255
2023-05-16,27.450000762939453,27.950000762939453,27.25,27.299999237060547,6872761
2023-05-17,27.299999237060547,27.649999618530273,27.0,27.149999618530273,5484954
2023-05-18,27.350000381469727,27.350000381469727,26.799999237060547,26.899999618530273,3554741
2023-05-19,26.899999618530273,27.0,26.25,26.649999618530273,5490277
2023-05-22,26.799999237060547,26.899999618530273,26.299999237060547,26.399999618530273,3929602
2023-05-23,26.399999618530273,26.649999618530273,26.399999618530273,26.5,3226052
2023-05-24,26.450000762939453,26.549999237060547,26.100000381469727,26.200000762939453,3666344
2023-05-25,26.200000762939453,26.600000381469727,25.950000762939453,26.450000762939453,3432781
2023-05-26,26.549999237060547,26.850000381469727,26.399999618530273,26.649999618530273,4047877
2023-05-29,26.899999618530273,26.950000762939453,26.600000381469727,26.75,4567531
2023-05-30,26.75,26.850000381469727,26.5,26.75,2927396
2023-05-31,26.5,27.299999237060547,26.399999618530273,27.049999237060547,5202014
2023-06-01,27.049999237060547,28.100000381469727,26.950000762939453,27.75,13945273
2023-06-02,27.899999618530273,28.25,27.549999237060547,27.649999618530273,9755263
2023-06-05,27.649999618530273,27.899999618530273,27.5,27.549999237060547,3528438
2023-06-06,27.600000381469727,27.700000762939453,27.200000762939453,27.450000762939453,4258158
2023-06-07,27.5,27.899999618530273,27.450000762939453,27.549999237060547,4536338
2023-06-08,27.600000381469727,28.049999237060547,27.200000762939453,27.299999237060547,6621899
2023-06-09,27.450000762939453,27.450000762939453,26.950000762939453,27.049999237060547,3118306
2023-06-12,27.200000762939453,27.200000762939453,26.799999237060547,27.0,2663197
2023-06-13,27.100000381469727,27.200000762939453,26.950000762939453,27.049999237060547,2762604
2023-06-14,27.049999237060547,27.200000762939453,26.899999618530273,27.049999237060547,2416180
2023-06-15,27.049999237060547,27.149999618530273,26.549999237060547,26.649999618530273,3249087
2023-06-16,26.75,26.950000762939453,26.600000381469727,26.700000762939453,2882311
2023-06-19,26.799999237060547,28.0,26.75,27.549999237060547,12971583
2023-06-20,28.049999237060547,29.399999618530273,27.899999618530273,28.950000762939453,40981988
2023-06-21,29.450000762939453,29.799999237060547,28.600000381469727,28.75,19824423
2023-06-22,28.950000762939453,29.100000381469727,28.100000381469727,28.350000381469727,5572070
2023-06-23,28.350000381469727,28.350000381469727,27.649999618530273,27.950000762939453,5859076
2023-06-26,28.100000381469727,28.149999618530273,27.549999237060547,27.700000762939453,5566178
2023-06-27,27.799999237060547,28.799999237060547,27.700000762939453,28.649999618530273,11773147
2023-06-28,28.799999237060547,28.899999618530273,28.200000762939453,28.450000762939453,7405410
2023-06-30,28.450000762939453,29.25,28.350000381469727,29.049999237060547,12814905
2023-07-03,29.25,30.0,29.149999618530273,29.899999618530273,22737251
2023-07-04,30.0,31.0,29.0,30.600000381469727,33854898
2023-07-05,30.649999618530273,31.399999618530273,30.350000381469727,30.75,22783947
2023-07-06,30.850000381469727,31.899999618530273,30.600000381469727,31.149999618530273,21378707
2023-07-07,31.049999237060547,31.600000381469727,30.200000762939453,30.899999618530273,19043080
2023-07-10,31.0,31.850000381469727,30.5,30.700000762939453,14971471
2023-07-11,30.850000381469727,31.049999237060547,30.25,30.350000381469727,8351585
2023-07-12,30.549999237060547,31.450000762939453,30.399999618530273,31.149999618530273,13954508
2023-07-13,31.5,31.600000381469727,29.799999237060547,30.049999237060547,11157884
2023-07-14,30.200000762939453,30.5,29.75,30.399999618530273,9775993
2023-07-17,30.549999237060547,32.650001525878906,30.5,31.549999237060547,38029128
2023-07-18,31.899999618530273,32.0,30.799999237060547,31.0,16245311
2023-07-19,31.149999618530273,31.200000762939453,30.549999237060547,31.0,12952809
2023-07-20,31.25,31.799999237060547,30.75,30.850000381469727,13742564
2023-07-21,30.799999237060547,31.350000381469727,30.600000381469727,31.149999618530273,12839279
2023-07-24,31.299999237060547,31.850000381469727,30.75,30.899999618530273,12308483
2023-07-25,31.0,31.200000762939453,30.149999618530273,30.299999237060547,7370837
2023-07-26,30.450000762939453,30.700000762939453,30.049999237060547,30.350000381469727,8374376
2023-07-27,30.549999237060547,30.950000762939453,30.350000381469727,30.450000762939453,6119105
2023-07-28,30.5,30.700000762939453,30.149999618530273,30.200000762939453,4857058
2023-07-31,30.399999618530273,30.5,30.149999618530273,30.25,5013971
2023-08-01,30.350000381469727,30.950000762939453,30.25,30.5,7005650
2023-08-02,30.5,31.5,29.799999237060547,30.149999618530273,17121518
2023-08-03,30.149999618530273,30.399999618530273,29.600000381469727,30.0,8051885
2023-08-04,30.049999237060547,30.399999618530273,30.0,30.049999237060547,4937043
2023-08-07,30.200000762939453,30.299999237060547,29.799999237060547,29.899999618530273,3943371
2023-08-08,29.950000762939453,31.100000381469727,29.850000381469727,30.850000381469727,10918378
2023-08-09,31.0,31.600000381469727,30.899999618530273,31.200000762939453,14241087
2023-08-10,31.25,31.700000762939453,30.75,30.899999618530273,9950760
2023-08-11,31.100000381469727,34.5,31.0,32.95000076293945,71026766
2023-08-14,33.29999923706055,33.79999923706055,32.349998474121094,33.349998474121094,37720675
2023-08-16,33.150001525878906,35.400001525878906,32.75,35.150001525878906,47029302
2023-08-17,35.400001525878906,35.70000076293945,34.20000076293945,34.54999923706055,27355915
2023-08-18,34.5,36.349998474121094,34.400001525878906,35.099998474121094,36066348
2023-08-21,35.400001525878906,35.400001525878906,34.25,34.5,15514858
2023-08-22,34.79999923706055,35.04999923706055,34.29999923706055,34.400001525878906,7728233
2023-08-23,34.5,36.04999923706055,34.349998474121094,35.75,31897999
2023-08-24,36.04999923706055,37.0,35.599998474121094,35.849998474121094,26128829
2023-08-25,35.70000076293945,36.75,35.099998474121094,35.75,20538103
2023-08-28,36.0,36.5,35.5,35.650001525878906,12306734
2023-08-29,35.79999923706055,36.04999923706055,35.0,35.099998474121094,8364051
2023-08-30,35.70000076293945,35.849998474121094,35.29999923706055,35.400001525878906,8391011
2023-08-31,35.54999923706055,35.849998474121094,34.75,34.849998474121094,8541686
2023-09-01,35.0,35.20000076293945,34.099998474121094,34.95000076293945,13450855
2023-09-04,35.349998474121094,37.0,35.25,36.75,30215936
2023-09-05,37.099998474121094,39.650001525878906,37.099998474121094,38.45000076293945,50524135
2023-09-06,38.650001525878906,38.900001525878906,37.70000076293945,38.400001525878906,14313332
2023-09-07,38.54999923706055,39.45000076293945,38.150001525878906,39.0,18202810
2023-09-08,39.25,39.900001525878906,39.0,39.29999923706055,20142013
2023-09-11,39.54999923706055,42.20000076293945,39.5,40.650001525878906,49286365
2023-09-12,41.400001525878906,42.349998474121094,37.349998474121094,37.599998474121094,39016829
2023-09-13,37.599998474121094,40.650001525878906,36.599998474121094,40.400001525878906,36419828
2023-09-14,40.599998474121094,45.29999923706055,40.0,44.79999923706055,113142298
2023-09-15,44.95000076293945,48.0,44.04999923706055,47.099998474121094,138121063
2023-09-18,46.70000076293945,56.0,45.150001525878906,51.75,328509507
2023-09-20,50.400001525878906,53.20000076293945,48.099998474121094,48.95000076293945,114782520
2023-09-21,49.20000076293945,50.849998474121094,46.20000076293945,46.900001525878906,104885757
2023-09-22,47.599998474121094,51.75,47.29999923706055,50.849998474121094,137435211
2023-09-25,51.099998474121094,51.349998474121094,49.20000076293945,50.0,61601517
2023-09-26,50.25,51.75,49.54999923706055,50.04999923706055,51964071
2023-09-27,50.20000076293945,50.900001525878906,49.20000076293945,50.599998474121094,39379814
2023-09-28,50.599998474121094,54.0,49.70000076293945,50.29999923706055,115943371
2023-09-29,51.04999923706055,52.099998474121094,50.70000076293945,51.29999923706055,41981345
2023-10-03,51.099998474121094,52.900001525878906,50.349998474121094,52.5,47114368
2023-10-04,51.95000076293945,54.45000076293945,49.5,50.79999923706055,83263553
2023-10-05,51.400001525878906,51.75,49.5,50.099998474121094,33116843
2023-10-06,50.400001525878906,50.400001525878906,48.70000076293945,49.95000076293945,31630762
2023-10-09,48.099998474121094,48.599998474121094,46.45000076293945,46.79999923706055,28024436
2023-10-10,47.20000076293945,49.75,47.099998474121094,49.349998474121094,28392393
2023-10-11,49.650001525878906,49.70000076293945,48.099998474121094,48.45000076293945,20043617
2023-10-12,48.70000076293945,49.099998474121094,48.150001525878906,48.650001525878906,14743219
2023-10-13,48.5,49.04999923706055,48.0,48.20000076293945,18119874
2023-10-16,48.29999923706055,48.599998474121094,47.79999923706055,48.0,16381545
2023-10-17,48.45000076293945,49.79999923706055,48.25,48.79999923706055,19746737
2023-10-18,48.900001525878906,48.900001525878906,46.79999923706055,47.0,18208145
2023-10-19,47.0,47.400001525878906,46.099998474121094,47.0,17491597
2023-10-20,47.0,49.25,46.400001525878906,46.849998474121094,36770400
2023-10-23,47.400001525878906,47.79999923706055,42.25,42.54999923706055,40067357
2023-10-25,43.400001525878906,44.79999923706055,41.599998474121094,43.29999923706055,41386855
2023-10-26,43.0,44.25,40.849998474121094,43.849998474121094,43148324
2023-10-27,44.099998474121094,45.599998474121094,43.150001525878906,44.45000076293945,50321677
2023-10-30,44.599998474121094,44.599998474121094,42.900001525878906,43.5,19145421
2023-10-31,43.70000076293945,44.900001525878906,42.95000076293945,43.20000076293945,17200950
2023-11-01,43.45000076293945,43.79999923706055,42.79999923706055,43.150001525878906,15095853
2023-11-02,43.900001525878906,44.70000076293945,43.70000076293945,44.0,13865290
2023-11-03,44.29999923706055,44.599998474121094,43.75,44.0,9526895
2023-11-06,44.400001525878906,44.79999923706055,43.79999923706055,44.099998474121094,9694139
2023-11-07,44.099998474121094,45.099998474121094,43.54999923706055,44.900001525878906,13706329
2023-11-08,45.099998474121094,45.45000076293945,44.45000076293945,44.849998474121094,13130743
2023-11-09,44.95000076293945,45.04999923706055,44.04999923706055,44.25,7660459
2023-11-10,44.150001525878906,44.20000076293945,43.650001525878906,43.900001525878906,6306351
2023-11-13,44.20000076293945,47.45000076293945,43.79999923706055,46.849998474121094,33117998
2023-11-15,47.650001525878906,47.75,46.70000076293945,47.349998474121094,19247985
2023-11-16,47.29999923706055,47.29999923706055,46.70000076293945,46.79999923706055,9908737
2023-11-17,46.04999923706055,46.25,45.54999923706055,45.849998474121094,9622664
2023-11-20,45.79999923706055,46.5,45.349998474121094,45.54999923706055,8448670
2023-11-21,45.79999923706055,45.849998474121094,44.79999923706055,45.150001525878906,6430184
2023-11-22,44.900001525878906,45.04999923706055,43.95000076293945,44.349998474121094,6524995
2023-11-23,44.0,44.599998474121094,44.0,44.349998474121094,5594413
2023-11-24,44.25,44.70000076293945,44.0,44.099998474121094,4680316
2023-11-28,44.099998474121094,45.099998474121094,43.599998474121094,44.75,11393541
2023-11-29,44.900001525878906,45.04999923706055,44.20000076293945,44.400001525878906,6556219
2023-11-30,44.5,44.5,43.599998474121094,44.04999923706055,5399639
2023-12-01,44.25,45.25,44.04999923706055,44.29999923706055,10039113
2023-12-04,45.5,48.5,45.0,48.29999923706055,72476900
2023-12-05,48.599998474121094,49.0,47.29999923706055,48.150001525878906,32133357
2023-12-06,48.400001525878906,48.45000076293945,47.04999923706055,47.849998474121094,15017530
2023-12-07,47.900001525878906,48.650001525878906,47.099998474121094,47.849998474121094,17348974
2023-12-08,47.849998474121094,48.650001525878906,46.54999923706055,46.95000076293945,16232779
2023-12-11,47.150001525878906,48.70000076293945,47.04999923706055,48.04999923706055,18218932
2023-12-12,48.349998474121094,49.599998474121094,47.79999923706055,48.0,22007984
2023-12-13,48.099998474121094,48.349998474121094,47.650001525878906,48.099998474121094,9953795
2023-12-14,48.650001525878906,48.900001525878906,47.900001525878906,48.04999923706055,11361248
2023-12-15,48.29999923706055,49.20000076293945,47.650001525878906,48.79999923706055,21924665
2023-12-18,48.849998474121094,51.599998474121094,48.099998474121094,50.54999923706055,53059324
2023-12-19,50.599998474121094,53.0,50.25,52.04999923706055,61183485
2023-12-20,52.5,52.70000076293945,47.0,47.599998474121094,40716589
2023-12-21,47.5,49.5,46.20000076293945,49.20000076293945,22407984
2023-12-22,49.5,49.79999923706055,48.0,48.70000076293945,13667470
2023-12-26,48.5,49.400001525878906,48.20000076293945,48.75,9505023
2023-12-27,48.75,49.95000076293945,48.599998474121094,49.04999923706055,13621213
2023-12-28,49.099998474121094,51.400001525878906,49.099998474121094,50.150001525878906,35566709
2023-12-29,50.45000076293945,51.400001525878906,49.900001525878906,50.099998474121094,21131430
2024-01-01,50.25,51.400001525878906,49.70000076293945,50.349998474121094,14747454
2024-01-02,50.349998474121094,52.20000076293945,49.900001525878906,51.099998474121094,33188408
2024-01-03,51.0,52.95000076293945,50.650001525878906,51.95000076293945,49402075
2024-01-04,52.150001525878906,53.20000076293945,52.0,52.5,21798368
2024-01-05,52.75,53.349998474121094,51.25,51.900001525878906,20211613
2024-01-08,51.900001525878906,52.0,50.150001525878906,50.400001525878906,12081310
2024-01-09,50.75,51.45000076293945,49.70000076293945,49.95000076293945,9885109
2024-01-10,49.95000076293945,50.400001525878906,49.5,50.0,9261372
2024-01-11,50.29999923706055,51.150001525878906,50.25,50.650001525878906,10073713
2024-01-12,50.849998474121094,52.599998474121094,50.5,51.900001525878906,35898322
2024-01-15,52.25,53.79999923706055,51.900001525878906,52.54999923706055,33275996
2024-01-16,52.75,54.349998474121094,51.5,53.099998474121094,53135534
2024-01-17,52.099998474121094,52.70000076293945,51.04999923706055,51.349998474121094,25793885
2024-01-18,51.599998474121094,53.400001525878906,49.25,52.79999923706055,40878518
2024-01-19,53.099998474121094,55.0,52.54999923706055,54.54999923706055,90258328
2024-01-23,57.25,57.5,52.599998474121094,52.95000076293945,45383881
2024-01-24,53.20000076293945,55.099998474121094,51.54999923706055,54.849998474121094,38909793
2024-01-25,54.70000076293945,55.45000076293945,53.70000076293945,54.349998474121094,20464938
2024-01-29,54.5,57.5,54.45000076293945,56.0,38657218
2024-01-30,56.29999923706055,58.70000076293945,55.099998474121094,56.099998474121094,48386782
2024-01-31,56.04999923706055,58.79999923706055,55.70000076293945,57.5,44289077
2024-02-01,57.900001525878906,59.95000076293945,55.75,59.54999923706055,78746142
2024-02-02,61.0,63.45000076293945,60.599998474121094,62.04999923706055,87281980
2024-02-05,62.5,70.30000305175781,61.70000076293945,64.8499984741211,155196600
2024-02-06,65.25,68.8499984741211,64.5,66.55000305175781,60062362
2024-02-07,66.94999694824219,76.9000015258789,66.94999694824219,74.1500015258789,154612545
2024-02-08,76.05000305175781,76.4000015258789,69.30000305175781,69.8499984741211,90182075
2024-02-09,70.44999694824219,72.4000015258789,65.0,68.0,58441930
2024-02-12,68.0,68.19999694824219,58.29999923706055,59.95000076293945,49978373
2024-02-13,59.0,63.95000076293945,58.400001525878906,63.29999923706055,60568781
2024-02-14,60.5,66.19999694824219,60.45000076293945,65.5999984741211,41099283
2024-02-15,65.9000015258789,68.0,64.19999694824219,67.44999694824219,50957276
2024-02-16,68.0,69.0,66.0999984741211,66.5999984741211,34547539
2024-02-19,66.9000015258789,68.8499984741211,65.9000015258789,66.94999694824219,26347802
2024-02-20,67.0999984741211,67.55000305175781,65.5,65.8499984741211,16877805
2024-02-21,66.1500015258789,68.4000015258789,65.4000015258789,65.8499984741211,29225281
2024-02-22,66.30000305175781,67.3499984741211,63.79999923706055,66.9000015258789,22223256
2024-02-23,67.0,67.3499984741211,65.4000015258789,65.75,14482044
2024-02-26,65.9000015258789,65.9000015258789,64.55000305175781,64.9000015258789,11290843
2024-02-27,64.9000015258789,65.44999694824219,62.54999923706055,63.25,14385725
2024-02-28,63.45000076293945,63.849998474121094,60.349998474121094,61.0,16140826
2024-02-29,60.75,63.0,60.20000076293945,62.650001525878906,16517287
2024-03-01,62.95000076293945,63.95000076293945,62.70000076293945,63.29999923706055,10099243
2024-03-04,63.900001525878906,64.1500015258789,62.349998474121094,62.95000076293945,8638680
2024-03-05,62.849998474121094,67.94999694824219,62.29999923706055,67.4000015258789,56087283
2024-03-06,67.55000305175781,68.1500015258789,64.05000305175781,65.05000305175781,32497838
2024-03-07,65.5,66.30000305175781,64.05000305175781,64.3499984741211,17945402
2024-03-11,64.5999984741211,64.69999694824219,61.70000076293945,62.150001525878906,14035590
2024-03-12,62.150001525878906,62.75,59.70000076293945,60.29999923706055,17010763
2024-03-13,60.900001525878906,61.400001525878906,53.04999923706055,54.099998474121094,34629026
2024-03-14,54.0,61.5,52.04999923706055,60.599998474121094,40906348
2024-03-15,59.900001525878906,61.70000076293945,57.349998474121094,59.5,26890962
2024-03-18,59.70000076293945,60.75,58.099998474121094,58.5,15905678
2024-03-19,58.0,59.349998474121094,57.0,57.20000076293945,14216161
2024-03-20,57.5,58.25,55.79999923706055,56.75,16608753
2024-03-21,58.29999923706055,59.45000076293945,57.599998474121094,57.900001525878906,15462631
2024-03-22,58.20000076293945,59.79999923706055,57.95000076293945,59.25,14903892
2024-03-26,59.150001525878906,60.0,58.150001525878906,58.349998474121094,9071528
2024-03-27,58.54999923706055,59.400001525878906,57.099998474121094,57.25,11064222
2024-03-28,57.849998474121094,61.650001525878906,57.75,59.79999923706055,31670415
2024-04-01,60.400001525878906,63.70000076293945,60.400001525878906,63.349998474121094,23280709
2024-04-02,63.29999923706055,64.19999694824219,62.099998474121094,63.20000076293945,18976772
2024-04-03,63.45000076293945,65.9000015258789,62.70000076293945,65.5999984741211,32063126
2024-04-04,66.19999694824219,67.0,64.05000305175781,65.0,25233168
2024-04-05,65.0,66.3499984741211,64.19999694824219,65.5999984741211,20709251
2024-04-08,65.8499984741211,65.94999694824219,63.75,63.95000076293945,10786579
2024-04-09,64.30000305175781,64.9000015258789,62.95000076293945,64.0,10343663
2024-04-10,64.3499984741211,65.5,63.29999923706055,65.0999984741211,13424740
2024-04-12,64.8499984741211,65.44999694824219,63.70000076293945,63.900001525878906,8740422
2024-04-15,61.849998474121094,62.95000076293945,59.54999923706055,61.29999923706055,15436241
2024-04-16,60.75,63.849998474121094,60.099998474121094,62.0,14471808
2024-04-18,62.5,63.849998474121094,61.54999923706055,61.79999923706055,9695748
2024-04-19,61.0,62.5,59.45000076293945,62.099998474121094,10721240
2024-04-22,62.79999923706055,64.80000305175781,62.75,64.5999984741211,13443977
2024-04-23,64.94999694824219,65.05000305175781,63.54999923706055,63.79999923706055,8885969
2024-04-24,64.0,64.5,63.29999923706055,63.45000076293945,6077659
2024-04-25,63.45000076293945,66.5,63.25,65.80000305175781,25913001
2024-04-26,66.1500015258789,67.0,65.44999694824219,66.0,19156664
2024-04-29,66.75,68.5999984741211,66.44999694824219,68.19999694824219,30491686
2024-04-30,68.6500015258789,69.75,66.80000305175781,67.25,35436655
2024-05-02,67.9000015258789,67.9000015258789,66.0,66.19999694824219,15085713
2024-05-03,66.5999984741211,66.69999694824219,64.5,65.1500015258789,13041002
2024-05-06,65.44999694824219,65.44999694824219,62.79999923706055,63.54999923706055,11112535
2024-05-07,63.54999923706055,64.1500015258789,60.04999923706055,60.95000076293945,17525168
2024-05-08,61.29999923706055,62.70000076293945,60.75,62.150001525878906,10579525
2024-05-09,62.150001525878906,62.79999923706055,60.150001525878906,60.45000076293945,8726840
2024-05-10,61.0,61.29999923706055,58.099998474121094,60.79999923706055,10665307
2024-05-13,60.900001525878906,60.95000076293945,58.0,59.20000076293945,11469041
2024-05-14,59.5,60.75,59.45000076293945,60.400001525878906,7533528
2024-05-15,60.79999923706055,62.099998474121094,60.400001525878906,60.70000076293945,8525938
2024-05-16,61.20000076293945,61.400001525878906,60.20000076293945,60.79999923706055,6225201
2024-05-17,61.0,61.75,60.650001525878906,61.04999923706055,6162276
2024-05-21,62.29999923706055,66.19999694824219,61.650001525878906,65.5999984741211,22472609
2024-05-22,65.94999694824219,66.19999694824219,64.19999694824219,65.1500015258789,9273845
2024-05-23,65.5,67.19999694824219,65.44999694824219,65.94999694824219,17295289
2024-05-24,65.80000305175781,67.0999984741211,65.30000305175781,65.80000305175781,12666549
2024-05-27,66.0999984741211,69.19999694824219,65.5,68.1500015258789,43515664
2024-05-28,68.5,68.69999694824219,63.79999923706055,65.25,21467635
2024-05-29,64.5,65.8499984741211,64.1500015258789,64.75,10775963
2024-05-30,64.6500015258789,65.44999694824219,63.150001525878906,63.400001525878906,13096152
2024-05-31,64.0,65.3499984741211,62.5,64.6500015258789,15702898
2024-06-03,68.05000305175781,73.0,65.80000305175781,72.30000305175781,95389337
2024-06-04,72.0,72.0,57.849998474121094,60.5,69488360
2024-06-05,62.0,63.849998474121094,57.900001525878906,61.75,28178521
2024-06-06,62.54999923706055,66.5,62.5,64.0999984741211,28076368
2024-06-07,64.4000015258789,65.5,63.599998474121094,64.80000305175781,15515685
2024-06-10,65.1500015258789,65.75,64.0,64.29000091552734,11849669
2024-06-11,64.48999786376953,65.12000274658203,63.439998626708984,63.97999954223633,10449934
2024-06-12,63.97999954223633,67.27999877929688,63.95000076293945,66.30999755859375,29022671
2024-06-13,67.0,67.0999984741211,65.2699966430664,65.76000213623047,13295899
2024-06-14,65.8499984741211,66.33999633789062,65.11000061035156,65.43000030517578,9793423
2024-06-18,65.55000305175781,65.81999969482422,64.79000091552734,64.93000030517578,8823568
2024-06-19,65.0999984741211,66.31999969482422,63.36000061035156,65.01000213623047,15633223
2024-06-20,65.51000213623047,67.75,65.0,65.33000183105469,25557624
2024-06-21,65.77999877929688,65.77999877929688,64.19999694824219,64.51000213623047,10121247
2024-06-24,64.55000305175781,65.33000183105469,63.58000183105469,64.13999938964844,7040196
2024-06-25,64.36000061035156,64.5999984741211,63.150001525878906,63.310001373291016,6575084
2024-06-26,63.70000076293945,64.37000274658203,62.619998931884766,62.88999938964844,8951244
2024-06-27,62.900001525878906,63.5,61.0099983215332,62.029998779296875,9760196
2024-06-28,62.25,64.87999725341797,62.25,62.790000915527344,12324184
2024-07-01,63.099998474121094,64.0,62.5099983215332,63.119998931884766,8020735
2024-07-02,63.38999938964844,63.599998474121094,62.25,62.59000015258789,4883316
2024-07-03,62.91999816894531,63.119998931884766,62.400001525878906,62.52000045776367,5271418
2024-07-04,62.779998779296875,62.97999954223633,62.060001373291016,62.2599983215332,4636050
2024-07-05,62.29999923706055,62.790000915527344,61.869998931884766,62.18000030517578,6020969
2024-07-08,62.18000030517578,62.45000076293945,61.599998474121094,61.810001373291016,4987770
2024-07-09,61.900001525878906,65.58000183105469,61.7599983215332,64.20999908447266,29216143
2024-07-10,64.5,64.87999725341797,62.400001525878906,63.869998931884766,9777451
2024-07-11,63.95000076293945,64.29000091552734,63.0,63.209999084472656,6565053
2024-07-12,63.59000015258789,64.25,63.0099983215332,63.31999969482422,7485553
2024-07-15,63.7400016784668,66.66000366210938,63.2599983215332,65.56999969482422,32858029
2024-07-16,65.56999969482422,67.19999694824219,64.47000122070312,65.04000091552734,14477433
2024-07-18,64.9000015258789,67.63999938964844,63.810001373291016,64.37999725341797,44730149
2024-07-19,64.69999694824219,66.22000122070312,62.29999923706055,62.56999969482422,20409750
2024-07-22,62.56999969482422,63.79999923706055,61.02000045776367,62.9900016784668,9140309
2024-07-23,63.36000061035156,63.5,59.34000015258789,61.91999816894531,10720402
2024-07-24,61.91999816894531,64.27999877929688,61.650001525878906,63.08000183105469,11075162
2024-07-25,62.5,63.68000030517578,62.279998779296875,62.91999816894531,6728637
2024-07-26,63.29999923706055,65.19999694824219,62.900001525878906,64.18000030517578,15238054
2024-07-29,64.69000244140625,67.06999969482422,64.25,64.36000061035156,18448455
2024-07-30,64.36000061035156,64.72000122070312,63.779998779296875,64.19999694824219,5656630
2024-07-31,64.5,64.5,63.5,63.56999969482422,5017781
2024-08-01,63.900001525878906,64.37999725341797,62.86000061035156,63.150001525878906,6064294
2024-08-02,62.400001525878906,63.38999938964844,62.02000045776367,62.619998931884766,5993637
2024-08-05,61.349998474121094,61.47999954223633,58.400001525878906,58.650001525878906,14999796
2024-08-06,60.0,60.900001525878906,58.529998779296875,58.810001373291016,7410449
2024-08-07,59.63999938964844,59.880001068115234,58.650001525878906,59.52000045776367,5190078
2024-08-08,59.58000183105469,60.91999816894531,59.119998931884766,59.869998931884766,7622637
2024-08-09,60.29999923706055,60.79999923706055,59.58000183105469,59.72999954223633,5641251
2024-08-12,59.400001525878906,59.65999984741211,58.540000915527344,59.119998931884766,4342369
2024-08-13,59.290000915527344,59.650001525878906,58.20000076293945,58.41999816894531,4501534
2024-08-14,58.43000030517578,58.689998626708984,57.0099983215332,57.119998931884766,5333876
2024-08-16,57.75,58.20000076293945,57.40999984741211,58.040000915527344,3705234
2024-08-19,58.36000061035156,60.45000076293945,58.36000061035156,60.279998779296875,6700944
2024-08-20,60.599998474121094,60.70000076293945,60.029998779296875,60.31999969482422,4490240
2024-08-21,60.54999923706055,60.9900016784668,60.209999084472656,60.70000076293945,3756612
2024-08-22,60.900001525878906,61.75,60.060001373291016,60.689998626708984,5954328
2024-08-23,60.939998626708984,60.97999954223633,60.0,60.18000030517578,4107727
2024-08-26,60.5,61.68000030517578,60.47999954223633,61.130001068115234,5448364
2024-08-27,61.119998931884766,61.5099983215332,60.97999954223633,61.119998931884766,3264214
2024-08-28,61.02000045776367,61.689998626708984,60.88999938964844,61.130001068115234,3200457
2024-08-29,60.75,61.5,60.11000061035156,61.38999938964844,4405086
2024-08-30,61.52000045776367,61.75,61.0,61.119998931884766,3782808
2024-09-02,61.119998931884766,61.25,60.150001525878906,60.7599983215332,2926810
2024-09-03,60.77000045776367,61.220001220703125,60.599998474121094,60.689998626708984,2019190
2024-09-04,60.11000061035156,60.4900016784668,59.209999084472656,60.040000915527344,2964534
2024-09-05,60.349998474121094,60.81999969482422,60.040000915527344,60.33000183105469,2678616
2024-09-06,60.5,61.2599983215332,58.79999923706055,59.189998626708984,4070290
2024-09-09,59.0,59.09000015258789,57.36000061035156,58.08000183105469,4330475
2024-09-10,58.400001525878906,59.34000015258789,58.38999938964844,58.65999984741211,2780675
2024-09-11,58.900001525878906,59.20000076293945,58.209999084472656,58.810001373291016,3537404
2024-09-12,59.099998474121094,59.4900016784668,58.5,58.630001068115234,2405379
2024-09-13,59.0,60.779998779296875,58.66999816894531,59.81999969482422,6765219
2024-09-16,60.20000076293945,61.380001068115234,59.81999969482422,60.349998474121094,5224999
2024-09-17,60.400001525878906,60.599998474121094,59.79999923706055,60.040000915527344,2769660
2024-09-18,60.0,60.189998626708984,59.0,59.279998779296875,2848785
2024-09-19,59.31999969482422,60.349998474121094,57.400001525878906,58.220001220703125,4065969
2024-09-20,58.599998474121094,61.29999923706055,57.25,58.68000030517578,21691234
2024-09-23,59.79999923706055,61.75,59.16999816894531,61.58000183105469,11635667
2024-09-24,61.650001525878906,61.81999969482422,60.150001525878906,60.40999984741211,5114105
2024-09-25,60.400001525878906,60.400001525878906,59.31999969482422,59.54999923706055,3311832
2024-09-26,59.79999923706055,60.70000076293945,58.869998931884766,59.459999084472656,6173426
2024-09-27,59.40999984741211,60.38999938964844,59.209999084472656,59.68000030517578,4165739
2024-09-30,59.5,59.619998931884766,58.529998779296875,58.83000183105469,3159313
2024-10-01,58.849998474121094,59.150001525878906,58.560001373291016,58.650001525878906,2299657
2024-10-03,58.0,58.400001525878906,57.349998474121094,57.54999923706055,3102515
2024-10-04,57.5,58.369998931884766,56.560001373291016,57.90999984741211,4088917
2024-10-07,58.0,58.29999923706055,55.02000045776367,55.18000030517578,4817361
2024-10-08,55.0,56.59000015258789,54.63999938964844,56.40999984741211,3619298
2024-10-09,56.70000076293945,58.2400016784668,56.68000030517578,57.7599983215332,3817682
2024-10-10,57.900001525878906,58.38999938964844,56.849998474121094,57.04999923706055,2114794
2024-10-11,56.83000183105469,57.349998474121094,56.70000076293945,56.959999084472656,1607338
2024-10-14,57.0,57.630001068115234,56.5,57.08000183105469,1663009
2024-10-15,57.099998474121094,57.470001220703125,56.650001525878906,57.0099983215332,2060425
2024-10-16,57.5,57.91999816894531,57.060001373291016,57.43000030517578,2652911
2024-10-17,57.75,60.41999816894531,57.04999923706055,58.970001220703125,23788568
2024-10-18,58.88999938964844,59.75,57.93000030517578,59.02000045776367,6253115
2024-10-21,59.0,59.41999816894531,56.150001525878906,56.63999938964844,3706993
2024-10-22,56.4900016784668,56.59000015258789,52.52000045776367,52.970001220703125,5505392
2024-10-23,52.599998474121094,53.779998779296875,50.34000015258789,52.86000061035156,8484503
2024-10-24,52.869998931884766,54.25,52.400001525878906,52.61000061035156,4010372
2024-10-25,53.2400016784668,53.47999954223633,49.15999984741211,50.2599983215332,7487547
2024-10-28,50.560001373291016,53.04999923706055,50.16999816894531,52.2400016784668,8051220
2024-10-29,52.2599983215332,54.15999984741211,51.810001373291016,53.84000015258789,5059857
2024-10-30,53.81999969482422,55.93000030517578,53.29999923706055,55.36000061035156,7317100
2024-10-31,55.54999923706055,58.45000076293945,54.810001373291016,57.83000183105469,10703055
2024-11-01,57.9900016784668,58.54999923706055,57.29999923706055,58.119998931884766,1697525
2024-11-04,58.0,58.0,55.61000061035156,55.97999954223633,5344850
2024-11-05,56.0,57.66999816894531,55.560001373291016,57.20000076293945,6639709
2024-11-06,57.29999923706055,58.79999923706055,57.060001373291016,58.58000183105469,5566087
2024-11-07,58.599998474121094,59.66999816894531,57.33000183105469,57.61000061035156,5476320
2024-11-08,57.599998474121094,57.599998474121094,55.52000045776367,55.810001373291016,3076243
2024-11-11,55.869998931884766,56.45000076293945,54.95000076293945,55.689998626708984,3429280
2024-11-12,55.70000076293945,56.599998474121094,54.560001373291016,54.900001525878906,2397059
2024-11-13,53.0,54.630001068115234,51.79999923706055,52.02000045776367,4550933
2024-11-14,52.209999084472656,53.18000030517578,51.7599983215332,51.91999816894531,3689333
2024-11-18,52.08000183105469,54.18000030517578,50.90999984741211,52.86000061035156,5643790
2024-11-19,53.0,54.72999954223633,52.029998779296875,52.650001525878906,5498164
2024-11-21,52.38999938964844,52.38999938964844,50.93000030517578,51.5099983215332,4251070
2024-11-22,51.5099983215332,52.7400016784668,51.25,52.31999969482422,3519219
2024-11-25,54.0,57.959999084472656,53.70000076293945,56.709999084472656,22709687
2024-11-26,56.709999084472656,56.790000915527344,55.75,56.06999969482422,4818135
2024-11-27,56.349998474121094,56.880001068115234,55.79999923706055,56.380001068115234,3442833
2024-11-28,56.599998474121094,57.599998474121094,55.599998474121094,56.0099983215332,6847385
2024-11-29,56.20000076293945,56.95000076293945,54.86000061035156,55.91999816894531,4692849
2024-12-02,55.88999938964844,55.88999938964844,55.0099983215332,55.47999954223633,2928603
2024-12-03,55.70000076293945,57.189998626708984,55.58000183105469,56.720001220703125,5312658
2024-12-04,57.0,61.599998474121094,56.900001525878906,61.0099983215332,40927909
2024-12-05,61.25,61.25,59.61000061035156,60.119998931884766,9758188
2024-12-06,60.45000076293945,61.900001525878906,59.040000915527344,59.97999954223633,14972364
2024-12-09,59.97999954223633,60.290000915527344,59.0,59.36000061035156,4333980
2024-12-10,59.540000915527344,59.75,58.70000076293945,58.900001525878906,4823104
2024-12-11,59.20000076293945,60.150001525878906,58.79999923706055,58.9900016784668,4246655
2024-12-12,58.91999816894531,60.099998474121094,58.099998474121094,59.40999984741211,5375045
2024-12-13,59.20000076293945,59.20000076293945,56.45000076293945,57.75,7614513
2024-12-16,58.0,58.959999084472656,57.810001373291016,58.0,3400288
2024-12-17,58.0,58.06999969482422,56.52000045776367,56.849998474121094,3005234
2024-12-18,56.720001220703125,57.04999923706055,54.81999969482422,55.02000045776367,5101992
2024-12-19,53.20000076293945,55.16999816894531,53.11000061035156,54.880001068115234,4349828
2024-12-20,54.900001525878906,55.79999923706055,54.02000045776367,55.06999969482422,5534072
2024-12-23,55.4900016784668,55.4900016784668,54.0,54.2400016784668,3689583
2024-12-24,54.25,54.939998626708984,53.849998474121094,54.22999954223633,2297824
2024-12-26,54.189998626708984,54.7599983215332,53.599998474121094,53.779998779296875,2870629
2024-12-27,53.779998779296875,54.150001525878906,53.0,53.130001068115234,2113540
2024-12-30,53.400001525878906,53.5,52.20000076293945,52.52000045776367,3031575
2024-12-31,52.5,53.5,52.20000076293945,53.310001373291016,2614531
2025-01-01,53.11000061035156,53.9900016784668,53.04999923706055,53.84000015258789,1709308
2025-01-02,53.849998474121094,54.31999969482422,53.2599983215332,53.959999084472656,3283190
2025-01-03,54.119998931884766,56.470001220703125,54.119998931884766,55.11000061035156,8364274
2025-01-06,55.189998626708984,55.189998626708984,52.5,53.119998931884766,4578302
2025-01-07,53.4900016784668,53.83000183105469,52.95000076293945,53.119998931884766,2695043
2025-01-08,53.0,53.380001068115234,52.11000061035156,52.68000030517578,2444682
2025-01-09,52.68000030517578,52.70000076293945,51.5,51.650001525878906,2086980
2025-01-10,51.650001525878906,51.66999816894531,49.75,49.939998626708984,4071493
2025-01-13,49.65999984741211,49.900001525878906,46.5,46.869998931884766,4664689
2025-01-14,47.060001373291016,56.2400016784668,47.060001373291016,55.34000015258789,15149496
2025-01-15,54.0,54.0,50.650001525878906,51.31999969482422,17789974
2025-01-16,52.0,53.439998626708984,51.869998931884766,52.2400016784668,7523489
2025-01-17,52.5,53.150001525878906,51.630001068115234,52.720001220703125,4202397
2025-01-20,53.0,55.5,52.61000061035156,54.369998931884766,14266504
2025-01-21,54.599998474121094,54.599998474121094,52.7400016784668,53.11000061035156,4711009
2025-01-22,53.2599983215332,53.34000015258789,51.40999984741211,52.31999969482422,2654511
2025-01-23,52.31999969482422,52.720001220703125,51.61000061035156,52.060001373291016,2983336
2025-01-24,52.0,52.34000015258789,50.04999923706055,50.38999938964844,3224070
2025-01-27,50.060001373291016,54.400001525878906,48.959999084472656,51.470001220703125,37383650
2025-01-28,52.0,52.75,50.459999084472656,51.06999969482422,10874057
2025-01-29,51.70000076293945,52.029998779296875,50.650001525878906,50.9900016784668,4978401
2025-01-30,51.47999954223633,51.95000076293945,50.68000030517578,51.06999969482422,3309503
2025-01-31,51.29999923706055,52.599998474121094,50.66999816894531,52.04999923706055,4640505
2025-02-01,52.04999923706055,52.77000045776367,49.900001525878906,50.54999923706055,5511063
2025-02-03,50.66999816894531,50.79999923706055,49.79999923706055,49.95000076293945,3051241
2025-02-04,50.70000076293945,51.34000015258789,50.25,50.59000015258789,3144104
2025-02-05,50.88999938964844,52.810001373291016,50.88999938964844,51.529998779296875,4521921
2025-02-06,51.880001068115234,51.9900016784668,50.54999923706055,51.09000015258789,2521519
2025-02-07,51.18000030517578,51.869998931884766,50.70000076293945,50.91999816894531,3721145
2025-02-10,50.7599983215332,50.959999084472656,50.0,50.06999969482422,1583063
2025-02-11,49.900001525878906,50.0099983215332,47.70000076293945,48.189998626708984,3521943
2025-02-12,48.18000030517578,48.95000076293945,46.209999084472656,48.619998931884766,4501955
2025-02-13,48.619998931884766,49.41999816894531,48.5,48.68000030517578,2712708
2025-02-14,48.599998474121094,48.79999923706055,47.310001373291016,47.900001525878906,3055430
2025-02-17,47.7400016784668,47.7400016784668,46.31999969482422,47.130001068115234,3288750
2025-02-18,47.0099983215332,47.45000076293945,45.470001220703125,45.810001373291016,3603662
2025-02-19,45.5,46.7599983215332,44.93000030517578,46.290000915527344,4065306
2025-02-20,45.79999923706055,47.61000061035156,45.689998626708984,47.369998931884766,3189719
2025-02-21,47.29999923706055,48.20000076293945,46.540000915527344,46.779998779296875,2802464
2025-02-24,46.45000076293945,46.45000076293945,45.54999923706055,45.9900016784668,2335881
2025-02-25,47.619998931884766,48.0,46.099998474121094,46.279998779296875,5478536
2025-02-27,46.59000015258789,46.81999969482422,45.150001525878906,45.34000015258789,3082496
2025-02-28,45.25,45.540000915527344,43.25,43.97999954223633,3825440
2025-03-03,43.900001525878906,44.310001373291016,41.529998779296875,42.0,5183545
2025-03-04,41.95000076293945,43.70000076293945,41.060001373291016,43.11000061035156,4923108
2025-03-05,43.20000076293945,44.22999954223633,43.20000076293945,44.130001068115234,3458629
2025-03-06,44.70000076293945,45.38999938964844,44.130001068115234,44.36000061035156,3240869
2025-03-07,44.5,44.939998626708984,44.060001373291016,44.43000030517578,2973141
2025-03-10,44.5,44.65999984741211,42.689998626708984,42.849998474121094,3326911
2025-03-11,42.849998474121094,42.849998474121094,41.68000030517578,42.15999984741211,3835244
2025-03-12,42.459999084472656,42.880001068115234,41.65999984741211,41.790000915527344,2739556
2025-03-13,42.0,42.29999923706055,41.310001373291016,41.470001220703125,3170309
2025-03-17,41.619998931884766,41.81999969482422,40.88999938964844,41.0099983215332,2766526
2025-03-18,41.0099983215332,41.0099983215332,41.0099983215332,41.0099983215332,0
2025-03-19,42.5099983215332,43.869998931884766,42.5099983215332,43.65999984741211,3824777
2025-03-20,44.0,44.9900016784668,43.75,44.040000915527344,4421373
2025-03-21,44.0,45.25,43.75,45.150001525878906,5781925
2025-03-24,45.209999084472656,47.29999923706055,45.209999084472656,46.88999938964844,7977045
2025-03-25,46.88999938964844,46.88999938964844,44.5,44.689998626708984,8998473
2025-03-26,44.650001525878906,45.18000030517578,43.0,43.130001068115234,6775836
2025-03-27,43.099998474121094,44.150001525878906,42.77000045776367,43.959999084472656,6585615
2025-03-28,44.09000015258789,44.59000015258789,42.599998474121094,42.77000045776367,5977337
2025-04-01,42.790000915527344,42.790000915527344,40.29999923706055,41.310001373291016,12085243
2025-04-02,38.9900016784668,39.599998474121094,36.459999084472656,36.86000061035156,62798115
2025-04-03,36.9900016784668,37.59000015258789,35.90999984741211,36.84000015258789,38424917
2025-04-04,37.119998931884766,37.22999954223633,35.79999923706055,36.16999816894531,18611953
2025-04-07,35.0,35.0,33.15999984741211,34.4900016784668,14759306
2025-04-08,35.29999923706055,35.880001068115234,34.290000915527344,35.099998474121094,12775574
2025-04-09,35.099998474121094,35.15999984741211,33.75,33.86000061035156,12630804
2025-04-11,35.4900016784668,35.4900016784668,34.150001525878906,34.43000030517578,9597496
2025-04-15,35.25,35.400001525878906,34.709999084472656,35.27000045776367,8260444
2025-04-16,35.5,36.59000015258789,35.439998626708984,36.11000061035156,12236221
2025-04-17,36.119998931884766,36.66999816894531,35.849998474121094,36.2400016784668,11936599
2025-04-21,36.599998474121094,38.06999969482422,36.58000183105469,37.45000076293945,19341161
2025-04-22,37.869998931884766,39.18000030517578,37.369998931884766,38.52000045776367,27325626
2025-04-23,38.869998931884766,39.09000015258789,37.40999984741211,38.2400016784668,15370485
2025-04-24,38.2599983215332,38.720001220703125,37.90999984741211,38.08000183105469,9552963
2025-04-25,38.290000915527344,38.290000915527344,36.5,36.900001525878906,15998633
2025-04-28,36.79999923706055,37.54999923706055,36.5099983215332,37.400001525878906,8695436
