Date,Open,High,Low,Close,Volume
2020-01-01,222.72990948532933,223.4518085195563,218.59103343875353,219.024169921875,3761160
2020-01-02,218.97604174282463,225.61750702415122,218.01350969120782,224.9918670654297,4513308
2020-01-03,223.93306339780196,224.94372493283637,218.5428930227396,220.03482055664062,4289982
2020-01-06,218.49475375960475,219.02414927220764,211.90140399379226,212.6714324951172,7552620
2020-01-07,214.64464946332367,218.92791419457168,214.16338343313686,217.0509796142578,4646862
2020-01-08,209.1582095721896,219.74606172581375,209.1582095721896,219.1204071044922,6320990
2020-01-09,221.3823534233998,231.4889391231637,220.75671351681476,229.3232421875,9195030
2020-01-10,229.90077091065686,235.82033675435557,227.1575488735833,235.05030822753906,14793061
2020-01-13,235.19468720606878,244.24248163618643,235.19468720606878,243.3280792236328,14466469
2020-01-14,242.65431185349865,247.94823760868582,241.16238438507696,245.01251220703125,6843491
2020-01-15,243.03931741036817,248.33324313613858,243.03931741036817,246.31192016601562,7020963
2020-01-16,246.1194301460998,249.92142861924404,245.10876860587848,248.47763061523438,5235129
2020-01-17,247.37072578685707,252.18338582162082,247.27446671133265,251.46148681640625,5766591
2020-01-20,252.13526131555284,254.1084401045859,247.7076083782955,249.24766540527344,6096170
2020-01-21,248.33325289480766,249.1514109594064,245.44565693091454,247.46697998046875,5387621
2020-01-22,248.71826750898367,251.46148963436963,245.44566452349954,248.4295196533203,5476635
2020-01-23,248.42952447790861,252.1833935451638,247.4669924414767,250.93211364746094,5101631
2020-01-24,252.18335264700653,255.9372211054733,251.31707982953603,253.0015106201172,7257409
2020-01-27,251.70211485268297,254.1084448225939,246.21568545870056,247.46697998046875,5577299
2020-01-28,246.40819645432282,251.46148954567124,245.73442697955764,247.99636840820312,4763857
2020-01-29,249.29577350434664,251.99085119797937,247.03381756104216,248.9107666015625,4977662
2020-01-30,248.91076225179225,249.1513952335952,242.60617519114084,245.10874938964844,5549648
2020-01-31,248.14073402516033,252.9533939509714,244.77188676416512,250.69146728515625,10810838
2020-02-03,221.3823576808122,224.943723106089,209.68759987815486,222.2005157470703,20842165
2020-02-04,222.7298999829531,238.46730413252183,222.15238959245406,236.06097412109375,15797056
2020-02-05,240.77736171641794,246.21567605290878,236.4459679360437,243.95372009277344,12352880
2020-02-06,237.74539419064516,245.156887347433,234.28027325878665,237.07162475585938,17929026
2020-02-07,236.7828971366734,237.6491701538071,225.9544109871304,226.96507263183594,14050194
2020-02-10,226.4837913422623,227.73508592832255,222.4892745747267,225.0399932861328,8120421
2020-02-11,227.15754208287132,228.89010254464662,223.88493930057405,225.08810424804688,5475597
2020-02-12,226.29747177116514,228.08734656770784,219.42825407263408,223.34661865234375,6806019
2020-02-13,223.05635252135542,225.03972357895668,220.0571070427557,223.83035278320312,6913597
2020-02-14,224.84620863681923,226.82957966086047,217.15461345853905,218.8477325439453,6757171
2020-02-17,220.97622265345333,222.33072678252432,210.76914509728286,212.2687530517578,10788768
2020-02-18,210.1402680202886,212.220394661556,209.51140110713055,210.8658905029297,6678150
2020-02-19,213.5265173480803,221.21811311046775,211.20453118832,219.52499389648438,7405952
2020-02-20,219.52499541554084,220.92787744138272,211.88177738751511,212.94602966308594,7654026
2020-02-24,208.01177439970127,211.88176090016083,204.38366205552043,205.59303283691406,7761069
2020-02-25,206.07678264895114,212.36551075795668,206.07678264895114,209.70489501953125,8778643
2020-02-26,207.86667874857324,210.62403557672116,203.75481763810254,205.544677734375,6037598
2020-02-27,205.1092916083312,205.8832918877206,197.65957029021675,201.9165496826172,8839033
2020-02-28,196.88557042793678,198.24005984761718,186.87197408580755,195.14407348632812,15083273
2020-03-02,199.3043246932486,206.4637945295252,193.30584797058057,197.22421264648438,10400591
2020-03-03,198.33682632687083,205.1576811116533,196.78882567967617,200.0783233642578,11084288
2020-03-04,201.28768026631826,203.2710513443016,192.04808433924504,197.32093811035156,9357919
2020-03-05,199.11083343887225,200.61045634893932,193.88634214858968,196.0148468017578,8576035
2020-03-06,188.66185636178514,189.7261086361367,181.74426086698423,188.12973022460938,10991688
2020-03-09,181.88936955723153,182.85686620381256,172.84327000656813,176.4230194091797,12053473
2020-03-11,176.42302619799557,178.793390120766,171.24691303447767,172.6497802734375,9238369
2020-03-12,162.53945160551837,163.5069483412655,149.47824567293208,151.80023193359375,14049953
2020-03-13,140.33538897201905,166.3610423838362,137.38452130136102,161.33006286621094,11231755
2020-03-16,150.2038516102221,151.89697071049838,142.80250830557384,144.15699768066406,7065375
2020-03-17,145.1245005279372,149.96198387886844,139.22276493467004,139.9000244140625,8919578
2020-03-18,145.02775897341323,145.02775897341323,133.5145533905216,135.59466552734375,9347932
2020-03-19,128.33842342731106,135.78815936768814,121.42082835447766,124.27494049072266,10873570
2020-03-20,124.80707510085482,137.14265810500908,117.40572382207945,135.25604248046875,18143402
2020-03-23,121.75945355392548,129.83804921313927,119.77608982375962,122.0497055053711,6918861
2020-03-24,121.90458368706649,128.72543834593225,113.87435815828937,116.87360382080078,13129144
2020-03-25,116.099594779325,123.2590712669994,110.8267411356627,119.77608489990234,14618656
2020-03-26,122.00133674663752,142.22201997437983,117.69597923059106,133.65966796875,16809428
2020-03-27,137.38453776041666,153.68686381528775,132.35355764006576,134.24017333984375,14470204
2020-03-30,129.64455494050998,131.09579995850078,124.61357516404081,126.50019073486328,7737955
2020-03-31,132.54705130139322,134.38528917343444,126.11320398642047,132.982421875,8327716
2020-04-01,131.53116666610987,132.4986633164863,126.06481649661399,128.24168395996094,5567170
2020-04-03,129.2091874552273,131.5795514216547,126.11320096257751,127.80632019042969,6553107
2020-04-07,133.22428959964716,138.2552693723649,130.70880709470217,136.94915771484375,6419110
2020-04-08,132.54704494752744,142.02851534889422,132.4019263508912,133.51454162597656,7944486
2020-04-09,137.48129178400796,146.86600714970476,136.12678749893274,144.25376892089844,7216451
2020-04-13,143.57649697913507,144.06024530421683,130.22505501714036,135.20765686035156,12595353
2020-04-15,134.43368051359568,139.9484094484505,133.32106507301992,135.73980712890625,9821552
2020-04-16,133.51454868601328,138.69066209455173,128.386813066521,129.64456176757812,13414652
2020-04-17,135.35277684559298,140.577267667935,131.38604939679934,132.45028686523438,30164652
2020-04-20,133.70806140864582,134.91743246835287,127.03233906419501,130.0315704345703,18161265
2020-04-21,127.12906898544566,129.35431449697896,124.95220126471659,128.33843994140625,12612460
2020-04-22,128.62869402457156,130.80556178086007,125.58108507089935,129.20919799804688,11250707
2020-04-23,130.03156058665664,133.99830326720746,128.67707100749885,132.54705810546875,10333997
2020-04-24,130.6120539080414,130.6120539080414,123.45257688420669,124.03307342529297,12295346
2020-04-27,126.74206955988605,129.35430773565392,125.4843208788635,128.67706298828125,6956597
2020-04-28,130.61205159062925,134.1434085618374,129.54779933920412,133.51454162597656,10118659
2020-04-29,133.99830472853358,137.86829186870784,133.03080794349,137.04591369628906,7030077
2020-04-30,138.9808879460709,147.3013650459135,137.6263985404348,142.07688903808594,12818946
2020-05-04,136.6589029957343,136.6589029957343,126.83881781833995,128.72543334960938,7768173
2020-05-05,131.24092610842098,131.82143005415787,122.00133672429922,122.6785888671875,9178838
2020-05-06,123.74282472358344,126.93555928391496,120.93708292347604,125.67781066894531,8703337
2020-05-07,126.74206903282075,129.01569220686142,124.42008283353395,124.95219421386719,5890404
2020-05-08,128.58030898986257,128.58030898986257,125.14570742256909,125.91969299316406,5882098
2020-05-11,128.67705629766297,130.99904238587325,126.8388185413988,129.01568603515625,6546304
2020-05-12,127.4676925078174,133.36942838864275,125.91969185496306,132.49867248535156,7708941
2020-05-13,138.83576466427962,141.73825451788827,135.06253375971912,136.51377868652344,11157101
2020-05-14,135.30442223614364,135.44954083905412,130.61205723765934,132.59542846679688,8704139
2020-05-15,134.48204008686076,135.93328512376934,132.2084169572395,134.28854370117188,8090978
2020-05-18,133.99828564707232,134.28853759381914,125.4843121985196,128.14492797851562,7009940
2020-05-19,130.12828907007517,131.04740786187105,126.1615472155967,127.17742156982422,6068689
2020-05-20,127.75792012731019,137.19101132347652,126.50017168192291,134.72389221191406,11788743
2020-05-21,134.48205507035448,136.41704866848906,132.1600686577248,134.09506225585938,5864536
2020-05-22,133.03079475544726,135.4495364782736,129.499437745252,130.75717163085938,6331378
2020-05-26,131.33766391900602,133.369412691392,130.17667094742544,132.30516052246094,4595672
2020-05-27,133.03079997516915,133.70804473156795,130.41856176458606,133.17591857910156,4864921
2020-05-28,132.4019312719116,141.20614251533047,132.2567979070534,139.36790466308594,8686378
2020-05-29,135.44953822536985,147.8818767461868,135.44953822536985,145.7533721923828,15478799
2020-06-01,148.02699101385633,153.39660050319898,145.89850128517685,147.25299072265625,13138735
2020-06-02,148.02698641142683,153.68684767934758,145.51148923394493,152.09046936035156,10651414
2020-06-03,152.91284491572208,157.7503280528039,149.67172530874646,150.92947387695312,16147229
2020-06-04,148.07537017846414,153.15472776053514,147.68836264784778,151.2681121826172,11047021
2020-06-05,148.02698641142683,153.15472157301556,143.96350346250213,152.09046936035156,24856656
2020-06-08,156.734454665633,158.23407740049305,147.1562438967529,147.97860717773438,13212637
2020-06-09,148.99448275642476,153.15472126647478,147.0111116892446,148.36561584472656,10649535
2020-06-10,148.99449739661515,153.3966104995354,148.36563042312451,151.7034912109375,7195413
2020-06-11,151.65509253354807,155.76695309665863,144.73749772662214,145.85011291503906,13544700
2020-06-12,140.2870286626516,149.81687754934947,139.12603551594026,149.04287719726562,11237376
2020-06-15,148.36563878095242,149.38149860107433,140.48053107788184,141.15777587890625,11614920
2020-06-16,145.12448923131302,146.47897855900803,139.02925773103257,141.8350067138672,8630991
2020-06-17,141.5447694727594,147.05949768331826,140.2386430289935,145.17288208007812,7838504
2020-06-18,144.59236528179645,145.31798773864335,141.25450493286598,142.8992462158203,6470562
2020-06-19,143.67326071734226,157.1698368018603,143.67326071734226,156.5409698486328,22606656
2020-06-22,159.153211696122,159.153211696122,153.1547349373445,154.7510986328125,12877819
2020-06-23,156.73445761313627,164.716304991583,154.3157159833039,163.16830444335938,16147689
2020-06-24,163.1683015572225,165.6837987128847,153.68684634625043,154.84783935546875,13866743
2020-06-25,154.60597450028519,156.15396035145167,151.46161024790666,152.13885498046875,10615968
2020-06-26,153.9770785947655,153.9770785947655,147.39811349896775,149.3814697265625,10524946
2020-06-29,149.18799820045476,150.2522505470152,144.83426275824598,146.5757598876953,5370205
2020-06-30,148.02697430226212,149.38146358682565,142.4154912781079,143.2378692626953,6991814
2020-07-01,143.62486670030816,147.54323086603708,143.0927406200293,145.36636352539062,7325712
2020-07-02,146.2855032448883,149.09125263150486,145.12451011652183,147.8818817138672,5754433
2020-07-03,148.99449351917613,149.72011605254875,144.64075831894047,146.33387756347656,6698888
2020-07-06,148.02698928386667,150.92947926982484,147.30136678737713,149.81686401367188,5813548
2020-07-07,149.04287515410337,150.2038682848992,145.12451042019245,148.07537841796875,7492628
2020-07-08,147.54324574468419,149.47823913149972,140.86752446530178,141.64151000976562,12826654
2020-07-09,144.0602355328076,146.09198426547115,139.9000120295486,141.25450134277344,19957900
2020-07-10,140.77076434605013,144.59237320906468,139.94838627807277,142.9476318359375,15581405
2020-07-13,144.01189700841357,144.35051201290068,137.04590860464273,138.25527954101562,13687808
2020-07-14,139.31952560106436,140.23864451878353,134.77229403748413,135.352783203125,13082474
2020-07-15,136.41702992080346,137.96503049170244,132.063294923331,132.643798828125,13326740
2020-07-16,132.83730570752877,135.69141814554672,130.12831187576495,134.0466766357422,13656677
2020-07-17,134.4820515444605,136.70729707653896,132.83730998173436,136.1751708984375,7461988
2020-07-20,137.3845421697403,139.07766152746598,135.06255581284822,136.36866760253906,8746550
2020-07-21,137.86827267636494,142.56063733574405,137.0942724035111,138.64227294921875,13694418
2020-07-22,139.31953156051222,141.68989563796907,136.61053771649208,138.06178283691406,9775312
2020-07-23,138.06177541093115,139.6581538152276,136.9007823296061,138.1101531982422,5731413
2020-07-24,137.38451447058372,137.77150719776472,132.45027600348155,134.38526916503906,9430566
2020-07-27,134.7239085064166,134.86902709877913,130.1282994191241,131.77304077148438,8219123
2020-07-28,132.3535621801284,137.48129805598433,130.8055614302299,136.56216430664062,9789458
2020-07-29,135.20767251923306,138.25528141507164,133.80480516659037,135.30442810058594,7614355
2020-07-30,135.5946429270874,137.0942656134375,133.32103476904513,135.54627990722656,8828387
2020-07-31,136.36866790361063,138.11016505653913,134.48205213911692,136.56216430664062,7720316
2020-08-03,135.59463920187716,137.09426184702792,133.51452746890513,133.99827575683594,5813192
2020-08-04,134.4820181705847,138.932508130281,133.80477354962886,137.9650115966797,8786634
2020-08-05,138.35202705328115,140.4805168246122,136.41703366792058,137.91665649414062,8805210
2020-08-06,136.90078192606254,142.65738429123596,136.41703358003403,138.01339721679688,14873713
2020-08-07,139.2227667904476,139.2227667904476,136.41703231463933,137.23941040039062,10489309
2020-08-10,137.86827599593755,145.41475300301755,137.77152042344093,143.81837463378906,14527334
2020-08-11,144.15701569536398,145.5115052397191,141.06102904910313,141.78665161132812,6255637
2020-08-12,140.7707770716474,143.28627452582552,139.8516581120615,141.78665161132812,5257547
2020-08-13,142.22200933930836,144.1570026636527,140.96426072591905,142.9476318359375,7889782
2020-08-14,144.06023525979478,144.8826132602254,135.7881512879194,137.81988525390625,9986928
2020-08-17,139.8032662416673,142.70575619824172,137.09427266296572,142.36712646484375,8642516
2020-08-18,142.22201349609117,155.13810021872447,141.83502072504248,152.04209899902344,39197183
2020-08-19,151.99375231984914,154.70273153416355,150.54250712811088,152.4291229248047,9439687
2020-08-20,150.92948390771437,159.20158357445277,149.96198721599828,155.6702117919922,17796868
2020-08-21,157.07309558161188,158.66945923586587,155.28322077656384,156.4442138671875,10424330
2020-08-24,157.21820562249135,161.5719405474219,151.89697404757626,152.57421875,28388350
2020-08-25,152.86448321581918,157.169840708256,149.67174105684714,151.3164825439453,14665726
2020-08-26,152.38074231147766,156.2507294178009,151.02625272939622,154.7994842529297,10613576
2020-08-27,156.68608700385448,175.93928011677053,155.57347170830718,170.1826629638672,76444741
2020-08-28,170.27940504390926,173.85913958374425,166.50617413272607,167.42529296875,25128213
2020-08-31,169.0700330210397,170.8599076591542,151.8485903673327,153.20309448242188,20605993
2020-09-01,153.6384775970851,156.54096767223345,148.22049021834366,155.6702117919922,17246779
2020-09-02,155.67022784511093,158.52435519026088,150.63924748194492,155.86373901367188,16987780
2020-09-03,155.86371042379068,157.16982199502195,152.52583529515945,153.4933319091797,7922397
2020-09-04,150.92947926982484,152.38072426280394,148.12374485519626,149.81686401367188,10265412
2020-09-07,150.92948864651777,151.60673339941724,144.73751553025355,147.20462036132812,11200977
2020-09-08,147.78510501499778,148.8977201950865,144.39886692954775,145.36636352539062,7800724
2020-09-09,144.15701537284815,146.43063863453128,140.33540617291223,145.2212677001953,10110075
2020-09-10,146.28548980931302,148.26886088464204,142.70575517445155,145.3179931640625,9723095
2020-09-11,145.02774991073682,151.80022683342577,144.30212738330584,149.2847442626953,17319975
2020-09-14,150.92947313076155,154.12221493801613,149.47822819681193,150.63922119140625,10567394
2020-09-15,152.2924834165311,154.6264618101112,148.93736907203464,151.2713623046875,8587437
2020-09-16,152.0979847616938,159.68343739344158,149.86126147563934,158.85682678222656,17795601
2020-09-17,157.5439339287163,158.61368262558946,152.04935204522627,152.5355987548828,10347762
2020-09-18,153.65397135416669,161.77429792781672,153.07046932478747,156.8145751953125,19610622
2020-09-21,157.20355132119658,157.98154900478858,145.8740092083129,147.72174072265625,15159129
2020-09-22,147.72175815867215,148.64563886396363,142.47029914295697,144.8529052734375,12105412
2020-09-23,145.87401118328793,150.0557358050232,138.58031062412354,146.31163024902344,23504074
2020-09-24,143.92903645833334,144.26941511531672,140.42805396020412,142.2271728515625,9215076
2020-09-25,145.5336238241609,148.79148248077354,144.12351143513115,147.18687438964844,11733841
2020-09-28,148.79151172028867,154.04297090419877,148.45113304542974,153.3622283935547,10507683
2020-09-29,154.1402172295716,154.5778363296012,148.79150306703127,150.5906219482422,8313533
2020-09-30,151.2227540391061,152.29250292935342,147.67315835259615,148.45114135742188,9738929
2020-10-01,149.2777464793695,154.33470951606785,149.2777464793695,151.61172485351562,9336209
2020-10-05,152.68147285018273,157.39807205538747,152.48697712646836,154.8695831298828,8518857
2020-10-06,156.4741873296341,160.9476630540772,155.30719817862743,158.41917419433594,12822886
2020-10-07,158.1760475482067,159.1485409603422,152.73009334369115,154.33470153808594,6956925
2020-10-08,155.4044647216797,157.49531981715683,153.36222243008595,155.4044647216797,6656052
2020-10-09,155.1127064212872,158.17605487579647,151.51448359751072,152.6814727783203,13048412
2020-10-12,154.04294127317354,155.74480464195764,150.83372507758025,151.56309509277344,7747619
2020-10-13,151.75762139755855,155.06409353088844,150.34750871831707,150.83375549316406,6683490
2020-10-14,150.63922486989904,155.5016919714332,149.13187193968105,154.7237091064453,10159928
2020-10-15,155.7448189985973,156.376948640144,150.10436889908704,151.17410278320312,15676743
2020-10-16,151.70899128939533,159.732062944123,149.520880838106,158.07882690429688,12349164
2020-10-19,159.6834157681075,163.23302563614328,157.3008098692775,160.16966247558594,12902014
2020-10-20,159.58618051567964,164.54588818967838,158.75955515047698,162.84402465820312,15771594
2020-10-21,163.57341606298874,169.40837750285093,160.5100672426908,167.36614990234375,18718295
2020-10-22,168.97072844574416,170.2836004728937,166.10187588023507,167.75511169433594,15889305
2020-10-23,168.58174935156862,169.21386417290728,165.90739230285888,166.588134765625,8487199
2020-10-26,168.14413737469928,168.14413737469928,160.0238247244064,161.62843322753906,9246577
2020-10-27,161.72565918352024,162.60089732843343,159.2457979875035,160.5586700439453,8439659
2020-10-28,160.6072938690583,161.43391927083334,150.93098661551875,151.708984375,15046056
2020-10-29,150.6392398875389,151.9034844277882,146.4575296345909,148.88876342773438,14280083
2020-10-30,148.88874648214397,154.91820263508987,148.30524450257073,153.94570922851562,15148639
2020-11-02,155.89070151386855,166.19912308196712,152.34109155182819,160.2669219970703,29960943
2020-11-03,160.26690529645555,164.3027467192245,158.22466334814433,159.14852905273438,10843695
2020-11-04,159.14855576419228,160.1210492667882,155.64758805829092,158.3219451904297,8663963
2020-11-05,160.51005553240935,162.69816591272038,159.68343011977367,161.2394256591797,13322658
2020-11-06,161.14216407476303,164.5945188410154,160.16967061041436,163.28164672851562,10144658
2020-11-09,165.22663502657176,169.84597902051203,164.4486521199032,168.046875,12011067
2020-11-10,169.74873173738627,176.9451772076287,167.26887051484593,175.53506469726562,15500699
2020-11-11,174.5625772220727,178.74430209548564,172.4230945637671,177.86904907226562,15718886
2020-11-12,176.9938007460224,180.640651036119,174.27081622826924,177.62591552734375,13342624
2020-11-13,177.86902896018626,180.68926859735146,175.5836784759571,179.57089233398438,10070735
2020-11-14,180.7865380446463,181.66179110937193,177.96631279392386,179.52230834960938,1702545
2020-11-17,180.34890382322547,185.45449433631774,178.9387913159954,183.1691436767578,13319247
2020-11-18,187.20500701064364,189.1499940964685,181.17555001240132,185.50314331054688,21293362
2020-11-19,184.6764929371684,195.32530766602002,177.67454334108527,179.81402587890625,32676477
2020-11-20,181.8562856022693,183.8012726140583,175.04883106100792,176.9451904296875,12984806
2020-11-23,178.890163546483,182.2452629134026,176.11856617340683,180.9810333251953,11222797
2020-11-24,182.82876594966194,186.1352376961014,181.12690243683264,184.28750610351562,11941881
2020-11-25,185.9407460338343,185.9407460338343,177.09106447747132,177.8204345703125,12845778
2020-11-26,178.89017232833376,181.32140602357904,174.7084474046973,179.3764190673828,10173802
2020-11-27,178.93879000246082,184.67649526799786,178.93879000246082,182.05076599121094,16434212
2020-12-01,186.71873915323812,192.06745303523192,184.3847608494515,189.7334747314453,19225092
2020-12-02,189.39310134099568,196.73542993204262,188.66373124597257,195.3253173828125,16010211
2020-12-03,196.44368995704087,199.3125428574107,193.62346470021765,197.4161834716797,14752672
2020-12-04,198.0969130959206,206.41173507377403,197.46479828809632,205.4878692626953,21352652
2020-12-07,205.1961116953655,205.48786268928706,199.9932659608258,202.42449951171875,9525344
2020-12-08,202.08414498494813,205.5364997533441,198.63179021655213,200.8199005126953,10544417
2020-12-09,202.1813735236392,208.0649616079931,200.67402061297327,206.36309814453125,12745554
2020-12-10,207.48149276986388,213.46232181914462,201.93826798576202,211.9063262939453,14237563
2020-12-11,212.34395134863692,215.4072997892432,206.94660971793166,212.7815704345703,21193126
2020-12-14,212.24667810444532,212.63566951700366,206.4603455179803,207.62733459472656,7492250
2020-12-15,207.62734695000958,209.32921044959983,201.69513110152332,208.64846801757812,12419020
2020-12-16,209.71822519017488,233.78744021620622,208.59986355893827,228.9249725341797,69126114
2020-12-17,228.8277180862916,231.06445605101436,224.64599316773564,227.855224609375,22292093
2020-12-18,227.51484977893233,227.8066007947231,222.0202674776771,225.0349884033203,9591145
2020-12-21,222.7009896830555,228.04970340906775,202.57037917296918,208.89158630371094,17768901
2020-12-22,209.18336967523837,215.6990735277647,204.22364660770728,213.31646728515625,19728934
2020-12-23,214.3861761935009,224.15973824759897,211.71181922959246,222.5551300048828,17973779
2020-12-24,223.6735017401498,226.8341055690867,218.130291838752,219.8807830810547,12434884
2020-12-28,224.6459788804485,232.4259262009835,224.35422788811405,226.78546142578125,27762006
2020-12-29,228.39008949274572,229.94607008766894,222.31200551475132,225.08360290527344,11576761
2020-12-30,226.10472421686583,230.48094468557937,222.21475046689827,229.45982360839844,9073150
2020-12-31,231.06444262387728,231.84242548894377,225.27809490120944,226.44509887695312,11989362
2021-01-01,226.44510918644565,233.83605061457263,226.10473053817847,231.7938232421875,10012441
2021-01-04,233.2525465239758,238.26088156825122,226.7854565493946,237.58013916015625,17172770
2021-01-05,235.29479174640207,240.15725908912196,232.91218571628386,235.1002960205078,17130907
2021-01-06,235.05165518872516,237.67738443862967,228.19557365242255,234.41954040527344,12995777
2021-01-07,238.1636403591651,242.4426204496118,235.92691729176227,238.64988708496094,16159966
2021-01-08,241.08113224711474,245.50598063135325,239.13614525088445,241.4701385498047,15045597
2021-01-11,242.15087164173016,244.09585856254728,236.80215760948312,240.15725708007812,13389039
2021-01-12,238.45539291208985,270.6935599453002,238.26089718832205,260.19061279296875,55656650
2021-01-13,264.3237169511538,284.69746730228536,260.8713769558943,272.7358093261719,53194247
2021-01-14,273.7569012152736,277.9386111032546,269.47793604842576,273.8541564941406,18052699
2021-01-15,273.8541913920741,279.00839536924934,267.14399178917574,271.7633361816406,18616023
2021-01-18,270.3531756505508,274.82665139910245,261.4062241534474,269.52655029296875,14493618
2021-01-19,271.8119106622716,291.26177904597614,271.03392779818097,281.05059814453125,45630675
2021-01-20,283.044196182651,286.8855570379763,279.786366989311,282.4607238769531,15773901
2021-01-21,285.6213479970525,289.803058105164,271.56880528814446,274.9239196777344,16708249
2021-01-22,276.67440405478254,277.1606508105906,259.0722655589017,261.98974609375,24757381
2021-01-25,266.6090515160979,271.0825269548376,258.1969897991368,262.52459716796875,19016825
2021-01-27,262.23284762894224,262.23284762894224,250.07667974629013,251.63267517089844,18254885
2021-01-28,245.31146800015622,255.5712618272202,244.63072556618627,253.82078552246094,18465673
2021-01-29,257.71076198911055,258.19700870984474,246.28396405185754,248.42344665527344,14687473
2021-02-01,251.38955383223967,281.7313609822823,247.9858267977606,273.90277099609375,34749840
2021-02-02,277.45237085212443,290.77554305745304,271.1798058739928,286.3993225097656,27644084
2021-02-03,291.74800301691954,293.10948776203685,277.79271760364855,281.9744567871094,24568816
2021-02-04,279.1056123503512,303.70968407652873,277.88999557182177,296.36737060546875,43148676
2021-02-05,299.1876485989746,306.23822716349883,289.9003466369644,296.90228271484375,29462092
2021-02-08,307.35656749657636,310.128179985594,300.98674676267996,304.4390869140625,24557444
2021-02-09,305.8491816318773,312.17038888341057,295.832511243013,298.55548095703125,21572096
2021-02-10,300.5004638887568,307.25930496398473,299.57658327738835,302.8344421386719,20575150
2021-02-11,302.8830742454823,306.8216605524741,299.9169516376932,301.132568359375,13808073
2021-02-12,303.4179280272654,307.6968928715087,300.1114565420839,303.1748046875,16500467
2021-02-15,305.84920247395837,316.8383670349916,303.41796875,308.5235595703125,23007953
2021-02-16,310.1767900319986,319.1723542207017,306.82167584171117,310.22540283203125,19300639
2021-02-17,309.93368271344167,312.70526537789164,304.5849685947344,306.2381896972656,12470386
2021-02-18,308.2318023388118,308.5721512943993,296.3187579052181,297.82611083984375,13038811
2021-02-19,298.2637902072514,302.4455006928383,284.98922921567396,292.3315734863281,20551420
2021-02-22,291.7480200670972,296.12424036810364,283.09283474073527,286.01031494140625,11647381
2021-02-23,288.14981485104846,302.1537451234383,288.0525892426639,296.99951171875,21574486
2021-02-24,298.9444511584318,307.30789994054334,298.60407254881864,304.5849304199219,11726034
2021-02-25,308.28042423989706,310.2254111436188,304.7308290762338,306.043701171875,10043934
2021-02-26,295.6380003873967,302.1537181882449,292.03976285352934,294.17926025390625,16598725
2021-03-01,297.38848881089376,302.1537305172508,293.6930255265201,298.84722900390625,8238981
2021-03-02,301.18124977942267,306.28684067066536,299.0903650052538,304.9739685058594,8429333
2021-03-03,307.55107434672897,319.5613752015112,306.3840702566052,315.28240966796875,20023351
2021-03-04,310.22539915244533,323.5485707992154,307.7941656167678,317.4218444824219,20355344
2021-03-05,313.67773654551735,315.67136583668304,303.80693440044456,309.35015869140625,15748456
2021-03-08,311.97588926819355,314.35851011012386,305.75193707635225,307.5510559082031,6273645
2021-03-09,310.51713414712464,312.55937624510415,300.06282998270996,302.8344421386719,7976670
2021-03-10,305.7519471893708,307.6969341685375,302.93172200520837,305.6060791015625,4810951
2021-03-12,308.37763920198444,313.385973888626,297.72882542512536,300.0141906738281,9498938
2021-03-15,302.1537286966194,302.1537286966194,288.5388203105394,295.8811340332031,9489942
2021-03-16,297.3884853096282,298.31236595891704,293.3040306241681,295.83251953125,5444765
2021-03-17,295.8325057187395,297.7774925290451,281.536840791736,283.1414489746094,7754321
2021-03-18,287.4690588466688,290.14341573268155,275.02112535215974,280.2726135253906,10848676
2021-03-19,277.16065041731247,281.4882584091222,270.11007246810016,279.49462890625,9077585
2021-03-22,280.9533246671663,285.81579144810775,276.4312364965192,284.2597961425781,8212537
2021-03-23,285.81580890876796,294.3737687729209,284.60019213926984,289.7544250488281,11946828
2021-03-24,286.8855750284045,289.21955343198954,275.11839804923744,276.3340148925781,7392963
2021-03-25,277.1606235986152,277.8413808611676,262.5732223565828,269.38067626953125,10184085
2021-03-26,275.0211246548936,276.4798647708385,269.42928754377135,271.5201721191406,7720066
2021-03-30,274.1945324360415,276.6257659930976,266.94944456475685,271.6174011230469,7730360
2021-03-31,270.69359013682606,280.41852580060174,266.51184999451345,279.1542663574219,8921131
2021-04-01,280.1753518311606,285.5240654806761,275.70187629775535,283.7735595703125,7372090
2021-04-05,281.050586621182,281.050586621182,264.66406724414543,269.1375427246094,10716857
2021-04-06,271.90914651987146,276.62574520168573,268.16504118778624,271.1311340332031,8462492
2021-04-07,272.2495785292048,277.6469058076211,270.8880638300119,275.31292724609375,7382197
2021-04-08,277.1606428049576,279.2028850559917,271.8605414484816,272.7358093261719,6174083
2021-04-09,271.86053466796875,277.1606358922541,270.4504369589128,271.86053466796875,7211615
2021-04-12,263.5457291541495,265.3448480009785,237.28840558528594,239.81689453125,18657763
2021-04-13,241.76188538642018,251.3895649156455,239.33065168317407,248.6665802001953,16183485
2021-04-15,249.05557811314674,251.6812926173856,239.23338834701045,241.17837524414062,10700910
2021-04-16,242.53987329841274,247.83997475197094,239.6710204372762,245.5059814453125,9010453
2021-04-19,237.2884031593683,238.06640089163974,228.58458969982073,230.2864532470703,12812162
2021-04-20,233.39842274632431,234.80853524926894,225.66710296066674,227.95245361328125,12162782
2021-04-22,227.17449472295235,241.9563934228059,225.47263104410897,240.20590209960938,12569022
2021-04-23,237.28839906321943,241.51875145755736,232.425931869301,235.29478454589844,7740849
2021-04-26,236.36451764342434,241.37285258654254,235.975511390176,240.01136779785156,5940387
2021-04-27,240.2058700568244,247.59682584035536,239.47650000604457,246.72157287597656,10632521
2021-04-28,248.4720719149361,249.7363015054765,242.8316070406378,243.99859619140625,5698980
2021-04-29,246.04083436746873,247.49957449217706,240.78937585414758,242.44261169433594,5746596
2021-04-30,238.45537756311873,247.499569107351,236.46176313491122,240.49761962890625,6442696
2021-05-03,237.28841062216085,242.10225041082043,235.10030027830896,241.0325164794922,6028248
2021-05-04,243.6095992802369,247.40231764477952,238.260885523585,239.13612365722656,6949282
2021-05-05,241.9563759612868,246.52709225822034,240.0113890401174,241.61599731445312,4866052
2021-05-06,243.12337239583334,244.43624454240006,238.40677303572497,243.609619140625,3591055
2021-05-07,245.7977128765126,255.27952375898934,243.36647931690317,250.8546905517578,17385575
2021-05-10,253.14003766102928,259.80162384750804,252.6051781252849,258.780517578125,10608802
2021-05-11,256.6896381073626,264.226461760819,254.7932641555585,258.1969909667969,9244129
2021-05-12,261.60077104913523,263.54575819448195,255.8630649059921,258.0025329589844,7118778
2021-05-14,260.5796283522114,261.6979898692905,243.12335928433814,243.65823364257812,9188880
2021-05-17,245.9435876566331,254.11252670390252,243.5123540307705,252.11892700195312,8266248
2021-05-18,254.79330020872905,258.0997722147397,253.57768331842024,254.696044921875,6221518
2021-05-19,254.89053111663299,260.4337257993755,253.91803769739985,257.7593688964844,6331207
2021-05-20,256.78687814389554,261.7466005691183,254.20977649179417,259.9961242675781,7035433
2021-05-21,262.475982642337,268.35958596569964,259.80162558939367,261.0172424316406,11798677
2021-05-24,263.44849200023435,271.17982745432874,260.2392752144673,269.4293212890625,11223254
2021-05-25,272.3467898865541,276.6257849832376,269.866943359375,271.32568359375,12889490
2021-05-26,272.2981852312115,284.79473288191616,270.6935768610141,283.19012451171875,17184211
2021-05-27,283.8221950797913,284.2597992880331,274.09726141029796,275.6046142578125,9088297
2021-05-28,278.1331295559186,280.6616184875105,275.70189590595425,278.42486572265625,6276190
2021-05-31,278.42489270378525,282.6552456003001,276.4799055953323,280.5157775878906,9776560
2021-06-01,282.0230828894847,282.0230828894847,272.7357828931744,279.3973388671875,5328784
2021-06-02,273.61104513209676,284.6002095285481,273.61104513209676,282.8983459472656,9157000
2021-06-03,285.5240902980486,294.6655230306986,283.9680948018613,289.4626770019531,12795761
2021-06-04,290.6782963909417,294.03341078152647,285.57270560066235,288.7819519042969,7966626
2021-06-07,290.58101822194664,295.83250636373623,288.0525591055514,290.4351501464844,5565442
2021-06-08,290.87280700112314,298.1665081311506,288.49018609405584,296.0756530761719,8230268
2021-06-09,298.40963757919627,299.52799917294647,286.69107305141875,289.6571960449219,7726753
2021-06-10,291.4562872107479,308.329024152718,290.289283246039,305.0225524902344,13347991
2021-06-11,307.89145685975944,307.89145685975944,300.54911291744094,301.5216064453125,11748668
2021-06-14,305.3143411434692,305.36295394640615,282.6552251615777,290.9700622558594,22458184
2021-06-15,293.0122682722141,302.3482114444091,291.9425492063737,300.30596923828125,10001848
2021-06-16,299.47935554892956,303.3206866867644,296.0269861588133,297.68023681640625,11292445
2021-06-17,294.6169102172959,297.87473961707764,286.6424518484721,288.7333068847656,6906253
2021-06-18,290.67827145916283,290.92139480927557,274.72938562739574,286.73968505859375,12563202
2021-06-21,280.2239777488633,295.8325152091808,279.2514843125125,294.2765197753906,8469243
2021-06-22,296.6105056150084,297.43713099251534,287.469073016929,288.63604736328125,6275951
2021-06-23,290.28929800923953,292.3315402122702,284.16260107829254,284.98919677734375,5070124
2021-06-24,287.08008999625844,287.32321336865425,280.4185036569834,282.2662353515625,3432955
2021-06-25,282.9956012736598,288.2470601039337,282.2662311672844,285.8158264160156,4304141
2021-06-28,286.3993445919689,289.0250889942917,284.1626213441734,285.4754638671875,3238770
2021-06-29,285.32958217271675,288.19844982079724,277.1606428455303,279.3001403808594,7969215
2021-06-30,281.0505810119003,281.09919380863863,272.6871321811081,273.3678894042969,7442177
2021-07-01,274.82665583405253,278.08451483818726,271.7633073918329,272.5412902832031,4909910
2021-07-02,275.21564149216493,277.9386112328438,272.930275989375,276.0422668457031,4885936
2021-07-05,278.0845136596066,286.399320778698,276.6743862870614,285.621337890625,7189626
2021-07-06,286.59383895922343,288.49018342862223,281.58547382036147,282.8983459472656,5099406
2021-07-07,282.6065897850306,290.28928175859073,281.82857725316336,286.7882995605469,7795807
2021-07-08,287.76081153045465,290.4838110504376,279.10562559231505,279.9322509765625,6407941
2021-07-09,281.9258411468714,295.6380045294242,279.3973522777672,292.0884094238281,13119855
2021-07-12,294.6169029746899,304.3904502900617,292.4774055103389,302.3968505859375,23057943
2021-07-13,305.31431073526903,309.93365432375145,302.8830772676467,305.55743408203125,16548982
2021-07-14,305.1684366318439,307.0161979529321,301.81335199342925,303.22344970703125,6841291
2021-07-15,303.4179433328506,315.0878642302679,301.8133351450844,313.72637939453125,12763481
2021-07-16,315.96313049843036,327.38992906137344,312.26766708975833,321.7008361816406,29757038
2021-07-19,316.93564233603905,329.48080320833986,315.5255444939744,322.13848876953125,23622887
2021-07-20,324.2293191099982,324.47244247910857,311.97589537120496,313.5318908691406,11504064
2021-07-22,318.6861183213721,325.54218533468315,317.032867570147,321.4090881347656,9250040
2021-07-23,322.8192417405481,326.27158192844246,316.0603997816507,324.9587097167969,11705345
2021-07-26,324.9586715516565,331.71751271675413,323.0136847045083,324.7641906738281,11540718
2021-07-27,328.7027790737435,335.0725991638261,319.60995957498005,327.73028564453125,27226565
2021-07-28,329.3349056695432,330.16153104962643,317.4218607347629,322.91644287109375,12956787
2021-07-29,326.56328351754996,332.3010185250862,323.06233089496806,330.6963806152344,13771413
2021-07-30,329.48072711238575,335.02395094411077,327.0008810013273,328.36236572265625,9615942
2021-08-02,330.6477905525351,345.1379377911199,328.65419074546224,342.1718444824219,20614630
2021-08-03,344.214068148543,347.0829060162372,340.90756667939127,345.38104248046875,14244303
2021-08-04,346.2076598987804,349.3682635354968,336.92035954522527,340.8103332519531,8722938
2021-08-05,341.63695271930874,344.1168289369734,336.1910128930606,341.3938293457031,9899381
2021-08-06,340.2754678034953,343.5333269458295,331.62028163772925,333.3707580566406,4741644
2021-08-09,335.51023339772416,339.93506663359585,329.8211408957861,332.83587646484375,6125876
2021-08-10,334.05150321783555,336.2396135009218,321.1173520824059,325.0559387207031,6133189
2021-08-11,326.1742813171265,326.9522938461419,314.1153690597493,322.43017578125,9652285
2021-08-12,323.5971900850984,329.04315924980784,319.950339708482,324.8614196777344,6584207
2021-08-13,325.68804750628317,329.28628510980457,320.24207830020123,323.4513244628906,5586335
2021-08-16,323.3540707524581,328.7027847047544,319.1237183272857,320.58245849609375,5652582
2021-08-17,320.53382317290556,323.888907518534,311.8786380484256,316.4007263183594,6982467
2021-08-18,318.00537532935147,323.743081058686,315.08789482174274,318.1026306152344,6497642
2021-08-20,312.1703784535232,316.4007306392229,298.0692242866195,300.5004577636719,7814607
2021-08-23,307.25438680006386,309.6525295619662,297.80869385664045,300.10894775390625,6842918
2021-08-24,301.6750835806678,309.70146276154856,299.81528474479825,308.5268859863281,7875017
2021-08-25,308.13531437896984,310.9249826151272,296.58514573459973,300.7940979003906,10506390
2021-08-26,302.45810156147206,304.9051735805778,298.7874935328134,301.0387878417969,8282325
2021-08-27,302.45814344671686,307.64592489704563,301.7240217393219,305.1988525390625,7456521
2021-08-30,305.4435557701803,314.1061977781622,305.4435557701803,313.02947998046875,6860250
2021-08-31,312.3442963927389,317.04266299008145,310.8760530971336,313.7635803222656,9726975
2021-09-01,315.81912581460307,327.90766821410693,312.4911136637422,325.8031921386719,14296207
2021-09-02,327.66299396897364,333.87856383185397,324.0413148727,331.7251281738281,12204919
2021-09-03,333.63382419555495,339.26209016232104,331.2356815306862,336.4234924316406,10190223
2021-09-06,337.4512725918407,341.41551779769634,334.31900807676567,338.1853942871094,8448657
2021-09-07,340.3388048636848,340.3388048636848,327.2224743082785,328.9354248046875,7523534
2021-09-08,329.7185203463712,330.3547531559296,322.6220108341327,327.6140441894531,5673475
2021-09-09,324.6775564105827,327.4182653679075,322.7198986206401,325.9010925292969,3618505
2021-09-13,326.4394068151823,334.02533006201185,325.21587080762913,332.4591979980469,6333561
2021-09-14,333.7806654419218,337.69598116558075,333.7806654419218,335.0531311035156,6832136
2021-09-15,335.1999816894531,338.13646850277644,333.8785566491599,335.1999816894531,3455110
2021-09-16,336.7171331515648,337.3044364511265,332.4102920739235,335.1510009765625,3236430
2021-09-17,335.5914836796453,341.21974967587033,324.8732956165004,327.6629638671875,9901964
2021-09-20,322.03471672128967,330.3058330963132,313.323145252367,316.1617431640625,5888573
2021-09-21,317.4831609546793,326.5373283157662,312.7847642930606,323.69873046875,12090071
2021-09-22,325.8031983876131,365.8372935691055,324.04128848231466,361.2367858886719,42525950
2021-09-23,364.3201357412865,404.0605659708647,362.1667001700585,393.3424072265625,76461998
2021-09-24,395.8383824537528,409.4440975456027,389.28024705699073,401.76031494140625,43795780
2021-09-27,405.38196893807367,418.8408658475149,403.0817151283446,411.1081237792969,32580196
2021-09-28,410.1293361122279,410.66768009408975,388.5950988939248,401.3688049316406,21272633
2021-09-29,396.6214782140255,411.9890738655835,396.42570048741214,402.15185546875,17273596
2021-09-30,404.1584494208107,411.89119180597396,399.50901211607163,408.367431640625,12248397
2021-10-01,410.12931172329945,413.8978089867013,402.4454988348542,408.367431640625,11265711
2021-10-04,408.36739789004304,422.5114564936475,405.77347760564294,415.4149475097656,13898131
2021-10-05,412.57637467319245,414.7787396625511,404.69681410430394,406.8502197265625,6736683
2021-10-06,407.04600703871114,410.5697970789745,397.7471324201902,399.4600830078125,7205982
2021-10-07,405.3819604770205,419.8196859512616,405.3819604770205,413.653076171875,16871779
2021-10-08,414.9745408928869,416.3938249324167,403.7669375858479,407.0460205078125,7456612
2021-10-11,409.15048473636256,428.6291740880306,407.1928269146575,415.85546875,13587772
2021-10-12,417.27475253252925,423.196685363024,410.66765738768385,419.9176025390625,9631321
2021-10-13,422.65829300160647,426.5736084712702,416.9810975191886,418.4493408203125,6351171
2021-10-14,421.3858467484253,435.383088245829,420.30912897058937,425.69268798828125,12094977
2021-10-18,420.2112129244028,440.179345341063,419.917576218299,432.39764404296875,8330640
2021-10-19,433.62118036937426,435.5299085746735,401.6134650391128,405.6756286621094,8662895
2021-10-20,408.0737536094191,411.4996546853198,396.71933264070793,404.2073974609375,9537787
2021-10-21,406.214035866812,408.17169387098943,389.7207612073193,398.4812927246094,10677501
2021-10-22,402.29868745270477,409.63990437702415,398.1875940264906,404.892578125,8070605
2021-10-25,406.11609303548465,406.11609303548465,383.2115034040242,392.6571960449219,7158126
2021-10-26,394.4680626596284,408.3184861806997,393.83182982318476,407.0460205078125,5111958
2021-10-27,406.99703291290865,413.75097602497135,403.2774951489643,405.6266784667969,6585855
2021-10-28,405.72456147574104,406.21397590454166,385.854347615029,388.1545715332031,7192680
2021-10-29,394.37017688999816,401.12409065202115,379.98140928768635,390.1612243652344,15011614
2021-11-01,395.78945350201514,406.21397483369094,394.5169580675963,400.1941833496094,12418986
2021-11-02,403.27752312360354,422.7562130477517,402.4455125506285,420.94537353515625,19028658
2021-11-03,422.7072685471457,425.594795893652,413.35943458263984,420.5538330078125,11101084
2021-11-04,420.5538330078125,420.5538330078125,420.5538330078125,420.5538330078125,0
2021-11-08,425.9374033960202,434.6000454105967,418.6451457821814,432.8381652832031,7938150
2021-11-09,432.9849548252588,432.9849548252588,423.8818284490745,428.1397399902344,5558139
2021-11-10,425.74166295378626,429.5101305070377,420.89644771176455,425.3011779785156,4563617
2021-11-11,425.30114415975714,428.77597470084527,405.43093004058863,407.19281005859375,8079167
2021-11-12,409.639901275084,420.113382623066,409.493082912007,419.2813720703125,5871736
2021-11-15,421.38584611885915,422.2667861643223,411.35284978269584,415.0723876953125,3385226
2021-11-16,416.10016270273223,422.4625504202924,412.8210799816923,414.8276672363281,4307994
2021-11-17,412.5274637487856,417.61735625265965,406.80130854437493,409.1015625,3311849
2021-11-18,408.1716273691389,413.11470107573444,396.71931796198606,407.09490966796875,6773134
2021-11-22,408.2695411484249,408.66106673507113,385.9522242517369,391.9720458984375,5824237
2021-11-23,391.3847428506172,401.71137582898274,388.252478412328,399.3132629394531,5107281
2021-11-24,401.2708858018591,403.9626650507833,392.51035593403907,394.9574279785156,3762561
2021-11-25,396.42568683097375,399.949476688213,390.55271369273714,398.6280517578125,4585718
2021-11-26,391.58048593452907,393.2934364939478,367.06083416115854,368.8716735839844,11874170
2021-11-29,368.18649764836715,375.185118554043,355.41279200484297,366.9140319824219,9038035
2021-11-30,369.9973156255379,382.4773838113199,364.12434236164046,366.86505126953125,9984396
2021-12-01,371.95500413791586,377.6322001472147,367.40345545631556,374.9893798828125,7479832
2021-12-02,374.8425544128497,378.8067996701042,369.60581361107126,376.8980712890625,4819894
2021-12-03,376.849136017521,381.4985734099449,374.7446598036688,378.02374267578125,4410427
2021-12-06,378.02376689625333,382.2327195936307,367.0608702883777,368.52911376953125,6437207
2021-12-07,372.1507296499277,384.67972660869054,370.8782342598833,382.9178466796875,5299980
2021-12-08,386.73534258923655,390.3569919543081,384.6797957217687,389.2803039550781,4391196
2021-12-09,389.57392102256085,392.51040786443946,384.19036181245013,390.1612243652344,3237488
2021-12-10,389.5739073327309,413.06580124224234,387.2736534131271,410.2272033691406,13250517
2021-12-13,412.0380337369072,414.53403546110053,403.57113993006334,405.4309387207031,6510329
2021-12-14,401.56456613883694,411.64649210914484,396.81723988233733,408.1716613769531,5058088
2021-12-15,407.68226538145336,409.49310494748164,399.9984520044078,402.2987060546875,3224926
2021-12-16,404.25635346007124,405.77352637312976,394.4680640300453,396.5725402832031,4319280
2021-12-17,395.8383775044783,398.285449608081,380.8133488140605,381.93902587890625,4920357
2021-12-20,376.11498845375337,377.4853428798081,353.8955614423087,358.9365539550781,8769978
2021-12-21,364.12433953257283,373.27639543867,360.94314570601136,365.0052795410156,5075432
2021-12-22,369.01847638129556,372.4443773556577,364.12433213220675,369.26318359375,3998066
2021-12-23,373.3253357676875,380.66655250356814,372.19968850914995,375.57666015625,5739918
2021-12-24,378.6109960053505,378.6109960053505,367.35446396949123,371.5634460449219,4499625
2021-12-27,370.2419971521182,376.26178835557545,361.3346490123638,374.4999084472656,4183245
2021-12-28,377.43642377688303,381.74326489369395,374.89146270329434,377.6321716308594,3818062
2021-12-29,377.92585787519386,380.76445581312765,373.12960206675547,377.5343322753906,3119708
2021-12-30,374.5978372332126,377.09383901462996,369.1163893420249,371.17193603515625,2569747
2021-12-31,373.7658120353875,383.5051414224545,373.4232159547097,382.1837463378906,3949389
2022-01-03,383.7009207765991,389.3291868339089,382.2326774573009,386.3927001953125,3274712
2022-01-04,387.9099002331981,392.02099376434103,382.428482020326,386.0990905761719,4091503
2022-01-05,386.09904129526353,395.59366295828374,383.01570660471253,393.5381164550781,4327617
2022-01-06,391.3357648103754,392.3635530324089,382.7220828233047,390.5037841796875,5282381
2022-01-07,391.4336433193155,397.8449900815994,387.71410571223134,392.11883544921875,5075140
2022-01-10,396.5725240880782,402.9838713258135,396.5725240880782,399.3132629394531,6298597
2022-01-11,399.85158727605483,407.19280368871193,398.92168791519055,400.1941833496094,4585662
2022-01-12,412.0869630773472,417.7641586960887,403.27750305906665,408.7099914550781,12818775
2022-01-13,410.9123342990436,410.9123342990436,400.83040921488254,402.1028747558594,4584953
2022-01-14,399.3621954229118,410.1293134367648,396.5235975571935,408.5142517089844,5761279
2022-01-17,408.4163500233814,416.0022738404724,404.45210500949634,414.8276672363281,4584613
2022-01-18,417.86206442316,420.79855121442813,382.47740456267644,395.3489990234375,9435830
2022-01-19,395.348991337315,403.13069313148407,390.1612100555275,399.6069030761719,6237382
2022-01-20,399.7537064813564,401.6624347357506,394.81063261236767,399.2153625488281,4572029
2022-01-21,394.3212453471171,397.1109138067382,382.1348130678983,386.7353210449219,6994687
2022-01-24,385.65856310116345,386.24586637967553,357.81087064437605,364.12432861328125,7007990
2022-01-25,362.0687917703634,374.5978191853657,355.4616969210083,372.1996765136719,7324240
2022-01-27,365.10317355901196,369.3610851766919,354.3360558401135,366.22882080078125,7134303
2022-01-28,368.5290654216689,381.25384058895094,368.2354287125568,370.33990478515625,5280455
2022-01-31,373.52110982845136,383.8967020209197,373.52110982845136,382.62420654296875,4205414
2022-02-01,386.4416306148638,399.3621838041821,376.8980490166021,396.22991943359375,11931399
2022-02-02,399.3621803826846,400.34100925617156,388.7908404976199,391.091064453125,5265147
2022-02-03,391.92306981010097,401.07512563101193,390.30800816440757,394.7127380371094,8273002
2022-02-04,396.4257346524464,398.62809984496,388.2035772413603,391.04217529296875,4128681
2022-02-07,391.3357617242457,393.04871220930687,377.24063227861063,378.9535827636719,4851736
2022-02-08,380.56865307258556,383.6030285467945,368.4311810472362,376.40863037109375,5011220
2022-02-09,379.2962100383438,383.3583441199407,377.0449154499374,378.1705627441406,3351979
2022-02-10,380.56864272590843,386.2458679458989,373.9126185330762,382.868896484375,4747069
2022-02-11,378.3173986868414,380.51976387971433,369.11641229980347,370.58465576171875,4872433
2022-02-14,362.01985756715067,363.92855590924773,344.93928211904216,347.5331726074219,7374254
2022-02-15,350.42074866837237,365.3478894985195,340.3877523726997,363.6838684082031,10050051
2022-02-16,366.66928949524487,368.13753275547293,358.7407699157164,360.06219482421875,6547019
2022-02-17,363.0476446688878,363.0476446688878,354.72759875228746,357.85986328125,4698952
2022-02-18,355.80429424291583,359.2301952878958,350.0781393791521,352.0357971191406,3470414
2022-02-21,348.4631210261093,350.2250012624767,337.1086987487133,339.16424560546875,7926195
2022-02-22,323.99236039701924,331.18675866412053,316.40643655086546,317.483154296875,19176808
2022-02-23,323.16036880938833,338.13646952552824,321.98579200339947,336.9129333496094,16434369
2022-02-24,318.6088051163648,332.26348014137534,311.3165179047379,313.71466064453125,15926498
2022-02-25,327.9076704115446,344.0583467153968,323.1603444327817,341.4154968261719,16385276
2022-02-28,334.36797047837376,344.93931103751845,332.89972707452097,343.3242492675781,8850697
2022-03-02,339.06632047219045,343.0795248830658,332.8997104328728,339.5068054199219,6854294
2022-03-03,345.52659246317955,346.7011990603742,329.37591604492894,331.8719177246094,7492305
2022-03-04,327.80977581291313,329.2290895936707,319.7344378023294,320.6643371582031,7924031
2022-03-07,311.7080806170372,313.71466794861254,299.52164864984536,306.96075439453125,11047929
2022-03-08,307.3522434910109,324.3349291613875,305.4924747435469,322.6219787597656,14780062
2022-03-09,324.3349854334134,334.95528574038497,322.0347313778452,332.018798828125,6387930
2022-03-10,341.70917416397475,353.0635953516788,339.35999078377426,347.14166259765625,11010864
2022-03-11,344.5966906475779,349.3440166263956,341.75809290783195,346.2607116699219,3891664
2022-03-14,346.26073780645436,348.46310292324455,333.7806688113101,336.1298522949219,10079369
2022-03-15,339.65361452384485,345.9670726213696,328.2991937700761,333.9274597167969,8151180
2022-03-16,340.43666908150715,348.85460333889495,339.1642034989369,347.9736633300781,6167428
2022-03-17,350.91017089003736,357.22362942786765,349.7845235964869,355.36383056640625,8990234
2022-03-21,357.22360869401865,358.2513670607623,345.3308140050582,346.40753173828125,4873329
2022-03-22,346.0160435756817,353.2104425352166,337.8917750103366,351.0570068359375,5561409
2022-03-23,353.8955637294394,359.47490020123905,348.12047940778757,349.3929748535156,7304162
2022-03-24,346.6033123219107,353.601932838394,344.5477656999715,349.0503845214844,4111307
2022-03-25,349.44190263179206,358.25136236200535,348.560962633068,357.37042236328125,9141134
2022-03-28,361.041034623912,361.041034623912,348.6588553944202,356.0979309082031,5946994
2022-03-29,357.90876124405617,365.6904625113594,356.83204354012634,365.0542297363281,9088475
2022-03-30,367.9907458243978,379.2472784472778,366.62036143398706,374.7446594238281,10688708
2022-03-31,374.59784238108097,377.632188158154,370.4378194405582,372.3954772949219,5537751
2022-04-01,371.95497837003956,379.49197277507994,370.8293311203224,377.7790222167969,3250273
2022-04-04,378.75783663065766,382.1347782507383,375.6745018464072,379.10040283203125,3264802
2022-04-05,380.7644478122334,388.2035535381325,377.3874761079771,385.8543701171875,10310506
2022-04-06,382.7221014279973,394.859573862158,381.98797975006636,389.6228332519531,8671174
2022-04-07,395.34898704830033,398.87277706538407,388.9865991932697,392.7550964355469,8931310
2022-04-08,395.1042882556767,396.4257132742217,386.63742405757426,387.7141418457031,6519357
2022-04-11,384.77764064710914,396.3278095408933,384.77764064710914,394.663818359375,7340278
2022-04-12,394.4680231137996,395.3489630968285,380.51971212280296,385.21807861328125,4854926
2022-04-13,386.63742604770914,390.94426735090497,381.4006853155501,383.0157470703125,2465488
2022-04-18,377.68112811547684,382.3305652806203,371.2208515538223,380.61761474609375,4551203
2022-04-19,381.84115750805216,383.4562192087885,364.1243485530806,369.8015441894531,3938936
2022-04-20,370.9761705151241,374.64677906243736,365.6905001812908,369.7037048339844,3247779
2022-04-21,371.95496533943714,382.57526440303144,371.17191420310644,381.596435546875,3935746
2022-04-22,379.1983110661164,380.76444328528913,370.43781030673813,371.6613464355469,2971828
2022-04-25,367.06084995479375,367.74604215663805,353.4551337574337,356.2937316894531,4987646
2022-04-26,361.18785398740204,374.54886212402084,359.37701459880475,370.7803649902344,5510832
2022-04-27,367.06083073111586,369.89942851447245,360.55162464044815,367.7949523925781,3787448
2022-04-28,372.9337906401666,372.9337906401666,363.1455021719208,371.61236572265625,3951298
2022-04-29,373.91264660398906,378.219487868062,360.4537489840811,363.9775390625,4463995
2022-05-02,359.71962519049094,363.8307185698346,356.4895017292123,359.7685546875,3606478
2022-05-04,362.2645537276943,364.9073736295376,339.26207636426597,341.0239562988281,6741897
2022-05-05,341.6112787583295,344.89036147715524,330.69734273218165,332.80181884765625,8172183
2022-05-06,321.1048312324012,329.8164329509947,319.39188053718175,322.1815490722656,10554131
2022-05-09,322.18152557529964,325.6074267158848,317.48315881680645,320.2728271484375,5588545
2022-05-10,321.98575840353936,331.33356186350187,309.7993274144707,311.4633483886719,7809598
2022-05-11,315.28082222714164,321.349544014796,306.96077584977695,319.34295654296875,9584712
2022-05-12,317.1405727491866,318.8045938757869,309.2120524561593,315.3786926269531,7826298
2022-05-13,321.15376684720167,325.7542447368745,310.53346734815256,312.1485290527344,5040759
2022-05-16,314.2040777114474,324.48178118799007,310.8271060491312,320.4196472167969,4588718
2022-05-17,321.3984673622543,329.18013900243295,316.74903020192903,327.0267333984375,5294509
2022-05-18,330.0611191914646,337.5980838479614,316.7979695866596,318.0704650878906,15907792
2022-05-19,310.2887709117036,318.9024535499316,302.50706896705765,313.81256103515625,10108593
2022-05-20,319.09822204497783,329.37592551575165,316.1617353390425,324.4817810058594,8095291
2022-05-23,327.46718965030874,332.7528894961877,322.0347013183059,323.89447021484375,6456879
2022-05-24,324.43284708991047,326.6841415851987,316.25961989542907,317.6299743652344,3843952
2022-05-25,319.8812788588843,321.83893669736335,301.23459989596637,305.3946228027344,7080643
2022-05-26,303.926373970801,322.2304863807615,295.8999650284522,313.07843017578125,8037300
2022-05-27,317.14055011944686,322.81774554953387,312.3932241819419,317.67889404296875,5042715
2022-05-30,322.42622939369653,340.4856343068921,320.27282376525426,339.5068054199219,9568306
2022-05-31,338.1853844685084,342.88375123322413,335.10207941219574,338.23431396484375,10568070
2022-06-01,339.0663112404422,341.46445389681986,326.53731377694464,329.8653259277344,5551017
2022-06-02,329.2780118262632,334.2211153314755,327.46717251982875,333.0465087890625,4326789
2022-06-03,335.00420185479317,336.2277380193469,322.6220218438078,323.6497802734375,5573119
2022-06-06,322.8177641925321,323.4540268844214,316.21066901681166,319.93023681640625,4693011
2022-06-07,318.90244071684634,318.90244071684634,308.42898950677295,312.001708984375,5097864
2022-06-08,312.73584062078476,324.57967655286484,309.50571712634843,319.29400634765625,9732471
2022-06-09,317.58103912318927,320.0770407954768,314.30195643126245,317.9725646972656,3304352
2022-06-10,315.1339738767563,319.0003300790891,312.6379422780857,315.2807922363281,3525590
2022-06-13,308.3311080726876,309.01630026144426,298.5428189275229,301.1856689453125,7361749
2022-06-14,300.50046065643954,312.5400437113441,297.61290356472944,307.2054443359375,6307163
2022-06-15,309.11418280060985,312.8337508819808,306.0798368316761,310.43560791015625,4024438
2022-06-16,314.39985456801804,315.81913854985214,296.242560553624,297.6129150390625,6574807
2022-06-17,295.6063232421875,303.43695432145074,291.6910077025559,295.6063232421875,7782354
2022-06-20,298.54280762536644,299.81527321747,288.46088213612086,292.180419921875,7708600
2022-06-21,296.14466524739487,310.4845322148908,294.62749243428476,308.4289855957031,5336496
2022-06-22,307.79274163424617,307.79274163424617,296.8298466438987,297.85760498046875,4354021
2022-06-23,300.2068182839813,308.72261130050254,297.07455403583293,306.76495361328125,6769260
2022-06-24,310.6802678605798,313.4210065356377,307.7927407052957,309.1141357421875,3572017
2022-06-27,315.1829145310118,315.6233994968088,308.33111204120723,311.3165283203125,3334788
2022-06-28,309.21203836046385,313.22524275759287,303.92636836322686,312.637939453125,5140316
2022-06-29,308.3311080233212,312.4911309093501,306.5692279260688,311.8059387207031,3164135
2022-06-30,309.995118996291,314.64455618756523,301.5771846335813,306.0798034667969,5228785
2022-07-01,303.828494356093,317.5320993967678,302.8986247940831,316.3085632324219,5557896
2022-07-04,316.25963306499847,319.9302415502666,314.25301583682557,317.87469482421875,4171008
2022-07-05,318.1193900501707,322.8177567853937,314.3019633438661,315.2807922363281,4164243
2022-07-06,314.6934594979618,323.50291870630286,314.6934594979618,322.6219787597656,4031342
2022-07-07,324.9711702635409,330.55050652087647,323.1603309609681,329.7674255371094,5330866
2022-07-08,332.70394491355864,334.3679660310546,327.66298193500995,333.193359375,3635774
2022-07-11,329.4248611475606,340.4366864999057,329.08229492267805,338.8216247558594,4251298
2022-07-12,335.73834748540605,343.1774538704595,335.0531552358192,339.4578857421875,4041343
2022-07-13,339.65366173156445,346.4565352047553,337.5491853637217,340.0941467285156,5397952
2022-07-14,341.61129184576936,344.7435563270478,336.9618544925676,341.1708068847656,4920704
2022-07-15,342.6880110773304,347.4842668139864,341.7581116541625,346.162841796875,4400222
2022-07-18,349.5398083513852,349.9313339395375,342.78589487342316,345.7223815917969,2406259
2022-07-19,345.4776842295861,353.74877079960805,344.3520070582116,352.2315979003906,5148307
2022-07-20,356.29371987791257,356.978912057042,344.69459142956765,348.8546142578125,5343868
2022-07-21,349.2461305948973,353.74874939346614,348.9035643858921,352.9656982421875,3358877
2022-07-22,352.8678341416417,355.70643210357355,350.4207617828231,352.5252380371094,3247918
2022-07-25,351.3016882359027,353.11252768551054,346.01601812010523,349.7845153808594,2303596
2022-07-26,349.7844963704793,354.67864063235396,346.7990504478442,353.16143798828125,3466646
2022-07-27,351.10591634053446,361.67725584840235,351.10591634053446,360.8452453613281,5478661
2022-07-28,364.0754099832945,375.8702859129581,363.63492504339564,373.9126281738281,8480197
2022-07-29,377.7790222167969,388.4482511483769,375.6255867092176,377.7790222167969,8223276
2022-08-01,376.8491424580402,379.6877404139459,368.7248741926052,376.1150207519531,7429671
2022-08-02,379.07460836989463,380.801037946075,370.14651317569303,371.57696533203125,4448690
2022-08-03,373.00744815311134,373.8460056841052,363.53674272829767,367.1869201660156,3183672
2022-08-04,369.3572646711824,370.88640605127586,355.940434714463,362.64886474609375,4037919
2022-08-05,364.7205942413597,367.82816147925064,361.3663640985769,362.8461608886719,4186137
2022-08-08,361.5636631891076,367.5815091707257,360.08386647755606,365.3124694824219,3666894
2022-08-10,365.11516843776354,370.1957976135502,362.94478796143716,363.5367126464844,3769700
2022-08-11,366.890926305274,370.5411035794268,365.4111295897863,367.53216552734375,3888072
2022-08-12,367.7788127842721,371.9222557932864,367.03891439741545,367.8774719238281,3215823
2022-08-16,370.83707799205996,377.20021637648694,369.2586220254962,374.0433044433594,3839161
2022-08-17,375.9670407229275,381.2943031020093,373.8953192125783,375.2271423339844,6384327
2022-08-18,375.4244257465757,384.6978428556392,374.09263274859984,383.9085998535156,5188764
2022-08-19,385.73369506366555,385.73369506366555,366.00307127524275,368.6667175292969,6322982
2022-08-22,366.9896027745566,367.2362355721201,358.35745485983244,359.8865661621094,3796813
2022-08-23,356.236406462313,364.6219212885344,355.249875306287,363.24078369140625,2553978
2022-08-24,365.8057459490845,368.3214184975805,363.0434707145256,367.0389099121094,3120328
2022-08-25,368.9133514764954,378.0387650070833,368.0254493180148,371.6263122558594,4424052
2022-08-26,374.04327844106837,378.6306422542585,373.5500128674664,374.8818359375,1981093
2022-08-29,361.4650180697582,369.8505330937049,360.1331949564111,364.9178771972656,2663606
2022-08-30,367.8281289007276,386.72019355969553,367.0882305712129,384.74713134765625,10834269
2022-09-01,382.7741044818317,394.6124788472492,380.8010420875955,392.93536376953125,9880155
2022-09-02,395.4510228979154,400.5316523684731,388.4466456159761,389.6798095703125,8022555
2022-09-05,390.56767517477635,395.5003309110239,386.32560328421994,388.79193115234375,4044126
2022-09-06,390.765010169074,393.5766300803627,387.0161735851749,389.92645263671875,2831682
2022-09-07,385.7829971426855,396.19091891944754,384.54983319566685,394.0205383300781,4860013
2022-09-08,396.5855267393751,397.96666434352727,389.4824903372472,391.8501892089844,4602945
2022-09-09,394.51382335505554,398.0160272011422,387.7067640532911,391.5542297363281,5536333
2022-09-12,391.5542297363281,391.5542297363281,391.5542297363281,391.5542297363281,0
2022-09-13,405.36563429161,408.2759131605176,401.7154871835758,403.2445983886719,6632103
2022-09-14,394.61247848143574,404.72442324252256,391.8995176918759,401.71551513671875,6503658
2022-09-15,403.49126254265036,408.17728576288897,396.58554411282506,405.4643249511719,4834801
2022-09-16,402.75134929104865,407.6840051304981,379.271919537886,383.8592834472656,9517876
2022-09-19,385.78299109630046,388.5946108727447,378.4333521511856,379.96246337890625,5089286
2022-09-20,383.7606194861835,395.00706863747797,383.7606194861835,386.6708984375,4794091
2022-09-21,385.7830139116689,387.46012899513073,373.2047411053343,374.6352233886719,4035315
2022-09-22,373.40206799672103,378.778675206002,369.9492087153775,375.57244873046875,3941049
2022-09-23,375.9670408181932,377.0522311435599,363.1914499232548,364.96722412109375,4060146
2022-09-26,361.0704105262373,361.5636761143879,345.5325444994935,347.30828857421875,5947442
2022-09-27,347.35764101036665,352.09297872051144,339.46539142243006,346.02581787109375,5931471
2022-09-28,344.20070802439074,349.6266292833513,340.5505608777419,344.052734375,3987512
2022-09-29,347.55489241325506,350.7118039570313,340.4025419809387,345.8778076171875,5905469
2022-09-30,344.0034114885258,356.38436492639767,342.22763741943197,351.8956604003906,7344112
2022-10-03,352.4875569728614,353.07948166589995,341.3397673645543,343.16485595703125,4315023
2022-10-04,349.23202137777133,356.13773931461986,349.23202137777133,354.2633361816406,4660309
2022-10-06,359.0973363268002,367.87745748491096,358.40675248355524,362.4022216796875,9169254
2022-10-07,362.05696264471345,365.46050744243803,356.9269881886013,363.9313659667969,4146172
2022-10-10,354.16469601575835,362.9941621791025,354.16469601575835,361.3170471191406,3136911
2022-10-11,362.50088307047923,363.88202065901993,351.69835493654386,353.6714172363281,3727411
2022-10-12,355.54582796955805,362.796838096951,352.8328672495944,361.9089660644531,3919948
2022-10-13,360.3305163670352,361.5636803518642,352.83287331796635,357.6668701171875,3680850
2022-10-14,363.1914454200111,366.397671733156,353.1781600325748,353.8687438964844,3591285
2022-10-17,352.19162687309705,356.9269644354967,346.7657054506824,354.5592956542969,4311369
2022-10-18,357.22295444756054,364.32596104165464,357.1242953060016,360.7251281738281,2859419
2022-10-19,362.5008798157068,372.2675320906391,361.1197121330257,365.3124694824219,6360698
2022-10-20,363.53673089715227,369.4559178317056,360.57713742987556,368.3707275390625,4314503
2022-10-21,369.3572632610895,369.94918798317093,359.68926985774607,364.8192138671875,3605264
2022-10-24,364.8192138671875,364.8192138671875,364.8192138671875,364.8192138671875,0
2022-10-25,364.0300295444821,370.4424826394391,362.1556261995728,364.7699279785156,2997168
2022-10-27,368.96264059571587,380.6036958232318,364.720568802606,378.3346862792969,6417885
2022-10-28,380.65305531132236,380.7023698268617,375.27644842969937,379.4198913574219,3984403
2022-10-31,380.801035365242,384.35255363348017,377.15085795772507,380.3077697753906,3315136
2022-11-01,381.78755395008994,386.72020968587924,379.81449165577425,384.40185546875,4655525
2022-11-02,382.7740831553504,385.73367658180933,374.8818340181267,379.96246337890625,4448264
2022-11-03,377.8414415306205,383.2673630147417,375.4737727224943,379.56787109375,3805252
2022-11-04,380.01180479791805,384.35253576550735,378.8772699087689,382.08349609375,2031089
2022-11-07,383.26735002619847,394.3658254130575,381.836867822609,392.44207763671875,4991409
2022-11-09,392.6393955851466,396.7334938142865,389.72911666570553,391.7021789550781,4968369
2022-11-10,390.9129677122224,394.957751443613,381.39294814760524,385.88165283203125,4250236
2022-11-11,390.1730591680659,399.5451048370839,390.1730591680659,395.155029296875,6567026
2022-11-14,396.8814595758109,402.70201729899696,394.9083973256571,401.02490234375,3134766
2022-11-15,401.51818597710366,403.9845139007959,395.9936054067245,399.98907470703125,2773854
2022-11-16,400.0383996696116,401.1235900056836,391.208933429601,395.84564208984375,2711725
2022-11-17,395.9935919678795,399.9890611325919,394.7604280478833,397.473388671875,2978886
2022-11-18,398.55859836206577,398.95320481438307,392.24480480536135,395.007080078125,2907982
2022-11-21,393.625921925414,394.9084003552363,386.52288572775257,389.38385009765625,3236030
2022-11-22,389.7291306891928,391.0116392873578,382.5767796328566,385.437744140625,4093062
2022-11-23,387.4108128960183,389.4331898061627,384.84582576389016,386.32562255859375,1919758
2022-11-24,388.2986768276472,389.3838671423677,383.76062739752484,386.8681945800781,1823725
2022-11-25,388.2000175980081,395.5003422761285,387.16417190624657,391.2582702636719,3584507
2022-11-28,390.6663491356004,396.5855362437156,388.8906050457829,389.87713623046875,3330551
2022-11-29,389.3345082800122,392.49141996982036,385.7336756412423,387.2627868652344,3448261
2022-11-30,387.75604092374334,398.8545159164199,384.10589387896493,397.22674560546875,8733967
2022-12-01,400.3343594306132,409.21314046377995,396.93084476515884,407.1414489746094,7882120
2022-12-02,409.2131211181884,410.64360337074544,404.3298098447319,405.2176818847656,6745441
2022-12-05,406.74678566325133,412.8632909044525,404.4777760354254,411.630126953125,6361119
2022-12-06,410.64360065377133,412.3700302060695,406.64816144678394,408.8185119628906,2654909
2022-12-07,407.93064172527636,410.29831052897555,399.5451267200409,402.99798583984375,3417623
2022-12-08,401.61685513779474,405.168373457849,397.2267792814504,399.4958190917969,2154953
2022-12-09,400.5809596310016,404.4284551841009,388.69327136905684,396.8321533203125,5996845
2022-12-12,396.5855391698825,398.55860155381225,390.81432567557937,397.276123046875,2914566
2022-12-13,397.7200389314226,400.8769507479419,394.1192061481237,394.957763671875,2024616
2022-12-14,396.6842000147719,404.8723969006445,396.09227527574114,401.71551513671875,4437819
2022-12-15,400.67960541594994,404.28043795612405,392.8860156466527,394.3164978027344,2719988
2022-12-16,393.6259397635017,396.93082522893985,386.7202215220368,388.3479919433594,3463368
2022-12-19,388.93991597970694,391.94882402266546,384.3032074117771,391.2582702636719,2827030
2022-12-20,390.66635293431585,390.66635293431585,376.55896889874936,384.1059265136719,4641199
2022-12-21,386.1283041993084,390.8636720053367,372.61284487431624,375.3258056640625,3330407
2022-12-22,377.39748159077135,379.81449496498334,369.45591782957473,372.76080322265625,2624616
2022-12-23,371.8235836990037,371.92224283512235,350.5145048786539,352.1916198730469,4966765
2022-12-26,353.9180649122674,367.3842096534744,351.5010514507373,365.7564392089844,3309456
2022-12-27,366.5949867531055,368.86399638886104,362.5502029573075,366.24969482421875,3108513
2022-12-28,366.00306840456005,372.07022915060475,363.83268776223946,367.1375732421875,3891662
2022-12-29,365.7071137676014,371.4289824641401,359.93590044904147,368.4200744628906,4181247
2022-12-30,368.96265706380206,376.75624727459,368.96265706380206,369.9491882324219,2831958
2023-01-02,370.9850318833495,377.49614358185875,369.50523513853113,375.0298156738281,2924202
2023-01-03,375.62176676668156,377.54551471263477,373.402071493602,374.9311828613281,2004850
2023-01-04,375.27647426996606,376.3616646454294,363.6354177861981,366.8416442871094,3815316
2023-01-05,367.68017767180856,369.55458086621115,363.68470838492067,367.7294921875,2499525
2023-01-06,368.86402662552547,369.25863310236775,362.5995471960663,364.7699279785156,2603968
2023-01-09,367.9761438970477,370.9357375476942,365.1152093893981,368.9133605957031,1561902
2023-01-10,368.864009200423,369.65325222336827,363.240799431335,368.02545166015625,2252881
2023-01-11,367.9761288735733,370.4424568150852,366.0523810365771,367.0882568359375,1681043
2023-01-12,367.877462587467,371.4289807755535,365.805741135538,369.85052490234375,2859266
2023-01-13,370.9357119535508,374.19125270201596,367.58151206889613,371.9715576171875,2743616
2023-01-16,373.4020571093097,374.78319476026803,366.69365702948744,368.7160339355469,1661685
2023-01-17,368.91335884140545,370.8370766412517,364.07933181643534,370.34381103515625,1977186
2023-01-18,370.9357158232915,372.07022063495333,368.1240959985354,371.330322265625,1819111
2023-01-19,369.94920457158855,371.4290013898749,367.63085020163123,370.34381103515625,1980513
2023-01-20,368.96266691082934,370.78775564279306,363.58605985574155,364.3259582519531,3988074
2023-01-23,366.15102664633366,366.6936368373423,362.5501940060849,364.57257080078125,2338790
2023-01-24,365.50981024321817,366.24970864452024,358.7027509725478,359.9852294921875,3010618
2023-01-25,359.29466645151206,359.29466645151206,343.7074558020278,347.30828857421875,7032545
2023-01-27,350.1692610375819,355.10191703131295,342.572958764619,351.1557922363281,5422141
2023-01-30,352.14229949910947,358.9493582864574,341.83303713034,348.3934631347656,5105818
2023-01-31,351.2051105309776,356.137766577761,346.81503460672303,351.2544250488281,4784073
2023-02-01,353.72073804797407,360.6758008424492,336.94970820125803,344.29937744140625,5504489
2023-02-02,344.2007305240981,351.057134423954,336.94972016455864,349.7253112792969,4485546
2023-02-03,350.31722542879606,354.16469098081683,344.05274646116953,348.73876953125,4697067
2023-02-06,348.7387858677482,350.366556357562,346.0258250158775,349.1333923339844,1913975
2023-02-07,350.0212453499815,354.26334742401986,348.2948158109819,352.339599609375,2846953
2023-02-08,353.8193732597714,357.07494395614356,350.90912457650677,355.4471435546875,2429159
2023-02-09,356.483024059104,357.46955517308714,349.03469608460733,351.8956604003906,2229848
2023-02-10,351.69838629125064,357.420255428126,350.7611695726815,356.63104248046875,2809140
2023-02-13,357.3216003687519,360.7251148275356,349.97193113941586,353.0794982910156,3030923
2023-02-14,352.78357220905764,352.78357220905764,342.474308861457,349.1827392578125,3140968
2023-02-15,345.4832316352741,357.222946668085,345.4832316352741,356.13775634765625,2548073
2023-02-16,358.0121420023236,368.1240861115609,357.37090278743625,366.6936340332031,5171809
2023-02-17,364.91787083416966,367.77880518290965,358.209470974604,359.6399230957031,2666456
2023-02-20,360.97174849583297,365.6084570299244,358.209473266933,359.68927001953125,2726465
2023-02-21,362.05695245916195,362.05695245916195,351.20510919744316,352.6849060058594,2119153
2023-02-22,351.1064509325801,351.40242835892855,342.37564371980784,343.90478515625,3326607
2023-02-23,344.2993706828506,344.8419507716827,336.7030687999534,338.2815246582031,4026752
2023-02-24,342.3263157746209,346.5683877603351,340.35325343586226,341.38909912109375,2887310
2023-02-27,342.72089988374506,346.66702430406804,337.7882443583413,345.236572265625,3701975
2023-02-28,345.779160993527,349.0840462996521,344.15139065067166,346.9136657714844,2520202
2023-03-01,346.9136775924466,352.5862317820644,346.22312384198347,350.85980224609375,1507846
2023-03-02,349.2320174327269,352.9808236563377,348.34414544361283,350.5144958496094,1675015
2023-03-03,352.2902904697031,357.4202345428028,350.2185689699807,355.3978576660156,3121845
2023-03-06,356.3844030669381,359.4919703872511,353.1288620849994,355.0032653808594,2053122
2023-03-08,353.1781554151324,359.54129344218376,348.8867388461821,358.1601257324219,2908986
2023-03-09,358.11084204670993,358.9000550003384,351.7477034718573,352.2903137207031,1782741
2023-03-10,350.31723623518536,351.550400239036,343.01691135369845,345.3352355957031,3238856
2023-03-13,346.37111520833713,348.2455184933667,336.7030912485613,338.0842590332031,2045069
2023-03-14,339.31742051384316,343.3128598574985,331.96775098289726,342.42498779296875,4016343
2023-03-15,345.2859155529304,347.25897792751863,337.34435153783005,340.7972106933594,2833314
2023-03-16,344.2994033455166,356.63104386648786,340.15596008785263,355.2005615234375,5412088
2023-03-17,358.7027193166112,372.4154957892655,358.35742740516736,370.19580078125,10695531
2023-03-20,369.89987771659463,369.89987771659463,357.0749723858527,364.9178771972656,5404518
2023-03-21,366.05237308314366,367.3841961639313,361.36635009608705,362.5008850097656,2980424
2023-03-22,363.1914310111004,366.4963163317664,362.1555853628733,363.7833557128906,4140942
2023-03-23,363.73405695197516,366.94028327677967,360.6758042823917,362.69818115234375,2508345
2023-03-24,361.07040950153277,363.04347184853566,348.29481876207205,349.4786682128906,3134205
2023-03-27,350.4158741843521,352.63556925704046,342.77025782286995,344.10205078125,2815174
2023-03-28,345.8285048468252,348.4428366478123,342.57296388492057,343.9541015625,3165715
2023-03-29,344.4966889288419,349.2320263966889,341.83304278658954,347.8015441894531,2624280
2023-03-31,349.57730626122225,355.8910993694061,349.4293326154329,351.8956604003906,4167504
2023-04-03,353.17815479853164,358.25878424429715,352.5862300820302,356.6803283691406,2782342
2023-04-05,357.1242616292305,365.50977605975106,356.48302242938104,362.1062316894531,3015748
2023-04-06,360.0345514419741,378.63063933832194,359.7879186570725,377.7427673339844,8930230
2023-04-10,378.77865635320705,402.20877173900345,378.58133807576246,400.03839111328125,20647930
2023-04-11,402.01144503334496,405.4643040704412,395.8949398393008,399.841064453125,8091142
2023-04-12,400.53166914755707,407.83199404174576,398.95321319857334,401.0742492675781,6586341
2023-04-13,402.20878071095086,410.19965931449144,399.6437935796652,407.5853576660156,7161482
2023-04-17,410.1010292437743,413.94849487770875,405.7109533894056,409.7557373046875,6635668
2023-04-18,411.0875436267075,421.2488024631793,410.1996415034956,418.1412353515625,9367931
2023-04-19,419.0784251505883,419.0784251505883,413.4058709748328,416.02020263671875,4044971
2023-04-20,415.3295950620506,419.37437861246644,407.0427398042108,408.8678283691406,4285836
2023-04-21,408.71984515720965,408.71984515720965,396.5855240027279,400.5809631347656,5194549
2023-04-24,401.12356950362414,406.25351339274425,397.86799866180553,405.6122741699219,3379013
2023-04-25,404.52710379880756,410.2983173013314,402.5047268950159,404.6257629394531,4335180
2023-04-26,404.7244126483419,412.0740819102888,404.13248792480556,410.9888916015625,4122285
2023-04-27,410.9395407983192,417.84525888711175,409.5090886867085,415.9708557128906,4423231
2023-04-28,416.5627845807041,423.12321080915694,414.3924039742566,420.4595947265625,5668793
2023-05-02,421.1501597914654,421.8407436683972,415.42829092118933,418.5358581542969,3519033
2023-05-03,417.1053588657045,428.20383432151954,414.93500839604775,421.7913818359375,7152444
2023-05-04,421.69276186901584,422.728607557871,417.3026861073032,419.07843017578125,3328989
2023-05-05,419.07843753301574,427.6119564130456,417.74664451154763,421.4461364746094,4870886
2023-05-08,423.17257544291124,434.4683397567294,421.9887259458578,430.472900390625,6530244
2023-05-09,431.11411327785913,432.8405427932739,421.0514834882536,426.18145751953125,5239571
2023-05-10,425.88551116472235,430.0289239470166,421.840727412581,428.4011535644531,3804494
2023-05-11,427.16799088139254,433.0378633067904,424.1097382740973,426.9706726074219,4810556
2023-05-12,424.2084050566985,431.1141232785517,424.2084050566985,430.0782775878906,2713530
2023-05-15,437.0333203849015,469.3915316123177,434.32035959244445,461.8445739746094,28116711
2023-05-16,468.3063666918722,472.25249144139195,463.71897258532147,465.3960876464844,14423428
2023-05-17,463.47235337330596,466.629265308071,455.3828154636038,463.5216979980469,6005061
2023-05-18,465.6427242632223,469.588849045114,452.1765794663254,453.7550354003906,5852119
2023-05-19,454.6922241799192,466.6292577244104,447.39189931928144,465.5440673828125,8398165
2023-05-22,465.88934154662434,474.66946287262135,462.8804335432544,471.7098693847656,6566526
2023-05-23,473.3376439347548,474.0282277972636,459.62486667535154,461.5486145019531,3818677
2023-05-24,461.54860937500337,463.6203308329746,456.0733433713262,459.2302551269531,3086273
2023-05-25,460.7100466872585,473.3376333546996,458.39169246527564,470.8219909667969,8132396
2023-05-26,470.82199547234296,478.0236608879727,465.1987558253421,471.6605529785156,6159488
2023-05-29,472.05516315507435,479.84875334886544,467.6650874216737,476.1492614746094,4665809
2023-05-30,473.53496497133784,475.01476173687325,467.1225123206843,468.20770263671875,3209364
2023-05-31,468.0597411321157,470.5753836562141,461.499284549368,468.503662109375,10062142
2023-06-01,468.6023243752434,473.58429493914184,466.67857647466457,470.772705078125,4270077
2023-06-02,471.5618961738702,484.3868012999378,470.9206569388752,482.7096862792969,10020905
2023-06-05,485.37336125127746,489.36880065798454,480.53936428451453,482.660400390625,4635248
2023-06-06,483.05498449890075,491.88445057022363,480.933948490967,487.9876403808594,5477093
2023-06-07,491.2925387755464,491.93377803577215,486.5078564227892,489.0235290527344,4885566
2023-06-08,489.3194532861656,491.0951973240229,474.42282681199214,478.2209777832031,4923194
2023-06-09,478.46762922829146,483.8935507968597,477.13580609469795,478.6649475097656,2611565
2023-06-12,480.4899838587222,485.6199578737994,479.1088462720603,483.9921875,1696800
2023-06-13,485.71860254602495,497.95158240245934,482.0684253624695,496.81707763671875,5849124
2023-06-14,498.19824998627706,500.17131236246036,492.87098759189075,496.915771484375,6893041
2023-06-15,496.2251571762612,501.8977111598864,481.9204558262497,483.74554443359375,6420824
2023-06-16,486.1625462361131,491.04588754715456,483.5482446692749,489.3194580078125,4360893
2023-06-19,490.3059785340106,492.6736472581382,476.24790973298514,478.8128967285156,3074442
2023-06-20,477.87571607310537,485.07741202986637,475.01478156164404,482.611083984375,3849887
2023-06-21,482.7096962065589,487.69169674883784,473.88026017518473,476.3465881347656,3758306
2023-06-22,476.54384088009596,478.27027032345535,472.10445088288617,474.7680969238281,3256065
2023-06-23,474.5214708437353,475.1133955396926,466.6292218484133,471.26593017578125,2583485
2023-06-26,470.6740436366945,471.5619156993386,463.3737187455029,470.7233581542969,2333475
2023-06-27,472.54841730234705,480.3913519285829,472.2524700021854,477.3330993652344,2749294
2023-06-28,479.35546875,481.42719013870834,477.08645919974947,479.35546875,2383384
2023-06-30,483.20294221827953,486.90243400774125,480.34200792240404,483.9428405761719,3261788
2023-07-03,486.3598693626099,491.29252523849846,479.84875758512857,486.5078430175781,2820027
2023-07-04,487.34641551783375,490.50332741805636,481.9204938875744,483.2029724121094,2535317
2023-07-05,483.20295239466463,496.9650741839128,481.9204739232584,492.9696350097656,2846706
2023-07-06,497.8036228298397,510.57918312039465,496.2251669732289,506.682373046875,7921377
2023-07-07,507.76760996726387,509.4447250144891,494.6960718431108,496.07720947265625,3938391
2023-07-10,496.6691109723867,498.7408022665412,489.6647339064835,494.794677734375,2465685
2023-07-11,495.2386423333082,497.9516030233811,491.39117683051313,492.9202880859375,3011396
2023-07-12,493.26558728396213,493.6601937324809,479.05954439149247,485.7679443359375,4530464
2023-07-13,487.3463857151558,492.1803823051922,482.8083364260546,485.4226379394531,3665726
2023-07-14,487.1490822601352,489.8127284757319,484.5841252899069,486.5078430175781,2539514
2023-07-17,486.853152939853,491.88446814047927,486.40920185200173,491.34185791015625,2333926
2023-07-18,493.01896154377994,496.17587339017905,485.1760265511418,488.1356201171875,3200509
2023-07-19,489.8127457852849,497.4090481452168,487.4943914203802,494.25213623046875,2832711
2023-07-20,495.2386445021244,502.1443626525524,494.7946934355515,498.0995788574219,4178930
2023-07-21,497.80363813733425,498.1982445869858,489.31946399038605,493.8575134277344,3822759
2023-07-24,495.9785443590746,501.60178405529007,481.52586877946715,487.1490783691406,5676545
2023-07-25,489.5167589832291,493.11759158814675,471.90717228298115,473.5349426269531,6582695
2023-07-26,475.5080142046139,482.9069978281297,473.14034546639715,481.0819091796875,3572206
2023-07-27,482.90700329444076,506.8796984633764,480.7366226976917,503.92010498046875,8431778
2023-07-28,506.1076334197091,514.8576157301644,502.0806594761371,512.6701049804688,7227144
2023-07-31,514.0124865823194,518.785198842244,505.9585080925528,515.80224609375,4607915
2023-08-01,506.6047731274318,508.59340815442863,494.07636638851955,496.8604736328125,15013979
2023-08-02,492.7340364617011,500.0920104083769,479.5096255414073,490.7951354980469,11155073
2023-08-03,490.69571100394427,493.67866365442416,481.448569925122,485.5749816894531,3315895
2023-08-04,487.2156014412349,491.19287165708175,485.2269663333115,486.8675842285156,2509237
2023-08-07,489.15452970319427,489.85053378004994,482.64173155960054,486.37042236328125,3089545
2023-08-08,487.61330148285083,490.3974087210463,479.36047827655375,485.47552490234375,2542925
2023-08-09,485.5252342429201,486.9173030501626,480.35480133088595,482.9400329589844,2944921
2023-08-10,484.1331868000868,490.2979674647331,480.45423024048216,487.86187744140625,4117165
2023-08-11,489.8505229426208,491.3419992310957,477.2724123119813,479.26104736328125,2844914
2023-08-14,476.2781089275659,476.2781089275659,460.41873178490107,468.27386474609375,4619798
2023-08-16,465.34061678130416,476.87470651394705,462.65594723913114,475.33349609375,2644594
2023-08-17,475.28378727670645,480.4542506567126,470.8093583169885,474.9855041503906,2863803
2023-08-18,473.1956946252083,475.2837674548256,469.81502117657965,471.356201171875,4023514
2023-08-21,471.356213017521,480.60338425417007,471.356213017521,479.1119079589844,2359743
2023-08-22,480.7525164533486,482.0948511617095,476.8249501481744,477.62042236328125,1579326
2023-08-23,478.41586950249115,482.04512238790437,474.8860544380816,477.96844482421875,2883112
2023-08-24,479.9570699754664,487.96131372260436,479.26103558694916,480.8022155761719,2603113
2023-08-25,478.71418880647747,480.2553688462692,470.4116313300541,472.5494079589844,1992979
2023-08-28,475.3334955214306,483.1886284893813,473.79231544725303,479.6587829589844,3252263
2023-08-29,481.2496955655364,494.9712656568057,480.2553780127151,491.19287109375,5917819
2023-08-30,493.18149174295195,500.0920106701604,492.7837708023144,497.2084655761719,4657793
2023-08-31,499.04796292613173,504.41727152670103,493.1814955598771,501.2354736328125,4875243
2023-09-01,501.03658962240684,506.6047737739362,497.4570405004121,500.3902893066406,3044080
2023-09-04,501.63318840800036,514.0621573972967,501.1360296484285,510.97979736328125,4584709
2023-09-05,512.7695537206615,522.812136329156,511.27807745078655,518.3377075195312,5519389
2023-09-06,517.2439743847746,519.5308924915703,510.8803181248593,516.05078125,2130114
2023-09-07,514.0621432763925,529.474064399766,511.626053283743,527.7340087890625,6661946
2023-09-08,528.9769174081308,541.3561825941628,528.3803511751057,536.9314575195312,8016696
2023-09-11,538.8703970231096,541.2567226799085,533.9485131164935,537.776611328125,2695210
2023-09-12,536.9314525738798,538.7709156823681,519.0834412256573,521.51953125,2701774
2023-09-13,521.0223700193467,527.4854337695866,517.1445074938731,525.9939575195312,1914101
2023-09-14,528.0820241298042,540.3618822294947,528.0820241298042,534.2965087890625,3661252
2023-09-15,535.3903039427905,535.7879945549996,525.0493770121092,529.3746948242188,2341930
2023-09-18,528.231186784402,532.3078643741372,525.0990622956677,526.3917236328125,1494139
2023-09-20,522.9612932251666,528.9769018700467,516.6473407842126,519.3817138671875,2135243
2023-09-21,518.486901293151,522.9613302915203,509.63745077660076,513.9627685546875,3361352
2023-09-22,514.5095950709797,520.028044978498,511.87462945876126,513.6146850585938,1854379
2023-09-25,514.2113552930462,524.7510972534062,510.4826644077779,519.1331787109375,2789922
2023-09-26,519.9783494428389,522.7127225714156,516.1501906498369,517.3433837890625,1858145
2023-09-27,515.5536279898654,528.5791630716566,513.7141648750675,525.6956787109375,2184496
2023-09-28,526.143153589364,526.7894235810815,514.4101579992893,517.14453125,2701673
2023-09-29,518.089115040097,530.9655386487375,518.089115040097,527.8831787109375,3622321
2023-10-03,527.7837616986161,537.826405714753,524.2042426698584,535.6885986328125,2831594
2023-10-04,531.9598884963445,534.7439654947348,512.819275685962,522.762451171875,4940218
2023-10-05,524.0053587704614,529.7723885319773,520.9727023232125,522.0167236328125,2455475
2023-10-06,522.2652734440569,547.3717906348469,522.2652734440569,545.58203125,7397196
2023-10-09,543.9413921460923,544.339143433055,533.5010580907419,537.776611328125,3107088
2023-10-10,541.356180540153,561.5408138585823,539.9641117506097,558.557861328125,11366176
2023-10-11,559.4030379555886,565.7666946487617,557.4641672539398,562.0877075195312,4106418
2023-10-12,562.087703063603,565.7666901636685,559.50250168968,563.8277587890625,1860355
2023-10-13,558.4584616927142,573.472632031472,558.4584616927142,565.1701049804688,6226867
2023-10-16,562.7837164094063,568.6502140536684,560.3973300856971,563.87744140625,2132190
2023-10-17,566.7609656113211,568.3021455731259,562.087661301072,563.9271850585938,1670432
2023-10-18,562.3362781457008,566.7610033799289,558.4087116863675,564.1260375976562,2695513
2023-10-19,561.8888240856992,562.6843266775727,552.2936961265773,556.917236328125,2068643
2023-10-20,555.5251975173024,561.7893856085471,544.9853956397939,549.0621337890625,3274784
2023-10-23,548.9627151913083,552.4925911737895,528.231217789626,529.9215698242188,2355807
2023-10-25,531.9598668106229,537.4783168426757,522.2652711070648,527.137451171875,1695789
2023-10-26,525.1488251851432,525.1488251851432,510.58204916631445,519.33203125,4361390
2023-10-27,523.0110458657862,535.2411399337273,521.668741411234,533.1033935546875,4062846
2023-10-30,533.9485240654863,554.7794888645518,528.2311981560326,551.2993774414062,8141820
2023-10-31,555.8234838368942,567.3078388518521,554.5308832214499,560.2979125976562,10712514
2023-11-01,561.7894311971259,583.4655422454731,561.7894311971259,571.5834350585938,11265190
2023-11-02,575.7098749576746,578.6928276776625,567.0095961910431,574.6161499023438,3649740
2023-11-03,575.7098249140632,596.6401958756059,575.0634942722501,592.4640502929688,7692738
2023-11-06,594.2539047297291,596.7894023304705,587.0451025322985,588.635986328125,2917487
2023-11-07,588.9839668922145,593.5081602218276,583.1672335946065,589.0834350585938,2662819
2023-11-08,590.6246273516562,597.9826015300212,587.641674688264,592.5138549804688,4003266
2023-11-09,594.5024830766009,602.1586796049994,593.5578692733374,597.2865600585938,5403880
2023-11-10,595.4968060542743,604.4456640205633,591.718350806735,602.6061401367188,3378490
2023-11-13,607.9257626512134,607.9257626512134,600.9157755078966,604.9428100585938,1898672
2023-11-15,610.610400777006,620.9016241290876,608.572061878428,618.56494140625,3886884
2023-11-16,618.4158165534246,629.7012965471167,616.7254645692975,626.6686401367188,3206517
2023-11-17,622.3930742688699,628.4086832285667,621.5478679496332,627.5635375976562,2412089
2023-11-20,628.4086709393713,630.6458853533168,620.0066757804441,622.6913452148438,3290059
2023-11-21,623.5365171242437,637.556431122528,623.5365171242437,630.8447875976562,6052465
2023-11-22,630.2481671088453,631.8888153737387,619.9570045405603,628.95556640625,2762713
2023-11-23,630.3972883371094,636.3631932740536,629.4029708476187,632.5350952148438,2516687
2023-11-24,633.5791720665591,637.4569742030325,624.7794250989939,625.7737426757812,3963603
2023-11-28,621.4484481655694,628.2097951439458,615.7311224424461,625.5748901367188,4535901
2023-11-29,629.3036029559761,638.1032890161227,625.5251477075951,634.026611328125,5851523
2023-11-30,634.0265740768397,634.3248571872584,619.6586741564856,622.2935791015625,14874927
2023-12-01,628.3092821809475,630.6956078805855,621.9953293449404,625.67431640625,3438389
2023-12-04,635.3689140640041,648.2950422061514,629.204133120084,645.5606689453125,4588495
2023-12-05,649.1899604780523,650.5322649113652,636.2638321725915,646.4058227539062,3417071
2023-12-06,647.2509890226387,656.8461164884983,646.4057827343048,649.2396240234375,3264809
2023-12-07,649.3887353935108,650.8305079071056,643.6217060274561,644.914306640625,1051759
2023-12-08,647.3006951940663,660.1274152727807,637.8049751672098,646.2069702148438,3937417
2023-12-11,650.7311236820478,669.7722680866469,649.5876342401255,663.3092041015625,5641806
2023-12-12,663.3092067627332,673.5507259770011,655.8518252115632,658.8347778320312,3998781
2023-12-13,663.0109286598184,671.1643446885146,660.4257273111638,669.9214477539062,3426758
2023-12-14,677.8262462344944,697.9611754415662,677.1799155895553,695.5250854492188,7464762
2023-12-15,696.0222436932285,704.9711011121415,691.0506562382768,701.2921142578125,4137143
2023-12-18,698.4583681625472,701.8390113858025,689.5095103018825,693.1387329101562,1906529
2023-12-19,695.0279267431218,698.1102866922613,688.0180005638496,694.0833129882812,1475227
2023-12-20,699.9995510140413,699.9995510140413,667.8831064787613,671.5123291015625,3091436
2023-12-21,676.1359259664457,690.9512815607469,666.3916262298886,688.962646484375,5888251
2023-12-22,692.0450058290087,714.6160260590856,690.5038257841525,711.8816528320312,5899551
2023-12-26,715.4611461924112,718.0961118471789,707.606074342175,710.787841796875,2419374
2023-12-27,714.9143065404152,720.3333492353061,707.3575175616328,716.3560791015625,2233097
2023-12-28,717.7978778884633,725.7524184465809,711.0364698634008,724.509521484375,5426028
2023-12-29,721.6756509012301,725.8517966635349,717.6983807825259,722.2722778320312,1995191
2024-01-01,723.0677387939527,726.8461333687375,717.3504128474817,719.4881591796875,1400824
2024-01-02,721.675624244813,721.675624244813,700.4469700456785,709.7935180664062,2394602
2024-01-03,711.1856227308508,716.753776697104,702.6842198746696,711.5833740234375,1829817
2024-01-04,713.9199607399827,760.4043035876069,713.4228019929493,757.0733642578125,13312567
2024-01-05,755.681313077395,765.624488249466,743.6003309679987,748.67138671875,5929704
2024-01-08,756.1784837043847,769.05490789198,747.0307502648387,754.9852905273438,4448637
2024-01-09,767.6131338755486,788.493802025013,758.1671173317433,785.1130981445312,9348457
2024-01-10,785.958335142572,796.249497714101,773.1316142175307,791.5264892578125,5169408
2024-01-11,792.9682218047164,800.3261957243786,789.8360973429477,792.9185180664062,5304485
2024-01-12,795.4540530035695,806.7892975342015,791.7253621301152,796.0009155273438,4158326
2024-01-15,797.4426603749077,811.1145264349514,793.9625490141693,800.8233642578125,4959825
2024-01-16,799.8290443230352,801.7679149532462,772.733891667267,782.3787231445312,3800255
2024-01-17,775.5676525475467,785.5108275802075,766.6684987556504,770.8943481445312,6183356
2024-01-18,771.5903805541342,776.1642167820894,758.4156736696725,771.0435180664062,8727583
2024-01-19,776.2637048785023,783.5222106824384,773.2807522997621,781.0861206054688,3519988
2024-01-23,785.5108489104526,787.4000764932891,729.7793634766864,735.0989379882812,19908675
2024-01-24,735.7452762866087,744.743837891153,728.1387228258745,743.1529541015625,6963379
2024-01-25,771.590373461289,771.590373461289,745.0420842986031,754.3389892578125,9110800
2024-01-29,756.6756706947406,767.314880830348,750.9583446678092,762.9895629882812,5504653
2024-01-30,766.1216354846241,794.1614011857755,762.6415242267445,782.428466796875,10661351
2024-01-31,782.4285085379789,802.1159839951799,778.0534870193443,798.0392456054688,7997614
2024-02-01,797.989516955175,804.1542977432364,786.554865426214,795.5037231445312,5565773
2024-02-02,796.6472328267361,803.8063313210681,778.7495169350694,786.95263671875,3474878
2024-02-05,780.4398357414042,801.4199108697362,778.7494838413589,782.130126953125,3023829
2024-02-06,789.4880914271228,797.442631391124,779.7437921088859,792.8190307617188,3996095
2024-02-07,801.4199238604048,833.5363677285599,801.4199238604048,822.748046875,10550511
2024-02-08,824.0903842775501,836.1216632057786,818.4725264582279,826.1287231445312,3355261
2024-02-09,826.1286935621644,832.2437706324644,805.3971973862558,829.6585693359375,4351187
2024-02-12,828.2664924539656,832.8403287612144,798.7849537713605,803.0108032226562,2814982
2024-02-13,805.3971873856993,827.2224689840015,794.5093984555981,824.63720703125,3526880
2024-02-14,814.3460641329192,842.6344102444325,811.5619871624377,839.005126953125,2710385
2024-02-15,843.1812468806763,853.0747182240756,837.7125005860493,846.5619506835938,3505476
2024-02-16,852.1300989861151,864.3601921197795,843.9766833342308,858.394287109375,3451534
2024-02-19,859.3886293963643,861.7750157446804,840.546300057415,843.77783203125,2390450
2024-02-20,847.1585635239674,864.5591208733446,841.3915337972679,858.990966796875,4100739
2024-02-21,860.0846718719353,891.6542537585641,858.9909468535558,881.8104858398438,8801547
2024-02-22,888.9198652349222,889.9141827575563,873.8559304916848,887.1798095703125,3784762
2024-02-23,892.8971177695822,899.8573402911715,887.279199601827,894.1400146484375,3438995
2024-02-26,892.8971678309246,905.0775579266136,882.6557091126228,897.7693481445312,4080998
2024-02-27,899.8573826095633,912.9823864051803,897.76934003022,911.192626953125,3614155
2024-02-28,909.0051184243815,914.7224443499434,888.5221404345898,893.8914794921875,3541248
2024-02-29,892.8971512254338,906.7678930508439,876.6400837162033,896.0789794921875,19571487
2024-03-01,896.8744203873918,911.7891834758739,896.0789784936713,904.7295532226562,2562306
2024-03-04,919.9425944697886,936.5477094230033,918.4014144299626,926.5050659179688,3951444
2024-03-05,924.7153232656484,934.0619325288255,920.7380530580542,926.753662109375,2846188
2024-03-06,925.6599066428274,928.5931554621512,902.939714915967,917.456787109375,3258284
2024-03-07,920.3403054789931,923.7210094444328,911.9383706821787,915.0704345703125,2108204
2024-03-11,922.7266568072702,927.996527515595,902.0448645682205,906.0718383789062,4511073
2024-03-12,905.7238633399475,910.0988240637225,856.1073942635145,859.4880981445312,8341087
2024-03-13,855.1130938805449,868.2878014316113,815.9867225230856,825.4327392578125,8639565
2024-03-14,821.3062709419228,839.2039862893255,812.3574132682214,835.873046875,5915623
2024-03-15,831.8460076578306,843.9269897242051,804.7011516724077,819.0193481445312,6129505
2024-03-18,821.3559957799356,834.8787508027971,811.611695978139,831.498046875,2709444
2024-03-19,825.283565980818,837.0165009257715,814.843231712386,818.373046875,4696393
2024-03-20,822.3006130857392,829.6585872242314,800.7239101331277,821.256591796875,3281967
2024-03-21,834.3318290948424,854.4667594139295,829.3602413617344,852.826171875,3484101
2024-03-22,856.1570769027503,864.956823248975,850.7380343542263,860.9795532226562,2786894
2024-03-26,859.9852517203808,871.4696069974345,853.2736084260646,868.4369506835938,2686188
2024-03-27,873.9554020029317,883.6499978857308,870.5746981377022,875.49658203125,3049873
2024-03-28,881.7607810009217,901.8460074162138,877.6841033684171,891.90283203125,4055477
2024-04-01,898.8630227557343,962.1015916742815,895.8800702465892,942.861572265625,8494956
2024-04-02,942.8615989193934,943.1101783021826,924.9638833585718,929.5377197265625,3144624
2024-04-03,928.6925755864635,928.6925755864635,896.3275520331871,899.409912109375,6683506
2024-04-04,906.8672805711216,909.5022462703629,879.0263900543231,883.15283203125,5670088
2024-04-05,884.8431985185948,904.6300810486725,878.5789494985188,900.7025146484375,4129880
2024-04-08,902.8402890922781,923.0746259216048,898.9127228335622,913.0320434570312,4636924
2024-04-09,916.7110566856538,925.3616313132235,898.8133411892995,905.4752807617188,2977374
2024-04-10,906.1215843662054,916.6613869626116,904.0335417561441,905.9724731445312,1853706
2024-04-12,905.9724479179027,915.517871995718,900.6528126831018,903.4368896484375,2340026
2024-04-15,887.4283897270591,893.6925779874673,861.7253060198184,879.9710083007812,3602490
2024-04-16,870.027823416282,878.429818534367,863.3658839450295,870.6243896484375,3398331
2024-04-18,875.9937196637871,880.9653071760674,846.3630702282614,851.1854858398438,3948733
2024-04-19,836.2210653136428,854.4170644663932,829.2608424156697,850.787841796875,4474855
2024-04-22,855.1130661863339,863.8630482142964,849.4454441913873,860.2338256835938,2662369
2024-04-23,868.0392145966447,893.3943119302236,866.5477382829047,880.2196044921875,5126456
2024-04-24,884.7437424254555,893.096034107316,880.4681891050163,888.4227294921875,4102872
2024-04-25,888.422725175377,891.9028365778547,877.7338115820527,888.7210083007812,2376516
2024-04-26,890.9085214757708,906.419850922563,888.6713069966186,902.84033203125,4053816
2024-04-29,907.8119247172896,909.8005598207229,871.8673209474024,881.0647583007812,3109393
2024-04-30,883.7493872013747,902.3431367013708,876.8886328229208,886.7820434570312,4508015
2024-05-02,883.1528374536138,895.8800896303419,876.9880566636643,891.35595703125,3099475
2024-05-03,898.7636280919802,898.7636280919802,857.8971417211753,873.2096557617188,5271160
2024-05-06,877.4852455366449,896.874437930939,871.2210570546155,882.05908203125,5317254
2024-05-07,880.7664339448111,889.9141671300699,835.9724424744204,851.036376953125,5793580
2024-05-08,851.1358120646994,859.7863867782559,841.6897954588411,847.6557006835938,5424719
2024-05-09,857.1016933627095,866.0008472122031,829.3602105667073,832.1443481445312,3748279
2024-05-10,838.209674336765,839.6017431483604,812.7551699489621,821.1571044921875,4811461
2024-05-13,827.073306734005,837.2650613846837,805.9937630261554,833.9838256835938,3983559
2024-05-14,839.2039883625475,847.0591210597546,825.5818261768175,834.2821044921875,5869025
2024-05-15,834.2324280629388,843.1812860516949,807.982420353923,820.9583129882812,5237735
2024-05-16,827.2721841577539,841.5406164240868,821.6542658433716,836.7182006835938,3843468
2024-05-17,841.6897875149577,854.6159153799246,836.1216336330715,843.927001953125,4170491
2024-05-21,847.1585294220685,852.1301170360477,840.9937486430691,847.1088256835938,3184740
2024-05-22,853.5222098553326,855.6599561764895,833.536390671882,842.584716796875,4576451
2024-05-23,846.1641995963847,846.1641995963847,829.4596775939565,842.2366333007812,2828079
2024-05-24,846.1145329504969,849.3957687341928,832.0449153153899,835.3759155273438,3335343
2024-05-27,835.4256062180158,843.5292577266516,830.0562672461441,837.7125244140625,3490864
2024-05-28,840.1983318794065,840.5463187474576,813.3517579613663,815.3403930664062,3216721
2024-05-29,814.0974794411916,821.2068740713365,807.5847117433271,813.6500244140625,4517186
2024-05-30,811.3631124224142,816.2849963817596,795.0562804954567,797.4923706054688,4203818
2024-05-31,804.0051494165084,818.9696771460747,800.7736173679077,811.01513671875,12210410
2024-06-03,851.0364131023055,868.0392188876609,830.2551520861361,864.2111206054688,9999975
2024-06-04,874.9994624426605,874.9994624426605,683.145874988732,758.664306640625,12437434
2024-06-05,772.5847516918366,794.4597382262258,742.7552245994876,791.5264892578125,7296308
2024-06-06,794.5591247923696,831.1997626859622,794.4597173133432,824.4384155273438,5439648
2024-06-07,824.438376431062,843.926975085543,817.6272651675982,838.6571044921875,4266992
2024-06-10,841.1429208006682,851.8815379124392,833.2380843543905,842.7835083007812,3204208
2024-06-11,849.0974644297064,864.6584973162841,844.4241599145337,851.1358032226562,3639409
2024-06-12,852.1301287279188,860.9795790775531,845.4184853569578,854.864501953125,3293555
2024-06-13,858.8914969540625,875.4469086181147,853.3233428884423,869.083251953125,4081481
2024-06-14,872.414228350056,878.6287129357262,866.9454819146662,873.6073608398438,3033968
2024-06-18,875.9937240328848,882.8545391093802,867.8403083344144,873.8062133789062,2186628
2024-06-19,876.3417148135,877.534907965412,845.7664513234206,854.9141845703125,4384765
2024-06-20,856.8531518743133,871.6685076993132,852.1301434943853,869.5307006835938,1952972
2024-06-21,870.0278554451332,874.7011600634753,849.14718691445,851.2352294921875,2496508
2024-06-24,844.6727559967068,844.6727559967068,828.7636752480931,835.6741943359375,4054032
2024-06-25,836.2210568729366,838.7068507399787,809.6727662352624,819.9639892578125,6394175
2024-06-26,820.7594162232876,831.2494540136657,817.4284160890652,821.0079956054688,4869959
2024-06-27,821.8034213988249,826.2281464526723,807.1869418751191,812.1088256835938,6534966
2024-06-28,812.3573939013243,825.1841138698326,808.3801239189432,820.0633544921875,3751351
2024-07-01,821.306283041914,827.023608862121,814.8929228102775,820.709716796875,1970264
2024-07-02,822.3005706463538,836.221015614974,813.3020094293033,825.6812744140625,3484392
2024-07-03,828.2665268744065,837.7125436875,823.4938147275617,836.3702392578125,1939722
2024-07-04,837.2153596365315,842.1869472828291,828.9128325425446,833.8346557617188,1817264
2024-07-05,835.1770215688721,836.5193259592149,825.3332537452724,828.067626953125,2792876
2024-07-08,828.06762676296,834.9781457334293,823.3446184959355,830.951171875,1202880
2024-07-09,831.2991792584118,836.0221876420388,826.6756390432259,833.7849731445312,1237622
2024-07-10,840.1983190274817,848.1528593259667,818.2239257282473,831.9454956054688,4948598
2024-07-11,832.2437644843404,838.1102621293928,825.5818249607195,827.2224731445312,1293318
2024-07-12,833.13865629752,833.13865629752,814.8928937864147,817.0307006835938,2543048
2024-07-15,822.3005702059221,830.9511445694533,813.9980433794143,828.5647583007812,1494904
2024-07-16,828.564813658052,846.8602811046795,826.3773028803402,838.9554443359375,3157792
2024-07-18,837.2153319383405,842.137215683006,822.0022863816387,840.098876953125,4433926
2024-07-19,843.1812742591189,843.1812742591189,803.4085726431227,811.7608642578125,4601334
2024-07-22,810.418503469623,829.1614256187057,800.8730793064163,827.1727905273438,3125767
2024-07-23,832.1940542510567,834.2820967520433,773.7779003898204,804.7508544921875,11426098
2024-07-24,795.4540504504639,824.6870110798495,792.4710977612747,814.7438354492188,6572592
2024-07-25,813.898574992858,817.8261412434855,797.989495041617,807.0875244140625,3694096
2024-07-26,812.8049004342095,838.8560326078031,809.7224795894809,824.9852905273438,5503367
2024-07-29,829.2111386291683,871.0221797548492,825.7807309205505,865.0562744140625,8358895
2024-07-30,869.6798573487956,880.4184746025365,865.056256529943,874.9000244140625,4629527
2024-07-31,882.5499877929688,891.5499877929688,870.4000244140625,889.1500244140625,4091190
2024-08-01,890.0,901.0,867.25,873.9000244140625,6040354
2024-08-02,858.0,866.25,841.4500122070312,844.4500122070312,3305561
2024-08-05,832.75,835.0499877929688,800.4000244140625,810.1500244140625,5834107
2024-08-06,828.5499877929688,844.2999877929688,817.7999877929688,820.7000122070312,5035943
2024-08-07,853.0,853.0,833.5499877929688,845.6500244140625,2323809
2024-08-08,843.5,850.5,830.5,832.5999755859375,2365759
2024-08-09,847.5999755859375,847.5999755859375,829.0,830.9000244140625,1309164
2024-08-12,827.0,840.7999877929688,822.4500122070312,835.4500122070312,1697136
2024-08-13,837.0,837.5,810.0499877929688,813.8499755859375,1433125
2024-08-14,817.7999877929688,823.9500122070312,809.2000122070312,821.6500244140625,2076958
2024-08-16,835.5,874.0,830.4000244140625,866.9000244140625,8826463
2024-08-19,869.0,872.6500244140625,855.2999877929688,857.2000122070312,1552098
2024-08-20,865.0,872.0,860.0,867.3499755859375,1686482
2024-08-21,868.75,871.1500244140625,853.2999877929688,860.5499877929688,1781137
2024-08-22,862.5,866.5,854.0499877929688,859.25,1597012
2024-08-23,859.25,870.5999755859375,847.75,849.5,2524444
2024-08-26,857.75,857.75,841.0,848.7999877929688,1382673
2024-08-27,848.7999877929688,860.4500122070312,843.4000244140625,846.3499755859375,3312432
2024-08-28,848.0,849.5,834.0,837.0999755859375,2135655
2024-08-29,837.0999755859375,838.2999877929688,818.5,831.9000244140625,4348398
2024-08-30,834.0499877929688,849.5499877929688,834.0499877929688,845.0999755859375,4433064
2024-09-02,850.0,853.9500122070312,843.3499755859375,848.25,1639881
2024-09-03,850.0,859.25,846.1500244140625,847.5999755859375,2402444
2024-09-04,840.7000122070312,851.8499755859375,835.25,850.3499755859375,1426084
2024-09-05,853.0,854.0,840.1500244140625,841.6500244140625,942254
2024-09-06,840.0,841.0,809.5499877929688,814.25,3788122
2024-09-09,813.5499877929688,832.2999877929688,812.0499877929688,826.75,2517054
2024-09-10,830.2999877929688,836.0,820.9000244140625,829.7999877929688,2172160
2024-09-11,830.0,835.4000244140625,820.25,824.0,1543757
2024-09-12,830.0,837.0499877929688,827.2999877929688,835.9000244140625,1310892
2024-09-13,840.0,866.4500122070312,836.0499877929688,863.5999755859375,4679178
2024-09-16,869.0,880.7999877929688,858.5,862.0999755859375,3120053
2024-09-17,862.0,865.9500122070312,854.0,860.8499755859375,1262957
2024-09-18,857.0999755859375,863.6500244140625,849.0,860.7000122070312,1326773
2024-09-19,868.0,874.9000244140625,833.2999877929688,849.2999877929688,3526011
2024-09-20,854.0,881.0,853.1500244140625,877.5999755859375,4012769
2024-09-23,883.7000122070312,919.0,880.2999877929688,909.6500244140625,6822019
2024-09-24,910.9500122070312,925.9000244140625,910.2000122070312,917.0,5638566
2024-09-25,915.0,923.0,902.6500244140625,920.4000244140625,2956612
2024-09-26,920.9000244140625,928.7999877929688,905.7000122070312,924.0,4276089
2024-09-27,924.0,929.0,905.0,914.0499877929688,4444599
2024-09-30,909.9500122070312,917.9000244140625,893.0499877929688,895.1500244140625,4693690
2024-10-01,896.7999877929688,916.0999755859375,895.2999877929688,913.75,1899090
2024-10-03,888.5,908.0,858.7999877929688,864.8499755859375,5533806
2024-10-04,864.0,866.0499877929688,832.2999877929688,844.8499755859375,6178623
2024-10-07,848.4500122070312,853.75,815.7000122070312,825.6500244140625,4635422
2024-10-08,823.25,843.1500244140625,823.0,840.0,2801195
2024-10-09,844.5,858.7999877929688,840.1500244140625,851.9500122070312,3340138
2024-10-10,860.0,878.7000122070312,854.5,860.7999877929688,4443507
2024-10-11,862.0,862.0,841.75,846.5999755859375,2156169
2024-10-14,850.0,864.7999877929688,843.7999877929688,862.9000244140625,2214137
2024-10-15,865.0,877.25,857.0499877929688,875.4500122070312,2052716
2024-10-16,879.0,887.9000244140625,865.5499877929688,884.75,3343590
2024-10-17,888.0,888.0999755859375,852.7999877929688,861.0,4342357
2024-10-18,860.9000244140625,880.3499755859375,846.75,875.1500244140625,2492488
2024-10-21,875.0499877929688,884.4000244140625,857.0999755859375,860.75,1786182
2024-10-22,858.0,859.0,812.0,815.1500244140625,4910152
2024-10-23,815.5499877929688,818.7000122070312,796.8499755859375,805.3499755859375,6343961
2024-10-24,809.5,818.0,798.0,801.4000244140625,2654323
2024-10-25,805.0,807.75,766.5999755859375,777.0,3787373
2024-10-28,794.0,839.5999755859375,787.5,822.9000244140625,12404776
2024-10-29,820.0499877929688,837.9000244140625,815.0,832.4500122070312,3086644
2024-10-30,830.0,842.4500122070312,823.0,826.4000244140625,2654524
2024-10-31,828.9000244140625,829.5999755859375,814.2999877929688,819.8499755859375,2475258
2024-11-01,824.0,828.4000244140625,819.0,823.75,276864
2024-11-04,824.25,825.0,788.0499877929688,789.9000244140625,3511025
2024-11-05,790.4000244140625,800.4500122070312,773.5499877929688,799.0499877929688,3602796
2024-11-06,807.0,831.0,803.8499755859375,828.2000122070312,2936349
2024-11-07,825.9500122070312,829.0,801.5499877929688,803.4000244140625,3183930
2024-11-08,804.2000122070312,808.4000244140625,783.0,786.0,2045558
2024-11-11,785.0,791.5,771.7999877929688,777.5,2034527
2024-11-12,781.0,788.5,762.0999755859375,764.8499755859375,2258658
2024-11-13,762.0,769.5,743.9500122070312,748.5499877929688,4136515
2024-11-14,752.0499877929688,771.0,751.0,762.7000122070312,1985408
2024-11-18,779.9500122070312,779.9500122070312,756.0999755859375,759.5999755859375,2762739
2024-11-19,763.0499877929688,777.2000122070312,758.7999877929688,763.1500244140625,1919376
2024-11-21,766.9500122070312,781.4500122070312,744.6500244140625,773.9500122070312,4250528
2024-11-22,780.5499877929688,808.9000244140625,775.9000244140625,803.4000244140625,5603939
2024-11-25,822.0,838.9500122070312,815.3499755859375,823.2999877929688,7824936
2024-11-26,826.0,833.75,820.0,827.3499755859375,1954044
2024-11-27,825.5499877929688,829.0,818.0499877929688,823.7000122070312,2279120
2024-11-28,823.7000122070312,826.4000244140625,808.9500122070312,813.8499755859375,3511735
2024-11-29,814.2000122070312,828.6500244140625,807.2000122070312,822.9500122070312,2517628
2024-12-02,828.0,852.7999877929688,822.25,849.0999755859375,4392800
2024-12-03,860.0,862.0,842.4000244140625,846.9500122070312,3983809
2024-12-04,853.0,853.0,840.9500122070312,847.9500122070312,1677057
2024-12-05,854.0,854.0,844.4000244140625,850.25,1991220
2024-12-06,852.9000244140625,858.4000244140625,843.0,856.8499755859375,2604765
2024-12-09,856.8499755859375,873.4000244140625,855.2000122070312,862.7000122070312,3507045
2024-12-10,865.0,871.0,860.7000122070312,868.4000244140625,2333620
2024-12-11,863.0,882.6500244140625,863.0,875.75,3124962
2024-12-12,877.7999877929688,879.4500122070312,861.5499877929688,867.0999755859375,1752393
2024-12-13,862.5,872.9500122070312,846.0999755859375,870.8499755859375,2141188
2024-12-16,870.8499755859375,896.5999755859375,870.8499755859375,893.2999877929688,5928710
2024-12-17,885.0,894.7999877929688,870.9500122070312,872.4500122070312,3979629
2024-12-18,880.0,881.3499755859375,866.9000244140625,871.4500122070312,3550474
2024-12-19,860.0,871.6500244140625,853.0,864.4000244140625,2850728
2024-12-20,863.0999755859375,869.7000122070312,824.5,830.7000122070312,2873364
2024-12-23,837.7999877929688,854.0,832.5499877929688,844.25,3024905
2024-12-24,845.4000244140625,851.9000244140625,834.2999877929688,841.7000122070312,2883051
2024-12-26,840.0,844.75,831.9000244140625,838.7000122070312,1616769
2024-12-27,840.5999755859375,846.8499755859375,818.0999755859375,834.8499755859375,1052649
2024-12-30,832.0,839.8499755859375,817.0499877929688,820.7000122070312,4581041
2024-12-31,810.0,828.4500122070312,809.9000244140625,824.9000244140625,1292892
2025-01-01,821.5499877929688,826.25,814.5999755859375,824.5,929268
2025-01-02,820.0,838.25,815.25,835.4000244140625,2509773
2025-01-03,834.5999755859375,839.8499755859375,824.1500244140625,828.0499877929688,2125279
2025-01-06,829.0,834.0,801.5,805.8499755859375,3125197
2025-01-07,809.0,817.5,804.5,810.7999877929688,2290843
2025-01-08,808.0,811.4500122070312,794.75,802.5999755859375,2432853
2025-01-09,803.5999755859375,804.0,778.7999877929688,780.6500244140625,2395731
2025-01-10,781.0,784.5,750.1500244140625,752.1500244140625,4994931
2025-01-13,743.0,747.9500122070312,707.0499877929688,710.7999877929688,6770170
2025-01-14,719.9000244140625,726.0,711.1500244140625,723.25,4474786
2025-01-15,730.0,742.0,719.8499755859375,734.7999877929688,5333750
2025-01-16,744.0,760.5,739.7999877929688,740.8499755859375,2401114
2025-01-17,735.2999877929688,753.5499877929688,735.2999877929688,749.0,2084685
2025-01-20,753.8499755859375,763.5,749.0499877929688,760.5999755859375,1627004
2025-01-21,762.0,764.3499755859375,736.5999755859375,737.9000244140625,2287256
2025-01-22,741.6500244140625,744.9000244140625,700.7999877929688,713.7999877929688,5828129
2025-01-23,713.7999877929688,724.4000244140625,707.0,715.0499877929688,2810434
2025-01-24,718.0,720.0,691.0999755859375,695.25,3432119
2025-01-27,696.5,731.7000122070312,696.5,703.9000244140625,17509736
2025-01-28,723.0,741.7999877929688,710.25,726.75,9561702
2025-01-29,730.0,748.6500244140625,725.0,745.4000244140625,3831233
2025-01-30,745.4000244140625,769.75,745.0999755859375,750.0499877929688,5414885
2025-01-31,751.9500122070312,754.0,737.0,745.0499877929688,3386278
2025-02-01,749.0,767.4000244140625,737.0499877929688,760.6500244140625,2992277
2025-02-03,756.75,757.4000244140625,734.75,748.6500244140625,3009915
2025-02-04,754.7000122070312,766.4500122070312,752.5999755859375,762.2000122070312,2249829
2025-02-05,768.7999877929688,774.0,761.0,763.4000244140625,1747014
2025-02-06,791.0,793.5,760.9000244140625,764.0499877929688,5368289
2025-02-07,766.5,771.3499755859375,750.0,757.4500122070312,4167198
2025-02-10,758.0,760.9500122070312,727.75,730.9500122070312,2070161
2025-02-11,729.0499877929688,730.4500122070312,702.7999877929688,709.0999755859375,3036850
2025-02-12,709.0,709.0,674.2000122070312,680.0499877929688,7283534
2025-02-13,682.0,696.0,671.1500244140625,680.6500244140625,6643970
2025-02-14,685.0,694.5499877929688,660.0999755859375,673.2999877929688,3262328
2025-02-17,670.0,679.0,650.3499755859375,674.75,2808264
2025-02-18,674.75,675.2000122070312,660.6500244140625,672.0999755859375,2872673
2025-02-19,668.0,696.5,663.8499755859375,690.1500244140625,3466893
2025-02-20,689.9500122070312,698.4500122070312,683.25,694.9000244140625,1903490
2025-02-21,694.0,707.5,680.5,686.25,3053379
2025-02-24,679.9500122070312,680.9500122070312,668.2000122070312,673.7000122070312,2459765
2025-02-25,672.5499877929688,675.0,655.0499877929688,656.7999877929688,4142697
2025-02-27,660.0,666.4000244140625,640.0,642.4000244140625,3207791
2025-02-28,631.1500244140625,641.0499877929688,625.0999755859375,635.5499877929688,5887750
2025-03-03,639.9500122070312,651.0,622.0,647.2999877929688,3527932
2025-03-04,636.0,649.75,629.75,643.2999877929688,2270848
2025-03-05,640.0,663.8499755859375,639.3499755859375,661.3499755859375,2310187
2025-03-06,668.0,670.5999755859375,662.4000244140625,665.2999877929688,2348012
2025-03-07,672.0,679.2999877929688,661.7000122070312,667.0499877929688,5371744
2025-03-10,666.8499755859375,671.0,643.0,647.0999755859375,2379990
2025-03-11,641.0,674.9500122070312,636.0499877929688,674.0999755859375,3958044
2025-03-12,678.9500122070312,683.0,659.1500244140625,668.7000122070312,4082620
2025-03-13,670.9500122070312,675.0499877929688,656.7000122070312,658.0999755859375,2911477
2025-03-17,661.7999877929688,662.2999877929688,651.9500122070312,655.5499877929688,1805199
2025-03-18,655.5499877929688,655.5499877929688,655.5499877929688,655.5499877929688,0
2025-03-19,677.0,698.7000122070312,675.7999877929688,697.5499877929688,3398422
2025-03-20,698.0,706.5,689.0499877929688,694.2999877929688,4635864
2025-03-21,694.9000244140625,717.5,694.2999877929688,695.9000244140625,7145524
2025-03-24,710.0499877929688,714.0,691.4000244140625,706.0,6247058
2025-03-25,710.0499877929688,713.7000122070312,691.5999755859375,695.2000122070312,2989679
2025-03-26,695.5499877929688,703.7999877929688,678.25,680.4500122070312,5591317
2025-03-27,680.0,692.5499877929688,672.0,688.5,2634496
2025-03-28,693.0999755859375,695.0,678.1500244140625,680.5,2797361
2025-04-01,678.3499755859375,678.8499755859375,653.3499755859375,663.0999755859375,3528179
2025-04-02,662.5,685.0,658.0499877929688,683.1500244140625,3607433
2025-04-03,677.0499877929688,691.7000122070312,675.5499877929688,680.0499877929688,1979635
2025-04-04,678.0,679.7000122070312,648.75,653.9500122070312,2860941
2025-04-07,615.0,627.4500122070312,601.2000122070312,608.0499877929688,4377794
2025-04-08,621.0499877929688,632.9000244140625,611.25,621.5499877929688,3688073
2025-04-09,620.0,624.3499755859375,607.0499877929688,612.8499755859375,2405075
2025-04-11,625.0,632.5,618.0,623.5999755859375,2743770
2025-04-15,635.0,663.7999877929688,630.4000244140625,662.7999877929688,5255187
2025-04-16,662.7999877929688,665.6500244140625,652.0,656.25,2166202
2025-04-17,660.0,673.2000122070312,656.5,669.4000244140625,3423114
2025-04-21,690.0,690.0,667.0499877929688,675.9000244140625,3481313
2025-04-22,678.0,693.0,668.2000122070312,685.0,3717001
2025-04-23,690.0,695.9000244140625,679.2999877929688,687.7000122070312,3113518
2025-04-24,689.0,689.5499877929688,678.25,680.5,1968312
2025-04-25,681.0,685.9000244140625,648.9500122070312,653.5499877929688,4496994
2025-04-28,655.0,665.0,653.0,663.9000244140625,2545802
2025-04-29,667.2000122070312,670.9000244140625,655.3499755859375,658.8499755859375,3145915
