Date,Open,High,Low,Close,Volume
2010-01-04,143.37462091008456,145.4986839662263,141.78156686574647,144.70216369628906,5677267
2010-01-05,146.11819738853404,159.12811244781858,145.1446607257836,155.05697631835938,32066373
2010-01-06,155.63223280225114,155.67647341392336,149.34852643633107,151.38409423828125,18459749
2010-01-07,155.01272583007812,156.4287767355512,152.13638340071157,155.01272583007812,15284125
2010-01-08,154.8799574444443,156.56150586634263,152.6673866238094,153.3754119873047,10197755
2010-01-11,154.4374634471125,156.3845233226306,150.98585791798774,151.95938110351562,11270777
2010-01-12,152.2248795432963,153.1099079127341,147.35722351138858,148.55201721191406,14443143
2010-01-13,145.98543690559396,152.40189302652166,145.4101738275715,151.4726104736328,16146039
2010-01-14,152.22488480217518,153.02140496040192,150.01231380214358,151.2071075439453,7547095
2010-01-15,151.3398437192317,152.0036149636143,146.69344500855354,147.4457244873047,4959476
2010-01-18,147.09172875974718,149.48130292373867,146.3837032840742,148.02101135253906,7243749
2010-01-19,146.9147290188842,149.52556035778503,143.3746150666219,144.2596435546875,7199947
2010-01-20,144.25962293345825,147.93248523212688,143.9056169906207,146.69345092773438,8116917
2010-01-21,146.02968244292032,146.69345372675178,143.10908609316965,144.1268768310547,12563207
2010-01-22,141.69304621211643,144.34813129913076,137.40065325299213,142.79933166503906,13929809
2010-01-25,142.5780769112574,146.64919934206026,139.17071225862574,140.89651489257812,16233827
2010-01-27,138.5069219784217,139.3034420065458,131.5594447713305,132.79849243164062,11669010
2010-01-28,133.32952708232128,138.3741999181472,129.03714731544716,130.9842071533203,10480370
2010-01-29,130.0991549934605,131.86921152398378,123.72695418446865,130.40892028808594,12497942
2010-02-01,128.32913137858773,134.08181657831753,125.85104889934996,132.22325134277344,11674392
2010-02-02,134.52430693227834,137.84316318883126,132.975507345887,133.68353271484375,17608116
2010-02-03,134.61279806779922,139.3476909563348,134.61279806779922,138.28565979003906,8298172
2010-02-04,130.09914214593604,137.17936756884413,127.62106054702656,129.34686279296875,9673582
2010-02-05,126.02804099377211,126.95732353114859,120.62937576068454,122.26667022705078,14972307
2010-02-08,121.24888077003783,127.26707609309241,118.32828459074335,120.54085540771484,19708455
2010-02-09,121.24889424863971,122.3551797801054,118.19554888268682,118.94781494140625,18330897
2010-02-10,120.36388221153845,124.56776780348557,119.47885366586537,120.806396484375,14882092
2010-02-11,121.47016556310395,124.21375940383747,121.24890843093071,122.35519409179688,7393889
2010-02-15,123.01894966018997,125.40852367931568,121.82415589839619,124.65625762939453,10201088
2010-02-16,125.58552140530638,129.65665734488243,123.46145870041707,128.68312072753906,8799233
2010-02-17,130.89568695465618,137.00239064394148,130.49742689989995,135.18807983398438,17420796
2010-02-18,135.7633709061357,137.0024189490426,133.01979056973593,135.05535888671875,19301034
2010-02-19,133.63929290015335,134.74557843740627,129.56815672127775,132.66575622558594,16060506
2010-02-22,134.43582513666038,138.50696168049214,134.43582513666038,136.42713928222656,13256828
2010-02-23,135.85188629876097,138.41846376516028,134.39159455140694,137.00242614746094,11954477
2010-02-24,136.29435405115927,140.18847305083708,134.4357892759505,137.17938232421875,14604618
2010-02-25,138.06442064464824,138.90519486434852,134.6128155303163,135.71910095214844,10630962
2010-02-26,136.29439848096942,145.9412044002394,135.719135317738,143.94989013671875,22690392
2010-03-02,145.14466215553452,152.93291502087027,144.7906561862083,149.7910614013672,16002606
2010-03-03,150.45482495022537,152.8001447609002,149.2600312326596,151.7381134033203,12093085
2010-03-04,151.33988024375466,151.33988024375466,147.93251496513608,149.746826171875,9418953
2010-03-05,149.56978171212333,152.66738074166435,148.15373103969196,148.68475341796875,8038800
2010-03-08,150.54332390201967,151.42835222947548,146.16242287754488,147.09170532226562,6279658
2010-03-09,148.50779484927187,148.50779484927187,142.93211222862465,143.463134765625,7726110
2010-03-10,144.25962131379958,146.2066809864679,142.26830752265818,143.99411010742188,6348450
2010-03-11,144.1711351131796,144.1711351131796,139.96724980043507,141.38330078125,8638775
2010-03-12,142.31255842366826,147.4899660609063,141.42753009205896,146.0739288330078,13238296
2010-03-15,146.02970208836777,148.68478758088355,143.90563909614042,146.60496520996094,8289897
2010-03-16,141.9585321267818,150.7645744042228,141.9585321267818,150.05654907226562,7951866
2010-03-17,149.83531612275928,154.614464250083,149.83531612275928,153.5081787109375,11135993
2010-03-18,154.87995914953646,157.3580411968212,152.7116424223351,156.0747528076172,9317430
2010-03-19,156.29602390071972,157.4465500396678,154.26045583998842,155.41099548339844,5724048
2010-03-22,153.99494643331101,154.74722599870685,149.21579832509656,149.7910614013672,6053740
2010-03-23,150.54333654096766,151.95937388110482,148.77327973744994,150.85308837890625,5860011
2010-03-25,150.27783091088568,159.3051182438091,149.65831370749666,157.2252960205078,19185843
2010-03-26,157.5350731798395,159.70339030642216,156.25178455426715,158.11033630371094,6747907
2010-03-29,150.63185902540997,164.57105892076407,150.63185902540997,163.06651306152344,11598451
2010-03-30,163.55324386433614,165.411795320335,162.3141960558758,162.80096435546875,8173731
2010-03-31,162.84523572198276,163.99577541438927,158.95111592172034,160.41140747070312,10320209
2010-04-01,161.0751476469494,163.46472131224843,159.83611345144914,162.6239471435547,5545989
2010-04-05,162.84521549566088,166.34107475785493,162.75670725936806,165.7215576171875,5644992
2010-04-06,165.72157112455287,166.73934840257178,162.62397166428087,163.37625122070312,4279282
2010-04-07,163.37625122070312,165.19054867243577,161.69468912530687,163.37625122070312,4052396
2010-04-08,163.46475003237595,163.73026126504956,155.45523995608514,156.20751953125,7047391
2010-04-09,156.6500338757059,160.01314464850617,156.6500338757059,158.2430877685547,4913419
2010-04-12,159.74762428484743,170.81047915221913,158.42008170076284,159.5263671875,5309602
2010-04-13,159.5706053421896,160.54412837043657,156.20749509810884,157.8448028564453,4145545
2010-04-15,158.59707341296928,161.29641250977252,155.58798250455746,156.4287567138672,4625447
2010-04-16,157.5350691568544,157.5350691568544,152.1806441615856,154.43746948242188,6664000
2010-04-19,153.10992142408517,158.37583798604416,150.45483608147097,157.71206665039062,12455984
2010-04-20,158.33156455464209,161.2964148941236,157.75630153567917,160.8096466064453,8587205
2010-04-21,161.51768682872043,162.53546411106183,158.77409332189984,159.12811279296875,5585171
2010-04-22,158.42007577866937,161.20790969924704,156.47301609568967,159.08384704589844,6094865
2010-04-23,159.0838634449671,159.74763478062064,157.31380654989098,157.71206665039062,4148358
2010-04-26,157.80055853016412,163.90724878301785,157.80055853016412,162.97796630859375,6101678
2010-04-27,162.8452042144983,163.55322954240984,161.20789648773163,162.6239471435547,5788376
2010-04-28,159.3050791852845,160.10159917942738,151.5168281686677,158.68556213378906,4410958
2010-04-29,159.6148565321149,160.41137658648452,158.0218029189158,159.5706024169922,3742301
2010-04-30,159.26087344338836,160.41141317672088,157.313813473998,157.9775848388672,5092041
2010-05-03,155.76499788123837,156.38451505828277,151.69386185301227,153.06565856933594,7007902
2010-05-04,153.3311732009775,154.4374587219081,143.064838164957,144.2153778076172,9213219
2010-05-05,139.83446511625306,146.0296629378592,139.56895393729232,144.83486938476562,12121034
2010-05-06,144.7021087088236,145.98539688027316,140.27696776971584,145.14462280273438,8407320
2010-05-07,142.48958657855636,145.896951659394,139.83450111435965,144.2596435546875,8305759
2010-05-10,145.14467062974836,155.986269503007,145.14467062974836,155.2782440185547,11428497
2010-05-11,157.5350652725128,157.5350652725128,149.2158031823786,150.41058349609375,10787989
2010-05-12,150.67608437551806,153.41967780411096,147.93249094692516,151.03009033203125,8811855
2010-05-13,151.33986114997808,153.02140976097078,148.77328411120772,149.7910614013672,5452913
2010-05-14,148.68475247236282,150.41055493409647,143.9940998422832,144.61361694335938,5912915
2010-05-17,143.19762115649291,147.18024960550528,140.01151299549747,145.01193237304688,8852193
2010-05-18,144.70213987525742,146.38368839251257,141.73728940569237,144.1268768310547,7653429
2010-05-19,141.6045421076278,144.03837017510264,136.9138889494203,138.50694274902344,7369071
2010-05-20,139.8344816656223,140.94076712183767,136.47137117783535,138.5511932373047,7011103
2010-05-21,136.2943605163498,136.2943605163498,131.6037077457392,134.21453857421875,11850986
2010-05-24,134.61280648775693,137.7546460711398,127.62107498876817,128.86012268066406,8318493
2010-05-25,125.67404501580933,128.24062222350193,120.05410872775379,121.91267395019531,14806296
2010-05-26,123.01895034561365,132.3117487530161,122.66494437949738,131.1612091064453,18968080
2010-05-27,129.2141482706054,132.35600183698165,127.13432609871158,131.3382110595703,16103054
2010-05-28,133.55075073242188,137.79888881730423,132.13471370710022,133.55075073242188,20244094
2010-05-31,133.550757344713,133.550757344713,128.86011842954997,132.97549438476562,9454632
2010-06-01,132.48872934798294,133.5950146857324,126.42629379979174,127.0900650024414,11739507
2010-06-02,126.55905215650962,128.59462003194702,123.54996121331395,126.29354095458984,14440374
2010-06-03,128.3291019248448,130.54167264768694,127.66533070799214,129.1698760986328,11215040
2010-06-04,129.21412215342443,131.69220390931343,127.09005979378193,130.6301727294922,19675237
2010-06-07,125.67404187493585,128.24061901848398,119.47884262757985,124.479248046875,12602534
2010-06-08,124.7889876223099,126.07227592888141,116.20421599741177,116.95648193359375,21279339
2010-06-09,118.77082113945373,120.58513225221454,114.47844104819954,117.66453552246094,40781259
2010-06-10,119.21332813190911,123.19595611073322,117.44327125243173,122.5764389038086,28929979
2010-06-11,123.90397047911067,125.18725890103781,121.60289133985704,123.46145629882812,23380410
2010-06-14,125.18727291501932,127.44409818799083,123.94823847331,126.78032684326172,14760925
2010-06-15,127.26709007793661,128.6831274537244,125.23152200175073,128.1078643798828,10650397
2010-06-16,129.21414783627944,130.71869343211088,127.39983689522013,128.4618682861328,14186472
2010-06-17,129.16990420125816,130.80721229416343,125.98380976986438,129.8779296875,13790916
2010-06-18,129.21413323887967,129.745155626577,126.16078827077081,128.6388702392578,12393937
2010-06-21,130.5859294338722,136.82538170079278,129.92215820344364,135.9403533935547,17769311
2010-06-22,135.40933220130856,135.71909751335716,132.53299017742455,134.21453857421875,12104604
2010-06-23,131.780743899121,135.67487756878376,131.47099201351642,134.5243377685547,11656511
2010-06-24,134.25878404752683,135.63058054841906,132.2232163530861,133.63926696777344,14169449
2010-06-25,133.639282945832,133.99328888959943,130.89568961602055,131.4267120361328,8872985
2010-06-28,132.66572711431732,134.08177769305735,132.04621005029074,133.32949829101562,6726186
2010-06-29,132.57728201430234,133.10829105173093,126.11657077543961,127.6211166381836,14194437
2010-06-30,126.5590692539941,128.28487204292878,124.56775522727041,127.88661193847656,17415650
2010-07-01,126.5590704082919,127.35559062446113,124.7890134795046,126.51481628417969,9715574
2010-07-02,126.51479872255383,128.68311545843986,125.32001856414844,127.22282409667969,10262312
2010-07-05,128.15212075878947,128.15212075878947,125.01026709722343,125.36427307128906,4280612
2010-07-06,125.67402486424079,128.3291098965839,125.2315106921836,127.31133270263672,7527587
2010-07-07,128.28487301304688,128.28487301304688,124.8332674090757,125.67404174804688,6342134
2010-07-08,126.11654327607293,128.72737427808886,126.11654327607293,128.1963653564453,8500986
2010-07-09,128.32913341138186,132.66576769039497,128.32913341138186,131.86924743652344,12103941
2010-07-12,131.8692228897758,134.0817937436311,131.470962836974,132.31173706054688,6830506
2010-07-13,132.75429104268758,134.43583999410905,131.2054909805229,133.9048309326172,8575696
2010-07-14,135.5863229926817,137.00237357142174,132.17897238830588,133.32949829101562,12395429
2010-07-15,132.7542307497071,134.39153833073698,131.9134566558507,133.55075073242188,8889649
2010-07-16,133.19675871397314,134.0375328953288,132.6657363339274,132.88699340820312,4468616
2010-07-19,130.9842222527531,135.71913028326986,130.9842222527531,135.05535888671875,9645201
2010-07-20,135.4093485645604,137.53341137555302,134.61282838655367,135.2323455810547,7837473
2010-07-21,135.85186114804029,138.9494605878979,135.71911228811686,138.4626922607422,8207899
2010-07-22,138.949481906593,139.9230187102719,137.4891902055386,139.74600219726562,7704895
2010-07-23,140.54250604170792,140.9850202209926,138.94945229539084,139.92298889160156,7324402
2010-07-26,140.27699925202015,140.8080216856736,137.26790813988129,137.66616821289062,3736244
2010-07-27,138.77244003942542,140.98501078780765,138.06441469905107,139.1707000732422,4977694
2010-07-28,139.12645425558767,140.89651095986858,138.94945128605178,140.09999084472656,4181762
2010-07-29,138.94941986273534,143.37456062269507,138.94941986273534,142.48953247070312,7867795
2010-07-30,142.04705549631362,144.1711182141001,141.20628123320904,141.914306640625,7013058
2010-08-02,142.84358712244762,146.02969495971735,142.84358712244762,145.49867248535156,5540710
2010-08-03,146.5164220799042,147.75545616546967,143.46307747268605,146.47216796875,10320953
2010-08-04,146.3836597464416,147.35719617399926,144.74636566940572,146.47216796875,4790269
2010-08-05,146.91470567670373,148.4192511664766,145.8084202423912,146.20668029785156,5043808
2010-08-06,146.02965099055592,147.13593622533287,144.3038487251956,145.14462280273438,2925175
2010-08-09,145.36591196633404,148.24225421224324,144.92339777465568,147.843994140625,3014407
2010-08-10,147.7997561018832,150.0123273010132,143.72861969369885,144.79066467285156,7271355
2010-08-11,144.96766784841878,150.72035297332062,144.43664535818115,145.63143920898438,15462609
2010-08-12,144.2596449252374,148.59627915617403,143.37461642876357,147.7997589111328,7146376
2010-08-13,147.57851694405562,150.277856836429,145.85271389957575,146.95899963378906,4460420
2010-08-16,147.1359449958862,149.5697726574723,143.46308319927635,145.7198944091797,5587990
2010-08-17,145.67565025012036,150.10079134514882,145.67565025012036,148.81748962402344,6803834
2010-08-18,149.5697789338604,156.6500051555816,149.3485218644316,155.85348510742188,10047685
2010-08-19,159.21660753238947,167.2703715650858,154.61446244418957,159.12811279296875,14282508
2010-08-20,158.8625789891221,159.2165849054197,156.03049114536125,158.0218048095703,6310503
2010-08-23,155.76500509133325,158.37583628259668,153.81794522858402,155.3667449951172,4126181
2010-08-24,157.41807094313626,157.41807094313626,149.43568423186576,150.28297424316406,5685105
2010-08-25,149.83703556729225,149.83703556729225,144.57490702375452,145.9573211669922,7169610
2010-08-26,147.16137696872556,148.2316388066746,142.7465383814873,146.3140869140625,4902050
2010-08-27,145.82354192035956,149.61406212318235,144.75328011432714,146.2694854736328,6715308
2010-08-30,147.65193053574126,150.06002328415354,146.93841804495867,148.98976135253906,3701636
2010-08-31,147.96406012513293,148.94514135012778,144.79787189989366,148.41000366210938,4613836
2010-09-01,149.4803019291434,155.9464842055148,148.4992205539085,155.41134643554688,6357838
2010-09-02,156.30321499577428,157.46267095294442,153.8951225364931,154.87619018554688,4859996
2010-09-03,154.16270847305205,155.85728871500405,151.57622741903427,152.0221710205078,3253678
2010-09-06,154.29646962179265,160.67345699777474,154.29646962179265,159.6031951904297,7832701
2010-09-07,158.30993539714018,162.99234193705558,158.30993539714018,161.16397094726562,7569714
2010-09-08,160.00451851370437,162.680179449446,159.068048073487,161.69911193847656,5074604
2010-09-09,161.87751332927212,164.01803698749978,158.48833952948038,162.68020629882812,8061672
2010-09-13,163.66128439946382,171.68826837545933,163.21534084524185,170.39503479003906,9713766
2010-09-14,171.10854153119493,171.6882626888352,165.13288721525112,166.29234313964844,9656480
2010-09-15,165.89098934551723,172.0004210096841,165.89098934551723,169.4139404296875,7910999
2010-09-16,168.56666122783642,170.9747536664107,165.04370991870772,165.98019409179688,5635160
2010-09-17,166.7828806317179,170.57340064607513,166.7828806317179,168.6112518310547,11068914
2010-09-20,168.5666826400766,173.9180058984917,166.91668585841774,172.9815216064453,8555553
2010-09-21,172.98151631287797,174.05177820998514,168.8342463581682,170.88558959960938,6149036
2010-09-22,171.19769850843346,172.71390361204126,167.13961013619286,169.2355499267578,6502506
2010-09-23,169.4585631368403,171.3761151181625,167.4964140749742,169.1909942626953,3745657
2010-09-24,169.19101905909022,171.46533440896556,168.74507540653113,170.4842529296875,4633382
2010-09-27,171.24232010481242,178.10984792885912,171.24232010481242,175.56797790527344,9955954
2010-09-28,175.70176260811942,176.59364972795757,171.3761046332573,174.80987548828125,5409781
2010-09-29,175.7017547646972,176.9949883089084,169.72611405036082,170.84097290039062,7087483
2010-09-30,171.24232063992596,177.21796139876665,168.38828468441724,175.74635314941406,9800700
2010-10-01,176.147708807207,183.19361171584825,174.63150340258875,182.25714111328125,10584850
2010-10-04,183.72873577631074,187.51925581053075,182.21253048444606,183.63954162597656,8647304
2010-10-05,183.6395260089597,185.51249413376408,180.07197804484886,181.09765625,5160231
2010-10-06,185.2449273252018,189.65976525688262,183.2827786454676,187.69761657714844,7781453
2010-10-07,189.08007759072512,193.80708225231686,186.4044161153847,188.90170288085938,11713223
2010-10-08,188.90167695996226,193.76245858468226,188.0097899238993,191.48814392089844,8710910
2010-10-11,191.80034310418299,195.32329478603432,190.99763646698844,191.84494018554688,6017757
2010-10-12,189.97193613903386,192.4246254553829,184.79898867727454,187.92059326171875,5762596
2010-10-13,189.08007047029852,193.628700250731,189.08007047029852,193.04896545410156,6387491
2010-10-14,193.94083830816407,195.3678630465818,190.95302482520697,192.55841064453125,6205392
2010-10-15,192.64763007184263,194.3868073437231,189.08008136680849,189.61521911621094,5394069
2010-10-18,198.8016393080583,198.8016393080583,184.7990138441404,188.54493713378906,7589379
2010-10-19,189.34763434486607,190.1503272924615,183.2827993336564,184.04090881347656,6754298
2010-10-20,181.23145620773437,184.9327958424845,179.4476820056718,181.18685913085938,5721696
2010-10-21,182.83684124551766,191.66651740348405,181.72198245743525,190.2841033935547,5790174
2010-10-22,189.971941181579,191.9786870391309,187.4746547259134,188.99085998535156,5742617
2010-10-25,190.19491621910657,199.51513330731683,190.19491621910657,197.28541564941406,11487287
2010-10-26,197.55298096824322,197.99892449187357,192.82597689593828,194.20840454101562,3947835
2010-10-27,191.8894773984729,198.48944918481902,191.22056216662725,195.72459411621094,9667913
2010-10-28,196.2151868757203,196.66113048225603,190.28414235244267,192.9152069091797,9680145
2010-10-29,193.3165276135515,193.76247116052625,181.58821777176254,187.7422332763672,7736689
2010-11-01,191.6665454057396,193.3165420968106,188.8125092131005,189.9273681640625,3685565
2010-11-02,190.2841424431242,192.6476381152424,188.7679232928851,192.0679168701172,2738600
2010-11-03,193.22735416538185,196.30437585651302,193.22735416538185,195.23410034179688,3361738
2010-11-04,197.73135573762727,203.52862154721873,196.39352516618308,201.9678192138672,6030744
2010-11-08,210.1286582751493,213.56241629559074,203.79625285228352,205.3570556640625,8195939
2010-11-09,206.69485042154596,209.10294304443937,204.06378600747504,205.80296325683594,4811001
2010-11-10,201.12052613453875,205.758335988767,197.68675561054653,203.43943786621094,11377248
2010-11-11,204.24214403892682,212.84884903185488,201.07594214095414,208.656982421875,14312268
2010-11-12,207.809687545696,207.809687545696,197.37461153668397,198.98001098632812,6318087
2010-11-15,199.15840092969736,201.5664934840102,192.42465030608497,199.8273162841797,7869039
2010-11-16,200.6299886809758,200.6299886809758,188.14357001176404,188.99085998535156,7731879
2010-11-18,189.971948686793,200.13945598976335,184.39765441781435,198.17730712890625,14490543
2010-11-19,198.22192492345843,198.22192492345843,187.83144476369387,189.61521911621094,8047785
2010-11-22,190.95301336081235,194.38677016723034,189.57058578017742,191.57733154296875,5086196
2010-11-23,188.18818610713333,190.1503350887965,182.03417029893578,188.0098114013672,8267884
2010-11-24,188.18818783068977,191.44357047036974,183.90712680750454,185.15577697753906,4513480
2010-11-25,186.67197634458424,188.45575057891543,179.35850470564975,180.8747100830078,9144666
2010-11-26,182.83686627115094,185.95847130504862,173.02610759318674,178.42202758789062,12258516
2010-11-29,177.0396141988194,181.6328279648641,175.96935225042367,179.93824768066406,4500392
2010-11-30,178.37742080444806,186.27062711869178,174.45312299039708,184.2192840576172,12987805
2010-12-01,184.66522401746667,193.004360112389,184.66522401746667,190.5962677001953,6762722
2010-12-02,193.80707765206907,196.39354490652468,192.9151905147923,195.10031127929688,7056051
2010-12-03,195.6800491974829,196.12599280423115,189.61522703300184,192.0679168701172,4042692
2010-12-06,192.51385567755116,200.58542387117748,192.51385567755116,197.4192352294922,7244950
2010-12-07,198.44489646326434,203.79621951395913,197.55300928814856,202.28001403808594,9569482
2010-12-08,201.52191419173283,201.52191419173283,196.30438213173701,197.99896240234375,7545929
2010-12-09,198.08811340909074,198.9354033597897,185.20033502922402,187.07330322265625,7719510
2010-12-10,184.62063433329547,193.3165337765304,184.53144017741016,192.02330017089844,6190927
2010-12-13,192.60304099336625,198.8016544040758,188.81252033678112,197.6422119140625,8199332
2010-12-14,198.89082718319835,201.47729438005038,197.2408305723365,200.45162963867188,5936320
2010-12-15,200.98677896329565,201.34352838722265,195.99220537360875,198.04354858398438,6471004
2010-12-16,197.1962589223994,200.76380760586846,192.87060070004588,199.91650390625,6389274
2010-12-20,197.9989211535195,201.87863518733624,196.8394652898063,199.73809814453125,4555601
2010-12-21,200.13946111275936,210.12860758575613,199.82730879117648,208.34483337402344,14269521
2010-12-22,209.50425750687396,212.89343093628327,207.98805228056654,212.35830688476562,11748779
2010-12-23,212.4475020043213,213.16101439776904,207.85428893688646,208.47860717773438,5506362
2010-12-24,207.00699857324346,214.49884466897026,206.73942972501385,213.69615173339844,7848214
2010-12-27,213.16102327952575,215.16776931458404,210.306987195933,211.95697021484375,4541339
2010-12-28,211.42186514858156,214.32049857143312,210.6637555789575,211.82321166992188,3782113
2010-12-29,212.7150748558722,216.68396975714575,212.4921030792937,215.43533325195312,5771078
2010-12-30,216.19341890063706,218.69070540201483,214.8555883044472,218.20016479492188,6462622
2010-12-31,218.28938122027316,221.09882031531384,216.9961475671452,220.29612731933594,5523415
2011-01-03,221.18798815258293,222.74879048833705,218.86907638153028,219.493408203125,3842790
2011-01-04,220.60830442126488,221.09883149409805,215.21238413803187,217.7096710205078,6877660
2011-01-05,216.72859913050283,222.4812691016491,215.92590605885235,219.85020446777344,8279087
2011-01-06,222.0798869070912,225.5136576703858,219.85016916706016,224.1758270263672,11312988
2011-01-07,224.26501650143808,224.26501650143808,205.66917797450458,208.0772705078125,19294019
2011-01-10,209.28132335363716,209.28132335363716,196.92869395745305,198.08815002441406,16700765
2011-01-11,197.99895425023433,208.7016004259227,197.99895425023433,205.669189453125,11698426
2011-01-12,208.4786346435547,212.98266776088624,201.96785531040283,211.82321166992188,10778556
2011-01-13,211.60020648707956,214.90018591068173,207.0069935391205,208.92454528808594,7929497
2011-01-14,208.61241848797172,212.93807701442555,203.97460759524054,205.13406372070312,7434960
2011-01-17,204.06378406477344,206.96241732248578,199.55975120404295,200.54083251953125,8379481
2011-01-18,201.2543349354184,205.66918732449173,201.2543349354184,204.6435089111328,5802374
2011-01-19,205.13401309639292,212.00154037823162,204.24212608293035,210.1285858154297,9212642
2011-01-20,207.1407846527422,213.82993808609234,206.91781287163056,210.93130493164062,8696988
2011-01-21,207.8989114968212,211.37726612870946,207.8989114968212,209.1029510498047,5496192
2011-01-24,209.1475229965171,210.39615948120772,205.3124057805145,206.96240234375,4656651
2011-01-25,207.9880693058898,212.89344836314717,207.36375105678957,209.6826629638672,6623592
2011-01-27,210.52993085060038,212.26910779347165,206.5164393166902,207.76507568359375,11947821
2011-01-28,207.54212439497948,208.8353579615934,194.0746374187921,199.38136291503906,12714864
2011-01-31,196.2151637484384,206.38267133539242,193.89625182412814,204.82186889648438,10647154
2011-02-01,205.58001389950277,208.47864750112265,203.08272684397556,205.0448760986328,8599323
2011-02-02,206.91784357440898,212.17997294580002,206.15973396249285,209.41513061523438,9229394
2011-02-03,209.6380785721127,220.2961273559728,209.32591262411495,219.44883728027344,11916127
2011-02-04,219.89476189710953,224.08662844368544,209.19211695651558,210.97589111328125,11477428
2011-02-07,211.19886658753921,212.89344662254467,203.3056603617489,207.14077758789062,11771926
2011-02-08,209.28133949476046,213.1164574232119,206.0705535337533,208.56784057617188,10511581
2011-02-09,206.82859287922952,207.09616170496324,193.80705065438426,195.6354217529297,12632074
2011-02-10,195.3232853293833,196.25976955621078,188.90170058832305,192.42465209960938,9826787
2011-02-11,192.6475866338648,193.49487653844068,179.75982256467233,188.1435546875,15181005
2011-02-14,187.2516860914249,196.12595964343734,181.58821140876847,195.59083557128906,12331151
2011-02-15,196.2151923232484,196.48276121642215,188.67874788538384,189.4368438720703,10513954
2011-02-16,190.28410212979634,192.24625086196673,185.15575173867677,188.76788330078125,14446222
2011-02-17,189.08007486478937,191.17601510056977,187.78684122550942,188.54493713378906,6790520
2011-02-18,189.48144572159765,193.94088202292554,185.78011903514334,186.9395751953125,8959222
2011-02-21,187.34091107676056,190.41791922770295,183.19362738712618,189.70440673828125,7855519
2011-02-22,187.29628923071036,191.35437821919916,185.60170920036504,189.25843811035156,7735703
2011-02-23,188.41117899221013,192.3800744787429,187.65306939640442,189.4368438720703,8695832
2011-02-24,187.29626673998018,189.03544363788552,181.1868354526728,183.10440063476562,13043592
2011-02-25,186.00306838449933,186.40441488131972,173.47205116945784,178.42202758789062,12435933
2011-02-28,179.71525956158058,186.7165790874034,174.89907442640617,179.58148193359375,13912499
2011-03-01,181.18686190644397,190.2841213636169,180.87470958177147,189.48141479492188,10904058
2011-03-03,187.340892243831,189.61520712124184,183.59496906233417,187.29629516601562,12801838
2011-03-04,189.08004300791882,190.32867935772111,185.06655152897713,187.3408660888672,8571950
2011-03-07,185.95846448625835,188.63412584577287,185.20035499074893,187.29629516601562,8185775
2011-03-08,186.40441234223314,189.74898911870864,185.11117871048617,189.0354766845703,7251481
2011-03-09,189.3922483803324,192.11249339582503,188.36656995643338,189.9719696044922,6555371
2011-03-10,188.18820261601107,188.67874330673916,183.59498889628208,186.6719970703125,8001364
2011-03-11,184.17469845073046,186.00306984966787,181.49903697202737,183.5057830810547,8250452
2011-03-14,181.76658712773542,187.25168715070487,181.76658712773542,186.49359130859375,7810428
2011-03-15,181.2760467981538,183.81793038878564,180.7855061883158,182.1233367919922,8488763
2011-03-16,182.8814527882891,184.62062991347668,180.6071379588359,181.18685913085938,7450369
2011-03-17,179.4922667768922,181.40981846899885,175.56796924504388,176.32606506347656,8563200
2011-03-18,177.88687173470834,179.84902054863016,174.89905824347542,175.52337646484375,7469107
2011-03-21,176.99499563987706,177.48553627603127,169.50314930101817,170.08287048339844,10668392
2011-03-22,171.06396920195965,172.53557765138945,168.87884826436562,171.1085662841797,5082135
2011-03-23,170.61802202615348,175.74637336436518,169.94910663421282,175.12205505371094,7407569
2011-03-24,176.50449296352954,183.14906430122232,175.9693687437349,182.6585235595703,9414606
2011-03-25,186.31521774079323,186.31521774079323,182.03417036439515,184.3084716796875,6928310
2011-03-28,183.505778719367,186.00306542862296,182.1233509330719,183.461181640625,3623626
2011-03-29,183.41660877628163,187.29632378402715,182.74769333419582,185.42335510253906,6142777
2011-03-30,186.8503343626294,187.4746525670775,182.30170502757764,183.059814453125,6814808
2011-03-31,183.72875365857112,187.29630227330065,181.45443869485743,186.53819274902344,9074245
2011-04-01,187.02871830748717,191.75572256224018,186.80574653706597,191.08680725097656,5264467
2011-04-04,190.90842775042205,193.8962412333792,190.4624842208061,192.55841064453125,2510590
2011-04-05,193.31651458161633,196.21514744154828,190.5516593331117,192.1570587158203,7722580
2011-04-06,193.4503364423186,194.25304312183977,188.63415080166837,189.4368438720703,5130496
2011-04-07,189.70438767066958,193.98544856778204,189.70438767066958,192.6922149658203,4481867
2011-04-08,191.88951960938613,193.9854599072032,185.78010064674515,186.4044189453125,8061529
2011-04-11,185.46792712099918,187.83143619574355,183.63955577124688,184.97738647460938,4872688
2011-04-13,184.0855127168958,187.87603331855428,182.83687607999696,186.98414611816406,7534852
2011-04-15,185.55710343789022,190.37328806329805,185.55710343789022,187.4746551513672,6983239
2011-04-18,188.81250677324198,190.06115694765504,181.097688375924,181.6328125,5877222
2011-04-19,181.76662158258034,183.68417369806232,178.3774473608994,182.83688354492188,5369332
2011-04-20,184.04091315257068,192.0233001763002,183.95171899668287,191.17601013183594,7044590
2011-04-21,192.91523319069535,197.4638504315625,192.6476642684983,196.92872619628906,8777639
2011-04-25,196.97326981727664,197.68676860396494,192.46923727844245,195.50164794921875,4171464
2011-04-26,195.10033312399827,200.05031001193956,193.09358684043713,198.89085388183594,9563112
2011-04-27,199.96109176984731,200.45163241303757,195.41247557355373,196.259765625,4931238
2011-04-28,196.8840948877241,198.35570329034968,194.60977985802413,195.36788940429688,6208592
2011-04-29,196.12597221177955,196.12597221177955,190.06115068408076,192.6922149658203,4016688
2011-05-02,192.87057033825948,196.0367720182368,189.2138280697027,190.2841033935547,3572819
2011-05-03,190.1503272924615,191.39897739986424,182.61388400762118,184.04090881347656,4197215
2011-05-04,182.5246925426162,185.6017139749998,178.64499175993004,183.2382049560547,4422055
2011-05-05,181.9449482224965,186.09221733392187,178.91253786243448,180.1165771484375,6990527
2011-05-06,178.42200753004406,182.30170804198366,175.52337461014042,179.89361572265625,6005053
2011-05-09,180.60715593502857,183.95173289678837,179.046353352874,180.69635009765625,4478705
2011-05-10,182.74765057127885,185.0665623381992,179.89361474138047,181.2314453125,4393388
2011-05-11,181.63278863905717,183.68413153466,180.87469282726045,182.70306396484375,3543242
2011-05-12,181.27604858730115,181.27604858730115,172.6247466532976,174.0517578125,8501421
2011-05-13,174.8098798020574,180.33957735968667,174.36393623113378,176.54905700683594,7199317
2011-05-16,176.05848330516918,176.9503702795806,171.68824257419928,173.82876586914062,6309738
2011-05-17,173.82878652324945,176.0139207574844,171.15312528209662,172.53555297851562,3488663
2011-05-18,173.91800242851912,177.03960760031305,173.29368411598404,175.30043029785156,5730595
2011-05-19,175.30041047370696,176.99499050311323,167.89774489591494,169.01260375976562,4390067
2011-05-20,170.30584931749246,173.9179950126558,169.23558745462276,171.33152770996094,5082647
2011-05-23,169.5477304521213,170.6625892436026,167.09504111086247,168.20989990234375,3466591
2011-05-24,166.78290832601238,168.12073914146168,163.30455364949174,166.5599365234375,6722273
2011-05-25,165.84643806386677,168.47750283501284,161.65457054265366,164.01806640625,7130170
2011-05-26,165.89099016574946,168.87881720646726,165.44504664379852,166.38153076171875,7213398
2011-05-27,167.71939324771864,177.48555551530487,166.7829089515679,176.19232177734375,8947292
2011-05-30,176.72743406756572,177.93148716874578,171.06395880686338,172.17881774902344,5704177
2011-05-31,171.95581228038904,176.59362184956467,169.0571795985149,176.01390075683594,8169408
2011-06-01,176.81661986814953,177.26256342393302,174.23015268825228,175.96932983398438,5579947
2011-06-02,173.91797960419015,174.54229783479212,171.59906776582093,173.02609252929688,3544280
2011-06-03,173.29366618173762,175.25581507912065,167.89774650709649,168.700439453125,4183106
2011-06-06,168.56667726236523,170.30585454404218,164.9991285372358,166.15858459472656,6845086
2011-06-07,165.89100590702935,168.07612665011024,164.99911877849692,167.40721130371094,4683354
2011-06-08,166.78290194676066,168.299107424453,162.76940965392416,163.79507446289062,6020295
2011-06-09,164.3302215826316,165.13291464332247,162.0559064318487,163.21536254882812,5010354
2011-06-10,163.88423604797444,165.89098179550066,163.21532079879904,164.776123046875,4951050
2011-06-13,163.97342632189915,163.97342632189915,160.093712524593,160.85182189941406,6475200
2011-06-14,161.43154134575008,162.14505364258196,157.1950782441351,157.64102172851562,10126516
2011-06-15,157.86400518640332,159.33561335042674,154.11808236143054,154.56402587890625,9699189
2011-06-16,152.5126851081087,155.76806738753,152.28971334625476,154.43023681640625,6263926
2011-06-17,156.6153808763236,156.6153808763236,148.67757748675976,151.48703002929688,7948451
2011-06-20,152.20048853926943,152.24508560448004,144.2181037946574,150.37213134765625,6326296
2011-06-21,151.13026211802327,154.2518668801328,149.83702858125838,151.26405334472656,6029770
2011-06-22,152.8694485620014,153.04783687520637,148.18704113184006,149.52487182617188,4528233
2011-06-23,148.94517685820742,150.37220196037717,146.76005572792,148.6330108642578,4632847
2011-06-24,149.88162844797313,155.54510331351185,149.6140595987005,154.16268920898438,7800403
2011-06-27,153.40457385034537,156.83834446447935,152.69106148270652,155.2775421142578,5151561
2011-06-28,155.54511824664348,161.78832848650606,154.87620286380107,161.25320434570312,8319523
2011-06-29,162.10048838601242,164.46398387344058,161.69914189312507,162.36805725097656,5567352
2011-06-30,163.9288764322111,163.9288764322111,159.51403734300982,161.03024291992188,6070224
2011-07-01,164.419402432623,167.58559094489937,162.5018368843136,166.78289794921875,7732219
2011-07-04,168.56667485280983,170.21667155824386,165.31129213131024,169.68153381347656,6927024
2011-07-05,170.88557032624357,170.88557032624357,164.99911014238214,166.47071838378906,4285066
2011-07-06,166.78288549097147,169.2801720597185,165.62342955450498,168.834228515625,3160065
2011-07-07,168.56669670330595,174.8099076923173,167.36264342606293,174.49774169921875,7742851
2011-07-08,173.73963398966933,173.73963398966933,167.00588272538025,167.7639923095703,10383793
2011-07-11,166.78287103709,166.78287103709,159.42480319721838,160.58425903320312,7237024
2011-07-12,157.41804984520314,161.87748468501061,156.0802193932609,156.79373168945312,10294219
2011-07-13,157.86399189552407,159.55857167561535,155.45589982572045,157.95318603515625,6496999
2011-07-14,157.4180642404864,162.14506832477187,156.79374602764486,158.97886657714844,6907656
2011-07-15,159.3356362393885,160.67346698399837,157.23970957163723,157.5072784423828,5194630
2011-07-18,158.5775336857055,163.17074693983125,158.48833952948038,162.68020629882812,7337123
2011-07-19,163.12614121650577,164.99910952503123,161.78831059873525,164.59776306152344,3828351
2011-07-20,165.75722836798025,165.8018118371361,158.4883401011736,159.46942138671875,4303328
2011-07-21,159.4694015730094,159.5585821093582,156.97211520027278,157.730224609375,3079282
2011-07-22,159.73697258526414,160.3612907847091,156.34779914798506,157.596435546875,7794606
2011-07-25,157.15051840375904,162.05589789405815,155.94647887615662,161.43157958984375,6075365
2011-07-26,161.74375185845426,162.8586108770289,157.50728758787068,158.6221466064453,3813056
2011-07-27,158.75593148436693,159.11268094293118,152.78028959413882,153.9843292236328,6914827
2011-07-28,152.95860543478193,152.95860543478193,148.98971139750984,149.7924041748047,5653938
2011-07-29,149.03433343506003,151.93296638522216,148.23162691416059,150.23837280273438,7186074
2011-08-01,152.28969971882108,153.3153642879226,148.18701422418485,150.0599822998047,3269893
2011-08-02,149.74782810000445,150.1491881540314,146.31407117230526,146.9829864501953,4270123
2011-08-03,145.28842195340337,148.41002720748367,142.21141378191945,147.4735565185547,4330209
2011-08-04,148.85596895601114,149.74785616032307,142.96952157302374,143.906005859375,5092685
2011-08-05,139.71411606725673,146.26949203822684,135.5668462793322,145.3330078125,11505554
2011-08-08,140.9181575471795,141.98841931305626,134.2290044990539,135.25466918945312,13043500
2011-08-09,130.39390927389488,137.57360414048978,127.85203885395042,131.9547119140625,18372621
2011-08-10,136.3695052434774,140.29381587476254,134.94249433046733,139.045166015625,18679302
2011-08-11,137.75193134428827,141.27488193784993,136.5478921741191,140.20462036132812,4673973
2011-08-12,142.0330059195366,142.0330059195366,132.89116409426032,133.96142578125,9300179
2011-08-16,134.67495567181902,136.59250754402908,127.45066452657115,128.74391174316406,7224133
2011-08-17,128.87768881961628,130.57226890370129,124.95339093588393,127.13851165771484,7156031
2011-08-18,128.29795224960972,128.29795224960972,121.83177140606968,122.76824188232422,6934947
2011-08-19,119.51288348025909,126.06825977151772,114.3399350555585,124.46286010742188,12695831
2011-08-22,125.31012866625709,129.32362033172438,120.40474996401926,128.78848266601562,8623048
2011-08-23,129.63581950711102,131.37499695332116,126.73718589372089,129.99256896972656,5897813
2011-08-24,129.68038339588793,133.51550078077886,129.3236339871566,130.7952423095703,8489072
2011-08-25,131.9547039756133,132.6236193525858,126.51420040837476,127.80743408203125,7406258
2011-08-26,127.45065558050274,128.38713971642932,123.21419204051178,124.1060791015625,5933179
2011-08-29,125.48854058592126,130.30474017898277,125.39936002125285,128.52096557617188,7194760
2011-08-30,131.10737789777664,135.2546466529381,127.18308087373389,134.31817626953125,9797241
2011-09-02,138.24249428375055,139.93707425390474,133.78305898427473,137.93032836914062,8502094
2011-09-05,135.92358188076304,137.61817545250835,132.4898248808853,136.9046630859375,6547768
2011-09-06,135.56681559231419,139.58030684340244,134.00601343911322,138.73301696777344,7262367
2011-09-07,139.31276752050206,146.00192102125393,138.10872805583733,142.6127471923828,10346586
2011-09-08,143.37086112544222,144.39652591690702,141.0965461431528,141.81005859375,6124824
2011-09-09,142.61273338593202,142.61273338593202,133.33711353984987,133.69386291503906,6304038
2011-09-12,131.10740324656643,131.10740324656643,126.29121836687003,127.4506607055664,6380669
2011-09-13,128.87764665287517,131.33033543000602,125.2209052142349,126.60333251953125,6744964
2011-09-14,128.45127451370104,131.83157121143003,125.47661066880706,130.79495239257812,7944403
2011-09-15,131.7414411932611,132.5076473771596,128.45129082479758,130.0287628173828,7493869
2011-09-16,131.1555035231823,135.1217125609303,129.26253199116616,130.38929748535156,10180314
2011-09-19,129.26257072999326,131.38089599568946,127.18933260293059,129.98370361328125,5262456
2011-09-20,129.44282051391062,135.66256030170607,129.0822473169105,135.25692749023438,6206293
2011-09-21,136.11328810627367,136.6090677343746,130.70481308218334,131.2907257080078,5795587
2011-09-22,128.36112823723803,128.36112823723803,124.80055178680229,125.65689086914062,6272905
2011-09-23,123.4935114247197,124.12449741833295,119.07659571496386,120.69912719726562,9950997
2011-09-26,119.30195133237153,119.88786396273488,112.22585761925183,116.01178741455078,13733719
2011-09-27,119.88784012374997,122.45687077104314,117.81458900981555,121.19488525390625,10136107
2011-09-28,122.59208939473665,122.59208939473665,116.50755554610082,118.80615997314453,6477277
2011-09-29,116.5526383888103,121.14983386198996,115.38079939407163,120.65406799316406,6927393
2011-09-30,118.9864412103627,121.69067851059822,117.40896945189198,118.49066162109375,7273891
2011-10-03,115.8765827649931,115.8765827649931,111.05402025756445,111.7300796508789,6764858
2011-10-04,110.01739400438127,114.34416970611905,109.83710738520595,112.58641815185547,7295474
2011-10-05,114.02868512624426,114.43431801414053,107.53851765651281,108.2596435546875,13942794
2011-10-07,113.44275011505813,114.65965548980806,111.63992529995278,113.48782348632812,13680194
2011-10-10,113.57796640520353,117.09346938738925,112.76669384114871,114.52445220947266,13395507
2011-10-11,116.55262919398047,119.2568664664419,116.37234946004212,117.49911499023438,14384255
2011-10-12,118.08504072900907,120.96955805699291,115.06531014688153,119.61743927001953,9659038
2011-10-13,120.78926469911312,121.14982416657939,115.20051042661372,116.23712921142578,8467734
2011-10-14,114.93009515224585,117.40897955749037,112.7667037504043,116.01178741455078,12177286
2011-10-17,117.00333974969489,118.40053180989514,115.60614768949465,117.36389923095703,10238349
2011-10-18,114.47939093096194,115.3808034579774,111.86529322717078,113.0371322631836,6748421
2011-10-19,115.11036682128906,115.74135278379147,114.02867463493317,115.11036682128906,6498115
2011-10-20,112.67656205891606,114.29910730345708,111.5497964383269,112.40613555908203,5950320
2011-10-21,113.12726798243591,113.12726798243591,109.20612500948704,109.7469711303711,6532613
2011-10-24,111.82021817927158,113.12726349263662,110.42302611831064,111.23429870605469,6283988
2011-10-25,112.31598324403511,113.9835948023453,111.86527704572259,112.9920425415039,15943019
2011-10-28,121.78082911822949,129.93860089577578,121.69068237024426,128.27099609375,31867922
2011-10-31,127.099163499584,127.099163499584,121.78083520954274,122.54702758789062,13641523
2011-11-01,122.00618006850162,124.30477080224334,120.87941451099593,122.4568862915039,8754763
2011-11-02,120.15829272864167,124.304782104603,119.97801297394138,122.72731018066406,6391144
2011-11-03,121.78081719517625,123.49349520351346,120.06812543237777,122.36672973632812,7735734
2011-11-04,125.29633724411258,125.97239661773189,123.5836589993956,125.52169036865234,7225218
2011-11-08,126.42308997829836,127.73013521648646,124.07941222023148,126.06253051757812,4602343
2011-11-09,126.19774346901139,127.73014188881403,120.15828278245834,121.23997497558594,5878833
2011-11-11,122.59210149572891,122.59210149572891,113.8934693891518,116.01178741455078,12200524
2011-11-14,118.5357360667121,119.617428245706,113.12726141728038,113.75824737548828,7465268
2011-11-15,113.57797873889298,115.38080379824049,111.50472716975062,113.08219909667969,5326756
2011-11-16,113.44275647752839,115.02022827921854,109.34133391947277,111.23429870605469,7628209
2011-11-17,111.32445256687055,114.9301028524372,109.11599451785382,110.73853302001953,8880668
2011-11-18,109.70188259774643,112.22583998278976,106.59201267441678,111.50470733642578,9535655
2011-11-21,109.97231524645407,110.87372766650698,106.90751164282801,107.4934310913086,5766985
2011-11-22,108.25962798981823,111.45964476441321,108.25962798981823,109.9723129272461,7230164
2011-11-23,108.07935341021762,108.75541274321245,105.69060905818971,107.67371368408203,7780200
2011-11-24,108.16951021291858,108.43993673934378,104.42864660927536,106.41175842285156,9908978
2011-11-25,105.8258359841546,106.09625562598072,101.67933958106559,102.3103256225586,7896679
2011-11-28,104.02301266038558,113.08220492411246,104.02301266038558,112.09065246582031,9636964
2011-11-29,112.45119474386779,112.45119474386779,109.07089830868138,110.28780364990234,6936757
2011-11-30,109.07091502225649,111.73007920785682,108.48499550826082,110.82866668701172,6423394
2011-12-01,116.68784898599344,120.96955849352692,116.46249585401799,118.31039428710938,11017464
2011-12-02,117.58926488241931,123.35831347893213,116.37236618757015,122.05125427246094,10097525
2011-12-05,121.05969624038643,124.12449310542402,118.76109171437693,123.04280090332031,10051399
2011-12-07,124.30475547837034,126.46815333476226,123.08785707895676,124.2146224975586,9938870
2011-12-08,122.6822325943826,123.04279205098912,116.372345822537,117.7244644165039,7229118
2011-12-09,114.38924217358199,122.23153467615228,113.53289621305703,119.12165069580078,11322225
2011-12-12,121.01463352415774,121.33013341501928,110.51317605518109,111.36952209472656,14097827
2011-12-13,110.73850989621106,118.26530192018159,109.5666779244367,116.7779769897461,13933430
2011-12-14,116.37235444906648,117.72447314326418,113.98360316997298,114.74980926513672,9157648
2011-12-15,111.77513192294934,116.05684060548168,109.97230721451469,114.83993530273438,8922687
2011-12-16,115.47093490928255,118.7610846950651,111.91035177311093,113.48782348632812,8609493
2011-12-19,112.2258427576935,114.11880740466627,110.42301797443737,112.49626922607422,5857830
2011-12-20,112.94699629116751,113.75826209174618,106.45682174591386,107.13288116455078,8372622
2011-12-21,111.775144550331,112.22585077835653,108.34977446644449,110.7835922241211,8818636
2011-12-22,109.07088715733299,111.1892046646947,107.44834228343935,110.51314544677734,9164837
2011-12-23,111.324442994668,113.48783435543581,108.71034538695824,109.7469711303711,7969883
2011-12-26,110.55823033994675,110.87372329909151,108.4849791045999,108.98075866699219,7351812
2011-12-27,109.07091598856381,110.51317465924721,107.31316430823588,107.8089370727539,4560134
2011-12-28,107.26808181249814,108.25963413447835,104.33849134282907,105.10469055175781,7637676
2011-12-29,103.66243365453606,106.8173772875002,103.43708053789577,105.64553833007812,8635020
2011-12-30,106.90751115806535,107.62864384173015,103.75256770218601,104.42862701416016,6098382
2012-01-02,105.46524917840426,105.69060227493931,100.23705458789877,101.18354034423828,9684493
2012-01-03,102.9413059923074,104.56385126279517,101.94975360577895,104.15821838378906,13791200
2012-01-04,105.46524614180304,107.26807086217573,103.39199496248222,106.6370849609375,12622715
2012-01-05,106.50188745154585,107.35822656922957,104.42863596620525,104.9244155883789,7100627
2012-01-06,104.47370697825009,107.8990702487245,102.9863750226086,106.9976577758789,7793768
2012-01-09,105.91597518197094,107.49344715276624,103.7075171737503,106.2314682006836,6218471
2012-01-10,106.81736515223446,111.45964020307304,106.81736515223446,111.0089340209961,10026329
2012-01-11,112.22584680714975,117.90474783021118,112.22584680714975,117.49911499023438,15398196
2012-01-12,116.73292194203569,120.69913154870552,116.28221567971121,119.61743927001953,8750859
2012-01-13,120.51883192023507,122.27658330254175,117.36388860423696,120.24840545654297,13357548
2012-01-16,117.90476677381176,120.33857795917183,117.54419349354019,119.48223876953125,4644200
2012-01-17,120.78927167030416,128.63155745322985,120.74419829565402,126.64845275878906,14685381
2012-01-18,126.4681764763825,127.82029522612045,124.16957185093534,125.97239685058594,8616281
2012-01-19,128.2710052543597,132.68792113182224,128.22593187714813,131.4259490966797,13340574
2012-01-20,131.6062095618199,132.8681814119979,127.64000052886473,129.4428253173828,9509475
2012-01-23,128.8118100274077,129.98364874882415,122.86249719895933,123.8089828491211,9068528
2012-01-24,123.85406020671911,130.6146533130785,122.86251480379687,129.62310791015625,8439820
2012-01-25,130.5245232323118,131.83156851110206,127.32450633978235,128.04563903808594,6330312
2012-01-27,129.66817571994454,133.4090315765567,128.90196969897033,130.20901489257812,9733013
2012-01-30,129.80341998764877,129.80341998764877,123.49353151602695,123.98931121826172,6096072
2012-01-31,125.29632442224252,134.26537511020854,122.86251367716325,132.14706420898438,11435940
2012-02-01,132.6879148675809,138.6372427625857,130.1188975413684,138.0963897705078,12920558
2012-02-02,140.25980257148018,143.3245998334281,137.46541807923134,142.42318725585938,15481472
2012-02-03,142.2428676648721,142.2428676648721,135.93298138858657,137.6005859375,10359839
2012-02-06,140.25977583785436,142.3330133675302,138.09637781135618,139.98934936523438,10310227
2012-02-07,143.3245772833855,143.3245772833855,137.14989659675035,138.54708862304688,7570645
2012-02-08,139.26822696954855,146.47952674790707,137.46540202495893,144.94712829589844,13797994
2012-02-09,142.87388088631022,145.89361825540868,134.0400356579044,143.41473388671875,39919671
2012-02-10,140.98088622228323,143.5949902933728,136.65411794020284,137.82594299316406,11858586
2012-02-13,138.6823280754131,141.07106586137598,135.21188421218147,140.4851531982422,10249922
2012-02-14,141.11611534483905,147.15557573274862,139.8090701030056,145.21754455566406,17274438
2012-02-15,146.6598024436688,148.64290707709125,144.00063847468448,146.47952270507812,8179098
2012-02-16,144.4513340379202,145.4428931586858,138.00624101632798,138.9527130126953,16861421
2012-02-17,141.92737180533177,142.60343106806388,135.39213226558823,136.0681915283203,19109618
2012-02-21,137.14989696847175,141.34147305872185,137.01469060452848,140.25978088378906,11441806
2012-02-22,140.62032888765793,141.97244743465464,132.1019847924709,133.5893096923828,11207543
2012-02-23,134.04004146374567,135.7076601585176,129.8935520473766,132.3724365234375,13334619
2012-02-24,132.95830681554077,136.38367611490082,131.6963351678889,133.45408630371094,8009282
2012-02-27,133.409052981417,133.72455286525303,124.93578079384213,126.15267944335938,7451762
2012-02-28,127.09914923407335,134.13016875110594,127.09914923407335,132.14706420898438,7666143
2012-02-29,134.26537976923655,136.6090576077273,130.7048033932105,134.22030639648438,8380425
2012-03-01,132.77806340404388,137.28512588378425,129.44283991992862,135.52737426757812,12157548
2012-03-02,136.74426161746499,140.57526440959103,132.23719950908142,133.18368530273438,14778896
2012-03-05,131.6963655932985,132.3273515628992,125.74703786972026,126.10759735107422,8965653
2012-03-06,124.89067662823892,127.77519323070317,117.63430487906005,118.76107025146484,21814371
2012-03-07,117.40897526774643,120.60899231576376,115.51600356202832,118.35546112060547,17558366
2012-03-09,121.23996952890248,122.6822348912541,119.16671822844523,121.33011627197266,16564880
2012-03-12,123.49350003329191,124.53011880185963,119.43714419278231,123.94420623779297,9779451
2012-03-13,125.20616423247994,128.45125404703114,124.53010500065346,127.50476837158203,9741176
2012-03-14,129.75833455156095,130.6146737279855,128.22593595883325,129.8935546875,10073234
2012-03-15,128.72169218854722,129.7132375659923,126.42308784055395,127.73013305664062,9197925
2012-03-16,127.95550425796661,130.47946206081286,124.57520731338597,126.96395874023438,7907169
2012-03-19,125.92729935887473,128.72168307497734,125.20616674622305,127.23434448242188,6855276
2012-03-20,126.64844887185917,129.2174798489808,123.76393179079471,124.66534423828125,7915894
2012-03-21,124.21463064942098,124.3047636361479,120.96954052909715,123.35829162597656,16148835
2012-03-22,123.9442183075403,125.20619030124999,119.2118026994342,119.84278869628906,11223392
2012-03-23,118.98644777928868,122.14139147040619,116.32728370481081,118.44559478759766,12562865
2012-03-26,118.53574988245964,119.25688267066016,113.84840739085212,115.38080596923828,9766668
2012-03-27,118.08503075041799,118.89629645226185,114.65966069531491,116.37235260009766,14315080
2012-03-28,115.69629065174527,115.69629065174527,112.8568332504714,113.21739959716797,10482662
2012-03-29,112.2258427576935,113.12725514932156,110.55823120862773,112.49626922607422,14227529
2012-03-30,114.16389142879073,117.90475457858663,113.30754545049233,116.64276885986328,12304827
2012-04-02,117.18362016380004,117.76953276283399,114.25402965970504,114.74980926513672,8610177
2012-04-03,116.28221056482046,119.4371542623156,116.19206381453542,118.89630126953125,9437219
2012-04-04,118.08504028847479,120.47377796809745,117.31883414359622,119.97801208496094,8419941
2012-04-09,118.85123293512567,118.85123293512567,113.17233194509754,113.57796478271484,7332357
2012-04-10,114.47938329334134,115.38079576021805,111.0990865425537,112.63148498535156,11771578
2012-04-11,111.77514396824743,113.48782900127166,110.33288542152275,111.63993072509766,12603378
2012-04-12,113.57798087596893,115.7864388643311,113.17234798087611,115.38080596923828,9351937
2012-04-13,117.00333946983973,117.04841284350532,112.09063746123392,112.54134368896484,8909484
2012-04-16,111.77514028464834,112.27091986744847,110.46809502414769,111.86528015136719,6208951
2012-04-17,111.77515578269958,115.74136548610659,111.54980264604092,115.38080596923828,6034042
2012-04-18,116.28220835698494,119.16672550331994,116.28220835698494,117.85968017578125,8996716
2012-04-19,118.08501461913421,118.40051443478634,114.93007148045506,115.4709243774414,6651948
2012-04-20,113.89347262662882,115.6963045771029,111.6850146627999,112.67656707763672,9692856
2012-04-23,112.85683310294534,113.30753931641914,106.77229922104914,107.08779907226562,11093246
2012-04-24,107.71879870141574,110.19768319036045,107.26809243069852,108.75542449951172,7726936
2012-04-25,108.30471299928895,110.15260449366475,106.41174812912504,108.03428649902344,5702508
2012-04-26,108.75541607979986,109.20612231562394,104.1582138498404,104.78919982910156,10257747
2012-04-27,105.42018058062776,107.71878502023652,104.78919463265687,107.08779907226562,4927343
2012-04-30,107.71879255401423,109.9723237789936,107.4934394315163,108.8455581665039,5195430
2012-05-02,108.30471693211234,109.88218886073628,107.89907716698424,108.2596435546875,4088476
2012-05-03,107.26807880676273,108.34977096820741,106.18638664531804,107.08779907226562,4872334
2012-05-04,107.0427333309416,107.08780670639462,103.07651699418041,104.47370910644531,9708684
2012-05-07,102.76102764149724,105.01455894942481,101.31876897986994,104.24835968017578,9551892
2012-05-08,104.4737150757267,107.71879885404226,102.22018371894758,106.14132690429688,15845527
2012-05-09,104.38356179142286,109.16104352790644,102.3553838307908,107.08779907226562,14630333
2012-05-10,107.44835288408113,108.89061819304652,105.01454221035571,105.91595458984375,6056300
2012-05-11,104.56385155834847,105.73569057670541,101.54412101379079,101.99482727050781,9608925
2012-05-14,102.94128477422927,104.11312354773659,99.42578220816783,100.77790069580078,7714533
2012-05-15,100.05677737439805,103.70750038084277,99.60607117000887,103.07650756835938,7262761
2012-05-16,100.55257750892768,101.49905660532194,98.70467894222149,99.42581176757812,10160344
2012-05-17,100.46241489317428,101.58918045670127,97.26240481909635,98.11874389648438,11656030
2012-05-18,95.54971319271124,98.38916359228041,95.41449995897351,97.30746459960938,11582334
2012-05-21,97.35254650734409,100.282137027241,97.35254650734409,99.51593780517578,8130040
2012-05-22,100.37226977087585,101.3187555455997,96.22577408953637,96.49620056152344,8693615
2012-05-23,95.54971506287174,97.71310621332634,95.00886899456582,96.94690704345703,6027827
2012-05-24,98.2539467458597,100.41733777442563,96.72154849245867,99.69620513916016,7148669
2012-05-25,98.25396713169609,101.8145439236492,97.6680476036295,100.8680648803711,8126746
2012-05-28,100.86805158091221,104.24834816956724,100.86805158091221,103.61735534667969,7015770
2012-05-29,104.47370320952466,104.47370320952466,102.2201721087033,103.25679779052734,9242857
2012-05-30,103.70750181929964,104.42862762998604,101.67932387141683,103.1666488647461,7722458
2012-05-31,105.46526565302875,108.30471648836435,104.06807348536513,105.14977264404297,33911150
2012-06-01,104.20327776507614,107.1779415986998,104.20327776507614,105.05962371826172,9868116
2012-06-04,103.66243516916124,105.1046937612859,101.58918371488544,103.9779281616211,6080672
2012-06-05,104.87933370104874,107.35821785627314,104.87933370104874,105.73567962646484,6902149
2012-06-06,106.90750748180925,108.98075871812891,106.36666142627433,108.57511901855469,6557828
2012-06-07,110.55823121286376,110.55823121286376,107.04272150993347,108.16948699951172,7789021
2012-06-08,108.1694934608042,109.29625901768759,106.63709505433529,108.53005981445312,6647407
2012-06-11,110.42303378156606,111.05401979513945,108.16950247990145,108.62020874023438,6666754
2012-06-12,108.079343837496,111.41456683397311,107.35821119528067,111.0089340209961,7437501
2012-06-13,111.14413817650487,111.91033724803188,109.20610037636246,110.51314544677734,4461171
2012-06-14,110.3328821434588,111.09908132890158,107.89906447076697,108.39484405517578,5443532
2012-06-15,109.07091374137732,112.1807841508793,108.53006761066807,111.5948715209961,7665479
2012-06-18,112.85684283702797,114.47938809637316,108.66528019197757,110.24275207519531,8104932
2012-06-19,109.70188923940044,111.4145742202826,109.07090329355329,110.55823516845703,2931381
2012-06-20,111.32442926547232,111.5948557311795,107.98920620031402,110.28780364990234,5765790
2012-06-21,109.34132419347719,110.15258983182726,107.9892056265862,109.38639068603516,5893509
2012-06-22,108.16949040979279,108.75540985829204,104.47370086290441,105.73567962646484,9080818
2012-06-25,106.59203187364899,106.77231162909646,102.625815358718,103.43708801269531,9237138
2012-06-26,102.49060877555956,104.51878710391944,102.17511574437226,103.84272766113281,6844439
2012-06-27,104.8342773624065,105.96104299666611,104.3384977324396,105.46526336669922,4486403
2012-06-28,105.91596346265449,106.59202280390548,103.30186596770443,103.79764556884766,5390681
2012-06-29,105.37511600248433,108.53005955419206,105.01454964970007,108.07935333251953,7911448
2012-07-02,108.43992162205487,110.6934527706659,107.31315604774936,109.07090759277344,6395669
2012-07-03,109.56669337291262,112.13571765170535,109.56669337291262,111.5948715209961,7911756
2012-07-04,112.40613969942437,113.57797873889298,112.09064668948493,113.08219909667969,10562781
2012-07-05,113.12727247405611,114.20896475877188,112.13572006686134,113.08219909667969,6014186
2012-07-06,113.12725085583907,113.21739071613467,110.51315364388354,111.82020568847656,4166735
2012-07-09,108.89061831930273,113.35260685204979,108.89061831930273,112.00048828125,5764512
2012-07-10,112.67655563292865,115.29065309905883,112.27092278354257,115.06529998779297,5849348
2012-07-11,114.47938132231793,114.47938132231793,111.18922449941924,111.63993072509766,6043053
2012-07-12,110.60330844975908,112.31599353572891,109.47654285073044,110.96387481689453,7363278
2012-07-13,112.13570959647993,112.13570959647993,108.1244200876364,108.53005981445312,6239201
2012-07-16,109.43145294630767,109.47651943429048,106.32157643183565,106.59200286865234,6498273
2012-07-17,107.53851375151208,108.62020599811102,107.22301387545845,108.03428649902344,3652785
2012-07-18,108.03427296301977,108.98075871812891,106.59201452251644,108.57511901855469,3750938
2012-07-19,110.33289370546537,111.14416634804421,109.34134130997201,110.37796020507812,3942728
2012-07-20,109.29625646766017,111.68500076796659,108.6652705214197,110.15259552001953,4919930
2012-07-23,108.71034530908695,108.75541868464148,104.33849609232773,104.9244155883789,4016268
2012-07-24,104.65399181239424,106.1863972171082,103.88779254865311,105.51033782958984,3802911
2012-07-25,104.83426297600187,105.19482242770005,102.6257985095816,102.89622497558594,3823436
2012-07-26,103.66242810679579,109.11597598852396,101.85960327015586,103.12158203125,10352085
2012-07-27,105.42017503023305,107.13285992670646,104.5638360206117,105.91595458984375,5402171
2012-07-30,107.1779491932206,107.22301569254086,104.92441791025647,106.8173828125,3109357
2012-07-31,107.58358415670581,109.29626934037245,104.24836054422224,108.2596435546875,6091747
2012-08-01,108.16949698862925,108.89062971944601,106.68216502958933,107.4483642578125,3328980
2012-08-02,106.81737794201518,108.48498963992526,106.32159833147615,107.4032974243164,2420823
2012-08-03,106.54694281733153,106.54694281733153,104.06805871993207,105.19482421875,3327089
2012-08-06,106.8173774487757,107.35822355408273,106.05117822648813,106.50188446044922,2260036
2012-08-07,107.44835854125982,108.07935136646176,106.59201948655203,107.08779907226562,3303088
2012-08-08,107.35822887779236,111.0540188040948,107.35822887779236,109.43148040771484,8688172
2012-08-09,109.97232567803779,110.82866480742494,109.11598654865064,109.83711242675781,4434914
2012-08-10,109.79204778982526,111.77515258479177,109.16105489889465,110.82866668701172,4138597
2012-08-13,112.45121094955103,112.45121094955103,107.71879525828736,109.43148040771484,4484228
2012-08-14,108.80048969762649,110.64838813633583,107.49344427908795,108.2596435546875,6787109
2012-08-16,106.95258252324447,107.9441347867581,104.83426476091293,105.19482421875,6897264
2012-08-17,105.2849770572114,105.60047003970362,101.85960699155855,102.49059295654297,10128867
2012-08-21,101.8596087488886,101.8596087488886,99.33565109094397,101.27368927001953,11667103
2012-08-22,100.95820269193459,103.39201375593673,100.68777618383135,101.63426208496094,5910827
2012-08-23,101.99482618370129,103.79765119135935,101.31876680582951,101.94975280761719,5684979
2012-08-24,101.49904418042452,101.67933080331024,99.69621921495612,100.0567855834961,6035989
2012-08-27,100.41735290559035,100.73284590209693,98.74974117214289,99.24551391601562,4209084
2012-08-28,99.11029256674713,99.60607214733213,94.78351708849571,96.18070220947266,7265334
2012-08-29,96.22577614019387,97.80324788019705,93.16097252702721,93.56661224365234,7577081
2012-08-30,92.84546995524975,96.63139898894063,92.25955056552299,95.63984680175781,8219109
2012-08-31,96.05151351100774,96.73759575037208,93.5816202409719,94.99951934814453,6878714
2012-09-03,96.41741404037542,96.96627837116694,94.45064379078289,94.95377349853516,3953821
2012-09-04,94.67934862416587,95.45690709625592,93.58161983759044,94.81656646728516,4601257
2012-09-05,94.2219584190805,95.7313407022143,91.5691057667831,92.25518798828125,8606241
2012-09-06,91.52335924388616,94.35916399499357,91.47761764338912,93.07847595214844,8040607
2012-09-07,95.36542827531208,96.50889863832542,94.7708222907073,96.18872833251953,4982320
2012-09-10,97.42368175267265,100.12226920672808,97.42368175267265,99.07028198242188,7508205
2012-09-11,97.88106570004403,100.35095895874322,97.4236775425672,99.98505401611328,5343542
2012-09-12,100.30521559756077,100.99129777404315,97.60662151588349,99.80208587646484,6933216
2012-09-13,100.16800351112317,100.76260949401335,98.97879154534283,100.2137451171875,4083017
2012-09-14,105.19926450959689,108.94984558757957,104.8333526285084,108.26376342773438,18890281
2012-09-17,109.59018915664826,110.82513560382155,105.47369634661172,107.16603088378906,14687666
2012-09-18,106.11405101990117,106.29700348860457,104.01006273386533,104.78762817382812,8128794
2012-09-20,103.55268663866899,106.29701586385481,102.91234594446834,103.96434020996094,7415962
2012-09-21,105.42798396794363,108.81265398044444,104.8791195036449,108.12657165527344,18383349
2012-09-24,108.03507572286462,111.51122832868985,107.25751729185318,108.9498519897461,10605085
2012-09-25,110.64220020662816,110.64220020662816,107.71491858660859,109.36151885986328,5080444
2012-09-26,108.62969290330277,108.62969290330277,106.34275200007535,106.70866394042969,6688404
2012-09-27,106.7543864808587,108.03507463746382,106.11404589215061,106.5714340209961,8628653
2012-09-28,107.94360467725511,111.51123368530735,107.62343436430452,110.41349792480469,10678473
2012-10-01,110.23055639308802,112.92914398613905,108.85839179068444,112.38027954101562,7661796
2012-10-03,112.60896817211561,114.66721497575408,111.37402148577048,114.0726089477539,8320540
2012-10-04,114.34703829913062,115.49050868212193,112.97487383954105,113.38652038574219,6416052
2012-10-05,114.34703826904297,115.71920272827148,91.47763061523438,114.34703826904297,10894777
2012-10-08,113.56947996186119,113.88965027361984,109.31576873652668,110.23054504394531,7916017
2012-10-09,111.14531903375408,112.1058369281906,107.8063841854619,108.5382080078125,6554306
2012-10-10,107.44046695014573,109.40723726846045,105.97682635716347,106.11404418945312,8642958
2012-10-11,107.12031522564256,108.49247982796724,105.38223866685995,107.9893569946289,7402451
2012-10-12,108.21805109501636,109.72742657422145,107.21179146995952,107.9893569946289,5461529
2012-10-15,107.02882653367507,110.23054356673373,107.02882653367507,109.86463165283203,5231567
2012-10-16,110.45924316469376,110.45924316469376,106.75439619233875,107.21178436279297,4351550
2012-10-17,107.9436185456956,108.53822461996333,106.15980730208267,106.8001480102539,3714102
2012-10-18,107.39474970292234,108.72117267824184,106.7086674096488,107.71492004394531,4001457
2012-10-19,107.07456610844498,107.85212454873918,104.69614220280748,105.10779571533203,4589234
2012-10-22,104.46744518947006,105.9768274011475,103.552668937446,105.33648681640625,4040447
2012-10-23,104.51318034293709,105.74812681110782,103.32396849703133,103.68988037109375,3463607
2012-10-25,103.78137332640773,104.97058536403782,103.32398515488687,104.0558090209961,4475396
2012-10-29,103.36971876930446,105.15352970860354,103.36971876930446,103.87284851074219,2159560
2012-10-30,103.64414902700963,104.421707421993,101.03703120384662,101.44868469238281,3900867
2012-10-31,100.80834481963326,106.93735017770734,100.80834481963326,106.61717987060547,7009452
2012-11-01,106.89160729399332,106.9373488998281,104.83336065683353,106.34274291992188,3799849
2012-11-02,107.2575200260268,108.6754260675135,106.1597912694617,107.6691665649414,6480399
2012-11-05,107.4862189480311,107.53196055628054,104.28450178787698,104.74188995361328,4781411
2012-11-06,104.37596696059452,104.51318479160727,102.0432917501332,102.86658477783203,11028270
2012-11-07,102.45495042067309,104.92484375520989,102.27199794374059,104.0558090209961,5776200
2012-11-08,102.45494708565852,104.51319379050435,102.04330053636512,104.10154724121094,3995501
2012-11-09,104.78763549633729,105.93110595361208,103.36972933764063,103.6441650390625,4486939
2012-11-12,104.28449995690085,104.46745242830735,102.72938301237721,103.23250579833984,2113688
2012-11-15,102.45493778955851,103.23249618944509,100.62538532903068,101.72311401367188,4496728
2012-11-16,101.72312972137722,102.50069522052132,99.2989779202004,99.61914825439453,7866646
2012-11-19,99.71061625785268,100.03078656559508,97.92680527243836,98.38419342041016,5021639
2012-11-20,99.25324056008715,99.71062876543319,95.86857063220263,96.60038757324219,5767873
2012-11-21,96.966281498704,98.52139831596995,96.5088933784271,97.88105773925781,3634167
2012-11-22,98.33845810715785,99.5734047898749,97.01203518483021,99.07028198242188,4007695
2012-11-23,98.38420587243826,99.4361931625671,98.06402854498323,98.70437622070312,2959664
2012-11-26,98.93305399224299,101.12851841379852,98.5671420921189,100.44243621826172,4734768
2012-11-27,100.53391371544502,103.32397715827554,100.53391371544502,102.9123306274414,6361487
2012-11-29,103.0495579600416,104.46745712516437,102.91234011072268,103.4612045288086,5365552
2012-11-30,103.96433072395716,106.98308840870737,103.96433072395716,106.66291809082031,6819426
2012-12-03,106.93734300009085,108.3552419732841,105.74813110588728,107.7606430053711,5303787
2012-12-04,107.12030029296875,107.5319538037953,106.20552401893966,107.12030029296875,2300780
2012-12-05,108.12655527834382,111.23679607721098,107.80638497092865,110.82514953613281,7360658
2012-12-06,111.60271005526252,112.97487452315508,108.21804049280325,112.42601013183594,5533477
2012-12-07,112.97487766161406,113.88965399895505,111.92288347783398,113.24931335449219,6208971
2012-12-10,113.24929165523966,113.7981559566406,111.28252151096369,112.5632095336914,3364565
2012-12-11,112.74618143547076,113.34078743928477,108.03508199182212,109.63594055175781,8284742
2012-12-12,110.093327926264,110.87088639684728,107.76065251451416,108.30951690673828,4692451
2012-12-13,108.67542002664862,109.40723683061663,105.51943781337222,105.93109130859375,4333607
2012-12-14,106.11404593512592,110.139062866434,105.24501128164314,109.72740936279297,6224167
2012-12-17,110.00185534962469,113.88965481104594,109.91037911107624,113.61521911621094,10267592
2012-12-18,113.79817048477496,117.50301022660388,111.69418225174435,116.5882339477539,13664347
2012-12-19,116.17659445232066,119.33257001387717,116.17659445232066,118.60074615478516,9930246
2012-12-20,117.36580548161524,122.3055920613632,116.26806970230164,121.39081573486328,16367373
2012-12-21,120.15586507327326,121.8939343512153,117.32005313728602,118.28057098388672,12702910
2012-12-24,118.00614251921058,120.20160005249564,116.95414837998442,118.09762573242188,8002786
2012-12-26,118.46352894730923,120.4302923773688,117.59449426794286,117.91465759277344,6868080
2012-12-27,118.4635118417012,119.60698203322342,116.49674171644537,117.18283081054688,7958150
2012-12-28,118.1890949563203,120.29308323422195,117.18284940315245,118.3720474243164,6972108
2012-12-31,118.92093059203634,120.65900014810643,117.640249230551,119.3783187866211,4011149
2013-01-01,120.29308020424826,123.22036149358853,120.29308020424826,122.71723175048828,7134099
2013-01-02,124.82121955600775,125.4158325079932,123.03740861680774,123.49479675292969,6934542
2013-01-03,124.08940856881235,124.40958588053321,121.75674000025604,122.94593811035156,4968022
2013-01-04,121.71099688132712,122.39707914789787,119.65275008161487,121.25360870361328,5798690
2013-01-07,121.66525678022734,124.40958588053321,120.97917450515087,122.94593811035156,5957987
2013-01-08,122.67149685348798,122.67149685348798,120.06437903956363,121.66523742675781,4031319
2013-01-09,122.62576381292948,123.4947984921243,120.24733988824833,120.79621124267578,7741914
2013-01-10,121.75673783601945,122.25985366209557,118.00614921558328,118.96666717529297,10305042
2013-01-11,118.23483319339604,119.60699760183005,115.71919844460038,116.22232818603516,6063225
2013-01-14,115.76493628001201,117.82318282563632,114.71294220529958,117.32005310058594,7377731
2013-01-15,117.8231900511666,119.10387128585312,117.09136622061206,118.09762573242188,5680905
2013-01-16,118.00613801475615,118.50926775145591,112.51748043267446,112.88339233398438,5598439
2013-01-17,111.60270352479894,113.38651443700333,110.04758667719454,111.64844512939453,10642611
2013-01-18,112.3345447122622,114.25557375643422,111.78567328890729,112.28880310058594,5857034
2013-01-21,111.60272080058236,113.98113804475676,111.60272080058236,112.28880310058594,3733592
2013-01-22,112.42601090967693,113.20356938435786,109.0870759521994,109.54446411132812,5344542
2013-01-23,109.77315935594574,110.77941192087067,106.11405404408087,107.80638885498047,7443568
2013-01-24,108.03506559178602,108.3552358593325,103.59840250930046,104.19300842285156,8651011
2013-01-25,103.36972432127065,107.71491184804972,103.09528863316672,106.47996520996094,6066863
2013-01-28,107.39474059330162,109.31576945568072,105.42797012357492,108.30951690673828,5580358
2013-01-29,107.9435983860179,109.36150437683186,104.69613988018668,105.61091613769531,5062131
2013-01-30,105.7481407919342,106.61718248012592,104.74188823961855,105.2450180053711,5109210
2013-01-31,104.33024121157426,106.93735230584345,103.91858768351742,106.29700469970703,8784944
2013-02-01,106.15980004506703,107.39474674308583,103.36972933764063,103.6441650390625,8014047
2013-02-04,104.2844894809383,105.42795976033456,103.23249542805601,103.55266571044922,4727480
2013-02-05,102.4549533659141,104.65041804816451,102.13478303248358,103.82711791992188,5971025
2013-02-06,104.51318804850028,105.6566583772585,103.68988801595657,104.65040588378906,8416196
2013-02-07,104.10153384660967,105.56517436367086,103.14101604959437,103.68988037109375,4313994
2013-02-08,103.41547390367177,104.51320278235751,99.48193262653285,100.35096740722656,15775966
2013-02-11,100.44243707527957,103.09528267063918,98.70436076925189,102.72937774658203,9989725
2013-02-12,103.14102490482398,103.64415464725485,101.54016642514821,103.0038070678711,6902951
2013-02-13,102.45494335053733,103.8271077704106,100.67113239637774,101.08277893066406,5822068
2013-02-14,100.85408929680426,101.90608346081744,99.57340105275298,101.22000122070312,4795232
2013-02-15,100.44244703673637,101.72312835632705,99.80209939775128,100.30522918701172,4204225
2013-02-18,100.67113407348548,102.18050937713984,100.48817462694092,101.54016876220703,5420355
2013-02-19,101.17426770816591,102.7751263965204,100.30523292616377,102.4549560546875,4956450
2013-02-20,103.27824339598529,103.7356315359328,101.26573139270276,102.04329681396484,9989553
2013-02-21,100.67112333667177,101.26572228175574,98.15548879329386,98.61287689208984,8142335
2013-02-22,97.8810619831807,99.0245323334515,96.4174213306719,97.92680358886719,8026436
2013-02-25,97.97252906433175,98.75008743405095,96.96627664591935,97.56088256835938,6425189
2013-02-26,97.56088061251218,97.56088061251218,92.57534626343445,93.07847595214844,12356631
2013-02-27,94.03901849308194,94.45066508920385,91.24894762855287,93.535888671875,11568128
2013-02-28,94.67934395848005,95.04525586236996,89.64807447276371,90.47137451171875,14636637
2013-03-01,90.47137810412451,91.1574603339649,89.19068987925124,90.5171127319336,7542160
2013-03-04,89.87677205527805,90.1054661317546,85.85175491345318,86.30914306640625,10336404
2013-03-05,86.67505769826425,90.70007496610599,86.53783985224439,90.19694519042969,8264711
2013-03-06,91.20320857627124,93.76458540837119,90.74582035476699,93.1242446899414,8092286
2013-03-07,93.03273577840099,93.07847737959952,90.65431907903515,92.48387145996094,5696259
2013-03-08,92.89552602050739,93.85603684422296,91.15744984244634,92.66683197021484,8498923
2013-03-11,92.25519117251034,92.84979718083636,90.60859797159542,92.11797332763672,10007382
2013-03-12,92.16372230460657,93.16997494881885,90.10547540450368,90.9745101928711,7605318
2013-03-13,90.56286366049419,90.56286366049419,87.3611462583555,87.63558197021484,14201065
2013-03-14,87.81852383572107,88.27591198069878,85.89749502265252,87.86426544189453,12394783
2013-03-15,88.73329431914158,90.1969348914546,87.04095968930498,87.45260620117188,12975662
2013-03-18,86.85800721972274,87.95574297136143,85.62306060591986,87.17818450927734,5934442
2013-03-19,87.40688257439595,88.00148161541648,84.61681192989649,85.11994171142578,10548598
2013-03-20,84.20515217656713,85.85174515247394,82.32985817099679,82.60429382324219,7972634
2013-03-21,82.78725808047207,84.29664042473847,80.36309940382476,80.63753509521484,7563390
2013-03-22,80.08866066929113,83.19889422681847,79.90570123819685,82.00968933105469,7451650
2013-03-25,84.57106446785276,84.57106446785276,80.13440089658715,80.50031280517578,5622910
2013-03-26,80.04292507709408,81.41508950698712,79.4940607009747,80.68326568603516,6766929
2013-03-28,80.6832695189938,84.11368075669233,80.1801467249784,83.79351043701172,13010048
2013-04-01,84.34239038556474,84.79977863489903,82.78727312950453,83.88500213623047,4414052
2013-04-02,83.70203578288357,85.44011223869394,83.47334169604508,85.21141815185547,4370443
2013-04-03,84.61679911745188,85.8974872026348,81.9639467222562,82.78724670410156,6856262
2013-04-04,82.14690687820331,83.01594149056127,80.72900095363121,80.95769500732422,4545436
2013-04-05,80.50031506810116,82.5585617601833,80.08866852136047,82.1926498413086,7366012
2013-04-08,82.42135021458323,83.42760283396683,82.00970363639583,82.87873840332031,5753327
2013-04-09,83.83924567511446,84.52532787052589,82.87872780986287,83.107421875,7646303
2013-04-10,83.47332633140279,84.11366686500944,81.23212748459116,83.19889068603516,5252564
2013-04-11,84.06794881008707,84.11368344053527,81.78100791198455,82.42134857177734,3714734
2013-04-12,81.41509337471197,85.30289277743698,81.32361713754457,83.79351043701172,4435867
2013-04-15,83.61055289433375,83.79350535757823,81.87247657675476,83.3818588256836,4755374
2013-04-16,82.32986265035393,85.34862707254247,82.10116858743628,84.93697357177734,5608091
2013-04-17,85.1656723022461,85.89749613536614,83.61055538085262,85.1656723022461,6041053
2013-04-18,85.0742021484375,86.26341421745717,83.97647329948842,85.76028442382812,7013200
2013-04-22,86.40062282668879,87.95574679769881,85.07419992067668,87.31539916992188,7264653
2013-04-23,87.45261654802209,89.28216922467189,86.99522837885965,88.09296417236328,6402187
2013-04-25,88.36738754866829,90.10546388233803,88.36738754866829,89.78529357910156,5221811
2013-04-26,89.64806712757458,91.29466707057277,89.64806712757458,90.5628433227539,6230237
2013-04-29,90.56285413299783,91.15746012667861,89.23643128333168,90.4256362915039,2978869
2013-04-30,90.74580903552534,91.02024472587213,87.26966317320675,88.96199798583984,5726841
2013-05-02,88.77903314768152,89.09920342237035,87.40686884542485,87.77277374267578,4364022
2013-05-03,87.77276643334798,90.37988397387726,86.72077947257353,89.69380187988281,4464583
2013-05-06,90.56285218433997,93.44439887695226,90.3341581131674,93.03274536132812,6785285
2013-05-07,93.3071780668558,94.95377811853473,92.75831370935914,93.26143646240234,6985141
2013-05-08,93.58160618078574,94.95377045335334,92.98700026683544,94.2219467163086,7409486
2013-05-09,93.94751701048922,95.27394674535539,93.85604078237162,94.72508239746094,7470893
2013-05-10,94.77081708735935,97.4236695797345,94.3591705709515,96.92053985595703,5930251
2013-05-13,96.92053727357492,97.24071453245995,94.63359673404565,96.09724426269531,13696216
2013-05-14,95.41115206341873,98.33843285438574,94.63358677842906,96.50888061523438,8583986
2013-05-15,97.42367028312412,100.16799902349382,97.37792867910908,99.11600494384766,8242372
2013-05-16,97.97254736928168,102.95808274979184,97.97254736928168,101.63165283203125,7569341
2013-05-17,101.54016985255355,102.54642239219145,100.12226378816197,100.76261138916016,5189367
2013-05-20,100.89982923074471,102.36346992287159,100.44244107825574,100.76261138916016,3996080
2013-05-21,100.62539058318497,102.82085504629228,99.98504998024035,100.99130249023438,14920677
2013-05-22,101.44869530074122,101.86034185313403,99.11601289267678,101.22000122070312,5142628
2013-05-23,100.62540086722885,101.357224756121,97.97254799398212,99.61914825439453,13357897
2013-05-24,100.53391459164679,100.80834328819829,95.86855695837974,97.92680358886719,8991868
2013-05-27,97.51514289043206,101.99754772907207,97.33219043954416,101.17424774169922,5154867
2013-05-28,101.4486857222125,101.4486857222125,99.25322136529901,100.67112731933594,9193504
2013-05-29,99.6191410079377,101.26573416938443,98.93305877920423,100.76261138916016,5256339
2013-05-30,99.71062123836391,101.17426198914418,96.96629221345482,97.74385070800781,10861618
2013-05-31,97.10350687160475,97.42367718482498,92.39240747105468,93.673095703125,9148981
2013-06-03,93.67309231858148,94.35917452748829,90.79154564533503,92.75831604003906,5575586
2013-06-04,94.8622990341364,94.8622990341364,91.47762953308785,92.25518798828125,4522679
2013-06-05,91.93501951636337,94.45065437875142,91.75206704532,93.76457214355469,4667579
2013-06-06,93.12423632310644,94.6336117351069,91.38615984171135,94.08474731445312,4967248
2013-06-07,93.76456619463451,95.59411870574932,92.8497899390771,93.26143646240234,3896574
2013-06-10,93.81029935367748,94.45063988324448,91.34039949851547,92.02648162841797,3531868
2013-06-11,91.4776305906138,92.02649497831962,85.25714891877632,86.30914306640625,9481909
2013-06-12,85.0741937515674,86.62931063061934,83.70202933621955,84.43385314941406,6952543
2013-06-13,83.93073061696421,89.55660659911638,83.24464835034053,88.55035400390625,10520991
2013-06-14,88.73330257530522,96.23446556834597,88.73330257530522,94.81656646728516,12196294
2013-06-17,96.14298743742128,96.37168151171542,92.43814762136968,93.30718231201172,8909126
2013-06-18,93.21569629507924,95.04524869741961,91.6605725655768,92.66683197021484,6626285
2013-06-19,92.5753662464425,96.4174312043131,92.07224342831447,95.41117858886719,6678170
2013-06-20,93.39866352646166,93.67309922192489,88.91625803543012,89.41938781738281,10484687
2013-06-21,88.27590853102664,92.39240167496052,83.38185696685414,85.98896789550781,11354652
2013-06-24,87.86426222352486,88.64182064566803,84.7540215557632,86.0804443359375,6540033
2013-06-25,87.45260773122902,89.78528995045708,86.67504931788262,88.77903747558594,7980824
2013-06-26,88.82478289047688,89.46513052804656,86.08045381880908,86.62931823730469,4472739
2013-06-27,88.64183461504899,88.73331085927208,86.7208055696038,87.63558197021484,6247947
2013-06-28,88.82478495436528,92.07224388963776,88.36739676512634,91.29468536376953,6716298
2013-07-01,90.56285321981034,94.13048216673162,89.78529476477102,93.21570587158203,5796204
2013-07-02,93.12421971938478,95.456894836053,92.43813757109616,93.71881866455078,6291540
2013-07-03,92.8955330234017,92.8955330234017,89.23642794288074,90.47137451171875,5372862
2013-07-04,90.88300523604913,92.30091099983726,89.73953509724835,91.43186950683594,4699475
2013-07-05,92.43812881233092,94.13046322191852,89.83101131251483,91.43186950683594,3698882
2013-07-08,90.60859276988901,92.39240371327159,88.50460454711907,91.6148452758789,4357406
2013-07-09,92.39240582841873,93.26144051730736,91.02024138542242,92.25518798828125,4020564
2013-07-10,92.62111023232362,92.8498043316627,89.3736512300328,89.83103942871094,3961539
2013-07-11,91.38614152495255,95.50263432356132,91.20318210194581,94.03899383544922,8199130
2013-07-12,94.31344987833822,94.6793618513797,92.11798501927974,93.1242446899414,4027737
2013-07-15,92.94126684549052,97.14923625585459,91.7063202873343,96.41741943359375,7054795
2013-07-16,93.76456937135185,95.50264571163426,93.30718122807697,95.04525756835938,4815809
2013-07-17,94.86229901533774,95.50264660945602,92.16371173632213,93.21570587158203,4538415
2013-07-18,93.6730798279854,96.60036073731473,93.6730798279854,95.50263214111328,7285184
2013-07-19,95.31968925313664,95.96003686129683,94.22196046656121,94.81656646728516,4057651
2013-07-22,94.49641332051871,97.1035248966767,94.1305013321197,95.45692443847656,4479336
2013-07-23,96.05151049312008,96.96628678353075,94.90804013010674,96.18872833251953,5916408
2013-07-24,95.548381845672,96.09725320961137,92.94127078371721,94.45065307617188,3802684
2013-07-25,94.22195902552174,94.86229964469908,92.66684210512575,93.4901351928711,5696212
2013-07-26,93.58161910864499,94.4049122025689,85.80602048993298,86.40061950683594,9553322
2013-07-29,87.36114047705554,87.45261671522502,81.7810061984428,82.92447662353516,7939096
2013-07-30,83.29038594868922,83.83925033971799,77.93893894338791,79.1281509399414,8851620
2013-07-31,79.12815507434765,83.0616962107599,77.29860235586563,82.42134857177734,6882175
2013-08-01,83.24463989257812,84.15941615513393,79.03667048065923,80.04292297363281,5414718
2013-08-02,80.59179205928535,81.41509213968182,77.34434032437349,79.31110382080078,6503281
2013-08-05,79.58553099081166,80.40883098310607,77.93893100622284,78.9451904296875,3901121
2013-08-06,78.03042304600082,79.49406376513268,77.29859919684016,78.25911712646484,5157109
2013-08-07,78.213374628497,80.36309756455348,76.01791008519254,79.1281509399414,8781589
2013-08-08,79.12816713483029,84.52534987281295,78.85373139355339,83.88500213623047,8935982
2013-08-12,84.8912508989291,86.76653829137064,82.32987424194809,86.03472137451172,7344754
2013-08-13,84.15942195567756,85.89749837016532,82.05543361510982,83.61055755615234,22789755
2013-08-14,84.29664641221946,90.37991085047675,83.7477819696437,89.83103942871094,16664295
2013-08-16,89.05347753455602,89.46513108538451,84.2051669985867,85.57733154296875,9314657
2013-08-19,85.07419496585479,88.41312982002994,82.97020670728162,87.86426544189453,9593013
2013-08-20,85.07418420532704,90.28840560688143,84.4338436750268,89.05345916748047,12915528
2013-08-21,90.56284691052053,91.38614691463575,84.25088951788892,85.34862518310547,11279306
2013-08-22,86.67506724137526,96.32596142509898,85.57733831073318,95.13674926757812,19204284
2013-08-23,95.41116160405953,96.55463186787046,92.20944486538892,94.95377349853516,11149842
2013-08-26,95.04524406283132,98.33843683062386,93.76455604780415,95.50263214111328,9829310
2013-08-27,93.67308839347986,95.86855276582486,89.64807154071215,90.70006561279297,9714221
2013-08-28,89.96824028126609,94.54212140364046,88.36738188843506,93.39865112304688,10128111
2013-08-29,94.22195298113076,99.25322231507462,93.39865296701126,97.9725341796875,15191190
2013-08-30,98.62135956416739,101.03127855575892,94.35765564494726,97.37005615234375,12961890
2013-09-02,97.32370951186299,101.49472563379997,97.04563894174919,100.98493194580078,8545257
2013-09-03,101.40203261635642,102.32892504050662,96.16508900558225,96.76757049560547,11638850
2013-09-04,97.09200935333521,101.49474963427404,96.25780451735764,100.61420440673828,10579678
2013-09-05,102.00452116493565,102.74603091259034,98.89942567186229,100.28976440429688,10731601
2013-09-06,100.3824772258113,101.49474558161546,98.25062129361862,100.01171875,8174003
2013-09-10,101.49473274064059,103.11679467941795,99.27018923884873,102.1435546875,10171012
2013-09-11,102.42162491775653,106.91705228941375,101.1703214122726,106.08284759521484,12710941
2013-09-12,106.12919024952375,106.12919024952375,102.00452149205827,103.07044219970703,6488525
2013-09-13,102.09721576223012,105.38768007063777,102.05086830609424,104.18272399902344,5066014
2013-09-16,105.2486565069542,106.82437108255714,103.34852386728956,104.83155059814453,6926671
2013-09-17,104.55347117212352,106.31456116954259,103.39485560980668,105.57305145263672,4628986
2013-09-18,105.57306482747,107.33416211962702,105.10961854383022,106.26823425292969,5013717
2013-09-19,108.53911809688817,110.9490373548865,107.51953768830762,109.8367691040039,7588877
2013-09-20,108.81719132780403,109.51236076932965,104.18272838429985,105.6194076538086,7175240
2013-09-23,105.57306076937716,108.58546149724297,104.87789137063889,108.02932739257812,5854812
2013-09-24,107.3805087489813,108.21471352236611,103.30217980147843,103.81197357177734,7708701
2013-09-25,103.81196051265871,108.95621674171423,103.02410329809372,108.26104736328125,7855335
2013-09-26,107.70492579267705,110.43926342148046,106.73169272883575,108.49279022216797,7970953
2013-09-27,108.53910446351657,109.83675530763708,104.97056994590632,105.57305145263672,5494749
2013-09-30,103.85831172326411,105.52671404887494,102.46797291610731,103.71927642822266,5614201
2013-10-01,103.58023887737843,104.27540826581722,101.1703197451164,102.42162322998047,5375233
2013-10-03,103.07045152142365,107.70491439687667,102.42162954751188,107.1024398803711,6776388
2013-10-04,106.36092922856191,111.08808022439432,105.80479506522215,109.419677734375,10374519
2013-10-07,108.58547154062822,113.45165778188377,107.98298992500402,112.94186401367188,14800082
2013-10-08,114.00777930003736,114.00777930003736,110.39289707863728,110.7173080444336,8023428
2013-10-09,109.8367657528978,111.78323866837023,109.2806316444241,110.8563461303711,9207369
2013-10-10,110.39291595917045,112.57111232677325,107.70492579267705,108.49279022216797,7408245
2013-10-11,110.30021590685689,110.39290374959565,105.20230676830468,105.89747619628906,12420442
2013-10-14,105.89746402302394,105.89746402302394,101.77279538644588,102.5143051147461,10461942
2013-10-15,100.10438999178598,105.06326345205338,97.32371249201415,103.90464782714844,22947336
2013-10-17,101.95818103430702,105.43402811502202,101.30935907455847,103.02410888671875,9822584
2013-10-18,102.14355397320458,107.33415779829703,102.14355397320458,106.45360565185547,12059655
2013-10-21,107.14877761514951,111.04173057719088,106.54629604192095,109.74407958984375,10397418
2013-10-22,109.18794192813932,112.29303046273789,107.24146197449572,107.98297882080078,10174738
2013-10-23,107.05609092605643,109.97580391109287,105.01693011802125,107.42684936523438,11436312
2013-10-24,106.68533139976914,109.46600905782549,105.57306316519819,106.17554473876953,6134457
2013-10-25,105.66574643496968,105.66574643496968,100.9385960350994,101.21665954589844,11030631
2013-10-28,101.4947302658108,102.56065807105601,98.71405272428174,99.22384643554688,7039471
2013-10-29,99.17750248292677,102.607002076582,98.34329777668852,102.18990325927734,6557724
2013-10-30,102.56066510912636,105.57306598583763,101.91183606193414,105.15596008300781,7013388
2013-10-31,104.32176089972855,107.7976080144912,103.53389656307908,106.63899230957031,8231615
2013-11-01,105.89747764064147,107.42685181739232,105.06327290135653,106.77802276611328,6356485
2013-11-05,107.42684308993009,110.16117315983801,106.22188000089653,109.09524536132812,5356086
2013-11-06,108.9562037853805,109.41964998255926,105.9901438804597,106.82434844970703,3544847
2013-11-07,107.05608483233907,110.48558428835995,106.31456799619089,108.30738830566406,8682989
2013-11-08,108.35373724395332,109.28062976602027,106.03650593878591,107.98297882080078,5874233
2013-11-11,107.4268440638682,107.79760248474975,102.69969364460752,103.20948028564453,7096767
2013-11-12,104.04369097077445,106.08285179589299,101.95818268850948,103.1167984008789,10337140
2013-11-13,102.14356044618046,106.49995985605193,101.12398001293539,105.6194076538086,8827958
2013-11-14,106.59264707810738,108.44643224468317,105.99016548464441,106.77802276611328,6313951
2013-11-18,107.98297776294356,110.67096746493056,105.61939902617615,110.30020904541016,8677657
2013-11-19,110.6246222738482,115.58349590545232,110.57828189022803,115.16639709472656,16182171
2013-11-20,115.0273680955429,115.86157283427552,111.36614522263147,111.92227935791016,7845073
2013-11-21,111.41247855434895,113.21992321909701,110.20752251614567,110.76365661621094,7108124
2013-11-22,111.69055253504995,112.75648038435754,107.89029448552756,109.74407958984375,8317855
2013-11-25,110.30021689693577,112.01496675369674,108.44643173900407,109.51235961914062,5389057
2013-11-26,109.3733293106982,113.08089979580662,109.00257084786146,109.7904281616211,8244575
2013-11-27,110.30021985505756,111.78324660685011,108.35374680135301,110.06849670410156,6496457
2013-11-28,110.85635547693091,113.40531017133691,110.06849816753132,112.52476501464844,8327954
2013-11-29,112.15399140458835,114.37853479718689,112.15399140458835,113.72970581054688,5005082
2013-12-02,113.77606878364158,114.37855039926578,111.55152508759886,112.94186401367188,5004229
2013-12-03,111.92226254501834,117.11285881393995,111.59785160414103,114.98101043701172,9469051
2013-12-04,114.93467910715223,115.35177793655073,111.36614411371566,111.87593078613281,5586058
2013-12-05,113.68337925716047,114.88833539898256,112.38572819766567,112.84917449951172,4796038
2013-12-06,110.34656039518748,113.4979893932915,110.30021293925051,111.6905517578125,5150035
2013-12-09,114.74929976979396,115.81522053803457,112.29303311399785,114.84198760986328,6669984
2013-12-10,115.30543979440107,116.78846652644273,111.8759329629486,115.95426177978516,8452805
2013-12-11,115.86155951873445,117.57630918528604,113.72970399493838,114.42487335205078,8394182
2013-12-12,113.08090069837478,114.23951648421878,111.69056175536197,112.20035552978516,3781269
2013-12-13,111.4124870239962,112.20035138658042,109.18795045462447,110.02214813232422,6925600
2013-12-16,109.37332814722004,110.30022075863715,107.1951319247157,108.12202453613281,4894608
2013-12-17,108.90986251758626,110.30020118802354,107.61221167751917,107.9366226196289,4133927
2013-12-18,108.12200712963579,109.79040931861388,107.56587306664309,109.18793487548828,4704581
2013-12-19,109.83676278891684,111.92227094313678,109.04890556720393,110.30020904541016,9030128
2013-12-20,109.37331672686511,111.36613704765492,109.37331672686511,110.7173080444336,5390331
2013-12-23,111.22711413265179,115.67620152660966,111.22711413265179,114.51758575439453,6397430
2013-12-24,114.56391345063648,115.259082836953,112.61744058327596,113.08088684082031,2888364
2013-12-26,111.96861009368718,113.72970008045392,111.55150425079914,112.24667358398438,5727281
2013-12-27,112.2466899019214,114.10047505991061,111.78324361242409,113.49799346923828,2847198
2013-12-30,114.00779025412683,114.37854870992953,112.24669289278599,112.84917449951172,2793865
2013-12-31,113.08087463230643,114.14680232390376,112.38570532104225,113.63700866699219,2175457
2014-01-01,113.63703291857503,114.74930829694813,112.47841715253811,112.89552307128906,4120036
2014-01-02,112.89551771223113,116.46405268790352,111.22710825968423,111.82958984375,7275995
2014-01-03,111.22711245888158,111.87593445290665,108.53912249346607,110.06849670410156,4279292
2014-01-06,109.83674169947683,110.85632185366971,108.63177883530422,109.60501861572266,3307710
2014-01-07,109.51235270030436,110.25386247365199,106.59263984669946,107.56587982177734,4922926
2014-01-08,109.60502563277967,109.65137308114865,106.12917915393888,106.82434844970703,5002283
2014-01-09,106.59265555820517,106.82437872246214,103.81197758712156,104.41445922851562,5398443
2014-01-10,104.55348777448683,104.73886346524262,102.09722097801146,102.46797943115234,9012277
2014-01-13,102.14357426152459,104.0437071540139,100.56785947626288,101.95819854736328,4214147
2014-01-14,101.95818798953393,103.11680376214225,100.79957221692558,101.40205383300781,2923798
2014-01-15,102.23625367185977,104.64617294830767,102.14355875721903,102.74604034423828,4817973
2014-01-16,103.30218119113339,105.06327860938566,103.02411764401751,104.69252014160156,4745742
2014-01-17,105.20230003960705,105.66574629528814,102.42162250552052,103.16313934326172,5325344
2014-01-20,102.05086282730055,105.20229874136767,102.05086282730055,103.90464782714844,3113909
2014-01-21,104.22907493081236,105.10962718509732,102.56067241552395,104.7388687133789,3825639
2014-01-22,104.3681034638906,106.96340552574837,104.27541561988765,106.77802276611328,5517465
2014-01-23,105.85112223000408,106.82436219798645,105.29498813614073,105.94381713867188,2853691
2014-01-24,104.87789135870347,106.91705209945212,104.73885606464586,105.6657485961914,5737135
2014-01-27,103.81197271080221,104.46079471159294,101.30936548303285,102.97776794433594,8724577
2014-01-28,101.95818260586589,106.59264545158706,101.72645946357983,105.48037719726562,4513345
2014-01-29,106.12919275339284,106.36091588167535,103.02410424873284,103.58023834228516,4713458
2014-01-30,102.14356322380274,102.6070095307558,99.73364384197272,100.19709014892578,5077231
2014-01-31,101.07763040807271,101.95817545838,99.17749794587873,101.54107666015625,8287236
2014-02-03,101.03128804095876,101.40204647561833,95.46993273595184,95.88703155517578,5572627
2014-02-04,94.54303000984635,95.88702123525661,92.50386944612839,94.96012878417969,13935173
2014-02-05,94.91379038315061,97.46274467674698,93.61613951026679,96.6285400390625,9106760
2014-02-06,96.99930240667368,98.7140521326809,95.5626161901757,98.01888275146484,10194884
2014-02-07,98.38965288293772,99.82633219885167,97.09200180251614,98.62137603759766,9650511
2014-02-10,98.66770081295572,99.82631640292293,98.06522636347546,98.99211883544922,3124538
2014-02-11,99.08482002885121,99.27019571959055,96.6285532325937,96.90662384033203,3964390
2014-02-12,97.46276201896318,97.8798608762085,95.51628889910234,95.93338775634766,5325176
2014-02-13,96.30414058179592,96.90662217378159,92.45753495625738,92.8746337890625,12652556
2014-02-14,93.38443017779086,93.61615332959678,90.69644020251616,92.59657287597656,6390793
2014-02-17,92.6892508104973,93.38442019157603,90.51105483077635,91.29891204833984,6870442
2014-02-18,91.48429458711192,93.15270405556474,90.60374946697964,92.04043579101562,8475360
2014-02-19,92.31849859034367,92.78194487550766,91.2062303346017,91.62332916259766,4582897
2014-02-20,91.29890655531538,91.34525400658357,89.95491532807624,90.23297882080078,3404267
2014-02-21,90.18663642653533,91.0671814079354,90.18663642653533,90.51104736328125,6484994
2014-02-24,90.5110663619661,91.5769942964127,89.63051412410607,90.32568359375,8047904
2014-02-25,90.0476065721669,91.80870371268814,89.9085712847205,91.57698059082031,15034041
2014-02-26,92.45752598277882,92.45752598277882,90.88181157663598,91.20622253417969,12130348
2014-02-28,91.76236582929202,98.62137236621142,91.76236582929202,97.64813232421875,26493472
2014-03-03,97.32372576285458,99.50192202036398,97.04565514630889,97.8798599243164,9870841
2014-03-04,97.69446750411787,105.89746442845122,97.69446750411787,105.29498291015625,16427565
2014-03-05,106.45360658072603,108.63180263081794,103.99733994056754,107.28781127929688,12023136
2014-03-06,107.28780289106045,112.3393639998284,106.31456297354855,111.96861267089844,16609108
2014-03-07,111.31978234334004,116.64941395538482,111.04171885003637,115.4444580078125,15695038
2014-03-10,114.05412568286464,114.47122448187996,112.15399321706457,113.03453826904297,8823020
2014-03-11,112.98820875553194,112.98820875553194,107.70491672055375,108.81719207763672,14421017
2014-03-12,107.24146889119403,109.74408310516189,105.61940687295954,106.36092376708984,9497798
2014-03-13,106.12920150223535,110.25387069703297,106.12920150223535,107.19512939453125,6402750
2014-03-14,106.31457647446933,107.61222750539822,105.20230820317555,106.77802276611328,5684021
2014-03-18,107.51953347563799,107.89029190194871,105.85112409305415,106.45360565185547,8034386
2014-03-19,106.82436571802039,112.24668568721235,105.71209749364267,111.27345275878906,15915307
2014-03-20,110.90269470214844,113.03454331802601,110.3002131320593,110.90269470214844,7021283
2014-03-21,111.73689936825474,114.9346758267175,111.0417299580125,114.47122955322266,10588714
2014-03-24,111.22710216957773,113.54433346477727,109.55869280838259,112.71012878417969,7514958
2014-03-25,112.10765504579331,113.68337667931698,111.45883306657305,111.92227935791016,8547719
2014-03-26,112.24668205323282,116.74210933269453,112.24668205323282,116.2323226928711,14059505
2014-03-27,116.0469399470573,117.20555558978602,114.98101921304982,116.2323226928711,6763076
2014-03-28,116.23233600216722,122.07175526719112,115.86157753971423,121.33023834228516,9719662
2014-03-31,122.34982122189153,132.49929219914677,121.4692760947796,131.38702392578125,27873616
2014-04-01,131.61875241178856,132.0821987230977,126.15009159564462,128.0965576171875,12584698
2014-04-02,128.83807378656724,129.3478675546623,124.7597519283248,126.0573959350586,10111996
2014-04-03,126.0573855101242,130.59915330134766,123.55477847938359,127.12330627441406,10256995
2014-04-04,127.81848462595684,129.2088235340416,126.15008925086211,127.58676147460938,5444146
2014-04-07,127.44769823926802,128.79168931932205,124.38895065287461,127.30867004394531,4661247
2014-04-09,127.91117398287727,133.42618191653085,127.72579829851023,132.45294189453125,9943888
2014-04-10,133.00909172191956,134.49212557960695,130.32110876602758,132.0821990966797,8923225
2014-04-11,130.78453807084318,132.77735129865096,129.02343382595387,130.4137725830078,5404598
2014-04-15,130.41377626734294,131.71143429654123,123.46208228568011,124.24994659423828,5422799
2014-04-16,123.5547863605596,127.77215051756978,121.97907176982467,125.54759979248047,8006291
2014-04-17,125.825648428431,131.6187261645466,125.13047910009712,131.1089324951172,8629888
2014-04-21,131.43336449619156,133.93597151593465,131.15529390660728,133.0090789794922,4436455
2014-04-22,131.61874181624353,136.43858023720085,130.04302731329219,134.26039123535156,6223989
2014-04-23,134.39942391892816,135.3263164976794,132.36026307432712,134.5384521484375,5031335
2014-04-24,134.5384521484375,134.5384521484375,134.5384521484375,134.5384521484375,0
2014-04-25,132.8237001473505,136.1605047133662,131.80411272416782,133.2407989501953,4116077
2014-04-28,132.54564608683629,134.67750196443723,130.5064851295368,130.923583984375,4118525
2014-04-29,130.69182583760133,132.54561060125525,126.33543447166568,127.16963195800781,4775590
2014-04-30,126.6598554712453,128.69903030200774,122.39615842341756,124.4816665649414,7609347
2014-05-02,125.31588529781905,126.05740225739684,120.72776944136719,122.0254135131836,5364611
2014-05-05,120.4960095353704,130.69182572682482,120.35698133551634,128.74534606933594,9715098
2014-05-06,129.20880419782907,130.3674197811785,125.87199980373659,128.5599822998047,4170017
2014-05-07,128.23557664921532,128.51363307076898,124.48165938241985,125.31585693359375,3592081
2014-05-08,126.28910957350374,128.93075899069302,125.13049388934316,126.75255584716797,4178306
2014-05-09,126.52084180014312,134.12135840563914,126.52084180014312,133.5652313232422,7371362
2014-05-12,133.0090614758974,134.2140244433546,130.2747316818733,132.91636657714844,8081158
2014-05-13,133.47253240856344,138.84851223700448,130.87723033863412,131.8041229248047,16612600
2014-05-14,131.8041049844216,135.14092349775137,130.1356957277567,130.87721252441406,12157631
2014-05-15,131.61871117547102,132.96270222854145,127.07694440488687,128.3745880126953,6154288
2014-05-16,131.52603441776805,135.2799517094499,128.93074684435214,130.87721252441406,13107049
2014-05-19,132.17488885807444,141.7682186689495,131.61874764733162,140.93402099609375,13751989
2014-05-20,143.80735399773565,147.37589548921073,141.21206652385118,144.7805938720703,9385502
2014-05-21,144.68794478342886,151.68597280515885,140.93402681409282,148.02474975585938,13573762
2014-05-22,150.01755646631378,150.01755646631378,142.74144469933694,143.7610321044922,12270836
2014-05-23,145.47578902521235,145.47578902521235,138.75581775448592,140.93402099609375,19542712
2014-05-26,143.66833099143952,143.85370665439007,133.1944433872833,136.34588623046875,12522081
2014-05-27,137.0874105977888,139.49733702766324,131.3870267353572,138.70947265625,13805470
2014-05-28,138.75579927936286,140.4705559981206,135.4189948889718,136.43856811523438,11376239
2014-05-29,135.78973869452017,141.99991504165936,132.6383101432125,138.38504028320312,19321960
2014-05-30,140.4242078420278,141.3511003030313,136.25319176751213,137.18008422851562,11040937
2014-06-02,136.53126120738386,140.09978866683477,135.65071620535088,139.08021545410156,13844656
2014-06-03,139.68269771554264,144.31716024189282,138.43140131938245,143.8537139892578,23276134
2014-06-04,144.59523749161457,149.92486964274778,143.85372062454445,148.95162963867188,15948295
2014-06-05,148.85895246400764,158.49862953889442,148.25646380729083,157.43270874023438,20296986
2014-06-06,159.425541797452,159.51823672324286,153.2153636374823,156.8765869140625,13769155
2014-06-09,157.38634918191792,160.95487681763666,155.3471885124705,157.2009735107422,10337636
2014-06-10,157.24730143384988,160.67681487776417,150.34195538051426,157.33999633789062,13457788
2014-06-11,157.5717453935154,158.96208432345819,149.2297118138587,150.7590789794922,11473448
2014-06-12,150.89813192531005,157.57175642771418,150.15661494876292,156.8765869140625,13367632
2014-06-13,157.06191513574095,157.06191513574095,146.912446133704,150.48098754882812,11006055
2014-06-16,149.69312487416468,155.9496486692149,147.00514253063062,149.41505432128906,10365321
2014-06-17,149.2297118138587,151.73231905910393,145.52214133401128,150.7590789794922,9823831
2014-06-18,149.5541059719466,157.20096886377064,149.5541059719466,154.6056671142578,14186255
2014-06-19,155.6716122670979,158.2205669650039,152.14941749224874,155.48623657226562,14719990
2014-06-20,155.6252634185812,157.38636786191694,151.0834952910614,151.82501220703125,8800606
2014-06-23,151.54690762137267,155.16178232935087,151.22248962359654,153.21531677246094,8765528
2014-06-24,153.95684521269376,156.04235327410032,153.21532840665344,154.6056671142578,6166113
2014-06-25,154.7910711093451,155.7179637507184,153.5397603861874,154.51300048828125,4898203
2014-06-26,154.3276067551975,155.94966868805994,152.01037542253687,153.1689910888672,7655847
2014-06-27,153.02995311357995,153.21532877972726,148.53451895741023,149.13699340820312,6538554
2014-06-30,148.76625537321726,153.21534247471274,148.302809094796,152.1957550048828,5259988
2014-07-01,154.9764390289624,164.2453649773843,154.9764390289624,162.43792724609375,18819612
2014-07-02,164.80148337204741,166.05277971586614,161.32563662267881,165.2185821533203,11699288
2014-07-03,165.21854632260988,167.5357769863211,160.2133337462951,161.0475311279297,12055737
2014-07-04,159.3791586548711,161.78908475333205,158.5449610825421,160.58412170410156,6733395
2014-07-07,160.7695120564064,162.99406269124648,159.51821558361334,161.7427520751953,7093773
2014-07-08,161.92812097953777,163.04038917876164,155.85697212373321,156.64483642578125,6479098
2014-07-09,156.0423819843956,164.61613892544463,155.0691418813544,158.08154296875,11753471
2014-07-10,159.42551390735815,171.38242179310703,155.99601440195602,163.36480712890625,13850220
2014-07-11,163.59654430292179,164.66246513824356,153.26169744477156,154.55934143066406,9546897
2014-07-14,153.35436697101832,162.20619350221955,152.93726815923557,160.72315979003906,7338881
2014-07-15,162.5769684016188,163.50386107014174,155.39355022056606,161.9281463623047,8803424
2014-07-16,163.13307814969065,169.89939615159625,161.55736374621435,168.97250366210938,10109551
2014-07-17,169.89940964068,175.64614070310625,167.3968025490235,174.8582763671875,11547823
2014-07-18,173.32890657637256,173.4679348013499,170.13113011257235,171.1043701171875,9555163
2014-07-21,172.26297998070828,172.40200820098676,166.09913625530996,170.40919494628906,12711833
2014-07-22,171.10438120524196,176.10959563438954,169.62134737417517,174.48753356933594,12856830
2014-07-23,175.18267940398187,180.28058806388609,175.18267940398187,179.58541870117188,16908175
2014-07-24,180.00250986234562,184.35890152209643,178.4267955356174,183.5247039794922,14784601
2014-07-25,184.35891289393956,184.35891289393956,176.5730215385203,177.77798461914062,14535973
2014-07-28,177.77797383386502,180.18788570564612,172.86544104521565,174.07040405273438,7659739
2014-07-30,174.3021519371217,179.63178425498236,172.4947142405858,178.51951599121094,10593328
2014-07-31,178.98294544733005,180.7440355207422,174.85826255289214,177.68528747558594,13370034
2014-08-01,175.83152359252477,180.46598659782725,169.76037422692679,170.82630920410156,12377607
2014-08-04,170.6409284359984,179.0292949114363,170.6409284359984,176.94378662109375,9443678
2014-08-05,177.4072187185764,182.22707102980996,175.27537728467362,181.3465118408203,10095697
2014-08-06,180.0488595577076,182.31974324600037,176.99011162460104,177.73162841796875,6055467
2014-08-07,177.96335792760638,179.21466844533765,174.34848287700467,175.27537536621094,7742761
2014-08-08,173.14349518934372,173.51424647499826,167.35041795564817,170.50184631347656,9919821
2014-08-11,171.4751316661349,174.1631145592735,171.0116853643345,172.07760620117188,4670064
2014-08-12,174.07043700623348,174.07043700623348,169.89942021284097,171.84588623046875,7032239
2014-08-13,171.05802519724784,171.89222284599575,164.19901175042813,166.8870086669922,7549317
2014-08-14,167.582175300806,170.03843489267987,162.90136511051514,165.5430145263672,14030737
2014-08-18,163.55019801803732,171.70685580532248,163.17944663176658,168.92617797851562,9334923
2014-08-19,169.06519693064132,172.07759774429715,166.6552847656715,167.62852478027344,10288612
2014-08-20,167.25773507773303,169.62131358752183,166.3308426537575,167.16505432128906,10604946
2014-08-21,165.91376776825578,169.01886349273025,163.5965363748444,164.89418029785156,7638544
2014-08-22,165.03324363240972,170.68728046463931,165.03324363240972,169.1579132080078,8364204
2014-08-25,170.31651248980666,171.19705761688456,148.44184182700974,152.79824829101562,18698120
2014-08-26,147.3758935117302,159.05474356052812,146.17093054744853,158.03515625,22135877
2014-08-27,158.498634812196,160.63049062370183,155.9496801587835,159.70359802246094,9876204
2014-08-28,159.28650609228237,161.0939439144784,157.10830272754657,157.66444396972656,6182439
2014-09-01,159.33281681770308,165.86741184210086,157.01558554261572,163.27210998535156,11752433
2014-09-02,163.13305925401673,164.52339782720438,160.815828298704,162.067138671875,7741063
2014-09-03,161.27928654749996,164.29168701462282,160.53776975771075,162.2988739013672,8545333
2014-09-04,160.63048624329318,162.15985333633122,153.7251393810096,157.10829162597656,6861332
2014-09-05,156.2277447088966,159.8426200562386,153.91051329566247,155.43988037109375,5787423
2014-09-08,156.74533342707474,162.24679967897163,156.74533342707474,161.73394775390625,8514685
2014-09-09,160.8481091632694,163.13261569417108,157.91088851326737,161.22108459472656,7951226
2014-09-10,159.07645452169686,163.08599020821376,158.61022811832507,161.22108459472656,4651282
2014-09-11,160.42851893367606,163.5988529965731,160.10215473833298,161.31434631347656,4690133
2014-09-12,161.31433448241845,161.73393539701271,155.8128686508479,157.2115478515625,6512210
2014-09-15,156.60543142360447,157.35139644496343,151.94316782523518,152.5492706298828,8421482
2014-09-16,151.05735553538602,154.74054129695583,149.19244991149236,149.51881408691406,8528462
2014-09-17,151.10394989510252,152.26951566993654,146.39506131915348,149.7985076904297,7797094
2014-09-18,149.65866009296815,154.08781046955133,148.67958190094572,151.9897918701172,4836865
2014-09-19,152.2695430620014,155.2533891367268,151.1506025624919,153.20199584960938,8650571
2014-09-22,153.01553511243537,154.1811013024201,149.42558555604128,151.24386596679688,5133026
2014-09-23,150.63774322617405,152.92224959709608,144.71666262675393,146.53494262695312,7484298
2014-09-24,145.08963610793808,151.52355361641108,138.655704371367,145.5558624267578,22873474
2014-09-25,144.34369962016882,145.13627598161816,124.06285075165182,139.07533264160156,31086655
2014-09-26,136.7908243563808,148.35324773512818,136.2313612073435,146.62820434570312,13351556
2014-09-29,147.14106497392618,150.73099996807903,143.22476578571326,148.9127197265625,9198699
2014-09-30,147.79377982643044,151.98981773948364,145.36939667431457,146.1619873046875,10734306
2014-10-01,144.71668017571628,147.70052646455653,142.33892255107276,144.7633056640625,8703260
2014-10-07,143.4112298972245,144.1105694309612,137.3036617903042,138.23611450195312,12921339
2014-10-08,136.88405703195767,139.68141508753678,135.8583533870058,138.74896240234375,9467940
2014-10-09,140.89362657999493,147.79377174631105,140.89362657999493,147.18768310546875,12406852
2014-10-10,144.57682498798903,144.57682498798903,139.35508305684323,140.00779724121094,10095610
2014-10-13,139.58817334036962,141.7328175034764,137.44352917726286,140.89361572265625,7777533
2014-10-14,141.35983130045926,144.71665239548125,137.58339511897316,140.80035400390625,11878963
2014-10-15,140.80035400390625,140.80035400390625,140.80035400390625,140.80035400390625,0
2014-10-16,140.8003969214106,140.8003969214106,131.7556060575101,132.7812957763672,11734190
2014-10-17,133.34075858450518,134.2732114417395,128.81835653567825,130.03054809570312,13305567
2014-10-20,133.34072490601002,137.58338718045718,132.3616468075841,136.60430908203125,10451491
2014-10-21,137.58340958759092,140.70711784222928,137.1171832008001,137.90975952148438,8449946
2014-10-22,139.86791202508752,140.80036477192144,135.6718746643349,138.422607421875,7869325
2014-10-27,139.86790559537235,141.26658465132607,136.6509466122986,137.39691162109375,6682773
2014-10-28,136.69757712629027,138.8422070419048,134.87928290412194,137.7232666015625,6866486
2014-10-29,138.18948343012497,147.607261128011,138.18948343012497,146.30181884765625,12809507
2014-10-30,146.16197827266518,151.05735553538602,144.1572104182198,149.51881408691406,11033080
2014-10-31,149.37893236306232,153.34185667415406,148.07350416358983,152.64251708984375,7740469
2014-11-03,152.0830236902655,154.7871305201619,149.65864125593967,152.50262451171875,7051365
2014-11-05,152.40940765422076,152.9688850267085,144.80992300851574,145.92886352539062,8390745
2014-11-07,146.44168958689568,149.61202286363056,144.15718347029863,145.5558624267578,9383309
2014-11-10,145.97548147970136,146.39508237336813,141.26659222653038,141.73281860351562,9011011
2014-11-11,142.66527008813273,144.34368787596603,139.5415476988847,141.03347778320312,11436433
2014-11-12,141.2666116321589,143.27137963734816,140.47402099116678,141.0801239013672,10127123
2014-11-13,142.01256179387056,144.06395507225676,139.4949421236648,141.6395721435547,13597431
2014-11-14,141.73280279698545,147.93360722811425,140.7537246688866,146.6748046875,10434031
2014-11-17,145.602491995323,148.30661352155875,144.9964033958408,147.37416076660156,5914642
2014-11-18,146.39507273765366,149.89177033489062,144.11056648641198,144.80990600585938,9471205
2014-11-19,146.86130307987935,149.3789225727717,143.64434404851136,144.29705810546875,9177295
2014-11-20,145.92887291541464,146.95457675494254,143.6909917376649,145.462646484375,6453261
2014-11-21,145.92884492682398,150.1248820013972,145.36936762564136,149.47216796875,8704409
2014-11-24,151.66341181430022,156.65203898512513,151.01069783081508,154.4607696533203,10540335
2014-11-25,154.41419445688229,155.25339631328123,148.0735123624314,154.36756896972656,9865469
2014-11-26,153.48176146508956,158.33051396590892,151.19724035207307,157.7244110107422,7594843
2014-11-27,158.51696245082664,164.67115609603968,157.39802203208774,160.94134521484375,16167478
2014-11-28,161.68732360516913,163.3657416337972,160.4751462443672,162.29342651367188,8705076
2014-12-01,161.31433161305824,163.22586266565386,154.46079796022286,156.09259033203125,9673977
2014-12-02,155.7195965399615,160.6149730778944,154.7871438660695,159.49603271484375,9360449
2014-12-03,160.19539450185627,161.31433502054048,156.65207100260577,157.6311492919922,6342942
2014-12-04,158.56361186024463,159.7291779365062,154.13446077045066,154.6939239501953,7635372
2014-12-05,156.13922460337105,156.46558878733856,151.896561352299,152.17630004882812,6802949
2014-12-08,151.75667671519247,153.7148330737249,147.14103870219353,148.39984130859375,9025091
2014-12-09,147.0478056237242,148.02688392205718,142.19905384638562,144.017333984375,7678563
2014-12-10,144.34369763654698,146.5815786862513,142.85176745134362,143.5977325439453,4808967
2014-12-11,142.94498099725084,146.44167811446297,141.26656353536964,145.04299926757812,5043248
2014-12-12,147.32752754059825,147.32752754059825,141.8260622667143,143.17811584472656,6382001
2014-12-15,141.7328203910015,144.71666639571836,141.26659400813637,142.8517608642578,5268900
2014-12-16,140.80036380748058,141.5929543281003,132.26842692363138,134.9725341796875,16684445
2014-12-17,133.34074119331402,138.18949257290552,129.6109302508437,137.16380310058594,11916627
2014-12-18,138.9354815088314,144.48357339460392,138.9354815088314,142.61866760253906,8113040
2014-12-19,141.7328232501394,147.79376634965195,141.7328232501394,147.14105224609375,11532006
2014-12-22,145.9288370442649,148.12010642275024,144.4835326176957,145.276123046875,4714890
2014-12-23,144.6234352668984,145.18289841118178,141.91931360450994,142.75852966308594,6821884
2014-12-24,142.75853070339363,143.13150613563383,139.49494587293944,140.42739868164062,8568559
2014-12-26,140.5672526610525,143.22474870110838,139.634799907082,141.73281860351562,4821806
2014-12-29,142.66528969983665,147.23430309048615,141.9193245551322,146.4417266845703,4804910
2014-12-30,146.48834106721154,146.95456746879003,144.29707128855222,145.78900146484375,3056250
2014-12-31,145.8822399387064,148.91271158491324,145.83561445237535,146.90794372558594,4327309
2015-01-01,146.7680228259894,148.25995256822904,144.90311776223808,147.74710083007812,2350082
2015-01-02,148.1667507744924,150.31139515485896,147.65391309431666,149.28570556640625,2923839
2015-01-05,150.1248603750325,151.01068745088077,144.99637135600966,146.25518798828125,4830121
2015-01-06,145.74239098745196,145.74239098745196,140.9402500198138,143.03826904296875,7054029
2015-01-07,143.41123587674932,144.06394995649862,136.79081565676415,138.8422088623047,6638158
2015-01-08,140.52062326584357,142.8517550858745,138.5158555918568,142.24566650390625,3540099
2015-01-09,142.75852728193445,144.76329508135396,141.82607449558114,144.53018188476562,3743205
2015-01-12,144.71666344740333,144.71666344740333,140.3341383833763,140.89361572265625,4659450
2015-01-13,141.82608415923798,143.97071433149978,140.56726712064835,141.45309448242188,4324660
2015-01-14,140.75376023598747,141.12674992708938,131.28936913836887,132.5481719970703,13580758
2015-01-15,133.85358845689296,135.9049815593386,129.0048372434489,132.31503295898438,10860317
2015-01-16,131.94204710940392,133.71370141468674,128.44534974784727,129.19131469726562,9096928
2015-01-19,131.4292032926239,132.12854280737156,130.07714974306484,130.7764892578125,8541810
2015-01-20,131.47584603238258,135.3921449834717,131.47584603238258,134.92591857910156,8856169
2015-01-21,135.811743432738,136.46447176947026,131.00961724626802,133.52723693847656,8871757
2015-01-22,133.3873852627934,135.1124145272031,131.56910502058787,133.76036071777344,6918171
2015-01-23,135.76511476365368,136.37120330934465,132.50153041095143,135.01914978027344,6943971
2015-01-27,130.45014395197165,134.73943261932908,129.61094210440652,132.87452697753906,7886739
2015-01-28,132.17518827158142,133.43400527969402,130.21703164298427,130.68325805664062,7496686
2015-01-29,130.45016337700608,133.2475222562394,128.91162168466897,132.7812957763672,10636771
2015-01-30,133.34075377982714,133.43400475343103,129.23796704707283,130.26365661621094,7570814
2015-02-02,130.54340408509037,135.8583826915058,130.07717764192932,135.43878173828125,7296741
2015-02-03,135.99823040481036,138.46922433983724,133.24748358931762,136.5576934814453,6262548
2015-02-04,137.07056489361,143.41124693158764,136.1381120712045,142.10580444335938,8349284
2015-02-05,142.01254545659896,143.50446120192993,136.83743025713198,138.04962158203125,6672029
2015-02-06,138.0030101146191,139.86791565670853,135.81174041142393,137.3502960205078,5623571
2015-02-09,136.41785724231198,138.93547713675363,135.67189210333996,136.65097045898438,9737189
2015-02-10,138.46924934631122,143.31800135995567,136.6509691197072,139.12196350097656,8706407
2015-02-11,139.44831917552764,141.26659929107984,137.11718717402468,139.72805786132812,6154345
2015-02-12,141.54633748583674,143.03825342476262,138.9820922930792,142.47879028320312,10713094
2015-02-13,142.6652640108325,145.55587309052692,141.73281130487933,143.17811584472656,5666609
2015-02-16,146.39508033178947,147.32753307275627,140.10102433026347,140.7537384033203,4949268
2015-02-18,140.80039017826977,142.15244405952672,139.49496178838766,141.40647888183594,3717870
2015-02-19,140.80034814453126,147.14102891983836,139.9611464627236,145.6957244873047,8185032
2015-02-20,147.32754815193212,149.8451679646044,144.7166773643789,145.97549438476562,6630757
2015-02-23,150.6843602154186,150.87084790757626,143.78420178079364,144.3903045654297,6743403
2015-02-24,144.53019462727738,146.30184938630657,141.17335860920963,143.27137756347656,6455384
2015-02-25,144.1572191710928,144.94979557251042,141.9659492387289,143.27137756347656,3479311
2015-02-26,142.75853407554303,143.59773593195692,138.00301894759494,139.6348114013672,9010829
2015-02-27,140.380769669874,145.27614679260623,139.68143008091226,144.6700439453125,6534491
2015-03-02,143.7842245279743,146.76807075884886,143.13151038811125,145.97549438476562,4452819
2015-03-03,146.86129947965318,148.539717176469,145.60248265001655,147.98023986816406,3718817
2015-03-04,149.19244830499875,149.19244830499875,142.01256457594081,142.75852966308594,5559004
2015-03-05,142.71190629241664,143.59773362173576,136.977312938844,138.0962677001953,8404364
2015-03-09,139.30845386576243,139.7280690420902,130.54340252998952,131.28936767578125,8031261
2015-03-10,132.96776027288297,132.96776027288297,127.41965534369425,128.72509765625,6588296
2015-03-11,129.4710676508171,129.4710676508171,118.60798477597338,121.54521942138672,21561044
2015-03-12,122.85066669826257,126.53385272139468,120.37967226236556,125.78788757324219,14242872
2015-03-13,127.46627955135646,127.512905031357,122.19792755757102,122.80401611328125,6690050
2015-03-16,122.15131471672865,122.52429013912737,114.784936299551,118.23501586914062,10785285
2015-03-17,119.35395571461825,125.64801197300632,118.23501522541376,125.1817855834961,9699896
2015-03-18,124.9486573525593,125.69462233162712,122.89726433119668,124.15606689453125,4154051
2015-03-19,124.94866934250997,127.00006256072224,122.43104974615402,123.3635025024414,4626972
2015-03-20,123.22363072423751,125.88112687165713,121.73171479447075,123.1303939819336,4836454
2015-03-23,123.03714358610236,127.55954533792502,123.03714358610236,126.72032928466797,6306085
2015-03-24,126.62705970387333,126.72029642243368,123.08373715235288,123.87632751464844,4386125
2015-03-25,124.01623224084685,125.36828606251393,123.41014356399317,123.92298126220703,2895061
2015-03-26,123.45673714452032,124.38918988497169,119.86680263064238,120.79925537109375,7955596
2015-03-27,122.15131336655143,125.36827259050851,121.26548607707053,124.90204620361328,5241353
2015-03-30,125.18177732847504,125.60137820574391,121.49859193984926,122.29116821289062,3651285
2015-03-31,124.016218555066,124.4358194564368,119.72693011680863,120.28640747070312,8516432
2015-04-01,120.28640995888783,123.92297015012566,118.88773077331936,123.27025604248047,7180617
2015-04-06,124.38918800464857,125.97436902193333,123.08375987898998,125.60137939453125,5542921
2015-04-07,125.88112183020796,128.2588791992874,125.1351567811497,127.69940185546875,6514199
2015-04-08,127.9791371312215,129.517678443745,126.95343343747282,128.63185119628906,6176434
2015-04-09,129.23795708256017,131.3359757739777,127.37305157907791,130.45013427734375,6142066
2015-04-10,129.61093936827504,129.79742708289703,127.79265925153447,128.58523559570312,4860480
2015-04-13,128.67848443569952,129.56431173655707,125.97437704821844,126.90682983398438,5017864
2015-04-15,126.81355599236326,128.11898396575143,125.50812801897511,126.02096557617188,8714291
2015-04-16,126.67371752785554,128.5852343696303,126.25410238883136,127.88589477539062,5457847
2015-04-17,128.6784949669471,132.1285677110203,128.305519513356,130.31028747558594,8674061
2015-04-20,131.38258463196172,132.1285496653642,127.93251235908735,128.91159057617188,5669966
2015-04-21,129.05145660177078,129.9372981083719,124.66893146489691,125.22840881347656,6236971
2015-04-22,124.48244876548289,126.34735436496577,123.64324693695582,125.55476379394531,6263990
2015-04-23,126.34735053533434,127.74602969255207,124.76218366944096,125.92774963378906,6782890
2015-04-24,125.74125465023309,126.62708188626723,121.31210424196301,122.29116821289062,7487405
2015-04-27,123.083767758068,123.9695950591916,119.58706981039562,121.26548767089844,4805160
2015-04-28,122.05806126481119,123.50336589638903,120.84588405261692,122.47767639160156,6154792
2015-04-29,122.5242863932811,122.5242863932811,120.00666679880818,121.77833557128906,7223085
2015-04-30,121.21886513058367,122.0580669671705,118.46813219054826,119.91343688964844,11618447
2015-05-04,121.59182206080335,124.57568197707465,120.75262035191363,124.15606689453125,4003261
2015-05-05,124.43582165236195,130.72987796829585,123.41013212292185,129.9373016357422,8946517
2015-05-06,129.51770395288978,132.40831367506522,125.92776877391313,128.4453887939453,9503948
2015-05-07,127.65277745842168,127.65277745842168,123.31687780527945,125.22840881347656,5764064
2015-05-08,126.06761773972215,130.0771676897578,125.74126779133952,129.56431579589844,4144037
2015-05-11,131.2893600276377,135.29891000310644,130.72988264386035,132.87452697753906,6190079
2015-05-12,132.78127354968825,132.87452452129432,127.0000690126275,128.30551147460938,5822453
2015-05-13,125.78786524020708,127.18654430912605,122.85064488671692,124.48243713378906,9200683
2015-05-14,125.04192582088608,128.6784860394566,123.54999565382607,128.16563415527344,3697331
2015-05-15,128.39874682470096,129.37782510353702,125.46152621629328,127.74603271484375,3519076
2015-05-18,128.67848932071297,132.268438373437,128.58523834735615,129.70419311523438,5044666
2015-05-19,129.47107560440736,131.05624250205256,127.37305682655625,130.49676513671875,4364176
2015-05-20,131.14948273574487,131.14948273574487,128.818350698294,129.56431579589844,3050410
2015-05-21,128.39875062874341,130.45014398968533,127.04669688367494,129.70419311523438,3942179
2015-05-22,129.61092738889226,129.61092738889226,127.27979560132226,127.65277099609375,2577977
2015-05-25,127.51292053563,129.05146196602627,124.85542436156311,125.41490173339844,2879752
2015-05-26,126.02098512451438,126.48721150563075,124.20270508378054,125.22840881347656,2693352
2015-05-27,124.0162085354842,125.50813853993263,123.27024353325997,124.52906036376953,3168751
2015-05-28,123.64325301648854,124.94868130907417,121.03238220321599,122.71080017089844,10174628
2015-05-29,122.10469052473415,124.20270931116634,119.86680951044666,120.51952362060547,11477479
2015-06-01,120.05330381596914,121.0323821490206,119.12085097079657,119.68032836914062,3272418
2015-06-02,120.23979064941871,120.47290385898644,114.59845524630981,114.92481231689453,4980345
2015-06-03,115.67076477472129,116.46334817770526,111.89432834737738,113.71260833740234,3508099
2015-06-04,114.03898205026869,115.20454806830476,110.96188491703332,113.10652923583984,3192106
2015-06-05,112.78016052882904,114.03897746897783,111.1017497987142,112.0342025756836,4163808
2015-06-08,112.12745836590241,112.96666737731394,109.74970068591158,110.21592712402344,4663365
2015-06-09,110.02942989745674,113.10652696902267,109.60982898499333,111.98757934570312,4663442
2015-06-10,112.36055997598167,113.5727514354505,111.5679765358906,112.174072265625,3297811
2015-06-11,112.54704800928818,113.29301308095569,110.58889858872367,111.14836883544922,4749485
2015-06-12,110.72878214736056,111.19500859850734,108.2577805334724,108.86387634277344,5422403
2015-06-15,108.3510078855937,109.23684227618078,106.11312695243686,106.57935333251953,4287348
2015-06-16,106.90570626276515,107.6982896556025,105.92662805663979,107.23206329345703,5266441
2015-06-17,107.23206442336516,111.10174469275742,107.04557672216183,110.54227447509766,5112962
2015-06-18,110.49564619064331,112.45379545981947,109.7030628095541,111.89432525634766,4713738
2015-06-19,114.55181307831927,115.06466491030963,111.89432429902729,112.64028930664062,7892805
2015-06-22,112.82678743436172,113.75924022307545,111.80109078958665,113.01327514648438,2533356
2015-06-23,114.3187061100565,116.04374228052386,113.05989631615057,113.3862533569336,4076380
2015-06-24,113.71261086652,114.45857591771367,108.7239900395559,109.33008575439453,3604713
2015-06-25,109.09697380712477,110.49565295849817,107.83816399369873,110.02942657470703,5509978
2015-06-26,109.93618617388051,110.35578708685227,108.11789895155223,109.09697723388672,4253624
2015-06-29,107.23206982400335,107.41855753459895,103.50225869969019,105.227294921875,6441434
2015-06-30,105.2739216027083,105.83339185490215,103.73537307363756,104.34146881103516,7516460
2015-07-01,104.71444068984519,106.2063635818239,104.57457136252386,105.41378021240234,3867419
2015-07-02,105.88002122486891,106.85909242361792,103.22252497985609,103.54888916015625,4764056
2015-07-03,103.50224732579716,103.92184818555226,102.24343763248247,103.12926483154297,4606491
2015-07-06,100.89138469109103,102.10357611155133,100.00555742432768,101.68397521972656,4509017
2015-07-07,101.54410771027833,101.63735156413266,99.49270735523278,99.91231536865234,5412336
2015-07-08,98.37377599153479,98.37377599153479,92.35945793530293,94.97032165527344,12611248
2015-07-09,95.2966796588869,97.81430665493154,93.89800036576791,96.97509765625,6650883
2015-07-10,97.90754369888953,98.23390075507578,95.43654236367892,97.53456115722656,3399973
2015-07-13,97.16156965805696,99.7258146137682,95.25004586859289,99.44608306884766,4140433
2015-07-14,99.39946675149113,99.53933609387103,97.25482958651705,97.53456115722656,3600749
2015-07-15,97.62779676622431,99.21297065585884,97.62779676622431,98.4203872680664,2290566
2015-07-16,98.60687902554253,99.81907045492804,97.5345569324784,99.49270629882812,2705253
2015-07-17,99.86568711796723,100.93800919270898,98.97985985981742,99.95893096923828,3325040
2015-07-20,100.23868358216387,102.84955446527313,99.865701011141,102.01034545898438,4352389
2015-07-21,101.7306019352669,104.20160334798446,98.88662508323766,100.79814910888672,6584314
2015-07-22,100.61165809664614,101.54411089251116,98.42039544917338,100.42516326904297,3385362
2015-07-23,100.65826546004956,101.9170822880437,99.25958641921117,101.35760498046875,2382191
2015-07-24,100.70489717829612,102.80291586951063,100.4717839903834,101.96370697021484,3081533
2015-07-27,101.1711151492661,101.1711151492661,96.9284526360965,97.34806060791016,6011766
2015-07-28,96.182494063156,99.44607839898937,95.34328523970329,98.3737564086914,4192798
2015-07-29,98.65351224527745,100.84477497264878,98.56026127105059,99.35285186767578,4721020
2015-07-30,99.6325592490958,100.05216718904924,97.20818390309925,97.6277847290039,8222321
2015-07-31,98.37377097485245,100.05218887028049,97.4413181694036,98.09403228759766,5201040
2015-08-03,98.14064845163706,99.30621434773727,97.62779661173312,98.56024932861328,2485343
2015-08-04,98.83998914496031,102.94278257001389,98.60687596301464,101.8704605102539,4300456
2015-08-05,102.56981125054129,104.34147304949711,100.56503624419787,100.93801879882812,4508245
2015-08-06,101.59071815394182,102.56979632814848,100.23866459341784,101.35760498046875,2977481
2015-08-07,100.84476463928182,104.6678194271749,100.70489530632418,102.15019989013672,3542555
2015-08-10,102.56979515713226,104.2015873528139,99.53932393658062,100.51840209960938,3049401
2015-08-11,100.70489989643235,100.98463857509805,95.90276667300542,96.27574920654297,4765889
2015-08-12,95.85614358925116,95.94938743953813,89.09586128972464,89.4222183227539,11715218
2015-08-13,90.44791392362775,91.38036664448988,84.29372738874754,84.66670989990234,9789915
2015-08-14,84.85321135257163,88.90937992298879,83.45453204456221,86.85798645019531,11777040
2015-08-17,87.18433689958076,87.37082461417364,83.6410134099135,84.52684783935547,6356760
2015-08-18,85.41266174131543,86.67147140225634,81.9625897648034,82.8950424194336,8355260
2015-08-19,82.89505575977319,82.89505575977319,80.00445348804348,80.330810546875,9032174
2015-08-20,80.19093891939748,80.42405211393061,77.9530508290694,79.21186065673828,8280327
2015-08-21,77.39358245494753,80.47067954275232,76.50775513993874,80.1909408569336,11079753
2015-08-24,77.85979627334397,77.85979627334397,70.95964524068091,73.33740234375,10640052
2015-08-25,75.76178072920135,76.6942334150992,70.16706461381416,75.01581573486328,9592625
2015-08-26,75.24893933979708,76.27464312774075,73.663772399603,74.96920776367188,7083082
2015-08-27,77.3003349876897,77.3003349876897,73.80363714850635,75.20231628417969,10675016
2015-08-28,77.6733140280134,78.97874213815845,74.68946107070414,76.134765625,11959033
2015-08-31,75.57530562439716,77.11384712112684,74.36311408522467,74.64285278320312,7893204
2015-09-01,74.08337081451455,74.22324015487047,70.49342902031366,70.81978607177734,9754819
2015-09-02,70.95965022323583,71.70561524121884,69.14137027372047,69.3278579711914,11987371
2015-09-03,70.12044600788549,73.05767367921337,69.93395829804409,71.9853515625,8897644
2015-09-04,71.75224096545952,71.79886645163269,68.5352816129221,68.90826416015625,9254943
2015-09-07,70.08980315485147,70.18432605738286,67.4903836712447,67.63217163085938,5573543
2015-09-08,68.38836634886546,70.42064133301794,67.67943371799615,68.71920013427734,8371762
2015-09-09,71.03505517180538,74.86328727335848,69.94802363248681,74.296142578125,15543929
2015-09-10,72.3111343383789,72.92554411168584,70.37338210217308,72.3111343383789,9452127
2015-09-11,73.53995525758178,73.82352401172949,71.41315714911023,71.93303680419922,6938110
2015-09-14,72.59472245130151,74.81604380821385,71.74400163905237,74.34342193603516,6215669
2015-09-15,74.01258148993136,74.34341532872592,71.55494220371617,72.0748291015625,6194943
2015-09-16,73.25638385266548,73.96531659962676,71.12958561178165,73.02007293701172,6409074
2015-09-18,73.63449082827185,74.67425752874969,71.2241163398407,71.74400329589844,10191740
2015-09-21,71.12959633175578,74.48521472442069,70.1370874517738,73.82353973388672,7954972
2015-09-22,72.73648922486282,72.7837542876261,68.76646914837401,69.19182586669922,10220655
2015-09-23,68.05754958688317,70.18434801147328,67.39588185055457,68.95552825927734,6112851
2015-09-24,69.28635887753848,69.42813964846039,67.30134154499534,67.49039459228516,6783348
2015-09-28,67.96302055204032,69.00278713503542,66.40336707172928,66.68694305419922,6132965
2015-09-29,65.69442617889253,65.9780021261896,63.80393909460785,64.46560668945312,9667246
2015-09-30,65.59991331635878,67.58492361661735,65.22181439925309,66.92325592041016,7662075
2015-10-01,67.72670922952858,68.15206598903634,66.40336667202912,67.01777648925781,4570648
2015-10-05,68.0102762398373,70.32612745848019,67.44313150461498,69.94802856445312,6499084
2015-10-06,70.75147679863963,71.50767450751272,69.52266453626567,70.89326477050781,5594644
2015-10-07,70.89327585794123,78.83332419635805,70.3261310934051,77.41545867919922,20395886
2015-10-08,77.50997884985416,79.68404211688281,75.99759046096484,77.84081268310547,16159275
2015-10-09,78.54973959447435,80.81832561548177,78.26617084912102,79.35319519042969,13467309
2015-10-12,80.06213584329585,87.34051641827348,79.92035506231971,83.79585266113281,26948602
2015-10-13,76.56473317532561,81.95261892152726,76.56473317532561,81.4327392578125,18613124
2015-10-14,80.72379696456134,85.78084828621493,80.5820089961413,83.74857330322266,14422511
2015-10-15,84.4102511771212,86.48978408466647,81.57452055139443,82.99238586425781,16205040
2015-10-16,84.36300261407835,84.50479061542109,81.33822557307445,82.94513702392578,9119969
2015-10-19,83.18145558469921,83.65407749143046,81.76358986450548,81.9999008178711,4943125
2015-10-20,81.95261907047606,81.95261907047606,79.4477292436942,79.82582092285156,8452425
2015-10-21,79.82582675734778,81.85810213372262,79.49499290808608,80.8656005859375,7239578
2015-10-23,82.42524931794058,82.61430238850687,80.01488216422777,80.44023895263672,7207731
2015-10-26,81.57452129700064,82.14166598500263,80.20391382172356,80.72380065917969,5855329
2015-10-27,80.34570919333889,81.38547575233711,78.64426776106059,79.778564453125,9200960
2015-10-28,79.40047080135909,80.53476035672367,79.40047080135909,79.87309265136719,5213212
2015-10-29,80.10939369545326,80.34570459131007,78.45521742445571,78.6915283203125,6610339
2015-10-30,78.92784413015919,82.14167395622954,78.50248737578904,79.4477310180664,10426450
2015-11-02,79.30593652715723,79.63677033250212,75.7140080963484,76.51746368408203,6934948
2015-11-03,77.36819086085026,79.77856503900651,77.22640287184636,77.84081268310547,10902466
2015-11-04,78.92784032762867,79.30593920865117,77.03735313415254,77.3681869506836,6302042
2015-11-05,77.27366717165319,77.88807697681322,76.37568860293693,76.61199951171875,4001045
2015-11-06,76.65924539781635,77.74627685082365,75.61947900384064,76.47019958496094,6199574
2015-11-09,73.72899778857291,76.3284175824008,73.72899778857291,75.57221984863281,6902286
2015-11-10,73.87079401656307,78.26617851033248,72.87828528158269,74.91056060791016,18103849
2015-11-13,74.67425374123717,75.85580838904154,72.92555430481413,73.161865234375,11899968
2015-11-16,72.7364944483871,75.14686858969225,72.21661477883659,74.72151184082031,11401155
2015-11-17,75.43044166874134,77.935331422964,74.91055480750475,76.42294311523438,11768848
2015-11-18,76.4229414766481,76.84830541171314,72.12208754412036,72.3583984375,13878123
2015-11-19,73.53994913829567,74.57971557359069,71.27136323570194,74.10709381103516,13759182
2015-11-20,74.0598327636099,75.05234140341732,72.64196739910568,72.9728012084961,14167159
2015-11-23,72.83102655108792,73.06733746499589,69.75898467028445,70.18434143066406,11048526
2015-11-24,69.56993103027344,70.46791682259474,69.19183212885588,69.56993103027344,9426757
2015-11-26,69.94801893268324,71.3658841813187,69.80623096549257,70.98778533935547,7517900
2015-11-27,71.1768419494331,74.76876309982416,71.08231182545664,73.39816284179688,12432617
2015-11-30,73.16185033219831,73.63447209505277,72.40565262697686,72.83101654052734,10087833
2015-12-01,73.35090807161833,75.43044849306804,73.25638514601539,75.19413757324219,8171916
2015-12-02,75.61948125425923,76.75377058841883,75.52495834501855,76.04483795166016,8880279
2015-12-03,75.19413756582217,77.1791478498361,74.29615174359036,74.86329650878906,11515236
2015-12-04,74.53245878782656,75.71401332540034,73.91804898596088,74.72151184082031,6152914
2015-12-07,75.43044750940213,76.18663811600145,74.57972676679566,74.91056060791016,6293540
2015-12-08,74.2016174416793,74.43792832525153,71.55493266101601,71.83850860595703,7459812
2015-12-09,71.36589200294624,71.50767998567672,69.00278299622616,69.71171569824219,7645728
2015-12-10,70.60970317703534,71.98031090146686,70.42065731721452,71.55494689941406,7082364
2015-12-11,71.83851818647541,72.97280769423871,70.60969854336781,72.0748291015625,9056848
2015-12-14,71.8385139953879,74.91055571229593,71.60220309408727,74.48519897460938,10437559
2015-12-15,74.76876302455004,74.95781606067668,73.02006390728528,74.67424011230469,5371495
2015-12-16,75.00508435266326,75.80854003605411,74.05984067534769,74.24889373779297,5407666
2015-12-17,74.5324610858981,77.17914621632369,74.34341523871205,76.84831237792969,12765646
2015-12-18,76.7537757042093,77.50997345180825,75.2413874206476,75.52496337890625,9069541
2015-12-21,75.80853858349599,77.32093420753162,75.80853858349599,76.84831237792969,7868108
2015-12-22,76.70652460353062,77.2736693583286,74.86329513589115,75.24139404296875,5451649
2015-12-23,76.18663198600522,79.58950747099803,75.80853310730907,79.30593872070312,12159348
2015-12-24,79.9203407965789,80.96010720408167,79.16414311204838,80.5820083618164,11012588
2015-12-28,81.0073794057731,81.29095539062772,79.68404404081656,80.29844665527344,6753979
2015-12-29,80.58202010273106,80.81833101212324,79.54225354373283,79.778564453125,5043169
2015-12-30,80.0621337890625,81.0073774333803,79.49498904479915,80.0621337890625,6327517
2015-12-31,80.34570879640832,80.81833061285778,78.64426737253562,80.1093978881836,8803069
2016-01-01,80.06213712183154,80.58202403250247,79.40046942792033,80.25119018554688,2806421
2016-01-04,79.58951016061799,81.1964286464712,75.99758872071111,76.32842254638672,8706224
2016-01-05,77.50998079073597,79.35320305903164,76.18663821295699,78.0771255493164,9819068
2016-01-06,77.88808077666155,78.31343754856563,75.3359185103262,76.1393814086914,6494446
2016-01-07,74.67423988985803,75.05233874934905,71.93303217309301,72.45291900634766,8098318
2016-01-08,73.2091115083419,73.87078633338811,71.08231347884879,72.6892318725586,6800939
2016-01-11,71.64946564894956,74.34340838707406,70.23160029081707,73.63447570800781,9706674
2016-01-12,74.10709590139857,74.34340678934204,70.89326638304021,71.46041107177734,6696133
2016-01-13,72.21660674558217,73.2563731806579,70.23159678559472,72.50017547607422,8275596
2016-01-14,70.89327140484428,71.83851502357554,69.38088305720157,70.60969543457031,7864816
2016-01-15,71.22411052487682,71.27137559398234,67.25408991567288,67.86849975585938,5206900
2016-01-18,67.1595650452565,69.475409131657,66.2143213836013,67.30134582519531,6814262
2016-01-19,68.15205948707003,69.85350078605062,67.20681592355551,67.9157485961914,4396738
2016-01-20,67.11229379896116,67.15955886234728,62.716909734589294,63.89846420288086,8312143
2016-01-21,65.22181017039576,65.55264399704872,63.14227707860297,64.56014251708984,5883512
2016-01-22,65.78896171818857,68.90826889062659,65.31633985640326,68.38838195800781,6988053
2016-01-25,68.9082538722893,69.42813347996464,67.86848744530289,68.05753326416016,3930042
2016-01-27,68.53016928772061,68.86100314540286,66.92325785804275,67.1595687866211,5960177
2016-01-28,67.15956866809961,67.490402525198,65.45812710068327,65.88348388671875,12038432
2016-01-29,66.16706469380264,67.25409648467124,64.9855099671276,66.63968658447266,9203028
2016-02-01,66.97051433265331,67.63218924597975,66.35610448872056,67.20682525634766,5582032
2016-02-02,67.82124017778102,67.86850525071327,64.46562192544482,64.79646301269531,6192773
2016-02-03,64.27656182516633,64.27656182516633,62.66965066419158,63.000484466552734,6780055
2016-02-04,64.08752648080736,66.59241654527051,63.52037448498297,64.93824005126953,12083591
2016-02-05,65.50538769525296,68.24658850531927,65.03276587122267,67.3486099243164,15932693
2016-02-08,68.05755317676825,68.05755317676825,65.64717861710258,65.97801971435547,10400835
2016-02-09,64.74918779645647,66.92325100128406,63.89846709840931,66.16705322265625,16969989
2016-02-10,66.35609283607654,66.63966877936647,61.4408293710471,63.236793518066406,16937036
2016-02-11,63.8039419595914,64.04025285573803,59.50308437088627,60.21201705932617,7915911
2016-02-12,61.25178565111791,61.29904350219682,55.580320678034745,57.56533432006836,11171816
2016-02-15,59.030467578049,64.70192596008184,58.88867958602535,63.33132553100586,17333390
2016-02-16,64.74919417827184,64.74919417827184,61.01548440593148,61.29905319213867,9530757
2016-02-17,61.62988098854534,62.66965473731035,58.227005407199016,62.1970329284668,12113622
2016-02-18,63.9457342578363,66.26157831180684,63.52037028906596,65.12728881835938,14663310
2016-02-19,64.56015587914548,66.1670674906928,63.756692861733775,65.26908874511719,6048480
2016-02-22,65.36360127718117,66.73420171516617,65.03276743473344,65.6944351196289,5132711
2016-02-23,66.07253386224212,67.91575613093264,64.0875236009669,64.74919128417969,10366393
2016-02-24,63.89846871473363,64.70192436757644,62.38608033085834,62.76417922973633,6136935
2016-02-25,63.6621522112892,64.27656196653179,62.81143156646378,63.473106384277344,6197874
2016-02-26,64.46560892250695,66.11978517855582,62.57512177273682,65.64716339111328,9806363
2016-02-29,66.30883119863034,66.92324089956894,63.047736883634194,64.98548889160156,15550728
2016-03-01,65.22181902576595,66.63968465676088,64.8437200818398,66.40337371826172,8273262
2016-03-02,67.96301951081091,72.78376065748587,67.3958747661968,70.84600830078125,21643529
2016-03-03,72.31114052372399,75.43044750940213,71.36589685674721,74.91056060791016,22949555
2016-03-04,75.47770969515663,77.41546220826292,73.3509113224661,75.05235290527344,15840406
2016-03-08,75.90306490057455,79.58950921672104,75.66675399766073,78.59700775146484,19055239
2016-03-09,75.9975958970087,76.9428396091316,74.72151832797022,76.65926361083984,11565488
2016-03-10,77.41546128995442,80.86560227372067,77.08462743378772,79.21142578125,18838685
2016-03-11,79.30593240571774,80.1093879516967,77.1318694350587,78.9278335571289,10301155
2016-03-14,79.87309126975319,81.29095679525176,79.58951527999868,80.25119018554688,6642436
2016-03-15,80.34570522839033,81.29094881931258,79.02236275877193,79.30593872070312,11700066
2016-03-16,79.40047038259682,79.63678130635455,75.00508575837566,77.03736114501953,13890592
2016-03-17,77.9825931125217,79.21141261591886,76.28115183268501,76.56472778320312,8476015
2016-03-18,77.88807413720683,80.8183278569442,77.50997525461315,80.53475189208984,14366152
2016-03-21,81.0073786077826,82.23619824786519,79.68404325586202,81.29095458984375,12324190
2016-03-22,81.19644690741552,83.18145751953125,80.20393799553858,82.23621368408203,12800780
2016-03-23,83.18143635505814,86.67883477169583,83.08691343789101,86.30074310302734,22685606
2016-03-28,87.43503146701389,87.43503146701389,78.02986069656797,78.6915283203125,20101957
2016-03-29,79.30594263434065,81.43274081887022,78.92784373698585,79.778564453125,14305542
2016-03-30,80.8183256929571,84.41025416396522,80.58201479911804,83.18143463134766,15758559
2016-03-31,83.0396399952018,84.1266714620384,81.76356271310475,83.13416290283203,16963906
2016-04-01,82.70882066291821,82.85060865495345,81.33822023373031,81.90536499023438,8139439
2016-04-04,82.66154573261414,85.68632942580797,81.7635672429243,84.22119903564453,14431538
2016-04-05,83.37049001466156,84.5047867620426,79.73130327487593,80.25119018554688,11541211
2016-04-06,81.05463776714247,84.78834705951667,80.81832686986216,84.07941436767578,14585715
2016-04-07,84.12667896924698,84.50477784514388,81.99988090541771,82.51976776123047,6979457
2016-04-08,82.47252371767446,84.59932232357438,81.29096893661895,82.89788055419922,10212068
2016-04-11,83.3232264123269,88.09670235872558,83.03965044212494,87.15145874023438,15187158
2016-04-12,86.34800019948528,88.04944154013609,85.26096863249373,86.96240997314453,12789430
2016-04-13,87.95492055612223,92.35029756136791,87.95492055612223,91.02696228027344,18201767
2016-04-18,91.49958235212672,92.25577289677696,89.3255192115302,91.73589324951172,11527074
2016-04-20,94.00448627943175,96.79295961630913,92.87019668548534,96.22581481933594,24020057
2016-04-21,96.79295961630913,98.54165907849207,95.1387830850155,96.22581481933594,18328986
2016-04-22,95.94223925675962,97.12379392740937,95.09151845156433,95.56414031982422,10577244
2016-04-25,95.61139823015073,95.80044407864047,91.26327881015494,93.01197814941406,9752785
2016-04-26,93.626379590941,97.78544557839791,93.48459161145128,97.50187683105469,17484714
2016-04-27,97.59640859093068,98.68344025000934,95.56413326511178,96.17854309082031,8607518
2016-04-28,96.2257957649413,96.840198299878,91.21600209182405,91.59410095214844,19093454
2016-04-29,92.06673511991653,93.57912355319635,88.28576043089849,91.07422637939453,23929755
2016-05-02,91.12148526789512,95.13877060252855,89.42004388857228,93.24828338623047,18962903
2016-05-03,94.05173272680304,95.09149918396814,91.26326715372808,91.59410095214844,13225593
2016-05-04,90.27075879537763,90.55433474431068,85.68632903186626,86.15895080566406,14740553
2016-05-05,86.48979263735146,88.09670393284432,84.03216062768847,85.49728393554688,15926658
2016-05-06,85.54454690487755,87.2459882915076,84.31572732435181,86.86788940429688,13758624
2016-05-09,87.90766027844214,88.75838101378667,86.01717296062617,86.67884063720703,11577265
2016-05-10,86.06443430284995,86.06443430284995,84.31572784025508,84.93013763427734,12264885
2016-05-11,84.5993023185114,87.71860908753564,83.93763468223904,86.58431243896484,14204732
2016-05-12,87.24599239219528,88.61659280966335,86.96241641054964,88.28575897216797,9628472
2016-05-13,88.28575270698693,88.28575270698693,83.98489148984632,84.4102554321289,12852619
2016-05-16,84.83562372337211,85.59182158272002,83.27597014574032,84.88288879394531,8759799
2016-05-17,85.59180651294103,86.2062090523941,84.03215320991066,84.22119903564453,7734643
2016-05-18,83.37047744370314,84.6938198436233,82.47249896427655,84.26846313476562,8076399
2016-05-19,84.17394982228332,85.92264913048504,81.57452978771309,82.28346252441406,10822516
2016-05-20,82.80335184120783,83.70133773918761,81.71632007609418,82.1889419555664,10826038
2016-05-23,83.13417167940108,83.60679347908302,81.57452550975971,82.14167022705078,6339823
2016-05-24,82.3307144636072,82.6615482746333,78.92783901429995,81.57452392578125,8892273
2016-05-25,84.12667648960168,84.36298737861742,82.75607621796482,83.89036560058594,8223849
2016-05-26,84.03215679605826,85.73359093518127,82.85060230570771,85.35549926757812,12228049
2016-05-27,86.01716871098185,87.62407996708188,85.87538072682327,86.86788940429688,11544310
2016-05-30,94.52436967267045,97.83272261121391,92.77567027605345,97.31283569335938,43496929
2016-05-31,97.45461744023929,101.75547886917792,96.88747270090279,99.48689270019531,36580800
2016-06-01,99.58141860631576,99.9595175144187,96.98199852910865,97.45462036132812,12374620
2016-06-02,97.12378096954961,100.5266565246956,96.60389409916996,100.24308776855469,12148730
2016-06-03,100.85748637600628,101.04653941762838,98.39985452800813,99.77046203613281,9025991
2016-06-06,99.2978410883644,102.086306768212,98.82521929777081,100.99927520751953,13723112
2016-06-07,101.37739014298948,104.21312133580038,101.14107921025524,103.50418853759766,14522201
2016-06-08,103.7404875019213,104.40215515258646,102.08631116362187,103.36238861083984,10622548
2016-06-09,103.03155040095598,106.43442585260526,102.98428533721848,104.8275146484375,16009358
2016-06-10,104.4021430892819,109.55372456029187,104.4021430892819,108.98657989501953,26738862
2016-06-13,107.28514420487274,109.17563132742555,105.25286910580124,108.41943359375,15420130
2016-06-14,108.65575467496332,109.50647540222896,107.85229901484895,109.2701644897461,10883646
2016-06-15,109.88456330598044,110.30992002122015,107.94681113291949,109.41194152832031,10291525
2016-06-16,109.03385185297503,112.90934931407848,108.08860821799192,112.53125762939453,19649978
2016-06-17,113.52375714025968,113.6655451253629,111.49148191814419,112.2949447631836,9115066
2016-06-20,111.0188624331208,114.70531406479955,110.87708165668583,114.42174530029297,7879482
2016-06-21,115.5560324510582,117.82461857954125,114.9416226562304,116.73758697509766,15274422
2016-06-22,117.16294249062736,117.16294249062736,113.52375603707054,115.5087661743164,10065713
2016-06-23,115.41424312970341,117.68282923192318,114.98888639062812,117.11568450927734,8243327
2016-06-24,111.86957663070238,113.05113110971621,105.86728131963936,110.8770751953125,22745648
2016-06-27,109.60098750689401,114.18542452587087,109.553729656044,113.24018096923828,13603388
2016-06-28,113.33472857110951,114.42176034036028,111.30245303931676,111.58602905273438,11037595
2016-06-29,112.48399468111293,114.6580579671673,112.10589577767259,113.38197326660156,9327343
2016-06-30,115.69781983292559,116.6903213009611,114.61078823415068,116.12317657470703,15709303
2016-07-01,117.21020336571581,118.62806872901075,116.40674776884256,117.91913604736328,8905862
2016-07-04,119.19523190932773,119.80964177099361,118.62808711841971,119.0534439086914,5715305
2016-07-05,119.10068486849522,120.42402725380566,116.54853022025323,116.87936401367188,9848628
2016-07-07,118.15545611652219,121.65285473291655,117.77735721462197,120.70761108398438,15661285
2016-07-08,121.65284343287406,121.65284343287406,118.62806692191006,119.90414428710938,8327269
2016-07-11,121.2747632459989,122.64536365459401,121.03845233336962,121.98369598388672,7534954
2016-07-12,123.21251214641129,128.7421786923404,122.88167110873239,127.84420013427734,26490373
2016-07-13,128.55312052903727,132.2395645396054,127.32430105109066,128.36407470703125,20241097
2016-07-14,128.55312052903727,129.8292050683033,126.42632257910834,128.36407470703125,11703265
2016-07-15,129.4038582471102,130.44363209836345,128.12778789141694,129.87648010253906,10639879
2016-07-18,130.3490827278877,133.7047002910414,128.69490647792327,129.73468017578125,13729613
2016-07-19,129.4038450293668,131.86148419587508,129.12028348369293,130.44361877441406,10933178
2016-07-20,131.24709872846196,131.67245552570557,126.94623683794353,128.4586181640625,11898110
2016-07-21,129.64014919173508,129.97099020884826,126.19001594822724,126.56810760498047,11200454
2016-07-22,125.9064610525435,129.49839008555693,123.21252509523937,128.5531463623047,15030516
2016-07-25,129.0257479374394,129.4038395979838,126.56810887408403,127.79692840576172,6407189
2016-07-26,127.79694021124418,129.3093358396767,123.82691971570087,124.44132232666016,12881150
2016-07-27,125.38654832406671,127.22978474381542,124.01594809198228,126.47358703613281,9550329
2016-07-28,126.66262254768245,128.17501783994803,124.8666657584787,126.89893341064453,10626361
2016-07-29,127.56062473886014,128.22229239393477,124.91393969528858,126.23728942871094,7051660
2016-08-01,127.13526765098884,131.19981812597246,126.75717597003491,129.1202850341797,12647887
2016-08-02,129.8764624077263,130.6799252217986,127.22979191653569,128.08050537109375,9026140
2016-08-03,127.98600101000021,129.73470775820047,126.284573758349,128.2695770263672,9958140
2016-08-04,129.02577399675414,130.3963745721379,127.98600008534567,129.59292602539062,6943209
2016-08-05,131.38885532851899,136.35138403697022,130.9162335467617,135.8314971923828,13302798
2016-08-08,138.24189227816237,143.81882438537338,138.00558135119115,140.98309326171875,20168915
2016-08-09,141.97559183859403,142.0228569052471,137.43841948209118,138.57272338867188,9816523
2016-08-10,138.9508178260747,140.98308592292895,136.63497374696152,137.8165283203125,9266876
2016-08-11,137.6274633085771,138.00555495009064,130.916228497175,134.4608917236328,9200944
2016-08-12,135.16985351354586,141.0776268314456,135.16985351354586,138.33642578125,22086647
2016-08-16,139.61247522369365,147.03264316734615,138.57271592966,146.18191528320312,17292821
2016-08-17,145.89833988033942,148.21418356887617,145.52023382667207,147.4107208251953,13401034
2016-08-18,147.93062925721188,148.54503185222964,145.56752016364618,145.8983612060547,7030499
2016-08-19,148.2141920899945,150.71908173774025,147.6943052508571,150.2464599609375,13625085
2016-08-22,149.34848638780127,149.34848638780127,146.79633159367688,147.50526428222656,6708408
2016-08-23,146.9853734871801,148.3559737636602,145.37846232084928,147.0326385498047,6120185
2016-08-24,147.74159157923336,148.97041126045215,146.89086360457074,148.40325927734375,7012966
2016-08-25,148.35597245219634,149.15943523989523,145.09488508573807,145.80381774902344,7136191
2016-08-26,146.9381170146904,148.3559824366847,145.85109262713726,146.98538208007812,7924816
2016-08-29,146.512772994238,150.7663696295546,146.0401511458695,149.632080078125,7488966
2016-08-30,151.14445915769574,154.5473421861499,150.34101068102876,153.83840942382812,7930389
2016-08-31,154.0746924671311,155.6816035529929,149.5847857848067,150.530029296875,15209502
2016-09-01,150.2937505812872,151.85339694065115,148.02517143616245,148.87588500976562,6261144
2016-09-02,149.63208091533662,150.19921848258753,146.04015196298377,148.6395721435547,6820117
2016-09-06,149.87624264843996,152.11177290069992,149.35302849898954,150.77996826171875,5189625
2016-09-07,150.82754265312272,153.91924561236283,150.35189604400884,151.92152404785156,7925196
2016-09-08,153.06305947208375,155.4888598671808,152.20690145761716,154.06192016601562,9379095
2016-09-09,154.91811599271873,154.91811599271873,146.49916468356614,147.30776977539062,9427758
2016-09-12,141.7426722607252,143.26474703083107,133.08589922246202,133.98963928222656,16165924
2016-09-14,133.41885631621196,136.70081458451068,131.80166096094976,136.27273559570312,13195609
2016-09-15,137.88992697250202,139.1266108610496,134.27501041966298,138.46070861816406,10494591
2016-09-16,139.64985641231743,140.69627031100632,135.0836457650307,135.7019805908203,10327538
2016-09-19,136.13006911934409,137.5570089863578,134.79824986744813,136.93865966796875,4969953
2016-09-20,136.03491757843867,139.2217553699003,135.65440613270349,138.50828552246094,7633586
2016-09-21,138.46072689310552,143.97823030561347,137.08135466887407,142.26589965820312,14671999
2016-09-22,145.92836760494342,148.59199140474357,144.83438625718105,147.06993103027344,16321716
2016-09-23,147.0699487969463,149.2103587046378,145.5954412907532,146.92724609375,10730581
2016-09-26,146.49914854768323,147.7358325749034,144.88195305774076,146.11863708496094,7234470
2016-09-27,146.83211026726002,147.73583589824125,142.26590003396586,142.74154663085938,8046035
2016-09-28,142.88421301196695,150.4945574015852,141.26701773228908,149.25787353515625,12785618
2016-09-29,149.78108463655693,150.1616105578188,140.60111270536203,142.69395446777344,14157620
2016-09-30,139.84011286907509,146.83212431876228,139.64985711522706,145.26248168945312,9167292
2016-10-03,146.97478022294663,147.64068247294423,145.1673291850131,146.59426879882812,9299252
2016-10-04,147.40285597074282,149.8286561641353,144.92950273706384,146.73695373535156,13696719
2016-10-05,148.8773809533051,151.54100472970742,148.16391107653206,149.59085083007812,10169595
2016-10-06,150.30430967544984,153.82409123941702,148.4968585931799,150.63726806640625,13604084
2016-10-07,151.2080315494913,152.58740360677962,149.02005457125097,150.30430603027344,7263839
2016-10-10,151.11289823475883,154.8705026661893,151.06533068183862,152.92034912109375,8157913
2016-10-13,150.20919604547484,151.4934477193445,144.69170689328053,147.5931396484375,8680827
2016-10-14,148.16391237803577,148.7346940907008,145.73811187258238,147.06993103027344,5656494
2016-10-17,146.68939508926667,148.02121415652272,142.69396691866035,143.3123016357422,7752014
2016-10-18,144.59656123897156,145.88081281936618,142.02807259376408,144.9295196533203,10851523
2016-10-19,145.92836139420208,146.45157552261324,142.69397053497516,143.645263671875,8197044
2016-10-20,144.4063193636201,148.63957145555776,144.26361666567288,147.6882781982422,8035617
2016-10-21,147.83095179855255,147.83095179855255,143.5025795171841,144.45387268066406,5801324
2016-10-24,144.73923283838698,145.69052589553203,143.07446998838316,143.5025634765625,5649471
2016-10-25,143.83551899005235,145.0722029676469,140.45842546047612,143.16961669921875,8898884
2016-10-26,142.59882548428254,144.8343700065434,141.3621561049011,142.88421630859375,6191861
2016-10-27,142.88423347167523,143.50258275122164,140.22060965078643,141.0767822265625,8386282
2016-10-28,141.2670415648819,143.0744928561121,140.79139496028637,142.36102294921875,4501956
2016-11-01,143.1695981625287,151.73123526194902,142.40856085057547,149.30543518066406,17722418
2016-11-02,147.26019998622118,150.49459127354444,145.6905573932335,148.8773956298828,11309743
2016-11-03,149.3054730993919,158.29519143376305,149.11521735197965,154.87054443359375,26147206
2016-11-04,156.012068707486,156.91579425115103,147.21260751514305,151.1129150390625,14042173
2016-11-07,154.82295949665664,160.53071837210942,153.53870794344718,159.43673706054688,13926778
2016-11-08,161.71985883158507,164.00295691473872,157.77199749575334,159.24649047851562,23431723
2016-11-09,143.35988428351118,155.67912848767293,143.35988428351118,154.2046356201172,11328441
2016-11-10,160.29289812112432,168.71184842808074,158.86595837523893,167.1897735595703,16275443
2016-11-11,165.620167740683,169.42534090402475,162.71872030051819,163.9078369140625,13455096
2016-11-15,167.14218346896163,171.85108109254907,158.39029044365918,159.57940673828125,30748024
2016-11-16,163.43218370739163,164.28834182853817,153.34846942312979,154.87054443359375,11909724
2016-11-17,156.01206740812472,161.52957025616234,154.10948122022077,160.10263061523438,10560503
2016-11-18,160.76853982022408,161.0539306638496,155.63156269728967,157.29632568359375,8775559
2016-11-21,158.39030012344733,162.4808633300519,148.4968577538006,149.68597412109375,16027161
2016-11-22,151.11292691284356,159.15135135219404,150.92265666505335,158.43788146972656,15431966
2016-11-23,160.72096653424038,165.8103904315639,159.8172409912749,165.23960876464844,15975588
2016-11-24,165.0493438551473,172.32672986731228,163.76509243390407,171.66082763671875,24353559
2016-11-25,173.99151763633938,175.79898339621286,170.13879185163486,171.7084197998047,17338861
2016-11-28,171.5181592655234,173.46831314225554,169.04479124885114,169.94851684570312,12519439
2016-11-29,170.94739057548207,172.04138649963633,166.2860595534173,166.85682678222656,9819481
2016-11-30,166.47630368662763,169.99608549002855,164.38346162911208,167.1897735595703,15095725
2016-12-01,168.18863419290295,168.85453650416926,161.4344469265035,163.00408935546875,7638033
2016-12-02,162.62355792858946,165.66769304630657,159.3415995279948,160.5307159423828,11034636
2016-12-05,160.2928971779722,166.85681416419064,159.62699487026018,166.0006561279297,9144499
2016-12-06,168.33133419225368,169.1875068088417,165.71527780902525,166.85682678222656,8668165
2016-12-07,167.90326764717497,168.18865854062688,164.0505268745338,166.52389526367188,6213861
2016-12-08,168.80694738175592,172.56455199413864,167.7129661898047,170.47171020507812,9432763
2016-12-09,171.66084164192134,174.5147210192287,170.32903707207703,173.23048400878906,9543322
2016-12-12,171.99380250938165,174.27690023774554,170.51929524017183,173.08778381347656,8051004
2016-12-13,172.7072995406211,173.7537134492894,166.71414891612582,168.3313446044922,9690930
2016-12-14,168.61671350219032,169.52043910585581,166.33361571234258,167.42759704589844,6198952
2016-12-15,164.95421736026526,168.7593897516493,164.76396164381222,167.52272033691406,6165323
2016-12-16,168.28374071425728,168.28374071425728,160.86366627324617,161.9100799560547,9584392
2016-12-19,161.14904764364329,163.38459226691938,159.9123782083817,160.91122436523438,5526669
2016-12-20,161.4344832668419,161.48205083883633,157.29636578385748,159.00868225097656,5435726
2016-12-21,159.81724020759546,162.6711194970168,158.43786812082462,160.57827758789062,6539566
2016-12-22,160.48315796095216,160.48315796095216,152.44473342304082,153.39602661132812,9593033
2016-12-23,153.158195803881,154.20462406591645,151.11292135558966,151.54100036621094,9804162
2016-12-26,149.82868534503598,149.82868534503598,142.40859516768904,144.1209259033203,10229442
2016-12-27,142.97935917940282,148.97250875278255,140.6486939329721,147.97364807128906,10782163
2016-12-28,148.8773814786521,150.54214453033032,145.1673439125734,146.11863708496094,9007119
2016-12-29,145.64298806482134,147.97365339510503,144.88195063651318,147.21261596679688,7714023
2016-12-30,147.45044879340426,148.5919977519141,145.78568566186584,147.49801635742188,8199773
2017-01-02,148.25903573343777,151.96907302451763,146.68939340599567,151.1129150390625,9537127
2017-01-03,152.0642081409374,153.15818940186125,149.4005845525715,151.1129150390625,6841113
2017-01-04,151.1604766845703,153.72897981827643,149.78110451146472,151.1604766845703,7732019
2017-01-05,152.20689561631946,154.72781651873245,152.11176050032697,154.10948181152344,9921362
2017-01-06,154.53754431132697,155.821795662277,152.30201447986843,152.92034912109375,6830935
2017-01-09,153.72896691061308,154.29973404694945,149.97134764739195,150.30430603027344,6143220
2017-01-10,151.3983041760785,157.3438865662101,150.3043228225271,156.39259338378906,15806841
2017-01-11,158.961098588481,167.09464378803335,158.34274930277945,166.42874145507812,24145144
2017-01-12,167.04708636022505,169.90096586855066,164.0029366055456,168.37889099121094,14225168
2017-01-13,170.0912177737962,170.0912177737962,162.52844014994432,163.86024475097656,17430533
2017-01-16,163.62240987369154,165.85795441947707,161.62468859807126,164.1931915283203,9673403
2017-01-17,165.14450477870668,166.2860537118055,161.05394112915224,162.7187042236328,7373767
2017-01-18,163.4321694132296,168.7118494067483,163.24191368245755,168.37889099121094,13047979
2017-01-19,167.71297605336713,168.61670159320468,165.04935247628217,167.52272033691406,8384318
2017-01-20,167.04709429761206,169.6631506378814,161.2441998820544,163.2894744873047,12034397
2017-01-23,164.5737129269994,173.5158626208466,163.86024307326966,172.84996032714844,18223180
2017-01-24,173.70612807450954,178.7004169130005,172.23162084764837,178.0345001220703,17125785
2017-01-25,178.2723146464168,182.3153101742917,178.03449138007122,181.4591522216797,21241955
2017-01-27,181.22132895533412,185.5021477495546,178.89066384826344,181.4591522216797,19584307
2017-01-30,180.79325063397874,185.78753924532853,177.84423631437818,182.17262268066406,12048505
2017-01-31,182.60072172268985,183.78983818938565,179.9846654959591,180.69813537597656,9510113
2017-02-01,181.60185043288175,190.25862361352978,177.4637340786361,189.16464233398438,12602860
2017-02-02,188.83170100604596,188.83170100604596,182.17264857762117,183.88497924804688,12723782
2017-02-03,184.55085557442754,185.8826600661552,179.0809204220927,182.4104461669922,11316589
2017-02-06,183.12393334967572,185.9778128304499,180.0797981399663,180.84083557128906,7376710
2017-02-07,181.41159250470227,183.55200199430686,175.08549915277,176.8453826904297,10634847
2017-02-08,178.36749364459325,182.88613681692294,177.2259445883846,179.79443359375,10372799
2017-02-09,180.6981146091647,180.9835054314894,173.08777009693387,174.75253295898438,13995996
2017-02-10,176.56003153453756,176.65515214939487,171.99382106948207,173.1829376220703,11598507
2017-02-13,175.51358073466534,178.7479715381774,172.7548364914098,175.98922729492188,17458689
2017-02-14,177.8918306276859,178.84312383959863,175.22820673121367,178.12965393066406,11938838
2017-02-15,177.98693875648945,180.6981152898363,173.1829058619314,175.46600341796875,11976086
2017-02-16,175.03796630534288,179.60417702512072,173.37320303885184,178.60531616210938,10429023
2017-02-17,178.79555014637327,180.07980174466144,174.0866518119532,174.70498657226562,9231407
2017-02-20,175.03795742340077,176.84540878621354,170.99496112421895,174.37205505371094,17874216
2017-02-21,174.4195879888837,177.79666673228772,172.94508084588162,173.56341552734375,13307165
2017-02-22,174.08663085180484,175.0379239165688,170.37659370545745,171.2803192138672,8976506
2017-02-23,171.04250691640385,174.56228857863337,170.5668603535193,173.23048400878906,11393385
2017-02-27,173.46831818922766,174.22934112519303,170.4717359454313,171.9462432861328,7419931
2017-02-28,172.1840875376876,176.46490739359695,171.51818512988513,175.3709259033203,10009502
2017-03-01,176.13191888622123,182.6482826948481,175.6087192722167,180.0322265625,19044703
2017-03-02,181.8872360533905,186.59613394961906,179.03335678106035,180.22247314453125,22934124
2017-03-03,179.27120509573194,190.02082142621373,178.7955584839016,188.8792724609375,31030530
2017-03-06,189.02196135683144,192.44662278126188,186.78643098208002,189.83056640625,17600803
2017-03-07,189.64032125781944,189.64032125781944,182.26779833456993,183.17152404785156,17607880
2017-03-08,183.5044320545946,183.98007860166774,177.70155288965037,180.93594360351562,19426738
2017-03-09,181.69698012268486,182.64827321233244,178.65284513892877,179.98464965820312,11667482
2017-03-10,181.50675140330614,182.0299655835459,177.89183422188393,178.46261596679688,9745858
2017-03-14,184.07521994214804,184.55086650530603,179.27118675113596,181.12620544433594,15425412
2017-03-15,183.02881420370323,183.50446082535066,180.79328379131,181.5543212890625,11000147
2017-03-16,184.5508913436026,189.68786911085107,183.31420720983297,189.0695343017578,17634067
2017-03-17,190.25860848085375,190.5915668519272,185.16918489775898,186.64369201660156,12329364
2017-03-20,187.1193385378037,187.49986446411333,182.31530577054616,186.64369201660156,7107018
2017-03-21,186.4534716591659,190.06838880873565,183.83741529660108,188.64144897460938,8832703
2017-03-22,185.40702698880375,186.9291018174686,182.6482826918777,183.98008728027344,17762515
2017-03-23,184.9313899995931,185.6924274533508,183.31419448259686,184.26548767089844,10680580
2017-03-24,184.07522360115888,187.4047496094486,182.88610716962685,185.4070281982422,11748143
2017-03-27,184.503338444248,185.07412024846272,178.46263450829943,179.50904846191406,16988411
2017-03-28,180.2700382258407,181.88723355482978,179.55656841755902,180.36517333984375,10087530
2017-03-29,181.31648050450147,183.7422664286605,180.3651873528841,182.8861083984375,9066478
2017-03-30,183.0287889795757,184.12278476794546,180.55543559722415,181.0310821533203,16296796
2017-03-31,181.50673258051,186.40588640655517,181.22134173764942,185.5497283935547,13264696
2017-04-03,185.59728876454568,187.26205168190626,182.9812327515505,184.17034912109375,7198876
2017-04-05,184.93139334083,189.4976036302937,184.74113760284865,188.5463104248047,10440883
2017-04-06,187.1193674277393,187.1193674277393,182.02995757445473,184.50331115722656,15667730
2017-04-07,184.2654968328709,187.97554916106597,182.98125967415874,184.0752410888672,14576273
2017-04-10,184.6460028208139,185.97780740005493,183.21906312209222,185.5497283935547,6929296
2017-04-11,185.59729375741236,187.40474488150923,183.21906095434753,186.88153076171875,9870105
2017-04-12,187.35716834429704,188.35602897683574,182.74340563678842,183.5995635986328,14253253
2017-04-13,182.64829361357434,182.64829361357434,173.56344068957438,174.32447814941406,20027226
2017-04-17,173.61099753799076,174.03907654661202,170.6144299620607,172.6121368408203,16069287
2017-04-18,174.75256689525736,181.07867570890323,174.27692027087417,174.8477020263672,22344207
2017-04-19,174.7049916563781,178.08208544428777,173.18293123455314,176.94053649902344,10062015
2017-04-20,177.84426844652396,179.41391100303554,175.89411439996388,177.36862182617188,9335160
2017-04-21,178.605304501659,181.4116166359853,175.608736623843,178.93826293945312,13683524
2017-04-24,178.84312053747405,182.3629024534462,177.98696246879348,181.50674438476562,8934000
2017-04-25,183.36174518044731,184.3130382812538,179.9370842113117,182.36288452148438,8090965
2017-04-26,183.219070493584,188.7841268331498,183.219070493584,187.40475463867188,13469283
2017-04-27,188.0230911013664,188.11822622553876,184.265485945869,185.35948181152344,9453547
2017-04-28,184.40816230805268,193.77839007816274,182.88608763206105,189.64027404785156,17428449
2017-05-02,191.06722637265688,193.96865873692906,188.9268168816215,190.49644470214844,12542163
2017-05-03,191.30507197966253,192.06609494173026,186.8815498058354,187.45233154296875,7853965
2017-05-04,188.11822701431282,189.16465532226874,180.983528138928,183.0763702392578,11224342
2017-05-05,182.64828943475058,182.64828943475058,174.46716233091962,176.75027465820312,19912601
2017-05-08,178.46261614769946,178.74799250486245,172.75485675511524,175.22821044921875,15591759
2017-05-09,175.56116122861164,179.41390155366386,174.18178900535597,177.321044921875,11355111
2017-05-10,177.89181861435193,179.36632589635724,176.41731133234663,177.98695373535156,9459887
2017-05-11,183.9325344370483,186.26319972708177,182.6958504518526,184.21791076660156,23026210
2017-05-12,185.2643497907018,185.83513151413325,179.9371020906156,181.74456787109375,11231977
2017-05-15,182.60072806939624,190.1635061573268,182.55316050595872,188.7841339111328,18159344
2017-05-16,188.97439759841035,189.16466786016406,185.97782967836804,186.9291229248047,10068622
2017-05-17,186.54858625929833,190.59158201108585,186.54858625929833,189.16464233398438,10643485
2017-05-18,186.45344370419215,187.11934595716247,182.93366221085157,184.5508575439453,13959394
2017-05-19,186.40588913847455,186.453456698912,176.9405252346818,181.69699096679688,11428477
2017-05-22,183.17151308371643,184.9313968378003,179.93710741454322,180.98353576660156,9699691
2017-05-23,181.3164803075245,185.73998765150705,175.5611538433756,182.64828491210938,13372515
2017-05-24,182.600707203635,184.21790256663752,176.08435819362296,177.9393768310547,11130641
2017-05-25,178.8431052976545,182.64827775079607,176.79783091032326,181.26890563964844,9696039
2017-05-26,181.41158791644548,193.25518388959338,180.1749040061693,188.73654174804688,17803837
2017-05-29,188.6414419073866,194.91996823297524,187.6425811578028,191.44775390625,12516450
2017-05-30,192.58930092578447,200.1045257391016,191.3526168916354,193.2552032470703,27444380
2017-05-31,194.01623272999615,198.1067961294222,190.25862773533945,190.92453002929688,26247788
2017-06-01,190.73428093314322,191.6380065431764,185.73999178152727,187.642578125,12262290
2017-06-02,188.6414480656778,190.4488993739625,185.16921911001788,187.45233154296875,8824329
2017-06-05,187.4047580634298,190.0683818933361,185.97781828122095,187.49989318847656,7725805
2017-06-06,187.45231160985398,188.49872532921592,185.31190209658243,185.93023681640625,6027099
2017-06-07,186.50103510372713,188.30848638079522,185.35948616475878,187.5950164794922,7822110
2017-06-08,187.59501740310654,190.92454362558007,187.49989679181388,188.7841339111328,7250812
2017-06-09,189.0695333188105,193.01739449759899,186.69130019530346,192.30392456054688,9077091
2017-06-12,191.35259104409846,194.3491728584852,189.02192597662878,190.8293914794922,7589316
2017-06-13,190.972079630643,193.3027446981127,189.7829633191197,190.8293914794922,6458838
2017-06-14,190.8294149483937,191.20992640864586,186.59614874628414,190.4013214111328,8933791
2017-06-15,189.21222436894473,190.73429939730113,186.5486148426959,187.02426147460938,8424950
2017-06-16,187.0242264474624,188.07064013234273,185.4070165893719,185.73997497558594,6718837
2017-06-19,187.02421950190072,191.63798208667274,186.45343786546832,191.0672149658203,6775145
2017-06-20,192.11364154760972,193.01736710316246,189.68784120280324,192.1612091064453,7011446
2017-06-21,190.68672230771756,190.73428987164996,186.16807953020967,186.9766845703125,10786414
2017-06-22,187.92796792624586,188.35604694801134,181.79212990605578,182.2677764892578,9349289
2017-06-23,181.93484935645026,181.98241692606553,177.51134117833107,179.50904846191406,14335956
2017-06-27,180.17494429285313,180.650590940422,176.08439473622786,178.60531616210938,6723293
2017-06-28,178.8430988240646,181.1261964070758,176.75025695370758,180.60299682617188,8184171
2017-06-29,182.6482757766561,184.1703505476939,182.07749410862172,182.83853149414062,7868064
2017-06-30,182.60070715998947,183.26660942511597,180.17490685827516,181.6494140625,7522346
2017-07-03,181.88726266127554,188.16580378510795,181.88726266127554,187.07180786132812,13851222
2017-07-04,187.73769562395887,190.40130464230086,187.54742539500833,188.73654174804688,15943321
2017-07-05,188.9743932542308,190.25864491363086,187.64258854606845,189.11709594726562,6510422
2017-07-06,188.40362709259279,189.87813450211522,186.5961612463585,187.07180786132812,6864881
2017-07-07,185.7875541656813,188.2609076339191,185.0740843067621,185.4070281982422,7307585
2017-07-10,185.88267288895244,187.59500343613897,184.5508683053525,186.26319885253906,3225083
2017-07-11,185.97779950688215,192.44659543632463,185.73997623385546,190.876953125,15115931
2017-07-12,191.92337267986164,192.54170735562178,189.3548843500873,190.8293914794922,8329987
2017-07-13,191.7807057411349,195.5858783588909,188.07065372947386,194.72970581054688,11902359
2017-07-14,195.7761350745343,197.29819541996795,194.06380448478748,195.9188232421875,14793571
2017-07-17,196.10908731973166,199.2959253450865,196.10908731973166,198.9629669189453,9977809
2017-07-18,197.82140137490688,200.1520666154846,196.34689413598431,197.29818725585938,7529525
2017-07-19,197.393336273334,203.4816068630016,197.29820114841522,203.05352783203125,13700281
2017-07-20,202.91084575679653,204.14752983998704,201.00825932591346,203.24378967285156,6600194
2017-07-21,203.00596443048772,205.09882109694044,197.8689869223894,204.09996032714844,9896744
2017-07-24,204.24265100035086,205.2890793463781,201.81685039134783,203.95726013183594,7911040
2017-07-25,204.5280401734402,210.14066430685045,202.8632770557494,209.47476196289062,10567887
2017-07-26,211.18708170480514,211.94811913658745,208.09537893209966,210.75900268554688,8253006
2017-07-27,210.94929473359707,212.85188138282905,208.76131718386344,210.47364807128906,8395336
2017-07-28,209.23693274615016,209.23693274615016,203.5767412091068,205.33663940429688,6034925
2017-07-31,205.47930883136914,210.0930861553428,205.00366228314837,208.95152282714844,5389040
2017-08-01,210.330932725454,215.61059838300932,210.330932725454,214.7544403076172,10837725
2017-08-02,214.61175982144442,217.75101588739216,211.71031254888464,217.08511352539062,6397948
2017-08-03,216.70458100259972,216.70458100259972,209.4747473054274,210.18821716308594,10254636
2017-08-04,207.71486126875027,214.89711280600824,207.71486126875027,214.27877807617188,5760887
2017-08-07,215.32520493795943,217.56073507535055,213.18479540384683,216.56187438964844,4951339
2017-08-08,221.65131944681724,232.97170291705257,220.9854170983768,223.45877075195312,24897407
2017-08-09,226.1223768944889,231.3544891741979,225.83698604884304,227.78713989257812,12844802
2017-08-10,227.35905373196644,232.87655668380816,223.3160580066072,226.4077606201172,10897284
2017-08-11,223.55391489434564,223.55391489434564,207.3819295615632,210.23580932617188,21126006
2017-08-14,212.23351832962715,220.41463112498954,212.23351832962715,217.98883056640625,10891996
2017-08-16,220.9378249106257,224.79056491121457,216.0862242409092,222.22207641601562,10236544
2017-08-17,224.98083958586997,227.83471915778378,216.70459173043645,219.08282470703125,10310147
2017-08-18,215.94355408864237,221.22323419524764,214.7544376013701,218.84500122070312,10750779
2017-08-21,222.41231762144986,224.98080594904172,213.04207528837617,213.94580078125,7018024
2017-08-22,216.8948490086453,220.36706337294555,214.80200687746782,217.75100708007812,12201333
2017-08-23,218.79743689344,220.22437669926677,214.84957590355214,219.65359497070312,7189281
2017-08-24,220.70001299289163,223.22093405920708,219.08281752493937,221.65130615234375,9492099
2017-08-28,222.79286480380478,224.02954886840286,220.5097669273024,222.17453002929688,5152003
2017-08-29,222.60260427851605,222.84042757368542,215.56304054773597,216.22894287109375,9095620
2017-08-30,219.60603750823046,226.12238711449172,218.94012066643236,224.83815002441406,12685001
2017-08-31,226.21750490086353,227.7871327291824,223.6490164019868,226.4077606201172,23200769
2017-09-01,227.59688171386716,233.06681722005206,226.4553328591709,231.87770080566406,9852014
2017-09-04,232.54363880125325,234.96943956219832,225.97972099218637,230.64105224609375,11283027
2017-09-05,232.4089464677432,233.50792845606222,229.54205975659076,231.1666259765625,3776840
2017-09-06,225.52840447138385,235.75363006284883,225.52840447138385,234.89356994628906,9688366
2017-09-07,236.51816330085063,240.10177183571201,234.75024392428952,238.8594512939453,11330389
2017-09-08,240.57958410735534,244.11540824640835,235.70587071180913,238.47720336914062,11886595
2017-09-11,240.29289176041857,241.2963050542198,235.6581001945599,238.95501708984375,6580356
2017-09-12,239.38503339878085,243.3031176224347,238.4294045229374,239.8150634765625,6812508
2017-09-13,239.1461059508785,240.53176478729318,235.4191594830406,236.99594116210938,4323093
2017-09-14,238.23828708895277,240.81848219613482,233.60348110287887,236.23146057128906,7307378
2017-09-15,234.17686066003856,238.62052913261988,230.688806488573,236.80484008789062,8809971
2017-09-18,237.56933745247815,240.1973167845554,236.75704709895868,238.4293975830078,5570498
2017-09-19,239.28947750037312,239.28947750037312,234.70247031593013,235.56253051757812,4938461
2017-09-20,236.4225760493649,237.9038037107297,231.0710631389924,233.26901245117188,9917420
2017-09-21,234.60688012581903,234.89357169405173,225.8150977176962,233.69903564453125,9888709
2017-09-22,232.50451606183807,232.50451606183807,218.93458849456107,220.6547088623047,14454217
2017-09-25,221.1325357753096,222.1837334652609,213.39194993911272,218.93460083007812,9248669
2017-09-26,218.12227255656776,224.9072428368058,217.69224251497255,224.19052124023438,7602977
2017-09-27,224.33388193791654,224.76391202208856,220.4635820168889,223.28268432617188,6569514
2017-09-28,222.18371623860892,229.06424130900504,222.0403777382476,227.8697052001953,15196210
2017-09-29,230.59326901503607,231.88335935108591,228.0130737611958,229.92433166503906,9189997
2017-10-03,231.74001932485163,233.84240008897643,227.63081194212472,230.8799591064453,4986233
2017-10-04,231.30997906116403,232.21782360334765,229.63762847965845,231.1666259765625,3207388
2017-10-05,231.26220893265673,232.07449938350493,228.77756779737817,230.0676727294922,3698369
2017-10-06,230.30656781111844,240.96182434810697,230.30656781111844,239.7672882080078,9453802
2017-10-09,239.3372420722867,242.15634425762175,237.33043024047112,238.4293975830078,5744914
2017-10-10,239.38504423172074,242.25193098898686,237.0915406586039,240.86627197265625,8106676
2017-10-11,241.7263141923569,243.30311054064668,235.65807975642198,238.4293975830078,9799296
2017-10-12,239.14612293488497,253.62389437477074,238.62052414395498,252.716064453125,30320448
2017-10-13,252.95495624553874,255.7740437210509,249.8969324053975,254.77064514160156,12276907
2017-10-16,256.53860857079326,260.7911399876941,255.63074938422295,259.3576965332031,14632858
2017-10-17,259.83545560412324,265.5692281992719,257.5419523987589,264.2313537597656,9929992
2017-10-18,264.70917533807113,266.09484875162127,261.07779759449176,263.0845947265625,9664157
2017-10-19,262.7979628206978,263.0368700596257,261.03004341993505,261.74676513671875,569539
2017-10-23,262.46345908651136,266.1904057868028,257.4942065406155,259.8354797363281,6263035
2017-10-24,257.63752847966634,262.79791813025605,255.6307021812491,256.9208068847656,9597374
2017-10-25,259.73993114804136,260.3133143379415,252.52494440194928,254.9140167236328,7240195
2017-10-26,257.3030677099974,263.0846105836794,256.10853164820537,260.7911071777344,8484342
2017-10-27,263.7058307931631,264.04027760803666,257.2075361794048,258.0675964355469,4587536
2017-10-30,258.5453497578907,263.5624007557551,258.4498102125212,261.0777893066406,4647384
2017-10-31,260.1222234297712,261.65120648701986,253.00277577009237,255.53518676757812,4764121
2017-11-01,257.54195939931475,263.753546546237,255.72627052752503,263.0845947265625,9043536
2017-11-02,263.75355273985434,263.75355273985434,254.53174051479758,258.7842712402344,8317616
2017-11-03,264.13584530870526,265.28261175474097,253.81506394831257,256.9686279296875,14396735
2017-11-06,256.77747522598423,262.4156794230897,249.4191216572939,260.8388977050781,10582403
2017-11-07,261.69899057436413,262.7023892941416,252.28603969983692,255.05735778808594,8882930
2017-11-08,256.29965494441143,257.8764366262962,247.69899577397447,251.37814331054688,7922193
2017-11-09,255.24848804962835,256.06077845695705,247.50788803513845,251.61708068847656,7419140
2017-11-10,249.89691388737677,255.20064169454886,249.2279621083305,252.33375549316406,5272277
2017-11-13,252.28604878765438,253.48058500350504,247.31676646432302,249.32359313964844,5439255
2017-11-14,248.5590834967753,253.00275206291815,247.65122437355612,249.4191436767578,5575097
2017-11-15,247.98571123646659,248.17684869086588,237.37822411388686,240.67515563964844,9886735
2017-11-16,242.29969903159906,244.7843253048378,240.19731846755425,243.39866638183594,5264913
2017-11-17,245.3577363326113,251.521554811423,245.3577363326113,247.36456298828125,5927180
2017-11-20,247.5078797095058,250.8525807866613,242.0607980144862,249.84918212890625,6377940
2017-11-21,250.94814950727582,253.33722170524402,247.74678692930263,249.84918212890625,3610061
2017-11-22,251.13925332214347,252.14268112554603,245.4054801489121,246.31333923339844,4497727
2017-11-23,245.59660579969085,247.17338751395843,238.95498844246717,243.92425537109375,9682203
2017-11-24,243.97206305119772,244.40209314331304,239.8628558317559,240.4840087890625,6186665
2017-11-27,239.7672747203638,242.3474843032253,236.23145086091918,238.57273864746094,7592581
2017-11-28,238.09493797733697,241.7741151271858,236.99597055945486,239.52838134765625,4692698
2017-11-29,239.76727868000995,240.7706919141671,235.0847030295959,235.94476318359375,5285364
2017-11-30,234.2246586547853,236.4703779111752,228.87313076658648,229.78097534179688,14998374
2017-12-01,229.82875544820124,230.64104586356243,223.18713736511057,224.9072723388672,7209250
2017-12-04,226.00625760033236,230.16324956648106,224.23833812467342,228.92092895507812,6457124
2017-12-05,228.25197561806937,230.97550931779355,225.2417357414392,229.3987274169922,6775195
2017-12-06,226.00622911613547,226.149567614803,220.94139315828434,221.8014678955078,7402990
2017-12-07,222.18371800985503,227.4396769305183,219.2212626036944,226.6751708984375,7697931
2017-12-08,227.86971858178364,233.12567776920122,227.00965836562966,229.0642547607422,8857585
2017-12-11,229.35093688706098,230.1632272878986,225.57620563380942,227.53524780273438,6613622
2017-12-12,227.86970592453494,232.40894315244097,226.1018012269206,227.3918914794922,5268296
2017-12-13,225.19393187538805,229.25535447356057,223.1871200465109,224.04718017578125,7349390
2017-12-14,225.05059963686148,227.439671819843,222.70931181388744,225.91065979003906,6618531
2017-12-15,230.16323844000246,233.12567943595562,228.49088777750387,231.9789276123047,6290840
2017-12-18,230.3065548556689,243.01642158770304,225.05059613489638,238.57273864746094,13833894
2017-12-19,240.81846919485739,243.58978701559465,239.4805946431371,243.01641845703125,5550113
2017-12-20,243.2075568833586,249.41914478018307,240.0539785732382,246.88673400878906,15519081
2017-12-21,249.32357713397437,252.90718555147154,248.12904099480863,251.61708068847656,13770746
2017-12-22,251.80820334926568,257.5419764805583,251.664864853679,255.96519470214844,7760233
2017-12-26,256.87304431712676,258.4976251609798,254.67510944695422,256.7297058105469,4332214
2017-12-27,256.96863003213554,257.73315072357514,252.95500576513646,253.95840454101562,6351948
2017-12-28,255.1528968914978,266.4293053883528,255.1528968914978,263.0368347167969,22938436
2017-12-29,264.4703168428702,264.4703168428702,258.68877325298064,261.41229248046875,5007765
2018-01-01,260.8866322875421,265.5692070343675,258.01974621844823,259.11871337890625,4614411
2018-01-02,262.22455187285834,262.22455187285834,256.2041017541935,259.8354797363281,4546324
2018-01-03,261.2688987529104,266.9549015751563,260.9822217885432,264.2313537597656,7285874
2018-01-04,264.8047682547576,268.8183920492457,262.6068043345456,267.38494873046875,10346774
2018-01-05,269.48736164821423,271.39861953224414,262.8935277810073,264.1358337402344,7084973
2018-01-08,264.70923262020295,266.66826040199913,261.55566859012066,263.8969421386719,4157464
2018-01-09,265.23475906835324,265.23475906835324,258.64092624832705,259.4532165527344,5197857
2018-01-10,260.6955626270892,264.23140136316397,254.77068070943943,256.873046875,7472579
2018-01-11,256.8730428689216,259.11877667094666,254.96178502268413,255.86964416503906,6502479
2018-01-12,257.0641453710505,259.5487860660682,254.81841187433304,256.9208068847656,4435500
2018-01-15,258.2109426334205,262.46347377636783,254.00615210700622,254.86624145507812,6592272
2018-01-16,255.91741494425057,256.10855239501217,248.17684396757372,248.98910522460938,8447591
2018-01-17,248.75018924538517,253.48056393232264,245.07104133718872,251.09149169921875,11037340
2018-01-18,251.99936704614407,251.99936704614407,240.9140653377682,242.63418579101562,11341249
2018-01-19,242.72973065043607,247.84235088856414,241.00959578459694,246.55224609375,5898314
2018-01-22,246.5522320120654,247.31672339167335,239.95839908164737,243.78091430664062,6230212
2018-01-23,244.73655692841433,258.68874411994443,244.73655692841433,253.19387817382812,17400430
2018-01-24,251.8559990172929,252.66828946042466,245.40550358148138,247.22122192382812,6409442
2018-01-25,247.79454502776937,255.0095602236321,245.02322724145154,247.46009826660156,15254979
2018-01-29,249.99252758650078,252.1904624044183,242.1563588936578,247.12564086914062,5990929
2018-01-30,246.31335164187396,246.55225886946064,241.34408422441888,242.29971313476562,5286436
2018-01-31,242.15636794503698,251.52154906988866,240.81849325962412,244.7843475341797,17514495
2018-02-01,246.36112650629227,247.9857073528011,237.71269635456366,244.87991333007812,8940788
2018-02-02,245.0710420443362,250.04029480544332,234.84580119175507,238.76388549804688,21737420
2018-02-05,231.7399969234916,238.3338301785159,229.5898320035829,235.6580810546875,8462501
2018-02-06,225.52841774719582,237.47377885668712,222.18371663653824,233.55569458007812,10473645
2018-02-07,234.12908786680643,241.7741193073552,233.26902766244078,235.084716796875,13707458
2018-02-08,234.70245071763145,238.28605889482407,229.82873776395385,234.3201904296875,10180978
2018-02-09,229.35091680569815,234.60687531582872,226.81850626533065,232.69561767578125,7024965
2018-02-12,236.0403343898542,236.6614873318685,231.26218996900693,232.45672607421875,5557349
2018-02-14,235.37139708728347,235.61030430832585,231.02328274796457,232.45672607421875,7121280
2018-02-15,234.60689433952922,242.9686471927711,233.1734509932592,240.34066772460938,10053559
2018-02-16,244.1631919674627,245.54886558335522,235.4669628592131,236.6614990234375,7629453
2018-02-19,237.09151673756722,239.3850200792841,231.83555821287237,236.56591796875,6056718
2018-02-20,236.8048538496947,241.20073821725012,235.84922491130348,237.76048278808594,4778807
2018-02-21,239.38504228393484,239.67173387367677,228.15640257600575,229.9720916748047,11901519
2018-02-22,227.91749644417413,230.30656873394537,223.4738278178957,229.25537109375,13120748
2018-02-23,230.78437697445975,236.470365954584,229.39871800007074,235.6103057861328,6908252
2018-02-26,235.61030907881022,240.29288487335444,233.7468356332973,235.2758331298828,6522004
2018-02-27,237.61708996320556,238.81162593644052,232.55226910207963,233.46011352539062,4805004
2018-02-28,230.0676535488748,235.70585812506107,228.06082706217012,234.51132202148438,8747792
2018-03-01,232.6000898769161,236.04036006686238,228.39532816186278,230.11546325683594,5767109
2018-03-05,225.52841836408507,225.52841836408507,218.07451009502586,219.4123992919922,12425050
2018-03-06,220.75027946858202,224.6683638546165,214.2042155650644,215.82879638671875,12488311
2018-03-07,212.14960275820718,215.30318085069047,209.3782849512685,214.4908905029297,13960066
2018-03-08,216.44993503537924,217.40556388763255,208.0403982192021,212.81854248046875,7733982
2018-03-09,214.72981935479035,216.11547839791334,209.6172132878551,210.4294891357422,13433660
2018-03-12,210.28613382288685,218.45676350247444,207.75370859166958,217.5489044189453,9531278
2018-03-13,215.0164958883247,217.83559814029041,212.62742371178774,216.11546325683594,9990633
2018-03-14,213.5830579582932,217.78781926213645,211.86292303154292,216.6410675048828,6385584
2018-03-15,215.97211122076692,217.0233087452448,213.10522478863285,214.92091369628906,6730350
2018-03-16,214.0608797473194,217.21445812423065,210.38170254396627,211.86293029785156,7793461
2018-03-19,212.8185673674966,213.96531920795408,202.59334036899457,205.0301971435547,6780348
2018-03-20,201.6377073392387,209.09161602452545,200.96876999427178,207.65817260742188,9600657
2018-03-21,209.282730156307,210.09502055810276,203.83564831516205,205.17352294921875,8817896
2018-03-22,206.12916121099943,209.4738625297093,203.16672022061502,207.18035888671875,8362938
2018-03-23,199.7264419036986,201.35100813202183,195.23498894948494,196.9551239013672,12819120
2018-03-26,196.23838976715854,202.11550134959296,193.61041043518983,201.20765686035156,10187531
2018-03-27,203.45340353247096,209.56943773918144,200.82542384363012,208.804931640625,15563344
2018-03-28,206.89367070701567,206.89367070701567,202.88003197454412,205.0301971435547,13861721
2018-04-02,206.94142254352042,207.180329746969,200.77761961089436,201.8765869140625,8156843
2018-04-03,200.68207998834183,202.30664629094696,195.37833638658753,198.72303771972656,18145471
2018-04-04,198.77079878163738,200.77762517895525,191.1257680592667,191.89027404785156,17752702
2018-04-05,197.5285011935853,205.41244003687,197.00290235435153,204.64793395996094,24201909
2018-04-06,200.72986150373788,206.36806640974964,200.72986150373788,204.5045928955078,15008286
2018-04-09,205.12573250379225,213.58305389333836,205.12573250379225,211.52845764160156,18411692
2018-04-10,219.79466247558594,222.51821086504495,218.3612190246582,219.79466247558594,27519382
2018-04-11,224.57277931028057,226.00622258247387,220.84583263527367,223.8082733154297,18802049
2018-04-12,223.56937184527456,225.14616823422705,220.7980539472214,222.27928161621094,11712671
2018-04-13,224.57280171576033,227.91750301790995,224.190555971068,227.24856567382812,16774668
2018-04-16,226.67516765932808,230.01986874286462,225.09838583835668,228.82533264160156,9325515
2018-04-17,230.78438393561785,235.84922012260262,227.43968271915963,228.77755737304688,16417908
2018-04-18,229.06424741929195,233.89017634396276,225.57620772121996,232.02670288085938,23323232
2018-04-19,238.90724938584455,255.91743387672363,238.04718912075202,253.00277709960938,37033062
2018-04-20,244.59321051469288,251.80821152209123,242.96864432444667,250.4703369140625,23314520
2018-04-23,251.33037534112884,253.19386317349748,243.01640766634412,244.25872802734375,9559885
2018-04-24,228.39529737978074,228.39529737978074,220.84583522377235,226.24513244628906,35117665
2018-04-25,224.3338877809289,225.91066965787522,219.8902191591784,221.75369262695312,10496552
2018-04-26,222.90043532542694,228.1086097832423,221.18030043229118,223.61715698242188,16400986
2018-04-27,226.24514410707116,227.391895881023,223.6171646084674,224.52500915527344,9169183
2018-04-30,225.71953800809453,227.77414884429973,222.04037557780245,225.19393920898438,5872046
2018-05-02,224.5728010834041,225.28952278898944,216.16326348818814,217.93118286132812,8849434
2018-05-03,218.88680661095847,224.094981298346,217.5011475960374,221.27587890625,10232446
2018-05-04,221.1325323551678,222.47042162911708,216.9755551875431,221.0847625732422,7889501
2018-05-07,223.85605602300987,228.53863151160672,222.08813683431615,227.29632568359375,7746284
2018-05-08,227.24853669500501,229.2075786956515,222.47039258695924,228.1085968017578,8701503
2018-05-09,230.59326293957548,237.3304497894658,226.34071713191457,227.58302307128906,18653553
2018-05-10,229.58984843463352,232.12225924440065,226.292931571171,230.59326171875,8435591
2018-05-11,231.26221496886598,232.50453556893123,228.0130822441486,231.93115234375,6236509
2018-05-14,232.40894058680527,233.84238390610926,229.112023868754,231.35775756835938,6801148
2018-05-15,230.688808630059,237.23487237108074,229.06424243047204,233.077880859375,7445308
2018-05-16,232.45673119760778,236.61372276806156,226.48405053990973,229.11203002929688,17297698
2018-05-17,229.35093806686433,230.11544411010186,218.45677434138426,222.70932006835938,17195201
2018-05-18,221.7537024806125,225.00283510307028,220.36804340873317,221.2281036376953,7332967
2018-05-21,221.94483036906146,223.61718108228368,214.39536726778334,218.122314453125,8159685
2018-05-22,218.8390200655514,225.71954529100242,215.15984293481014,224.52500915527344,9261805
2018-05-23,223.6171410184855,224.47720111278434,218.6478741344224,219.74684143066406,8998284
2018-05-24,220.75028252549964,225.19395121117398,217.07110531737854,223.71273803710938,9274702
2018-05-25,224.57278467244382,236.2792383415393,224.14275459686573,234.6068878173828,15151718
2018-05-28,236.0403395918891,236.70927690920237,230.0676589341996,230.92771911621094,5898310
2018-05-29,229.35093327158503,234.03350899318406,228.77755010571022,231.74000549316406,6812212
2018-05-30,229.30315252552822,229.58984411298502,225.09839118196138,227.53524780273438,7818247
2018-05-31,228.68198627358245,229.25535483341636,222.66152161402286,223.8082733154297,8948198
2018-06-01,223.42604275323956,228.8731246404428,220.7980632427543,227.91749572753906,7341372
2018-06-04,229.3509469606779,232.07449528853218,227.15299746928997,230.8799591064453,8045521
2018-06-05,229.54207811264322,232.40896505305528,227.15300566229985,231.30999755859375,5490029
2018-06-06,231.73999485346457,238.47718112534608,230.78436600870802,237.09152221679688,6455908
2018-06-07,240.81848363485705,244.1631847964523,236.47036920843527,237.56935119628906,12822346
2018-06-08,234.75023399464123,236.18367734795288,229.87653534242554,231.40553283691406,6829526
2018-06-11,231.3099660888515,234.75022120025432,231.11884323517452,233.84237670898438,5187556
2018-06-12,233.84239168197078,234.98914345919852,228.1086182140921,229.9720916748047,4661081
2018-06-13,230.01986702271662,236.23145470283262,229.01645378881153,234.1290740966797,5976795
2018-06-14,234.12907445515992,238.42940439413223,232.5045082834516,233.89016723632812,6799990
2018-06-15,234.12908820184487,234.2246569276846,225.09839771612175,226.86630249023438,6786903
2018-06-18,224.57279023670014,224.57279023670014,218.83901686895462,220.75027465820312,6830177
2018-06-19,218.83903086012333,221.8970406020826,212.006289659414,215.78102111816406,10126361
2018-06-20,215.97214616624942,219.55575478626463,214.1086726001897,216.16326904296875,7229700
2018-06-21,218.17008327998903,218.17008327998903,211.671803769367,212.43630981445312,6019694
2018-06-22,212.19739678734598,212.86633409036173,208.99603419055268,212.1496124267578,9807671
2018-06-25,211.24176053257278,217.16665649530478,208.13596676531319,208.70933532714844,9318246
2018-06-26,208.8049038716808,213.77417097882378,207.18033774188737,213.0574493408203,8483133
2018-06-27,213.34414181178624,213.77417188005344,207.27589275174526,208.2315216064453,6888151
2018-06-28,208.32708934443673,212.72298788807,206.55917013886403,211.24176025390625,10398473
2018-06-29,212.91412134096834,221.70590428416486,211.71958521874762,220.2724609375,10441528
2018-07-02,220.75025473463307,220.84582344816593,209.13937054557175,213.34413146972656,9159214
2018-07-03,213.58306223844608,217.35779353168135,210.9072983634061,216.0677032470703,8001296
2018-07-04,215.78101462374045,215.78101462374045,210.33393265642093,214.1564483642578,5246876
2018-07-05,213.8697716677755,213.9653258180835,209.56944119690232,210.5250701904297,4773707
2018-07-06,209.66499788319413,216.30663113393567,205.03020595757138,210.6684112548828,8822679
2018-07-09,213.10523218063108,215.82878021832576,211.6717889148421,212.1973876953125,5167643
2018-07-10,214.29978850206126,219.84243923696877,214.10866563156245,218.88681030273438,11551274
2018-07-11,216.78442654017175,216.78442654017175,210.04723973143797,211.00286865234375,9759711
2018-07-12,211.1940075695506,215.87658380513827,209.90390259559214,210.5250701904297,8962227
2018-07-13,213.00967737042902,213.00967737042902,206.98922692644595,209.0438232421875,5814556
2018-07-16,208.32708526336182,210.7161573420701,202.9755579743598,203.5967254638672,6440638
2018-07-17,201.63769816266105,211.43289440042065,198.81859582033675,209.7605438232422,8643253
2018-07-18,211.0984321241604,211.62403097023363,201.15989674023692,202.9755859375,7509081
2018-07-19,204.5045834281216,204.88682915323528,185.86981998490492,188.832275390625,33211007
2018-07-20,191.46026344770172,193.22816823291137,185.00976812001875,186.9687957763672,22835887
2018-07-23,187.3988244608811,189.64454352303719,183.81521625152007,187.44659423828125,13363743
2018-07-24,188.25889291167528,200.6820685860498,187.4466025156549,198.38856506347656,18526745
2018-07-25,200.39539305433857,203.8356631955446,198.29301222659754,199.72645568847656,15344017
2018-07-26,201.15989378612326,201.15989378612326,192.75035611767117,197.38516235351562,13565234
2018-07-27,203.31004517788645,211.00286061447872,202.59332351450965,203.9311981201172,30005793
2018-07-30,204.50456615199704,206.84585382944556,200.1564521328849,201.8765869140625,9030681
2018-07-31,201.63769463000725,205.41242580744384,198.4841163948014,203.9311981201172,11169360
2018-08-01,204.98240089416504,205.36464662490806,197.19403112179134,198.77081298828125,11173257
2018-08-02,196.85957319132703,201.39881092268044,194.2315934521224,198.67526245117188,12829967
2018-08-03,198.818574419709,203.26224249948967,195.42608926910546,202.2110595703125,16743513
2018-08-06,203.16671238451337,207.1803508958118,200.96876297207328,206.51141357421875,10375458
2018-08-07,209.09160723797146,212.67521563013824,205.07796875509268,209.28273010253906,20854265
2018-08-08,213.10525596790868,214.92094514121703,209.66498591330898,210.81175231933594,20806040
2018-08-09,214.0608863595548,218.0745250624483,212.81856579915566,217.35780334472656,15345515
2018-08-10,218.60009995294922,218.6478843119097,210.42947034983544,212.81854248046875,13147995
2018-08-13,211.1462024571141,213.67862779018003,207.99262417198395,211.8151397705078,9996307
2018-08-14,211.24177769854768,214.01309576030252,210.47727163890283,211.6240234375,7631497
2018-08-16,207.94485694123532,208.6137942628284,204.02677257202734,206.51141357421875,8129284
2018-08-17,208.85269278669958,211.38510346352763,207.94484827510493,209.95166015625,5232908
2018-08-20,211.19397970907517,216.92775291384643,210.62059655590232,216.59327697753906,7597426
2018-08-21,217.8355977805421,218.02672063800154,214.25198952165488,216.3543701171875,6115262
2018-08-23,216.44993457116936,216.87996463741328,209.37828691235657,211.24176025390625,6182708
2018-08-24,209.33049219857728,213.43969896753205,207.03697432249774,212.2451629638672,9112060
2018-08-27,216.16326910879434,220.7502910601588,214.92094853712928,220.0335693359375,13523673
2018-08-28,223.28268894798094,229.35093835806748,221.3236613482311,228.3953094482422,18891748
2018-08-29,228.39530982781952,232.21782547347343,225.62399181741645,226.34071350097656,12141850
2018-08-30,228.0130618940903,230.87994860064597,225.24172932870925,229.58984375,9911302
2018-08-31,229.35093362051538,230.01987092722726,225.8628940043992,227.3918914794922,7187784
2018-09-03,226.9618682596656,232.0744888089478,226.10180806527237,228.77755737304688,8308169
2018-09-04,228.7775581792529,229.20760285970508,222.2792931726264,224.66836547851562,5836458
2018-09-05,222.75708247378788,230.21097556086607,221.0369476914858,229.30313110351562,11428802
2018-09-06,228.4908708673418,229.73317674500768,223.90384933047403,224.9550323486328,7398756
2018-09-07,226.48405263115183,235.32362008616514,223.85607311749922,231.7877960205078,11021703
2018-09-10,231.26217908069842,233.0778680424381,224.42943871328242,225.24171447753906,6103496
2018-09-11,226.29293702987377,230.11545280881845,218.60012110839946,221.32366943359375,12646049
2018-09-12,224.20547054788872,229.29668609715574,218.63396657916408,228.5281982421875,8896676
2018-09-14,230.8816943990148,239.23896498635696,230.8816943990148,235.78077697753906,15742465
2018-09-17,234.3878854258748,235.9728796076886,231.02576411853642,231.84228515625,9898386
2018-09-18,232.85093491639998,233.61942280100502,224.30154567659812,224.92593383789062,6825203
2018-09-19,227.3754759509844,230.97774906382537,224.34957239927272,226.36683654785156,9799989
2018-09-21,227.95184767729003,232.8989636028399,215.17578265085797,230.92971801757812,17636361
2018-09-24,231.12183786424785,235.68471692495265,227.18334691719662,230.44940185546875,8991121
2018-09-25,230.5934930318446,235.15637192364406,225.5503110988031,233.47531127929688,7847876
2018-09-26,236.3091176542807,240.48776035392507,231.89032341230475,238.1822967529297,11935712
2018-09-27,238.9507698368955,240.9200152937217,233.23516641454515,234.2918243408203,11385152
2018-09-28,235.15640333758807,236.78943096442592,218.05760985364984,220.60321044921875,11588117
2018-10-01,220.0748696992661,234.4839616134646,216.13637871297735,233.3312225341797,12577302
2018-10-03,232.1785074618778,246.15533011300224,229.8730585258454,243.75381469726562,16541649
2018-10-04,242.07275022080862,249.51744789625016,239.67123484163395,241.9286651611328,17158063
2018-10-05,237.50987831709327,239.81532728904787,229.34472577636407,231.5541229248047,13862891
2018-10-08,225.74244138016243,227.56758717079984,202.39970940378282,213.78289794921875,25198149
2018-10-09,213.73486334929365,219.3063818198237,210.22865684731232,215.41592407226562,10656797
2018-10-10,216.1363867455524,219.21032353661843,213.7348713372685,217.96153259277344,8303201
2018-10-11,208.35547379008761,212.87033454514395,202.7839696933311,207.9712371826172,15964574
2018-10-12,209.412138686577,219.16228515225816,209.412138686577,217.7694091796875,7263391
2018-10-15,219.97880131166986,223.6771407339143,215.56000729997672,222.62046813964844,7695758
2018-10-16,222.76456772972298,223.62912208808478,219.21032778806787,221.46775817871094,10252207
2018-10-17,224.0133617443424,224.63776456571003,214.88760289176582,218.77806091308594,7065573
2018-10-19,216.0403382138796,221.65989059918778,213.7829223371681,218.0576171875,5283114
2018-10-22,221.46775457076728,221.5157878106194,212.63018077239394,215.17578125,6460230
2018-10-23,213.1585068450286,217.96153777581057,207.87517282116843,210.85305786132812,6752747
2018-10-24,214.11910925995483,222.76456478309194,213.35063605071437,220.7953338623047,10435431
2018-10-25,218.345787450129,219.01820884398978,210.75698984030834,213.59078979492188,7334578
2018-10-26,214.2632127186799,215.07971918216703,204.03274804317513,212.53411865234375,12234401
2018-10-29,212.2939663826029,216.90487899122851,208.5956267160302,215.3198699951172,10915002
2018-10-30,219.01821854484714,219.73867321111308,213.44669952751963,215.07972717285156,6568207
2018-10-31,215.1757783471131,215.5119963638551,207.6830474195602,211.71759033203125,9699183
2018-11-01,213.8309447751315,223.53305854571127,212.58215379064853,222.1401824951172,9524000
2018-11-02,225.74245194433274,235.0603289441146,222.23624525593175,230.97775268554688,19429972
2018-11-05,231.50607807891,235.63668738280958,229.10456274614123,232.8029022216797,7753905
2018-11-06,233.37926366415644,234.72412108290504,229.00850270417536,233.04306030273438,5174397
2018-11-07,234.38791036247767,235.44458303456372,233.4273041724675,234.43594360351562,784393
2018-11-09,234.38791048969532,234.38791048969532,227.8557854625434,229.39276123046875,8125041
2018-11-12,229.00848831375907,230.54546393640948,219.3063755010467,220.2189483642578,9063022
2018-11-13,219.4024417771376,223.24486642933047,215.70411684401407,222.42835998535156,10009305
2018-11-14,223.58109183716618,224.2054800007042,219.30639720189208,220.45912170410156,6327199
2018-11-15,220.45910726288295,225.5503226933016,216.42456444058968,224.39759826660156,8640440
2018-11-16,223.4369876738942,226.17470630043837,219.49849674880622,220.89137268066406,5455625
2018-11-19,221.99608948605604,228.04789656918737,221.32365344776431,225.214111328125,7276409
2018-11-20,224.63776553319087,224.63776553319087,211.7176004285374,213.20654296875,14761307
2018-11-21,211.90973409866658,216.280480593151,208.64366421610757,214.35926818847656,13704110
2018-11-22,215.17577970590906,216.4245706446682,207.97123351039872,209.50820922851562,9708087
2018-11-26,210.46880304859496,211.47742773068356,205.32955453402568,210.1806182861328,6781682
2018-11-27,208.45153741845152,214.21517439776355,204.8492643063815,211.23728942871094,11504462
2018-11-28,211.3333624784087,213.5427596540386,206.05002841644847,207.53897094726562,8117964
2018-11-29,209.98851169254382,217.91351248436962,209.98851169254382,215.6560821533203,12444802
2018-11-30,215.60807779474285,218.44186340471782,212.0058042250233,217.2891387939453,9378800
2018-12-03,223.34092638952043,228.52819365549283,222.66850502655163,223.8692626953125,10802517
2018-12-04,221.6118553868661,226.22276824440428,219.78670940423268,224.157470703125,9408047
2018-12-05,220.0268212090497,221.32363059682075,211.621518175091,212.63015747070312,12875627
2018-12-06,210.66091258087621,212.87030945766398,205.8578822651138,209.31605529785156,13399767
2018-12-07,211.0451579158333,212.6781853595375,208.0192545541957,210.1806182861328,6694888
2018-12-10,204.03272195051292,211.573485409334,203.12014912205512,209.31605529785156,9520082
2018-12-11,206.53030624830652,209.84439427749808,205.569700172733,207.73106384277344,7211664
2018-12-12,209.41211989119304,214.11908369539807,208.45151383664628,212.58212280273438,7166872
2018-12-13,215.60806143187628,215.60806143187628,209.8924573998927,211.62155151367188,6889863
2018-12-14,210.85304413370068,214.0710805108886,208.73971359328283,211.47743225097656,5749881
2018-12-17,212.96639130589904,217.04896765009886,212.8703394806479,216.56866455078125,5693529
2018-12-18,215.1757834177303,218.05760194564633,213.8309406344443,216.3765411376953,5915969
2018-12-19,216.66471440976093,219.30638125332163,216.13637810951155,218.20167541503906,5429082
2018-12-20,214.02306912360748,216.13639987978337,211.09321721592175,215.07972717285156,8411639
2018-12-21,215.41593279157368,218.48986959217916,213.06245061568916,215.17578125,6933691
2018-12-24,215.17577298004386,215.17577298004386,208.40349683641148,209.26805114746094,4667022
2018-12-26,205.42563092197034,211.14123457963308,204.51304335384793,209.98851013183594,6554865
2018-12-27,212.67820222115037,215.0797176692559,210.94912282466404,211.90972900390625,7947144
2018-12-28,212.29394981845115,217.1450135942561,212.29394981845115,214.69546508789062,5074920
2018-12-31,217.7694419365746,219.4985361815777,216.37656575448742,217.2891387939453,6944360
2019-01-01,216.61668829270351,216.85683983183068,212.8703301453944,213.9750213623047,5015702
2019-01-02,210.3247141870173,210.51683248600617,205.23349864653574,206.09805297851562,10991026
2019-01-03,205.85789843961084,207.20274117061606,199.90214331165183,200.95880126953125,8656029
2019-01-04,201.72728773678074,204.032736590698,199.37380564472224,202.59182739257812,17408469
2019-01-07,205.3775938105935,206.29016670382285,199.71000884111533,200.33441162109375,8143876
2019-01-08,200.286401079007,201.295040562741,197.2124640419459,198.3651885986328,13402916
2019-01-09,200.28636433938604,201.00681888736943,195.09909745697965,197.59666442871094,13253349
2019-01-10,197.88488126268572,198.50926944242983,195.05109584604403,195.9636688232422,9291967
2019-01-11,195.96364131254194,199.75803241622316,195.96364131254194,197.7407684326172,13314252
2019-01-14,197.4045578074596,198.4612304033234,195.38727909087825,198.02894592285156,5204874
2019-01-15,199.18167059842443,200.76666471998183,197.54862858508034,200.28636169433594,7173758
2019-01-16,201.53518032814486,202.20760172538544,198.413210230247,200.19032287597656,8209760
2019-01-17,200.28638787871424,200.4785061825521,197.21245104424742,197.88487243652344,6537377
2019-01-18,198.50925765774318,201.15092460515305,197.8368362753944,200.57456970214844,6258424
2019-01-21,200.8627699194956,201.63124318256158,197.0203449734139,199.46987915039062,4883723
2019-01-22,198.22110298461018,198.22110298461018,193.08185375056232,195.53140258789062,7665916
2019-01-23,195.5313758675622,199.1336487661625,195.4353093938585,197.3565216064453,5821081
2019-01-24,197.8848476022419,198.07696588196916,195.2431809473576,196.97227478027344,3917176
2019-01-25,198.0769651332238,199.75802572543202,195.24318020932415,196.39590454101562,4381964
2019-01-28,196.39590994077733,198.36515533447266,190.48818841737696,192.1212158203125,5741120
2019-01-29,191.2566949972343,192.79365608014425,189.6716860164274,191.68896484375,4458350
2019-01-30,192.50545214934326,198.12500356816915,192.50545214934326,197.69273376464844,5619506
2019-01-31,197.9809130343097,201.72727077127362,196.29985244454912,200.28636169433594,6553608
2019-02-01,199.8060733446848,203.98471583780437,195.4833457963623,203.07212829589844,10475839
2019-02-04,201.63121353014446,201.63121353014446,193.5140949568093,196.15576171875,6196724
2019-02-05,197.78881912148344,200.52655277089178,194.71488208240137,196.6841278076172,4765441
2019-02-06,197.5006245153206,203.74456430734202,194.52273967451285,203.07212829589844,5888996
2019-02-07,203.55243491229072,204.27288951626207,199.99819513090281,200.95880126953125,6215565
2019-02-08,200.71867031412032,200.91078863000618,196.34790900369904,197.788818359375,3958618
2019-02-11,196.82818046782,196.82818046782,187.94257420349217,191.59288024902344,8463393
2019-02-12,191.1606277712568,194.7148676676272,189.2394154318472,190.53623962402344,16467366
2019-02-14,189.8157798302356,190.7283527350789,182.8033520507212,184.19622802734375,10767206
2019-02-15,184.72456716065204,184.91668546076227,175.02243909937633,179.24911499023438,12678835
2019-02-18,179.63335896170452,181.26638656618255,176.65547388589545,177.27987670898438,6483004
2019-02-19,177.80820433546174,181.79471399729474,176.84759818488158,179.20108032226562,5513105
2019-02-20,180.40182399290367,186.261512261521,180.1616724739189,185.39697265625,7595081
2019-02-21,186.26150301614447,187.7984785244311,184.67650893259272,186.74180603027344,6498528
2019-02-22,186.64577747412898,189.2394111419998,184.72456517827112,188.71107482910156,8758060
2019-02-25,189.2393972770555,190.68030639337826,186.6937970346262,188.75909423828125,6169952
2019-02-26,185.15682144747436,189.4315155610281,181.602581892082,188.75909423828125,9059558
2019-02-27,191.16061014599302,191.16061014599302,186.93394925207042,188.2307586669922,11910998
2019-02-28,189.91181412949626,190.39211715696473,187.31818071270357,188.03863525390625,9582600
2019-03-01,190.296091125908,191.06456434781617,187.60639087616798,188.4228973388672,6512004
2019-03-05,187.31819815005895,191.59289256092043,186.83789507787932,190.92047119140625,7354264
2019-03-06,192.12122680814582,195.91561810606942,191.785008798157,194.7628936767578,13683897
2019-03-07,195.72348935710903,195.72348935710903,192.02515007550784,192.6975860595703,5533457
2019-03-08,189.23941839474108,189.81578796866287,185.97336322968334,187.84654235839844,10050458
2019-03-11,189.23942470305698,194.0424557868909,188.37488497104192,193.1298828125,5446100
2019-03-12,195.00306196043786,198.74942034192296,194.13852222861442,195.38729858398438,10988099
2019-03-13,195.9636395809211,197.2124304117484,192.79363659733968,194.3306121826172,4971396
2019-03-14,194.3786350491887,196.539998605743,191.8810535207632,192.84165954589844,5106833
2019-03-15,193.56213071412128,194.570770058809,189.47955475613114,191.20864868164062,7489589
2019-03-18,192.79366486250328,193.08184965920378,189.7197278989689,191.44882202148438,3663166
2019-03-19,192.12121669138787,196.20379254607988,191.59288041394944,194.37864685058594,6097075
2019-03-20,195.00305323111405,199.75805085866045,195.00305323111405,198.98956298828125,8788334
2019-03-22,199.90214106455255,203.2162292740297,197.93289557096324,200.8627471923828,11359037
2019-03-25,198.3651609495906,198.3651609495906,193.94636699756649,197.3565216064453,7451785
2019-03-26,197.45257677456223,201.102882701008,196.54000395737205,200.28636169433594,5069088
2019-03-27,200.814736676132,202.54383083340633,198.55730615723382,199.46987915039062,5731820
2019-03-28,198.79742603987648,200.0942501156176,193.61015905228325,194.37864685058594,8924025
2019-04-01,200.33440562519763,210.13258494000587,200.33440562519763,207.3948516845703,18454840
2019-04-02,207.7310972472638,209.70034295039392,204.8012453140885,208.4035186767578,8273747
2019-04-03,208.49957427225965,210.46881987253,205.6657889731814,207.44290161132812,4910619
2019-04-04,206.96259190298002,206.96259190298002,201.72729132164605,202.15956115722656,7739096
2019-04-05,202.20760160448225,208.25942349140323,201.4871469669366,206.91456604003906,7965595
2019-04-08,208.16336287489963,209.22003556947942,204.65715606979978,206.0019989013672,5032285
2019-04-09,206.00197799873527,209.26804757750605,203.26425937133115,208.59561157226562,3937427
2019-04-10,206.05002122319559,208.21138508218016,201.3910754863097,203.36032104492188,13323115
2019-04-11,202.68788945386606,204.1768318576947,201.43909857782637,202.97607421875,5920717
2019-04-12,202.97609465333707,203.64851606730483,199.80609123584625,201.48715209960938,5530088
2019-04-15,201.72729061857373,206.2901698111367,201.72729061857373,204.36895751953125,4965812
2019-04-16,205.56971165466965,209.31606969558212,204.75319058175182,206.48228454589844,6750812
2019-04-18,207.63502003967736,207.63502003967736,198.1250247163666,199.03759765625,7237958
2019-04-22,199.13363795591076,199.6139409829835,191.73697427052699,192.5054473876953,9367081
2019-04-23,192.12122523007756,194.85895855268066,190.92046757238955,192.4574432373047,4352433
2019-04-24,192.50545537697795,193.46606147099018,189.43151880767593,192.79364013671875,6364227
2019-04-25,192.93773800258626,194.66681722914436,188.03864110684327,188.80712890625,6735299
2019-04-26,190.00788481128646,193.94636092924833,188.75909398064078,193.2259063720703,7452786
2019-04-30,194.04246408741668,198.46125873664107,191.20867855827177,197.93292236328125,8879385
2019-05-02,196.20380804070362,199.46986311931016,193.6582075815856,196.63607788085938,7948283
2019-05-03,197.88487969363982,197.88487969363982,194.6668430200129,197.0203399658203,5320008
2019-05-06,189.23944431615845,193.03383633410704,189.04732598443115,191.06459045410156,8845838
2019-05-07,191.35276996994864,196.20383466430016,191.35276996994864,192.55352783203125,9042640
2019-05-08,192.1212158203125,194.90696758663282,188.90317959224805,192.1212158203125,7883819
2019-05-09,193.75427121596857,193.94638952800813,188.5189702600301,190.3441162109375,10482577
2019-05-10,191.25670389078698,193.12988308458364,185.97336969112644,188.08670043945312,8821650
2019-05-13,187.22212786822587,187.22212786822587,183.86000643128614,184.6284942626953,6979614
2019-05-14,183.47577419079585,186.3095593946661,180.59395574800848,185.3489532470703,8451501
2019-05-15,185.34893852145186,188.27878997038522,182.17893555469908,183.13954162597656,6684736
2019-05-16,183.71593853781914,188.18275157252634,182.5151807695981,186.93397521972656,10526494
2019-05-17,184.4363781317431,185.20486597216265,179.87349898525468,184.148193359375,13564609
2019-05-20,186.83789507787932,191.83304409701026,186.11744046960987,190.92047119140625,5411945
2019-05-21,191.88109726808509,192.1212488291215,185.58912343739377,188.27882385253906,5194195
2019-05-22,188.27881506717566,191.4968516979804,187.31820886785334,190.2000274658203,5592495
2019-05-23,193.08183485525993,193.08183485525993,183.3316883612157,184.19622802734375,7476261
2019-05-24,185.3970000971793,188.7110886181561,182.515181442819,188.08670043945312,6326402
2019-05-27,188.2787922159184,193.89834366298814,187.60637088954152,192.6975860595703,4498005
2019-05-28,192.6976186582933,198.98957783846726,192.6976186582933,193.89837646484375,12223332
2019-05-29,193.08184965920378,193.08184965920378,189.4795763446664,191.44882202148438,5123395
2019-05-30,191.25669937614148,192.88972697686026,188.5669990973585,190.72836303710938,7039964
2019-05-31,191.20865592746497,191.83304405809724,187.51031640935736,189.23941040039062,8803541
2019-06-03,189.2394119381892,192.50546699181427,186.74183007999125,191.54486083984375,5305570
2019-06-04,191.01652812667322,192.6015223226129,189.09531593392893,190.0078887939453,4728557
2019-06-06,190.0078878214601,190.63227591783195,186.06939698341773,187.17410278320312,6628617
2019-06-07,187.17410135097677,188.90318057621766,185.7812108028757,187.12606811523438,3812625
2019-06-10,189.0472942944393,190.77638830551538,187.31820028336324,190.44017028808594,3880878
2019-06-11,191.06454825387064,192.98576046218582,187.94257841535847,191.7369842529297,5966155
2019-06-12,190.7764006009749,194.90699560882766,189.38350985987034,191.44882202148438,6232564
2019-06-13,191.11261272840557,192.45747028865776,188.95124864077113,191.7850341796875,4654391
2019-06-14,190.58425534830616,192.79365243703188,189.0472942944393,190.44017028808594,3624064
2019-06-17,191.1606098628837,191.1606098628837,185.3969733846058,185.9733428955078,5976790
2019-06-18,185.82925404374575,187.60638125809595,181.8427444431479,182.46713256835938,8848621
2019-06-19,184.67653250467256,188.5189571081508,180.97819296075014,182.56320190429688,11219284
2019-06-20,182.70729129568505,187.12608555752547,180.69002712564335,186.64578247070312,6469404
2019-06-21,186.26152697941436,190.48820284213852,185.5410723655316,189.86380004882812,7596593
2019-06-24,189.2394111739452,195.24319959951453,188.75910809989963,190.3921356201172,10464941
2019-06-25,188.75911379213687,195.86759363930028,186.83790143801843,194.5227508544922,8418631
2019-06-26,193.5621452706983,200.7186583801867,193.12987542123417,200.14230346679688,6730323
2019-06-27,201.3910820234015,202.11153666644876,197.2604871294137,197.98094177246094,8700344
2019-06-28,197.88486950879818,199.4218452321354,195.53138734180857,198.8935089111328,5454954
2019-07-01,199.90213536629813,202.30365061741807,199.03758108128343,200.6706085205078,6353325
2019-07-02,200.76668725467314,201.9194117140717,197.88486877733334,201.1029052734375,3552844
2019-07-03,200.5265336051986,202.01547606769668,197.26047856164965,200.47850036621094,5052706
2019-07-04,200.19032948957116,201.24700218992024,198.12503198888328,198.74942016601562,4032487
2019-07-05,198.4132375686065,198.6533891476879,190.20005063248414,191.06459045410156,8694153
2019-07-08,189.23941108798098,192.6015326047725,187.31819879267152,189.81578063964844,6197157
2019-07-09,189.23940323714564,191.1606154527512,185.49304527978924,190.10394287109375,6355556
2019-07-10,188.2788079091353,189.62365067398298,184.91668633932932,186.02137756347656,5239125
2019-07-11,188.75909947077488,191.40076625726155,187.17410526195727,190.6322784423828,4524147
2019-07-12,191.1606103177803,193.51409228714047,189.62363472350782,191.0165252685547,3535841
2019-07-15,190.72835874074116,193.08184093502874,188.08669176277434,192.26531982421875,3882644
2019-07-16,191.54486873972527,194.52275379672534,189.7197228387815,191.25669860839844,6833661
2019-07-17,191.064542168137,196.15575728954548,190.29606903543686,195.435302734375,4790772
2019-07-18,193.94639152204553,194.9069977498074,191.496857367403,192.6495819091797,5174253
2019-07-19,194.04246131741272,195.67548900092262,187.31821760839347,188.27882385253906,6741873
2019-07-22,188.23077469904703,197.35653324709784,187.12608347472616,194.4266815185547,9147466
2019-07-23,194.09048167283686,196.2038123380867,192.5054726806342,195.09912109375,4637360
2019-07-24,195.05108724158796,195.86759369771963,187.94259273461734,189.4795684814453,5942539
2019-07-25,190.10397417974698,192.36140476793923,187.75049175956704,188.99928283691406,5720563
2019-07-26,188.9992697166674,191.4968516979804,187.07805731802276,190.2000274658203,5373373
2019-07-29,188.61501554105513,190.68031281425604,184.8206096808191,185.6371307373047,6900021
2019-07-30,184.8206190104042,187.1260825851428,181.41047887428306,182.61123657226562,6033395
2019-07-31,180.59396927502135,183.7159394885523,177.52003230400533,183.04351806640625,9273653
2019-08-01,181.55453837716954,181.79468988295943,173.1972689072177,175.55075073242188,11880072
2019-08-02,172.7169953023118,175.11851076909122,169.40290688969367,173.29335021972656,11797603
2019-08-05,170.98788656177766,170.98788656177766,164.84001335746225,168.82652282714844,9712978
2019-08-06,166.18486331477143,175.40668818259638,166.18486331477143,173.58152770996094,10421582
2019-08-07,175.79090285496795,176.84757534722473,168.87454239548978,169.45089721679688,6387281
2019-08-08,170.50758523198712,174.63819445365132,168.49030652954832,173.91773986816406,6183264
2019-08-09,173.86971687151868,177.1838052284163,166.4730522897373,169.25880432128906,14562944
2019-08-13,168.34623281059535,173.19729694437817,166.18486890860484,169.3068389892578,6836149
2019-08-14,170.8059936174924,175.30342736808203,170.22567292017897,174.6747589111328,5965374
2019-08-16,173.22397000930042,175.54522325653275,168.0011280657754,173.9010009765625,7169006
2019-08-19,174.23951944519123,176.27062722595963,171.91826605988658,175.2067108154297,5179954
2019-08-20,176.02881767855803,176.3673405388994,171.96661714530185,173.5141143798828,4539348
2019-08-21,173.03053670201973,173.03053670201973,167.56591115911723,171.24124145507812,6642215
2019-08-22,168.29128859283026,173.41740550734897,166.9855744159979,170.75762939453125,7128023
2019-08-23,167.90442603372875,175.98046503648493,166.50198675490574,174.33624267578125,7073375
2019-08-26,176.07717110818396,176.2706064077524,165.48642980651215,172.88543701171875,7974145
2019-08-27,174.0944241167018,176.46403971554568,171.86988130135492,175.2550506591797,6928021
2019-08-28,175.54521968808092,176.02881533460456,170.70926322284453,172.5469207763672,5851491
2019-08-29,170.9994266160374,174.9649021334445,169.16175427153036,173.8042755126953,5284552
2019-08-30,176.27060445321706,180.8647628683215,175.49684850535553,178.39842224121094,13905732
2019-09-03,176.5124109811282,176.5124109811282,171.5797294833199,172.5469207763672,4927852
2019-09-04,173.12724133684637,176.22225052084355,170.80598813839043,175.69029235839844,5129501
2019-09-05,176.27061263126814,182.46063098501122,176.27061263126814,178.54351806640625,5614061
2019-09-06,178.83367188131183,183.47619323946788,176.02882291397202,182.21884155273438,5570553
2019-09-09,182.31557630894207,183.81472590927015,178.6886086104883,183.0409698486328,5014192
2019-09-11,182.89587621783477,187.8285428711536,182.79915118695556,187.1031494140625,5904788
2019-09-12,187.586746199456,191.11700323379196,187.24823810564368,190.63340759277344,8635479
2019-09-13,190.1981596262955,195.2759138547735,188.7957352195875,193.7767791748047,6473051
2019-09-16,191.60057588453705,194.6472221541177,191.45548835474,193.82510375976562,5748421
2019-09-17,193.4382658060283,196.29147727503351,190.19816895050994,191.4555206298828,6911141
2019-09-18,191.89076163540028,194.2120297750437,190.6817724245972,191.50389099121094,7326216
2019-09-19,191.5038477145573,192.37431384635718,186.81296473343443,189.52110290527344,4158836
2019-09-20,189.6178721754668,201.36924148806025,188.36052043530464,195.51773071289062,14594234
2019-09-23,197.8390019788861,200.06354512979976,191.50389541625978,193.4382781982422,7366155
2019-09-24,193.38988000851924,195.71114777366864,189.61784018263066,191.3104248046875,5805761
2019-09-25,189.66621439377502,190.14981002990584,182.70242542695712,183.66961669921875,7163444
2019-09-26,184.73350966404266,190.05306098944703,184.00811630148752,189.52110290527344,8625560
2019-09-27,188.1670825417829,188.55395318354772,183.28276320911462,184.44338989257812,4392645
2019-09-30,183.18601725372898,185.60399538410115,178.68858383450365,185.07205200195312,6521755
2019-10-01,185.02370087634185,188.16707263930735,180.6229774565565,183.52455139160156,6163235
2019-10-03,180.3811708889055,181.7835952712608,174.09442766757635,176.609130859375,13862733
2019-10-04,177.96320696330332,179.65579181213909,175.593591126567,176.12554931640625,6277398
2019-10-07,176.2705919573042,179.07544046652708,175.1583280073421,176.31895446777344,4525369
2019-10-09,176.07717304378411,181.0098396487571,174.7714589305506,179.94593811035156,4536877
2019-10-10,178.3984325347923,179.84921948643037,175.83538149016564,176.27061462402344,4351508
2019-10-11,177.47959238817904,182.99257949982965,177.28615709197794,181.05819702148438,7642682
2019-10-14,183.28274338476498,184.7335302717156,180.91312775437908,182.5089874267578,5222539
2019-10-15,181.735247921593,189.13427056978952,179.8008652305354,186.23269653320312,6691660
2019-10-16,186.18432317100942,187.78018289492235,181.00984387052202,181.78359985351562,8082988
2019-10-17,179.41397878010025,183.5245416362481,176.56076751393698,182.605712890625,9520625
2019-10-18,181.78359082470203,185.07204989955198,180.52623925955842,181.2516326904297,7347790
2019-10-22,180.3328079095356,184.68516859001434,178.97874604554252,179.65577697753906,6683536
2019-10-23,179.027099609375,181.44507764430352,177.96318337073976,179.027099609375,5610514
2019-10-24,180.13937790588,180.52624851892077,174.7714632904739,175.400146484375,6890297
2019-10-25,175.54521999857613,177.38287755534913,175.0616243511971,175.78701782226562,5956396
2019-10-27,176.12554931640625,176.8992905836248,175.35179329101902,176.12554931640625,365752
2019-10-29,177.38287592142902,181.9770345292115,176.4640471515061,178.25335693359375,9687658
2019-10-30,180.67132642908217,183.23437730962283,178.35005860016759,181.05819702148438,5978614
2019-10-31,181.97704258314027,184.63681873694108,180.47790783026005,181.73524475097656,6501134
2019-11-01,181.88030839124394,187.9736159122447,181.20327750183642,187.39329528808594,6921052
2019-11-04,189.08590482539267,197.40375615831925,189.08590482539267,191.4555206298828,15421372
2019-11-05,192.47106861460801,196.0496734713867,190.87520887358326,192.08419799804688,8912298
2019-11-06,192.47105994591348,196.96849338309124,191.16534584703354,194.8890380859375,13028120
2019-11-07,196.2431084304989,200.4987589959397,192.71286609661357,198.4676513671875,17556268
2019-11-08,198.32256807264008,200.20858805193063,196.43654809334956,197.1619415283203,10082727
2019-11-11,197.258673600909,197.258673600909,192.9546750293321,193.58334350585938,6851401
2019-11-13,190.58504309690446,195.3242744263795,186.03924707019354,186.81298828125,13457979
2019-11-14,187.00645090411578,187.0547986644288,181.6385360323646,182.31556701660156,6720055
2019-11-15,182.31557296976428,183.91143282458742,180.9615109570761,181.59017944335938,4558349
2019-11-18,182.36392612725868,188.4572343878631,181.05821194349764,187.2482452392578,8873375
2019-11-19,187.24823468593536,187.63510528841766,184.39500864950017,186.03924560546875,3476640
2019-11-20,186.66792547343442,187.49004400184387,184.00814933326893,184.4917449951172,4437118
2019-11-21,183.9597897683222,186.5712034325869,181.88033429226314,182.41229248046875,6342754
2019-11-22,181.83196772852332,185.0237020285832,180.9131389283373,184.00814819335938,4635776
2019-11-25,185.21714244732445,194.06693734506487,184.10487830456358,192.71287536621094,16931103
2019-11-26,193.58334800549736,196.24312428952985,191.06865928276815,192.18092346191406,16163735
2019-11-27,192.85794899205268,196.8234394242611,192.85794899205268,196.33984375,7251212
2019-11-28,196.3398312397418,198.56437415123452,193.53498241101263,197.40374755859375,5421765
2019-11-29,196.3398447666888,197.7906317969845,190.10146348805094,193.58334350585938,10212511
2019-12-02,193.438264862938,195.90460569157415,191.93911535861656,194.21202087402344,5195682
2019-12-03,193.53497862740306,193.92184923133073,188.21542665347627,189.56948852539062,5815771
2019-12-04,187.82855298726741,195.1308504669068,186.47449103103705,194.50218200683594,6574810
2019-12-05,192.5194232667492,194.8406763876283,190.77847604700614,192.03582763671875,4443222
2019-12-06,192.47107447699815,194.1152967847157,189.23097762147978,191.4555206298828,3819461
2019-12-09,192.13253871017727,195.6144331642039,190.63340405735642,192.32598876953125,5743160
2019-12-10,192.18089419462828,194.0185663840926,191.2137029659103,192.56777954101562,4876818
2019-12-11,193.4382707492748,193.4382707492748,188.31215362278527,190.1498260498047,4757660
2019-12-12,190.8268599659845,197.5488370257533,190.8268599659845,194.8406982421875,10621630
2019-12-13,200.20859816094406,202.14298075187105,198.56437591028973,201.41758728027344,14246993
2019-12-16,203.11019910339013,204.70605905022023,199.4348687394091,199.87010192871094,8779955
2019-12-17,201.07905429669108,207.75268275418742,200.01515278016305,206.6887664794922,16629136
2019-12-18,207.51090770821946,208.4297365418048,205.23800212572576,206.6404266357422,11721371
2019-12-19,205.4314211208169,210.12230471272244,204.222432025807,209.20347595214844,6847801
2019-12-20,209.2034892981684,210.94443665767898,207.75270229160435,208.4297332763672,8175626
2019-12-23,209.68707627821993,212.15341703881475,206.3502692530236,208.09120178222656,10295626
2019-12-24,211.08948807027298,211.1378505838927,208.0911893238545,209.1551055908203,7782646
2019-12-26,209.63869054040242,210.4608089555921,207.26907507531604,207.94610595703125,7436907
2019-12-27,209.0100308109651,210.02556979644024,207.36579391260787,208.38134765625,5252162
2019-12-30,209.20347199309376,211.81488543726215,204.2224281610157,210.79933166503906,11352906
2019-12-31,209.88051390106432,212.20176713771667,208.42972693861458,209.0583953857422,9432449
2020-01-01,209.0583991011597,210.31575077592893,206.2051876426011,207.26910400390625,5085208
2020-01-02,208.91331662941207,213.94270833737548,208.91331662941207,212.92715454101562,15238841
2020-01-03,212.10505766086118,212.73372611035722,208.96168589704453,209.3485565185547,8658243
2020-01-06,207.94613895412775,208.57480742444253,201.22416206515132,202.4331512451172,7798846
2020-01-07,203.64213180945504,206.2051828592784,200.8856306924866,201.99790954589844,12767569
2020-01-08,199.24139714008788,201.80444804469107,197.79061026770862,200.595458984375,12470053
2020-01-09,204.5609647811944,204.99619792483986,202.04626143853648,203.8355712890625,8676205
2020-01-10,205.33471484982405,207.17237240678563,203.30360722735668,204.5609588623047,7800086
2020-01-13,205.81832507291185,206.0117603939484,202.62659062221687,204.27081298828125,6614653
2020-01-14,205.5281434491775,207.70432379158055,203.88392125321758,204.99618530273438,7981507
2020-01-15,204.17410049247863,207.9461408653737,203.11018410106269,206.6404266357422,9564560
2020-01-16,206.9789247477114,207.70431817556553,202.14296856201722,202.77163696289062,6986058
2020-01-17,202.62656542424554,205.04454353193344,201.3208513428272,203.1585235595703,8678002
2020-01-20,203.20691815669352,203.8839491821058,199.96682107756197,200.498779296875,3977566
2020-01-21,199.24143012381822,201.65940864473833,197.9357158192535,198.4193115234375,4479791
2020-01-22,198.85454872792712,200.9823667598257,196.3398452986668,196.920166015625,6268889
2020-01-23,196.92015306779496,198.61273782976903,196.09803456585465,197.88734436035156,5560681
2020-01-24,197.79060557782304,200.88561454721182,195.6144253208543,198.66107177734375,5749852
2020-01-27,196.8717831123907,196.8717831123907,190.92354803303115,191.74566650390625,7942736
2020-01-28,192.85793293327833,192.85793293327833,187.82854129138107,189.56948852539062,6308211
2020-01-29,191.16535992494653,193.82513607484577,190.63341650150142,191.2620849609375,8978837
2020-01-30,190.82684173039718,191.2620748530183,186.3777559569714,187.1031494140625,8588693
2020-01-31,188.40886973012016,188.7473778329835,182.07376371175613,183.13768005371094,6008376
2020-02-03,177.86646570325777,179.51070264155396,174.38458604383794,175.8353729248047,7678833
2020-02-04,176.99602368454322,184.10488627678032,176.99602368454322,183.0409698486328,9235507
2020-02-05,183.863081499878,191.06865410423976,182.12213411860773,189.8596649169922,7411014
2020-02-06,189.9563698480314,190.87521341100057,186.32940238842156,187.63511657714844,7348886
2020-02-07,187.6351240020141,191.89076008642107,186.5228598403213,190.92356872558594,6977770
2020-02-10,189.4727591859041,190.48831294582558,183.37946614270953,184.5884552001953,5385023
2020-02-11,186.08761114579207,190.48833477088334,185.7007405063381,187.29660034179688,7530810
2020-02-12,187.87692105914675,189.95637657300745,184.92698446926124,187.29660034179688,10581151
2020-02-13,188.31214278656512,190.5366857238066,186.08759984932362,188.84410095214844,6711481
2020-02-14,189.08590356099236,190.53669054483632,187.10315839810534,187.63511657714844,3798528
2020-02-17,187.6351156347528,188.31214660551257,183.5245525345069,184.00814819335938,3484321
2020-02-18,182.94421820864846,183.2343785339725,175.78700889421418,178.3017120361328,8152961
2020-02-19,179.89758797571767,182.41229134531233,178.3500759393258,181.92869567871094,4317249
2020-02-20,181.63853163964365,184.73354089142657,179.31726363218027,183.71798706054688,6207445
2020-02-24,180.76804068457213,180.76804068457213,172.0633193400534,173.17559814453125,14690243
2020-02-25,175.06162259227983,175.49685571891436,168.33964611288386,168.7265167236328,10694830
2020-02-26,167.2757267220691,167.51752453888565,162.24633508391796,164.32579040527344,16855158
2020-02-27,164.37415737087565,164.71268022685175,160.69882750411682,162.82666015625,7657497
2020-02-28,156.6849830215379,156.8784183205483,149.0441780243718,150.7851104736328,14033411
2020-03-02,155.28256791280754,156.15303418932885,142.03204990543725,144.83689880371094,11441351
2020-03-03,147.10980343456188,155.1858419786506,145.8524517860796,154.07357788085938,21836942
2020-03-04,154.75059671744125,156.39481885593068,151.75229800277404,155.33091735839844,12074078
2020-03-05,157.36201317303056,162.3914047133962,149.7695707275092,150.3982391357422,12338386
2020-03-06,144.0631513693074,146.48112979026982,135.40679157389573,145.17543029785156,11173720
2020-03-09,139.17882444909745,141.01649680413388,135.69694456689965,138.74359130859375,10550403
2020-03-11,137.34114587745287,137.67966868957217,132.601915056779,133.27894592285156,9682790
2020-03-12,125.73487129744268,125.73487129744268,114.27365565883878,116.25639343261719,15926851
2020-03-13,110.16309373264866,125.73487263729707,99.71742443883953,123.2685317993164,15365436
2020-03-16,116.83671138876748,124.81603957259492,110.6950407621907,111.85567474365234,20577663
2020-03-17,113.16138093096991,116.88506592168504,110.11472689162701,111.61387634277344,11615932
2020-03-18,115.09575603040076,115.09575603040076,104.60173269168091,105.61727905273438,12105333
2020-03-19,99.62068906702793,104.35992720719827,94.34950021851253,96.4773178100586,11569487
2020-03-20,97.879755534278,104.1664989152901,95.46177731081181,102.03868103027344,13928853
2020-03-23,91.83480724092496,96.67076354385063,82.1145394994946,85.01611328125,14591356
2020-03-24,86.12837899954675,91.68972837939518,82.21125170210718,85.83821868896484,16845493
2020-03-25,86.03166002715639,94.0109879594219,85.16119379235805,91.44793701171875,7876385
2020-03-26,94.3011482904105,94.39786594104545,89.22339415169608,91.44793701171875,11013083
2020-03-27,94.30114894261013,96.04209618241491,87.33737474155859,88.5463638305664,9158997
2020-03-30,85.20955829266877,88.44964790907011,83.71041609536181,85.8865966796875,9970397
2020-03-31,88.93324354318943,94.0593607571676,88.01441469308227,92.56021118164062,15557731
2020-04-01,91.834816343267,92.27005688112004,88.01441343692439,88.6430892944336,9270755
2020-04-03,89.07832377591444,90.38403065069294,85.49971865554602,85.8865966796875,8216768
2020-04-07,89.1266890509641,103.05424669696141,87.04722606362716,100.53954315185547,23639659
2020-04-08,96.23553768243879,108.13199403602222,95.65522435816054,97.54124450683594,24227474
2020-04-09,101.55509011481617,105.42385545252345,98.50843593555483,104.02143096923828,14943427
2020-04-13,105.42385442096585,110.598326533701,101.65180677779335,110.06637573242188,23259069
2020-04-15,116.06296192719967,119.93172732477298,110.06637851259477,111.32372283935547,45561393
2020-04-16,114.9990501336953,117.90062411160645,110.69504430567657,116.59491729736328,18971910
2020-04-17,119.93172493940577,121.57594724903812,115.19248594582209,120.0768051147461,14577288
2020-04-20,120.89890550780059,121.04398567022668,111.95238650022335,112.6294174194336,18342210
2020-04-21,109.92129539051622,109.96965052924023,102.32884497693236,103.58618927001953,22935311
2020-04-22,103.00587878998792,105.18205932780457,99.37891122696018,104.746826171875,14419829
2020-04-23,105.42386358025368,109.58278959055818,104.79518768859116,107.60004425048828,16545796
2020-04-24,106.34269101440208,106.34269101440208,99.47563358017942,100.2493896484375,16901936
2020-04-27,102.90915320981179,106.10087999215645,101.84524428236357,104.65009307861328,18657007
2020-04-28,105.61728574044616,107.01971753606058,103.19930751947365,105.18205261230469,13489808
2020-04-29,105.42385260928567,113.79005890226139,104.74682164507985,112.4843521118164,35702215
2020-04-30,116.06295809329355,127.86268921447807,115.5793624345715,125.92830657958984,45993216
2020-05-04,117.41702529447025,118.96452989863569,110.84012150291206,112.09747314453125,22496677
2020-05-05,116.06295599866897,116.78834947366065,111.22699949872442,112.09747314453125,19405341
2020-05-06,112.19418932181951,116.73998542029415,111.71059367819097,114.7088851928711,15993752
2020-05-07,113.16137852035921,117.9973348673831,112.87121818790426,113.79005432128906,16729796
2020-05-08,118.86780703323458,118.96452468317652,112.04910571561416,113.25809478759766,21602930
2020-05-11,115.04740336322418,117.41702649997603,113.69334143260494,115.82115936279297,13916698
2020-05-12,114.99905121613078,118.23914071281226,112.58107287844547,117.12686920166016,13673363
2020-05-13,121.38250285013919,122.78492722227226,117.61045546901931,119.4964828491211,13922270
2020-05-14,115.09575984019412,116.93342470841732,113.16137732187153,113.35481262207031,12778232
2020-05-15,114.51545143159511,116.93342968235056,113.54826013129292,115.33756256103516,12509914
2020-05-18,116.59491273660502,117.03014586463331,110.54996718574586,111.56551361083984,14500038
2020-05-19,113.88677886125728,116.44983735603236,112.72615221940045,113.45154571533203,15916351
2020-05-20,113.45153863250454,117.94897212323625,112.4359848499681,116.83670806884766,8718400
2020-05-21,117.41703315942574,126.46027094424922,116.69163963584496,125.25128173828125,34325670
2020-05-22,122.34969704550853,122.34969704550853,119.5448408548145,120.75382995605469,17058546
2020-05-26,121.43087070332503,126.1701021714898,121.3825081866768,124.8644027709961,18786655
2020-05-27,126.12174155656791,130.37739219692344,125.7348709338848,128.92660522460938,32423355
2020-05-28,129.99048822353276,134.82644410622618,129.21674708883472,133.8592529296875,21951352
2020-05-29,131.4896613704068,136.51905344984775,130.1839618999329,134.29452514648438,19390589
2020-06-01,137.24443168395166,140.67796355337669,134.00434986995006,134.58465576171875,14504755
2020-06-02,136.27724514928133,138.79194837502268,134.29451483617228,136.51904296875,12836264
2020-06-03,138.21161799373104,141.98367256730347,137.6313121226814,138.64686584472656,12470626
2020-06-04,138.5985165754384,139.90421597868226,133.81092258054142,137.96983337402344,11358214
2020-06-05,139.08211235117037,146.04588678254555,138.69522697499124,144.35330200195312,21825018
2020-06-08,149.91464514220021,150.73676361560183,140.72632818187182,141.54844665527344,16211802
2020-06-09,143.14428928608345,145.41719437733818,136.56738655644108,137.9214630126953,19223606
2020-06-10,139.17880240553123,143.14429207576126,137.14770981881526,142.1287384033203,17278002
2020-06-11,141.11320146685517,142.61235089843174,137.7763945115187,139.66241455078125,12532780
2020-06-12,133.47239298030942,142.0320414768788,131.73144577241106,141.25828552246094,15804914
2020-06-15,144.15986648175752,147.35160072926104,139.0337496306965,141.01649475097656,34911162
2020-06-16,144.98198021763932,149.52779145558392,142.0804061124844,145.17543029785156,28477417
2020-06-17,144.78853994535874,147.10980800502128,142.3705616070656,143.14431762695312,13573256
2020-06-18,143.57954210575843,146.43275342101143,142.4672780405782,145.85244750976562,9854686
2020-06-19,147.35162061243733,147.35162061243733,143.62792769485816,146.09426879882812,14631215
2020-06-22,145.94917158602428,146.48112979026982,144.11151388936045,145.17543029785156,8037341
2020-06-23,147.88353529392023,154.26700340713762,145.6590072394106,153.1547393798828,22570926
2020-06-24,154.17030085484416,154.84734663083182,145.51394091133938,146.43276977539062,15907046
2020-06-25,144.1115214469245,147.30325608161118,139.8558851061222,141.79026794433594,18500612
2020-06-26,144.11152341100248,147.0130977078683,143.33776731353757,146.09426879882812,12107599
2020-06-29,144.54674513743444,144.54674513743444,138.59852420398224,141.0648651123047,13110757
2020-06-30,143.14431339257266,146.62620799998356,140.4361747821606,141.4033660888672,14655358
2020-07-01,142.6607134122323,143.9664275399503,139.7591395801191,142.70907592773438,8255166
2020-07-02,144.01477566523107,145.36885231191076,141.93532031683753,142.9025115966797,9519798
2020-07-03,143.72463444449986,144.54673820238528,139.8075066907667,141.5968017578125,10780269
2020-07-06,142.95088898949146,150.0597367812628,142.27385797477552,149.28599548339844,24254504
2020-07-07,149.9146670022331,151.75232475899267,146.8196574738209,147.30325317382812,13160047
2020-07-08,147.73846204203943,152.81621605657762,147.39993920447006,149.91464233398438,18306575
2020-07-09,151.8490324326111,160.98898716561558,151.75230740040598,159.39312744140625,45180719
2020-07-10,158.32919311523438,159.10294901038316,155.08911151916277,158.32919311523438,16256492
2020-07-13,159.87671069186484,164.9061020551087,158.7160841862188,163.69711303710938,21894776
2020-07-14,162.19797390810587,163.16516518335774,156.63662407540758,158.42593383789062,16396492
2020-07-15,160.892277985937,162.97173336898024,159.10296818514686,159.9734344482422,11233286
2020-07-16,159.4898481646355,161.3275205897552,155.76617031146264,160.6021270751953,12766387
2020-07-17,161.03735091037996,163.55205418522064,155.8628715694519,156.83006286621094,14372019
2020-07-20,156.878414784903,157.60380820846896,154.41207419314526,155.62106323242188,14067880
2020-07-21,157.50709597113018,157.65216875076294,152.3809795570487,154.75059509277344,13098754
2020-07-22,155.2825527745875,158.52263449525205,152.23589158744014,154.65386962890625,17455691
2020-07-23,155.42761558843603,157.12020010894082,154.46042443386187,156.68496704101562,8258361
2020-07-24,154.70223882534924,155.66943008372363,149.23761411880093,151.0752716064453,15793319
2020-07-27,151.8490322194835,154.5571707775792,149.52777903149737,153.00965881347656,12745516
2020-07-28,153.34819615625662,159.8283754466346,153.34819615625662,159.29641723632812,15539141
2020-07-29,158.90953769949067,162.97173831414426,157.94234637418418,158.66773986816406,15845599
2020-07-30,159.53817799537626,160.2635713613069,154.75058473186726,156.68496704101562,8980592
2020-07-31,156.5882751881278,159.1029786259082,154.3637468679785,157.74891662597656,9872721
2020-08-03,157.74890494408655,162.00454070715668,155.4759995144802,156.0563201904297,16525131
2020-08-04,156.6849909349544,159.19969422359745,155.4760018073699,157.0235137939453,13653194
2020-08-05,158.52263438903526,171.57971580420352,158.13576380592662,169.98385620117188,47894708
2020-08-06,172.16004943847656,173.0305156952916,168.4847195887182,172.16004943847656,23198186
2020-08-07,170.6609144280404,173.12725537524332,169.5970127750493,171.773193359375,10117475
2020-08-10,171.09613469117625,173.12724231998516,168.6781564464837,172.74037170410156,9378730
2020-08-11,174.0944571499174,180.47792648201568,172.16007429269607,173.0789031982422,30405569
2020-08-12,171.53137596804044,171.53137596804044,167.0339277514191,170.0322265625,17437072
2020-08-13,172.16005459412577,178.54352319582696,172.16005459412577,177.52796936035156,26526442
2020-08-14,178.3017435654498,183.2344109355391,174.67477575295626,178.88204956054688,28520464
2020-08-17,179.07547172138882,187.10316284091155,178.2050054136804,186.23269653320312,25968766
2020-08-18,186.8613500233944,190.77847761037398,185.74908596847672,189.56948852539062,20401535
2020-08-19,190.39160897549394,191.16535019135137,187.92526826498727,190.34324645996094,16328384
2020-08-20,186.71626923099774,195.71115058925162,186.13594859181998,192.47105407714844,28491717
2020-08-21,195.13084675977186,196.48490869027748,188.94082828007734,189.81129455566406,18332315
2020-08-24,190.9719221596833,191.3104450231378,186.13596558558055,186.9580841064453,10628826
2020-08-25,188.98917233717356,189.9563636280663,183.81470778579813,185.02369689941406,13439855
2020-08-26,185.70073280038758,188.60230675039367,184.9753393128861,187.15151977539062,8427317
2020-08-27,187.151522755169,189.23097821584793,186.28105645957515,188.50558471679688,7659778
2020-08-28,188.69901721563528,189.7145562131917,186.66790970418813,187.44166564941406,8153155
2020-08-31,188.60227885999177,190.53666120727374,178.20497374335122,179.1721649169922,17662183
2020-09-01,179.1238229099258,189.03753357450992,178.9303876046894,187.6834716796875,24334797
2020-09-02,187.63510635228377,190.4399551316024,186.23268196262444,189.76292419433594,11183054
2020-09-03,190.68646986001113,190.68646986001113,186.2146062716177,186.65206909179688,11310236
2020-09-04,182.8120782195678,188.59634458413075,179.70121364679022,183.05511474609375,16804686
2020-09-07,183.05512467899422,186.1659894205729,181.40247917569678,182.27740478515625,6839463
2020-09-08,182.95789835167255,182.95789835167255,174.5488402766567,175.22933959960938,9202151
2020-09-09,172.41013442620078,178.6804744466344,166.96610977513237,177.7083282470703,22609497
2020-09-10,179.84704067588189,180.13868749238122,168.52154377763972,171.7296142578125,19154786
2020-09-11,173.72252995644314,174.98632303399913,169.9311655575496,173.67391967773438,15780805
2020-09-14,174.01415439273015,175.47237356361896,169.73671742496535,170.90328979492188,11605907
2020-09-15,172.45873236707828,174.35442935070486,169.63951428101797,171.82684326171875,10726507
2020-09-16,172.1671041493854,179.45820091177427,170.56305396139524,178.68048095703125,14453126
2020-09-17,177.61109644175804,177.61109644175804,170.46583122788618,170.951904296875,18642039
2020-09-18,172.5073414497015,177.12503593253143,171.63241579699067,174.500244140625,28529202
2020-09-21,174.40302318498976,175.6668162178206,158.55705191582413,162.49423217773438,26161690
2020-09-22,163.3205769418735,164.2441129518731,156.32112661111967,158.89730834960938,18465421
2020-09-23,160.89019352793076,162.7858756208707,157.77932870441734,160.84158325195312,17256291
2020-09-24,153.5991054954848,157.7793372826864,150.09937310764755,154.66847229003906,19292629
2020-09-25,157.43908010197822,160.2583130893026,153.2588483164796,157.5363006591797,20236970
2020-09-28,159.38336714114044,164.00106160904224,157.58490556443246,163.02891540527344,12412713
2020-09-29,164.73015959471527,172.36151268731285,163.41777121284272,171.486572265625,36624865
2020-09-30,172.5559507797176,172.750377053278,167.88964604539862,170.36862182617188,15625518
2020-10-01,172.26430039023134,174.25720302900535,168.6673624855366,169.2506561279297,12663078
2020-10-05,170.1255647903683,174.88907467098977,167.98684637118663,174.06275939941406,13647813
2020-10-06,175.56960904454294,177.3194603314545,170.7088780614025,171.97265625,13192286
2020-10-07,171.97265692945058,172.99341340669775,166.04257400685415,168.0354766845703,11851388
2020-10-08,168.03545528361133,171.53517225931213,166.7716624172033,169.39645385742188,11214012
2020-10-09,172.0698699053596,176.3959173401804,164.53573718351475,165.2648468017578,30474092
2020-10-12,169.15345706647264,170.12560337145237,164.97322498830474,167.35498046875,16792391
2020-10-13,165.70231929763716,170.02836698548222,165.0218199142302,168.42433166503906,9712302
2020-10-14,168.18129736673762,170.12558982184444,166.28561518976335,169.34786987304688,10703596
2020-10-15,170.02836943113277,173.2850652301173,166.91750446668775,168.8131866455078,19813786
2020-10-16,169.25065514065915,175.52099500782816,167.54939933300543,174.79188537597656,15546394
2020-10-19,175.95845374929,178.72907621973556,172.75036847660908,177.61109924316406,17095601
2020-10-20,176.73618429787987,178.0485727837377,174.30581876802393,175.7640380859375,10427991
2020-10-21,176.05566904504332,182.27739830708268,175.9584484991038,180.77056884765625,24286914
2020-10-22,179.74982549182027,182.47183780411814,177.02782801329613,179.31236267089844,17453750
2020-10-23,180.43034072431885,181.40248692470036,176.59035136579283,177.17364501953125,9732876
2020-10-26,177.22228009151067,177.80555899308195,164.87602458605303,167.5980224609375,15615702
2020-10-27,168.08408219747866,170.5144478442541,166.28562051912968,169.59091186523438,15437539
2020-10-28,169.59090107152926,172.16709739341263,164.53574381472956,165.7023162841797,14425414
2020-10-29,163.80662124230722,165.75091348257197,160.69575662463808,163.22332763671875,12266096
2020-10-30,163.5149735017151,167.16052143130347,162.25118058603664,165.896728515625,12957793
2020-11-02,166.72306714260387,167.69521330670068,162.9802984773218,165.99395751953125,11083051
2020-11-03,167.64660099555604,175.3751599395023,167.06332220444622,174.74327087402344,22507173
2020-11-04,172.06987436094636,176.1528853620785,169.2506563642482,171.58380126953125,11618409
2020-11-05,173.9169447521384,182.71487060153765,173.13923967925484,182.131591796875,23733769
2020-11-06,180.81917827505202,185.04801982950985,180.23588466968798,182.90928649902344,14037270
2020-11-09,184.56195546602373,190.2976119093479,184.02727210820834,189.27685546875,14673743
2020-11-10,192.53353941213499,195.06111038946807,184.80498083008473,186.9923095703125,23544708
2020-11-11,187.1381335790493,202.44943541733517,186.7492810531735,198.36642456054688,42959437
2020-11-12,199.33858139041803,205.51170086367367,198.56086146321982,202.78970336914062,40805593
2020-11-13,200.2621259178011,205.17146740826908,198.60948027261298,204.68539428710938,15133046
2020-11-14,206.09499131896666,206.58106441170005,201.2828706676606,203.47019958496094,1794824
2020-11-17,204.44234678102893,209.98357709882657,204.2479205097292,207.60182189941406,22284208
2020-11-18,206.53244752722387,214.1151904979937,204.68537576744737,213.24026489257812,16606283
2020-11-19,211.39319594106263,220.9202320156428,206.77550132247384,207.8934783935547,28576299
2020-11-20,208.573950692572,213.87214402088023,206.1921956918212,209.5460968017578,17773062
2020-11-23,210.95571452314098,215.76783499827368,209.54610557257507,211.97647094726562,22567883
2020-11-24,213.87215538362486,220.92021504967613,212.51115669196562,219.7050323486328,18538052
2020-11-25,219.70505009587873,223.59363505332792,215.81646513842955,217.22607421875,18591189
2020-11-26,217.95518359467857,224.8088175393911,214.21242947861174,223.4964141845703,16363181
2020-11-27,223.59361561766514,224.17690924409,214.4068374209983,220.0452880859375,42583153
2020-12-01,224.37135104714528,225.05185043592024,216.30253443625162,222.9131317138672,16869243
2020-12-02,222.9617244791798,230.30141601316345,222.18400459576273,225.39208984375,20100114
2020-12-03,228.06550809395236,236.3773463696091,226.60728877067586,235.25938415527344,28072333
2020-12-04,237.7383459220216,248.8208061904753,236.23151641026325,245.6613311767578,41978766
2020-12-07,245.27248068436776,246.87651592499265,241.5783222862737,244.25172424316406,17202162
2020-12-08,244.83503139432415,245.9529936136036,237.64114046741673,238.8563232421875,14240101
2020-12-09,239.6340354824462,241.14086504148403,233.26647498055954,234.2872314453125,14737004
2020-12-10,233.12064724099608,238.6618772699178,231.3707812229753,235.9398651123047,19673032
2020-12-11,237.4467122397097,241.0922605340758,234.23862677391278,236.86341857910156,12610389
2020-12-14,239.09935283797094,241.23807149256362,237.25228100758946,239.48822021484375,10448747
2020-12-15,238.75911402657024,239.14796657529695,235.84267540979835,237.7383575439453,15446054
2020-12-16,241.09225041017288,245.1266510863499,239.05073751754514,244.44615173339844,19222530
2020-12-17,244.88360855420328,247.80004699589892,237.6411227240803,239.00213623046875,13711470
2020-12-18,239.82846616084913,244.39755036434056,238.3702468511961,242.9393310546875,18866376
2020-12-21,239.1479589514276,242.79350710617499,222.2812168886204,225.82955932617188,16278713
2020-12-22,227.3849814113679,232.58596931279124,220.67717882551145,225.44068908691406,18337596
2020-12-23,224.9060108614132,231.27355608226102,221.16324236480742,229.62091064453125,13095413
2020-12-24,231.2735725343072,237.83555931302834,229.5237212603338,230.35003662109375,14541771
2020-12-28,232.48875534791335,234.43304772743602,231.07914633951415,233.21786499023438,8213627
2020-12-29,235.16215243251014,235.2593729829546,227.77385044570616,229.0376434326172,9405315
2020-12-30,229.8153446914905,232.48874661288963,226.16979661685536,230.78749084472656,8480116
2020-12-31,229.81534649503593,235.16215037979478,228.16270098831964,233.84976196289062,10380624
2021-01-01,232.34294868552914,233.31509491433889,230.98194989870518,231.7110595703125,5091899
2021-01-04,234.19001363650227,250.8137195893028,232.87762516682253,247.21678161621094,24902369
2021-01-05,244.105921234978,245.7099565609165,240.12011580829426,243.3282012939453,12297457
2021-01-06,243.7656411577949,252.75799282562983,240.84920277903763,251.83444213867188,18029077
2021-01-07,254.16762004031702,267.72904088586915,253.73014241052195,265.2986755371094,32739259
2021-01-08,266.31948589851936,266.80555903966103,257.7645808138966,260.7296447753906,20606695
2021-01-11,260.1463051902267,261.8961563226934,250.8136965927996,257.32708740234375,13163440
2021-01-12,253.1954827803099,262.9655399579392,253.1954827803099,256.9868469238281,13136084
2021-01-13,258.1048360747643,260.9240543394344,251.64006927796473,255.33421325683594,13300126
2021-01-14,255.38281111937306,257.71595599745734,252.320526945119,254.11900329589844,7601547
2021-01-15,254.70228624656443,255.96606434947194,244.1058993553119,246.29322814941406,17738049
2021-01-18,245.27249675686997,247.16817893831458,233.89838883442803,236.37734985351562,17989695
2021-01-19,239.63402448479067,245.61271733660183,236.5717700648431,244.54336547851562,10254337
2021-01-20,244.59199086283795,246.5848787140427,241.67555225080304,245.07806396484375,11090894
2021-01-21,245.80718312489935,247.4598287688835,239.58543827832307,241.96719360351562,8781513
2021-01-22,240.36314867476585,242.84212445899547,228.98904106722432,232.53736877441406,16005359
2021-01-25,233.99558777665305,237.10645265526142,227.0933586450179,233.6067352294922,8297942
2021-01-27,233.315067625979,233.3636778984889,223.35056994611946,224.95460510253906,14139166
2021-01-28,218.73289465120328,225.6351385937063,218.29543182865564,222.6700897216797,13756664
2021-01-29,223.69083186821786,227.77384267341364,218.73288064019758,219.99667358398438,14992241
2021-02-01,221.01742468480535,237.15504125747574,220.23970482778898,234.4330291748047,12417894
2021-02-02,237.39809473705904,250.23042137591588,237.10644791563135,248.23753356933594,18251184
2021-02-03,246.9251197688897,256.0632875591111,245.5155108314518,250.0845947265625,15670948
2021-02-04,252.70938589713612,259.9518564079172,251.7372398150814,254.55645751953125,21296401
2021-02-05,256.64656648406975,258.5908586544036,248.77217726070876,254.75086975097656,12833374
2021-02-08,256.64660810180123,272.73561655328473,256.20913042551723,271.1802062988281,27556901
2021-02-09,270.7913404848583,277.93662173621556,267.97212214329954,270.3052673339844,22066741
2021-02-10,273.1730851338869,275.4576346619325,267.0485758751285,271.6176452636719,16789592
2021-02-11,272.9786268402842,289.0676634107757,272.0551057990314,287.1719665527344,47356292
2021-02-12,288.7274220810009,288.9704586315741,278.51988695692506,282.7001037597656,15454237
2021-02-15,284.35275294428135,287.8038599591506,280.9502413705891,283.28338623046875,8041775
2021-02-16,285.37351498693596,298.78915081023666,284.8388464255116,294.2686767578125,27519511
2021-02-17,294.2686839908333,299.90712041690284,292.616023486184,295.43524169921875,18221106
2021-02-18,297.52532817650535,303.89290349144335,296.50458654884784,301.2680969238281,16202053
2021-02-19,299.4210205078125,304.62200845338936,293.831180027553,299.4210205078125,17410357
2021-02-22,301.3653125879456,318.8639436414392,301.3653125879456,307.29541015625,45975603
2021-02-23,312.9824856638679,328.73123654018,307.83009292585405,323.7732849121094,50677230
2021-02-24,324.8912713315492,328.0993419188478,318.8639530352062,323.5302429199219,14777374
2021-02-25,328.19657985470434,344.72306610073605,327.61328617133455,340.93170166015625,35967464
2021-02-26,333.4461375733319,339.9109036948157,325.42593164044564,330.7727355957031,20379210
2021-03-01,332.47395970846094,337.3346901135554,325.2800846424299,334.5154724121094,14556212
2021-03-02,334.6613072333864,339.5706333519269,329.31450348673826,335.6334533691406,12878208
2021-03-03,340.93167040373237,351.23639597248723,340.73722930458564,349.3407287597656,20104887
2021-03-04,342.1954525709956,347.73669761885145,337.33472171061214,339.71649169921875,13623173
2021-03-05,335.6334506071855,337.9179999409173,323.87047652784895,328.4395751953125,15127687
2021-03-08,330.57828212514414,334.3210506872956,325.37732402457385,327.2243957519531,10555735
2021-03-09,330.4811036334906,334.80713630615213,319.3014226353602,323.96771240234375,13883599
2021-03-10,326.44671170541676,332.814287693557,321.2457527976686,330.8699951171875,10886045
2021-03-12,332.0364895626502,335.39040548451317,318.3292532464493,321.0026550292969,15035151
2021-03-15,322.65533892153525,326.54392397552795,315.94753563690773,324.5024108886719,14049436
2021-03-16,326.6411223230284,327.3702319710709,317.2112923413267,324.599609375,13294567
2021-03-17,323.6760773760306,324.25934134076317,315.94750350031205,317.3085021972656,11028678
2021-03-18,320.1763650189094,331.01578949014305,320.1763650189094,322.55810546875,23744146
2021-03-19,320.8082531696707,330.23808338743487,311.67008461895335,325.7662048339844,16753538
2021-03-22,325.76620808625876,333.10590026654836,321.8776231605321,330.28668212890625,8470164
2021-03-23,332.37674898357466,332.91144714445375,321.09984817718424,322.46087646484375,13880498
2021-03-24,319.15560630626277,319.15560630626277,307.9759242806985,308.89947509765625,20388678
2021-03-25,310.16323268413544,310.9895628861561,296.8934430115542,305.25390625,20856373
2021-03-26,309.2397167986911,319.35003149705165,309.2397167986911,318.0376281738281,13857627
2021-03-30,321.34292519793206,323.6274747771917,315.89893003146045,317.2113037109375,9159261
2021-03-31,314.1004236559819,326.64110292401995,311.961690281723,317.7459716796875,10387652
2021-04-01,320.5652335777528,342.19548815578156,319.3014552896519,340.4942321777344,25631843
2021-04-05,340.15394699587785,343.0703855748666,328.585413232732,340.883056640625,14771653
2021-04-06,342.87598869508287,348.31998387297233,338.7929626441171,340.68865966796875,11185963
2021-04-07,340.6399813118423,350.65310376027713,339.2789827301014,342.3898620605469,12542475
2021-04-08,345.9867943787531,363.58264489122223,344.77161174208453,355.02777099609375,28768469
2021-04-09,356.7776595091864,359.69409814277645,344.82027297848623,350.9933776855469,16371164
2021-04-12,342.29269026575656,344.1397621517052,322.3636927400222,326.8355712890625,16096812
2021-04-13,326.835568581315,340.54280644653767,326.835568581315,338.9873962402344,12942071
2021-04-15,344.139748156386,356.58320740914615,340.00812688614695,343.7022705078125,21825520
2021-04-16,346.8131841504896,366.0130731118692,342.8760035975811,359.6941223144531,28438547
2021-04-19,348.7088413185931,355.80549645741917,343.99392648394036,351.3336181640625,15435944
2021-04-20,358.33308074569266,361.1522986780416,344.67440938816213,349.3407287597656,15526407
2021-04-22,350.7503383282943,355.41665790525724,344.8202702214472,345.938232421875,12756931
2021-04-23,344.18835966524074,352.54882314762045,335.68208018237874,339.7651062011719,12805877
2021-04-26,343.1675680894157,348.2713350369212,335.87647245012215,338.6470947265625,16472269
2021-04-27,340.34836875814113,359.6940709657636,340.34836875814113,356.04852294921875,41263319
2021-04-28,358.5761272966807,358.6247227390508,348.028335225743,352.5002136230469,15197329
2021-04-29,357.1664855273501,366.79072636973234,354.4444882052274,361.7841796875,34391622
2021-04-30,358.624718832519,366.4991088012814,351.23640195235254,354.25006103515625,19935239
2021-05-03,354.2500484033689,362.804952258135,347.68806194131093,359.6454772949219,15890242
2021-05-04,361.63836142611666,373.74159264731543,349.68097585888427,352.4515686035156,29767756
2021-05-05,356.77765737563965,363.29104881872627,354.1528507540859,356.8748779296875,15192338
2021-05-06,359.6940857022443,377.77601053862327,357.5553522445635,375.1998291015625,31912131
2021-05-07,379.1370274235929,393.6706253418499,374.51933285881836,389.9278564453125,46343220
2021-05-10,396.4411703556452,415.5924605203249,395.3718333725527,413.8912048339844,39516234
2021-05-11,403.294858435574,408.884699105423,397.46198121486196,401.30194091796875,27497466
2021-05-12,404.41282111755254,406.01685642164864,382.73397262177974,387.69189453125,18242276
2021-05-14,391.7749072633911,392.40679634159693,357.8956072402312,372.1375427246094,41384078
2021-05-17,373.7901753671468,384.3379664833177,366.74211614370904,382.00482177734375,20821967
2021-05-18,389.8305967063026,401.3019091313901,385.45593913727924,390.89996337890625,30540086
2021-05-19,388.8584579095768,395.1288124103871,383.2200221369064,392.0665283203125,16113667
2021-05-20,379.13699270667934,382.24787220616264,368.88086284791433,374.470703125,30689219
2021-05-21,377.8732288629772,380.9840788123516,372.67224091009973,378.94256591796875,22406993
2021-05-24,381.95621398496115,382.73394870056825,368.88086615071285,378.45648193359375,23694105
2021-05-25,383.0255862425015,388.3723901113689,378.6995239724902,380.3035888671875,18155697
2021-05-26,378.4079013133612,378.65093785884187,369.65858567605807,370.3876953125,15340621
2021-05-27,371.40842690559356,377.63018603589995,369.41553915349454,375.10260009765625,17374666
2021-05-28,382.05344389393434,387.74050490830757,374.08183345202957,376.9496765136719,14862168
2021-05-31,380.64383958602775,384.38660845682307,377.1927323810043,383.2686462402344,13703439
2021-06-01,384.96992452949814,385.74762968172973,375.73453492588646,383.7061462402344,11399189
2021-06-02,378.164873593096,391.4832884632653,378.164873593096,387.69189453125,9587386
2021-06-03,391.77492377103687,394.20528930311525,386.91419270688004,388.0807800292969,12441261
2021-06-04,388.85846100555597,388.85846100555597,381.37292376418054,384.04632568359375,10040657
2021-06-07,385.1156732680276,390.21944031537856,383.2686016034476,383.9977111816406,6176784
2021-06-08,383.99773622927245,384.483809313107,370.48491043218206,376.9496765136719,17334691
2021-06-09,377.1927287637597,380.0605719448332,371.65148351026266,372.4778137207031,11807015
2021-06-10,375.3942402478539,379.08841352032084,373.5471684453938,374.6651306152344,5796380
2021-06-11,377.5815852483035,383.99775622249274,372.47781760230833,382.19927978515625,9630564
2021-06-14,382.00483706884944,386.42809013291225,370.7279359264301,383.80328369140625,11601461
2021-06-15,380.10916438523344,385.31015249127745,379.1370181847597,379.9633483886719,7929361
2021-06-16,376.5121877485204,380.44939741179746,366.49909438434827,369.6585693359375,17978012
2021-06-17,365.52698340703284,369.7072003396151,354.88197029451607,358.9649963378906,14321673
2021-06-18,358.47888386613295,362.95076197803985,349.77816417375374,361.0064697265625,22723111
2021-06-21,356.6804476825534,359.6455114997874,350.3614971551497,357.3609619140625,13172227
2021-06-22,360.6662022813582,361.4925323979915,356.04850831683945,357.3122863769531,9787216
2021-06-23,357.7984207846824,366.4991417190375,357.11793620005744,357.8470458984375,14295574
2021-06-24,358.7219123743181,362.07582830012024,355.90269460624023,358.7705078125,9066954
2021-06-25,361.2009066560796,369.7558109671807,361.2009066560796,365.42974853515625,12815999
2021-06-28,368.34619803248245,374.22770048329977,363.8257240281672,371.6514892578125,14518487
2021-06-29,372.72084587753443,372.818066430713,362.3188993734772,363.8257141113281,9106037
2021-06-30,366.0616699801019,368.8322928124681,360.6176745444596,361.68701171875,10110801
2021-07-01,361.93000124653145,370.19324355505995,361.63836926736656,368.8322448730469,8232292
2021-07-02,367.47125845390906,369.9988444720221,363.7771148126611,365.5755615234375,5070326
2021-07-05,368.44336413633334,380.109117090518,366.98514501706023,378.6994934082031,12836172
2021-07-06,378.55375773871714,380.109197729432,373.3041737291609,374.6165771484375,6153733
2021-07-07,372.2347916259832,383.9977671350215,369.61001456255167,382.68536376953125,10577866
2021-07-08,381.56736717425474,381.95621970410775,370.5821274512884,372.42919921875,12333337
2021-07-09,372.3319592011929,380.49798057131324,371.4570336378844,379.1855773925781,7375406
2021-07-12,382.05346347984624,382.05346347984624,375.83173362131765,377.5329895019531,5679273
2021-07-13,379.62305461623396,383.9491166574958,379.13698156294816,381.3243103027344,5467940
2021-07-14,381.3243214465293,383.4144297032306,380.10913877780234,380.74102783203125,3341557
2021-07-15,380.8868625264496,391.67769108825786,379.13701126455504,390.2680969238281,10347950
2021-07-16,391.77489587146465,394.6913343022696,388.22656838082776,394.20526123046875,9287112
2021-07-19,386.91417422488274,393.6706019483409,385.1643229923919,385.8934326171875,5708367
2021-07-20,385.4073792047964,385.4073792047964,370.58214941062033,372.3320007324219,9214553
2021-07-22,379.3314497498263,384.19218062992377,378.1648624715841,382.5395202636719,7381389
2021-07-23,383.1228369380292,385.50457741195083,379.9147365637499,380.8382873535156,5217004
2021-07-26,382.05342517773124,391.2402178791757,379.33142790862297,388.90704345703125,7083799
2021-07-27,392.7470621118807,408.00976921443566,392.309584457856,405.7252197265625,28240273
2021-07-28,407.3292130569788,407.7180655607558,396.1981284226522,404.70440673828125,12775129
2021-07-29,408.7874764481377,460.7972980652016,405.19052364685444,445.3401794433594,61414603
2021-07-30,445.34017615820477,446.8469908876676,429.8344325402932,432.4106140136719,12987115
2021-08-02,435.52148490954323,439.65310613915386,430.36912206669456,433.38275146484375,7683565
2021-08-03,435.2784527125082,438.292111808293,427.9387609101146,436.2991943359375,8879300
2021-08-04,433.57721126284036,442.8126002919816,428.7164801948713,430.369140625,8621637
2021-08-05,432.6050674882009,433.2855817085724,420.8420923038885,430.75799560546875,11790679
2021-08-06,432.3134327823174,443.15285712361236,427.0638194981495,429.8344421386719,18059875
2021-08-09,429.64004018019847,432.6050743282377,416.8562934632015,422.59197998046875,13778833
2021-08-10,424.34181512788365,427.5498857120033,411.46087801346334,415.0578308105469,10417993
2021-08-11,417.3423297373836,432.118963063491,417.0992932002275,424.48760986328125,19239106
2021-08-12,427.6689551603209,434.91259833293225,424.6834090149947,428.0115661621094,8349354
2021-08-13,428.15839744346647,440.1006419524809,426.298547527548,432.71014404296875,13343808
2021-08-16,433.248550691946,437.5555795044567,426.98377879440415,432.41650390625,8288547
2021-08-17,430.801386206451,434.47215461333485,419.93590574751676,427.3753356933594,8413999
2021-08-18,429.52883396967724,430.3608807806777,415.43308930332677,417.9292297363281,12169397
2021-08-20,407.2105599516376,407.2105599516376,392.6253800048506,395.1214904785156,23309477
2021-08-23,402.3161864826896,406.96582610748953,391.059164233174,398.2538757324219,15943020
2021-08-24,406.23166470793876,414.79679016864833,403.83341762982536,411.95806884765625,15050015
2021-08-25,414.7478749463792,425.7601795456693,414.7478749463792,421.5999755859375,17974391
2021-08-26,422.3830473380807,423.1661325798592,411.9091104607678,415.139404296875,7695674
2021-08-27,417.97813369152516,429.72459178121676,417.97813369152516,428.6478271484375,15558923
2021-08-30,431.6334101069038,442.9393642508205,431.339730726269,438.5833740234375,11735730
2021-08-31,438.53443781380224,461.1953073646677,435.40203702315995,458.405517578125,20847646
2021-09-01,463.9851022791854,463.9851022791854,445.43547495414066,448.4210510253906,10038500
2021-09-02,450.32985763307073,455.17528389461324,446.0717901658369,447.2953796386719,5360608
2021-09-03,447.5889881818311,454.68580647448994,440.4921698891722,451.55340576171875,8516918
2021-09-06,457.08408709643254,464.9639912088564,451.94501140412416,459.3354797363281,12183840
2021-09-07,460.06964120753764,462.41892701786924,451.1619038819401,452.5323181152344,5684070
2021-09-08,455.02842694299005,456.0072984520111,445.58232285549457,446.6590576171875,6689343
2021-09-09,448.5678826856997,456.7903976376229,446.3654217232495,453.7558898925781,6926659
2021-09-13,465.9428709158457,470.34779301484,458.6502657139502,468.24322509765625,16632808
2021-09-14,472.89283639669054,473.2354474026034,463.20201434148385,467.8516540527344,15253798
2021-09-15,468.0964071635485,477.2977941522185,464.32774556043427,476.5146789550781,12415050
2021-09-16,472.7949125244826,477.68926979699273,470.2988022646168,473.08856201171875,8011765
2021-09-17,473.7738312260796,475.19320692576923,460.16752262616944,463.05517578125,12113274
2021-09-20,452.2386427945587,454.1963858369594,433.0527550044743,435.010498046875,18031539
2021-09-21,435.59780992055414,442.8904144177771,429.5287947770407,441.4710388183594,18750888
2021-09-22,443.3309206313918,454.5879434972969,442.6457284675754,453.217529296875,13613171
2021-09-23,463.49567531342956,474.5569117931245,458.11188183038024,473.0396728515625,12757667
2021-09-24,470.8371960034881,475.38894254746737,463.5935528087612,468.6347351074219,9226843
2021-09-27,464.86606456390285,479.5980984100932,462.32099271568785,471.2287292480469,6825039
2021-09-28,470.7393210711906,476.61255035435653,465.01291654554603,468.04742431640625,6148679
2021-09-29,464.9639671481031,486.40124723784754,463.3977667578888,483.7093505859375,9508220
2021-09-30,484.78613116673023,493.35125715907526,475.34002676115887,477.640380859375,14333358
2021-10-01,472.8928047272146,475.73152596520697,463.4467011841499,474.11639404296875,8072310
2021-10-04,475.7315690307359,498.68611862135504,470.83721132465837,495.0153503417969,10303925
2021-10-05,485.5202745041741,495.50477596930256,483.75831771516937,484.8350524902344,8162109
2021-10-06,487.47800627806674,487.9674420273419,463.9850903128587,465.8449401855469,11231113
2021-10-07,474.7526999268856,475.340028829188,463.0062413719936,467.4111633300781,9774465
2021-10-08,470.7882665472248,480.38119543408317,462.66361505839075,463.6424865722656,7086881
2021-10-11,468.39004601111776,479.6470690604968,466.18758497971754,477.19989013671875,5565678
2021-10-12,482.3878536765984,488.9463045455433,477.1509151537695,488.1142578125,8685800
2021-10-13,489.3868382542653,501.18222835930936,484.54141218331665,497.315673828125,8901206
2021-10-14,500.594878519863,512.2923750070398,497.6093323975897,505.195556640625,8876529
2021-10-18,524.1367997153226,540.1902577877912,515.3758871209408,531.3314819335938,23481789
2021-10-19,536.127925444431,536.127925444431,514.9353338500655,522.47265625,11017925
2021-10-20,519.7808024656322,519.7808024656322,499.7139353271285,502.1121826171875,9440844
2021-10-21,505.293519403131,509.7963047538113,481.2132726626513,483.3178405761719,14173662
2021-10-22,478.6681553864611,481.6047698366848,454.6858040429676,460.5101013183594,19392383
2021-10-25,463.5445955513026,467.90058575694167,449.644637914832,463.2509460449219,9196105
2021-10-26,465.0129004149213,477.68929846047746,462.5657216318246,475.7804870605469,8120433
2021-10-27,472.79495672940095,477.39566494482744,465.6002448915697,469.7115173339844,8972879
2021-10-28,446.21859018413215,467.0685416959447,443.8693045011205,458.89495849609375,12659503
2021-10-29,459.53124760376244,464.1808873297387,447.001674207985,450.0851135253906,8306338
2021-11-01,454.00061163960993,470.93510732974505,453.56013736704585,468.04742431640625,7466267
2021-11-02,469.8583336737568,470.8372052022438,457.2798285581413,458.50341796875,5953912
2021-11-03,461.0484640591226,470.2988114336273,459.9227678390557,468.1942138671875,6928590
2021-11-04,471.8160713468164,471.8160713468164,460.06961313901184,462.61468505859375,1615558
2021-11-08,469.85834204970297,471.277717740427,449.4978258433314,459.87384033203125,13018619
2021-11-09,460.7548442722355,466.13863772406717,452.53229946575266,454.7837219238281,8628327
2021-11-10,453.8538066836787,454.1964177147026,439.02390807121577,440.24749755859375,14672997
2021-11-11,439.56223983128416,446.65905828225374,437.1640225542844,444.3587341308594,7789754
2021-11-12,450.770334262419,460.5590494472707,449.2530953578822,458.6502380371094,17010073
2021-11-15,463.5935865326314,463.5935865326314,445.5333939219942,446.2675476074219,8882843
2021-11-16,447.3443106667495,450.18303226535033,433.68904021916273,436.1851806640625,8937525
2021-11-17,432.6612226065506,439.70910967504886,430.21404374565384,435.9893798828125,7474301
2021-11-18,438.6323473583494,444.40768352653737,427.08164514918457,430.99713134765625,9688141
2021-11-22,433.2485485746885,438.2407993916789,423.7534827095738,432.80804443359375,10007050
2021-11-23,429.96930297433175,443.82032861522515,427.81577374224923,440.6879577636719,9020906
2021-11-24,444.30980847438434,447.2464232427184,434.814771980445,442.5478515625,7761523
2021-11-25,441.96048231222835,449.10623231411944,434.2763350615889,437.6044921875,8633424
2021-11-26,432.4654242810023,433.34643254457245,405.9380300673355,408.1894226074219,14826141
2021-11-29,405.2528038728961,424.3407982582137,398.498596449572,411.2728576660156,19069247
2021-11-30,410.0982204767058,420.91473843385637,401.33730873925845,404.0292053222656,14850682
2021-12-01,410.6366154705378,417.0971736789586,407.3084581731055,415.9225158691406,8183556
2021-12-02,418.9570186650195,424.73235477018983,412.1049178924608,422.97039794921875,7775405
2021-12-03,418.76123480086835,424.63446406804906,415.04153488076946,415.67779541015625,5938378
2021-12-06,415.97145311682385,423.3619209437207,409.36407053562124,412.447509765625,8160853
2021-12-07,418.3696987532185,435.0105152725732,416.21619924497554,433.1506652832031,18303734
2021-12-08,436.5766991542605,448.7636615618299,430.80136314449044,447.7847900390625,13700443
2021-12-09,447.7848139070096,449.00840337568894,442.64573813855634,446.0228271484375,5586232
2021-12-10,445.77808554290357,451.210840418535,443.86930399696945,445.48443603515625,5308752
2021-12-13,450.2808962424986,459.58017562141976,447.7847858320086,448.56787109375,9401208
2021-12-14,445.288662849645,454.5879425898734,445.0929064629978,451.94500732421875,8027659
2021-12-15,451.84710395499116,454.04956489618695,446.4143490430352,448.665771484375,3651118
2021-12-16,454.1963941974195,454.1963941974195,439.0728169673771,440.98162841796875,8879417
2021-12-17,440.00274705662815,447.34428343688336,435.3531073491332,440.6390075683594,14337902
2021-12-20,435.4020278032185,435.8425319238454,417.6844776917423,423.9492492675781,5952052
2021-12-21,428.7457253126193,440.198534033784,428.10946479984085,436.038330078125,5029410
2021-12-22,441.32425546179877,454.8326712445758,437.8982049500868,453.5601501464844,7765878
2021-12-23,455.22417384412853,458.5523608037431,449.59566278443356,451.55340576171875,6986665
2021-12-24,454.1964136358845,454.58795629377124,443.2820014810457,449.20416259765625,3122116
2021-12-27,447.2464116134885,448.910505221391,441.56896849144937,443.2330322265625,6146709
2021-12-28,446.95276224511593,449.4488727850276,443.23303237700924,448.4700012207031,2889804
2021-12-29,447.3442708646851,447.98053135853473,440.98160618061405,444.6523742675781,3050356
2021-12-30,444.4076636755842,446.365406687371,438.9259772680239,440.1495666503906,3843627
2021-12-31,445.8759581544344,467.2643059197149,445.8759581544344,465.5023193359375,18257598
2022-01-03,465.5023450957692,469.8094037348211,462.12525623402576,467.94952392578125,5549693
2022-01-04,468.8794624265545,471.32664124924,462.0273617230349,466.0407409667969,5063834
2022-01-05,463.2020118118551,469.27099726761804,462.02735404736524,465.30657958984375,4489031
2022-01-06,464.4745409448627,475.43791402903065,463.49566941494726,468.97735595703125,12132277
2022-01-07,470.9350888648758,484.78611474003355,469.9072558569487,483.0730895996094,9300149
2022-01-10,486.4991273483258,486.7927768442905,479.6959585882032,482.4857482910156,4746931
2022-01-11,481.50691343048646,486.6949506118277,475.43792769424687,476.0741882324219,5346073
2022-01-12,483.5625227602476,490.2677985342134,480.6259082495578,487.4290771484375,9296587
2022-01-13,491.5892757508775,498.24558995439503,488.60369977345096,496.77728271484375,9366574
2022-01-14,495.30900031382447,498.7350507112521,492.37238568745795,495.651611328125,5461072
2022-01-17,498.24561706788785,498.24561706788785,485.5202869659575,495.26007080078125,6721706
2022-01-18,498.0498069142923,501.5247887878288,483.3667344242154,485.520263671875,6194537
2022-01-19,484.7371955514061,495.55371405222064,479.94070113691674,494.13433837890625,5799747
2022-01-20,493.20442014768736,497.26673097141986,487.57590892114075,492.763916015625,4243563
2022-01-21,490.4146523278822,504.90193948945046,488.7016270952,495.9942321777344,14173177
2022-01-24,488.40797310439734,489.92521206176673,465.45342324749265,468.2921447753906,11020372
2022-01-25,465.50237521971707,476.22103113791894,464.62139675845987,475.48687744140625,5498495
2022-01-27,472.40340587549645,482.43683904786405,468.34109500465644,478.81500244140625,6746500
2022-01-28,482.6325897143744,495.89631669907607,478.1298046324769,479.9896545410156,6616401
2022-01-31,488.3589924398138,489.19103920140725,477.8361236625949,478.71710205078125,4846015
2022-02-01,482.38789472896644,501.81853111925193,477.3956736514305,500.203369140625,9809417
2022-02-02,504.1188370911806,507.4470241857414,496.9241253833798,503.0910339355469,7283452
2022-02-03,502.16109309893807,505.58714344171835,498.24560699290345,501.8185119628906,5078613
2022-02-04,502.16106992770153,517.33357788848,501.23113007131326,514.0543823242188,12631663
2022-02-07,516.6972721455343,521.983201885643,508.4747877943976,511.5581970214844,10939353
2022-02-08,514.8864703199166,521.8364348993862,503.18894255269566,515.6695556640625,9863290
2022-02-09,524.675162067308,532.8977071621168,520.8575390420939,530.842041015625,9235351
2022-02-10,536.127943097667,541.8053859607876,529.5694919688999,535.6874389648438,10906403
2022-02-11,536.1768707297463,542.1479630550696,528.1011807552682,531.2335815429688,9110193
2022-02-14,519.7807522341502,522.6684350290101,508.71951653685073,510.23675537109375,4995178
2022-02-15,515.3270031575846,525.0177968533312,502.84638935207994,522.5706176757812,8233217
2022-02-16,525.5071055628415,526.632831610423,515.0821606357398,518.1166381835938,4348474
2022-02-17,522.5216241117231,529.3247933681126,517.1378305592041,521.2980346679688,5340469
2022-02-18,519.7807833982523,526.4370978655364,516.844168802782,518.4103393554688,3344269
2022-02-21,517.3336006104946,517.8230363726616,500.3991351886325,501.1822204589844,6308263
2022-02-22,491.2956366451011,508.2790644157362,490.9530256199019,505.29351806640625,10664925
2022-02-23,508.81742696071893,512.1945458052539,504.75514581792424,507.7406921386719,8928934
2022-02-24,494.4279749783913,516.256826219793,494.4279749783913,506.71282958984375,24819208
2022-02-25,513.9075267696136,535.3448360702328,512.047647060218,522.6195068359375,13815949
2022-02-28,525.6539761412378,567.7943807151778,520.5638325795824,561.6275024414062,35212827
2022-03-02,563.0958429473117,601.2718322996718,563.0958429473117,587.4207763671875,41248362
2022-03-03,600.9292667351066,600.9292667351066,584.2884504324077,593.4898071289062,18676314
2022-03-04,594.9581276139716,604.9426295656269,568.3328089914172,571.4652099609375,20490598
2022-03-07,574.3529364680898,609.8370335229995,574.3529364680898,606.6557006835938,20963374
2022-03-08,604.9426259197303,604.9426259197303,574.9401886162565,577.4852905273438,19477245
2022-03-09,578.8067599174387,586.2951514882216,572.7377441029876,575.6254272460938,15686460
2022-03-10,561.3828260141339,583.8968713468715,557.7609893810562,581.25390625,14824703
2022-03-11,582.4285642056509,590.2595364974916,573.3740024932101,576.6531982421875,7635725
2022-03-14,573.5208263183955,581.0091573229273,566.0324355682897,578.3172607421875,7904911
2022-03-15,567.7454883597588,569.6053681681336,544.2036399725773,547.92333984375,13005715
2022-03-16,556.684245365367,563.242696498391,551.3983152592101,560.5997314453125,10485661
2022-03-17,562.9001337818453,572.0526196119531,561.7254758456365,564.6131591796875,11581454
2022-03-21,571.6609927785154,588.2528777200898,570.2416170630831,577.4852905273438,14159371
2022-03-22,587.1271261762843,590.1126723653525,574.7933689134943,580.9113159179688,7490300
2022-03-23,588.3018162083972,598.8736172626934,584.8757656980322,595.5944213867188,13581577
2022-03-24,597.3074029094352,612.9693469529702,597.1116166597759,608.8091430664062,12139664
2022-03-25,607.928172981817,617.6190253653818,603.621173946794,609.5433349609375,11087146
2022-03-28,608.3686327243926,621.3876116284305,603.9637110071604,616.8848266601562,7075442
2022-03-29,616.6890877975222,622.5623172051177,611.305294173893,617.9616088867188,5245788
2022-03-30,608.8580963116061,608.8580963116061,586.1971963207487,587.1271362304688,11195965
2022-03-31,587.3228640803336,587.6165135632596,556.1458326102978,557.46728515625,23497993
2022-04-01,557.8588680154028,564.8088314715025,549.5873922431788,558.4461669921875,15300787
2022-04-04,559.9145270944149,577.1916338654021,557.0268440702495,575.0870361328125,15845385
2022-04-05,578.4641538271285,578.4641538271285,569.7521731428506,574.4507446289062,7065571
2022-04-06,570.6331486626145,576.9958133656555,563.8789114642335,568.9690551757812,9648592
2022-04-07,569.1159035308484,572.5419537178352,556.9778732558653,562.6063842773438,9357569
2022-04-08,567.1581719630667,572.1993243492976,566.0813774638899,569.45849609375,7157576
2022-04-11,571.0736998106986,575.0381177337896,562.410650538899,564.172607421875,8297062
2022-04-12,558.5440498449816,558.7398360926395,527.2201620780997,530.8909301757812,16701775
2022-04-13,535.4427159243542,540.2392102211754,532.0655972660269,535.197998046875,7396320
2022-04-18,533.4360629110951,543.9100004410772,526.0455946606273,533.8275756835938,7550655
2022-04-19,540.3370291881906,544.4483011419975,526.2412567024444,529.3736572265625,8143101
2022-04-20,533.4359926944821,537.4004099994625,525.2623804837602,533.4849243164062,4725779
2022-04-21,533.4849667670494,535.7852908906591,520.2212699093873,528.8353271484375,8575442
2022-04-22,517.8230220348596,518.6550389092755,502.45472757922806,503.28680419921875,23871439
2022-04-25,492.0297788829833,497.75618342795116,481.8495207323677,485.0308532714844,10749312
2022-04-26,487.4780234480379,490.3167449192619,479.4023333005553,483.024169921875,11623406
2022-04-27,478.6681734320889,487.08647448132126,466.38334780130083,481.8984375,17623544
2022-04-28,491.3934831917539,491.3934831917539,469.85831062159735,478.276611328125,25042778
2022-04-29,482.58368888699204,487.28226052135994,469.12420466347044,472.4523620605469,12462169
2022-05-02,467.7537780266426,475.73157521672744,459.58019457665335,474.1653747558594,14625673
2022-05-04,472.794939324126,472.794939324126,449.3020230844179,451.8960266113281,10366562
2022-05-05,460.0696218603703,465.8449579474641,450.4766927579291,451.84710693359375,6328868
2022-05-06,440.49218406139966,444.6523880219795,429.72459733989876,434.3742370605469,8595262
2022-05-09,424.68342460157737,439.0728183497197,420.42532741801296,434.71685791015625,10773327
2022-05-10,425.80911081733433,432.95486095779734,411.41968753715054,414.0626525878906,9661841
2022-05-11,414.06266601223535,420.81687373858637,405.203890426101,413.6221618652344,14197501
2022-05-12,407.21053338800454,413.08376223494696,386.2626898084674,397.2749938964844,23831422
2022-05-13,402.3161997844264,405.69331852005337,376.8166083165483,379.8021545410156,17007818
2022-05-16,387.4373530401705,392.33171085964096,376.86555209922994,382.6898498535156,13900633
2022-05-17,390.5697253653009,428.0604915652863,389.6397854986496,419.3485412597656,37772554
2022-05-18,425.31969429938505,429.1372874221059,414.5521071019323,426.8858947753906,18052317
2022-05-19,413.1816733189048,416.9503346340825,405.05702180376534,408.1894226074219,10319381
2022-05-20,422.8725044448201,425.80911905902025,412.15384915387415,420.0337829589844,9703961
2022-05-23,409.16830937637553,411.81127452002755,390.9123608775616,404.4207763671875,15828786
2022-05-24,405.64435428089456,406.7211189337365,391.54861028518553,392.3316955566406,12840838
2022-05-25,396.4429765777111,396.4919082059508,381.4662538561131,388.4651794433594,11103850
2022-05-26,397.9112750346461,401.826761135848,384.304966807527,399.2327575683594,13391224
2022-05-27,414.16058085816206,417.9292425011245,397.519763621052,400.50531005859375,20350558
2022-05-30,401.33731945017246,410.63659880328623,397.0302907769721,407.9447021484375,7161082
2022-05-31,406.1338004757411,419.4464595419453,403.2950789528155,413.6221618652344,39115757
2022-06-01,412.1048976830644,413.08376917399806,397.61761156636135,401.97357177734375,12551513
2022-06-02,399.37959095425913,405.64436287702307,397.81339050537093,401.23944091796875,7202046
2022-06-03,405.25282464850955,408.0915461896055,396.7366301524324,398.156005859375,12229014
2022-06-06,394.0937130134117,402.02257896565163,387.5842228334532,400.50531005859375,8810058
2022-06-07,399.3306498034744,404.2739390460849,393.70213854556886,395.6598815917969,7636671
2022-06-08,393.50636308521143,398.40072083502747,392.6253846648023,394.97467041015625,6911005
2022-06-09,390.56974039560856,393.80000449487795,385.088053854095,391.30389404296875,8798828
2022-06-10,381.759905020911,383.52186186419954,374.6630862737274,377.5997009277344,14541630
2022-06-13,369.8176571325856,369.8176571325856,352.88319138155975,358.7074890136719,12269608
2022-06-14,356.16239949733546,361.7909105946447,349.799734778638,350.7296447753906,11273145
2022-06-15,352.3937424879808,355.2324638834653,348.52718808656704,349.9465637207031,8393144
2022-06-16,352.78528384482036,356.0645093557123,325.2789886251893,328.99871826171875,16614475
2022-06-17,325.9642225535228,335.31243380376515,318.9652970228022,326.6494445800781,18606308
2022-06-20,324.00649440640797,327.5304380844798,302.4223879215019,314.70721435546875,20646347
2022-06-21,320.67830642476935,336.2423571570445,318.7205634427778,332.0821533203125,15208306
2022-06-22,326.9430998837545,326.9430998837545,308.7850444590868,309.763916015625,19176515
2022-06-23,310.30228900088275,320.7272652908655,304.52695268804257,310.8896179199219,18756690
2022-06-24,314.9029659049713,318.08429820325085,309.91071540080605,315.4902648925781,11621311
2022-06-27,324.4959071115065,330.85857195683013,319.4547247855384,322.9786682128906,15014176
2022-06-28,321.5103546014359,337.95538377443694,318.4268854928093,336.2912902832031,15742835
2022-06-29,332.27795331741135,338.29800726158993,327.97089468057254,336.8786315917969,12659696
2022-06-30,337.71068281065953,342.5071474035575,329.92864208373317,331.4948425292969,21225418
2022-07-01,327.9219326970875,335.65501110553635,323.27229335287507,333.9419860839844,11278576
2022-07-04,330.8586070863161,334.77409356071036,319.7484082406641,333.3057861328125,10905377
2022-07-05,334.5293330718088,349.35923023123206,334.5293330718088,337.95538330078125,20928565
2022-07-06,332.6205506412307,335.06772958907015,320.874091691601,333.74627685546875,22317536
2022-07-07,340.50043618254665,356.7986396746074,334.08881033056616,354.00885009765625,18699515
2022-07-08,360.2247022455578,360.2247022455578,343.6817803180773,349.9954833984375,25506273
2022-07-11,344.5627694812577,355.62400552969444,340.4514972144686,348.6740417480469,13745531
2022-07-12,342.60503382577565,348.4782629770747,334.3825189885147,339.5705261230469,16896696
2022-07-13,338.6895379110284,344.4648737679018,336.7317949173231,341.52825927734375,13690887
2022-07-14,347.0099294022043,347.0099294022043,339.1789577936919,341.7240295410156,9511166
2022-07-15,337.31916443283325,344.46491527171867,337.31916443283325,343.1434326171875,10062417
2022-07-18,348.3803767512796,360.3226215446076,346.71631304912,359.34375,13863266
2022-07-19,356.79869284910836,363.5039691831078,355.6240349976085,360.1758117675781,10868823
2022-07-20,367.07682175313755,368.25147953186286,359.6373921910496,361.54620361328125,10150339
2022-07-21,363.79760927099926,371.48175699095634,363.0145239721762,368.00677490234375,12521152
2022-07-22,370.74761472608225,373.92894739369876,368.7898715460105,373.1947937011719,9498042
2022-07-25,372.95003190922165,380.34049959505353,372.26480992772787,378.8721923828125,7734139
2022-07-26,379.21481748176956,381.17256050425965,372.998977410806,373.8310241699219,5532712
2022-07-27,373.83106266364956,381.6131039284866,371.1391657305386,380.4384460449219,4744697
2022-07-28,385.6753617138,386.89895105933874,377.74649678015186,384.1091613769531,7586494
2022-07-29,388.12258368492945,407.9936649232133,386.85006257278343,406.2806396484375,15509534
2022-08-01,411.1260482500184,418.9570205976378,410.0003519496059,415.0415344238281,15535311
2022-08-02,410.1471738672665,411.61548117228057,398.9880443237172,409.5598449707031,15535733
2022-08-03,408.18942476225385,413.5732181344179,400.9457814724454,405.4975280761719,6883530
2022-08-04,417.9781377055558,423.85136680680483,409.5598366858746,412.7901306152344,20678616
2022-08-05,414.0137042203373,417.48868602358766,400.407366756509,402.1203918457031,12217436
2022-08-08,406.13382501352993,413.62218685545497,405.25284653909006,412.4964904785156,7643955
2022-08-10,414.11158377695386,435.0104966626368,407.79788040897523,430.8013610839844,23766201
2022-08-11,441.07498964443886,441.07498964443886,426.7511657926038,428.2329406738281,14865139
2022-08-12,430.35680794947723,437.3211679141723,427.7390117131537,430.94952392578125,9420634
2022-08-16,428.72685272973655,429.46774014804834,417.21840752798454,423.6888122558594,11154059
2022-08-17,425.7139304621035,437.0247938352654,421.4167773273865,433.6167297363281,12297570
2022-08-18,431.69040029338123,435.64179983840074,428.38109714507016,432.7276306152344,6755688
2022-08-19,436.62964857475737,436.62964857475737,419.9349915703738,422.15765380859375,8116871
2022-08-22,416.8726663714811,420.231350071183,411.2913203510782,413.4151916503906,7407485
2022-08-23,410.0071108468207,426.5535975560551,408.82170899154545,422.70098876953125,8605014
2022-08-24,424.7754561678704,426.89932741935246,420.0337887158738,423.6394348144531,6538727
2022-08-25,425.71394758020296,431.4434652256869,424.47913514395316,427.4920654296875,6818164
2022-08-26,430.9001406063442,440.03775222731065,430.7025585666357,434.7033386230469,11051127
2022-08-29,412.97065218238833,427.73902073052926,412.97065218238833,424.9730529785156,7716457
2022-08-30,428.72685766545953,436.23452295347465,428.0847612582211,433.6661071777344,8824878
2022-09-01,418.8483529187302,426.35601810417785,415.687221215346,416.8232727050781,14093149
2022-09-02,418.94714836962527,420.03378928833484,408.22897093165705,409.8589172363281,10102220
2022-09-05,409.9577122180216,424.97304289291446,409.9577122180216,424.0839538574219,14707728
2022-09-06,425.22000327061545,427.6402174475433,421.91070006258497,425.71392822265625,6180669
2022-09-07,419.09533535105857,428.2823276972106,417.56418000896247,427.5908508300781,7043379
2022-09-08,430.2086140483762,431.6410084041515,414.05726280732927,415.44024658203125,12076714
2022-09-09,420.8240661621094,425.4175622633947,418.10747888054647,420.8240661621094,8000436
2022-09-12,426.75117750854105,427.6402364323263,423.4418741535964,425.9114990234375,5530132
2022-09-13,426.9981016584468,433.9624311074066,426.9981016584468,431.3446350097656,7628228
2022-09-14,420.824070304767,442.4579777488236,418.94716146656805,436.6296691894531,12387075
2022-09-15,434.1600395678671,434.1600395678671,418.6014033376193,419.2434997558594,13039806
2022-09-16,418.84837239583334,419.14471531758704,400.86949152201413,407.48809814453125,14826674
2022-09-19,409.56257832025494,411.1925246408252,400.7213095755693,407.142333984375,6080201
2022-09-20,410.9455517761889,422.30582544307873,410.747969740659,416.329345703125,8758050
2022-09-21,412.82248638613225,418.7495860618751,405.80874574047897,406.3520812988281,6859320
2022-09-22,404.03061577303333,409.95771527092626,398.5974412332982,407.09295654296875,8704463
2022-09-23,405.7099534127615,407.68565315151994,389.6573930353491,391.5343017578125,9228856
2022-09-26,385.2614741069297,385.2614741069297,365.10934149069396,368.8631591796875,13092570
2022-09-27,370.7400567283628,375.3335828971108,360.66400580063885,369.06072998046875,14934966
2022-09-28,363.5287635893105,367.5789542130052,354.4405324408631,356.3668518066406,10751444
2022-09-29,362.29396658374634,372.3206374755204,361.55307912651983,366.6899108886719,14020084
2022-09-30,371.43157459455887,390.5464768164821,370.5918961226339,385.8047790527344,17706821
2022-10-03,384.2736215019342,384.71816602768223,374.4939132565638,376.3214416503906,8504297
2022-10-04,391.18855689528453,396.02901533256085,385.5578004570167,389.2622375488281,9017446
2022-10-06,397.11566543149297,408.92048396261157,394.547249625713,407.6362609863281,11758976
2022-10-07,404.96908117609155,406.9447809888364,400.8694799472166,406.1051025390625,5241693
2022-10-10,398.59745880314176,404.178805046988,395.13998394363495,402.5488586425781,6519737
2022-10-11,398.1035145031895,407.4387082295349,389.114074275373,391.2379455566406,7054654
2022-10-12,393.2136231063195,396.5229261531439,386.99018107248315,395.3375244140625,6584436
2022-10-13,406.00630559834747,411.4394800041648,395.1399567867129,396.6711120605469,16565725
2022-10-14,406.2532746940923,406.2532746940923,391.58369752988443,392.3245849609375,6115990
2022-10-17,390.2501099526566,391.0897884379303,381.60642290646115,383.5821228027344,8966396
2022-10-18,386.7432362981159,393.5593945866564,386.5950648423015,388.6695556640625,7081590
2022-10-19,389.212856947382,393.26304752872977,384.76753243909974,385.55780029296875,6208852
2022-10-20,378.3465043088317,391.8800597331622,375.48174568415334,390.3982849121094,8222063
2022-10-21,392.37400619934,393.2136545265714,381.5570373535156,388.9659118652344,7988528
2022-10-24,390.2007131646919,394.0039413350215,389.5586167546643,390.7440185546875,793366
2022-10-25,389.6079876765454,397.9059206612084,386.74322904630037,393.55938720703125,6156624
2022-10-27,403.04277899996913,408.37716269266997,400.42498266572403,407.3893127441406,9752346
2022-10-28,407.48810119702455,407.48810119702455,394.8930144327529,400.02984619140625,6569623
2022-10-31,400.0792170587885,403.7836542537773,398.1035172214612,400.7213134765625,4257977
2022-11-01,401.06705715027823,409.9577062004076,401.06705715027823,409.364990234375,7483252
2022-11-02,409.7107475336392,421.6637373970099,408.96986010591115,416.18115234375,11554760
2022-11-03,409.95772346828124,410.846782381385,403.98124341378394,405.3642272949219,7304472
2022-11-04,407.4387265297111,426.75118111642666,406.9941819906662,425.31878662109375,13317485
2022-11-07,426.7511819196429,433.5673406015017,421.1204250994878,432.1843566894531,9887999
2022-11-09,424.8742446428656,427.73900330074196,410.5504212066976,412.0321960449219,13898567
2022-11-10,410.25403992350573,415.2920803017897,407.73503480775656,410.0564880371094,5574432
2022-11-11,415.24271469600154,426.5535780501397,415.1933041125487,424.6272888183594,14060782
2022-11-14,429.71471104733007,453.0773554002011,428.7762415736844,450.0150146484375,30135088
2022-11-15,450.45954343591865,454.954248312804,444.0878996772884,451.3486022949219,11841577
2022-11-16,450.01502115012664,450.01502115012664,438.75353803760987,441.96405029296875,7137989
2022-11-17,438.0620605118558,439.00049985084513,431.1964914867426,435.0985107421875,6533823
2022-11-18,435.14787432825324,438.50655790778603,429.1713945829133,433.2709655761719,6128677
2022-11-21,434.456398716758,439.0499251309279,423.19491524443214,425.31878662109375,6372470
2022-11-22,427.4920629316193,431.04832875659514,423.7876256445169,425.4175720214844,6108017
2022-11-23,429.22079923447956,433.9624668911281,426.3066298506972,428.08477783203125,6031033
2022-11-24,430.25801947711335,434.25882973076955,427.3932607459291,433.0240173339844,4733568
2022-11-25,432.6782548280485,436.43207237743115,429.0726087338387,435.2960510253906,4800030
2022-11-28,429.7147273523504,431.196502274255,423.78762766473176,425.9114990234375,5613201
2022-11-29,427.73899851664765,435.5430065479868,426.99811110582203,430.6531677246094,6518828
2022-11-30,433.41914996934696,446.45878089893444,432.8264339913136,445.2239685058594,13921394
2022-12-01,449.4716899408753,460.83196342289745,448.5332205075593,457.7696228027344,13243436
2022-12-02,457.67087143872754,464.6846121385619,452.435278743425,455.49761962890625,6621056
2022-12-05,460.4862341708663,477.9711898132859,460.4862341708663,475.3533935546875,14599958
2022-12-06,471.6983335779068,471.6983335779068,461.5234915301243,464.2894592285156,7409338
2022-12-07,464.28944783229224,466.3639386285597,457.47328962751584,458.65869140625,5510513
2022-12-08,459.3995876540519,467.20362604463656,455.6951504990731,465.9194030761719,4902003
2022-12-09,468.2408696332728,470.2165695051431,456.28787937909965,457.2263488769531,5405738
2022-12-12,453.4231109655974,461.2765298482261,448.9284059112545,456.3372802734375,4809486
2022-12-13,458.6587090769093,460.33806601163235,451.7437595874642,452.5340576171875,4359377
2022-12-14,456.04088544875367,465.227907307531,455.44816949870585,463.5979309082031,6639699
2022-12-15,461.32590310847684,464.9315492126226,453.4231039117577,455.3988037109375,3986930
2022-12-16,452.4352518216338,457.1275388219674,447.05145783622083,451.200439453125,6460140
2022-12-19,453.42309122544174,457.37449071324517,449.5210721725216,454.5591125488281,3690005
2022-12-20,452.4352651407054,453.6700775455654,438.8523286872453,451.4967956542969,7580480
2022-12-21,453.7194523352518,458.26356795793,446.4093690188322,451.5955810546875,5557133
2022-12-22,453.8676564380134,457.37451158475403,441.7664949543995,449.96563720703125,4435416
2022-12-23,447.397202729355,447.397202729355,422.4046129298326,424.3309020996094,7766201
2022-12-26,425.7633268355019,439.9883600322029,423.88641796697675,437.5681457519531,3939359
2022-12-27,442.50738459048426,466.66029709377653,441.32195262544474,465.2773132324219,13898138
2022-12-28,461.9680231160913,467.9445334020257,458.31299638894296,460.2886962890625,7519133
2022-12-29,453.71945859151214,466.46274674418675,449.71867845311533,464.190673828125,8427104
2022-12-30,468.19147085050736,476.4399933749423,466.0675694540354,467.5987548828125,8024424
2023-01-02,470.1671836559187,485.0343129619226,469.3768856281935,481.1322937011719,11255811
2023-01-03,480.5889680893217,482.51528741992547,472.6861690251602,474.06915283203125,5906501
2023-01-04,471.20440422545795,471.64894874098906,454.41095585683576,455.8927307128906,9899885
2023-01-05,457.6214731785423,461.77045488075385,453.07735753964084,460.0417175292969,7087634
2023-01-06,461.3259006280625,468.24084988801206,455.4975922811766,457.02874755859375,6004013
2023-01-09,465.27729694449516,468.240846606562,460.53562954390264,465.03033447265625,6047398
2023-01-10,472.19225569864903,474.66188046694737,467.54934907553337,471.7477111816406,7092319
2023-01-11,476.04486456231507,487.4545490860248,475.1558056746097,484.98492431640625,11383752
2023-01-12,488.9857006937196,489.5784166633117,476.3412340274249,479.7492980957031,7278634
2023-01-13,481.7249883200493,484.04644156917703,476.7857389162822,482.5646667480469,7445162
2023-01-16,484.9849159401866,486.7136532490624,475.40275994084624,477.1808776855469,3294109
2023-01-17,475.89668356361005,483.3549381596029,471.1550161597291,481.9719543457031,7819426
2023-01-18,482.56466844240396,497.8763416478436,482.56466844240396,496.839111328125,12045667
2023-01-19,487.15818084478065,496.88850856269175,485.0343095512558,492.83831787109375,7945795
2023-01-20,491.9492499446579,495.4561050291231,482.3177134246571,483.9970703125,5664588
2023-01-23,487.9978830360432,494.27073634734194,485.23191519091057,488.1954650878906,5559031
2023-01-24,490.66505337755746,491.850455159795,477.6748031813228,478.7614440917969,3293586
2023-01-25,478.21815998857176,489.7759861502881,478.21815998857176,483.15740966796875,7341066
2023-01-27,487.5039386789087,488.7881315245151,462.26438511807726,473.18011474609375,4591590
2023-01-30,473.18012755552814,477.4772808810581,458.3129978194403,466.6109313964844,5804476
2023-01-31,469.17932783492813,470.56231168258245,459.8441341063845,462.7088928222656,5679604
2023-02-01,467.25300940758063,474.7606747847131,449.0765770160089,462.16558837890625,6075062
2023-02-02,461.3259272796398,465.2773270850329,455.20124552256533,459.745361328125,3356544
2023-02-03,462.0668065579896,463.2522385373237,444.73005227765015,454.0652160644531,5707642
2023-02-06,451.44741866043967,451.44741866043967,440.5810694147836,441.9146728515625,4398369
2023-02-07,434.6539453606389,436.530854095339,420.33012216125417,424.3309020996094,16652967
2023-02-08,426.7511477126289,434.456364709837,426.7511477126289,431.19647216796875,6121515
2023-02-09,431.69042660355785,442.2604330894082,426.5042143846364,439.148681640625,11431814
2023-02-10,439.1486593010998,439.54382337701264,425.7633052661793,427.8871765136719,6648361
2023-02-13,429.2207852885441,434.45637774543195,421.3673664564257,422.50341796875,6437475
2023-02-14,424.28152800001914,429.9616648707993,420.1819569835089,429.5171203613281,3951666
2023-02-15,430.2086455709182,431.9373829526612,425.3681869313951,428.677490234375,3623450
2023-02-16,431.59164785203296,432.67828885339696,427.7390389806413,429.41839599609375,4282249
2023-02-17,429.46776743345964,432.678279783451,421.41679633899275,424.28155517578125,4014137
2023-02-20,424.67669306711116,430.25803932873987,423.78763412976303,428.9738464355469,3749802
2023-02-21,432.4312945528351,432.9745999401606,424.77545781317895,426.2572326660156,3761409
2023-02-22,425.26936328558617,429.22076271216537,421.56492632316815,424.4790954589844,5276939
2023-02-23,425.1706149238032,433.172205594705,424.87427199579463,431.1471252441406,5037774
2023-02-24,432.6782671924387,432.6782671924387,409.2168314713875,410.2046813964844,10814032
2023-02-27,409.9577322637507,409.9577322637507,396.62175784071303,406.7966003417969,8301373
2023-02-28,408.47594275385666,408.87107669330584,393.16426896259964,394.3497009277344,12174759
2023-03-01,397.1156431905791,409.8589003382331,396.76988971068295,408.0313720703125,7935816
2023-03-02,409.95769734614436,411.73581505905196,403.0427482342817,405.8087158203125,4804013
2023-03-03,408.17959863153663,414.25486960465463,407.1917487124349,411.8346252441406,5102333
2023-03-06,413.90910009883424,417.07023177644186,408.87105967686597,409.4637756347656,5071598
2023-03-08,404.9690887782972,404.9690887782972,391.28736128884407,402.7958068847656,7044653
2023-03-09,406.0063175901646,413.4151919987442,403.0427678267327,403.8824462890625,6982179
2023-03-10,398.1035172214612,404.5245416927751,390.59585181025983,400.7213134765625,5239128
2023-03-13,404.03059648000504,409.90831526012767,393.65817285399027,397.36260986328125,5962595
2023-03-14,399.38769511713735,402.9933713028121,394.5966473082666,397.8071594238281,5841181
2023-03-15,402.99338842923515,407.73505600424625,400.07921909562623,401.2152404785156,5681268
2023-03-16,395.7327036531646,395.97966614544106,378.4453291938121,380.2728576660156,16739755
2023-03-17,384.5205721318747,393.21363916053457,381.85336535317026,391.88006591796875,9861244
2023-03-20,388.9659097885359,389.2622527087075,376.37082318585954,381.0631103515625,6331283
2023-03-21,382.9894227375976,385.8541814515179,380.2728354810411,383.8290710449219,6080002
2023-03-22,385.3602615906664,391.9294575594702,383.53273320091824,387.9780578613281,6511605
2023-03-23,382.29791202519647,395.7820571564178,381.31006212332255,393.95452880859375,10453779
2023-03-24,395.9302413511176,396.12782339656405,381.45824585239615,383.680908203125,8833099
2023-03-27,385.26147760638264,391.7812932567713,384.6687616114768,385.21209716796875,7066058
2023-03-28,388.2250117227426,394.94237900172425,386.99019934448955,388.126220703125,6424209
2023-03-29,390.10193633558845,396.0290359916778,385.1626866221807,394.2015075683594,6959623
2023-03-31,399.1407343356603,405.31479612248086,396.22659526035267,400.4249572753906,7468634
2023-04-03,401.56098523678475,401.9561191683,394.6954163579086,397.6589660644531,5200766
2023-04-05,397.1156485337412,399.68406423023197,389.50919246082344,398.39984130859375,5607641
2023-04-06,396.1278098010487,401.56098424969156,393.90514752660397,400.326171875,4174551
2023-04-10,401.8573403966427,408.821700507356,400.5731475433814,406.45086669921875,5327008
2023-04-11,407.8832190666391,412.970640039569,406.1544817357649,412.4767150878906,4965642
2023-04-12,414.7981627405611,417.26778746531653,410.5504202726963,412.57550048828125,4701591
2023-04-13,412.97062808881134,417.6135345589438,410.3034515150042,416.9220275878906,6368113
2023-04-17,417.2184189630014,423.9357863477547,416.47753152438355,423.49127197265625,6920340
2023-04-18,424.77545482896227,427.7390045138155,422.7009640202077,426.3066101074219,4866068
2023-04-19,429.1219945200366,432.0361638108432,426.0596537722098,427.78839111328125,5982454
2023-04-20,426.65236907025877,430.40621680727395,422.8491408965774,424.6272888183594,3830118
2023-04-21,424.7754600668446,425.61513851726426,413.90911108839043,417.2184143066406,5139533
2023-04-24,413.90910583778884,423.73822434778265,413.26700943565555,422.6021728515625,2308450
2023-04-25,419.83621333222,426.454819812878,419.83621333222,424.577880859375,3648159
2023-04-26,420.4289393954307,421.81192327846156,416.9714646144597,419.6386413574219,5184973
2023-04-27,419.836217367336,426.2078614308022,416.9220480351302,425.56573486328125,3271257
2023-04-28,428.2329452331592,431.69041999282723,425.66452938233414,430.8013610839844,4913550
2023-05-02,433.66609692311806,444.43365457590664,432.6782470440221,440.7292175292969,5178547
2023-05-03,435.6418020730427,438.5065607285195,428.9738153066185,436.9259948730469,4826725
2023-05-04,439.5932027386495,441.0255971433664,435.1478782165733,440.0871276855469,3100187
2023-05-05,437.6175336118532,438.1114585933564,427.3932804653789,428.9738464355469,3034975
2023-05-08,432.9252109830644,441.47010643688697,430.90013078275933,439.642578125,4090222
2023-05-09,439.1486461762256,441.27254750702735,433.8636735068878,434.99969482421875,2941913
2023-05-10,435.6418304840705,437.4693589315586,428.38112727997833,431.1471252441406,3075599
2023-05-11,428.7268533581989,428.7268533581989,414.4524103524199,415.73663330078125,11081500
2023-05-12,413.90910587228325,413.90910587228325,398.89377541438324,399.8322448730469,11152831
2023-05-15,403.5366791258435,407.8338321666999,399.4371081212417,405.7099609375,5148782
2023-05-16,408.5747115045856,412.62490199344086,406.00629581798574,407.4386901855469,4010692
2023-05-17,406.7965592237443,408.3771250249613,400.62249761491626,402.74639892578125,3727878
2023-05-18,406.0063294132697,408.37716326369764,400.72132615189025,401.5610046386719,4078918
2023-05-19,403.0427652744699,403.4378992110679,395.5350998919606,401.8079528808594,5523299
2023-05-22,401.067042109466,404.0305916817034,397.8071496387189,402.74639892578125,4237198
2023-05-23,404.22820851665284,408.7722941345758,401.9561355609036,405.3148193359375,3690618
2023-05-24,403.9318155100832,405.512381369382,398.6962231321163,401.95611572265625,7866105
2023-05-25,399.58528034349393,400.8200927054948,392.96667402445456,399.33831787109375,8018242
2023-05-26,400.17801570613466,410.2540669804494,398.20231583115674,408.52532958984375,6401768
2023-05-29,411.9334284351881,419.83622802147465,410.4516535127593,414.7981872558594,8350721
2023-05-30,416.3787438976849,416.3787438976849,406.5990356575594,408.080810546875,5596603
2023-05-31,405.51240807603847,405.7099901265083,399.43713685894636,400.9682922363281,22945527
2023-06-01,404.08001863084513,409.36502200573307,400.9682972511523,401.412841796875,4269628
2023-06-02,407.0435416604914,416.77386926279905,407.0435416604914,415.6378479003906,11695310
2023-06-05,419.68803742748696,420.8240587868736,413.3163934927739,414.6006164550781,8039709
2023-06-06,414.60060821453493,416.8726508881493,408.77226978374097,410.5010070800781,4383684
2023-06-07,412.92127728700035,418.5520340359928,408.8217060418578,417.46539306640625,6911473
2023-06-08,418.7989692732522,420.5277065656816,412.62490751457585,413.168212890625,5571023
2023-06-09,416.7245083586345,416.7245083586345,409.4638051807166,410.0071105957031,3518826
2023-06-12,412.8718913836556,415.88482161933246,408.96987209122005,411.73583984375,2813911
2023-06-13,413.9091343805435,418.84838419415377,411.83464342946945,416.27996826171875,4247391
2023-06-14,421.81190897095485,424.7754586826946,418.9965307154448,419.8855895996094,7213168
2023-06-15,419.737409907535,420.47829732093265,415.63783891609177,417.9098815917969,4863359
2023-06-16,422.50343017747133,426.2078674417812,420.62649117945756,421.7625427246094,7931068
2023-06-19,419.0953506041177,426.7511878868093,417.90991857905,420.9722595214844,3950931
2023-06-20,420.97225276723884,427.9859934849828,417.90991187393786,423.7382507324219,5090801
2023-06-21,423.73824883219646,424.47913629595706,413.02007082710213,415.83544921875,5689533
2023-06-22,416.77387849337316,420.2313532405397,411.14315199320293,414.94635009765625,3566261
2023-06-23,410.94555634179926,411.88402580081356,402.49945179781577,403.53668212890625,5403772
2023-06-26,405.01847023561163,410.9455698000352,403.24035242499946,409.661376953125,4460980
2023-06-27,410.94554860487733,414.2054411384613,408.96984885196923,412.6742858886719,3047635
2023-06-28,414.6499989396558,416.42811671558405,413.26701509762415,415.09454345703125,4613401
2023-06-30,414.74880824254353,417.51477604853454,409.6119764350881,415.83544921875,4115005
2023-07-03,418.8483557036899,423.54064270744584,416.9714469315448,420.4783020019531,3693861
2023-07-04,422.7503968647451,423.73824681171556,418.00869903121384,420.6264953613281,2721964
2023-07-05,419.8361977139402,422.20703138932055,414.2548519383944,416.37872314453125,4783528
2023-07-06,413.859743809629,422.79977369469185,412.08159583218617,421.2192077636719,5021705
2023-07-07,418.74958029755504,419.83622125250724,413.4151966921748,417.5641784667969,6769909
2023-07-10,417.8605028221181,430.900133408615,417.8605028221181,422.6515808105469,6502214
2023-07-11,424.0345943504858,426.60301026991044,418.8483820724659,419.490478515625,3055356
2023-07-12,420.3301151780862,422.89853084190395,417.1196031350104,419.6880187988281,2854995
2023-07-13,424.97304293518204,434.1600350307006,424.97304293518204,429.91229248046875,11590791
2023-07-14,435.6418122012681,443.0506865584325,434.25882835062146,441.51953125,10801568
2023-07-17,442.35920149559405,448.6320547917447,438.01266768654403,441.667724609375,8441112
2023-07-18,441.5688983930109,443.54459816210715,436.8272310058943,439.0992736816406,3963196
2023-07-19,438.60534532876085,439.00047925015036,433.1721710059947,433.8636779785156,5062700
2023-07-20,436.62966415112334,437.5187230487705,432.92522695527106,436.18511962890625,5156038
2023-07-21,436.08636375143266,436.08636375143266,428.38111620769547,429.2207946777344,4309067
2023-07-24,428.7268359993363,432.23369091711453,426.2572113680037,427.6896057128906,3399581
2023-07-25,430.85071149016335,445.02636304607114,429.7146901776714,444.03851318359375,8482756
2023-07-26,444.03854166213546,446.16241297331993,440.9762008626943,443.54461669921875,4218466
2023-07-27,445.52030186306644,454.0158169745132,442.6555432019516,445.9154357910156,5615100
2023-07-28,445.0264017605702,447.15027312030304,438.01266109747223,446.0142517089844,3886408
2023-07-31,447.5454153645013,457.62149708377694,447.4960349248807,456.9794006347656,4974267
2023-08-01,459.3502100163017,465.8206148943757,456.4854512950198,458.4611511230469,6249656
2023-08-02,454.41095769733226,455.59638964569217,444.1867051197849,448.977783203125,5986653
2023-08-03,444.5324657086225,452.9291900608965,439.5932160896378,447.7923583984375,4026983
2023-08-04,458.36236772599835,460.33806758688627,448.38507739915684,451.4474182128906,7576934
2023-08-07,453.62068053054765,461.67165108665523,453.5712699480866,459.2020263671875,3770469
2023-08-08,459.20205242506887,461.572886260936,446.50817461732066,449.2247619628906,6448476
2023-08-09,449.22474953489814,464.09187871972426,445.42152132696054,463.20281982421875,6171305
2023-08-10,462.31376092871324,465.27731067825624,457.3745113461415,463.20281982421875,4285159
2023-08-11,461.3259123498488,464.2894621079849,454.41096291419797,456.8312072753906,4422888
2023-08-14,455.9860587092486,455.9860587092486,445.04875696688975,448.2304992675781,4566085
2023-08-16,444.4521425848114,445.44644268007943,436.49774182266714,442.66241455078125,5066857
2023-08-17,440.4749499845128,446.68932568971195,437.98919970243315,445.0487365722656,3558210
2023-08-18,444.94930453946023,444.94930453946023,435.65259233119434,436.9949035644531,3990678
2023-08-21,440.4749557226877,448.2802177788251,437.3926192640283,446.8384704589844,3775298
2023-08-22,447.1864948927189,451.8099845466186,445.79448074388057,447.7830810546875,3254685
2023-08-23,452.1082873600245,462.64784460559207,450.3185288956515,458.6209411621094,9182054
2023-08-24,461.355261243839,463.24442542589554,451.26312097285637,453.89801025390625,5950400
2023-08-25,450.417958984375,451.71053701619303,446.34132238179444,447.43505859375,3304204
2023-08-28,447.98190956810186,450.2688180637555,442.96070606996904,443.7561340332031,4259997
2023-08-29,445.44645762543325,455.8866089760293,444.8001686105513,453.4505615234375,6062408
2023-08-30,457.5769234498627,462.4986907956101,453.1522758162341,454.1465759277344,5510658
2023-08-31,459.6152265524495,462.34955185914333,454.14657593906173,457.2289123535156,9294166
2023-09-01,460.31124189364186,475.7725962595025,459.46608074274104,470.5525207519531,11151562
2023-09-04,474.8777554899648,489.49394942049435,472.29256904331703,483.87615966796875,10359653
2023-09-05,483.2298485892448,486.9584739641618,475.4743199468698,483.32928466796875,4941534
2023-09-06,482.1361168004125,482.1361168004125,471.5468267079584,475.4245910644531,5138246
2023-09-07,472.8394151437715,476.7669127985428,470.85081488183806,472.3919982910156,4055611
2023-09-08,470.30396527270693,476.0708939356382,465.0341866787743,473.4360046386719,5637990
2023-09-11,475.2754637982598,485.01959296880483,473.7343107288354,482.08642578125,5960678
2023-09-12,487.20706255008014,488.10192659624164,472.6902746176167,475.0268859863281,6817270
2023-09-13,475.7726085859233,482.0366872198214,471.14911908531934,480.4458312988281,4162140
2023-09-14,483.2298548858037,505.9993214032604,483.2298548858037,494.5151672363281,16108768
2023-09-15,504.9056032322704,505.10447539940816,492.12887059992755,493.7197265625,8515363
2023-09-18,491.18425436580884,491.18425436580884,480.39609210301575,481.7384033203125,6238600
2023-09-20,479.25265301314994,483.62756742836115,472.54112727074585,475.57373046875,5861905
2023-09-21,476.26976693364486,483.67731511213253,473.6845805016043,476.8166198730469,5146457
2023-09-22,476.26977494106956,479.0538032416854,468.81252376767077,476.1206359863281,3684720
2023-09-25,476.0708922342365,476.0708922342365,464.5867378188635,466.6747741699219,5768069
2023-09-26,465.82959968186634,471.5965281594722,463.5427215754164,468.8125,4666823
2023-09-27,463.5924356181604,473.03828685327574,463.5924356181604,472.24285888671875,5656858
2023-09-28,473.28686608042324,476.8663526489176,461.8027116144541,464.18902587890625,5869780
2023-09-29,475.27545873158004,491.6814107589254,471.4971304021289,489.8419494628906,11604605
2023-10-03,480.3463947828627,481.7881117529112,473.8834439928774,477.21435546875,4657602
2023-10-04,471.298246283563,475.17601059565095,467.3210458929844,470.70166015625,3302259
2023-10-05,470.7016813967625,479.6503826793764,465.6804778145265,467.867919921875,4801287
2023-10-06,472.2925642559352,473.7343115895377,466.67477456035414,469.90625,3134022
2023-10-09,469.7571120216575,470.8011150284071,461.95184987484663,467.1221923828125,2681298
2023-10-10,470.30394962164615,482.0366787221122,464.3381489921961,477.91033935546875,7863825
2023-10-11,482.88184037090537,483.18014860885984,477.3634869205066,481.1418151855469,7006735
2023-10-12,480.34639901883816,491.184264370431,479.7995157409915,481.63897705078125,6895255
2023-10-13,476.2697704342837,484.72132168416135,474.77832021371705,477.86065673828125,4652247
2023-10-16,477.0154943787744,483.7270203549218,472.5908465977873,480.6446838378906,5043158
2023-10-17,483.7270030818753,485.6659004320917,477.96007458649143,481.5892639160156,4495043
2023-10-18,485.0196037481217,491.9797048370906,480.793828086962,482.2852783203125,7437952
2023-10-19,475.7229052864457,479.5012336108306,468.3153572435484,477.21435546875,6035837
2023-10-20,472.2925716818611,477.1149334824971,467.3210709273152,469.06109619140625,2777724
2023-10-23,468.11650123301456,471.24857099882337,452.4065709081622,454.0968933105469,2994345
2023-10-25,463.34385647157256,470.303957319858,456.7814696030343,458.57122802734375,7854105
2023-10-26,454.0968828710315,455.83690810375265,446.1921846763596,454.0471496582031,6625855
2023-10-27,455.38944905986256,461.752963676689,451.85969581704757,453.54998779296875,6193726
2023-10-30,456.13518600619494,459.1180864051455,451.41226037452316,454.0471496582031,7523779
2023-10-31,462.3495712529329,462.3495712529329,450.6665444524555,456.88092041015625,5236060
2023-11-01,455.88661041459983,463.343861402843,453.4008600851854,460.06268310546875,4931538
2023-11-02,460.6095328429498,473.08798727253225,460.6095328429498,471.49713134765625,3933951
2023-11-03,476.2200499742392,478.70580025003414,471.5468273182923,472.4914245605469,3274345
2023-11-06,477.26407497009035,482.03670358233813,475.5240496967619,479.2029724121094,4294682
2023-11-07,479.2526632578679,488.6985145046516,477.56234089730646,481.7881164550781,5425669
2023-11-08,488.6488026177188,488.6488026177188,475.42459291009004,485.2681579589844,8220612
2023-11-09,486.0139020887839,486.0139020887839,480.3961122995353,481.688720703125,3271496
2023-11-10,479.3023657228014,485.4670386687462,476.8166153967966,478.556640625,3498064
2023-11-13,479.2526627604166,489.5436751767993,478.3577987119555,484.7213134765625,4918873
2023-11-15,494.16717196184493,510.5731243509203,491.38314369387905,502.519287109375,11674265
2023-11-16,501.1272592115826,504.5576067543526,494.3162973380957,501.425537109375,4171759
2023-11-17,500.18268152332706,503.56332632988347,494.0180387600268,494.91290283203125,3595049
2023-11-20,497.2992156072108,503.06617470256447,493.7197289865831,494.4654541015625,4305637
2023-11-21,499.9340953033269,508.03766567139553,499.03923125133593,503.9610290527344,7154476
2023-11-22,502.0221407619109,503.96103819609544,496.1060730626789,497.3986511230469,4337970
2023-11-23,496.15576124073726,500.13296173164497,488.847649269968,499.0889587402344,6628259
2023-11-24,501.9724115246298,509.82737624544836,499.6855030885838,504.90557861328125,5973059
2023-11-28,508.8331015117921,515.2960524836077,506.89420408279443,512.6611328125,7804926
2023-11-29,516.0417634034651,520.3669446599761,510.97085705533055,514.5006103515625,6275280
2023-11-30,516.3400354573021,516.7874826446633,508.43536778175866,512.7108764648438,7599701
2023-12-01,517.0857451168156,521.8086705027549,512.3628197308761,514.2520141601562,4933886
2023-12-04,521.0629727408742,523.648189499924,513.6057217408027,516.2903442382812,5985489
2023-12-05,515.3954342595247,525.7858824762378,512.5120003723741,517.682373046875,6399021
2023-12-06,518.0303816202721,523.9464796898569,512.6611364993977,520.0189819335938,4831956
2023-12-07,518.0303794351317,519.4224239234912,512.1639842606724,513.1085815429688,4628885
2023-12-08,516.5389023923061,522.057255814579,511.07025183762335,517.384033203125,3733998
2023-12-11,517.3343575822877,520.8144081185534,514.1525849545344,519.4224243164062,2597347
2023-12-12,522.0075561162964,535.430607559287,519.1738250865701,524.443603515625,9498031
2023-12-13,525.9350710432254,532.199149786019,520.3172509788923,529.8128051757812,4000017
2023-12-14,536.9220882992532,542.8381864096333,534.1877628495811,540.00439453125,7190654
2023-12-15,552.8308553443248,555.8634585104699,545.075326705364,554.07373046875,8191005
2023-12-18,553.8251851475092,564.165931012243,548.3565343067348,563.171630859375,5076184
2023-12-19,564.712799097789,564.712799097789,552.5326218986269,561.6304321289062,4484733
2023-12-20,566.2538970033431,567.6459413937956,543.1364200844182,545.0753173828125,6959868
2023-12-21,540.8992907303372,558.448712948976,538.5627096133018,553.0794677734375,4591119
2023-12-22,556.2115425592929,568.7397004981568,555.8137982141078,567.1985473632812,7865384
2023-12-26,571.6728875171005,577.5392220321957,567.2482396801267,576.544921875,4649730
2023-12-27,578.6826736140856,604.1864961333232,576.992351261609,602.1481323242188,12430827
2023-12-28,604.5345050334879,612.9860565018837,601.7504766872344,610.798583984375,7139743
2023-12-29,610.7985450265375,614.4774675685264,604.633872211213,611.3453979492188,3995822
2024-01-01,610.997443752966,616.9632446683732,603.4904897385314,606.9208374023438,2961919
2024-01-02,606.9207979909701,616.4660545608792,603.9378977269658,613.483154296875,4975013
2024-01-03,604.7830517908088,607.9151214633979,588.6256747392665,589.669677734375,7226455
2024-01-04,590.6142667016168,592.4536976344524,584.3004852634658,587.1342163085938,6592370
2024-01-05,587.2336309885502,594.1937318805992,578.2352269727108,583.6541748046875,2990123
2024-01-08,583.6541646652687,589.1228152711614,573.1643106405089,574.3574829101562,4425767
2024-01-09,578.6329761071594,581.5661736449226,570.330533561719,572.6671752929688,5314029
2024-01-10,572.7168710519313,578.6826717920555,567.3973896668925,576.7437744140625,2408792
2024-01-11,579.6273000830023,583.6542036607552,572.2197516299227,573.6614990234375,3899383
2024-01-12,577.6883578727069,582.1627083209464,572.4682823497608,578.7323608398438,2440863
2024-01-15,582.5106852464094,582.6598545352736,568.988228255649,571.3745727539062,3778987
2024-01-16,572.6671867809916,581.5164217538698,566.2042357693014,576.2466430664062,5187155
2024-01-17,567.6956640157994,569.4356892207859,554.918871098254,557.056640625,6148035
2024-01-18,557.0566641940225,558.1503700942407,544.67761507448,551.7371826171875,3784905
2024-01-19,553.3280047627363,557.8023552055618,551.3394045659251,553.924560546875,4451789
2024-01-23,554.819443946528,558.5977721083533,534.5356980649765,538.3140869140625,7867972
2024-01-24,546.8650405457448,563.569269646781,543.8821403245862,561.9287109375,8619429
2024-01-25,563.2710187931676,566.7510692181916,555.2172120844459,563.967041015625,5366990
2024-01-29,564.7624916787344,568.6899894537421,558.7966907102971,564.6630859375,5126212
2024-01-30,566.7013933493686,580.9695764968518,564.0167707561347,566.00537109375,7968815
2024-01-31,565.9556200501626,577.290604597407,565.0110228327436,576.0477294921875,5644545
2024-02-01,574.705483494598,578.4838119060714,567.0493602448468,567.9939575195312,3509803
2024-02-02,573.7111823728377,585.6427840859643,569.8333875411657,580.1741333007812,7145858
2024-02-05,580.1741216947712,587.5319668789161,572.7665736419355,576.5946655273438,4801118
2024-02-06,575.3020228289147,584.3998931650019,566.0053410194425,581.566162109375,4099573
2024-02-07,587.0348365638466,598.7178634005592,581.31761066503,588.874267578125,9415146
2024-02-08,588.6257012115371,605.4791012468546,584.4993312271241,597.8726806640625,11844758
2024-02-09,597.5743493995939,598.5686494817895,573.0151252319088,587.9296264648438,5105348
2024-02-12,588.5262753855527,598.3698103298344,576.4455044456793,579.130126953125,4595403
2024-02-13,535.9277727127865,536.9220728476896,493.52087802789447,507.1925048828125,46100123
2024-02-14,512.0645514703186,513.953745935114,500.2820892172754,504.90557861328125,16634538
2024-02-15,509.77769124120175,515.5446198854961,504.70675448507706,510.27484130859375,13303658
2024-02-16,516.9863343864998,516.9863343864998,508.0376337417428,512.7605590820312,12066565
2024-02-19,515.7931918158799,515.9423611101057,508.8827937832554,509.37994384765625,5580597
2024-02-20,509.67822976173875,512.9594687881812,504.2593121807552,508.6839599609375,5186970
2024-02-21,531.9505565731395,534.933456890372,507.09305392953485,508.8827819824219,18106978
2024-02-22,513.357173122478,519.1738656141924,511.3188698816962,518.1795654296875,8727844
2024-02-23,521.709288998869,521.8086947367063,514.0531658802215,515.3954467773438,6445580
2024-02-26,516.4395078163197,516.787488584232,501.12726165743715,502.1712646484375,7605543
2024-02-27,502.6187166736995,509.2805396948591,501.82328870563504,506.74505615234375,6741206
2024-02-28,509.5788002416963,511.5176975703122,498.8900741878461,501.52496337890625,4406098
2024-02-29,503.61300813190326,505.1044583040609,496.15575727111496,500.9781188964844,16860796
2024-03-01,507.09306738888273,519.521819040571,507.09306738888273,516.1411743164062,9882296
2024-03-04,521.0132884443866,526.8299201568841,517.0857906402248,521.9578857421875,5989974
2024-03-05,521.0132790341364,525.288757545246,517.2349505984412,519.1240844726562,5729926
2024-03-06,519.0743771953696,524.8910694406887,511.0205703169455,523.9464721679688,4637732
2024-03-07,527.7744743490097,537.7671780917174,526.2333213507158,533.640869140625,7909060
2024-03-11,536.9220990375155,540.1535746335746,529.0671033137265,530.6580200195312,5527908
2024-03-12,530.0613676635619,533.7899930992573,522.3058388947679,525.93505859375,3703670
2024-03-13,526.3327521999059,526.979071562577,498.34323981134645,504.11016845703125,5712435
2024-03-14,509.08168729176583,523.3498704634156,504.1101864393072,522.2561645507812,10349338
2024-03-15,519.0246720484879,531.0059765742234,514.5503214273803,529.5145263671875,8467660
2024-03-18,528.9676894617807,532.4974429212998,523.9961886209744,528.12255859375,4282437
2024-03-19,528.9676569157581,536.673482744888,526.2333316215507,530.6082763671875,7119131
2024-03-20,529.9619786283862,532.4477289971873,513.4068568972651,524.84130859375,5005234
2024-03-21,535.331201296645,542.6392828001757,531.2048315822151,536.623779296875,8795679
2024-03-22,536.6237651482598,547.5113631583604,534.2871235486227,544.6278686523438,5518261
2024-03-26,542.5399179613164,557.8024014626149,541.8935985688504,555.4658203125,7198061
2024-03-27,560.9841503526062,561.4315975524427,553.626305051837,554.4714965820312,5320703
2024-03-28,557.8023657128514,563.4201856495705,552.1348429077282,557.056640625,8326754
2024-04-01,566.7510531946206,570.7282535679162,560.884658369105,565.3590087890625,6192790
2024-04-02,567.7454027289083,569.0379808253385,558.3492538913005,567.9442749023438,4626877
2024-04-03,566.9499312759231,580.7706663052086,563.9173280970438,573.3134155273438,7514291
2024-04-04,586.6370859645446,586.6370859645446,565.7070800349575,574.4569091796875,7246259
2024-04-05,569.2368287243519,571.7225790681263,564.3647337756482,566.80078125,4884617
2024-04-08,568.7397003965275,576.3958238854725,567.2482501332498,573.5123291015625,3276169
2024-04-09,574.804904360828,592.0560487334542,570.7282979361903,585.2450561523438,7829711
2024-04-10,592.8017394005279,601.4521625195115,587.6810695446017,599.6126708984375,11748104
2024-04-12,605.5784778366325,605.5784778366325,591.9068511440069,595.23779296875,15994496
2024-04-15,611.4945808014502,621.8353264427543,602.2476017170275,609.2077026367188,27067692
2024-04-16,609.2076693457159,617.8580921534991,603.3412746162193,605.3795776367188,10722248
2024-04-18,612.8866459122083,621.4376030553435,606.3242284115844,609.30712890625,9953539
2024-04-19,605.5288067073442,612.7871858489773,597.2761273904938,611.2460327148438,6443897
2024-04-22,617.1124197797664,618.902147933796,609.2077213549312,615.0243530273438,6503652
2024-04-23,614.9746281599138,615.2232031915063,606.9208214112213,608.3128051757812,6154126
2024-04-24,608.3128225748086,634.0155179889853,605.2305163698062,632.4743041992188,11775700
2024-04-25,632.0765746087004,644.5550285071365,624.519857569033,643.11328125,11897458
2024-04-26,647.2396795423756,657.8289394782199,639.3349813985182,645.5990600585938,7545608
2024-04-29,651.216882511285,651.664329707396,637.5452557189494,646.3447875976562,4157501
2024-04-30,649.874563752012,649.9740301808995,638.6389840218027,640.72705078125,4771959
2024-05-02,632.2754697211612,643.2127710262546,625.0667938609862,637.7938232421875,17929526
2024-05-03,651.3162578635646,651.3162578635646,634.7611978779104,643.4115600585938,10633995
2024-05-06,646.295109572344,651.2666104152081,625.713083945433,635.158935546875,10094421
2024-05-07,643.2128047234233,643.2128047234233,608.2631294471792,616.6649780273438,10787196
2024-05-08,611.5940126818564,630.8337574588942,611.5940126818564,629.88916015625,7683352
2024-05-09,630.3862640356712,634.114889414431,611.4945621166211,615.8695068359375,6588118
2024-05-10,616.565468099115,625.9616161871149,614.4774621627871,622.0341186523438,4364788
2024-05-13,621.537014420708,632.5240798919523,610.7985846802015,629.88916015625,3582386
2024-05-14,640.6772336246482,645.797903322355,634.5623245321049,642.9641723632812,8339846
2024-05-15,649.2779768036532,655.243777509353,645.0024984353544,649.9739990234375,6764257
2024-05-16,656.2380968128689,662.203897692986,639.5835693558756,649.6259765625,8781056
2024-05-17,649.2780027699316,655.0449315452896,646.6928466356467,651.7140502929688,5026205
2024-05-21,662.5021640176174,691.436334192714,659.4198578916813,689.6465454101562,15976672
2024-05-22,694.5683339493205,694.7175032416375,673.5389229066138,680.6481323242188,8004434
2024-05-23,671.3017629607434,674.682347020179,662.154189546671,672.9423217773438,9749101
2024-05-24,675.3783371702606,686.5145103328242,667.2250642822803,669.4125366210938,15930052
2024-05-27,681.1453012970171,685.5699490738881,671.6497470622356,673.986328125,10475785
2024-05-28,678.1127092613169,694.0215118246323,674.4834894016543,677.4166870117188,12925385
2024-05-29,691.0385673310035,709.4331191232676,678.410943963186,701.2798461914062,22684652
2024-05-30,700.832406635478,708.9856796560478,689.39795539696,691.187744140625,10361716
2024-05-31,694.9163912419891,699.4404447358144,680.4492756734754,685.4207763671875,13620282
2024-06-03,710.9246214298776,711.1731964723356,688.851145522154,691.9832153320312,7081956
2024-06-04,693.0271655114921,693.0271655114921,590.8628308539514,645.3504638671875,24250212
2024-06-05,623.4261860441106,696.6564154261117,603.540183299482,691.2871704101562,25836374
2024-06-06,691.0385571018796,691.0385571018796,669.163955294338,673.6383056640625,10420244
2024-06-07,673.6383149003298,683.0841658103712,668.6171115540232,676.4720458984375,7172942
2024-06-10,673.190875356459,680.9464040541774,669.213674928166,672.5446166992188,4054802
2024-06-11,676.1240613106954,677.3669364233989,668.219363456449,669.1142578125,5157918
2024-06-12,670.1583046664042,679.1070060640268,668.0205350576216,670.0588989257812,10783822
2024-06-13,674.1355068316424,680.747627154381,672.1966093869302,676.8201293945312,9555904
2024-06-14,686.0670974246484,686.0670974246484,673.5389399204954,679.7035522460938,8326865
2024-06-18,679.7035570297671,684.078501956722,673.1412003265999,674.8812255859375,4013739
2024-06-19,676.1738121065504,678.1127095572537,656.6358503623114,658.6244506835938,4770356
2024-06-20,661.20959138835,680.4492747726391,657.9781159417151,672.64404296875,6646966
2024-06-21,676.1240990515431,687.2602728204332,673.1411986145511,680.5984497070312,11973903
2024-06-24,675.7263571281518,683.7802247491111,671.2520064567071,681.3441772460938,8014595
2024-06-25,684.8738905652966,692.0328633581784,677.0189562585017,681.5927124023438,5778636
2024-06-26,679.6538409475726,679.6538409475726,667.5233672379784,670.8543090820312,6069407
2024-06-27,674.1355011643219,683.7802247491111,668.2691060090774,681.3441772460938,7135387
2024-06-28,686.3156844073588,693.5243605565125,682.0899087337169,689.5968627929688,6101211
2024-07-01,695.0157780109218,697.8495090540871,684.4762211028286,685.9179077148438,4870114
2024-07-02,685.9677075411443,699.2912933287666,684.4762572948775,690.7900390625,5482768
2024-07-03,694.9163785105322,698.9929847297836,679.5047266423792,687.7077026367188,5875690
2024-07-04,693.7231860891976,701.7272896896147,686.6139161589182,687.906494140625,5924057
2024-07-05,690.0443079513576,698.4958592735285,689.5471578735829,695.1649780273438,5174673
2024-07-08,699.6393223005867,701.8764976300229,687.7077205435936,693.22607421875,2636146
2024-07-09,697.9987140315594,706.5994347115554,691.5854658463804,702.97021484375,5507357
2024-07-10,703.9644906205435,708.041096870418,681.3938655776016,689.3482666015625,5327276
2024-07-11,697.9986997048346,697.9986997048346,688.0556982845378,692.3311767578125,6856272
2024-07-12,693.5243556780247,698.4461535654508,682.1893096759079,688.1054077148438,3839953
2024-07-15,688.1053931574453,697.6009472660243,684.5259369626425,696.1094970703125,2848268
2024-07-16,696.3083386171421,699.1421302767509,685.0727597742618,686.8624877929688,4570179
2024-07-18,682.0898973216983,691.8837294441959,680.2007027772427,686.0173950195312,7841505
2024-07-19,680.001905989694,681.7916341462702,654.8958268651168,659.2210083007812,6207375
2024-07-22,651.2665766557727,671.152578996407,647.1402068951859,668.4679565429688,3291634
2024-07-23,668.467977122601,669.3628715303853,635.0595164367189,649.775146484375,9602846
2024-07-24,649.2779697173443,652.9071893819404,641.3235688632267,647.8859252929688,2610134
2024-07-25,638.2909897053452,645.300793584488,629.6902691831268,642.86474609375,6171776
2024-07-26,656.2380820990536,664.68963315639,651.2665814770911,663.7947387695312,4730539
2024-07-29,672.8926067005502,672.8926067005502,661.209580282033,663.0490112304688,6032470
2024-07-30,661.2095800337694,661.2095800337694,650.8688345072081,656.7352294921875,6714850
2024-07-31,663.1981692004704,670.1582699267123,660.4638439151611,665.7833251953125,8551592
2024-08-01,676.1240836117298,686.961979226882,663.5461627814003,669.6611328125,8831127
2024-08-02,656.0392279543526,661.8061566967608,642.8647509443247,644.356201171875,6717210
2024-08-05,624.4702113597211,630.2371402242321,605.7773802494285,610.798583984375,13451475
2024-08-06,621.4375739750009,625.4147744484409,604.5344719628808,606.8213500976562,7063441
2024-08-07,621.4375975967982,625.8622454291406,613.2346213085206,620.14501953125,4839670
2024-08-08,621.4375864449369,627.4033872748083,609.5059847851941,610.5499877929688,5396272
2024-08-09,622.0,626.5,614.7999877929688,622.9000244140625,3629264
2024-08-12,619.0,634.4000244140625,616.5,629.3499755859375,3586449
2024-08-13,634.4000244140625,634.4000244140625,619.2000122070312,621.4000244140625,6793767
2024-08-14,626.8499755859375,633.9500122070312,611.5999755859375,621.4500122070312,8646288
2024-08-16,633.9500122070312,642.0,630.2000122070312,634.1500244140625,6566337
2024-08-19,636.5,660.2999877929688,636.5,658.8499755859375,9510274
2024-08-20,663.0,674.2999877929688,661.0499877929688,672.9000244140625,10295836
2024-08-21,668.9000244140625,696.5999755859375,667.7999877929688,685.5999755859375,7815238
2024-08-22,691.5,692.0,677.2000122070312,685.5499877929688,6188728
2024-08-23,690.0499877929688,694.7000122070312,677.7999877929688,685.0999755859375,7774920
2024-08-26,694.4000244140625,712.9000244140625,689.5,711.8499755859375,11517668
2024-08-27,711.9000244140625,712.9500122070312,702.75,703.5,6465241
2024-08-28,706.0,710.7000122070312,701.1500244140625,705.0499877929688,3599946
2024-08-29,697.6500244140625,702.3499755859375,691.4000244140625,700.5,5728640
2024-08-30,699.0,708.5,695.0999755859375,701.3499755859375,7404373
2024-09-02,706.7000122070312,706.7000122070312,683.2000122070312,683.9000244140625,6186645
2024-09-03,687.6500244140625,692.7000122070312,677.5499877929688,678.9000244140625,4457291
2024-09-04,666.6500244140625,673.7999877929688,661.25,666.7999877929688,5816848
2024-09-05,670.0,672.4000244140625,667.25,669.9500122070312,3749608
2024-09-06,668.25,677.0,665.4500122070312,667.0999755859375,6311131
2024-09-09,664.0,664.0,651.0,658.5499877929688,5144488
2024-09-10,664.9000244140625,666.7999877929688,653.7000122070312,659.5,3304741
2024-09-11,658.5999755859375,658.5999755859375,645.4000244140625,647.7000122070312,3825823
2024-09-12,658.0,677.9000244140625,651.5,676.2000122070312,8594764
2024-09-13,686.0,686.4000244140625,670.5999755859375,673.25,5977861
2024-09-16,680.0999755859375,687.5499877929688,676.5499877929688,685.1500244140625,4258546
2024-09-17,689.0,692.0,681.0999755859375,683.0,3395470
2024-09-18,685.0,687.9500122070312,673.3499755859375,685.25,3404940
2024-09-19,690.0,690.8499755859375,668.2000122070312,684.2000122070312,5134590
2024-09-20,692.0999755859375,698.7999877929688,688.75,694.4000244140625,9753966
2024-09-23,695.5,698.0,687.9500122070312,690.5499877929688,2808114
2024-09-24,697.5999755859375,719.7000122070312,693.0,717.8499755859375,15201960
2024-09-25,725.0,730.9000244140625,715.5499877929688,718.4500122070312,9525319
2024-09-26,718.4500122070312,736.1500244140625,710.7000122070312,734.6500244140625,10573166
2024-09-27,746.9500122070312,757.7000122070312,742.0999755859375,747.1500244140625,12936973
2024-09-30,750.0,764.4500122070312,749.4500122070312,756.2000122070312,8566640
2024-10-01,755.0,765.5,745.2000122070312,761.5499877929688,4402151
2024-10-03,750.0,772.6500244140625,744.7000122070312,747.0999755859375,5649089
2024-10-04,742.6500244140625,757.5499877929688,740.0499877929688,747.9000244140625,4624509
2024-10-07,753.0,753.0,722.5,731.2999877929688,5862059
2024-10-08,723.5,732.0,708.0,721.7999877929688,5418558
2024-10-09,710.0,735.75,710.0,727.5499877929688,3733320
2024-10-10,731.9000244140625,738.2000122070312,726.2999877929688,730.1500244140625,3890250
2024-10-11,736.0,749.9500122070312,733.0499877929688,747.3499755859375,5224383
2024-10-14,746.0,755.0,739.4500122070312,743.0,2540789
2024-10-15,746.0,750.0,720.6500244140625,726.9500122070312,3056619
2024-10-16,728.5,738.9000244140625,726.0499877929688,733.0999755859375,3207796
2024-10-17,741.0999755859375,747.2999877929688,732.3499755859375,734.7999877929688,6213860
2024-10-18,734.7999877929688,756.4500122070312,725.0499877929688,753.5,5474367
2024-10-21,760.0,765.4500122070312,737.0,739.5999755859375,2981749
2024-10-22,733.0,745.7999877929688,718.2999877929688,720.25,5672302
2024-10-23,716.0,731.1500244140625,713.2999877929688,717.0999755859375,6522834
2024-10-24,715.0,715.0,666.75,690.7000122070312,14909729
2024-10-25,694.5,694.9000244140625,668.4500122070312,678.75,4091651
2024-10-28,681.0,697.0,680.7999877929688,692.9000244140625,2587719
2024-10-29,692.9000244140625,696.2000122070312,676.4500122070312,693.5999755859375,4293867
2024-10-30,690.9500122070312,698.7999877929688,685.4000244140625,688.4000244140625,3284187
2024-10-31,686.8499755859375,689.5499877929688,679.25,686.0499877929688,4478581
2024-11-01,687.5,693.9000244140625,687.2000122070312,690.9000244140625,472898
2024-11-04,689.0,689.9000244140625,661.5999755859375,674.2999877929688,5245661
2024-11-05,675.5999755859375,701.4500122070312,674.7999877929688,697.5499877929688,4931994
2024-11-06,706.0,714.25,687.8499755859375,708.2000122070312,5500043
2024-11-07,682.0,687.7000122070312,646.2999877929688,648.0999755859375,26671445
2024-11-08,654.75,660.4500122070312,647.0,650.4500122070312,7886228
2024-11-11,647.4500122070312,657.5999755859375,638.7000122070312,655.3499755859375,4933389
2024-11-12,668.0,673.5,648.1500244140625,651.6500244140625,12009560
2024-11-13,648.0,649.9000244140625,622.5499877929688,626.5999755859375,7867492
2024-11-14,630.0,636.4500122070312,625.1500244140625,627.3499755859375,6937416
2024-11-18,641.9000244140625,663.0999755859375,639.9000244140625,651.0499877929688,13618683
2024-11-19,651.0999755859375,655.5499877929688,637.6500244140625,640.0,5015887
2024-11-21,641.0,653.9000244140625,634.2999877929688,648.0499877929688,7910597
2024-11-22,652.9500122070312,657.2999877929688,647.4000244140625,652.0999755859375,3586402
2024-11-25,660.0999755859375,663.0,654.4500122070312,659.8499755859375,5760810
2024-11-26,662.9000244140625,670.25,659.25,666.0999755859375,3604133
2024-11-27,667.2000122070312,669.7999877929688,660.1500244140625,661.0999755859375,2910507
2024-11-28,661.0,663.1500244140625,647.5999755859375,650.25,4686850
2024-11-29,652.5,658.5999755859375,649.0999755859375,656.2000122070312,3412007
2024-12-02,656.2000122070312,663.4000244140625,653.0499877929688,662.5999755859375,2174126
2024-12-03,665.4000244140625,669.5999755859375,657.0,667.5499877929688,3306465
2024-12-04,667.5499877929688,671.25,659.6500244140625,663.0499877929688,2785457
2024-12-05,664.0,673.9500122070312,658.7000122070312,670.8499755859375,5156111
2024-12-06,673.4500122070312,676.5,667.25,670.1500244140625,2723680
2024-12-09,666.9500122070312,672.5,654.25,670.9000244140625,5079369
2024-12-10,675.0,676.0,664.7000122070312,668.9000244140625,3950822
2024-12-11,671.0,679.7999877929688,668.0499877929688,670.5,3418716
2024-12-12,675.0,679.7999877929688,662.0,668.7000122070312,6585440
2024-12-13,663.0,665.5499877929688,648.0,662.0999755859375,4198819
2024-12-16,661.2999877929688,666.5999755859375,652.0499877929688,653.5,2619582
2024-12-17,649.5,653.5999755859375,637.0999755859375,639.4500122070312,4800541
2024-12-18,641.9500122070312,642.0499877929688,628.25,633.0,3753662
2024-12-19,620.5999755859375,633.25,614.0999755859375,629.3499755859375,5198027
2024-12-20,629.3499755859375,640.5999755859375,620.7000122070312,622.6500244140625,5964142
2024-12-23,625.5499877929688,635.9000244140625,625.5499877929688,634.1500244140625,2921238
2024-12-24,635.0,638.0999755859375,625.75,627.4500122070312,4830151
2024-12-26,630.0,633.4500122070312,626.75,628.75,4476967
2024-12-27,628.75,632.8499755859375,615.7000122070312,617.4000244140625,3391148
2024-12-30,615.4000244140625,620.2999877929688,599.1500244140625,601.0999755859375,8023050
2024-12-31,601.4000244140625,605.9000244140625,597.4500122070312,602.4500122070312,3807525
2025-01-01,601.5,603.75,587.5,592.9500122070312,9217246
2025-01-02,594.9000244140625,600.5499877929688,588.5999755859375,599.0,8525001
2025-01-03,599.0,599.75,590.0,591.1500244140625,6291674
2025-01-06,592.5999755859375,593.8499755859375,571.5999755859375,574.0999755859375,11202314
2025-01-07,573.0499877929688,588.4000244140625,572.0499877929688,584.5,5379682
2025-01-08,582.75,587.5999755859375,577.4500122070312,586.6500244140625,4077369
2025-01-09,580.0,596.8499755859375,578.6500244140625,589.25,7595188
2025-01-10,586.0,589.25,571.5999755859375,574.4500122070312,10613705
2025-01-13,571.5999755859375,573.9500122070312,562.0,563.75,7689295
2025-01-14,569.9000244140625,591.9500122070312,568.3499755859375,590.9000244140625,8506497
2025-01-15,594.0,596.2000122070312,586.5499877929688,591.5499877929688,4390121
2025-01-16,596.0,607.0,590.5499877929688,602.5999755859375,4959410
2025-01-17,603.8499755859375,619.0,603.7000122070312,617.0,6414327
2025-01-20,617.0499877929688,621.9500122070312,612.25,618.1500244140625,2995173
2025-01-21,626.0499877929688,628.3499755859375,613.4500122070312,614.9500122070312,3529837
2025-01-22,615.0,615.4000244140625,605.3499755859375,613.4500122070312,4426051
2025-01-23,611.0,616.2000122070312,607.2000122070312,608.25,6826419
2025-01-24,608.7000122070312,615.3499755859375,599.9000244140625,606.9000244140625,4608870
2025-01-27,600.0499877929688,601.5999755859375,585.3499755859375,586.9000244140625,2919161
2025-01-28,590.0999755859375,591.6500244140625,568.2999877929688,573.8499755859375,6250865
2025-01-29,576.5,587.8499755859375,571.5999755859375,584.0999755859375,4618198
2025-01-30,586.9000244140625,601.8499755859375,581.7000122070312,587.8499755859375,4604752
2025-01-31,590.0,596.4000244140625,584.2999877929688,594.2999877929688,3750965
2025-02-01,594.0,595.4000244140625,582.0,586.4500122070312,1740719
2025-02-03,575.0,576.5999755859375,557.5999755859375,574.0499877929688,8169543
2025-02-04,580.5,595.9000244140625,580.2000122070312,583.9500122070312,5318376
2025-02-05,584.5,604.5,584.5,600.5999755859375,3974704
2025-02-06,601.0499877929688,606.7999877929688,591.25,595.4500122070312,3571342
2025-02-07,595.4500122070312,610.5999755859375,594.0,607.4000244140625,4687823
2025-02-10,605.0,606.0999755859375,589.5,596.0,3434505
2025-02-11,594.0499877929688,607.0,591.6500244140625,595.8499755859375,5303293
2025-02-12,599.0499877929688,604.9500122070312,586.3499755859375,598.9000244140625,3764143
2025-02-13,596.0499877929688,607.9500122070312,590.0999755859375,602.5,4415122
2025-02-14,609.0,616.0,595.0499877929688,606.2000122070312,11475440
2025-02-17,606.2000122070312,611.9000244140625,589.6500244140625,610.8499755859375,4470099
2025-02-18,609.0,613.7000122070312,601.7000122070312,611.4500122070312,2956837
2025-02-19,607.0,628.3499755859375,606.5499877929688,626.2999877929688,6101855
2025-02-20,627.0,644.2000122070312,625.0,638.7999877929688,6904537
2025-02-21,639.2000122070312,656.2000122070312,637.9500122070312,653.5499877929688,7490723
2025-02-24,642.0,647.9000244140625,636.25,641.9000244140625,5931712
2025-02-25,636.0,638.4500122070312,617.0999755859375,619.4500122070312,10249548
2025-02-27,625.0999755859375,633.9000244140625,619.5,631.9500122070312,7263151
2025-02-28,630.0,636.5999755859375,619.4500122070312,634.3499755859375,13041185
2025-03-03,634.4500122070312,643.5,620.7000122070312,636.5499877929688,5368388
2025-03-04,628.0,643.8499755859375,624.0999755859375,641.6500244140625,4430660
2025-03-05,638.0,662.5,638.0,657.3499755859375,7876653
2025-03-06,664.9500122070312,687.5999755859375,661.8499755859375,681.9500122070312,10993614
2025-03-07,678.5999755859375,694.5999755859375,678.5999755859375,691.3499755859375,8142832
2025-03-10,689.7999877929688,709.2999877929688,686.5,689.1500244140625,10707412
2025-03-11,684.0,699.0,676.7999877929688,695.5,5262297
2025-03-12,700.0,702.0,683.7999877929688,689.8499755859375,5219333
2025-03-13,690.2000122070312,692.9500122070312,673.25,677.3499755859375,4877884
2025-03-17,678.25,687.5,677.8499755859375,680.75,4033068
2025-03-18,680.75,680.75,680.75,680.75,0
2025-03-19,703.0,703.0,690.5,698.5499877929688,5462686
2025-03-20,702.5,709.8499755859375,697.5999755859375,705.9500122070312,4670064
2025-03-21,715.0,715.0,694.2000122070312,695.3499755859375,7595841
2025-03-24,704.8499755859375,705.75,695.0999755859375,701.5,4296847
2025-03-25,700.4500122070312,704.3499755859375,683.25,693.4500122070312,4552278
2025-03-26,695.0,702.4000244140625,690.5,691.2999877929688,3646226
2025-03-27,690.9500122070312,697.9000244140625,689.2000122070312,693.3499755859375,5002247
2025-03-28,690.5,697.4500122070312,679.2999877929688,682.4500122070312,4362212
2025-04-01,672.0,683.0999755859375,661.9500122070312,663.75,5131883
2025-04-02,668.7000122070312,669.0,652.75,661.2000122070312,8357384
2025-04-03,658.0,658.0,647.5999755859375,652.6500244140625,5646497
2025-04-04,645.0,645.0,596.5499877929688,599.9500122070312,9393865
2025-04-07,559.0,570.0,546.4500122070312,561.7999877929688,13117998
2025-04-08,575.0,584.3499755859375,555.9500122070312,568.3499755859375,8831753
2025-04-09,567.75,567.75,552.2000122070312,564.0,7009318
2025-04-11,585.0,607.9500122070312,576.0999755859375,600.2999877929688,12562852
2025-04-15,613.0,619.2999877929688,606.3499755859375,617.5999755859375,4871858
2025-04-16,618.1500244140625,619.3499755859375,602.0,609.9000244140625,4447732
2025-04-17,608.9000244140625,616.0,604.0,609.5,4518317
2025-04-21,611.5,624.9000244140625,607.0499877929688,622.0,2655716
2025-04-22,625.0,631.0499877929688,619.0499877929688,620.0999755859375,4970919
2025-04-23,628.75,633.0,620.7000122070312,629.0999755859375,4674766
2025-04-24,630.0,632.5499877929688,626.0999755859375,628.3499755859375,3367773
2025-04-25,632.4000244140625,634.2999877929688,612.9500122070312,622.0999755859375,3925971
2025-04-28,622.4500122070312,631.5,622.4000244140625,628.6500244140625,3965901
