Date,Open,High,Low,Close,Volume
2010-01-04,34.55012512207031,34.965675345219545,34.223618960927,34.55012512207031,2469242
2010-01-05,34.72821630262585,36.034237165198526,34.609487133301066,35.76709747314453,7604355
2010-01-06,36.3607415250297,36.53883716647531,35.856143467112695,36.39042663574219,8530099
2010-01-07,36.509155483695814,36.687247367835205,36.06392013978638,36.24201202392578,5383142
2010-01-08,36.15296742117784,36.479469829854395,35.67805072960405,35.9451904296875,3661818
2010-01-11,36.21233177993141,37.191846562011065,36.21233177993141,36.83565902709961,7120803
2010-01-12,36.509155146211825,36.80597620226949,34.728217542744076,34.846946716308594,7337952
2010-01-13,34.84694651010054,35.32186320154827,34.16425658292485,35.11408996582031,4927321
2010-01-14,35.32186779526892,35.91551373678412,34.93599887221098,35.559326171875,7192223
2010-01-15,35.61868659574703,35.97487034446762,35.0547221081431,35.20313262939453,4272665
2010-01-18,35.17345618084971,35.38123319299825,34.87663509695832,34.96567916870117,2977378
2010-01-19,34.84694725817436,35.143772074554875,34.134575961417234,34.31266784667969,3690760
2010-01-20,34.49076160933703,34.72821619151979,34.16425545581167,34.520442962646484,4682366
2010-01-21,34.43139782867442,34.728218896300895,33.244109802461125,34.342350006103516,5654590
2010-01-22,33.83775196956245,36.95438820540343,33.30347254504896,36.83565902709961,30740484
2010-01-25,36.80597713301311,37.399623015847716,36.27169771631564,36.95438766479492,13187118
2010-01-27,36.68724654470093,36.83565707077183,35.470273470646625,35.79677963256836,10012126
2010-01-28,36.09360286861688,36.4497904061631,34.223621113279776,35.32186508178711,10642261
2010-01-29,35.0250459334794,35.796783762653746,34.46108136249344,34.69853973388672,7429413
2010-02-01,34.60948792003547,36.50915467241484,34.4313960398535,36.21232986450195,6652081
2010-02-02,36.331059297899124,36.62788410794743,35.08440486053507,35.529640197753906,5698133
2010-02-03,35.20313133250991,36.12327953493613,34.75789978515798,35.70772933959961,4707661
2010-02-04,35.70772926466128,36.00455405131325,34.72821460455297,34.87662887573242,4505513
2010-02-05,33.68933921687118,34.72821664182985,33.24410764433482,33.57061004638672,5805887
2010-02-08,34.13457346924543,34.431394508247664,33.362835763274,33.808067321777344,5211566
2010-02-09,33.89711787301236,34.55012646497308,33.837751406993746,34.46107864379883,3218049
2010-02-10,34.43139729609404,34.60948918277374,33.86743652518553,34.045528411865234,4506486
2010-02-11,34.07521165971133,34.90631594036352,34.07521165971133,34.66885757446289,2800561
2010-02-15,34.728218351614245,35.2031350569338,34.25330540200203,34.46107864379883,2830032
2010-02-16,34.372035421122334,35.23281727598593,34.16425841852357,34.906314849853516,3242625
2010-02-17,34.995365940960845,35.321868397580964,34.37203863066778,34.609493255615234,2259437
2010-02-18,34.78758380152319,35.232815382975005,34.401714928648715,35.11408996582031,2540367
2010-02-19,34.72821781066794,34.846946985148435,33.570611176263554,34.57980728149414,5272182
2010-02-22,34.31266896524539,34.84694839415715,33.1550622840341,33.244110107421875,3884265
2010-02-23,33.30347115033525,33.77838784366153,32.70982528367741,33.60029220581055,3558000
2010-02-24,33.778387117291274,34.579806203265214,33.60029148327006,34.40171432495117,3871978
2010-02-25,34.43139466719821,36.716926442904736,33.86743393934907,35.470272064208984,7529570
2010-02-26,35.737414821492145,36.6872482414051,34.817266512732004,36.271697998046875,10005222
2010-03-02,36.21232940366706,36.9247044267437,35.91550835523871,36.746612548828125,4985883
2010-03-03,36.77629275844826,36.98406598360158,36.21232827713028,36.56851577758789,3901586
2010-03-04,36.56851711661824,36.77629410508678,36.09360043195139,36.479469299316406,3591488
2010-03-05,36.77629470825195,37.28089275505956,36.39042583455833,36.77629470825195,3820035
2010-03-08,36.83565496442341,37.34025297763469,36.538833929254544,37.1027946472168,3033943
2010-03-09,37.1621610757105,37.399619405924156,36.47946743741951,36.6872444152832,2203446
2010-03-10,36.50915440888847,36.92470463011837,35.79677938188819,36.479469299316406,4681734
2010-03-11,36.479469829854395,36.89502381283507,35.4999588481175,35.9451904296875,3133441
2010-03-12,35.79677963256836,36.034237976564675,35.49995858042657,35.79677963256836,3353023
2010-03-15,35.856144510252726,36.12328422448554,35.14377319086771,35.32186508178711,1998764
2010-03-16,35.55932059400099,37.637075429823675,35.55932059400099,37.01375198364258,3691269
2010-03-17,37.19184976533956,38.557233555580076,37.102801935015165,38.201045989990234,9995135
2010-03-18,36.80597669273444,40.18975255085341,36.80597669273444,39.98197555541992,21183005
2010-03-19,40.0710250047909,41.020854688872156,39.89293311268425,40.87244415283203,13210040
2010-03-22,40.24912021690194,40.634989144718176,39.47738236126948,40.16007614135742,4202924
2010-03-23,40.961490829233796,40.961490829233796,38.52754834152147,38.61659240722656,8484782
2010-03-25,38.58691266396197,40.13038826915064,38.497864838829535,39.50706100463867,9830780
2010-03-26,39.536744771979436,39.863247193513175,39.23991995020367,39.596107482910156,3616225
2010-03-29,39.47737723524928,40.42721063005328,39.26960024120908,39.83356475830078,5626010
2010-03-30,40.0710264297871,40.16007425686086,39.09151159909859,39.536746978759766,5431874
2010-03-31,39.83356524853467,39.83356524853467,38.675958601151024,38.883731842041016,4386575
2010-04-01,39.18056111224528,39.358653018349095,38.23072759780425,38.349456787109375,4323955
2010-04-05,38.586909640765015,38.73532016721976,37.726124080478854,37.874534606933594,8473601
2010-04-06,37.99326680046338,38.49786488395947,37.69644572395068,37.84485626220703,5878190
2010-04-07,38.022949544089755,40.36784416502439,37.99326443372167,39.83356475830078,24067274
2010-04-08,39.922613695289805,40.66466636111388,39.38833051790613,40.42721176147461,13493467
2010-04-09,40.36784666588636,40.84276339271032,39.53674614965195,39.92261505126953,17853192
2010-04-12,40.07102390717629,40.63498467982238,39.71483637701211,40.2787971496582,6248700
2010-04-13,40.33816200278406,40.367843356850635,39.71483478884991,40.21943283081055,4117743
2010-04-15,40.249116105216984,41.02085388201187,40.189753394251554,40.8427619934082,10058097
2010-04-16,40.9021246684958,40.9021246684958,39.77420311548293,40.01165771484375,3815665
2010-04-19,39.50706186593012,39.89293453134719,38.646279975145006,39.536746978759766,3797500
2010-04-20,39.56642532026025,40.66466549573276,39.21023779482026,39.98197555541992,3904704
2010-04-21,40.27879634533469,40.27879634533469,39.59610640959978,39.83356475830078,2179531
2010-04-22,39.77420701149384,39.86325108658603,39.12119459323795,39.18056106567383,5079864
2010-04-23,39.18055752873875,39.47737859700005,38.70564081495476,38.91341781616211,2172564
2010-04-26,39.061829442584234,39.65547535141443,38.58691271552007,38.675960540771484,2318809
2010-04-27,39.71483723933428,39.71483723933428,38.58691191384427,38.646278381347656,3186780
2010-04-28,38.052631053813656,38.82436881238307,37.39962247007856,37.48866653442383,8150146
2010-04-29,37.785491076923336,38.052630779447604,36.06391993209221,36.5091552734375,14044376
2010-04-30,36.80597823404811,36.80597823404811,35.94519261711474,36.3013801574707,7405869
2010-05-03,36.21233282997217,37.93390408744385,36.09360364822559,37.84485626220703,10706087
2010-05-04,38.05263326919043,39.002462967455564,37.45898736045752,37.84485626220703,11178088
2010-05-05,37.102795805808384,38.05262915713997,36.212328916788586,37.696441650390625,9204751
2010-05-06,37.39962112187029,37.844852694668475,36.30137723316996,37.16216278076172,5214642
2010-05-07,38.913412964949835,38.913412964949835,35.61868524630464,37.6370735168457,8013516
2010-05-10,37.69644109622643,38.70563713932679,37.19184307467625,37.399620056152344,6731301
2010-05-11,37.84485343531159,37.87453478960425,35.262500497705496,35.529640197753906,15710707
2010-05-12,35.025040193994045,35.32186123174234,32.205225312557126,32.5614128112793,34608967
2010-05-13,32.175545351386965,33.77838728709971,31.908405654719378,32.88792037963867,31470308
2010-05-14,32.88791780036004,34.16425347576563,32.4426825036941,33.89711380004883,12476786
2010-05-17,33.48156469267356,34.104895700352806,32.79887472894607,33.65966033935547,6422203
2010-05-18,33.57061197782204,34.965676994497095,33.57061197782204,33.77838897705078,6996047
2010-05-19,33.77838834114318,33.77838834114318,30.89921054008273,31.196033477783203,15216503
2010-05-20,31.46317264492006,37.19184491641174,31.403808058394812,31.522537231445312,16426452
2010-05-21,31.463174007477015,31.463174007477015,30.305567336883296,30.810165405273438,13456591
2010-05-24,31.46317315435944,31.997454441737556,30.780481337191997,30.988256454467773,9635914
2010-05-25,30.98825672994642,30.98825672994642,30.275883551629743,30.513341903686523,6564586
2010-05-26,30.632069650510783,31.16634903985694,28.791771263641078,29.771284103393555,60159830
2010-05-27,29.682240079794816,30.157156792395654,29.147958778118877,29.355735778808594,12594756
2010-05-28,29.504145235624968,30.21651840066985,29.38541606180855,29.800968170166016,7512981
2010-05-31,29.800969266779507,30.186838156955226,29.682240088594103,29.979063034057617,4335599
2010-06-01,30.06810725421976,30.06810725421976,28.791771478711173,29.088592529296875,6974175
2010-06-02,30.275882822372758,32.02713530982851,29.118276200759784,31.730314254760742,25953190
2010-06-03,32.620781745798496,34.37203426386162,31.938088049220767,33.06601333618164,32849916
2010-06-04,32.68014471826332,33.540930306772196,32.205228013471206,33.21442413330078,17244983
2010-06-07,32.08650018516044,32.858241740720565,31.522539391309486,32.29427719116211,15103880
2010-06-08,32.53173587079545,32.9472861311439,31.463175107557817,31.611587524414062,7173390
2010-06-09,31.759998565300556,32.41300720065508,31.58190291111722,31.700632095336914,6854854
2010-06-10,31.967772604584155,32.91760610162658,31.700632872467896,32.769195556640625,13737163
2010-06-11,33.24411064064688,33.36283982183247,32.17554800997652,32.29427719116211,7362165
2010-06-14,32.88791971391341,32.88791971391341,31.6412653175616,31.9677677154541,4734611
2010-06-15,31.492857251093938,32.50205338819922,31.374128072863467,32.26459503173828,9824889
2010-06-16,32.62078094482422,33.12537898829289,32.11618290135556,32.62078094482422,9109136
2010-06-17,32.91760172344525,33.1847414200308,32.234911805027444,32.47237014770508,8818519
2010-06-18,32.650466965462705,32.76919615476012,31.611589375891217,31.81936264038086,8877136
2010-06-21,32.05681690590892,32.35364171892205,31.997454196730654,32.08649826049805,3580583
2010-06-22,32.20523102380619,32.650466415093334,32.056820478613034,32.35364532470703,4566815
2010-06-23,32.20523097884476,32.887924743770924,31.55222232748194,32.769195556640625,4892510
2010-06-24,33.18474553510545,33.18474553510545,32.65046607568104,33.03633499145508,7258071
2010-06-25,33.15505982754468,33.9267975578401,32.91760148657576,33.57061004638672,8090583
2010-06-28,33.89711708349972,35.17345288253783,33.80806926439952,34.846946716308594,16037850
2010-06-29,34.72821753802443,34.84694671157281,33.837750614265204,34.015846252441406,5648323
2010-06-30,33.95647901885679,35.55932094760937,33.48156233541793,35.23281478881836,8606762
2010-07-01,35.143769670940664,35.678049045893964,34.728215707570705,35.470272064208984,11623151
2010-07-02,35.499959046383914,35.618688219940466,34.312667310818455,34.431396484375,3838955
2010-07-05,34.43139570229565,35.91550846018852,34.015845482140236,35.23281478881836,5591373
2010-07-06,35.321860987819974,35.440590153240784,34.66885245585899,35.1734504699707,2932742
2010-07-07,35.02504348754883,35.29218319778399,34.46107895594663,35.02504348754883,2071691
2010-07-08,35.02504509282677,35.85614561704799,34.935997266764666,35.084407806396484,1812326
2010-07-09,35.32186460184712,40.16007201528894,35.32186460184712,39.596107482910156,68374599
2010-07-12,39.89293076373987,42.20814400334109,38.55722850661163,41.614498138427734,51195253
2010-07-13,41.40673054571808,41.40673054571808,39.002465404073945,39.18056106567383,30082140
2010-07-14,39.47738277725133,39.71484115928774,37.815177858704246,38.23072814941406,18071178
2010-07-15,38.23071861976276,38.88372712973561,37.72612062264189,38.022945404052734,21738261
2010-07-16,37.4293065382367,38.61659461694308,32.65046535506257,38.55723190307617,9372468
2010-07-19,38.4681842973079,39.328969943270515,38.11199674493982,39.121192932128906,12991181
2010-07-20,39.15087073814769,39.536743368327485,38.70563915485194,38.85404968261719,6761053
2010-07-21,38.943096682257156,39.47737607325455,38.23072165712252,38.408817291259766,4546291
2010-07-22,37.75580654968346,39.121190193664425,37.63707737387176,38.883731842041016,11545843
2010-07-23,39.1805585541882,41.050540346874044,38.34945428331421,40.75371551513672,30528372
2010-07-26,40.9021271887683,41.02085637361815,39.803886923541675,40.1007080078125,10701108
2010-07-27,40.21943528298694,40.961491714137736,40.10070610377452,40.72403335571289,11474672
2010-07-28,40.81307983026128,41.673865412177314,40.367844484001935,41.22863006591797,15238768
2010-07-29,41.228632241350425,41.34736142290386,39.68515663686339,40.75371551513672,10262994
2010-07-30,40.72403174325945,42.208144546798124,40.04134180659945,41.911319732666016,17249796
2010-08-02,42.20814055764789,42.74241991459999,41.28799235892961,42.59400939941406,9744717
2010-08-03,42.74242321220404,43.27670261037612,42.178458704139,43.128292083740234,17034434
2010-08-04,43.30638059272641,44.701449199322475,42.772101236153325,44.523353576660156,13907283
2010-08-05,44.76081502506485,44.76081502506485,41.85195595719258,42.14877700805664,15519173
2010-08-06,42.44560322148726,42.97988263303414,42.030049229655404,42.475284576416016,10152959
2010-08-09,42.59401429257998,43.39543342007452,42.03004976323736,42.3565559387207,8870966
2010-08-10,42.50496648054966,42.92052047775087,41.55513682060553,41.94100570678711,6402436
2010-08-11,42.44560127858699,42.801788788549935,41.762907612231245,42.26750564575195,6825788
2010-08-12,42.11909651945085,43.09861126541651,41.703546288562215,43.00956344604492,12788897
2010-08-13,43.039244265475816,43.27670261037612,42.53464622148946,43.128292083740234,5790405
2010-08-16,43.187661038565665,44.46399689923408,42.53464867457525,42.80179214477539,5781006
2010-08-17,42.80179014647165,42.83147150098344,41.911319465459826,42.17845916748047,4593600
2010-08-18,42.326874542585074,42.41591860841588,41.050538708603185,41.52545166015625,3236497
2010-08-19,40.36784500298947,41.673865947955655,39.8632469404521,41.52545166015625,9983600
2010-08-20,41.228633587141346,41.55513978599801,40.427214402276306,41.49577331542969,3261781
2010-08-23,40.545939859346014,42.62369477973433,40.545939859346014,41.911319732666016,5730025
2010-08-24,41.911319675415946,41.911319675415946,39.95229393221501,40.249114990234375,4893616
2010-08-25,40.39752479821958,42.29718779819392,40.10070374549794,41.88163757324219,12099782
2010-08-26,42.14877698850621,44.52335666143886,40.516253698096705,41.31767654418945,8367595
2010-08-27,41.10990115584103,41.941005388223424,40.9021241588186,41.37704086303711,3089070
2010-08-30,40.99117386071592,42.23782838864008,40.99117386071592,42.000370025634766,3369420
2010-08-31,41.85195734437555,42.742424282189454,41.08021958198398,42.475284576416016,7761660
2010-09-01,42.594015142077765,43.039246747663114,42.208146248287484,42.80179214477539,4179145
2010-09-02,42.32687484718923,43.03924615749908,42.20814566951969,42.504966735839844,3024946
2010-09-03,42.59401732215981,43.03924895053336,41.941008680454004,42.32687759399414,2795637
2010-09-06,42.44560188300916,42.86115210602975,42.17845842995249,42.5643310546875,6485003
2010-09-07,43.009562981160414,44.523357115578676,42.801789745815526,43.95939636230469,24384635
2010-09-08,43.87034829694654,45.29509460493573,43.06892920289772,45.05763626098633,20472234
2010-09-09,45.057638716424684,46.09651996674445,44.760817648166125,45.56223678588867,21846571
2010-09-13,45.71065023097575,45.94810858347724,44.048441763465306,44.2859001159668,4577691
2010-09-14,44.523354971499764,44.76081330535072,43.95939424538402,44.43431091308594,5774208
2010-09-15,44.463992265890546,45.11700080612716,43.92970913687236,44.43431091308594,8324081
2010-09-16,44.404627414584056,44.87954409950536,44.226535535592156,44.493675231933594,5616784
2010-09-17,47.49157991962433,47.49157991962433,43.484477147974374,45.79969024658203,29412633
2010-09-20,46.30429321224248,46.30429321224248,45.235734361945745,45.56223678588867,7858614
2010-09-21,45.71065271608211,45.8887446122867,44.849867080393544,45.206050872802734,4025996
2010-09-22,45.20605173390132,46.36366222625812,44.87954929202232,45.23573684692383,5218994
2010-09-23,45.47318782783117,45.65127969848962,44.849860646966086,45.38414001464844,4172325
2010-09-24,45.354461938066,46.60111638984083,45.057637124586535,45.91842269897461,9628483
2010-09-27,46.30429184852149,46.54175019841784,45.206047919177664,45.651283264160156,4281672
2010-09-28,45.651279576718125,45.94810436796646,44.16716688759745,44.553035736083984,5269801
2010-09-29,45.087319910041415,45.087319910041415,43.63288853939817,43.900028228759766,3222503
2010-09-30,43.92971232734325,44.463995495164674,42.65337650697855,43.72193908691406,14316745
2010-10-01,43.929714487258046,44.25622067499645,43.51416423026077,43.662574768066406,5409329
2010-10-04,44.10780963032482,45.05763931479039,42.2675092178433,42.95020294189453,7341254
2010-10-05,43.039242656109636,43.662569849238075,42.80178807579569,43.06892776489258,5594358
2010-10-06,43.18765854781893,43.72193794599101,42.80178967628272,43.128292083740234,4324716
2010-10-07,43.36574988092603,44.28589813901273,42.47528297665018,42.83147048950195,10799433
2010-10-08,43.0392475470024,43.57353074161812,41.73323030618066,42.000370025634766,8890868
2010-10-11,42.297191101537656,42.712745114650716,41.88164084413211,42.000370025634766,2195063
2010-10-12,42.23782993796818,43.69225777009131,42.14878210964794,43.30638885498047,12767780
2010-10-13,43.632890731021945,43.98907825329728,42.74242380318725,43.840667724609375,4625629
2010-10-14,43.92971118726507,44.49367569541056,42.86115239076847,43.54384231567383,11527107
2010-10-15,43.63289209355953,43.92971316020426,42.74242513791795,42.9205207824707,2546394
2010-10-18,41.555136537196084,43.721939307239076,41.555136537196084,43.03924560546875,9411702
2010-10-19,43.3360690681525,43.69225282974394,42.23782516207509,42.71274185180664,4268988
2010-10-20,42.65337867217212,42.89083703532288,41.25831360544199,41.58481979370117,4078110
2010-10-21,41.85195871039474,43.157975926960695,41.70354817519963,42.80179214477539,10593423
2010-10-22,42.979880767888595,43.92971037434141,42.979880767888595,43.51416015625,14762947
2010-10-25,43.63289204584677,43.87035040118585,42.237827025010226,42.504966735839844,5246715
2010-10-26,42.74242423406805,42.74242423406805,40.96149036044529,41.22863006591797,7872256
2010-10-27,40.96149257441631,41.25831365082753,39.061829422827984,39.92261505126953,10924831
2010-10-28,40.071029814079196,40.634990669859214,38.11199998724774,38.82437515258789,12280665
2010-10-29,39.4476977885003,40.16007286905775,38.91341835593594,40.041343688964844,5692358
2010-11-01,40.21943607600006,41.436409247995805,40.21943607600006,40.75371551513672,6709782
2010-11-02,40.931810394083016,40.931810394083016,39.74451860091971,39.8929328918457,3966238
2010-11-03,41.2286314215238,41.2286314215238,39.26960184270109,39.477378845214844,4179627
2010-11-04,39.83356722606316,40.189754771181136,39.50706103744481,39.92261505126953,3053533
2010-11-08,40.308480397103864,41.10989948614206,39.83356371217433,40.902122497558594,3552865
2010-11-09,40.694353343497305,41.79259359284002,40.694353343497305,41.46609115600586,4098038
2010-11-10,39.18055910509322,41.82227873716694,39.18055910509322,41.050540924072266,3005220
2010-11-11,41.10990251277921,41.169268980619734,40.69435226072538,40.87244415283203,1556292
2010-11-12,40.39752373854439,42.089413459516194,40.189750509372274,41.287994384765625,4313943
2010-11-15,39.35864632556244,41.73322595216912,39.35864632556244,41.287994384765625,3011602
2010-11-16,41.228627057914714,41.82227289104621,40.634981224783225,41.25830841064453,7897059
2010-11-18,41.436406524515526,42.26750698505648,40.39752531527845,41.762908935546875,10436269
2010-11-19,41.822276288011,45.295096243565084,41.13958258553203,43.8703498840332,37280810
2010-11-22,44.82017837287138,45.02795536486706,42.56433159382388,42.86115264892578,7263213
2010-11-23,42.62369369400489,44.137487813684565,41.43640573484145,42.14877700805664,6590683
2010-11-24,42.14877862953851,42.38623698164777,40.961490624699586,41.37704086303711,8652897
2010-11-25,41.406724898118696,41.61449813403602,40.60530204164344,41.19894790649414,6612646
2010-11-26,41.198948976808836,41.79259110137463,39.47737780187041,41.37704086303711,11269360
2010-11-29,43.632894053542586,43.632894053542586,40.36784715095558,41.46609115600586,8104268
2010-11-30,41.19894618550727,43.30638234520653,40.39752336250952,43.06892776489258,15746051
2010-12-01,43.00956452446102,43.157975056663375,41.88163922173277,42.7721061706543,4399692
2010-12-02,42.861152855495234,43.33606955051294,41.82227540192445,42.17845916748047,4108864
2010-12-03,42.68305761060034,42.68305761060034,41.43640326223066,41.6441764831543,5569768
2010-12-06,41.851959228515625,42.119098946315475,41.49577168621334,41.851959228515625,1895447
2010-12-07,42.03004809960301,42.03004809960301,41.584816520520555,41.88163757324219,6124007
2010-12-08,41.76291140401318,42.20814677081792,41.555138154450795,41.851959228515625,7048650
2010-12-09,41.73322896017385,42.05973513770235,39.23991998474131,40.42721176147461,10635307
2010-12-10,40.219435051857,41.8519584398656,39.596107803500715,41.4067268371582,6027430
2010-12-13,41.792593036948574,41.792593036948574,39.68515663686339,40.75371551513672,4856010
2010-12-14,41.55513709423442,42.32687487167925,40.10070560586789,41.673866271972656,8592134
2010-12-15,41.436410600569005,42.03005277200638,40.99117521628334,41.49577331542969,6931369
2010-12-16,41.49577363684895,41.70355065188602,40.100708514032966,40.39752960205078,9270924
2010-12-20,40.27879381277387,40.397522979659186,39.06182454683325,39.32896423339844,8867959
2010-12-21,39.62578802997993,40.36784443571975,39.3883296796866,39.98197555541992,4462315
2010-12-22,40.07102581981634,40.81308227081748,39.92261528075762,40.486576080322266,4580137
2010-12-23,40.36784369570316,41.377039788095736,39.89293075952983,41.19894790649414,6192893
2010-12-24,41.10990173878919,42.08941651620278,40.96149120554325,41.673866271972656,9407934
2010-12-27,42.030051155910904,42.030051155910904,40.07102530522023,40.189754486083984,3928986
2010-12-28,40.367845557386936,40.961491449615394,40.071024489126415,40.57562255859375,3764742
2010-12-29,41.198952229711,41.55513978599801,40.54594358770531,41.49577331542969,3654205
2010-12-30,41.58482146553736,42.059738210932,40.01166068534456,40.39752960205078,8594881
2010-12-31,40.54593801671934,41.64417813640558,40.42720884760365,41.287994384765625,3897880
2011-01-03,41.436410021911406,42.68306457365263,41.436410021911406,42.030052185058594,1801712
2011-01-04,42.44560007690752,42.44560007690752,41.139579244018236,41.25830841064453,2936729
2011-01-05,41.5551332050638,41.584814557793614,40.78339174413934,41.25830841064453,3269114
2011-01-06,41.436410345761615,41.644183602203974,40.961493606966044,41.34736251831055,2164869
2011-01-07,41.37704227037574,41.495771450468645,39.536745612496844,40.041343688964844,4221070
2011-01-10,39.89293034895632,40.605301623738285,39.002459682991265,39.388328552246094,2227334
2011-01-11,39.18055803419822,39.8929331140644,38.646278602152314,39.625789642333984,3884129
2011-01-12,39.77419993081138,40.90212139351295,39.299283258700974,40.30847930908203,5411636
2011-01-13,40.36784666588636,40.63498638579796,39.50706103744481,39.92261505126953,3292522
2011-01-14,39.863248299781795,40.72403392211712,39.655475050050846,40.189754486083984,3813691
2011-01-17,40.07102525982469,41.64418220985284,39.62578989316314,41.02085494995117,5420981
2011-01-18,41.25831223728836,41.851958125479584,40.575622282649,40.8427619934082,6928923
2011-01-19,40.84276145503033,41.46608869048774,40.07102368840827,40.961490631103516,2050428
2011-01-20,40.78339632892497,41.52545276483304,40.60530443681832,40.87244415283203,7529698
2011-01-21,40.813076547330105,40.842757899837935,40.24911207114639,40.6943473815918,3496705
2011-01-24,40.51625422298902,41.406724898118696,40.160070459785835,41.19894790649414,2099164
2011-01-25,42.50496372717683,43.15797228028317,42.0003656967255,42.534645080566406,12339393
2011-01-27,42.742423954245716,43.06893012307884,41.555135964839145,41.911319732666016,14954532
2011-01-28,41.94100598295684,41.94100598295684,40.783395561082195,41.673866271972656,2565002
2011-01-31,40.367846369084646,41.970688432476976,40.367846369084646,41.43640899658203,4259548
2011-02-01,41.584820711502964,41.584820711502964,38.94310105778072,39.536746978759766,3508045
2011-02-02,39.77420367772093,41.22863142843883,39.150872670075124,40.72403335571289,7437063
2011-02-03,40.96149331151195,42.742427313441915,40.219436851423204,42.44560623168945,3318459
2011-02-04,42.386237253138944,43.157975024583465,41.08022006388012,41.52545166015625,5466028
2011-02-07,41.73322669618528,42.44560172357957,40.75371197244491,40.902122497558594,6303569
2011-02-08,40.96149226040501,41.67386734517987,40.160073106813904,40.60530471801758,3745814
2011-02-09,40.36784162686462,40.36784162686462,38.82436621306263,39.32896423339844,6209098
2011-02-10,37.51835038769506,42.0300476130929,34.223618713227744,38.408817291259766,25546040
2011-02-11,38.46817800898889,38.46817800898889,36.92470262341044,37.78548812866211,10371138
2011-02-14,36.92470445227708,38.527546377454314,30.899209372781893,37.57771301269531,3334590
2011-02-15,37.102794083638784,38.23071925813752,33.86743283117966,36.805973052978516,30667368
2011-02-16,36.80597370087474,37.84485108217999,36.50915266498952,37.518348693847656,4849796
2011-02-17,37.399624653567194,39.00246297384746,37.043437108269075,38.675960540771484,4356951
2011-02-18,35.73741224112279,38.675956355024546,35.73741224112279,37.696441650390625,5824974
2011-02-21,37.78549107867057,38.23072266432917,36.86534279707696,37.34025573730469,2087510
2011-02-22,36.95438651658115,36.984067870873815,34.55012546043826,35.529640197753906,17668267
2011-02-23,36.39042631217813,36.39042631217813,34.965676216110694,35.410911560058594,9867326
2011-02-24,35.410910678077954,35.79677954722521,34.015845727205985,34.55012512207031,12940855
2011-02-25,34.57980974832327,35.38123267216477,34.134578129040264,34.66885757446289,6881497
2011-02-28,34.72821781157721,34.93599480585034,33.066013124514015,34.16425704956055,16317146
2011-03-01,34.16425710385323,35.7967804388167,33.71902175990534,35.410911560058594,8038648
2011-03-03,35.025039921070366,35.61868574764815,34.49076055500385,34.75790023803711,3160278
2011-03-04,34.90631272043578,36.30137767463373,34.787583548437624,35.79677963256836,6790042
2011-03-07,35.589002906339225,35.73741343350976,34.78758380619401,35.529640197753906,5265874
2011-03-08,35.44059167318761,37.280891938282025,35.44059167318761,36.746612548828125,3578205
2011-03-09,36.74661168341649,37.1324805395687,36.44978688627143,36.71692657470703,4541820
2011-03-10,36.68724608571816,37.013752243555075,36.12328158685569,36.746612548828125,2096427
2011-03-11,36.50915663249695,36.50915663249695,35.707733739383784,36.00455856323242,2515621
2011-03-14,36.093596083806496,36.50915001068238,35.38122489833176,36.18264389038086,1328119
2011-03-15,35.61868962794459,35.97487340698689,34.75790402455966,35.58900451660156,5160878
2011-03-16,35.49995911206237,36.15296768997787,35.38122993828616,35.67805099487305,2102396
2011-03-17,35.470274322075305,37.63707706841962,35.4405929672901,36.65756607055664,10141393
2011-03-18,36.80597770063818,37.22152794717738,35.826462917781754,36.00455856323242,5537048
2011-03-21,36.09360149452507,36.77629518775855,35.97487231986304,36.24201202392578,3720038
2011-03-22,36.68724849314669,37.280894384665785,36.331060958235234,36.83565902709961,3415351
2011-03-23,36.77629356901938,37.10279596818821,36.063918552402995,36.59819793701172,5771397
2011-03-24,36.805973052978516,37.13247919127036,35.35154174018794,36.805973052978516,4273720
2011-03-25,36.895022594971245,38.527545851587924,36.7169269636562,38.11199188232422,5344765
2011-03-28,38.111995962723476,39.59610885594317,37.488668697799504,39.09151077270508,4487951
2011-03-29,39.18055857199896,40.60530499558024,38.64627913261942,39.50706100463867,8440612
2011-03-30,40.219436946336906,40.219436946336906,38.52755076722304,39.121192932128906,6575977
2011-03-31,39.4476977885003,40.516256653629014,39.06182889212521,40.041343688964844,6722599
2011-04-01,40.07102390717629,40.36784497112609,39.74451773226562,40.2787971496582,1442871
2011-04-04,40.36784773479777,40.634987461783034,39.8632496381128,40.1007080078125,1704565
2011-04-05,48.02585874157872,48.02585874157872,40.249111618208595,41.6441764831543,37354229
2011-04-06,41.76291112622507,41.851958950135206,39.21023939026578,39.625789642333984,9626385
2011-04-07,39.47737636998404,39.655472005459934,38.4088175799575,39.388328552246094,8035452
2011-04-08,39.41801446719757,40.27879628532209,38.616591602598945,39.00246047973633,6984859
2011-04-11,38.64628158560725,38.972784038970985,37.39962697745465,38.76500701904297,8989040
2011-04-13,38.586912134309735,39.74451882231168,38.141680526173964,39.625789642333984,3307566
2011-04-15,39.59610828626643,39.92261447013196,38.91341831817527,39.625789642333984,2239267
2011-04-18,39.47738050880807,40.27879968534907,39.239922140416446,39.536746978759766,4389822
2011-04-19,39.47737644490288,40.81307869067812,39.180555392822704,40.21943283081055,2856092
2011-04-20,41.52545140729583,41.52545140729583,40.27879693618212,40.54594039916992,3262600
2011-04-21,40.84276365661033,40.93181148239207,39.95229666591553,40.07102584838867,1162111
2011-04-25,40.0710266137485,41.080222806192175,39.596109874784986,40.516258239746094,2147538
2011-04-26,40.07102474789827,41.020854425890235,39.9226142128096,40.72403335571289,2565292
2011-04-27,41.080223083496094,41.85196091166747,40.842764712411416,41.080223083496094,8744333
2011-04-28,41.49576944304737,41.49576944304737,39.8335647578658,40.249114990234375,6728392
2011-04-29,40.308480397103864,41.40672429207661,40.308480397103864,40.902122497558594,4812343
2011-05-02,41.258313597811906,41.258313597811906,40.27879878892301,40.75371551513672,3426504
2011-05-03,40.427214167971144,41.25831470544969,40.24911851300602,40.516258239746094,2984737
2011-05-04,40.634989144718176,40.72403697597047,39.71484074080374,40.16007614135742,2469859
2011-05-05,39.80388559815817,40.130388028842724,38.735322970090316,38.94309997558594,1590828
2011-05-06,38.97277830240881,39.625786868725044,37.785490341443584,38.14167785644531,2174214
2011-05-09,36.86534311123026,39.09150856990843,36.86534311123026,38.735321044921875,2214102
2011-05-10,38.794687241712985,39.18055611885037,38.6462767129228,39.00246047973633,1231537
2011-05-11,39.566422567169056,39.80388090093968,38.735318398971884,39.32896423339844,1114619
2011-05-12,39.21023995439096,39.74451939412364,38.91341887803002,39.09151077270508,753557
2011-05-13,39.2399191496801,40.66466549573276,38.64627702965409,39.98197555541992,1976076
2011-05-16,39.32896670623798,40.60530251372539,39.32896670623798,39.83356475830078,992385
2011-05-17,40.36784443901117,41.25831137483011,39.29928561831138,39.56642532348633,1072630
2011-05-18,39.180554516697946,39.92261088601233,39.180554516697946,39.358646392822266,2295917
2011-05-19,39.35864886428369,39.74451774987231,39.2399196875097,39.447696685791016,988797
2011-05-20,39.35864996450375,40.249116937346834,39.29928725231103,40.041343688964844,1033883
2011-05-23,39.7148386248491,39.7148386248491,38.230725709685444,38.55723190307617,4247800
2011-05-24,38.468184076568235,38.94310081033382,37.963585985869194,38.55723190307617,4698510
2011-05-25,38.67596189085987,38.79469107677046,37.8745389470364,38.5869140625,2986893
2011-05-26,38.290089455469165,39.507058804539085,37.99326464012672,38.735321044921875,11109275
2011-05-27,36.98407062082691,40.07102558947514,36.98407062082691,39.92261505126953,1812127
2011-05-30,39.95229742900762,40.69435389471122,39.47738069004411,40.516258239746094,1538777
2011-05-31,40.66466769004477,41.109903059797,40.36784661401496,40.75371551513672,1260864
2011-06-01,40.81308035497297,41.673865947955655,40.664666067173556,41.52545166015625,2734462
2011-06-02,41.080220371279786,42.89083563662466,41.02085390457432,42.08941650390625,4797923
2011-06-03,42.29719139002378,42.74242676262234,41.555138695205414,41.73323059082031,3068905
2011-06-06,41.55513407634915,41.64417813640558,40.991169584122844,41.287994384765625,1373672
2011-06-07,40.96148982951655,42.11909645679611,39.77420184772637,41.762908935546875,1440561
2011-06-08,41.406727359182796,42.29719057582386,41.317679535235705,41.703548431396484,1669798
2011-06-09,41.52544960904545,42.9798810142634,41.3176763766623,42.83147048950195,5872268
2011-06-10,42.53464867457525,43.30638646215581,42.44560460688265,42.80179214477539,5167233
2011-06-13,42.623694836560794,43.15797424472069,42.44560295240992,42.74242401123047,6813507
2011-06-14,43.395430985980006,43.92971037434141,42.83147024397788,43.51416015625,23322090
2011-06-15,43.33606776835526,44.40462653249429,43.03924296832222,44.048439025878906,12061158
2011-06-16,43.63288994529943,45.2357318888215,43.39543160139193,44.642086029052734,8461920
2011-06-17,44.58272158870484,46.482384510447865,44.58272158870484,46.09651565551758,20989559
2011-06-20,46.09652108553176,47.78840722480037,44.19685794001485,46.98698806762695,14203476
2011-06-21,47.07602545525341,47.63998992543676,45.65127923725948,46.33396911621094,10940698
2011-06-22,47.07603332651763,47.25412898086189,44.01876340258628,44.256221771240234,9052513
2011-06-23,43.98907422008707,45.384139070976204,43.98907422008707,44.523353576660156,8047444
2011-06-24,44.968591916854905,45.35446078442667,44.13748771824262,44.493675231933594,6307476
2011-06-27,44.34526446039498,45.56223376410912,44.07812476553804,45.17636489868164,7776548
2011-06-28,45.79969033442957,46.45269886946576,45.26541096537332,46.21524429321289,9124576
2011-06-29,46.601118909169784,47.63999642324305,45.7403332882463,46.83857727050781,7003525
2011-06-30,46.98698804298935,47.90713638100682,46.74952968046081,47.40253829956055,14414518
2011-07-01,47.78840607993753,48.08522714828917,46.27461187107079,46.80889129638672,5015368
2011-07-04,47.194760187526825,47.194760187526825,46.244930515377106,46.80889129638672,1991626
2011-07-05,46.45270407357839,46.45270407357839,45.05763903380466,45.71065139770508,5110294
2011-07-06,45.888741138119286,46.83857452785347,45.65128279068574,46.60111618041992,5180617
2011-07-07,46.838578575733685,48.41173556880211,46.36366183982337,47.996185302734375,5581923
2011-07-08,49.2428415121587,50.162989902139046,47.907139086432366,48.47110366821289,8251680
2011-07-11,48.53046616580054,48.56014752373224,47.07603455865464,47.4915885925293,8390125
2011-07-12,46.927620210420145,47.16507856604629,46.2152488992491,46.66048049926758,5158376
2011-07-13,46.601115146635564,48.4414116648601,46.601115146635564,48.08522415161133,23222669
2011-07-14,47.7290450358105,48.38205366241932,47.550949384012384,48.11491394042969,3666689
2011-07-15,48.144594753231985,48.382053115808354,47.788407209367435,48.233642578125,2480888
2011-07-18,48.53046530651278,48.53046530651278,47.550950466448384,47.87745666503906,2985337
2011-07-19,47.81808525216229,48.02586224394538,47.37285366996498,47.69935607910156,1501513
2011-07-20,47.46190370020356,47.8477688359965,46.95730187440279,47.22444534301758,2772100
2011-07-21,46.89793777169765,47.72904199719324,46.39333971657358,47.3134880065918,2646976
2011-07-22,47.49158529806002,50.9940866951421,47.43221883060714,50.697265625,8807296
2011-07-25,51.053453912783134,56.04007200097224,50.72694772626314,54.88246154785156,32601446
2011-07-26,54.08103915862555,55.060553903892284,53.19057223266687,53.5170783996582,14725532
2011-07-27,53.66548972502711,54.91214419102496,53.4280313738173,54.37786102294922,10841056
2011-07-28,53.99198965386863,54.22944799413926,52.65629118448026,53.45771026611328,168073907
2011-07-29,53.36866417945269,56.6337108304449,52.09232837590784,56.01038360595703,70338996
2011-08-01,56.39625472892813,58.681786724521565,56.39625472892813,58.444332122802734,19621236
2011-08-02,58.44433041351843,59.18638681984617,55.98070284405374,56.30720901489258,11365661
2011-08-03,55.20896775773389,56.782124711259364,54.615321852767906,56.54467010498047,12679543
2011-08-04,56.69307952643247,58.11782591460073,56.33689199046355,57.61322784423828,30339999
2011-08-05,55.80260990232156,58.23655231510442,54.73404734539017,56.9602165222168,27076807
2011-08-08,55.683881780315374,57.34608647787412,55.20896507938222,56.72275924682617,21557354
2011-08-09,54.615318628428426,57.286719409501885,54.615318628428426,56.01038360595703,20615555
2011-08-10,56.693081212905945,57.167994185951194,54.76373669698219,55.17928695678711,15617500
2011-08-11,55.26832774092433,56.51498220193252,54.912143971242536,55.476104736328125,18528200
2011-08-12,55.80261252373855,57.88036751515015,55.06055609660372,55.53546905517578,12268388
2011-08-16,55.80261363908633,56.782124687231345,54.52627776073019,54.88246154785156,10701611
2011-08-17,54.76373454251943,56.54466844957101,53.24994034595484,56.06975173950195,8658799
2011-08-18,56.45561814246595,57.969412272396966,55.86197228101049,56.3962516784668,8394535
2011-08-19,55.35737694787139,56.81180844071612,53.57644303202174,55.8026123046875,20753374
2011-08-22,55.802607300408525,56.247838861589656,54.08103625014452,54.79341125488281,8409881
2011-08-23,55.743244975426485,56.27752814648186,55.00118856268428,55.772926330566406,9298998
2011-08-24,55.802614196372765,56.930535793033854,55.06055774699544,55.5948371887207,26637461
2011-08-25,56.69307902982212,59.245750715011134,55.56515372032113,58.56306076049805,23296497
2011-08-26,58.77083393172813,59.27543199704528,56.425939249199814,56.90085220336914,12736156
2011-08-29,59.275432271564746,59.36448009400588,56.90085246689133,57.04926300048828,4817846
2011-08-30,57.58354440061519,60.40335571897271,57.524177935585854,59.33479690551758,19072756
2011-09-02,59.66130039374843,60.34399409750295,58.770833447913816,59.51288986206055,12663005
2011-09-05,60.46272164157765,60.46272164157765,58.948927498958604,59.869075775146484,12791972
2011-09-06,59.72066961796852,61.56096630502164,57.88036917520788,58.50369644165039,12579400
2011-09-07,58.53337377457027,59.78002822175893,58.53337377457027,59.18638610839844,7261616
2011-09-08,59.36447658915645,60.106532969037964,58.889559905119135,59.275428771972656,6307649
2011-09-09,59.36448266078788,60.43304155345385,56.24784629766621,57.13831329345703,10997846
2011-09-12,56.84148528772096,59.03796927485789,55.95101840042684,58.68178176879883,12565935
2011-09-13,58.77083426883859,59.423842870811036,58.02877784432664,58.71147155761719,7007852
2011-09-14,59.3644771090597,60.373673193623766,57.88036433629909,58.325599670410156,5603554
2011-09-15,58.17718889069089,58.711472074928146,56.752442496042256,57.76163864135742,9799145
2011-09-16,57.85068398660704,58.35528203764981,56.5743481816997,56.841487884521484,7269977
2011-09-19,56.84149278070495,58.29592059420514,56.4259425133774,57.43513870239258,6534110
2011-09-20,57.99909430877097,58.85987987907978,57.25703791214983,58.355281829833984,6501340
2011-09-21,58.32560426300318,59.51289232127512,58.17718996947512,58.770835876464844,8347211
2011-09-22,56.45561900718848,58.83019873367421,55.80261042743905,56.42593765258789,8139720
2011-09-23,55.29801398705392,58.08814402633734,55.29801398705392,57.31640625,6071515
2011-09-26,57.138308942343755,57.73195481290037,56.36657118847379,57.25703811645508,3833228
2011-09-27,57.583542957422345,59.18638489314096,57.583542957422345,58.17718505859375,6346836
2011-09-28,58.47401100352166,58.62242153170443,56.69307715391383,58.355281829833984,7302096
2011-09-29,57.88036486765551,58.53337344206694,56.9602165926079,58.206871032714844,5454782
2011-09-30,58.177189453510444,60.4924065923833,57.58354730749315,58.47401428222656,12894999
2011-10-03,58.177185388568326,58.77083124881401,57.31640358584609,58.325599670410156,3792816
2011-10-04,58.17718889069089,59.364480682654296,57.049263566179384,57.76163864135742,4861380
2011-10-05,58.177190627655534,58.62242600186182,55.80261448424719,56.1588020324707,3825211
2011-10-07,56.69307893085866,56.96021864110214,51.083133748623624,53.57644271850586,25193445
2011-10-10,53.13120718100637,55.26832470451434,51.11281131469098,54.6746826171875,15664134
2011-10-11,55.208965603672006,57.286720556424925,54.6746861879021,56.60403060913086,11435438
2011-10-12,56.69307735540779,57.286719470248755,55.65419614302153,56.42593765258789,8806296
2011-10-13,56.54467035620609,58.53337757418976,54.348182375926804,55.861976623535156,9304696
2011-10-14,55.62451584308112,56.93053302734254,54.46690919034387,56.60403060913086,4120035
2011-10-17,56.54467031379013,58.11782727312501,55.80261386876924,57.5241813659668,4799878
2011-10-18,57.4351354030968,57.583545936066535,55.80261202901495,56.06975173950195,4245085
2011-10-19,56.24784390579621,56.693079262612315,54.37786216744186,55.8026123046875,8173327
2011-10-20,55.17928801448781,55.59483828225817,54.555960734978456,55.35737991333008,5969431
2011-10-21,55.208966677284174,55.446425034623466,53.57644328735714,54.288818359375,11544710
2011-10-24,54.91214667165959,56.30721173125826,54.40754859147056,55.713565826416016,5741104
2011-10-25,55.743248565973104,56.188483944579964,54.88246292151873,55.20896911621094,7043466
2011-10-28,56.633714149979525,57.25704141100316,54.08104239326724,54.88246154785156,8118189
2011-10-31,55.20896857054132,56.27753121521188,54.49659347409429,56.1588020324707,9333300
2011-11-01,55.921337946092564,56.69307567710567,55.505783971156916,56.36656951904297,5758607
2011-11-02,55.50578748157429,56.48530226200381,55.268329125366684,55.8026123046875,3876394
2011-11-03,55.50578748610035,57.8210045814596,55.50578748610035,57.46481704711914,9178100
2011-11-04,58.177190279459076,58.62242565100058,57.70227730704434,58.0881462097168,12361538
2011-11-08,58.177186399037375,58.32560068345699,56.57434818209543,57.25703811645508,3795161
2011-11-09,57.28672527079446,57.91005255905807,55.980707979055296,56.21816635131836,2471579
2011-11-11,55.80261175595679,56.81180788206156,55.62451611269867,56.336891174316406,3734420
2011-11-14,56.960214146487075,58.206868533057225,56.69307445732306,57.7022705078125,6219424
2011-11-15,57.58354510995191,58.11782452326094,55.832292583476914,56.040069580078125,2580533
2011-11-16,56.48529778166189,61.234457017701935,56.336887259730716,58.68178176879883,23798710
2011-11-17,58.65210423600089,59.33479793934312,57.93973293318782,58.2662353515625,7549764
2011-11-18,58.17718837808755,58.77083426883859,56.75244199599245,58.71147155761719,6632558
2011-11-21,58.4146420781813,60.076850439790284,57.19767279378003,58.68178176879883,11388590
2011-11-22,58.77083454748327,59.24575126233578,57.286721691422876,58.444332122802734,7628045
2011-11-23,58.32560174245424,58.32560174245424,52.9531149667119,55.772926330566406,45071605
2011-11-24,55.20896718982159,56.8118092388882,55.17928583380549,56.24784469604492,14050783
2011-11-25,55.53546991156018,58.1178267684955,55.53546991156018,56.81180953979492,7643449
2011-11-28,57.583543284029844,59.24574793701056,57.10862659583329,58.325599670410156,13969803
2011-11-29,58.47401370950989,59.30511796378441,56.15880034902059,56.514984130859375,17206870
2011-11-30,56.693078983880554,58.97861095650768,55.41673938661295,58.14750671386719,84754349
2011-12-01,57.999091264790984,58.414641473034784,54.49658645838833,54.79341125488281,17890134
2011-12-02,55.06055824838869,57.85068842025872,54.555960158673734,57.55386734008789,11128419
2011-12-05,57.464816235139274,58.08814347250058,56.663393355270536,57.850685119628906,4254016
2011-12-07,57.910048919530595,58.14750727686988,54.14040406925738,54.288818359375,23157836
2011-12-08,54.61531962242718,54.793415264497774,51.46900208815575,52.03296661376953,23727139
2011-12-09,51.290908007892476,52.09232709580853,49.391245026541434,51.261226654052734,22832914
2011-12-12,52.359471551540665,52.47820073339993,47.93681797762493,48.797603607177734,18291606
2011-12-13,48.20395530216736,50.40044317954559,47.521265357186586,49.53965759277344,16342839
2011-12-14,50.10362350206098,50.75663211002412,49.539658961746824,50.281715393066406,10077686
2011-12-15,49.925524607129844,50.934720687151696,48.530459658611825,50.57853317260742,11581583
2011-12-16,50.57853648111268,51.706461806430525,49.480292511688276,49.86616516113281,8014580
2011-12-19,49.80679730590493,50.04425565785122,48.14459259798822,49.124107360839844,7208944
2011-12-20,49.12410623075681,50.01457315221685,48.26332066368041,49.3615608215332,5920130
2011-12-21,49.86616377174517,50.48949100667735,47.99618206694863,49.124107360839844,7035225
2011-12-22,48.97570177815498,49.777120980166146,46.48239258650993,48.47110366821289,11245261
2011-12-23,46.304291634613385,48.619508657553794,46.304291634613385,46.74952697753906,10028180
2011-12-26,46.749529914739796,49.0647433274342,46.749529914739796,48.797603607177734,4953448
2011-12-27,48.67887671116676,49.21315617676823,46.779213467922204,47.4915885925293,6693357
2011-12-28,46.98698721219714,48.47110007390569,46.74952885386718,48.203956604003906,12237083
2011-12-29,47.93681496459618,48.35236895283807,47.25412502859595,47.58062744140625,8414840
2011-12-30,47.6993612392233,49.42093255699004,47.372858794765655,48.856971740722656,6031520
2012-01-02,48.79760224746807,50.51917345860333,48.79760224746807,49.30220031738281,3117005
2012-01-03,49.866162084868414,49.866162084868414,48.58982630311359,49.480289459228516,6537919
2012-01-04,50.34107583343066,50.34107583343066,48.471097917271514,48.678871154785156,3464007
2012-01-05,49.12411005588093,49.15379141257576,47.96649958770723,48.946014404296875,5905572
2012-01-06,48.14459339859251,48.9756976442251,47.63999533124244,48.73823928833008,9336002
2012-01-09,48.38205497901538,48.64919470827454,47.96650095064988,48.4414176940918,4747512
2012-01-10,48.47109957687503,49.53965842269524,48.47109957687503,48.73823928833008,5139887
2012-01-11,48.946010857093604,49.331879733284396,48.44141280702048,48.678871154785156,6355372
2012-01-12,49.00538313622034,49.56934396229315,48.322689366470634,48.47110366821289,8036971
2012-01-13,48.67887410544402,51.231545865083056,48.471100855336246,50.72694778442383,7976122
2012-01-16,49.747431528116245,52.478194895692475,49.56933589728505,51.91423416137695,6246617
2012-01-17,52.032967708273105,53.33898491762841,51.82519070672263,53.04216384887695,3395038
2012-01-18,53.19057349260778,53.84358208635119,51.05345206854285,51.35027313232422,4693909
2012-01-19,51.498689363847184,51.79551043883267,48.678874128655046,50.311397552490234,12122949
2012-01-20,50.16298729948482,50.905043746864436,49.539660033914245,50.04425811767578,6589232
2012-01-23,50.16298381394442,52.775021876540094,50.07393599484819,51.8548698425293,14343050
2012-01-24,51.647101586877014,56.15880310586078,51.647101586877014,55.50579071044922,16193964
2012-01-25,54.40755177941344,56.18848584258431,54.40755177941344,55.832298278808594,8657026
2012-01-27,55.8322947246982,57.52418085029801,55.505788539761234,55.98070526123047,7120170
2012-01-30,55.861971834908466,56.48529904553213,53.48739216375673,53.75453186035156,4476589
2012-01-31,54.02167384006405,57.286720556424925,53.962311129737316,56.60403060913086,6999558
2012-02-01,54.912146695097135,56.9899017293706,54.49659268367645,55.29801559448242,7292066
2012-02-02,55.62451636235603,59.24575064160483,52.715657147922286,56.90085220336914,51602228
2012-02-03,56.51498634910776,58.08814709609092,55.26833179661772,55.62451934814453,21925225
2012-02-06,56.396254444097785,58.474013183230056,56.06975202106625,57.46481704711914,10631091
2012-02-07,57.850683016927015,58.11782271527107,54.734046943401026,55.14959716796875,7181974
2012-02-08,55.29801231520478,56.514981653847855,54.43722674278922,54.76373291015625,5911237
2012-02-09,54.64500910314609,55.59483883255256,52.83438996107421,55.238651275634766,3818809
2012-02-10,55.683877060857476,56.069745908734724,54.64499968239618,55.03086853027344,3153429
2012-02-13,55.208965799509535,55.41673904209743,53.45771325875624,54.259132385253906,2434236
2012-02-14,55.14959599659572,55.14959599659572,53.84357888671844,54.14039993286133,3190515
2012-02-15,54.5559574964073,56.33689140193995,54.318499141575295,55.654197692871094,6565131
2012-02-16,55.86197693758858,57.10863147271086,54.6153224024663,55.17928695678711,5855350
2012-02-17,55.208963002842054,55.921338027447675,53.546758367802774,54.021671295166016,6368970
2012-02-21,54.14040646097902,55.59483802500668,53.42803511319866,55.20896911621094,8350060
2012-02-22,55.683878570814365,56.396249825447214,52.86406363833239,53.84357833862305,7008320
2012-02-23,53.81389867624848,55.683880320364075,53.42802980578404,55.14959716796875,8782162
2012-02-24,55.505790198143785,56.04007340361354,54.88246292151873,55.20896911621094,5275418
2012-02-27,54.437230761191195,55.802614484876294,54.25913510922366,55.32769775390625,5776872
2012-02-28,55.327698543651394,57.04926608443006,55.327698543651394,56.18848419189453,4433406
2012-02-29,56.90085304187206,57.138311400309654,54.97150857420095,56.09943389892578,7117692
2012-03-01,55.713567466722225,56.099436377303476,55.11992154440198,55.35737991333008,1733984
2012-03-02,55.86197228101049,56.752439195340074,55.50578476413721,56.3962516784668,4898439
2012-03-05,56.188480369721745,57.702274551541386,55.80261148547599,56.60403060913086,5236026
2012-03-06,56.18847983965185,57.28672001599447,55.89165502369636,56.30720901489258,5596765
2012-03-07,55.861978561314,56.36657666135397,54.97151154687333,55.238651275634766,22637731
2012-03-09,56.30721503050955,56.633717480523174,55.50579207308726,55.832298278808594,3919126
2012-03-12,56.396251749940305,57.40544783783998,55.80260964343971,57.22735595703125,3561239
2012-03-13,57.346089788117595,58.26623813250971,57.346089788117595,57.6725959777832,8768768
2012-03-14,58.05846189106288,59.512889602099754,57.8803662492495,58.94892883300781,8329713
2012-03-15,58.97861072771001,59.631619323683466,57.76163760177718,58.8302001953125,23511814
2012-03-16,58.770834004546,59.4832090702437,58.177188116464585,58.56306076049805,3776812
2012-03-19,58.77083089503249,59.483205923039044,56.51498039538558,57.34608459472656,3776152
2012-03-20,57.25704110657599,58.32560372938119,57.04926410210366,57.64291000366211,3808451
2012-03-21,57.88036486765551,58.59273990649012,57.316404112025204,58.206871032714844,4712474
2012-03-22,58.1475056424692,59.18638686555474,57.227357350423404,57.96941375732422,6523517
2012-03-23,57.969411825466636,59.00828925822378,57.702272128798064,58.17718505859375,3641898
2012-03-26,58.05846349117149,59.3347993512785,57.70227595343542,58.592742919921875,3164270
2012-03-27,58.770833138108756,60.670496196255854,58.206872369526224,58.53337478637695,9188767
2012-03-28,58.414645883160745,59.48320847094136,57.642908114283976,58.2662353515625,5342604
2012-03-29,57.64290726290713,58.65210336971837,56.6040298013561,57.40544891357422,7071917
2012-03-30,56.69307398653778,59.780024818538394,56.45561565242896,58.652099609375,3900598
2012-04-02,58.35528400960744,59.63161985764507,57.553864874060295,59.12702178955078,3310251
2012-04-03,58.74114997542253,60.076852223883414,58.74114997542253,59.5722541809082,2193560
2012-04-04,59.06765720215379,59.75034713789376,58.83019885345103,59.33479690551758,1039678
2012-04-09,58.47401234922446,59.305116584164935,57.93973293318782,58.2662353515625,1069078
2012-04-10,58.3552785695925,59.3051119060278,58.08813888264684,58.652099609375,3241292
2012-04-11,58.384966458040985,58.71147264291647,58.088145385032334,58.47401428222656,2768599
2012-04-12,58.74115288124624,58.83020070373726,57.46481703360695,57.880367279052734,9518819
2012-04-13,58.14750862955604,58.533377530282,56.722762208083836,57.5241813659668,6363577
2012-04-16,54.58563675231809,57.88036472639976,54.58563675231809,56.129112243652344,1587025
2012-04-17,56.455624190533214,56.66339744752088,55.268332340428216,55.50579071044922,4453751
2012-04-18,55.6541965761894,56.06975056666115,52.77502253196256,53.39834976196289,10037709
2012-04-19,53.63580570042371,53.63580570042371,51.05345265121442,51.647098541259766,13104243
2012-04-20,52.24074118825744,52.92343490743598,51.40964068974543,52.35947036743164,4492151
2012-04-23,52.537563737542335,53.962310070189716,48.263320983892925,49.50997543334961,18698134
2012-04-24,49.272516959181466,49.272516959181466,44.671768049799205,47.43221664428711,34872859
2012-04-25,46.89794047401676,47.90713664241606,46.660482110192504,47.55094909667969,9679276
2012-04-26,47.58062646362748,49.80679562103642,47.58062646362748,49.480289459228516,16452453
2012-04-27,49.27252065428726,50.5785379075049,47.78840774927151,48.11491394042969,7438045
2012-04-30,48.144591683030704,48.50077920418103,46.333972722776736,46.60111618041992,8703681
2012-05-02,47.283808299363436,48.26332308890206,46.98698722919731,47.78840637207031,7502063
2012-05-03,48.08522414051851,48.322682482629574,47.254123698836956,47.669673919677734,3288555
2012-05-04,47.52126691769262,47.87745445726457,46.304293763081986,46.690162658691406,3316905
2012-05-07,46.601116763241826,48.382050635559594,45.502872831553184,48.14459228515625,2363162
2012-05-08,47.491586700199086,48.58983070128125,38.943100568364194,46.86825942993164,1499579
2012-05-09,46.897942391014894,47.63999886937107,46.512073472954604,46.9276237487793,1055334
2012-05-10,47.49158450285015,47.93681610060825,46.92761997217439,47.758724212646484,3785751
2012-05-11,47.49158395643938,49.2725178383961,47.31348831481931,48.708553314208984,3326713
2012-05-14,49.42092810179374,49.777115627398764,47.788404759551234,48.14459228515625,3807636
2012-05-15,46.89793966208242,49.62870704307659,46.89793966208242,49.1834716796875,6496532
2012-05-16,48.97569515706268,49.27251620900412,48.35236794341989,48.64918899536133,4460970
2012-05-17,49.005380069203774,50.28171594321179,48.64919252758835,48.91633224487305,6787035
2012-05-18,46.749529940558276,48.91633281605214,46.749529940558276,48.38205337524414,3857674
2012-05-21,48.64919226784933,49.36156359156934,48.530463087944746,48.767921447753906,4229854
2012-05-22,49.21314870835893,49.45060704719214,44.938906120775336,46.126197814941406,7790302
2012-05-23,45.74032710191198,45.74032710191198,41.73322436877755,44.404624938964844,12155865
2012-05-24,41.881637064823074,46.33397158013489,41.881637064823074,46.007469177246094,3534445
2012-05-25,45.918422966343506,46.9573004303025,45.71064972697609,46.06683349609375,5136467
2012-05-28,45.473194599151725,47.43222049093724,45.473194599151725,47.01667022705078,1131024
2012-05-29,46.89794104868829,47.31349131261898,45.88874486792263,46.18556594848633,2364020
2012-05-30,43.90003180974788,47.04634938823322,43.90003180974788,46.66048049926758,3219450
2012-05-31,46.69016128678189,48.203955468701864,44.790498220590585,45.11700439453125,13784137
2012-06-01,43.48448335713315,45.65128624687554,43.48448335713315,45.206050872802734,3209765
2012-06-04,45.057635999335794,45.59191914797295,43.929710749979634,45.32477569580078,5003257
2012-06-05,45.32477763639591,45.85906080790858,44.790498220590585,45.11700439453125,4807404
2012-06-06,45.473189516283554,46.126198073887224,44.61240397210761,45.85905838012695,7592076
2012-06-07,46.15587891224035,46.601114234008705,45.2950933776734,46.39333724975586,3999435
2012-06-08,46.30429487316226,47.16508050883707,45.532557063442106,46.86825942993164,3428769
2012-06-11,47.04634469936549,47.46189865814881,45.91841950040951,46.21524429321289,1327454
2012-06-12,45.91842057472484,47.10571226230238,45.859057868199514,46.39333724975586,2077265
2012-06-13,46.45270292638987,47.016667452974936,44.76081685804937,45.532554626464844,3771130
2012-06-14,45.71064892330378,46.09651779615309,45.26541358617376,45.62160110473633,2709185
2012-06-15,44.82017982897485,45.977790244036285,44.82017982897485,45.680965423583984,1468257
2012-06-18,45.888743264646656,46.12620162308425,44.701455228166154,44.879547119140625,2905971
2012-06-19,44.90922743994857,46.304292446835305,44.52335855530787,45.9481086730957,3228874
2012-06-20,45.68096682874785,46.30429408845188,45.38414575487259,45.591922760009766,1347842
2012-06-21,45.85905732083632,46.541747216264646,45.473188465906034,46.09651565551758,2845562
2012-06-22,45.71065027637458,45.71065027637458,44.67176904422192,45.11700439453125,1561189
2012-06-25,45.324774853701086,46.007468514834066,44.34526390343043,44.463993072509766,3420109
2012-06-26,44.31558300846304,44.82017728763557,43.543841523611306,43.929710388183594,2692045
2012-06-27,44.226535525075825,44.52335657522747,43.63288966906535,44.078125,3100502
2012-06-28,44.01876340258628,44.52336149704903,43.66257584960535,44.256221771240234,3845028
2012-06-29,44.40462986788609,45.20604900118784,44.28590069009612,44.99827575683594,3721557
2012-07-02,44.99827179654351,46.30428888158338,44.671765647430014,46.09651565551758,2767258
2012-07-03,46.274611411648756,48.797601734711314,46.15588223434538,48.58982849121094,12366277
2012-07-04,48.64919144772544,51.73614631749743,48.619510092176526,51.231544494628906,10791546
2012-07-05,51.32059340431624,51.35027476049402,50.6675847898678,50.99408721923828,4060886
2012-07-06,51.0831345184677,51.0831345184677,50.25203401978685,50.697265625,1808333
2012-07-09,50.48948964488524,50.75662934469275,49.7474332539945,50.45980453491211,2064659
2012-07-10,50.45980566515338,51.35027260302625,50.34107648972318,50.637901306152344,2734443
2012-07-11,50.637903193860865,50.964405621684975,49.92552811472332,50.43012619018555,1611620
2012-07-12,50.45980252224348,50.608213043360585,48.73823521929505,49.005374908447266,3580719
2012-07-13,49.005378449503645,49.4802914002535,48.085226391815965,49.272518157958984,2466038
2012-07-16,49.06474330667809,51.05345428519885,48.70855576125097,50.04425811767578,3103210
2012-07-17,50.45980593660908,51.55804987631979,49.8661638119718,50.37076187133789,4445837
2012-07-18,50.37076459530938,50.43012730870041,48.88665169204302,49.77711868286133,2722249
2012-07-19,49.86616345129852,50.1629845114703,47.37285452759213,47.729042053222656,4069852
2012-07-20,47.49158585575634,49.658388706936414,46.95730266523603,48.50078201293945,12169255
2012-07-23,48.11491147694062,48.94601195708756,46.957301066645286,47.610313415527344,6211815
2012-07-24,47.610312553010026,47.610312553010026,46.15588110554059,46.74952697753906,5983871
2012-07-25,46.57143405513036,47.28380914308951,46.03715461701474,46.98698806762695,2317986
2012-07-26,47.19476348007429,47.43222185360488,46.06683808365783,46.9276237487793,2420786
2012-07-27,47.37285720166526,47.99618446777704,47.01666965592888,47.55094909667969,1570712
2012-07-30,47.75872287279097,48.500779270610344,47.13539564885098,48.26332092285156,813997
2012-07-31,48.50078398883312,48.5304653462636,47.16508159167783,47.46190643310547,1238771
2012-08-01,47.461901754498975,47.699356346243064,46.45270189997709,47.43221664428711,1376017
2012-08-02,47.34317316599252,48.856967332926786,46.98698564041258,48.560142517089844,1644709
2012-08-03,48.203956604003906,48.38205225060509,47.37285610555647,48.203956604003906,973678
2012-08-06,49.27251585107384,49.302197204910925,47.22444234499987,47.669673919677734,2770032
2012-08-07,47.04635075576773,48.02586556227109,47.04635075576773,47.40253829956055,1567057
2012-08-08,46.89793544236907,47.66967316414491,44.968591137929465,45.29509353637695,5424960
2012-08-09,45.68096571596442,45.68096571596442,42.68306242687196,42.9205207824707,10953400
2012-08-10,43.33606829235371,44.40462706941322,42.92051807413136,43.929710388183594,5647572
2012-08-13,44.582725787794196,45.11700521329539,43.92971342806227,44.731136322021484,2802721
2012-08-14,45.02795463512522,45.206046514158686,44.31558336328419,44.90922546386719,1464518
2012-08-16,44.82017601095993,45.176363511736376,44.0781234123095,44.43431091308594,2427010
2012-08-17,42.742425648909766,45.08732412170038,42.742425648909766,44.879547119140625,2447533
2012-08-21,44.87954491445151,45.11700326122405,44.49367603987293,44.938907623291016,2543764
2012-08-22,44.61240414250406,45.32477541001662,44.078124752942855,44.76081466674805,11566177
2012-08-23,44.84986329036168,44.99827381727536,44.404627953913426,44.790496826171875,1200574
2012-08-24,43.781297245550014,44.701449199322475,42.4455988541173,44.523353576660156,3785264
2012-08-27,44.58272003611658,45.206043448313885,44.22653254649887,44.523353576660156,1562397
2012-08-28,44.55304285420387,44.58272796706632,43.632894492450504,44.256221771240234,1845512
2012-08-29,44.01875880731061,44.52335684909657,44.01875880731061,44.22653579711914,5142169
2012-08-30,43.98907963578635,45.117004947253044,43.98907963578635,44.582725524902344,2258263
2012-08-31,44.523359335793664,44.701454981492795,43.95939855439704,44.31558609008789,2836618
2012-09-03,44.43431278692766,44.52335684909657,44.16716933329933,44.22653579711914,1237556
2012-09-04,44.493674971967444,45.02795436152865,44.107806106650216,44.76081466674805,1335962
2012-09-05,44.73113555307877,46.21524838125408,44.64208773179019,45.9481086730957,8732269
2012-09-06,45.71065139770508,46.60111836446049,45.354463859861426,45.71065139770508,2005502
2012-09-07,46.007469783987744,46.897936698793494,45.97778842982591,46.719844818115234,2720718
2012-09-10,46.80889053488386,47.996182300390004,46.71984646925141,47.610313415527344,1585540
2012-09-11,47.461905540166136,47.9368185172417,47.076032877999175,47.84777069091797,986453
2012-09-12,48.08522851045881,48.203957692304336,47.04635098609107,47.96649932861328,3000142
2012-09-13,48.1742755287602,49.56934057529456,47.99618363682904,49.1834716796875,6389558
2012-09-14,49.56934033507605,50.57853648111268,48.41173365386476,49.86616516113281,8098185
2012-09-17,50.341076747849215,51.617416329195215,50.25203268260047,51.20186233520508,2810555
2012-09-18,51.142499358578064,52.09232900623389,50.78631183231688,51.05345153808594,1764135
2012-09-20,49.27251537299054,52.5672432653258,49.27251537299054,52.211055755615234,4140690
2012-09-21,52.062645232162616,53.42802880819956,51.70645772245204,52.211055755615234,4832186
2012-09-24,52.24073898762889,53.07184320683827,50.99408453666846,51.17218017578125,2830291
2012-09-25,51.35027313232422,51.91423766035763,50.72694589381747,51.35027313232422,2442611
2012-09-26,49.95521055153485,51.290912914888615,49.95521055153485,51.023773193359375,14621310
2012-09-27,50.93472536761378,51.73614828790905,50.48949375030088,51.023773193359375,2756964
2012-09-28,50.81599319144399,51.46900177845645,50.04425542900133,50.637901306152344,1541372
2012-10-01,50.756628522423945,51.05344957168877,49.86616161892227,50.01457214355469,1149475
2012-10-03,49.86616595380671,50.489493216014665,48.88665114809312,49.06474304199219,3472957
2012-10-04,49.77711733774504,50.014575696307475,48.9756981943774,49.86616516113281,2972915
2012-10-05,50.16298450434592,50.28171367953924,48.1149109268954,48.560142517089844,2120813
2012-10-08,48.41173441002661,51.32059371428989,48.17427604775522,50.311397552490234,6533927
2012-10-09,50.28171395521873,50.786312013630045,48.44141360748621,48.708553314208984,4496383
2012-10-10,48.678875889123596,48.916334259982655,47.254129419676886,47.46190643310547,2558342
2012-10-11,47.521264263107255,48.678870885270435,46.74952651499847,48.530460357666016,3735072
2012-10-12,48.38205337006457,49.12410981808848,47.40253855821641,47.55094909667969,4321323
2012-10-15,47.4915820519039,48.38204895717222,47.4915820519039,48.08522415161133,1448822
2012-10-16,48.23363956830853,48.767918972912156,47.72904151824794,48.26332092285156,1862881
2012-10-17,48.61951060893506,48.85696896726502,47.788406354780186,48.203956604003906,2736235
2012-10-18,47.788407209367435,48.76792201606807,46.423023502407084,48.233642578125,4172891
2012-10-19,48.08522746608039,48.67887336241445,47.01666860838652,48.619510650634766,7134107
2012-10-22,48.20395526145491,48.56014278902952,47.75872366876714,48.29300308227539,1502231
2012-10-23,48.67887277520298,50.459806687014385,48.14459335280104,48.32268524169922,2895213
2012-10-25,48.26332065683661,48.91632923172041,47.847766672695535,48.530460357666016,1748839
2012-10-29,48.56014067027292,49.80679508453687,48.3226823289172,49.59901809692383,1789466
2012-10-30,49.86616702238294,50.40044647123663,49.68807136895999,50.07394027709961,1774530
2012-10-31,50.10361918958353,51.231540661715435,50.10361918958353,50.81599044799805,1982950
2012-11-01,50.96440124511719,51.26122604712173,50.31139268983861,50.96440124511719,1674212
2012-11-02,51.64709795181294,51.82518983894028,50.93472289188884,51.35027313232422,3349427
2012-11-05,51.528367698299554,52.12200981345612,50.786311298646574,51.17218017578125,3057288
2012-11-06,51.26122826739844,51.290909622172336,50.222350804653495,50.4894905090332,1354379
2012-11-07,50.69726725584879,52.24074287937072,50.43012753298596,52.00328826904297,1198718
2012-11-08,51.94391438064387,54.58563363084117,51.46899771640457,54.08103561401367,4861453
2012-11-09,54.22945375246491,56.30721257260508,53.42803458573363,55.32769775390625,7063551
2012-11-12,55.38705415124041,56.514979380815085,54.081037045714844,54.82309341430664,4532650
2012-11-15,54.31849602091533,57.167988603778,54.31849602091533,56.36656951904297,8455789
2012-11-16,56.396253346256934,58.117824517535695,56.18848010538352,56.45561981201172,7716263
2012-11-19,56.604031160475955,57.82100429110107,55.92134120653222,56.06975173950195,7578359
2012-11-20,56.12911608195184,56.78212469942457,54.763736134375904,55.713565826416016,4034751
2012-11-21,55.565154463655375,55.80261282206459,54.496591850813914,54.852779388427734,3398945
2012-11-22,54.85278236123407,56.04007421762672,54.7340531755948,55.238651275634766,3050612
2012-11-23,55.5057822488323,55.95101756367437,54.28881298263091,55.060550689697266,3397459
2012-11-26,55.50578883236313,58.77083567611478,55.20896775773389,56.54467010498047,2973421
2012-11-27,56.69307977417567,60.01748927966477,56.69307977417567,59.42384338378906,7061900
2012-11-29,59.66130175965676,60.52208737000242,58.741153437559824,59.00829315185547,7543873
2012-11-30,58.94893016519488,59.364480412638244,56.69307952643247,57.61322784423828,10599197
2012-12-03,57.257039509139766,58.17718781410318,56.63371226882071,57.58354568481445,4162011
2012-12-04,57.2867213886249,58.32560263580046,57.049263032453766,57.880367279052734,2286202
2012-12-05,56.396253123096436,58.32560128332149,56.396253123096436,57.96941375732422,2067379
2012-12-06,58.23655238707281,59.06765659904652,57.286719001959995,58.206871032714844,3290069
2012-12-07,57.642909199975506,59.601938769950856,57.167992485350275,57.61322784423828,3895803
2012-12-10,57.85068705152072,57.85068705152072,56.24784499396457,56.81180953979492,2516790
2012-12-11,56.81180866372873,57.19767755515396,55.06055609660372,55.53546905517578,3537312
2012-12-12,55.77292797695741,56.693080059116326,54.79341693847375,56.24784469604492,2898286
2012-12-13,56.39625553053862,57.227359793343744,56.366574174365304,56.81180953979492,4148748
2012-12-14,56.69307815811291,57.34608674710816,56.336890630740776,56.87117004394531,2305768
2012-12-17,56.72276141513243,57.19767813421994,55.891657156729295,56.24784469604492,4631226
2012-12-18,56.09943388157583,56.930534380142916,55.9510233465251,56.514984130859375,1974967
2012-12-19,56.63371443347721,56.98990197808908,56.09943499441316,56.69308090209961,3175264
2012-12-20,56.989898992244804,59.06765768243462,56.544667401587404,58.800514221191406,5094517
2012-12-21,58.59274017530777,59.216067398221,57.31640437498716,57.93973159790039,3861929
2012-12-24,57.46481653698216,59.00829208304804,57.01958118408227,58.8302001953125,1509263
2012-12-26,59.00829079328931,61.29382270709466,58.71146973498199,60.581451416015625,5920113
2012-12-27,61.560959761397434,62.807614161769294,60.84858850097575,62.42174530029297,9829820
2012-12-28,62.65920606080624,63.163807866847556,61.26414108374784,61.679691314697266,4498088
2012-12-31,61.73905998873911,62.15461023455822,61.44223516540482,61.620330810546875,1870678
2013-01-01,61.620325323968615,62.273333868029326,61.44222969468392,61.56095886230469,1037396
2013-01-02,61.76873833404579,62.926344948223274,61.679690515814535,62.06555938720703,2169235
2013-01-03,62.33270640603922,65.21188055117103,62.006200224326705,64.82601165771484,8397685
2013-01-04,64.97441596709847,65.47901774710722,64.20267825413201,65.15251159667969,6522736
2013-01-07,64.91505004134783,66.1913894710184,64.58854390711454,65.03378295898438,3127505
2013-01-08,64.94474677117233,66.63663293681762,64.64791817966717,66.0133056640625,4184793
2013-01-09,66.19139507697264,66.93344770724615,65.77584109717083,66.33980560302734,4182087
2013-01-10,65.95393446320594,67.02249321859122,65.21187434705593,65.98361206054688,3853241
2013-01-11,65.80552374583033,66.07266722007957,65.03379345796749,65.4196548461914,1575925
2013-01-14,65.3899706730314,68.68469478912066,65.03378692124838,67.11154174804688,7444846
2013-01-15,67.67550166771856,73.31513181430482,67.17090737149739,72.75116729736328,22114209
2013-01-16,72.78084857710215,73.13703232560478,69.30802134998429,69.57516479492188,9663886
2013-01-17,69.9016813237649,71.3857942671191,68.29883543900641,69.39707946777344,17970770
2013-01-18,69.39707077213042,70.61404758981121,68.56597033210073,69.63452911376953,7819977
2013-01-21,69.9313497892869,71.50451035531299,69.36739280339508,70.99991607666016,15171202
2013-01-22,71.29674508126533,71.68261398850467,68.71438815831813,69.90167999267578,5587627
2013-01-23,69.87198427825814,72.7214767369437,68.89247335817018,70.3469009399414,26032307
2013-01-24,70.94054100552091,70.94054100552091,66.01329392484767,67.79422760009766,10759516
2013-01-25,68.09105846577938,69.21898754621165,65.89457052808541,67.31932067871094,6230507
2013-01-28,67.37867432256054,68.5659659549613,66.54757393558695,66.99280548095703,4648792
2013-01-29,67.37867631007009,68.32850964400849,66.60693860409864,67.61613464355469,11428071
2013-01-30,66.48822613308974,67.972339128355,65.86489882530662,67.25996398925781,13936128
2013-01-31,67.20058782991686,68.44723468469822,66.42885012812103,67.05216979980469,13729337
2013-02-01,67.08185378398038,67.67549584882482,65.89456214287753,66.45852661132812,9914234
2013-02-04,66.84440064103543,68.41756124860368,66.07266289230658,66.3694839477539,6698941
2013-02-05,65.9836170034408,66.78503988572218,65.18220163257415,66.16171264648438,3003731
2013-02-06,66.13202948208568,67.14122563668019,65.56807244820563,65.95394134521484,2592766
2013-02-07,66.19140245059728,66.28044276701753,63.6980933168643,64.11363983154297,4578565
2013-02-08,64.08394851831537,65.62742384011091,63.90585290075015,65.27123260498047,3616227
2013-02-11,65.59774228752148,65.71647520946924,64.88536729007714,65.1228256225586,2512525
2013-02-12,65.0041089763325,66.42885916331595,64.32141899518358,65.71648406982422,2801920
2013-02-13,65.8945765293548,67.34901192402656,65.093161069128,65.5977554321289,5122155
2013-02-14,66.07266540217813,66.1023505134163,62.1546100451867,64.79633331298828,7537325
2013-02-15,64.55886791374017,65.74615205109365,63.57934948672679,65.09314727783203,4739673
2013-02-18,65.2415602776446,66.33980415561932,64.82600630690939,65.18219757080078,3292330
2013-02-19,65.3009188786925,65.5977399056632,63.638710611677254,65.03378295898438,1485467
2013-02-20,65.30093444646421,65.89457664193017,64.41046364184967,64.76665496826172,5078186
2013-02-21,64.7072794828595,65.83520093396479,64.32141062966373,64.8556900024414,5495194
2013-02-22,64.7072777248456,68.18009730925544,64.55886720929581,67.82391357421875,11179733
2013-02-25,68.23946540756356,69.4267571372318,66.96313337065786,67.46772766113281,5632307
2013-02-26,67.61614618929462,70.76246776735967,67.43805053091707,70.25786590576172,17661811
2013-02-27,69.45644377712168,71.17800743379222,69.45644377712168,70.28754425048828,8135847
2013-02-28,70.07976565836518,71.23737985060009,69.01120680090283,69.81262969970703,4301521
2013-03-01,69.48612268403862,69.48612268403862,67.79423659478992,68.95184326171875,5036136
2013-03-04,69.15962427738648,69.2783572242519,67.85360693036061,68.1207504272461,5870140
2013-03-05,68.23947399443277,68.92216400811743,66.5772728751497,67.49742126464844,6012134
2013-03-06,68.15041326212797,68.38787159298569,67.02249182411428,67.58645629882812,3498377
2013-03-07,67.67550446065988,67.88328521892707,66.93345178517671,67.31932067871094,1482772
2013-03-08,67.46772694983846,69.42675640528394,67.0818580806912,69.10025024414062,5354550
2013-03-11,69.2783476081844,70.52500206444554,69.21898489869925,69.99072265625,5465879
2013-03-12,71.17800127907802,71.17800127907802,69.24865703733397,69.51580047607422,3906344
2013-03-13,69.45644476917643,69.54548507964688,67.97233193105748,68.38787841796875,3904922
2013-03-14,68.20978760106438,68.68469678006976,66.0726624941751,67.73487091064453,5251263
2013-03-15,67.67550776192594,67.8536034172955,65.41965700243406,66.60694885253906,4616245
2013-03-18,65.77584407140347,67.17090908853082,64.6479150086881,66.72567749023438,2393766
2013-03-19,67.08185788869828,67.5270894645752,64.29172799493989,65.77584075927734,5481301
2013-03-20,65.89456690085967,66.13202524622615,62.89666374094912,64.14331817626953,3983844
2013-03-21,64.26204197841072,66.33980432600916,63.638714776414055,64.08395385742188,4241868
2013-03-22,64.49950084169106,64.58854865861589,62.777933500623035,63.54967498779297,2895057
2013-03-25,63.87617611257209,64.97442004489184,63.87617611257209,64.4698257446289,2780210
2013-03-26,64.11364095722607,65.30093283018667,63.134129856668196,64.70729064941406,2789612
2013-03-28,63.5199877802129,68.29882453554264,63.46062507469527,67.61613464355469,4039492
2013-04-01,67.08186471364272,68.56597762897461,65.80552505257614,68.23947143554688,2060414
2013-04-02,67.67549478053282,67.91295310500497,66.25075234511361,66.69598388671875,3967555
2013-04-03,66.69599372296473,66.75535643498407,64.26204741602297,65.38997650146484,6515802
2013-04-04,64.70728177931363,65.30092387870954,61.65000844231313,62.866981506347656,9160787
2013-04-05,61.73905804857779,63.96522349723654,60.58145141436207,61.41255187988281,9497373
2013-04-08,60.78922316301928,63.7574486960931,60.017485425789815,63.43094253540039,8872110
2013-04-09,63.163803820758616,63.81680860205866,61.857782991037446,62.777931213378906,4990687
2013-04-10,62.65920592103184,64.70728322806575,62.09524516283759,64.44013977050781,3352150
2013-04-11,63.519993985775315,66.72567804528853,63.312220740458244,66.19139862060547,5432905
2013-04-12,65.5977366496429,66.22106377990733,64.55886310681113,65.74614715576172,1838557
2013-04-15,64.49949843872155,66.87408176353603,64.49949843872155,65.1228256225586,2507077
2013-04-16,64.7369670054044,67.67550776192594,64.7369670054044,66.60694885253906,3046106
2013-04-17,66.36948588909208,67.55677765702472,65.68679593931132,66.16171264648438,2973381
2013-04-18,65.92424780550681,68.26914599963945,65.59774166252889,66.7553482055664,5657713
2013-04-22,67.17090053566308,67.91295310500497,66.10234183124523,66.69598388671875,4214976
2013-04-23,66.72568019166548,69.9907270675231,66.4882218273441,68.20979309082031,6849539
2013-04-25,69.57516780098018,71.05928058812285,68.62533441538254,69.12993621826172,9945781
2013-04-26,73.01830827093428,76.34271752729099,72.0091122014288,72.66211700439453,24667615
2013-04-29,73.01830793390548,75.92716320301089,72.33561051332681,74.85860443115234,13550190
2013-04-30,75.83811016602317,79.45934771563073,73.93845109253935,78.80633544921875,18638833
2013-05-02,78.242376707225,81.35901273105821,78.242376707225,80.67631530761719,10471732
2013-05-03,80.08268404169382,81.32933850288015,79.01411770966654,79.96395111083984,7331706
2013-05-06,79.54841402298769,80.14205621309995,77.94556809141977,78.36112213134766,5048455
2013-05-07,78.53921261985657,79.37031313355529,77.58937916910659,78.45016479492188,6531581
2013-05-08,78.95475380133034,79.2218972581353,76.52081513704175,76.87699890136719,5162240
2013-05-09,76.58017859257934,77.73778522719276,74.82892232974896,75.24447631835938,4850562
2013-05-10,75.39288489215471,75.98652699356029,74.02750505435614,74.62114715576172,9678906
2013-05-13,75.2147877062202,77.3815903453678,75.1554249995866,76.22398376464844,8089327
2013-05-14,76.10526433530136,77.55969207496011,75.15543090882429,76.9957275390625,8644478
2013-05-15,77.35192378171973,78.21270944064467,76.34272757933344,77.173828125,4930563
2013-05-16,76.90668380482852,77.76746185891989,76.43176711272774,77.1441421508789,5101812
2013-05-17,77.17382866066647,78.77666704802347,76.63954919821414,78.3017578125,4024108
2013-05-20,78.15334259761278,78.65793691644643,76.04590247579185,77.0254135131836,6309319
2013-05-21,76.63954141568212,78.30174986117534,76.22398742645517,76.90668487548828,6007439
2013-05-22,77.14414162340123,78.50952147029423,76.66922493454771,77.67842102050781,3674983
2013-05-23,77.35191258698957,77.70809633746514,75.98652526876906,77.32222747802734,6667075
2013-05-24,77.79714738851038,77.91588031788314,76.04589864943209,76.60985565185547,2619773
2013-05-27,76.72858799326534,82.27916273569137,76.01621295673125,79.90458679199219,6030424
2013-05-28,80.11236334571036,82.13075561044958,79.60776903523295,80.85442352294922,6291255
2013-05-29,80.08268715619145,80.73569201133317,79.45935990135645,80.3498306274414,2554295
2013-05-30,80.0826873002193,80.0826873002193,78.8063476765322,79.25157928466797,6924670
2013-05-31,79.39998791588836,81.92298199096032,76.07557846768115,77.79714965820312,5548853
2013-06-03,77.47064921192268,78.56889324266884,76.31304246607506,77.173828125,6247753
2013-06-04,77.53000934893763,81.1215624086697,77.53000934893763,80.40918731689453,6561453
2013-06-05,79.54841225286862,82.10108412953075,79.01412527995798,80.7950668334961,7888289
2013-06-06,79.57807581730154,80.73568236490891,78.1830109385377,78.62824249267578,7528670
2013-06-07,78.36111058350657,78.95475268613558,75.54129557318996,76.28335571289062,6868157
2013-06-10,76.01622257903789,78.15334795916237,73.79005688056338,76.9363784790039,10609069
2013-06-11,76.58017711646089,78.03460478144072,75.68970644700696,77.67842102050781,8318797
2013-06-12,77.38159280986075,80.37950348301491,77.23318228284295,79.90458679199219,6011546
2013-06-13,79.3109492491239,81.4183893700628,78.30175310046405,80.34982299804688,5987330
2013-06-14,80.88410273000812,81.62616292199269,80.14205004943847,80.91378784179688,6238164
2013-06-17,80.23109996823177,83.40709904454239,80.20141485566793,82.93218231201172,7163941
2013-06-18,83.34773444810358,85.3067565362717,83.34773444810358,83.97106170654297,9999477
2013-06-19,84.29755483685045,89.46226821326158,84.00073378309648,87.91879272460938,17372610
2013-06-20,86.67214306320226,87.68133920839618,83.88201298598466,84.77247619628906,12355893
2013-06-21,83.94137327086372,85.78166986141926,81.15124327431253,83.02122497558594,10832873
2013-06-24,83.70391901115808,84.59438975066254,81.24029506641261,81.50743103027344,5045257
2013-06-25,81.26997032992655,85.30675487523432,80.43886983866166,84.7427978515625,6499345
2013-06-26,86.07848877416578,86.37531733969068,81.12155613856089,81.56678771972656,7779243
2013-06-27,84.17883174198754,84.17883174198754,80.61696397585686,83.02123260498047,12472310
2013-06-28,83.70391897536663,85.2473945791937,81.8042520713241,84.00074005126953,26502928
2013-07-01,83.40709550972277,86.13786285033574,83.31804768722024,85.57389831542969,7247392
2013-07-02,85.27707142070705,87.80005783260346,84.17882753724811,84.5350112915039,7549986
2013-07-03,84.59438919064073,85.0099356897655,82.81345523483675,83.70391845703125,4644364
2013-07-04,84.445980908382,85.18803361335746,83.25868906900608,84.06011199951172,6377984
2013-07-05,84.89120635514409,85.03961688534163,81.4777491377712,81.62615966796875,5649791
2013-07-08,80.79505334471956,83.6445536104372,79.63744667855231,83.34773254394531,8240552
2013-07-09,83.82263431456774,84.29755098343041,82.84312337967226,83.91168212890625,6530678
2013-07-10,84.00073900722035,84.26788247906163,81.95266910209693,83.40709686279297,4836674
2013-07-11,83.73359766599916,84.83183406033318,82.99153752173545,83.7632827758789,2272123
2013-07-12,84.00074157603187,87.11737795241474,83.58519506679092,86.55341339111328,5008318
2013-07-15,85.95976805988903,91.71812386575948,85.95976805988903,91.42130279541016,9285259
2013-07-16,90.53083385011125,94.59730362568541,89.4622749713114,93.70683288574219,8997780
2013-07-17,96.17045537213247,97.09060362701089,88.60148107861767,89.5216293334961,19347537
2013-07-18,90.026226818048,91.2431960631925,87.20641196948843,89.6403579711914,8231709
2013-07-19,90.23400706051368,92.72731596078575,88.5717986231941,89.34353637695312,16306826
2013-07-22,88.45307437683476,91.00574602012394,88.12656820482245,89.93718719482422,22727484
2013-07-23,90.23401209261688,90.94638717690961,88.15625706365763,88.69053649902344,11599770
2013-07-24,88.92799484258661,92.01494602915325,88.15625704594495,91.18384552001953,9314808
2013-07-25,91.42130288648217,96.17046255104701,91.42130288648217,94.74571990966797,15033117
2013-07-26,95.4877635792281,98.48567437318177,95.10189469115053,97.74361419677734,9852942
2013-07-29,97.35774505997867,99.61359567176486,93.3209605453523,94.68634796142578,6296424
2013-07-30,95.57680170346246,95.87362273934093,91.48065488322891,92.96477508544922,5605649
2013-07-31,92.90540876299612,101.33516108775679,91.9555753992444,100.29627990722656,20214890
2013-08-01,103.23483146939095,103.50196741776779,95.93300037206691,99.3167724609375,21686459
2013-08-02,104.48147912998895,104.71893748095889,88.66084748120271,94.3598403930664,34746417
2013-08-05,94.53794036391147,95.75490977373448,90.47147061194441,91.747802734375,12933566
2013-08-06,90.82764509286233,94.86442931921175,89.34353236124394,92.78667449951172,12271353
2013-08-07,93.20223311606306,94.5676129913088,90.29337021428506,90.73860931396484,9397632
2013-08-08,90.97606630092957,93.94429211281407,89.37322796799118,93.73651885986328,7076184
2013-08-12,94.86443204378374,97.65456195616476,93.32095656131035,97.03123474121094,8185025
2013-08-13,96.1704585170247,100.91961047096395,96.1704585170247,100.4150161743164,9054357
2013-08-14,100.56342817792385,103.59101653644476,100.05882636246304,103.23483276367188,9985214
2013-08-16,102.0475455247338,105.25322966742175,100.74152828479872,102.01786041259766,13870110
2013-08-19,102.10690021918883,103.17545901236645,96.4672776894942,98.96058654785156,8813665
2013-08-20,97.95139172963967,101.09770544166709,96.49695653584523,98.45598602294922,7427897
2013-08-21,99.1980477123994,100.32596924584108,94.24110745314188,95.1909408569336,10599539
2013-08-22,94.983167607986,97.12028525490813,93.38032186137977,96.02204132080078,8728481
2013-08-23,96.88282994583932,96.88282994583932,92.19304051277373,93.08350372314453,8068013
2013-08-26,93.79586900752675,97.23901108894815,93.32095234033662,95.48776245117188,5779240
2013-08-27,95.42839878003791,95.42839878003791,91.18384110406888,92.1336669921875,4514278
2013-08-28,91.24320850506096,91.33225632977252,84.1788353777852,90.08560180664062,14564061
2013-08-29,89.96686618891837,95.66585919789627,88.39371303727658,94.41920471191406,13901895
2013-08-30,95.57681763372102,97.98107894104622,92.72732469836917,94.9238052368164,13406906
2013-09-02,94.15205103037691,96.67504483975767,90.85732704019306,92.6679458618164,11074943
2013-09-03,93.43968412987905,94.68633848828387,88.89829824957184,89.10607147216797,8319543
2013-09-04,89.04672482283334,94.44889718709274,88.18593915771187,93.8552474975586,9815552
2013-09-05,95.22322073843468,96.2938110560339,90.13790544129594,91.62483978271484,13308302
2013-09-06,92.01144665436098,95.28270085657697,92.01144665436098,94.03368377685547,8654607
2013-09-10,96.65068668472681,100.13010923797665,96.3533012995133,99.23794555664062,10559197
2013-09-11,99.92192840576172,101.11146979700084,98.19708435763148,99.92192840576172,8722393
2013-09-12,100.7546089131364,101.02225271596271,96.3830232271569,97.24544525146484,9907739
2013-09-13,97.24544422025326,97.24544422025326,94.21210015765541,95.81798553466797,7155127
2013-09-16,96.65067445164068,98.73237941034905,96.17485488524541,97.45362091064453,5300375
2013-09-17,96.9480568902432,97.33465933562734,95.19347135109594,95.63955688476562,4916788
2013-09-18,95.46112594748293,97.48335535053968,95.28269172789126,96.8291015625,4147398
2013-09-19,97.92943546921684,100.42748449417228,97.89970144911177,99.47584533691406,8524748
2013-09-20,98.73238331295678,99.47584671127726,96.08564157382409,96.68041229248047,10185727
2013-09-23,95.90720728383738,98.73238324695637,94.71766584731982,98.0186538696289,6530622
2013-09-24,98.07813262939453,98.76212800849447,97.12650095433767,98.07813262939453,11527778
2013-09-25,99.0000324357267,101.0222543390314,97.98891019553226,100.5167007446289,9456159
2013-09-26,101.11147887519263,104.68011842070587,100.63566679139343,102.9850082397461,14878034
2013-09-27,103.49057542054668,104.44220710002784,101.73598969529093,102.39024353027344,6146859
2013-09-30,101.52781808639081,102.44971571380634,99.35689592487813,100.07062530517578,4814184
2013-10-01,100.51670577930386,103.84743544230385,99.74350081335199,103.43109893798828,5459283
2013-10-03,102.89578976692792,106.1670436555863,102.27127752408052,104.65037536621094,10319817
2013-10-04,103.49056635524809,105.2451444011157,102.0333736535247,102.71736145019531,4903646
2013-10-07,102.3010256280134,104.29351361355815,101.82520602908136,103.2229232788086,4197204
2013-10-08,103.49056380962804,108.84352244963756,103.19317847279878,108.51639556884766,10540286
2013-10-09,108.8732684424671,109.37882203059631,107.3565926266902,108.45692443847656,10476908
2013-10-10,108.78405296951122,110.03307747458233,108.39745050487944,109.05169677734375,6384619
2013-10-11,109.97359726795895,110.30072417561907,108.27849468824103,109.52751922607422,2690139
2013-10-14,110.62784949888771,110.95497640186278,108.87327137718621,110.06281280517578,3181068
2013-10-15,109.9735969356579,112.05530950955298,108.54614570080102,109.94386291503906,6021579
2013-10-17,111.22261025135663,111.6686957725944,108.24874942203834,108.75430297851562,7265162
2013-10-18,108.24876220928257,109.46804521807798,106.99973765365995,107.8621597290039,12649367
2013-10-21,107.3565937849804,109.6167329975955,106.55364731351217,106.99972534179688,9934422
2013-10-22,106.99973727693207,108.8435325570471,104.1150856955645,105.81018829345703,5705001
2013-10-23,106.01835234770256,107.17815973855515,102.98500820415855,104.32324981689453,6239227
2013-10-24,103.4905673828231,106.99973103509588,103.4905673828231,104.14482116699219,6472369
2013-10-25,104.68011153394372,104.91802132303918,100.39775038161476,102.15232849121094,9824237
2013-10-28,99.98139953613281,102.98500195177795,99.50557999046134,99.98139953613281,4456326
2013-10-29,99.4758427430309,102.2415430309837,98.58368670063584,101.26016235351562,5590615
2013-10-30,101.7062507820739,102.68762396165285,100.69513605662792,101.7359848022461,23864020
2013-10-31,101.43860073215515,104.5611620599798,101.26016650608092,102.74710083007812,19946572
2013-11-01,102.30101502865794,102.80657612227799,99.44610525655646,100.2787857055664,10750126
2013-11-05,100.36801129828757,101.20069181770346,97.63205241941256,98.10787200927734,5680875
2013-11-06,97.54283555672906,100.07062619368175,96.3830281255833,99.02976989746094,12879815
2013-11-07,99.0297684508925,99.26767824296216,96.4425022842706,96.88858032226562,3876069
2013-11-08,96.9480649121694,98.22682347931452,95.60982325181683,97.6915283203125,6167686
2013-11-11,97.84022479907209,98.52422019194326,94.2715852500981,94.86636352539062,4036150
2013-11-12,95.63957227548616,97.18598230587754,93.40916682529463,95.431396484375,7979723
2013-11-13,95.46113124146899,99.20820490652753,95.46113124146899,98.19709014892578,15172154
2013-11-14,99.62454158152978,102.18207378965607,99.20820507959368,101.58729553222656,20189660
2013-11-18,101.70624961089888,103.63926192762543,101.70624961089888,103.19318389892578,9555499
2013-11-19,102.59840128381778,105.9588721796092,102.50918417675155,104.59089660644531,15692947
2013-11-20,104.59090397614222,105.27489181091939,103.46083057460173,103.66900634765625,4532367
2013-11-21,103.4013605795936,104.94777055918476,103.0147580846958,103.4905776977539,9672871
2013-11-22,103.37161664302681,104.68011678585333,102.50919455499897,103.72848510742188,6857226
2013-11-25,103.72848094623332,104.62063702004077,101.49807571032498,102.24154663085938,11185193
2013-11-26,101.7062559004135,103.75821947474215,101.7062559004135,103.31214141845703,18552276
2013-11-27,103.19317661982039,104.56115215494877,103.19317661982039,104.11507415771484,9362330
2013-11-28,104.2935062109981,105.81018201565506,103.87716973575468,104.14481353759766,4499289
2013-11-29,104.1448134336688,106.76182103943314,104.02586230534497,104.35298919677734,6311528
2013-12-02,105.81018734402159,106.40495806757471,104.05560166842795,104.38272857666016,4047163
2013-12-03,104.08534002961491,105.48305720774711,103.63926200060116,104.32324981689453,5105882
2013-12-04,104.32325584715343,104.88829256531551,103.19318993652445,103.72848510742188,8650772
2013-12-05,104.08533797337638,105.54253068811751,103.78795262657549,104.14481353759766,8022362
2013-12-06,104.1150799211752,106.16704333745754,103.96638724719942,105.06671905517578,7359621
2013-12-09,105.42358028347968,106.94024857285503,103.78795333915049,104.65037536621094,4898870
2013-12-10,104.68011284585181,109.25987446191202,104.08534212850653,105.63175201416016,6032893
2013-12-11,105.57227702149508,105.57227702149508,101.76572785326272,102.53893280029297,6492472
2013-12-12,101.73599071131721,104.56116680776348,99.20820751372996,102.47946166992188,13841158
2013-12-13,102.27127559577181,103.4310904755014,101.49807069308174,101.79546356201172,5803969
2013-12-16,102.00363689927555,104.17455904431576,100.48696103693938,100.90330505371094,5968681
2013-12-17,102.06310955361388,102.06310955361388,99.98140458054262,100.42748260498047,5276718
2013-12-18,99.98140406037172,101.76572367453451,99.50558449316901,101.05199432373047,3402164
2013-12-19,101.11146648718861,103.37160559253131,100.42747870447705,101.20068359375,4831395
2013-12-20,101.20068689391697,102.44971137511862,100.3085308505984,101.05198669433594,4983765
2013-12-23,100.69513826848036,102.83631889848357,100.13010156445925,100.57618713378906,3407316
2013-12-24,100.27878807633938,101.64676366960389,98.52421003057016,100.04087829589844,2890941
2013-12-26,99.86245305786952,101.022260519663,97.86996505251292,98.58369445800781,2822360
2013-12-27,98.25655901021491,100.81408351361713,98.25655901021491,99.83271789550781,2405360
2013-12-30,101.40885409849925,102.00363231367663,100.30852982809486,101.17095184326172,2307495
2013-12-31,102.12258725935557,102.12258725935557,98.85133329350832,99.2676773071289,3158847
2014-01-01,99.86244304879335,100.3085285860766,99.05950413307237,99.95166015625,3574896
2014-01-02,100.51669719595371,101.02225077250797,95.16373845976634,95.52059936523438,6980955
2014-01-03,95.22321423614237,97.51309492224426,94.42026778992445,96.65067291259766,5380734
2014-01-06,96.38302766106975,96.88858879630175,94.39053971796703,94.71766662597656,2880245
2014-01-07,94.56896278576559,96.97779465793184,93.49837251495718,96.41276550292969,4845107
2014-01-08,96.94805648222618,97.18596625728395,95.46112226953868,96.05589294433594,7794657
2014-01-09,95.49087958223281,96.65068710502635,94.89610128352379,95.431396484375,4590827
2014-01-10,95.75851326642142,96.47224263377731,93.97419361087908,95.87747192382812,6928820
2014-01-13,95.75851284167955,97.12649600446761,94.0039347396951,96.29380798339844,6322513
2014-01-14,96.05589870050028,100.10035759315292,96.05589870050028,99.47584533691406,9669340
2014-01-15,99.65427276113286,101.23042406709261,99.38662896997397,99.98140716552734,5533557
2014-01-16,99.6245360534194,99.86244583805072,92.24934778123803,92.81438446044922,14852307
2014-01-17,92.39804198919954,92.78464445492898,86.59900500325794,89.81078338623047,26500728
2014-01-20,90.04869271350898,91.98170503225376,90.04869271350898,91.56536102294922,12262513
2014-01-21,92.1006567022355,92.308824945259,90.70293951544603,90.94084930419922,8138394
2014-01-22,91.59510153849067,92.16013069213503,91.03006485915166,91.47614288330078,4485618
2014-01-23,91.35718938802962,93.02255031200484,89.12678427365309,91.71405029296875,9437639
2014-01-24,91.44641511570781,91.59510780058989,89.27548535990022,90.67321014404297,6782708
2014-01-27,90.048691897113,90.70293816215181,85.23102062816454,86.12318420410156,10982745
2014-01-28,88.02644987171227,88.20488408172432,80.5917864466708,82.79244995117188,21916588
2014-01-29,82.82218357468639,83.86303976054161,82.6734909089491,83.20878601074219,24984794
2014-01-30,82.01925087420382,83.98199722032707,81.48395573201614,83.53591918945312,17220232
2014-01-31,83.98200000597059,85.64736857911213,83.86304887073656,85.34998321533203,9526958
2014-02-03,85.05259072361228,85.76632005228653,83.06009540701824,83.38722229003906,6534581
2014-02-04,83.14932073433401,91.05980464306089,81.03787408372756,89.95948028564453,14441602
2014-02-05,89.3052223973218,89.8107835209466,85.11207083372936,85.79605865478516,8717155
2014-02-06,86.83692102242192,88.08594562065733,85.23102795286478,86.33135986328125,6557111
2014-02-07,87.37221458346431,87.37221458346431,81.87056265910084,82.1382064819336,13551215
2014-02-10,83.08984064506537,83.08984064506537,74.76301315840635,75.20909118652344,30450005
2014-02-11,75.53621753224718,77.91530785718554,75.53621753224718,77.17184448242188,22364558
2014-02-12,78.15322025295242,79.49146189792553,78.00452757303262,79.19407653808594,11174298
2014-02-13,79.40224775542129,79.69964065208183,77.94505492227398,78.33165740966797,7253384
2014-02-14,79.55093883330656,82.82219289920893,78.06401200852824,78.86695098876953,20454400
2014-02-17,79.40224729235072,79.61042307136853,76.66629587486933,77.61792755126953,13057649
2014-02-18,76.87446277985386,78.45061423996749,76.69602855116683,77.94505310058594,4400491
2014-02-19,77.35027364293695,79.99701512507598,77.35027364293695,79.40223693847656,4137666
2014-02-20,79.10486087856707,79.25355356121912,77.23132404631696,77.5287094116211,4143982
2014-02-21,78.24242970337563,78.48033947308662,75.74438088425738,76.51758575439453,13029493
2014-02-24,76.7257638802951,77.82609565854018,75.32804676213394,76.27967834472656,6190827
2014-02-25,76.45811640229887,77.43949710418664,75.29830900290904,75.71465301513672,4149765
2014-02-26,76.10125173932909,77.409751751806,74.55484194952052,74.94144439697266,6899145
2014-02-28,75.26857312920396,77.61792189019594,74.40615110591781,76.66629028320312,13505949
2014-03-03,77.05289497675098,78.89669020558152,76.72576807468238,77.76661682128906,8322027
2014-03-04,77.4989742913114,79.1048597565939,77.3205400643817,78.7777328491211,11624030
2014-03-05,78.80748148252921,79.10486687035879,77.97480089146731,78.27218627929688,29969856
2014-03-06,78.27216866830196,79.61041013813046,78.27216866830196,78.51007843017578,5595539
2014-03-07,78.56956821417852,81.63265413073799,78.56956821417852,80.6810073852539,7929351
2014-03-10,79.93754488600686,83.86304505557318,79.93754488600686,83.44670104980469,6730035
2014-03-11,83.86304412422443,84.72546614579201,80.94865116760042,83.35749053955078,11350447
2014-03-12,82.6140187302737,84.75520675080728,82.22741627838916,84.3983383178711,3840023
2014-03-13,83.86303758076693,84.24964000677411,82.67348876009325,83.238525390625,9976933
2014-03-14,82.67349250129764,83.26827070139684,80.29440227798388,81.33525848388672,9918332
2014-03-18,81.4839607413809,81.98951436897885,80.5323215297904,81.5136947631836,5593252
2014-03-19,81.63265136130629,82.61402456986032,80.97839753847357,81.54344177246094,6137842
2014-03-20,81.0973579083864,83.26828014705916,81.0973579083864,81.93003845214844,4834769
2014-03-21,82.31663518009627,83.08984010071151,79.16433240705358,79.64015197753906,3972474
2014-03-24,80.29440832242408,81.30552306044412,79.16433492515145,80.53231811523438,4626204
2014-03-25,80.53231491988774,81.66238074662692,79.58067578640552,80.47283935546875,5974738
2014-03-26,80.88917583209627,81.18656117988581,79.81858556977608,80.47283935546875,3658917
2014-03-27,80.35388540243135,84.01174195079153,79.52120487476168,82.46533203125,12969454
2014-03-28,82.97089158981686,84.3388672538702,81.18656438132875,83.00062561035156,5933913
2014-03-31,83.26827029169912,85.55814339744663,81.39473364570881,81.75159454345703,8615354
2014-04-01,82.67349532599256,83.03036376338402,81.06760993481475,81.81107330322266,4898563
2014-04-02,82.34636890328149,85.64736433950692,82.22741777393563,85.20128631591797,6394882
2014-04-03,86.18265886125673,87.01534686354621,82.28689275456354,83.35749053955078,6179936
2014-04-04,83.83329925883532,84.45781147296987,82.52479926867113,83.29800415039062,4098769
2014-04-07,83.74409098812815,87.81828368990323,83.26827143413942,87.19377899169922,8652059
2014-04-09,88.02645766570336,88.44280168403043,85.20128922740406,86.80717468261719,5523718
2014-04-10,86.86665447193376,88.4130719613082,85.23102739101225,85.8258056640625,5385144
2014-04-11,85.64736683787723,86.24213755334557,83.95226427823661,84.96338653564453,6121651
2014-04-15,85.05259535346573,86.09344409612522,82.58428035005902,83.3277587890625,5863289
2014-04-16,83.20879150314659,85.05259422624334,81.54343052668494,81.9002914428711,6561488
2014-04-17,83.26827569749756,83.56566105254312,81.30552181822414,83.3277587890625,3818187
2014-04-21,83.56566607209471,85.17155160121861,83.0601049175938,84.9039077758789,4157802
2014-04-22,85.34997973295498,86.06370909232322,84.01173812485135,84.36860656738281,3619923
2014-04-23,83.86305297912025,85.11207758874136,81.51369644905242,82.10847473144531,9352041
2014-04-24,82.10847473144531,82.10847473144531,82.10847473144531,82.10847473144531,0
2014-04-25,82.37611179376403,84.63625101949799,82.37611179376403,83.53591918945312,13121604
2014-04-28,83.86303957319441,85.7068346447732,82.61401516323609,83.62513732910156,9253525
2014-04-29,86.24213070506558,86.68821623193911,83.14931118911184,83.71434783935547,19979339
2014-04-30,84.4578187558163,84.93363834339607,78.39113030271658,80.11597442626953,12582876
2014-05-02,80.8891785551971,81.4244737043777,79.16433444911809,79.81858825683594,7736266
2014-05-05,79.69963690812155,80.23493205585225,76.81498539901538,77.5584487915039,9150101
2014-05-06,77.91531177429749,79.46172921780082,77.0528972264925,77.73688507080078,5247796
2014-05-07,77.91530868143262,78.42086980217583,77.20158684438708,77.46923065185547,7009239
2014-05-08,77.67740389956347,78.71826022801339,77.43950162234714,78.12349700927734,2475578
2014-05-09,77.94505700330713,81.18656967448594,77.94505700330713,80.77023315429688,9584724
2014-05-12,80.41335996979895,83.20879440891072,80.41335996979895,82.37611389160156,4275649
2014-05-13,82.97088839567057,84.1604297879421,82.10846637085693,82.94114685058594,4563692
2014-05-14,83.32774249288727,84.24964000677411,82.70323030274534,83.238525390625,6406194
2014-05-15,83.62513619180457,84.21990689886152,82.82218971672191,83.74409484863281,5818071
2014-05-16,85.05259075031101,86.77743474705828,83.35748829773657,84.7254638671875,12161245
2014-05-19,86.24213673275891,86.24213673275891,82.79245607989321,84.45781707763672,13583822
2014-05-20,85.05259170443128,89.09705042119793,84.16042815187653,87.49115753173828,17096533
2014-05-21,87.31273113698211,88.65097270749152,83.68460887687266,84.60651397705078,15399439
2014-05-22,85.58789061085855,85.58789061085855,82.82219024874922,83.11958312988281,10222425
2014-05-23,83.83330268434919,84.45781492400192,82.97088818739502,83.1493148803711,24725129
2014-05-26,84.45782139309551,84.66599717272149,78.51009141401444,81.00814056396484,21263341
2014-05-27,81.18656473547655,81.36499896224271,79.40224504489987,80.11597442626953,9127843
2014-05-28,80.2944124186219,81.573178560925,79.69964166910154,80.6810073852539,10062545
2014-05-29,80.35388039850109,81.1865608743167,78.92642170365042,79.34275817871094,11866039
2014-05-30,78.65878016157943,83.26827574447032,78.65878016157943,81.98951721191406,32132791
2014-06-02,82.07872248325044,83.44669805559862,82.07872248325044,83.1790542602539,10917169
2014-06-03,83.5359161985662,84.72546509733465,82.1976746281635,83.26827239990234,7426608
2014-06-04,83.26826994441437,83.5656552789133,80.65126244429638,80.82969665527344,11952493
2014-06-05,81.18656829521294,81.90029770787704,80.4431048605807,81.09735870361328,16854839
2014-06-06,83.26827527270936,84.21990689886152,82.01925076733399,83.74409484863281,28488996
2014-06-09,84.04148149367659,87.69933795481768,84.04148149367659,87.22351837158203,31835302
2014-06-10,87.43169280747092,87.84803685370392,84.66599975050316,86.42057800292969,15454157
2014-06-11,87.43169260036437,88.29411471328565,84.75521666862191,85.4986801147461,18969759
2014-06-12,85.64736519402977,85.76632385025715,83.41696752813715,84.16043090820312,6645215
2014-06-13,84.338863928122,85.05259327823366,80.11597091756562,80.47283935546875,8200048
2014-06-16,81.54343023518247,82.4653278305879,79.90780328426149,80.9783935546875,21279058
2014-06-17,82.37611360364036,84.99311380643233,81.18656463614631,83.92252349853516,21957096
2014-06-18,84.07121295865903,85.94474968856623,83.32774958601077,85.20128631591797,49262303
2014-06-19,85.08232824593696,85.55814781798163,81.48395496160302,81.9002914428711,11112053
2014-06-20,81.48396298012358,83.08984854953229,80.88918469369058,82.61402893066406,8362142
2014-06-23,82.07872431907148,83.17905612068562,81.81107299204594,82.2274169921875,4868359
2014-06-24,82.67349679387391,83.03036523760163,81.06761137418336,81.48395538330078,11602198
2014-06-25,81.48395279379017,81.48395279379017,79.10485499686075,79.25354766845703,21134331
2014-06-26,79.43198727568365,81.1270898674831,79.25355304738002,80.62153625488281,25680879
2014-06-27,80.44310136500928,80.7702282723106,77.23132291043294,77.64766693115234,13925493
2014-06-30,77.91531078655412,78.98590862243739,77.91531078655412,78.7777328491211,7867444
2014-07-01,79.16433158959228,80.05649515646364,78.95616335178995,79.34276580810547,6922085
2014-07-02,79.69963886389358,81.75160239293253,79.28329483846633,81.5434341430664,23176683
2014-07-03,81.95976504404442,82.04898215237682,79.99701876350957,80.38362121582031,10155168
2014-07-04,79.72937399015977,80.74048875818974,79.10486170620905,80.2944107055664,18576004
2014-07-07,80.38362591031253,81.54343333497879,80.29440879676974,81.24604797363281,8287488
2014-07-08,81.1270854161536,81.60290498172571,78.56956089547442,79.34276580810547,11957161
2014-07-09,79.40223797268833,80.88917217001288,79.13459418207258,79.491455078125,16574946
2014-07-10,79.49145827377328,80.77022429361632,78.80747047218739,79.55093383789062,17291516
2014-07-11,79.40223768004343,80.56204499505704,79.40223768004343,79.90779876708984,12323366
2014-07-14,79.90779847563469,80.5620447012156,78.98590093570647,80.32414245605469,11889280
2014-07-15,80.82969665527344,81.9300284134749,80.05649177529851,80.82969665527344,6329847
2014-07-16,81.03787170157055,83.20879385687405,80.88917902181235,83.00062561035156,6595811
2014-07-17,83.26827199121796,83.80356711161289,82.22741576919232,83.68460845947266,6296033
2014-07-18,83.17905612068562,83.4466999220166,81.72186340873198,82.2274169921875,5394746
2014-07-21,82.85193179457102,83.7738294067092,82.37611221559104,83.11958312988281,11022015
2014-07-22,86.24213327581423,87.93724327707379,84.87415768780946,87.28298950195312,46309601
2014-07-23,87.84803159219757,89.09705613039301,86.2421385998349,88.6509780883789,23571982
2014-07-24,88.85915031931346,90.70294566284295,88.02646223939442,90.13790893554688,16527920
2014-07-25,90.40555150310469,91.26797352126891,87.28299032107812,88.91861724853516,15324036
2014-07-28,89.66208426781085,89.69182581387851,88.02645727368181,88.56175994873047,6201622
2014-07-30,88.91861487276707,93.4983686421439,88.71044664142542,93.1712417602539,19788534
2014-07-31,93.43889958845193,94.3310556640854,91.56536279878782,93.29020690917969,17738221
2014-08-01,92.48726201818758,96.50198700497353,92.21961820115219,93.88497924804688,14508289
2014-08-04,94.806874965782,98.13761204350986,94.68792383299629,97.30492401123047,23486284
2014-08-05,96.88858560633254,98.7323808079429,95.07452442448367,95.78825378417969,14084396
2014-08-06,95.63956350478634,96.41276844907468,92.90360465357571,93.08203887939453,8942102
2014-08-07,93.14152022155007,95.22322539096908,92.96308598466705,94.95557403564453,7672294
2014-08-08,94.45001485192464,95.46112959205597,93.40915856549434,95.13400268554688,13770876
2014-08-11,96.82910548087872,96.82910548087872,94.45001506805873,94.92583465576172,5587462
2014-08-12,95.16374258534839,95.16374258534839,91.83301306237168,92.0709228515625,7817464
2014-08-13,92.66569607941658,93.94445464607813,90.16764698788842,91.62483978271484,5215869
2014-08-14,91.05979734132804,93.61732936493831,90.5839853056855,93.34967803955078,4722406
2014-08-18,92.48725831772113,97.0967538474417,91.95196317937278,95.78825378417969,21968485
2014-08-19,95.72876759961619,96.94805803849546,94.59870179422201,95.52059936523438,12026840
2014-08-20,95.43138234002679,95.63955810028321,92.01143585069526,92.84412384033203,9214304
2014-08-21,93.08203866333753,94.3310556640854,92.39804330785135,93.29020690917969,4946230
2014-08-22,93.49837248078006,93.82549937610047,92.13039686032432,92.60621643066406,2979516
2014-08-25,93.08203423823934,93.49837071013114,91.65457555425301,92.01143646240234,3451625
2014-08-26,92.1898676749245,93.02254811726617,90.5244992645469,91.74378967285156,4262847
2014-08-27,91.74379569595642,93.91471781273513,90.22711985336463,93.6173324584961,7945812
2014-08-28,93.49837361792491,96.71015199393302,93.43889805233276,96.29380798339844,20107781
2014-09-01,96.94806229185355,100.21931625065758,96.91832074605368,99.47584533691406,15111448
2014-09-02,99.86244829646475,104.5611610143351,99.62453850597657,102.65788269042969,14936148
2014-09-03,102.86606416017382,103.96639606143596,101.73599071131721,102.47946166992188,26693089
2014-09-04,100.51669484438558,101.37911683192615,98.31603132268245,99.77323150634766,17876825
2014-09-05,100.15984248963755,100.45722785021594,97.95917878024555,98.73238372802734,6670997
2014-09-08,99.05951144403967,99.89219196559932,98.07813071528135,99.02976989746094,7226215
2014-09-09,99.32715004609756,104.6801088763014,99.11898180805959,103.9366455078125,12431501
2014-09-10,104.68010794204403,104.8585421591667,100.99251762613905,101.17095184326172,11126387
2014-09-11,101.4088613024282,102.06311512789215,100.57618077286095,101.58729553222656,6400429
2014-09-12,101.43860342903916,103.75821832689476,101.43860342903916,103.43109893798828,14412531
2014-09-15,102.89578539794313,102.89578539794313,99.62453164818314,100.69512939453125,8990798
2014-09-16,100.96278040758979,102.12258781719522,97.54283374513135,98.6431655883789,6205599
2014-09-17,99.08924356933647,99.2974193400152,96.2045920570976,97.51309967041016,8094926
2014-09-18,97.75159514666984,100.5836733040442,97.30441855836777,100.28556060791016,7368038
2014-09-19,100.61347956441061,106.18820766085122,100.61347956441061,103.29650115966797,43788211
2014-09-22,103.1474500436601,104.48896468123142,102.28292626773053,104.25047302246094,5331691
2014-09-23,104.33990305699609,105.11499902274826,102.4319774274909,103.29650115966797,9664320
2014-09-24,102.84934177800345,104.04180012312295,98.67574888623689,100.31537628173828,8326782
2014-09-25,101.29914500751318,102.10405529618446,100.37499266190581,101.38858032226562,17084652
2014-09-26,100.76254596710122,101.17990827654845,96.94668678277333,99.1527328491211,7987247
2014-09-29,98.97385220803368,100.61347944816904,96.79762064946681,97.42366027832031,6978205
2014-09-30,97.72177743965554,99.71913846913701,96.82743183844991,99.03347778320312,6694025
2014-10-01,100.16631383583032,102.16367484126441,98.97385556327977,99.51045989990234,6372181
2014-10-07,99.57008482917574,100.43461616763912,96.64857137707271,99.09310150146484,6390999
2014-10-08,98.37762950004785,99.24216079849162,93.81648135501344,94.29346466064453,6520887
2014-10-09,94.83007654210401,97.00630833221506,94.83007654210401,95.6349868774414,8249609
2014-10-10,94.68101256967398,94.68101256967398,90.62666201949803,91.10364532470703,5270352
2014-10-13,91.16326824158239,94.2040312172472,90.32855121221384,93.16062927246094,4020272
2014-10-14,93.75686595020439,93.8761080117125,91.2825139608497,91.72969055175781,3768878
2014-10-15,91.72969055175781,91.72969055175781,91.72969055175781,91.72969055175781,0
2014-10-16,92.02779790815705,93.27987720182453,86.60212599833174,87.58589935302734,7739765
2014-10-17,90.14967850328514,92.56440176519096,87.58589890186295,91.93836212158203,8997553
2014-10-20,92.7134564151991,96.67837157110328,92.41534374159887,96.26101684570312,12165522
2014-10-21,98.6757400636057,99.09309478900585,94.41270469000084,96.26101684570312,11403909
2014-10-22,96.3206434996414,97.57272283720206,95.09837844882301,95.54554748535156,3575820
2014-10-27,96.08215127141781,96.17158658701631,93.1010092906052,93.51837158203125,4899100
2014-10-28,93.51837489226578,93.75686656093663,91.87874749919168,92.41535186767578,5492983
2014-10-29,92.9221377576134,95.366675365212,92.80289570070653,95.00894165039062,3409775
2014-10-30,95.00894485747256,95.99271826451479,94.23384882911175,95.2474365234375,5342101
2014-10-31,96.58894852147193,98.46705996569591,95.84365925697278,97.03611755371094,12212008
2014-11-03,97.66215895922223,97.66215895922223,95.27724232318816,96.73800659179688,7534766
2014-11-05,96.88706130904046,99.12291401663035,95.15799866302126,97.54290771484375,6709440
2014-11-07,97.4236695098867,101.06065803237476,95.48592941413071,100.31537628173828,8120876
2014-11-10,101.06065602062198,101.35876871494223,97.87083661201359,99.59989929199219,4430675
2014-11-11,100.46442850119638,101.35876656518879,97.84102024979686,98.37763214111328,14414821
2014-11-12,99.21234592735253,99.95762762293997,97.8112103043677,98.1391372680664,2648885
2014-11-13,98.61611904133845,98.61611904133845,96.1119678649772,97.09574127197266,2581203
2014-11-14,96.7678173221598,97.99008997753084,96.46970461639656,96.82743835449219,1954692
2014-11-17,96.23120617859405,98.37763108859319,96.23120617859405,98.01988983154297,2322218
2014-11-18,98.3776327015808,101.29914611352113,98.3776327015808,100.4048080444336,6494980
2014-11-19,101.2693348074037,102.84934116221443,99.15273163062835,99.62971496582031,10105903
2014-11-20,99.74895674978904,103.14745357344135,98.97386071828585,102.31273651123047,5293820
2014-11-21,102.84933913604213,103.1474518286389,101.65688082155413,102.61084747314453,5679975
2014-11-24,102.55122491005565,102.93877291345686,99.27197025232215,100.22593688964844,5745456
2014-11-25,100.46442766349851,100.76254034901024,94.80025646237262,97.18517303466797,13189506
2014-11-26,96.73800530235343,98.37763263873401,96.20139340832267,97.21498107910156,3149821
2014-11-27,97.3044153830104,98.52668795901467,96.88706063968279,98.19876098632812,7740127
2014-11-28,98.91423348799917,98.94404022943431,93.99535165294114,94.62139129638672,6881506
2014-12-01,94.59157413104641,96.76780567408353,94.50213882126265,95.396484375,4296738
2014-12-02,94.68102064111694,98.07951755032313,94.38290793597272,97.66216278076172,5658713
2014-12-03,97.21498385187532,97.99008742843813,95.99271877240128,97.27461242675781,5589627
2014-12-04,97.27461173619301,97.93045815833489,94.35309071943054,94.74063873291016,8243529
2014-12-05,95.03875188394267,95.51573521729432,90.09006300259608,91.22289276123047,21318567
2014-12-08,91.222889080623,92.05761365235996,87.10891742657941,87.61571502685547,16070953
2014-12-09,87.61571430498493,89.3745836601735,86.18476437445477,86.93004608154297,10913842
2014-12-10,86.98967633734067,87.9436354320602,84.09796967847942,84.78363037109375,11133379
2014-12-11,84.81344588479122,86.69155735900526,84.18739866791861,86.15495300292969,10479118
2014-12-12,87.58590502479072,88.3013800309468,84.574956194331,85.02212524414062,8024740
2014-12-15,84.24702747893286,84.78363183651895,83.1738187637607,83.47193145751953,7529808
2014-12-16,82.63721081649514,86.36364229910352,82.3390981084708,85.40967559814453,8858360
2014-12-17,84.57495361467109,86.51269364884335,83.56136593955783,85.46929168701172,6892153
2014-12-18,85.64816799558682,87.04930377039699,85.0817493191036,86.60213470458984,8220710
2014-12-19,87.34740533527267,88.7485409312958,86.45305977367684,87.19834899902344,9181305
2014-12-22,87.16854147477584,89.43420852322602,86.09533275290495,89.19571685791016,3992195
2014-12-23,89.43420852322602,90.56704581950162,88.30137877105143,89.19571685791016,7078969
2014-12-24,88.83797992855564,90.56704255372168,88.24174701471519,88.95722198486328,10236416
2014-12-26,89.4342067906755,90.92477778399854,88.98703775590886,89.49382781982422,2997887
2014-12-29,89.5832619360947,90.53722856610413,89.43420559316831,89.97080993652344,1785032
2014-12-30,90.03043840431286,90.26893006153797,88.4504321182091,89.46401977539062,5030394
2014-12-31,89.16590944023277,91.99798757129392,89.16590944023277,91.69987487792969,3121001
2015-01-01,91.81912232687213,95.33686862303568,91.72968701214158,95.00894165039062,3840849
2015-01-02,95.36668265998364,95.96290807832591,93.8761115700266,95.33687591552734,4192973
2015-01-05,95.3070574747241,96.29083088094904,91.22289241353067,91.55081939697266,4622307
2015-01-06,91.67007033443157,92.56440843598152,89.31496792978824,89.7323226928711,4978206
2015-01-07,89.37458393455076,90.47760689970809,88.59948793915923,89.28514862060547,2746945
2015-01-08,89.94100304875943,91.0738327619857,89.91118876258211,90.80553436279297,5816290
2015-01-09,91.3421411248281,91.4315764416283,86.81080706369163,88.00326538085938,6529725
2015-01-12,87.70514260560883,88.15231917667009,86.21457918240708,87.10891723632812,2927971
2015-01-13,87.9436357610103,88.6591107428018,87.04929769184659,87.64552307128906,8988728
2015-01-14,87.64552557698728,89.13609661230828,87.16854224215648,88.53987121582031,3836878
2015-01-15,88.65910948924329,90.74590583188743,88.4504321182091,89.46401977539062,18692341
2015-01-16,89.07647343093348,91.58063210628752,88.89760279866508,90.5074234008789,4340259
2015-01-19,90.53722848199871,93.13082242588975,89.82175351015627,92.65383911132812,3862307
2015-01-20,93.25006977158768,94.3829070939508,92.23648205667911,94.1146011352539,5554655
2015-01-21,94.11459838026765,97.63234476363542,93.25006704190858,97.24479675292969,9221064
2015-01-22,97.48328048021946,100.52404328837218,96.88705514124455,98.91423034667969,9988848
2015-01-23,99.24216095743512,101.03084458436611,97.78139675256266,100.67310333251953,7600755
2015-01-27,101.35876517523674,101.92518380112502,98.49687284796555,101.53763580322266,8099761
2015-01-28,102.43198066744266,102.61084375005036,97.21497855988727,99.00366973876953,15142930
2015-01-29,97.21498280651157,98.04970740487992,94.35309037466561,95.06856536865234,10320316
2015-01-30,95.0983770585535,95.60516711705678,91.58063075893384,92.32591247558594,7044784
2015-02-02,91.87874334289849,92.74327465970909,90.23911602399575,91.81912231445312,3382449
2015-02-03,91.93835942856035,93.39911603949311,90.68628017801787,91.87873840332031,3206600
2015-02-04,92.41534271868133,94.20402628458481,91.81911737808029,91.87873840332031,2738475
2015-02-05,92.41534682070936,93.10100750165496,91.37194488424383,91.96817779541016,6783071
2015-02-06,91.9681841970099,92.95195762996552,91.22289489220007,92.4451675415039,5245602
2015-02-09,91.25270851144425,92.74327956603776,90.92478152149546,91.7594985961914,4381785
2015-02-10,91.81911942120016,92.59421539886876,89.46401720286073,89.91118621826172,4627008
2015-02-11,90.38817379799967,90.98439918009315,89.43420715136939,90.5074234008789,2972884
2015-02-12,91.22288566450429,91.72968324580177,90.11986273495138,91.4017562866211,2133627
2015-02-13,91.43156908132447,92.80289037759935,90.74590088908667,92.2066650390625,4206476
2015-02-16,91.75948917207025,94.77044525986855,91.75948917207025,94.23384094238281,5292857
2015-02-18,95.3666780634549,95.60516972811715,93.19044633847503,95.06856536865234,34903270
2015-02-19,95.93309505008601,96.05233710830336,89.79194799347172,90.83534240722656,4461555
2015-02-20,91.4911966066973,91.64025295192178,89.2851506268135,90.00062561035156,6783338
2015-02-23,91.96818380395032,92.20667547517805,90.26893536151607,90.9247817993164,5288860
2015-02-24,90.80553333253144,91.69987137849455,88.56967312942231,89.10627746582031,13960554
2015-02-25,90.03043528772643,91.31232129984815,89.55345198978796,91.0738296508789,9815809
2015-02-26,91.1930854124868,92.92214055428025,90.74590882537547,92.38553619384766,12437995
2015-02-27,92.41534509630934,92.9519494254759,90.50741943083939,92.26628875732422,5816419
2015-03-02,91.28250937750076,92.11723394254986,90.17949395957999,91.46138000488281,4857921
2015-03-03,91.2228906910822,93.3096946131645,90.74590736855487,91.84893035888672,2691763
2015-03-04,93.01157699657412,95.99271907423189,91.25270754633468,93.25006866455078,7579996
2015-03-05,93.60780571858875,93.69724103306076,88.8379801181873,89.46401977539062,16384299
2015-03-09,88.24174924879866,89.88137660119527,85.32023581018701,88.83798217773438,13924542
2015-03-10,88.83798380302365,96.94668539680993,86.66175205564139,91.72969055175781,18743744
2015-03-11,92.41534163026039,98.7651731180979,91.40175403671591,97.72177124023438,21508979
2015-03-12,97.48329015915638,104.90633106927584,96.82743618588516,104.33991241455078,31317186
2015-03-13,103.95235853883436,109.4376590516742,102.87914986496156,108.57312774658203,27237007
2015-03-16,108.36445104414348,108.39425778609504,102.87915049757406,103.38594055175781,74995163
2015-03-17,104.04179593464235,106.72482521712344,102.99839398165508,105.2640609741211,10895450
2015-03-18,104.93612927837526,108.00670642626194,103.92254920155496,104.48896026611328,9964492
2015-03-19,105.35349023504438,106.84406113475258,103.50518563881037,104.45915222167969,8237426
2015-03-20,104.93613240129879,106.69500930576795,103.56481103857769,104.22066497802734,14745792
2015-03-23,104.3697207059328,106.3074606827708,101.65687719425898,102.19348907470703,5360325
2015-03-24,102.22329323858558,103.89273477720039,100.76253660736043,101.29914093017578,8151830
2015-03-25,102.16367286923912,104.57839610948061,101.77612488115345,103.3263168334961,7302471
2015-03-26,102.90895292029283,109.94444516427703,102.55121922318364,107.64897155761719,36171354
2015-03-27,110.36181287320684,111.49464258999899,99.00367124261122,102.73009490966797,24234457
2015-03-30,101.9549989320256,110.71954661445415,101.68669298782335,109.10973358154297,17158861
2015-03-31,109.64633447878967,111.79275933262612,108.39425520007687,109.7059555053711,21205275
2015-04-01,108.60294051090601,113.55163696123847,108.60294051090601,113.07465362548828,16102591
2015-04-06,113.07465241197126,115.81730279105022,112.56786233823873,115.39994049072266,13371904
2015-04-07,115.57880950532297,118.6493868241741,113.58144843739609,117.5463638305664,7990556
2015-04-08,118.05315724828085,118.38108423581353,113.34295999280637,114.59503936767578,14154591
2015-04-09,114.89315086231018,116.11541593672696,111.07729174657142,111.88219451904297,10683862
2015-04-10,111.49464516246086,117.42711491563814,111.3754031028266,116.89051055908203,11528786
2015-04-13,116.2644696604121,121.39202905266423,115.90673594117858,120.55731201171875,12653913
2015-04-15,120.43806665224442,120.4678733939714,117.7550374271793,118.47051239013672,9963103
2015-04-16,118.6493859343305,121.57089934145019,118.23202364298447,120.88523864746094,15160294
2015-04-17,121.03429813285776,121.63052352673748,116.71164139492667,117.42711639404297,8391084
2015-04-20,117.60598713351769,117.60598713351769,113.67087840695982,114.23729705810547,9867583
2015-04-21,113.28332668314103,115.75767858594072,110.06370060583433,110.63011169433594,13577069
2015-04-22,111.40521359614095,112.32936593119003,108.75199864656751,110.92823028564453,10154010
2015-04-23,112.0610573916692,112.56785497635843,108.66256081330802,110.03388214111328,7147081
2015-04-24,109.6463346878341,110.89841396893402,108.18557804125103,108.8712387084961,4773432
2015-04-27,108.93086121126296,112.83615544626963,108.93086121126296,110.74935913085938,11384840
2015-04-28,110.80897772077411,116.97993876205119,109.7953900991175,114.38634490966797,18002495
2015-04-29,117.4569252687548,118.947496228867,106.78444443668816,108.24520111083984,29234516
2015-04-30,107.20180488752293,107.52973187415854,103.59463066683448,104.33991241455078,28949528
2015-05-04,106.06897155226424,106.81425327489698,104.51877953390749,106.27764892578125,9613857
2015-05-05,106.36708796652981,107.88747329568905,105.14482288096534,106.69501495361328,6893515
2015-05-06,106.1285882748722,108.57312580529702,102.07423776242157,102.4916000366211,13704864
2015-05-07,101.95499986244258,103.59462719659489,101.41839551324193,103.08782958984375,9059750
2015-05-08,103.9821728502269,105.77085648848752,100.16631391899753,101.3587646484375,12440894
2015-05-11,101.35877156806959,103.83312359759981,101.15009418499159,102.0146255493164,8235675
2015-05-12,102.73009687479555,102.99839527996511,99.15272948246142,100.25574493408203,12950968
2015-05-13,101.35877073262935,101.38858502029527,98.3776361859823,100.31537628173828,7778220
2015-05-14,100.3153742138998,103.32632298614696,99.27197224041564,102.78971862792969,7826489
2015-05-15,103.29650576301015,104.81689102149465,102.16367604877331,103.56481170654297,4666811
2015-05-18,104.16103851012346,105.71123807612852,102.25311276935709,105.44293212890625,4836225
2015-05-19,105.77086394138982,107.17199968249014,104.36972820028949,106.7248306274414,6413749
2015-05-20,107.02293550681732,107.3210481883894,104.19084994368129,104.87651062011719,6836301
2015-05-21,104.51877529284641,105.68141925943735,101.83574611203622,102.4916000366211,10096104
2015-05-22,103.38594086021016,103.53499720271483,98.85460692458587,99.86819458007812,9645701
2015-05-25,100.136499216765,101.65687690811967,98.6757425528143,99.83838653564453,7594832
2015-05-26,99.68933312341413,100.6432997663025,98.49687481980366,99.06329345703125,7855136
2015-05-27,98.97385700035257,104.3399079885926,98.37763162747059,101.38858032226562,9993987
2015-05-28,102.01461987727205,102.52140993488412,98.37763152702412,100.88179016113281,11685116
2015-05-29,101.53763058450741,104.63801440837626,100.16630929136552,103.26669311523438,12972036
2015-06-01,103.50519004426634,104.33990706775457,102.10405439507863,102.879150390625,3910346
2015-06-02,103.38594541056491,103.92255732012069,101.41839858526467,102.81953430175781,5346093
2015-06-03,102.84933172706263,105.23424818423591,100.46442281398974,104.45915222167969,10263238
2015-06-04,104.33990823562168,106.7844458496067,103.14744994293378,103.74368286132812,6898017
2015-06-05,104.28028754140126,107.02293785132774,103.7436831939962,106.60557556152344,10378428
2015-06-08,106.72482715137106,107.55954420242854,104.16103988008568,105.47274780273438,5627733
2015-06-09,104.93613280640668,106.12859108996379,103.50519041023888,105.74104309082031,3909225
2015-06-10,105.11500670472498,106.72482732362813,104.04179798819018,104.63802337646484,6826158
2015-06-11,105.53236577165886,105.53236577165886,99.0930985814135,99.86819458007812,12166575
2015-06-12,98.97386013148939,102.58104185738397,98.37763473974525,101.6270751953125,7482522
2015-06-15,102.01462396675593,104.87651643013373,100.8221656303064,104.66783905029297,5449392
2015-06-16,104.6678374609055,104.84670809468204,99.42102840430175,100.43461608886719,7180800
2015-06-17,101.29914821221281,102.3425501918661,99.57008552323354,101.6270751953125,7832516
2015-06-18,102.1636792136973,104.33991093917818,100.881793116931,103.80330657958984,5029401
2015-06-19,104.33991068232751,105.53236900297783,102.99839601460853,104.63802337646484,6301035
2015-06-22,105.14481287407936,105.35349023504438,103.20707296768882,104.45915222167969,3548930
2015-06-23,104.45915932877197,104.78707876285613,102.87915301140828,104.28028869628906,4502390
2015-06-24,104.33991146118997,106.06897415301455,103.23688844936736,103.982177734375,4213556
2015-06-25,103.71387030468044,104.87651433040357,102.73009691186886,103.44557189941406,8469428
2015-06-26,102.67047388122644,104.04179525588546,101.98480564979616,102.73009490966797,4525456
2015-06-29,101.95500165619485,102.37235641063765,100.25574571904583,101.44820404052734,5322593
2015-06-30,101.3885778362892,105.38330735131245,101.35876355073582,105.02556610107422,6908527
2015-07-01,105.2342568319921,107.47010959323819,104.39953223133672,106.66519927978516,4929876
2015-07-02,107.97689450831508,109.52709403085586,107.52972548624982,108.90105438232422,6485656
2015-07-03,108.99048097289126,109.82520552464095,107.4402890112141,108.0365219116211,3990241
2015-07-06,106.12859432165313,108.21539072334691,106.12859432165313,107.82784271240234,4075554
2015-07-07,108.27502338601191,108.81162776419023,106.30746896995723,107.91728210449219,6718064
2015-07-08,106.7844481938053,108.394261266198,105.38331249817621,107.32105255126953,4428885
2015-07-09,107.32104847270837,108.81161942861829,106.8738794491656,107.23161315917969,4060127
2015-07-10,107.32105172799422,107.55954338993782,103.62443473991894,104.28028869628906,9058521
2015-07-13,104.87651538792002,105.23425665735036,103.77349238067816,104.31009674072266,7078101
2015-07-14,104.3399071411145,105.1746241651896,103.95235914306883,104.72745513916016,2973565
2015-07-15,104.90632242160515,106.48632864944148,104.42933912474511,105.32368469238281,5853761
2015-07-16,105.83047518105559,107.32104610406769,104.69763796016215,106.84406280517578,6361195
2015-07-17,107.32105229895163,109.10973600099409,106.75463365580958,108.15576934814453,6059633
2015-07-20,108.21538731398759,110.24256262184642,108.21538731398759,109.76558685302734,5104365
2015-07-21,110.54068333732407,111.19652973740165,107.67878344720124,108.60293579101562,7347263
2015-07-22,109.70596520520083,110.89842356276533,105.26406631038695,106.7248306274414,13628453
2015-07-23,107.7384065052705,107.91727713779817,105.83048075334538,106.12859344482422,5112061
2015-07-24,106.54595314573355,107.20179954220171,105.80066389107793,106.57575988769531,3205398
2015-07-27,105.14481626864105,105.71123488851887,101.98480374689171,102.52140808105469,4344352
2015-07-28,102.07424309824637,103.74368473821222,100.10668876574042,100.76254272460938,6856204
2015-07-29,101.17990026474014,102.16367361270112,98.82479803381169,101.3289566040039,6629907
2015-07-30,101.68669128417969,103.08782692197076,101.12027266308736,101.68669128417969,6685746
2015-07-31,102.25310955470005,103.92255112647459,102.04443218726597,103.35613250732422,4420381
2015-08-03,104.33990533819261,104.33990533819261,101.4780130593147,101.83574676513672,4544508
2015-08-04,102.0146188739238,102.34254584308908,97.18517228252792,97.84101867675781,12163434
2015-08-05,99.03348489972738,99.83839524424305,98.25838884356463,98.8546142578125,5679718
2015-08-06,98.85460847863362,101.32896040013107,98.55649578893778,100.4048080444336,6369982
2015-08-07,101.17990289231247,101.89537032171852,99.27196962962762,99.54027557373047,5595440
2015-08-10,100.04705909411281,100.16630868728878,97.42365857344488,97.72177124023438,13031628
2015-08-11,97.90065220995561,98.91423991067676,95.6647918844141,95.93309783935547,4805963
2015-08-12,95.99271627607402,97.1255535519666,94.50214528069483,96.38026428222656,5066348
2015-08-13,98.07951423507848,98.82480351684832,92.80289840890023,93.72705078125,6826773
2015-08-14,93.07119974921065,97.36404196013396,93.07119974921065,96.14176940917969,7387334
2015-08-17,96.41007521719449,97.632340222391,95.7542212861521,96.97649383544922,6397058
2015-08-18,97.48328698694546,97.63234333163827,94.85988626743104,95.3666763305664,4742654
2015-08-19,94.8896940478058,96.11196664939716,93.42893732737814,95.72441864013672,8021689
2015-08-20,96.41007592966345,96.41007592966345,92.71345905702594,93.63761138916016,6935228
2015-08-21,92.7134655614737,92.86252191297838,90.68629012808869,90.9247817993164,5371269
2015-08-24,88.83798137427489,89.91119007491169,85.97608899120978,87.64552307128906,7751434
2015-08-25,87.64552463564058,91.58063333367961,84.06815720693294,90.03044128417969,8038217
2015-08-26,88.3908134950099,92.713462640669,88.3908134950099,90.35836029052734,4816610
2015-08-27,91.87874611841269,92.17685881374584,89.61307907213933,90.5372314453125,8141451
2015-08-28,91.96818491161994,92.71346667811953,90.5372348670192,91.78931427001953,5729050
2015-08-31,93.07120592294511,93.57799600424524,91.55082059084248,92.9221420288086,7835168
2015-09-01,91.64024901072803,92.41534499020098,87.58589848914632,89.07646942138672,5112687
2015-09-02,89.46402575680581,92.68365957255376,88.89760709001378,92.11724090576172,6436098
2015-09-03,92.11723231257301,92.41534499020098,88.62930040494477,89.07646942138672,5837382
2015-09-04,89.37458923593007,89.85157257586407,87.22817175032831,88.8976058959961,4516573
2015-09-07,88.301373454228,88.53986510518375,85.9760855154849,86.39344024658203,3452646
2015-09-08,86.51269272398123,87.94363513324896,85.43947648690443,86.9598617553711,2662065
2015-09-09,87.64552651469468,92.56440872065008,87.10892214329424,88.8976058959961,10893151
2015-09-10,88.03306920689886,89.43420485410884,86.36363516227884,88.77835845947266,5478387
2015-09-11,88.83797948733037,89.85156713731419,88.12250452073577,88.77835845947266,2648102
2015-09-14,88.77835588325725,89.31496020660656,86.93004372049796,87.8840103149414,3580485
2015-09-15,88.1225060061526,88.42061869456691,85.6183473529111,86.1251449584961,4461239
2015-09-16,86.63193659685663,88.24174967005625,86.33382390301608,87.16854095458984,5318206
2015-09-18,88.5455171222217,89.35374437433671,87.108677932582,88.1563720703125,8435516
2015-09-21,87.67742231670788,88.30604182345677,86.80932835142657,87.3182144165039,3688234
2015-09-22,87.43794479062576,88.0366347035478,85.01327071754233,85.9711685180664,6052577
2015-09-23,84.41458878923191,86.1507766673053,84.41458878923191,84.8037338256836,3484202
2015-09-24,84.7737995621162,85.25274848099242,83.00768205205077,83.36688995361328,5174496
2015-09-28,83.90570833724374,86.98893140908456,83.81590447322691,85.49221801757812,5659182
2015-09-29,83.63629913330078,85.37248702003001,82.10965612699034,83.63629913330078,8803910
2015-09-30,84.35472106095128,90.0122963829594,84.11524661252393,89.50341033935547,16060629
2015-10-01,89.2340044589223,92.07775305882255,88.2162399681228,89.80274963378906,11443130
2015-10-05,89.92249623921305,92.79618216407542,89.38368060175068,92.0777587890625,7330821
2015-10-06,92.67644363506575,95.31065495698653,91.71854585429861,94.98137664794922,7887385
2015-10-07,93.69421209204943,95.93927848228945,93.69421209204943,95.19091796875,8877172
2015-10-08,95.22085385467967,95.60999889250347,92.82611690849994,93.93368530273438,4649409
2015-10-09,93.81394110332575,95.43038791896637,93.39485893252018,94.56229400634766,3637309
2015-10-12,94.59223764642101,95.2807238795044,93.51460636201317,94.50243377685547,2026727
2015-10-13,94.29288986288283,94.53236430656138,90.79058464617147,91.38926696777344,3823962
2015-10-14,91.3892691126689,91.98795144832188,89.92249284520574,90.31163787841797,3060182
2015-10-15,91.0001266791137,91.89815020824756,90.70078550273576,91.2396011352539,3269292
2015-10-16,90.40144416991373,91.23960097735936,88.30604078851587,90.04222869873047,6449382
2015-10-19,90.46130946362581,91.35933297704527,88.36591369045799,90.76065063476562,4437148
2015-10-20,90.730712890625,91.5988068263324,89.47347391995834,90.730712890625,3938432
2015-10-21,90.55111678843807,91.89815211001478,89.86262297829384,90.94026184082031,4485391
2015-10-23,89.02446400875237,89.95242468246217,82.6185355852423,84.08531188964844,31437459
2015-10-26,84.56425823694607,85.52215602923174,83.27708970685255,84.74386596679688,9920066
2015-10-27,84.17511447653585,85.73169462490554,83.66623600119456,84.41458892822266,9056422
2015-10-28,84.41458705847529,85.28268097971342,84.05537917649592,84.71392822265625,5850846
2015-10-29,84.71392822265625,85.28268097971342,83.81590473011337,84.71392822265625,14281363
2015-10-30,84.95340835440608,85.19288281681506,83.54649872844934,83.81591033935547,7619973
2015-11-02,84.41459195294337,84.71393313448051,83.0974862090663,84.17511749267578,6564390
2015-11-03,84.71393344648187,84.71393344648187,83.00768264528453,83.3968276977539,9032779
2015-11-04,83.7261038499842,84.95340569694515,83.30702166008061,84.47445678710938,6516555
2015-11-05,84.11524878351423,84.35472323812233,82.61853533601091,83.27709197998047,5825048
2015-11-06,82.91787877545477,84.38465511550254,82.01985522753588,83.3968276977539,7522454
2015-11-09,80.88235073115551,81.93005245967528,78.93662544263834,80.67281341552734,11859045
2015-11-10,80.64287563467147,80.82248337533889,75.943197830326,77.85899353027344,13024626
2015-11-13,78.63728363957973,78.84682095356546,77.29024073495286,77.85899353027344,6654625
2015-11-16,77.82905277029849,78.99648788008595,77.46984488082121,78.06852722167969,4257130
2015-11-17,78.54747484302682,79.32576490352152,77.26029874095309,78.3978042602539,4877280
2015-11-18,78.36786744739389,81.30142754765264,78.36786744739389,80.79254150390625,11139290
2015-11-19,81.42116610192045,81.81031115828435,78.84682130019084,79.86458587646484,4964311
2015-11-20,79.8047127584158,83.03761396959351,79.05635985430416,81.5109634399414,5722303
2015-11-23,81.33136141723752,83.815909898563,80.58300846063845,83.3968276977539,8096626
2015-11-24,83.15734896016036,84.68399951837813,81.95997671598847,83.965576171875,7748122
2015-11-26,83.81590538853628,89.6530808614861,81.66063535416247,87.9168930053711,32684062
2015-11-27,86.809329952788,87.70736108264771,85.46229462078257,86.21064758300781,9245904
2015-11-30,86.15077373968838,86.15077373968838,83.87577031731438,84.65406036376953,9450986
2015-12-01,84.47445949941611,86.92907084733984,84.47445949941611,85.01327514648438,8043338
2015-12-02,85.43235066642595,85.52215452977683,83.06754337387862,83.87577056884766,7101938
2015-12-03,83.81590499176377,84.59419505113944,83.09748165037341,83.93563842773438,5292489
2015-12-04,82.76820893250834,83.51656947106329,82.01985596914282,83.0376205444336,5249810
2015-12-07,83.15735140374426,83.6961670356575,81.72050466851617,82.10965728759766,2851987
2015-12-08,81.63071111164267,82.85801300462212,80.52314266301707,81.06195831298828,4431371
2015-12-09,81.42116302413343,81.42116302413343,78.72708488006381,80.10405731201172,3555428
2015-12-10,81.36129730915681,81.36129730915681,79.8945209917597,80.55307006835938,3100432
2015-12-11,80.58300605346017,80.97215109430499,78.48761026238716,78.90668487548828,2921082
2015-12-14,79.02642354305016,81.06195255396761,77.9487923196677,80.76261138916016,4146824
2015-12-15,79.9543877669384,80.7925445809965,77.29023916046407,78.96656036376953,6704266
2015-12-16,79.8945180034441,81.361294265979,79.086290792877,80.79254150390625,6543115
2015-12-17,81.42116241746365,81.42116241746365,79.32576663764694,80.0741195678711,6185724
2015-12-18,80.16392261602255,81.12182041708012,79.62510699672491,80.82247924804688,6427628
2015-12-21,80.79254084749563,83.21721488430838,79.95438407216956,82.73826599121094,4889063
2015-12-22,83.15735383048123,84.32478899622674,82.19945597904201,83.42676544189453,9350576
2015-12-23,83.93564030511152,84.26491862417897,83.2770912421657,83.63629913330078,3920088
2015-12-24,85.25274802042927,85.25274802042927,83.516567667869,84.5343246459961,3920803
2015-12-28,84.65406481517539,84.77379825545427,82.94781405247147,83.6961669921875,4716464
2015-12-29,83.75603588614368,84.9534081959553,83.36689083235358,84.2050552368164,5769931
2015-12-30,84.23498179116278,84.89353843175445,83.93564061823534,84.44452667236328,2577263
2015-12-31,85.01327130786133,86.77939633673992,83.66623603860839,86.00110626220703,7852109
2016-01-01,85.5820264928234,86.48005760618945,85.13301472373502,85.73169708251953,1686813
2016-01-04,84.56425824625518,85.25274444384044,80.6129412154253,81.18168640136719,4585633
2016-01-05,81.57083621485943,82.61853793360915,80.4932049228359,81.03202056884766,3219017
2016-01-06,81.12182230561724,82.61853576081631,80.104057762097,80.52313995361328,6293905
2016-01-07,80.01425646928254,80.97215432346735,78.45767624382694,79.86458587646484,5184476
2016-01-08,79.05636275302071,80.22379787135387,78.75701400521116,79.68497467041016,3223348
2016-01-11,79.26590022948848,79.35570409650579,77.38004174769227,77.70932006835938,4790746
2016-01-12,78.03859108333045,78.33793983281828,74.14714066706924,75.34451293945312,5447366
2016-01-13,75.52411929575122,76.27247221784008,71.84220625365819,72.5007553100586,6993170
2016-01-14,71.54285966176353,72.91983968509352,70.10602049309256,71.42312622070312,10734317
2016-01-15,71.99187995442,72.97970736937562,66.75338654746999,67.50173950195312,7750880
2016-01-18,67.08265761180243,67.92082201491748,65.64581841752833,66.72344970703125,6859838
2016-01-19,67.17246085697238,70.61489958183394,66.1846334466481,69.86654663085938,4018843
2016-01-20,69.2379217051716,70.94417236005738,67.17245560176964,70.37541961669922,7663259
2016-01-21,70.94417673985822,71.84220784140072,67.74121252719084,68.22016143798828,8681419
2016-01-22,68.22015965692782,69.32772803733238,63.16127044079278,63.9694938659668,27987214
2016-01-25,64.65797736601213,65.28659682186802,62.71225228245551,64.02935791015625,10430209
2016-01-27,64.23890925418343,66.21456410728624,63.64021930837974,65.55601501464844,14808470
2016-01-28,64.95732203593522,65.85535312511624,62.29317727838448,62.62245559692383,17541085
2016-01-29,62.98166200256991,63.93956357598942,61.24547794715366,61.75436019897461,9446687
2016-02-01,62.29317919682513,63.25107324714015,61.90403414707299,62.92179870605469,8508564
2016-02-02,62.86193134067769,63.96949596991542,61.78429628407456,62.29317855834961,10792975
2016-02-03,61.51488595717463,62.65238768782906,59.71883139037172,61.963897705078125,6685839
2016-02-04,62.861930453502026,63.04153439993714,59.35962130346349,59.86850357055664,7559657
2016-02-05,60.40732007386822,61.00600621666217,59.748767210592185,60.7066650390625,5600798
2016-02-08,60.76653161188822,62.682323476579064,60.73659825171991,61.09580993652344,3858835
2016-02-09,60.467188352881955,61.933964614162605,59.86850223215797,61.18560791015625,2922626
2016-02-10,62.802060543544115,62.802060543544115,58.192186736058915,59.8984375,5063250
2016-02-11,59.928368289522254,62.203371735589364,59.15007823496157,60.55698776245117,8912486
2016-02-12,60.88626508636335,66.6037031801784,59.98823782351751,65.64581298828125,11502197
2016-02-15,65.55601154033502,67.1724584004393,64.17903155563371,65.37640380859375,7515676
2016-02-16,66.7533828282956,67.26226129395403,62.71225437367066,62.95172882080078,6000754
2016-02-17,62.38298211731051,65.01719734390645,61.96389992580109,64.6579818725586,4343984
2016-02-18,65.25666834233138,65.49614278547911,62.86192769844843,64.47837829589844,6755227
2016-02-19,63.3408732052116,65.85535108686749,63.16126926549093,64.89745330810547,8361520
2016-02-22,64.95732506884475,66.42410899715276,64.74778775416765,65.55601501464844,3166151
2016-02-23,65.55601388785756,65.85535506801955,62.412916345778115,63.909629821777344,4282012
2016-02-24,63.46061354549634,64.80765262856997,62.412915639195816,62.68232345581055,4626494
2016-02-25,62.92179671651973,64.38857678754188,62.05370277526116,63.610286712646484,11513021
2016-02-26,63.610287399261736,63.73002083891233,61.87409949800403,63.25107192993164,3364138
2016-02-29,62.86193039283483,63.610287112848944,61.54482089906838,62.442848205566406,7047906
2016-03-01,62.26324229285491,63.46061073450447,61.75436004232482,63.1313362121582,5904278
2016-03-02,63.28101031336145,64.9573239523443,63.101402575188544,63.909629821777344,4836951
2016-03-03,64.05929600240404,65.67574280912594,63.61028426306831,64.86752319335938,4804036
2016-03-04,64.95732268368212,65.46620874017003,62.562585713967835,63.25107192993164,6480779
2016-03-08,63.460612110809045,64.11916495737842,62.65238867923679,63.4007453918457,13893314
2016-03-09,63.40074769444656,64.20897115537203,62.02377144474066,63.520484924316406,3166895
2016-03-10,64.05929910456845,64.08923625204943,62.26324448506022,62.65238952636719,5938399
2016-03-11,62.02376847916982,63.43067802217531,60.64679229530191,61.18560791015625,5911797
2016-03-14,61.66455789487157,61.93396570705273,60.52705613922083,60.646793365478516,5192333
2016-03-15,60.58692803664147,60.76653198635271,59.150081288573034,59.329689025878906,7272240
2016-03-16,59.41948865679783,59.59909639274306,58.70106907580071,58.910606384277344,6131976
2016-03-17,59.41948616762235,60.766528980403436,59.12014500371298,60.167842864990234,14842366
2016-03-18,61.305347245296204,61.96390010697202,60.58692766328377,61.09580993652344,10721368
2016-03-21,61.18561001702836,61.66455893009972,60.79646497205653,61.09580993652344,6868664
2016-03-22,61.36521775322743,61.634625569931416,60.76653161188822,61.09580993652344,8350858
2016-03-23,61.365216813696605,63.759957554794184,61.065871853812816,62.831993103027344,15163041
2016-03-28,63.16127222113141,63.67015449301335,61.96389994164769,63.071468353271484,8757143
2016-03-29,63.22113906912713,64.89745647619888,63.10140184093668,64.26883697509766,6352492
2016-03-30,65.04712549213112,66.12476430738965,63.909627533210845,65.37640380859375,7258737
2016-03-31,64.95732544579151,68.90865032530547,64.5083136652252,65.97509002685547,17084881
2016-04-01,66.15469251360213,66.33430024163577,63.70008891469023,64.1191635131836,7142597
2016-04-04,64.23890891812196,68.42970064087676,64.23890891812196,67.92082214355469,11929279
2016-04-05,67.9507508928254,67.9507508928254,65.10700210657924,65.49614715576172,7472831
2016-04-06,65.49614387964718,67.95074749393169,65.46620673305779,66.51390838623047,5451104
2016-04-07,66.93298572592515,66.93298572592515,65.16686823423527,65.4662094116211,2747282
2016-04-08,65.49614307875194,65.85535095748759,64.20896699417067,65.2865982055664,2951491
2016-04-11,65.61587873153579,69.14812122180373,65.10700025485764,68.96851348876953,8228802
2016-04-12,69.44746048768856,69.92640937917753,67.23232375834934,67.68134307861328,7235784
2016-04-13,68.7889146682985,69.86654593707658,68.01061700174853,68.63924407958984,11462351
2016-04-18,68.96851572957668,73.03957397602805,68.96851572957668,72.26128387451172,12563925
2016-04-20,72.44088584600654,72.7102898576732,69.80667456985674,69.98627471923828,8922337
2016-04-21,69.89647205102814,71.03397755915405,69.26785257948194,70.04615020751953,5863088
2016-04-22,68.9086445732254,70.9441735654396,68.84877785585178,70.43529510498047,4261267
2016-04-25,70.31555982267868,71.33332440168894,70.0461557849583,70.7346420288086,4824596
2016-04-26,70.70470076855155,74.47641767882398,70.70470076855155,74.08727264404297,10137771
2016-04-27,73.93760119818607,76.3922048158148,73.66818960408128,74.83562469482422,9375574
2016-04-28,74.86556388798688,76.84122623986218,74.86556388798688,75.73365783691406,14299150
2016-04-29,73.3389132814346,74.71589328556547,69.02838068514471,70.97411346435547,23701557
2016-05-02,70.644832948422,71.66259745238136,69.50732743360273,70.46522521972656,5786504
2016-05-03,70.64483539499913,72.59056060595462,70.04615304553258,71.78233337402344,5988823
2016-05-04,70.97411318077835,72.47082661832006,70.25568982173564,71.75240325927734,4012882
2016-05-05,72.32115175620284,72.41095562707868,66.81325423598207,67.95075225830078,10280924
2016-05-06,67.65141150350449,68.72904281050653,67.08265870112417,68.36983489990234,6894573
2016-05-09,68.54944165948685,69.11818687851927,67.35206934933288,67.92082214355469,5906542
2016-05-10,68.3099667529464,68.54944121341886,67.20239832015987,67.50173950195312,5388008
2016-05-11,67.23232836120084,70.31555922054898,65.73562244181663,66.33430480957031,19830786
2016-05-12,66.93298513400542,67.80107908586088,66.57377723935693,67.02278900146484,4964804
2016-05-13,67.32213332704309,68.48956850827597,67.02279213829459,67.9806900024414,7978595
2016-05-16,68.16029631836061,68.28002976127675,66.15469676040556,67.11259460449219,4543667
2016-05-17,67.53167405012643,68.63924244026973,66.30436464676245,66.57377624511719,7085257
2016-05-18,66.15469360351562,66.60370535580846,65.46620740162881,66.15469360351562,4713726
2016-05-19,66.21456459619746,66.42410948761122,63.90963139216202,64.38858032226562,5399968
2016-05-20,64.65797991962268,66.69350894514854,64.32870918108472,65.34647369384766,7236239
2016-05-23,65.70568598859148,66.45403895620198,65.04712931694266,65.97509002685547,6277368
2016-05-24,65.85535491255749,66.39417055061497,63.07146906580102,64.29877471923828,10479437
2016-05-25,63.04153751019581,66.2145647085283,63.04153751019581,65.58595275878906,8929324
2016-05-26,65.85535235421447,68.72903817061407,65.85535235421447,68.13035583496094,12736158
2016-05-27,68.19022093883987,69.08825199624444,67.05272301299549,67.65140533447266,7176765
2016-05-30,67.53167708965333,70.25569246696288,67.05272816559174,67.92082214355469,8117831
2016-05-31,68.51949886776808,69.56720049976272,66.87311491759866,68.81884002685547,21267623
2016-06-01,69.29779072106157,70.79450413077136,68.51950065703515,70.49516296386719,6979396
2016-06-02,69.1481216997248,72.9198386683771,69.1481216997248,70.97411346435547,12490389
2016-06-03,67.83101368985342,68.42969601688098,62.38297951577931,63.1313362121582,347306228
2016-06-06,63.40074653069371,63.75995821370974,62.26324476160692,63.46061325073242,21011923
2016-06-07,63.75995836087328,63.99943281677002,62.7421938171094,63.071468353271484,13784388
2016-06-08,63.759959314225654,63.969496625572404,62.65239088604125,62.92179870605469,12609392
2016-06-09,63.10140034315764,63.221137568506,62.35304741922351,62.802059173583984,8363096
2016-06-10,62.44284659958409,63.071466076724555,61.75436040442761,61.963897705078125,9110599
2016-06-13,61.2155446476615,61.60468967663203,59.53922352084059,59.7786979675293,18180609
2016-06-14,59.569163334357086,60.287582918993266,59.00041055110905,59.718833923339844,14122871
2016-06-15,59.92836841882496,61.1556740085234,59.92836841882496,60.167842864990234,10877839
2016-06-16,60.227715251021436,60.52705642427815,59.56916239729993,59.86850357055664,8687272
2016-06-17,60.25764719367779,60.826399954602984,59.7786982976554,60.5869255065918,8250045
2016-06-20,60.167844963701974,61.99383673250595,60.01817437652663,61.66455841064453,11979331
2016-06-21,61.66455680673543,61.933964614162605,61.06587068601146,61.18560791015625,5552356
2016-06-22,61.03593688874526,61.54481914080916,60.556987995604075,60.76652908325195,6670256
2016-06-23,61.065871420411014,61.24547915258547,60.646793024661484,60.82640075683594,6280871
2016-06-24,59.50929052591295,59.86850219814325,57.803039817312126,59.59909439086914,10452933
2016-06-27,60.28758219839089,60.52705665293878,59.688899849615744,60.07804489135742,8948519
2016-06-28,60.676727531959656,62.95173107351174,60.287582488346374,62.47278594970703,24887752
2016-06-29,63.31094260986493,63.31094260986493,62.50271916445365,62.86193084716797,12696234
2016-06-30,63.460612539758365,64.74778488211582,63.011600781714726,63.81982421875,70421719
2016-07-01,64.0592999636174,64.32871156899162,63.28100987056644,63.49054718017578,8877754
2016-07-04,63.16127170709159,64.53824792349401,63.16127170709159,63.64021682739258,12370073
2016-07-05,63.759957785029975,63.759957785029975,62.742193250457966,63.041534423828125,6973978
2016-07-07,63.161272942084224,63.73002194063502,62.50272007464844,62.712257385253906,5590557
2016-07-08,62.26324446336751,62.38298169046598,60.167844882941566,61.06587219238281,9898102
2016-07-11,62.20337366693066,62.20337366693066,61.544820814746984,61.84416198730469,3612236
2016-07-12,61.99383644611467,62.56258543227245,61.425083672362334,62.442848205566406,5665898
2016-07-13,62.56258523607654,64.17903211014709,62.29317742373145,63.81982421875,10591678
2016-07-14,63.90963192899554,64.80765549909098,63.46061635635304,64.41851043701172,8112483
2016-07-15,64.65797952703348,66.84317912276916,64.628049955633,66.51390838623047,17047564
2016-07-18,67.2023948618131,67.44186930996183,61.42508232231277,62.173439025878906,23685210
2016-07-19,62.68232279919604,63.90962842877975,61.54482103674139,63.64021682739258,12685726
2016-07-20,63.700091640696385,64.26883684516062,62.86193104505778,63.071468353271484,6656502
2016-07-21,63.22113628865567,63.730018539185764,62.86192840747691,63.1313362121582,5697461
2016-07-22,63.04153526596597,64.35864099150264,62.98166475793543,63.87969207763672,4761388
2016-07-25,63.999433539782935,64.50831202981917,63.49054747455743,64.29877471923828,6239806
2016-07-26,64.20896956981937,65.37640469152616,63.96949511599317,64.6280517578125,6954493
2016-07-27,64.65798136287334,65.25667128533735,62.98166397283347,63.64021682739258,7538498
2016-07-28,64.44844496153938,64.7777232872409,62.5625864509098,62.89186477661133,9715752
2016-07-29,62.74219396372193,63.40074682517955,62.26324505080926,62.68232345581055,6415817
2016-08-01,62.891862946961005,63.28100798187201,61.78429456101684,62.203372955322266,4441860
2016-08-02,62.323110778507825,63.07146749611617,61.24547952921231,62.23331069946289,11554653
2016-08-03,62.86193004902616,63.40074567245914,61.99383610705384,62.62245559692383,5772445
2016-08-04,63.01159955849252,63.34087408381352,61.93396454243736,63.16127014160156,5704259
2016-08-05,63.16127057540335,64.05929786781988,62.86192940712934,63.58034896850586,4543284
2016-08-08,63.58035143250037,63.610288580563555,61.36521836871949,61.72442626953125,17229454
2016-08-09,58.67113282621183,59.56916394449575,57.922779873633004,58.162254333496094,46474973
2016-08-10,58.04251444398192,58.67113013782523,55.37836593457308,55.64777374267578,24291062
2016-08-11,55.97705033294897,57.593501028754474,55.797446383457086,57.14448547363281,24983258
2016-08-12,57.47376175140733,57.47376175140733,55.767511035467614,56.246456146240234,16817155
2016-08-16,56.755343794417854,56.87507723479683,55.64777538256099,56.725406646728516,12652714
2016-08-17,56.87507518566153,57.054682914948145,55.61783623103304,55.82737731933594,15462869
2016-08-18,56.306327020328744,56.60566818996731,55.94711534420575,56.06685256958008,7483492
2016-08-19,56.21652258257406,56.39613031260587,55.737573685948526,56.03691864013672,7627975
2016-08-22,56.875078180626375,56.875078180626375,55.97705084968775,56.57573699951172,8438305
2016-08-23,56.87507676676575,61.06587213616499,56.60566895294085,60.46718978881836,43487254
2016-08-24,59.03034304161144,59.20995077582004,58.07244901367896,58.880672454833984,23873213
2016-08-25,58.70106789980441,59.00040907025676,56.994813380480224,57.26422119140625,15740359
2016-08-26,56.964879493790896,57.2941578083169,55.79744439471693,56.246456146240234,10066430
2016-08-29,55.97705028655858,57.024751985109305,55.73757582903811,56.54580307006836,7316355
2016-08-30,56.84514439911093,56.99481498855999,55.857313206114675,56.15665817260742,8401677
2016-08-31,56.096787440659085,56.54580299481103,55.7974462629542,55.94711685180664,11699770
2016-09-01,55.737573326251145,56.09678499640216,49.75072351985098,50.08000183105469,103220420
2016-09-02,49.152042752763805,50.97803073290848,48.25401165504625,50.55895233154297,83667368
2016-09-06,50.1398709281306,51.0678354002854,49.24184360393811,50.79842758178711,39847136
2016-09-07,50.08000240120995,50.79842574969115,49.840527951716226,50.10993576049805,22970762
2016-09-08,50.1099373468367,51.09776853537166,50.050070626365304,50.58888626098633,20537119
2016-09-09,50.588883506898924,50.97802853156157,49.960264038198595,50.05006790161133,10506118
2016-09-12,49.39151726861002,50.16980735251222,49.12210566640273,49.57112121582031,14171353
2016-09-14,49.601054066250725,50.37934414215827,49.57112070662225,50.139869689941406,8862503
2016-09-15,50.050070626365304,50.94809794659855,49.72079230098878,50.58888626098633,10403768
2016-09-16,50.67868998177238,51.5168467914999,49.99019997278769,50.978031158447266,15571494
2016-09-19,50.46914925495886,51.307306070821376,50.46914925495886,50.79842758178711,5539739
2016-09-20,51.00796539578345,51.00796539578345,50.08000470205741,50.22967529296875,6250369
2016-09-21,50.4691484642523,50.708622918631036,50.169807290076164,50.55895233154297,9476525
2016-09-22,51.19207000732422,51.19207000732422,50.04642868041992,50.25746536254883,10260704
2016-09-23,50.28761672973633,50.3479118347168,49.50375747680664,49.74494552612305,9574122
2016-09-26,49.624351501464844,49.74494552612305,48.23752212524414,48.41841125488281,12981749
2016-09-27,48.177223205566406,48.539005279541016,47.724998474121094,47.9661865234375,16167490
2016-09-28,47.93603515625,50.167022705078125,47.93603515625,49.74494552612305,16657716
2016-09-29,50.01628112792969,50.10672378540039,47.33306884765625,48.11692810058594,22207855
2016-09-30,47.03158187866211,48.961082458496094,47.03158187866211,47.694847106933594,16312794
2016-10-03,48.29781723022461,49.0816764831543,47.634552001953125,48.900787353515625,10482611
2016-10-04,48.539005279541016,49.38316345214844,48.29781723022461,48.961082458496094,8822148
2016-10-05,49.624351501464844,49.805240631103516,47.93603515625,48.207374572753906,17731670
2016-10-06,48.267669677734375,48.71989440917969,47.9661865234375,48.207374572753906,7802307
2016-10-07,48.56915283203125,48.56915283203125,47.9661865234375,48.23752212524414,7227553
2016-10-10,48.539005279541016,48.68974685668945,48.0566291809082,48.14707565307617,3375145
2016-10-13,48.0867805480957,48.267669677734375,45.644752502441406,45.85579299926758,19038663
2016-10-14,46.06683349609375,46.308021545410156,44.89104461669922,45.041786193847656,12254282
2016-10-17,45.22267532348633,45.4337158203125,43.44391632080078,43.564510345458984,12370438
2016-10-18,43.865997314453125,44.49911117553711,42.871097564697266,43.89614486694336,20029609
2016-10-19,43.80569839477539,47.15217590332031,43.74540328979492,46.006534576416016,16064954
2016-10-20,47.061729431152344,48.207374572753906,46.76024627685547,47.21247482299805,19403229
2016-10-21,47.21247482299805,48.599300384521484,46.669803619384766,48.23752212524414,15803539
2016-10-24,47.091880798339844,47.87574005126953,45.94623947143555,46.308021545410156,26258158
2016-10-25,44.64985656738281,46.39846420288086,44.64985656738281,45.403568267822266,33852679
2016-10-26,45.79549789428711,48.0566291809082,45.3131217956543,47.45366287231445,30646073
2016-10-27,47.03158187866211,47.634552001953125,45.94623947143555,46.730098724365234,31675363
2016-10-28,47.03158187866211,47.39336395263672,45.825645446777344,45.94623947143555,11061140
2016-11-01,46.308021545410156,46.941139221191406,46.03668212890625,46.18742752075195,7453207
2016-11-02,45.825645446777344,45.94623947143555,44.64985656738281,44.80059814453125,9860713
2016-11-03,44.61970520019531,45.79549789428711,44.137332916259766,44.34836959838867,12284186
2016-11-04,44.49911117553711,44.89104461669922,43.17258071899414,43.504215240478516,10544344
2016-11-07,44.559410095214844,44.68000411987305,43.71525192260742,44.137332916259766,7481258
2016-11-08,43.98658752441406,44.43881607055664,43.26302719116211,44.01673889160156,8486135
2016-11-09,41.604862213134766,43.835845947265625,39.67536163330078,43.594661712646484,17977553
2016-11-10,43.95643997192383,44.89104461669922,43.775550842285156,44.0468864440918,7933789
2016-11-11,43.835845947265625,43.89614486694336,42.08723831176758,42.17768096923828,10145889
2016-11-15,42.75050354003906,43.53436279296875,41.665157318115234,43.0218391418457,11559476
2016-11-16,43.89614486694336,43.89614486694336,41.966644287109375,42.53946304321289,10724415
2016-11-17,42.20783233642578,43.08213424682617,41.90634536743164,42.17768096923828,7216367
2016-11-18,42.569610595703125,43.293174743652344,41.78575134277344,42.871097564697266,7279735
2016-11-21,42.871097564697266,43.65495681762695,42.660057067871094,42.871097564697266,15559049
2016-11-22,43.05198669433594,43.38362121582031,42.47916793823242,42.7806510925293,15453999
2016-11-23,43.11228561401367,44.25792694091797,42.81079864501953,43.95643997192383,7492126
2016-11-24,43.35347366333008,43.98658752441406,42.871097564697266,43.08213424682617,13995921
2016-11-25,43.41376876831055,44.61970520019531,43.26302719116211,44.408668518066406,6098288
2016-11-28,44.31822204589844,46.06683349609375,44.22777557373047,45.70505142211914,11781900
2016-11-29,47.21247482299805,48.0566291809082,46.730098724365234,47.78529357910156,30401751
2016-11-30,47.996334075927734,48.177223205566406,46.18742752075195,46.699951171875,18374318
2016-12-01,46.48891067504883,46.5793571472168,43.41376876831055,43.89614486694336,26002529
2016-12-02,42.840946197509766,44.61970520019531,42.840946197509766,44.2880744934082,20736785
2016-12-05,43.80569839477539,44.770450592041016,43.232879638671875,43.80569839477539,12508491
2016-12-06,43.80569839477539,45.01163864135742,43.80569839477539,44.86089324951172,9062100
2016-12-07,45.041786193847656,46.18742752075195,44.58955764770508,45.49401092529297,18938594
2016-12-08,45.85579299926758,46.458763122558594,45.70505142211914,46.21757507324219,7807429
2016-12-09,46.15727615356445,46.669803619384766,45.70505142211914,46.308021545410156,7292205
2016-12-12,45.825645446777344,46.15727615356445,44.92119216918945,45.58445739746094,10482964
2016-12-13,45.58445739746094,46.639652252197266,45.5241584777832,46.458763122558594,9269643
2016-12-14,46.39846420288086,46.941139221191406,45.79549789428711,46.51905822753906,11462353
2016-12-15,45.58445739746094,46.730098724365234,45.58445739746094,46.39846420288086,7604637
2016-12-16,46.42861557006836,46.54920959472656,45.373416900634766,45.94623947143555,8598602
2016-12-19,45.825645446777344,46.51905822753906,45.70505142211914,46.06683349609375,8248994
2016-12-20,46.21757507324219,46.21757507324219,44.01673889160156,44.16748046875,14011555
2016-12-21,44.49911117553711,45.01163864135742,43.41376876831055,43.865997314453125,8829971
2016-12-22,43.594661712646484,43.80569839477539,42.871097564697266,43.11228561401367,7499187
2016-12-23,43.41376876831055,43.41376876831055,42.509315490722656,42.69020462036133,6350747
2016-12-26,43.08213424682617,43.08213424682617,41.665157318115234,41.84605026245117,5880229
2016-12-27,41.876197814941406,42.41886901855469,41.09233856201172,42.20783233642578,8138540
2016-12-28,42.237979888916016,43.41376876831055,42.237979888916016,43.05198669433594,11903314
2016-12-29,43.05198669433594,44.07703399658203,42.69020462036133,43.865997314453125,18444284
2016-12-30,44.07703399658203,44.95133972167969,43.504215240478516,44.71015167236328,10207703
2017-01-02,44.92119216918945,45.61460494995117,44.25792694091797,45.192527770996094,5493852
2017-01-03,45.16238021850586,45.49401092529297,43.926292419433594,44.25792694091797,6718645
2017-01-04,43.926292419433594,45.102081298828125,43.53436279296875,44.71015167236328,8028185
2017-01-05,44.61970520019531,45.34326934814453,44.25792694091797,45.102081298828125,8708757
2017-01-06,44.49911117553711,45.16238021850586,43.835845947265625,43.95643997192383,8610986
2017-01-09,44.2880744934082,44.92119216918945,44.01673889160156,44.68000411987305,4661088
2017-01-10,45.22267532348633,45.22267532348633,44.43881607055664,44.92119216918945,3731546
2017-01-11,45.041786193847656,45.49401092529297,44.770450592041016,44.98148727416992,4685993
2017-01-12,44.89104461669922,44.92119216918945,43.0218391418457,43.504215240478516,25114784
2017-01-13,43.41376876831055,43.41376876831055,39.976844787597656,41.48426818847656,44687637
2017-01-16,41.90634536743164,42.41886901855469,41.54456329345703,42.14753341674805,9097571
2017-01-17,42.17768096923828,42.35857391357422,41.54456329345703,41.7556037902832,8963624
2017-01-18,41.81590270996094,41.966644287109375,40.30847930908203,40.67026138305664,16033384
2017-01-19,40.57981491088867,42.11738586425781,40.30847930908203,41.81590270996094,35580405
2017-01-20,41.90634536743164,43.775550842285156,41.90634536743164,43.11228561401367,45487096
2017-01-23,43.05198669433594,44.408668518066406,42.44901657104492,44.22777557373047,26839368
2017-01-24,44.31822204589844,45.97638702392578,44.25792694091797,45.76534652709961,28162763
2017-01-25,45.49401092529297,46.368316650390625,44.468963623046875,45.91608810424805,41302291
2017-01-27,45.825645446777344,47.18232345581055,45.61460494995117,47.03158187866211,13221792
2017-01-30,48.11692810058594,60.77927780151367,47.93603515625,58.910072326660156,256834964
2017-01-31,61.02046585083008,71.75331115722656,58.97037124633789,66.38688659667969,469432154
2017-02-01,66.50748443603516,67.53253173828125,62.799224853515625,64.75887298583984,110707828
2017-02-02,64.48753356933594,69.22084045410156,63.37204360961914,66.20600128173828,105300886
2017-02-03,67.23104858398438,68.70832061767578,65.66332244873047,65.99495697021484,43953225
2017-02-06,66.92955780029297,67.1104507446289,64.24634552001953,65.3618392944336,45273903
2017-02-07,65.72362518310547,65.96481323242188,64.3367919921875,64.72872161865234,27192561
2017-02-08,64.81916809082031,66.92955780029297,64.5779800415039,66.05525970458984,50019379
2017-02-09,66.6280746459961,66.92955780029297,65.54273223876953,66.68836975097656,22629650
2017-02-10,67.32148742675781,67.41193389892578,66.14569854736328,66.59793090820312,19083632
2017-02-13,63.31174850463867,65.72362518310547,62.88966751098633,64.66842651367188,31791555
2017-02-14,64.69857788085938,67.65312194824219,63.79412078857422,66.26629638671875,33262488
2017-02-15,66.02510833740234,66.17584991455078,64.30664825439453,64.69857788085938,16221397
2017-02-16,64.66842651367188,65.90451049804688,64.00515747070312,65.03020477294922,12264358
2017-02-17,63.52278518676758,65.12065124511719,61.29180145263672,63.85441970825195,45604180
2017-02-20,67.1104507446289,67.38179016113281,64.78902435302734,65.3919906616211,38531482
2017-02-21,65.72362518310547,66.38688659667969,64.27649688720703,65.33169555664062,33579416
2017-02-22,65.12065124511719,68.94950866699219,64.6081314086914,67.8943099975586,40840187
2017-02-23,69.4017333984375,73.80340576171875,69.4017333984375,72.11509704589844,151788854
2017-02-27,71.45182800292969,71.75331115722656,68.1656494140625,69.07009887695312,33410099
2017-02-28,66.50748443603516,70.6378173828125,65.78392028808594,69.85395812988281,91036048
2017-03-01,69.34143829345703,69.88410949707031,67.53253173828125,68.28623962402344,27706708
2017-03-02,68.4068374633789,68.88921356201172,65.21109771728516,66.08540344238281,34664505
2017-03-03,66.32659149169922,68.01490783691406,65.90451049804688,66.6582260131836,21911326
2017-03-06,66.839111328125,67.44208526611328,64.84931945800781,66.17584991455078,22520424
2017-03-07,66.32659149169922,66.71852111816406,65.03020477294922,65.48243713378906,17581337
2017-03-08,65.33169555664062,65.69347381591797,63.492637634277344,64.03530883789062,19948495
2017-03-09,64.03530883789062,64.03530883789062,62.10580825805664,62.67863082885742,19677707
2017-03-10,62.708778381347656,64.45738983154297,62.407291412353516,62.859519958496094,23115081
2017-03-14,65.09050750732422,65.09050750732422,61.32194900512695,62.135955810546875,38146085
2017-03-15,62.226402282714844,70.21574401855469,62.16610336303711,68.19579315185547,104480406
2017-03-16,68.3465347290039,69.46202850341797,67.1104507446289,68.1053466796875,61015466
2017-03-17,68.73846435546875,68.73846435546875,64.51768493652344,65.18095397949219,47771567
2017-03-20,66.26629638671875,74.4666748046875,55.68418884277344,58.910072326660156,333067878
2017-03-21,59.09096145629883,59.12111282348633,54.32750701904297,56.04597091674805,146940834
2017-03-22,54.59884262084961,56.528343200683594,53.965728759765625,55.05107116699219,90786943
2017-03-23,55.71433639526367,55.834930419921875,54.930477142333984,55.23196029663086,49934311
2017-03-24,55.59374237060547,55.834930419921875,54.508399963378906,54.80988311767578,46996293
2017-03-27,54.508399963378906,54.80988311767578,52.27741241455078,52.82008743286133,38417380
2017-03-28,52.940677642822266,54.2672119140625,52.85023498535156,53.36275863647461,29814410
2017-03-29,53.72454071044922,54.08632278442383,53.27231216430664,53.603946685791016,42318820
2017-03-30,53.603946685791016,53.875282287597656,52.126670837402344,52.48845291137695,73393473
2017-03-31,52.45830535888672,52.48845291137695,51.433258056640625,51.764888763427734,45933056
2017-04-03,51.674442291259766,51.91563034057617,50.95088195800781,51.31266403198242,26191191
2017-04-05,51.31266403198242,53.242164611816406,51.25236511230469,52.91053009033203,31850001
2017-04-06,53.06127166748047,53.664241790771484,52.00607681274414,52.21711730957031,19963123
2017-04-07,52.759788513183594,53.965728759765625,52.54875183105469,52.82008743286133,47122968
2017-04-10,53.15171813964844,53.302459716796875,52.48845291137695,53.06127166748047,17118391
2017-04-11,53.06127166748047,53.78483581542969,52.91053009033203,53.48335266113281,11790051
2017-04-12,53.33260726928711,53.42305374145508,52.09652328491211,52.27741241455078,11521696
2017-04-13,52.45830535888672,52.85023498535156,51.764888763427734,51.94578170776367,8598591
2017-04-17,52.27741241455078,52.27741241455078,51.31266403198242,51.88548278808594,12023010
2017-04-18,51.94578170776367,53.18186569213867,51.79503631591797,51.975929260253906,19029345
2017-04-19,52.36785888671875,52.45830535888672,51.58399963378906,51.975929260253906,8428993
2017-04-20,51.8553352355957,52.398006439208984,50.83028793334961,51.04132843017578,9408297
2017-04-21,51.493553161621094,51.975929260253906,51.19207000732422,51.433258056640625,9483822
2017-04-24,51.975929260253906,51.975929260253906,50.95088195800781,51.25236511230469,6679568
2017-04-25,51.55385208129883,52.126670837402344,51.10162353515625,51.403106689453125,21650157
2017-04-26,52.00607681274414,52.00607681274414,51.403106689453125,51.674442291259766,10540828
2017-04-27,51.79503631591797,52.24726486206055,51.131771087646484,51.342811584472656,16743447
2017-04-28,51.6141471862793,51.975929260253906,51.25236511230469,51.82518768310547,11416253
2017-05-02,51.8553352355957,51.975929260253906,50.95088195800781,51.071475982666016,7846238
2017-05-03,51.46340560913086,51.493553161621094,50.227317810058594,50.528804779052734,9108562
2017-05-04,50.64939880371094,50.95088195800781,49.41331100463867,50.25746536254883,7338814
2017-05-05,49.83538818359375,49.895687103271484,48.961082458496094,49.443458557128906,11543491
2017-05-08,48.539005279541016,55.111366271972656,48.539005279541016,52.82008743286133,31060277
2017-05-09,52.85023498535156,53.51350021362305,51.6141471862793,52.45830535888672,14248105
2017-05-10,51.88548278808594,55.71433639526367,51.674442291259766,54.68928909301758,41110634
2017-05-11,55.473148345947266,55.6540412902832,52.91053009033203,54.74958419799805,29239377
2017-05-12,54.80988311767578,56.07611846923828,54.44810104370117,55.68418884277344,26023948
2017-05-15,55.473148345947266,56.28715515136719,50.98102951049805,51.88548278808594,68788283
2017-05-16,52.15681838989258,53.06127166748047,51.28251647949219,52.940677642822266,24432620
2017-05-17,53.0009765625,53.0009765625,51.975929260253906,52.57889938354492,19195382
2017-05-18,51.975929260253906,53.031124114990234,51.7347412109375,52.48845291137695,14244446
2017-05-19,53.06127166748047,53.664241790771484,52.45830535888672,53.0009765625,10998578
2017-05-22,53.06127166748047,53.392906188964844,52.51860046386719,52.91053009033203,8346468
2017-05-23,52.91053009033203,53.15171813964844,50.438358306884766,50.98102951049805,11409791
2017-05-24,51.131771087646484,51.161922454833984,46.277870178222656,47.51395797729492,22323893
2017-05-25,47.091880798339844,48.41841125488281,45.70505142211914,47.694847106933594,25532855
2017-05-26,47.694847106933594,48.87063980102539,47.694847106933594,48.0867805480957,10181609
2017-05-29,48.84048843383789,49.02138137817383,46.88084030151367,47.78529357910156,9266205
2017-05-30,48.02648162841797,48.599300384521484,47.03158187866211,47.574256896972656,18720767
2017-05-31,47.93603515625,48.539005279541016,47.33306884765625,48.23752212524414,27746873
2017-06-01,47.78529357910156,48.68974685668945,47.48381042480469,47.93603515625,8759133
2017-06-02,48.23752212524414,48.84048843383789,47.996334075927734,48.207374572753906,11689263
2017-06-05,48.23752212524414,49.50375747680664,48.177223205566406,49.262569427490234,12229306
2017-06-06,49.262569427490234,49.41331100463867,47.996334075927734,48.29781723022461,7075244
2017-06-07,48.29781723022461,48.629451751708984,47.24262237548828,47.574256896972656,9890330
2017-06-08,47.634552001953125,48.539005279541016,47.24262237548828,47.905887603759766,11045584
2017-06-09,47.634552001953125,47.905887603759766,47.21247482299805,47.60440444946289,5992808
2017-06-12,47.51395797729492,48.0867805480957,47.15217590332031,47.66469955444336,7286480
2017-06-13,47.634552001953125,47.9661865234375,47.363216400146484,47.694847106933594,8690932
2017-06-14,47.694847106933594,47.78529357910156,46.006534576416016,46.458763122558594,18189158
2017-06-15,46.60950469970703,46.88084030151367,46.006534576416016,46.15727615356445,8815928
2017-06-16,46.368316650390625,47.9661865234375,45.88594055175781,46.88084030151367,30216461
2017-06-19,47.45366287231445,49.14197540283203,46.730098724365234,48.02648162841797,18025756
2017-06-20,47.18232345581055,49.68464660644531,47.18232345581055,49.533905029296875,18819537
2017-06-21,49.0816764831543,50.136871337890625,48.41841125488281,48.68974685668945,11599741
2017-06-22,48.810340881347656,49.2022705078125,48.02648162841797,48.38826370239258,8622199
2017-06-23,48.50885772705078,48.65959930419922,47.45366287231445,47.8455924987793,7002807
2017-06-27,47.93603515625,49.14197540283203,47.8455924987793,48.93093490600586,8869473
2017-06-28,49.29271697998047,50.83028793334961,48.65959930419922,50.3479118347168,13390371
2017-06-29,50.61924743652344,51.52370071411133,50.227317810058594,50.860435485839844,32724410
2017-06-30,50.55895233154297,51.674442291259766,49.805240631103516,51.403106689453125,16390901
2017-07-03,51.403106689453125,52.82008743286133,50.73984146118164,51.94578170776367,16762842
2017-07-04,51.82518768310547,51.91563034057617,50.40821075439453,50.61924743652344,6324847
2017-07-05,50.64939880371094,50.76999282836914,50.10672378540039,50.37805938720703,8658051
2017-07-06,50.498653411865234,50.64939880371094,49.594200134277344,49.74494552612305,7671263
2017-07-07,49.68464660644531,50.468505859375,49.3530158996582,50.25746536254883,8887748
2017-07-10,51.10162353515625,52.940677642822266,50.76999282836914,52.57889938354492,9913915
2017-07-11,52.27741241455078,53.90542984008789,50.5890998840332,50.83028793334961,34952134
2017-07-12,51.433258056640625,51.8553352355957,50.860435485839844,51.52370071411133,15534609
2017-07-13,52.00607681274414,53.242164611816406,52.00607681274414,52.940677642822266,25497731
2017-07-14,52.759788513183594,54.659141540527344,52.51860046386719,53.63409423828125,18164382
2017-07-17,53.664241790771484,53.99587631225586,53.06127166748047,53.603946685791016,10908009
2017-07-18,53.27231216430664,55.17166519165039,52.24726486206055,52.57889938354492,16668533
2017-07-19,53.06127166748047,58.065914154052734,52.91053009033203,57.372501373291016,64719553
2017-07-20,57.794578552246094,58.18650817871094,56.70923614501953,57.31220626831055,23155945
2017-07-21,57.55339050292969,57.55339050292969,53.1215705871582,55.44300079345703,69449680
2017-07-24,54.568695068359375,55.98567199707031,53.875282287597656,55.35255432128906,25302606
2017-07-25,56.98057174682617,60.11601257324219,56.6790885925293,58.910072326660156,89275240
2017-07-26,59.09096145629883,59.21155548095703,56.377601623535156,57.010719299316406,27567134
2017-07-27,56.95042419433594,58.910072326660156,54.930477142333984,55.925376892089844,58738664
2017-07-28,52.78993606567383,58.30710220336914,52.78993606567383,57.61368942260742,59308460
2017-07-31,57.22175979614258,57.61368942260742,55.533447265625,55.744483947753906,21495447
2017-08-01,56.61878967285156,56.61878967285156,55.17166519165039,55.80478286743164,17048268
2017-08-02,56.04597091674805,56.58864212036133,55.26211166381836,55.68418884277344,13747431
2017-08-03,56.31730651855469,56.98057174682617,55.38270568847656,56.22686004638672,17089992
2017-08-04,56.07611846923828,56.40774917602539,54.53854751586914,55.89522933959961,15380907
2017-08-07,55.95552444458008,56.829830169677734,55.925376892089844,56.106266021728516,8125332
2017-08-08,57.16146469116211,57.28205490112305,54.99077224731445,55.26211166381836,22242021
2017-08-09,55.26211166381836,55.89522933959961,54.62899398803711,54.90032958984375,8525439
2017-08-10,54.74958419799805,56.07611846923828,52.18696975708008,53.031124114990234,17343624
2017-08-11,52.45830535888672,53.603946685791016,51.52370071411133,51.975929260253906,11774072
2017-08-14,52.066375732421875,52.970829010009766,51.131771087646484,52.036224365234375,12622950
2017-08-16,51.704593658447266,52.699493408203125,51.64429473876953,52.428157806396484,9050478
2017-08-17,53.0009765625,54.3878059387207,52.45830535888672,53.875282287597656,14729891
2017-08-18,53.573795318603516,55.533447265625,53.09142303466797,54.44810104370117,14900984
2017-08-21,54.2672119140625,55.08121871948242,53.45320129394531,53.81498336791992,6834394
2017-08-22,54.206912994384766,54.41795349121094,52.63919448852539,53.031124114990234,11910764
2017-08-23,53.54364776611328,54.930477142333984,52.759788513183594,54.568695068359375,12117076
2017-08-24,54.026023864746094,54.68928909301758,53.81498336791992,54.2672119140625,5181098
2017-08-28,54.05617141723633,54.99077224731445,53.99587631225586,54.17676544189453,8689262
2017-08-29,54.2672119140625,54.2672119140625,52.27741241455078,52.72964096069336,12075253
2017-08-30,53.06127166748047,53.603946685791016,52.759788513183594,53.06127166748047,5182788
2017-08-31,53.06127166748047,55.141517639160156,52.57889938354492,54.659141540527344,21526762
2017-09-01,54.87017822265625,55.05107116699219,53.36275863647461,53.48335266113281,9790741
2017-09-04,53.36275863647461,53.81498336791992,51.764888763427734,52.398006439208984,15775439
2017-09-05,52.45830535888672,52.82008743286133,50.83028793334961,51.04132843017578,14513735
2017-09-06,50.95088195800781,50.95088195800781,49.2022705078125,49.3228645324707,20699497
2017-09-07,49.56405258178711,49.805240631103516,48.38826370239258,48.65959930419922,13045864
2017-09-08,49.3530158996582,49.443458557128906,47.8154411315918,47.996334075927734,14589271
2017-09-11,48.358116149902344,48.56915283203125,47.24262237548828,47.42351150512695,11030070
2017-09-12,47.45366287231445,48.0566291809082,46.42861557006836,47.45366287231445,25670910
2017-09-13,47.8455924987793,50.92073440551758,47.39336395263672,49.805240631103516,52454751
2017-09-14,49.98612976074219,50.28761672973633,48.961082458496094,49.262569427490234,14025629
2017-09-15,48.56915283203125,49.71479415893555,47.78529357910156,48.02648162841797,27532046
2017-09-18,48.84048843383789,50.136871337890625,48.65959930419922,49.77509307861328,17173557
2017-09-19,49.71479415893555,50.438358306884766,49.47360610961914,50.167022705078125,16416193
2017-09-20,46.42861557006836,49.0816764831543,46.42861557006836,48.327964782714844,43154301
2017-09-21,48.23752212524414,48.991233825683594,47.33306884765625,48.38826370239258,15369444
2017-09-22,47.634552001953125,48.0867805480957,47.03158187866211,47.15217590332031,11535154
2017-09-25,47.60440444946289,47.60440444946289,45.25282287597656,45.85579299926758,14637912
2017-09-26,45.88594055175781,46.458763122558594,45.58445739746094,45.85579299926758,6541302
2017-09-27,45.5241584777832,46.12712860107422,45.07193374633789,45.463863372802734,11959242
2017-09-28,45.674903869628906,46.12712860107422,45.192527770996094,45.61460494995117,10831140
2017-09-29,45.70505142211914,47.03158187866211,45.403568267822266,46.699951171875,10813137
2017-10-03,47.45366287231445,47.45366287231445,45.49401092529297,45.76534652709961,7819496
2017-10-04,45.94623947143555,45.94623947143555,44.197628021240234,44.740299224853516,10170534
2017-10-05,44.740299224853516,45.01163864135742,44.2880744934082,44.468963623046875,11285906
2017-10-06,44.64985656738281,44.80059814453125,44.197628021240234,44.52926254272461,6929085
2017-10-09,44.740299224853516,45.644752502441406,44.559410095214844,44.740299224853516,6863175
2017-10-10,45.041786193847656,45.16238021850586,43.08213424682617,43.98658752441406,11202814
2017-10-11,44.68000411987305,45.825645446777344,43.71525192260742,44.137332916259766,16654966
2017-10-12,44.378517150878906,45.132232666015625,44.01673889160156,44.95133972167969,8467163
2017-10-13,45.61460494995117,48.599300384521484,45.403568267822266,47.574256896972656,46243573
2017-10-16,47.634552001953125,50.37805938720703,47.634552001953125,50.10672378540039,49089525
2017-10-17,50.5890998840332,54.87017822265625,49.77509307861328,54.2672119140625,70609667
2017-10-18,54.2672119140625,55.292259216308594,52.337711334228516,53.48335266113281,41522683
2017-10-19,53.664241790771484,55.4128532409668,53.664241790771484,55.02092361450195,13057631
2017-10-23,55.23196029663086,59.84467315673828,55.23196029663086,59.1814079284668,99587599
2017-10-24,59.75423049926758,60.809425354003906,58.24680709838867,59.39244842529297,49765152
2017-10-25,59.93511962890625,60.538089752197266,57.010719299316406,59.72407913208008,32948125
2017-10-26,59.1814079284668,60.176307678222656,58.005619049072266,58.30710220336914,25670670
2017-10-27,58.39754867553711,58.638736724853516,55.774635314941406,56.07611846923828,20174719
2017-10-30,56.49819564819336,57.58354187011719,56.07611846923828,57.13131332397461,16623159
2017-10-31,57.462947845458984,57.58354187011719,55.6540412902832,55.98567199707031,14299343
2017-11-01,56.85997772216797,60.41749572753906,56.468048095703125,59.693931579589844,63878684
2017-11-02,60.29690170288086,64.81916809082031,60.05571365356445,64.3367919921875,76280957
2017-11-03,64.51768493652344,66.80896759033203,63.2213020324707,63.944862365722656,53788980
2017-11-06,64.06546020507812,64.0956039428711,60.29690170288086,60.62853240966797,25024988
2017-11-07,61.171207427978516,61.98521423339844,57.94532012939453,58.66888427734375,32484426
2017-11-08,58.97037124633789,61.20135498046875,57.76443099975586,59.57333755493164,27826894
2017-11-09,61.261653900146484,61.98521423339844,57.040870666503906,58.276954650878906,38735068
2017-11-10,59.09096145629883,59.362300872802734,57.43280029296875,58.48799514770508,23175552
2017-11-13,59.57333755493164,59.633636474609375,54.99077224731445,56.28715515136719,36138062
2017-11-14,56.07611846923828,56.49819564819336,54.90032958984375,55.774635314941406,26513131
2017-11-15,55.774635314941406,57.462947845458984,55.38270568847656,56.43790054321289,23708249
2017-11-16,56.25700759887695,58.24680709838867,55.80478286743164,57.88502502441406,15773442
2017-11-17,57.9151725769043,59.15126037597656,56.76953125,57.40264892578125,20045074
2017-11-20,57.28205490112305,61.47269058227539,56.98057174682617,60.960166931152344,43786057
2017-11-21,61.804325103759766,61.92491912841797,59.995418548583984,60.809425354003906,28758691
2017-11-22,61.502838134765625,62.075660705566406,58.69903564453125,59.362300872802734,28254114
2017-11-23,59.543190002441406,60.41749572753906,57.70413589477539,57.94532012939453,30345962
2017-11-24,57.94532012939453,58.910072326660156,56.6790885925293,57.101165771484375,22616725
2017-11-27,56.739383697509766,58.427696228027344,56.16656494140625,57.94532012939453,26659625
2017-11-28,57.94532012939453,58.427696228027344,57.040870666503906,57.43280029296875,15578510
2017-11-29,57.70413589477539,57.794578552246094,56.106266021728516,56.31730651855469,15907228
2017-11-30,56.106266021728516,57.43280029296875,55.62389373779297,56.95042419433594,45208972
2017-12-01,56.98057174682617,57.22175979614258,56.01581954956055,56.22686004638672,17097261
2017-12-04,56.25700759887695,56.85997772216797,55.68418884277344,56.13641357421875,7613870
2017-12-05,56.196712493896484,56.6489372253418,55.473148345947266,56.43790054321289,9083425
2017-12-06,56.04597091674805,57.07101821899414,55.98567199707031,56.13641357421875,10910832
2017-12-07,56.13641357421875,59.09096145629883,55.89522933959961,58.75933074951172,23212076
2017-12-08,59.09096145629883,59.66378402709961,57.58354187011719,58.005619049072266,19950381
2017-12-11,58.30710220336914,58.910072326660156,57.49309539794922,57.734283447265625,9730181
2017-12-12,57.734283447265625,58.18650817871094,56.07611846923828,56.28715515136719,10195857
2017-12-13,57.28205490112305,57.28205490112305,55.62389373779297,55.95552444458008,10122445
2017-12-14,56.40774917602539,57.010719299316406,54.99077224731445,56.6489372253418,10724506
2017-12-15,57.25190734863281,57.28205490112305,56.40774917602539,56.61878967285156,7742079
2017-12-18,56.528343200683594,58.005619049072266,53.965728759765625,57.25190734863281,13102237
2017-12-19,57.34235382080078,59.78437805175781,56.7996826171875,59.45274353027344,16761789
2017-12-20,59.12111282348633,60.23660659790039,58.51814270019531,59.000518798828125,15424853
2017-12-21,59.15126037597656,62.04551315307617,58.638736724853516,61.231502532958984,27867808
2017-12-22,60.83957290649414,61.231502532958984,60.05571365356445,60.6888313293457,12747605
2017-12-26,60.47779083251953,61.804325103759766,60.08586120605469,61.442543029785156,12780396
2017-12-27,61.20135498046875,63.25144958496094,60.35719680786133,61.05061340332031,18923308
2017-12-28,61.08076095581055,62.55803680419922,60.598384857177734,61.74402618408203,24937329
2017-12-29,62.10580825805664,65.66332244873047,61.65358352661133,65.21109771728516,38445641
2018-01-01,64.75887298583984,65.21109771728516,62.73892593383789,63.070560455322266,17357407
2018-01-02,64.0956039428711,64.0956039428711,59.904972076416016,60.71897888183594,29025353
2018-01-03,60.899871826171875,62.64847946166992,60.899871826171875,61.92491912841797,18190971
2018-01-04,62.37714385986328,63.673526763916016,61.38224411010742,63.040409088134766,20726950
2018-01-05,65.12065124511719,71.6930160522461,64.81916809082031,69.82381439208984,131617408
2018-01-08,66.38688659667969,68.58772277832031,64.93976593017578,65.75376892089844,61767898
2018-01-09,66.11555480957031,67.98475646972656,64.72872161865234,65.48243713378906,45863628
2018-01-10,68.135498046875,68.28623962402344,64.00515747070312,64.72872161865234,38299116
2018-01-11,64.51768493652344,65.72362518310547,64.03530883789062,64.6081314086914,21678340
2018-01-12,64.63827514648438,66.35674285888672,61.41239547729492,65.48243713378906,44095180
2018-01-15,65.57288360595703,65.57288360595703,62.61833190917969,63.070560455322266,25446851
2018-01-16,63.341896057128906,64.3970947265625,61.65358352661133,61.98521423339844,26621036
2018-01-17,62.16610336303711,62.799224853515625,60.809425354003906,62.407291412353516,17444592
2018-01-18,62.52788543701172,62.91981887817383,59.84467315673828,60.960166931152344,23237961
2018-01-19,60.960166931152344,62.31684875488281,59.81452560424805,61.68373107910156,17381760
2018-01-22,61.62343215942383,61.62343215942383,59.75423049926758,59.995418548583984,12482155
2018-01-23,60.14616012573242,61.38224411010742,59.57333755493164,59.904972076416016,16250521
2018-01-24,59.09096145629883,59.693931579589844,55.925376892089844,56.61878967285156,60828544
2018-01-25,55.292259216308594,58.75933074951172,55.292259216308594,57.34235382080078,42117117
2018-01-29,56.61878967285156,57.61368942260742,54.99077224731445,56.43790054321289,38613544
2018-01-30,56.07611846923828,57.643836975097656,55.59374237060547,56.6790885925293,23236633
2018-01-31,56.6790885925293,57.94532012939453,55.473148345947266,56.13641357421875,25276787
2018-02-01,56.377601623535156,56.40774917602539,54.478248596191406,55.05107116699219,16226034
2018-02-02,54.930477142333984,54.930477142333984,52.669342041015625,53.242164611816406,38985571
2018-02-05,52.45830535888672,53.84513473510742,52.21711730957031,52.78993606567383,23298439
2018-02-06,50.528804779052734,51.82518768310547,48.23752212524414,51.25236511230469,35684219
2018-02-07,52.27741241455078,52.609046936035156,50.167022705078125,50.83028793334961,23610766
2018-02-08,50.95088195800781,52.82008743286133,50.64939880371094,51.58399963378906,25446848
2018-02-09,50.800140380859375,51.403106689453125,50.19717025756836,50.468505859375,21668728
2018-02-12,50.890586853027344,52.036224365234375,50.19717025756836,50.95088195800781,30448166
2018-02-14,52.036224365234375,52.428157806396484,50.95088195800781,51.131771087646484,22196271
2018-02-15,51.55385208129883,51.764888763427734,49.805240631103516,50.10672378540039,13716233
2018-02-16,50.10672378540039,50.709693908691406,48.93093490600586,49.47360610961914,14714553
2018-02-19,49.77509307861328,50.01628112792969,48.68974685668945,49.74494552612305,11469119
2018-02-20,50.04642868041992,51.01118087768555,49.74494552612305,50.64939880371094,12240413
2018-02-21,51.071475982666016,51.071475982666016,49.895687103271484,50.10672378540039,11717344
2018-02-22,50.04642868041992,50.136871337890625,48.629451751708984,48.961082458496094,16763551
2018-02-23,49.2022705078125,49.74494552612305,48.93093490600586,49.533905029296875,13357968
2018-02-26,49.805240631103516,50.3479118347168,49.3530158996582,49.65449905395508,15666153
2018-02-27,49.895687103271484,51.403106689453125,49.895687103271484,50.83028793334961,34360196
2018-02-28,50.83028793334961,51.25236511230469,49.83538818359375,50.5890998840332,74573821
2018-03-01,50.61924743652344,50.76999282836914,49.805240631103516,50.076576232910156,25085661
2018-03-05,50.28761672973633,50.28761672973633,49.172122955322266,49.77509307861328,15073917
2018-03-06,50.04642868041992,50.167022705078125,48.991233825683594,49.38316345214844,16314199
2018-03-07,49.443458557128906,49.865535736083984,46.5793571472168,48.0566291809082,22678239
2018-03-08,49.443458557128906,49.98612976074219,47.363216400146484,48.02648162841797,33250438
2018-03-09,48.44855880737305,48.56915283203125,47.33306884765625,47.544105529785156,12098696
2018-03-12,47.75514602661133,48.207374572753906,46.15727615356445,47.33306884765625,19049889
2018-03-13,47.30291748046875,49.172122955322266,47.091880798339844,48.629451751708984,25303467
2018-03-14,48.75004577636719,49.14197540283203,47.996334075927734,48.991233825683594,13815412
2018-03-15,48.84048843383789,49.56405258178711,48.0867805480957,48.327964782714844,12103368
2018-03-16,48.177223205566406,50.04642868041992,47.724998474121094,48.87063980102539,28101428
2018-03-19,48.84048843383789,49.02138137817383,46.368316650390625,46.910987854003906,18329578
2018-03-20,46.18742752075195,47.12202835083008,45.91608810424805,46.51905822753906,20595033
2018-03-21,47.15217590332031,48.23752212524414,46.76024627685547,47.724998474121094,11950167
2018-03-22,47.39336395263672,48.0867805480957,46.277870178222656,46.7903938293457,10906059
2018-03-23,46.699951171875,47.15217590332031,44.95133972167969,46.8205451965332,22106109
2018-03-26,46.54920959472656,48.599300384521484,46.368316650390625,48.44855880737305,14621776
2018-03-27,48.44855880737305,49.232421875,48.0566291809082,48.599300384521484,11045841
2018-03-28,48.629451751708984,48.65959930419922,45.4337158203125,45.76534652709961,31435288
2018-04-02,46.24772262573242,47.12202835083008,45.61460494995117,46.910987854003906,9086088
2018-04-03,46.33816909790039,47.03158187866211,46.12712860107422,46.639652252197266,11900621
2018-04-04,47.03158187866211,47.272769927978516,45.58445739746094,46.18742752075195,12648900
2018-04-05,46.458763122558594,46.85069274902344,45.825645446777344,46.368316650390625,15292566
2018-04-06,46.277870178222656,46.368316650390625,45.07193374633789,45.192527770996094,15890534
2018-04-09,44.92119216918945,45.4337158203125,44.34836959838867,45.132232666015625,16454997
2018-04-10,45.34326934814453,45.5241584777832,44.34836959838867,44.58955764770508,15784731
2018-04-11,44.61970520019531,45.34326934814453,44.34836959838867,44.58955764770508,12530788
2018-04-12,44.61970520019531,44.740299224853516,43.47406768798828,44.107181549072266,13446105
2018-04-13,44.01673889160156,44.80059814453125,43.35347366333008,43.504215240478516,17108205
2018-04-16,43.41376876831055,43.41376876831055,42.599761962890625,42.99169158935547,13076270
2018-04-17,43.08213424682617,44.58955764770508,42.81079864501953,43.08213424682617,35393921
2018-04-18,43.41376876831055,43.68510437011719,42.99169158935547,43.11228561401367,50721897
2018-04-19,43.38362121582031,43.41376876831055,42.26812744140625,42.7806510925293,21975760
2018-04-20,42.931392669677734,43.38362121582031,42.47916793823242,42.72035598754883,13604687
2018-04-23,43.232879638671875,43.594661712646484,42.62990951538086,43.202728271484375,16682182
2018-04-24,42.99169158935547,43.17258071899414,42.298274993896484,42.840946197509766,17517487
2018-04-25,43.38362121582031,43.835845947265625,42.62990951538086,43.05198669433594,27365137
2018-04-26,43.17258071899414,43.26302719116211,40.73055648803711,41.243080139160156,55840371
2018-04-27,41.7556037902832,42.26812744140625,41.15263366699219,41.48426818847656,22499552
2018-04-30,43.32332229614258,43.32332229614258,41.062191009521484,41.695308685302734,26361750
2018-05-02,41.84605026245117,41.84605026245117,40.09743881225586,40.54966735839844,20988277
2018-05-03,40.5195198059082,40.67026138305664,38.28853225708008,38.55986785888672,37848208
2018-05-04,38.59001541137695,39.04224395751953,37.08259582519531,37.68556213378906,36580055
2018-05-07,38.01719665527344,38.228233337402344,37.44437789916992,37.625267028808594,16613470
2018-05-08,37.866455078125,37.866455078125,36.23843765258789,36.87155532836914,23283504
2018-05-09,36.7208137512207,37.23333740234375,36.359031677246094,36.570072174072266,14540465
2018-05-10,36.630367279052734,36.630367279052734,35.032501220703125,35.18324279785156,29120852
2018-05-11,35.12294387817383,35.12294387817383,30.600677490234375,30.99260711669922,131996627
2018-05-14,30.932310104370117,32.10810089111328,30.20874786376953,31.203645706176758,61728660
2018-05-15,31.05290412902832,32.43973159790039,30.932310104370117,32.01765441894531,40827212
2018-05-16,31.95735740661621,32.34928512573242,31.4749813079834,31.806615829467773,22120784
2018-05-17,31.68602180480957,32.31913757324219,31.5352783203125,31.746318817138672,25520564
2018-05-18,31.95735740661621,32.07794952392578,31.05290412902832,31.414684295654297,24378952
2018-05-21,31.5352783203125,32.16839599609375,31.32423973083496,31.866912841796875,12623648
2018-05-22,31.927209854125977,33.70596694946289,31.565427780151367,33.10300064086914,25035402
2018-05-23,33.16329574584961,33.826560974121094,32.59047317504883,32.95225524902344,19278657
2018-05-24,33.133148193359375,34.88175582885742,33.01255416870117,34.308937072753906,26412670
2018-05-25,34.88175582885742,36.93185043334961,34.369232177734375,36.02739715576172,47339433
2018-05-28,36.6906623840332,37.35393142700195,36.05754852294922,36.992149353027344,17733387
2018-05-29,37.08259582519531,38.107643127441406,36.75096130371094,37.56496810913086,28158972
2018-05-30,37.38407897949219,37.9870491027832,36.7208137512207,37.29363250732422,24563361
2018-05-31,37.38407897949219,37.9568977355957,36.44947814941406,37.08259582519531,39445809
2018-06-01,37.9870491027832,37.9870491027832,36.75096130371094,37.263484954833984,21289095
2018-06-04,37.866455078125,38.40912628173828,37.263484954833984,37.92675018310547,17778754
2018-06-05,38.49957275390625,38.49957275390625,33.34418487548828,34.097896575927734,65232976
2018-06-06,33.766265869140625,35.84650802612305,33.37433624267578,35.54502487182617,35831451
2018-06-07,35.575172424316406,37.59511947631836,35.575172424316406,37.263484954833984,24385838
2018-06-08,37.203189849853516,39.072391510009766,36.66051483154297,38.68046188354492,34926960
2018-06-11,39.0120964050293,39.40402603149414,38.04734420776367,38.439273834228516,20214212
2018-06-12,38.40912628173828,39.705509185791016,38.01719665527344,39.343727111816406,20916973
2018-06-13,38.801055908203125,38.891502380371094,36.75096130371094,37.08259582519531,36981631
2018-06-14,37.11274337768555,38.04734420776367,37.11274337768555,37.866455078125,16360180
2018-06-15,37.56496810913086,38.167938232421875,36.268585205078125,36.570072174072266,45304677
2018-06-18,37.806156158447266,38.107643127441406,37.203189849853516,37.534820556640625,28279930
2018-06-19,37.50467300415039,37.68556213378906,36.841407775878906,37.203189849853516,13384357
2018-06-20,37.92675018310547,37.9568977355957,36.93185043334961,37.08259582519531,14738105
2018-06-21,37.32378387451172,37.32378387451172,36.359031677246094,36.66051483154297,10189626
2018-06-22,36.78110885620117,36.841407775878906,36.268585205078125,36.50977325439453,9208239
2018-06-25,36.208290100097656,36.29873275756836,33.52507781982422,33.766265869140625,46858445
2018-06-26,33.766265869140625,35.18324279785156,33.28388977050781,34.942054748535156,42668122
2018-06-27,34.97220230102539,35.42443084716797,32.861812591552734,33.58537292480469,27450297
2018-06-28,33.58537292480469,34.61042022705078,33.042701721191406,34.1883430480957,29327932
2018-06-29,34.97220230102539,36.05754852294922,33.64567184448242,35.78620910644531,21911326
2018-07-02,35.51487350463867,35.54502487182617,33.55522537231445,34.399383544921875,18522046
2018-07-03,34.82146072387695,34.942054748535156,33.826560974121094,34.24863815307617,17076137
2018-07-04,34.24863815307617,34.42953109741211,33.193443298339844,33.25374221801758,16894066
2018-07-05,32.98240661621094,33.91700744628906,32.28899002075195,32.861812591552734,29269770
2018-07-06,32.500030517578125,33.34418487548828,32.43973159790039,32.98240661621094,15300192
2018-07-09,33.28388977050781,33.58537292480469,32.801513671875,32.9221076965332,11981756
2018-07-10,34.007450103759766,34.369232177734375,33.193443298339844,33.64567184448242,28328543
2018-07-11,33.88685989379883,33.88685989379883,31.746318817138672,32.59047317504883,28644810
2018-07-12,32.59047317504883,33.37433624267578,32.409584045410156,32.771366119384766,23978865
2018-07-13,32.771366119384766,32.98240661621094,31.866912841796875,32.16839599609375,31346313
2018-07-16,31.95735740661621,32.861812591552734,31.444833755493164,31.62572479248047,34576486
2018-07-17,31.655872344970703,32.07794952392578,31.05290412902832,31.62572479248047,36703816
2018-07-18,31.655872344970703,31.927209854125977,29.123403549194336,30.14845085144043,48534020
2018-07-19,30.14845085144043,30.630826950073242,29.364591598510742,30.389638900756836,14120596
2018-07-20,30.269044876098633,31.143348693847656,29.666074752807617,30.84186553955078,11940349
2018-07-23,30.721271514892578,31.927209854125977,30.35948944091797,31.68602180480957,14340483
2018-07-24,32.560325622558594,36.93185043334961,32.43973159790039,34.007450103759766,128891779
2018-07-25,34.097896575927734,34.12804412841797,32.9221076965332,33.10300064086914,26222194
2018-07-26,33.16329574584961,34.670719146728516,32.74121856689453,34.24863815307617,43421229
2018-07-27,34.97220230102539,36.75096130371094,33.766265869140625,33.97730255126953,77879654
2018-07-30,34.21849060058594,35.54502487182617,33.464778900146484,35.2133903503418,45718197
2018-07-31,33.9471549987793,34.85160827636719,32.74121856689453,33.07284927368164,73300512
2018-08-01,33.31403732299805,33.464778900146484,31.987506866455078,32.28899002075195,27600316
2018-08-02,32.560325622558594,32.98240661621094,32.07794952392578,32.801513671875,28561903
2018-08-03,33.16329574584961,33.79641342163086,32.89196014404297,33.28388977050781,20415952
2018-08-06,33.464778900146484,33.70596694946289,32.9221076965332,33.10300064086914,17173620
2018-08-07,33.16329574584961,33.464778900146484,32.65077209472656,33.16329574584961,13446257
2018-08-08,33.16329574584961,33.766265869140625,33.042701721191406,33.37433624267578,13158024
2018-08-09,33.193443298339844,34.42953109741211,33.16329574584961,33.97730255126953,19972973
2018-08-10,33.97730255126953,33.97730255126953,32.560325622558594,32.801513671875,16079307
2018-08-13,32.74121856689453,32.74121856689453,31.5352783203125,31.655872344970703,16079151
2018-08-14,31.716169357299805,32.07794952392578,31.233795166015625,31.354389190673828,14217269
2018-08-16,31.32423973083496,31.565427780151367,30.41978645324707,30.51023292541504,14081804
2018-08-17,30.630826950073242,31.05290412902832,30.480083465576172,30.69112205505371,13131507
2018-08-20,31.05290412902832,32.59047317504883,30.932310104370117,32.198543548583984,42678698
2018-08-21,32.6809196472168,33.133148193359375,31.5352783203125,31.89706039428711,38249830
2018-08-23,32.10810089111328,32.34928512573242,31.62572479248047,31.836763381958008,19888199
2018-08-24,31.89706039428711,32.01765441894531,31.143348693847656,31.444833755493164,16166863
2018-08-27,31.5352783203125,31.836763381958008,30.811716079711914,30.99260711669922,17781772
2018-08-28,31.113201141357422,31.32423973083496,30.600677490234375,30.811716079711914,20479977
2018-08-29,30.99260711669922,30.99260711669922,29.756521224975586,29.877113342285156,49828437
2018-08-30,29.937410354614258,30.35948944091797,29.424888610839844,30.05800437927246,76782643
2018-08-31,31.776466369628906,31.89706039428711,29.605777740478516,29.756521224975586,124109500
2018-09-03,30.41978645324707,31.5352783203125,29.967559814453125,30.78156852722168,69636317
2018-09-04,30.902162551879883,31.083051681518555,29.57563018798828,29.78666877746582,44277123
2018-09-05,29.907262802124023,30.238895416259766,28.24909782409668,28.88221549987793,52176755
2018-09-06,28.88221549987793,29.032957077026367,27.947614669799805,28.068206787109375,50456385
2018-09-07,28.068206787109375,28.791770935058594,27.495386123657227,28.279247283935547,50878667
2018-09-10,28.158653259277344,29.364591598510742,27.917465209960938,28.791770935058594,44041319
2018-09-11,28.821918487548828,29.063106536865234,27.555683135986328,27.857168197631836,35039349
2018-09-12,28.580730438232422,28.580730438232422,27.04315948486328,27.857168197631836,39430243
2018-09-14,27.947614669799805,28.30939483642578,27.7667236328125,27.947614669799805,29201158
2018-09-17,27.857168197631836,29.24399757385254,27.525535583496094,28.761621475219727,33568154
2018-09-18,29.15355110168457,29.213848114013672,27.7667236328125,27.887317657470703,26272963
2018-09-19,28.03805923461914,28.369691848754883,27.163753509521484,27.585832595825195,20055954
2018-09-21,27.7064266204834,27.887317657470703,24.842323303222656,27.40494155883789,86893900
2018-09-24,26.651229858398438,26.952714920043945,24.932767868041992,25.415143966674805,35452265
2018-09-25,25.02321434020996,25.204105377197266,23.817276000976562,24.420244216918945,41750493
2018-09-26,24.842323303222656,25.204105377197266,24.23935317993164,24.993064880371094,29852409
2018-09-27,24.993064880371094,24.993064880371094,23.12386131286621,23.21430778503418,50116341
2018-09-28,23.21430778503418,23.515790939331055,21.917922973632812,23.244455337524414,44536873
2018-10-01,23.365049362182617,23.545940399169922,22.581188201904297,23.365049362182617,31110707
2018-10-03,22.912822723388672,23.636384963989258,22.00836944580078,22.128963470458984,50898553
2018-10-04,21.706884384155273,22.340002059936523,19.958274841308594,20.380352020263672,56375899
2018-10-05,20.41050148010254,20.862728118896484,19.867828369140625,20.229610443115234,60041172
2018-10-08,20.41050148010254,20.651687622070312,19.62664031982422,20.289907455444336,36848738
2018-10-09,20.47079849243164,21.16421127319336,20.169313430786133,20.772281646728516,32218537
2018-10-10,20.651687622070312,21.978219985961914,19.928125381469727,21.73703384399414,48172660
2018-10-11,20.380352020263672,21.254657745361328,20.1391658782959,20.832578659057617,26206754
2018-10-12,21.103914260864258,22.00836944580078,21.073766708374023,21.67673683166504,24723275
2018-10-15,21.94807243347168,22.520891189575195,21.58629035949707,22.15911102294922,23337611
2018-10-16,22.128963470458984,22.581188201904297,21.917922973632812,22.309852600097656,16218153
2018-10-17,22.49074363708496,22.912822723388672,22.21940803527832,22.79222869873047,20761814
2018-10-19,22.731931686401367,23.244455337524414,21.887775421142578,22.00836944580078,26433180
2018-10-22,22.128963470458984,22.460594177246094,21.013469696044922,21.194360733032227,31422617
2018-10-23,21.194360733032227,21.556142807006836,20.591392517089844,21.345102310180664,22661109
2018-10-24,21.405399322509766,22.189258575439453,21.22450828552246,21.85762596130371,32480735
2018-10-25,21.767181396484375,23.06356430053711,20.802431106567383,22.460594177246094,36302360
2018-10-26,22.611337661743164,22.6414852142334,21.917922973632812,22.279705047607422,26572691
2018-10-29,22.49074363708496,22.85252571105957,21.978219985961914,22.731931686401367,15095059
2018-10-30,22.731931686401367,23.726829528808594,22.551040649414062,23.515790939331055,26352990
2018-10-31,23.545940399169922,23.69668197631836,22.611337661743164,23.304752349853516,22017234
2018-11-01,23.455493927001953,23.636384963989258,23.12386131286621,23.39519691467285,13353397
2018-11-02,23.515790939331055,24.66143226623535,23.515790939331055,24.480541229248047,20560814
2018-11-05,24.60113525390625,25.2945499420166,24.299650192260742,25.1739559173584,28505333
2018-11-06,25.2945499420166,25.596033096313477,25.02321434020996,25.415143966674805,18073858
2018-11-07,25.80707359313965,25.80707359313965,25.204105377197266,25.384994506835938,2564038
2018-11-09,25.44529151916504,25.626182556152344,24.932767868041992,25.475440979003906,17514651
2018-11-12,25.626182556152344,25.626182556152344,24.39009666442871,24.60113525390625,14845847
2018-11-13,24.39009666442871,24.69158172607422,23.42534637451172,24.570987701416016,20938007
2018-11-14,24.32979965209961,25.324697494506836,23.847423553466797,24.96291732788086,43071531
2018-11-15,24.209205627441406,24.420244216918945,21.85762596130371,22.249555587768555,94308835
2018-11-16,22.309852600097656,26.470338821411133,21.827478408813477,25.92766761779785,161233620
2018-11-19,25.475440979003906,26.530635833740234,24.058462142944336,25.746776580810547,103778345
2018-11-20,25.324697494506836,26.4401912689209,24.782026290893555,25.535736083984375,57003384
2018-11-21,25.535736083984375,27.465238571166992,25.475440979003906,26.862268447875977,80890207
2018-11-22,26.410043716430664,26.98286247253418,24.60113525390625,24.993064880371094,75852625
2018-11-26,25.113658905029297,25.837221145629883,23.726829528808594,24.0283145904541,70503529
2018-11-27,23.998165130615234,24.480541229248047,23.033416748046875,23.365049362182617,48774411
2018-11-28,23.365049362182617,23.636384963989258,22.611337661743164,22.79222869873047,33672121
2018-11-29,23.033416748046875,23.154010772705078,22.038516998291016,22.822376251220703,41029630
2018-11-30,22.611337661743164,22.7017822265625,21.16421127319336,21.284805297851562,76877788
2018-12-03,21.495845794677734,22.068666458129883,21.16421127319336,21.495845794677734,49304037
2018-12-04,21.827478408813477,21.978219985961914,21.013469696044922,21.22450828552246,40270057
2018-12-05,21.013469696044922,21.073766708374023,20.380352020263672,20.531095504760742,42861571
2018-12-06,20.440649032592773,20.47079849243164,19.897977828979492,20.229610443115234,42070216
2018-12-07,20.440649032592773,20.68183708190918,20.04871940612793,20.380352020263672,37103695
2018-12-10,20.018571853637695,20.169313430786133,19.68693733215332,19.897977828979492,24222161
2018-12-11,19.68693733215332,21.37525177001953,19.295007705688477,20.651687622070312,45855813
2018-12-12,20.621540069580078,21.495845794677734,20.531095504760742,20.89287567138672,33808728
2018-12-13,21.043617248535156,21.58629035949707,20.923023223876953,21.043617248535156,32173218
2018-12-14,21.345102310180664,22.731931686401367,21.254657745361328,21.827478408813477,69498640
2018-12-17,21.978219985961914,22.21940803527832,21.556142807006836,21.94807243347168,30840403
2018-12-18,21.94807243347168,22.731931686401367,21.73703384399414,22.49074363708496,26496425
2018-12-19,22.611337661743164,22.973119735717773,22.49074363708496,22.7620792388916,25778284
2018-12-20,22.520891189575195,23.184158325195312,22.460594177246094,23.033416748046875,22538376
2018-12-21,23.21430778503418,23.42534637451172,22.611337661743164,23.093713760375977,59019322
2018-12-24,23.06356430053711,23.093713760375977,22.400299072265625,22.520891189575195,27864216
2018-12-26,22.370149612426758,22.611337661743164,21.917922973632812,22.460594177246094,28065121
2018-12-27,22.731931686401367,22.912822723388672,22.279705047607422,22.400299072265625,24583190
2018-12-28,22.460594177246094,22.973119735717773,22.460594177246094,22.611337661743164,19545690
2018-12-31,22.731931686401367,22.973119735717773,22.671634674072266,22.7620792388916,12132313
2019-01-01,22.912822723388672,22.973119735717773,22.370149612426758,22.7620792388916,14601474
2019-01-02,22.882673263549805,22.882673263549805,22.00836944580078,22.15911102294922,17611505
2019-01-03,21.556142807006836,21.887775421142578,21.013469696044922,21.767181396484375,39317592
2019-01-04,21.767181396484375,22.038516998291016,21.465696334838867,21.827478408813477,21164742
2019-01-07,22.068666458129883,22.279705047607422,21.94807243347168,22.098814010620117,13701909
2019-01-08,22.00836944580078,22.49074363708496,21.85762596130371,22.279705047607422,16086091
2019-01-09,22.309852600097656,22.551040649414062,21.94807243347168,22.279705047607422,18790129
2019-01-10,22.309852600097656,22.671634674072266,22.189258575439453,22.370149612426758,16847368
2019-01-11,22.340002059936523,22.49074363708496,22.038516998291016,22.249555587768555,13759947
2019-01-14,22.309852600097656,22.309852600097656,21.465696334838867,21.67673683166504,17509665
2019-01-15,21.67673683166504,21.978219985961914,21.495845794677734,21.85762596130371,15977432
2019-01-16,21.917922973632812,22.279705047607422,21.767181396484375,21.94807243347168,14704005
2019-01-17,21.94807243347168,22.400299072265625,21.706884384155273,22.279705047607422,24736662
2019-01-18,22.309852600097656,22.309852600097656,20.711984634399414,21.22450828552246,47866044
2019-01-21,21.22450828552246,21.37525177001953,19.536195755004883,19.807531356811523,65723724
2019-01-22,19.747234344482422,20.32005500793457,19.656789779663086,20.199462890625,32159216
2019-01-23,20.32005500793457,20.802431106567383,20.078868865966797,20.440649032592773,21144117
2019-01-24,20.772281646728516,21.22450828552246,20.04871940612793,20.531095504760742,56361172
2019-01-25,20.380352020263672,20.621540069580078,19.445749282836914,19.807531356811523,38758118
2019-01-28,19.77738380432129,19.77738380432129,17.154468536376953,18.72218894958496,48905912
2019-01-29,18.72218894958496,19.62664031982422,18.119218826293945,18.51114845275879,51126945
2019-01-30,18.631742477416992,18.9332275390625,18.20966339111328,18.420703887939453,27358254
2019-01-31,18.541297912597656,18.752336502075195,17.847881317138672,18.14936637878418,47673704
2019-02-01,18.269960403442383,18.9332275390625,18.179515838623047,18.631742477416992,28114499
2019-02-04,18.66189193725586,18.692039489746094,17.7272891998291,18.119218826293945,30177019
2019-02-05,18.058921813964844,18.481000900268555,17.636842727661133,18.36040687561035,36435470
2019-02-06,18.330257415771484,18.330257415771484,17.365507125854492,18.089069366455078,43637485
2019-02-07,17.787586212158203,19.867828369140625,17.6669921875,19.295007705688477,87846199
2019-02-08,19.295007705688477,19.295007705688477,17.908178329467773,18.420703887939453,41510502
2019-02-11,18.51114845275879,19.295007705688477,17.847881317138672,18.78248405456543,36408754
2019-02-12,18.66189193725586,18.66189193725586,17.787586212158203,17.93832778930664,31303004
2019-02-14,18.36040687561035,19.264860153198242,17.968475341796875,19.083969116210938,31976928
2019-02-15,18.903078079223633,18.903078079223633,17.93832778930664,18.089069366455078,40783778
2019-02-18,18.330257415771484,18.631742477416992,17.968475341796875,18.481000900268555,24595646
2019-02-19,18.36040687561035,18.812633514404297,17.998624801635742,18.269960403442383,32926668
2019-02-20,18.269960403442383,18.631742477416992,18.058921813964844,18.450851440429688,33316627
2019-02-21,18.420703887939453,18.812633514404297,18.23981285095215,18.692039489746094,52091843
2019-02-22,18.812633514404297,18.9332275390625,18.179515838623047,18.30010986328125,37953253
2019-02-25,18.269960403442383,18.692039489746094,18.20966339111328,18.390554428100586,37080649
2019-02-26,18.20966339111328,18.330257415771484,17.6066951751709,17.968475341796875,35665348
2019-02-27,18.089069366455078,18.420703887939453,17.7272891998291,17.817733764648438,28710372
2019-02-28,17.847881317138672,18.30010986328125,17.817733764648438,18.028772354125977,68245473
2019-03-01,18.330257415771484,18.36040687561035,17.847881317138672,18.028772354125977,44775494
2019-03-05,18.028772354125977,18.390554428100586,17.847881317138672,17.968475341796875,49061344
2019-03-06,18.089069366455078,19.234710693359375,18.028772354125977,18.84278106689453,95280251
2019-03-07,19.053821563720703,19.958274841308594,18.8729305267334,19.295007705688477,108759380
2019-03-08,19.295007705688477,19.747234344482422,19.114116668701172,19.62664031982422,49120667
2019-03-11,19.747234344482422,20.923023223876953,19.656789779663086,20.621540069580078,75926468
2019-03-12,20.802431106567383,20.95317268371582,20.289907455444336,20.621540069580078,64190254
2019-03-13,20.772281646728516,21.284805297851562,20.169313430786133,20.47079849243164,91776033
2019-03-14,20.500946044921875,20.74213409423828,20.199462890625,20.380352020263672,28746619
2019-03-15,20.47079849243164,20.651687622070312,20.289907455444336,20.47079849243164,27056255
2019-03-18,20.47079849243164,20.561243057250977,19.295007705688477,19.47589874267578,34225081
2019-03-19,19.506046295166016,19.656789779663086,18.812633514404297,19.325157165527344,38790805
2019-03-20,19.295007705688477,20.199462890625,17.847881317138672,19.958274841308594,215376684
2019-03-22,19.958274841308594,20.078868865966797,19.234710693359375,19.41560173034668,79960239
2019-03-25,19.355304718017578,19.355304718017578,18.119218826293945,18.23981285095215,88595223
2019-03-26,18.23981285095215,18.36040687561035,17.697139739990234,17.847881317138672,66811828
2019-03-27,17.636842727661133,17.817733764648438,17.064022064208984,17.184616088867188,87204737
2019-03-28,17.214765548706055,18.089069366455078,17.03387451171875,17.486101150512695,207915008
2019-04-01,18.25,18.25,17.649999618530273,17.75,44374809
2019-04-02,17.899999618530273,17.899999618530273,16.600000381469727,16.75,61660301
2019-04-03,16.450000762939453,16.950000762939453,15.800000190734863,15.899999618530273,61979681
2019-04-04,15.899999618530273,15.949999809265137,14.899999618530273,15.149999618530273,115062504
2019-04-05,15.050000190734863,16.700000762939453,15.050000190734863,16.299999237060547,163072526
2019-04-08,16.700000762939453,17.450000762939453,16.549999237060547,17.299999237060547,109448159
2019-04-09,17.5,17.700000762939453,16.799999237060547,16.950000762939453,57008691
2019-04-10,17.049999237060547,17.149999618530273,16.299999237060547,16.350000381469727,67257100
2019-04-11,16.399999618530273,16.450000762939453,15.899999618530273,16.25,47799330
2019-04-12,16.299999237060547,16.450000762939453,15.899999618530273,16.049999237060547,42481657
2019-04-15,16.049999237060547,17.350000381469727,15.800000190734863,17.0,73466485
2019-04-16,17.0,18.149999618530273,16.75,17.950000762939453,119864982
2019-04-18,18.100000381469727,18.149999618530273,16.950000762939453,17.25,73204505
2019-04-22,17.350000381469727,17.399999618530273,16.850000381469727,17.149999618530273,55102622
2019-04-23,17.149999618530273,17.25,16.850000381469727,17.049999237060547,34255032
2019-04-24,17.25,17.75,17.0,17.149999618530273,52632586
2019-04-25,16.75,17.25,16.299999237060547,16.850000381469727,69215591
2019-04-26,16.75,16.850000381469727,16.049999237060547,16.25,35364872
2019-04-30,16.100000381469727,16.200000762939453,15.25,15.449999809265137,33729371
2019-05-02,15.350000381469727,16.549999237060547,15.149999618530273,16.200000762939453,62636435
2019-05-03,16.25,16.5,15.899999618530273,16.149999618530273,26630328
2019-05-06,17.149999618530273,17.149999618530273,16.25,16.350000381469727,45839027
2019-05-07,16.399999618530273,16.600000381469727,15.5,15.600000381469727,36754853
2019-05-08,15.399999618530273,15.399999618530273,13.649999618530273,14.300000190734863,240357694
2019-05-09,14.199999809265137,14.5,13.949999809265137,14.300000190734863,157917034
2019-05-10,14.300000190734863,14.300000190734863,13.550000190734863,14.050000190734863,229057148
2019-05-13,14.050000190734863,15.0,14.050000190734863,14.449999809265137,200282034
2019-05-14,14.449999809265137,14.550000190734863,13.0,14.0,243253187
2019-05-15,14.050000190734863,14.149999618530273,12.800000190734863,12.899999618530273,148791000
2019-05-16,13.0,13.0,12.050000190734863,12.199999809265137,161982330
2019-05-17,12.399999618530273,12.449999809265137,11.600000381469727,11.850000381469727,180983160
2019-05-20,12.25,13.0,11.800000190734863,12.550000190734863,137707027
2019-05-21,12.600000381469727,12.649999618530273,11.699999809265137,11.800000190734863,94310446
2019-05-22,11.850000381469727,12.300000190734863,11.5,12.149999618530273,133499642
2019-05-23,12.300000190734863,13.0,12.25,12.75,132685065
2019-05-24,12.850000381469727,13.25,12.550000190734863,12.850000381469727,91577582
2019-05-27,12.649999618530273,13.25,12.600000381469727,13.050000190734863,99540754
2019-05-28,13.050000190734863,13.800000190734863,13.0,13.649999618530273,170049972
2019-05-29,13.699999809265137,13.75,13.149999618530273,13.199999809265137,50735753
2019-05-30,13.199999809265137,13.649999618530273,12.949999809265137,13.300000190734863,273542405
2019-05-31,13.600000381469727,14.050000190734863,13.449999809265137,13.949999809265137,151171664
2019-06-03,13.949999809265137,14.149999618530273,13.800000190734863,14.0,55031122
2019-06-04,14.050000190734863,14.399999618530273,13.800000190734863,13.850000381469727,64187215
2019-06-06,13.899999618530273,14.0,13.199999809265137,13.449999809265137,69427339
2019-06-07,13.449999809265137,13.550000190734863,13.199999809265137,13.399999618530273,35136898
2019-06-10,13.300000190734863,13.550000190734863,12.649999618530273,12.800000190734863,49800929
2019-06-11,12.949999809265137,13.25,12.600000381469727,13.149999618530273,43370155
2019-06-12,13.149999618530273,13.199999809265137,12.800000190734863,12.850000381469727,22813410
2019-06-13,12.800000190734863,13.050000190734863,12.75,12.899999618530273,32447299
2019-06-14,12.850000381469727,12.899999618530273,12.300000190734863,12.5,35801366
2019-06-17,12.449999809265137,12.449999809265137,12.0,12.100000381469727,34319913
2019-06-18,12.0,12.100000381469727,11.800000190734863,11.949999809265137,37194394
2019-06-19,11.949999809265137,12.25,11.100000381469727,11.399999618530273,50447027
2019-06-20,11.300000190734863,11.949999809265137,11.25,11.899999618530273,33264078
2019-06-21,11.899999618530273,12.399999618530273,11.75,12.149999618530273,71979075
2019-06-24,12.149999618530273,12.25,11.949999809265137,12.100000381469727,36858260
2019-06-25,12.0,12.300000190734863,11.850000381469727,12.100000381469727,34910618
2019-06-26,12.050000190734863,12.449999809265137,12.0,12.350000381469727,50150199
2019-06-27,12.300000190734863,12.649999618530273,12.149999618530273,12.350000381469727,156191134
2019-06-28,12.300000190734863,12.399999618530273,12.050000190734863,12.149999618530273,36562073
2019-07-01,12.100000381469727,12.149999618530273,11.800000190734863,12.0,33179163
2019-07-02,12.050000190734863,12.100000381469727,11.600000381469727,11.699999809265137,36003888
2019-07-03,11.699999809265137,12.0,11.600000381469727,11.949999809265137,29759766
2019-07-04,11.949999809265137,13.149999618530273,11.800000190734863,12.350000381469727,142320663
2019-07-05,12.300000190734863,12.550000190734863,11.899999618530273,12.0,59585610
2019-07-08,11.949999809265137,11.949999809265137,11.399999618530273,11.449999809265137,49904183
2019-07-09,11.399999618530273,11.550000190734863,11.25,11.350000381469727,34589764
2019-07-10,11.350000381469727,11.5,11.199999809265137,11.25,33210775
2019-07-11,11.300000190734863,11.800000190734863,11.25,11.649999618530273,30842594
2019-07-12,11.649999618530273,12.050000190734863,11.550000190734863,11.699999809265137,31470511
2019-07-15,11.699999809265137,12.0,11.649999618530273,11.75,24805672
2019-07-16,11.850000381469727,11.899999618530273,11.550000190734863,11.800000190734863,27234136
2019-07-17,11.75,12.5,11.649999618530273,11.949999809265137,57441442
2019-07-18,11.949999809265137,11.949999809265137,11.199999809265137,11.300000190734863,41704209
2019-07-19,11.449999809265137,11.550000190734863,10.699999809265137,10.949999809265137,80656229
2019-07-22,10.899999618530273,11.0,10.649999618530273,10.75,43637335
2019-07-23,10.850000381469727,10.949999809265137,10.449999809265137,10.550000190734863,65505254
2019-07-24,10.5,10.649999618530273,9.850000381469727,9.949999809265137,117809888
2019-07-25,9.949999809265137,10.149999618530273,9.649999618530273,9.699999809265137,75424647
2019-07-26,9.699999809265137,10.0,9.100000381469727,9.25,86263682
2019-07-29,8.75,8.899999618530273,6.550000190734863,6.75,669682147
2019-07-30,6.849999904632568,7.050000190734863,6.0,6.5,371103251
2019-07-31,6.849999904632568,7.099999904632568,6.599999904632568,6.849999904632568,157323663
2019-08-01,6.900000095367432,6.949999809265137,6.449999809265137,6.650000095367432,115818792
2019-08-02,6.599999904632568,6.699999809265137,6.199999809265137,6.349999904632568,138890327
2019-08-05,6.25,6.25,5.900000095367432,6.0,101217920
2019-08-06,5.900000095367432,6.050000190734863,5.5,5.650000095367432,141607241
2019-08-07,5.599999904632568,5.599999904632568,5.099999904632568,5.349999904632568,134873257
2019-08-08,5.300000190734863,5.800000190734863,5.199999809265137,5.650000095367432,151450330
2019-08-09,5.699999809265137,5.949999809265137,5.300000190734863,5.349999904632568,137510852
2019-08-13,5.400000095367432,5.449999809265137,4.800000190734863,5.0,169808065
2019-08-14,5.099999904632568,5.800000190734863,5.050000190734863,5.650000095367432,137424280
2019-08-16,5.650000095367432,6.849999904632568,5.400000095367432,6.449999809265137,253502013
2019-08-19,6.400000095367432,6.449999809265137,5.849999904632568,6.0,131624842
2019-08-20,5.949999809265137,6.199999809265137,5.449999809265137,5.849999904632568,154625376
2019-08-21,5.800000190734863,5.800000190734863,5.5,5.599999904632568,84350479
2019-08-22,5.550000190734863,5.75,5.199999809265137,5.300000190734863,132541611
2019-08-23,5.199999809265137,5.900000095367432,5.0,5.75,138118662
2019-08-26,5.849999904632568,6.050000190734863,5.25,5.5,154474776
2019-08-27,5.599999904632568,5.75,5.199999809265137,5.300000190734863,154864384
2019-08-28,5.300000190734863,5.349999904632568,4.949999809265137,5.0,153324776
2019-08-29,5.0,5.300000190734863,4.800000190734863,4.849999904632568,163803711
2019-08-30,4.900000095367432,5.449999809265137,4.900000095367432,5.349999904632568,126453633
2019-09-03,5.400000095367432,5.400000095367432,5.050000190734863,5.099999904632568,58510935
2019-09-04,5.150000095367432,5.199999809265137,4.900000095367432,5.0,53057113
2019-09-05,5.050000190734863,5.199999809265137,4.949999809265137,5.099999904632568,56157581
2019-09-06,5.099999904632568,5.400000095367432,5.099999904632568,5.150000095367432,66907745
2019-09-09,5.199999809265137,5.400000095367432,5.099999904632568,5.300000190734863,56036851
2019-09-11,5.349999904632568,5.849999904632568,5.349999904632568,5.75,108222094
2019-09-12,5.800000190734863,6.050000190734863,5.449999809265137,5.550000190734863,110173555
2019-09-13,5.550000190734863,5.599999904632568,5.25,5.400000095367432,73375292
2019-09-16,5.300000190734863,5.5,5.199999809265137,5.25,63595939
2019-09-17,5.25,5.300000190734863,5.0,5.099999904632568,112812385
2019-09-18,5.050000190734863,5.099999904632568,4.800000190734863,4.849999904632568,85057239
2019-09-19,4.900000095367432,5.699999809265137,4.900000095367432,5.449999809265137,320602203
2019-09-20,5.5,5.949999809265137,5.300000190734863,5.849999904632568,186422247
2019-09-23,5.949999809265137,6.050000190734863,5.550000190734863,5.599999904632568,82988317
2019-09-24,5.599999904632568,5.75,5.300000190734863,5.599999904632568,91357994
2019-09-25,5.550000190734863,5.599999904632568,5.199999809265137,5.300000190734863,81683260
2019-09-26,5.349999904632568,5.449999809265137,5.150000095367432,5.199999809265137,82845452
2019-09-27,5.25,5.800000190734863,5.099999904632568,5.650000095367432,107327275
2019-09-30,5.699999809265137,6.449999809265137,4.949999809265137,6.150000095367432,381241840
2019-10-01,6.300000190734863,6.300000190734863,5.199999809265137,5.400000095367432,219653425
2019-10-03,5.349999904632568,5.400000095367432,5.0,5.099999904632568,119493478
2019-10-04,5.150000095367432,5.349999904632568,5.0,5.050000190734863,83128782
2019-10-07,5.099999904632568,5.550000190734863,5.0,5.150000095367432,101637294
2019-10-09,5.199999809265137,6.0,5.150000095367432,5.849999904632568,207235307
2019-10-10,6.400000095367432,6.900000095367432,5.75,6.199999809265137,422660153
2019-10-11,6.0,6.150000095367432,5.849999904632568,6.0,122282409
2019-10-14,6.050000190734863,6.5,5.900000095367432,6.400000095367432,135922704
2019-10-15,6.400000095367432,6.449999809265137,6.099999904632568,6.150000095367432,107234406
2019-10-16,6.199999809265137,6.75,6.150000095367432,6.550000190734863,292185105
2019-10-17,6.400000095367432,6.400000095367432,5.949999809265137,6.300000190734863,165817016
2019-10-18,6.349999904632568,6.599999904632568,6.25,6.400000095367432,103591923
2019-10-22,6.400000095367432,6.550000190734863,6.0,6.099999904632568,128095442
2019-10-23,6.199999809265137,6.25,5.550000190734863,5.650000095367432,159051328
2019-10-24,5.599999904632568,5.650000095367432,4.099999904632568,4.349999904632568,755710087
2019-10-25,4.150000095367432,4.199999809265137,3.6500000953674316,4.099999904632568,420424858
2019-10-27,4.150000095367432,4.400000095367432,3.799999952316284,4.199999809265137,84379695
2019-10-29,4.099999904632568,4.099999904632568,3.6500000953674316,3.8499999046325684,343083942
2019-10-30,4.0,4.199999809265137,3.75,3.799999952316284,270109253
2019-10-31,3.799999952316284,4.0,3.299999952316284,3.9000000953674316,414804276
2019-11-01,3.8499999046325684,4.800000190734863,3.6500000953674316,4.300000190734863,794271990
2019-11-04,4.5,4.75,4.400000095367432,4.5,179149168
2019-11-05,4.5,4.650000095367432,4.099999904632568,4.199999809265137,119281067
2019-11-06,4.099999904632568,4.150000095367432,3.799999952316284,3.8499999046325684,168131372
2019-11-07,3.9000000953674316,4.150000095367432,3.799999952316284,3.9000000953674316,171478878
2019-11-08,3.9000000953674316,4.050000190734863,3.700000047683716,3.75,229885771
2019-11-11,3.799999952316284,4.050000190734863,3.75,4.0,106625599
2019-11-13,3.75,4.0,3.6500000953674316,3.700000047683716,219386908
2019-11-14,3.3499999046325684,3.450000047683716,2.8499999046325684,2.950000047683716,585724890
2019-11-15,2.700000047683716,3.9000000953674316,2.4000000953674316,3.6500000953674316,826173911
2019-11-18,3.950000047683716,4.550000190734863,3.9000000953674316,4.449999809265137,553187407
2019-11-19,4.849999904632568,6.400000095367432,4.849999904632568,6.050000190734863,1030107961
2019-11-20,6.650000095367432,8.149999618530273,6.650000095367432,7.050000190734863,749246924
2019-11-21,7.75,7.949999809265137,6.150000095367432,6.650000095367432,879935477
2019-11-22,6.599999904632568,6.949999809265137,6.050000190734863,6.550000190734863,455277632
2019-11-25,6.25,7.0,6.150000095367432,6.849999904632568,538266323
2019-11-26,6.550000190734863,6.800000190734863,5.699999809265137,6.0,171166562
2019-11-27,6.199999809265137,6.400000095367432,5.75,5.900000095367432,367839016
2019-11-28,5.900000095367432,6.849999904632568,5.900000095367432,6.599999904632568,559329516
2019-11-29,6.699999809265137,7.199999809265137,6.650000095367432,6.849999904632568,399702662
2019-12-02,7.5,8.800000190734863,7.5,7.800000190734863,394808648
2019-12-03,7.900000095367432,7.949999809265137,6.699999809265137,7.050000190734863,733287657
2019-12-04,7.199999809265137,7.900000095367432,7.0,7.75,708398144
2019-12-05,7.599999904632568,7.599999904632568,7.0,7.300000190734863,339294803
2019-12-06,7.099999904632568,7.349999904632568,6.650000095367432,6.900000095367432,513327745
2019-12-09,6.5,6.699999809265137,5.900000095367432,6.5,315704587
2019-12-10,6.25,6.849999904632568,6.150000095367432,6.550000190734863,385014786
2019-12-11,6.699999809265137,7.099999904632568,6.550000190734863,6.699999809265137,242199010
2019-12-12,6.849999904632568,7.0,6.699999809265137,6.800000190734863,121366874
2019-12-13,6.849999904632568,7.099999904632568,6.75,6.900000095367432,264918506
2019-12-16,6.900000095367432,6.900000095367432,6.550000190734863,6.599999904632568,153481308
2019-12-17,6.599999904632568,7.0,6.349999904632568,6.900000095367432,314339768
2019-12-18,7.25,7.349999904632568,6.300000190734863,6.400000095367432,328199359
2019-12-19,6.5,6.75,6.349999904632568,6.599999904632568,219012396
2019-12-20,6.400000095367432,6.650000095367432,6.25,6.550000190734863,174553730
2019-12-23,6.449999809265137,6.599999904632568,6.300000190734863,6.400000095367432,142870617
2019-12-24,6.349999904632568,6.5,6.199999809265137,6.300000190734863,121125277
2019-12-26,6.300000190734863,6.449999809265137,5.949999809265137,6.050000190734863,191531777
2019-12-27,6.050000190734863,6.150000095367432,5.75,5.800000190734863,135829056
2019-12-30,5.800000190734863,6.349999904632568,5.75,6.150000095367432,170381694
2019-12-31,6.150000095367432,6.25,5.949999809265137,6.150000095367432,170099935
2020-01-01,6.199999809265137,6.300000190734863,6.0,6.099999904632568,55777825
2020-01-02,6.0,6.199999809265137,5.949999809265137,6.099999904632568,67004549
2020-01-03,6.099999904632568,6.199999809265137,6.0,6.099999904632568,77256216
2020-01-06,6.050000190734863,6.099999904632568,5.900000095367432,6.0,65911114
2020-01-07,6.0,6.199999809265137,5.900000095367432,6.0,85292839
2020-01-08,5.949999809265137,6.599999904632568,5.699999809265137,6.5,329769716
2020-01-09,6.550000190734863,6.650000095367432,5.650000095367432,6.25,384515490
2020-01-10,6.300000190734863,6.349999904632568,6.0,6.099999904632568,98544671
2020-01-13,6.099999904632568,6.25,5.949999809265137,6.150000095367432,135915222
2020-01-14,6.150000095367432,6.199999809265137,6.050000190734863,6.099999904632568,72910162
2020-01-15,6.099999904632568,6.099999904632568,5.849999904632568,6.0,122769393
2020-01-16,6.050000190734863,6.349999904632568,5.949999809265137,6.0,198015296
2020-01-17,5.400000095367432,5.400000095367432,3.6500000953674316,4.5,534870
2020-01-20,4.699999809265137,5.150000095367432,4.599999904632568,4.849999904632568,323839417
2020-01-21,5.300000190734863,6.050000190734863,5.300000190734863,5.949999809265137,640960977
2020-01-22,5.949999809265137,6.050000190734863,5.449999809265137,5.599999904632568,300874524
2020-01-23,5.599999904632568,6.099999904632568,5.599999904632568,5.900000095367432,346152243
2020-01-24,6.0,6.099999904632568,5.75,6.050000190734863,158798220
2020-01-27,5.849999904632568,6.050000190734863,5.75,5.800000190734863,137436771
2020-01-28,5.849999904632568,5.900000095367432,4.699999809265137,5.349999904632568,248123542
2020-01-29,5.349999904632568,5.699999809265137,5.150000095367432,5.25,200137409
2020-01-30,5.25,5.599999904632568,5.0,5.199999809265137,239078532
2020-01-31,5.300000190734863,5.449999809265137,5.099999904632568,5.300000190734863,163363094
2020-02-03,5.199999809265137,5.5,5.050000190734863,5.349999904632568,116834844
2020-02-04,5.349999904632568,5.449999809265137,5.25,5.25,80865619
2020-02-05,5.25,5.349999904632568,4.949999809265137,5.25,121127246
2020-02-06,5.349999904632568,5.550000190734863,5.099999904632568,5.150000095367432,110558196
2020-02-07,5.099999904632568,5.400000095367432,5.050000190734863,5.25,113193845
2020-02-10,5.400000095367432,5.400000095367432,5.0,5.050000190734863,84534088
2020-02-11,5.099999904632568,5.150000095367432,4.75,4.849999904632568,136571874
2020-02-12,4.849999904632568,4.849999904632568,4.449999809265137,4.5,293521398
2020-02-13,4.5,4.550000190734863,4.400000095367432,4.5,99786073
2020-02-14,4.349999904632568,5.449999809265137,3.25,3.4000000953674316,344910835
2020-02-17,3.700000047683716,4.199999809265137,3.299999952316284,3.4000000953674316,814861351
2020-02-18,3.25,3.25,2.799999952316284,3.0,642554754
2020-02-19,3.1500000953674316,4.449999809265137,3.0999999046325684,4.199999809265137,1015559671
2020-02-20,4.449999809265137,5.0,4.199999809265137,4.400000095367432,956876746
2020-02-24,4.800000190734863,5.050000190734863,3.799999952316284,3.8499999046325684,679574901
2020-02-25,3.950000047683716,4.300000190734863,3.5,3.950000047683716,598933526
2020-02-26,3.8499999046325684,4.150000095367432,3.5999999046325684,4.0,325151192
2020-02-27,4.050000190734863,4.25,3.700000047683716,3.799999952316284,393794097
2020-02-28,3.799999952316284,3.950000047683716,3.549999952316284,3.8499999046325684,395445168
2020-03-02,3.9000000953674316,4.099999904632568,3.299999952316284,3.450000047683716,244209249
2020-03-03,3.5999999046325684,3.9000000953674316,3.299999952316284,3.6500000953674316,317086505
2020-03-04,3.75,3.799999952316284,3.4000000953674316,3.5999999046325684,215195612
2020-03-05,3.450000047683716,3.8499999046325684,3.299999952316284,3.5999999046325684,338216925
2020-03-06,3.4000000953674316,3.450000047683716,3.200000047683716,3.299999952316284,338761004
2020-03-09,3.4000000953674316,4.300000190734863,3.299999952316284,4.0,692949436
2020-03-11,4.400000095367432,4.949999809265137,4.199999809265137,4.349999904632568,721115533
2020-03-12,4.599999904632568,4.599999904632568,4.050000190734863,4.199999809265137,741584887
2020-03-13,4.0,5.800000190734863,3.8499999046325684,5.599999904632568,347274071
2020-03-16,5.5,7.199999809265137,5.099999904632568,5.699999809265137,250764659
2020-03-17,6.0,6.199999809265137,4.699999809265137,4.849999904632568,698221911
2020-03-18,5.300000190734863,5.699999809265137,2.700000047683716,3.1500000953674316,1073741823
2020-03-19,3.299999952316284,3.549999952316284,3.0,3.299999952316284,609053154
2020-03-20,3.5999999046325684,3.5999999046325684,3.299999952316284,3.450000047683716,386962314
2020-03-23,3.25,3.4000000953674316,3.0999999046325684,3.1500000953674316,312968741
2020-03-24,3.3499999046325684,3.450000047683716,3.1500000953674316,3.3499999046325684,283473341
2020-03-25,3.3499999046325684,3.450000047683716,3.299999952316284,3.3499999046325684,129150667
2020-03-26,3.4000000953674316,3.4000000953674316,3.25,3.25,143520346
2020-03-27,3.299999952316284,3.299999952316284,3.200000047683716,3.200000047683716,105883924
2020-03-30,3.25,3.25,3.0999999046325684,3.1500000953674316,82151641
2020-03-31,3.200000047683716,3.25,3.049999952316284,3.0999999046325684,161285617
2020-04-01,3.0999999046325684,3.1500000953674316,3.0,3.049999952316284,178196529
2020-04-03,3.049999952316284,3.25,3.0,3.1500000953674316,186946438
2020-04-07,3.25,3.299999952316284,3.1500000953674316,3.200000047683716,126961509
2020-04-08,3.200000047683716,3.25,3.1500000953674316,3.200000047683716,139785930
2020-04-09,3.25,3.299999952316284,3.200000047683716,3.299999952316284,116617515
2020-04-13,3.299999952316284,4.25,3.299999952316284,4.099999904632568,804216919
2020-04-15,4.449999809265137,4.900000095367432,4.0,4.25,709333130
2020-04-16,4.5,4.650000095367432,4.150000095367432,4.25,403023318
2020-04-17,4.349999904632568,4.400000095367432,3.8499999046325684,4.099999904632568,536816968
2020-04-20,4.099999904632568,4.199999809265137,3.799999952316284,3.9000000953674316,274023994
2020-04-21,3.75,3.8499999046325684,3.5999999046325684,3.700000047683716,251790440
2020-04-22,3.9000000953674316,4.050000190734863,3.700000047683716,3.950000047683716,437696779
2020-04-23,4.300000190734863,4.5,4.150000095367432,4.349999904632568,690926109
2020-04-24,4.25,4.25,3.950000047683716,4.0,321586483
2020-04-27,4.0,4.199999809265137,4.0,4.099999904632568,250385306
2020-04-28,4.199999809265137,4.199999809265137,3.950000047683716,4.0,303932026
2020-04-29,4.050000190734863,4.300000190734863,3.9000000953674316,4.199999809265137,346339567
2020-04-30,4.349999904632568,4.400000095367432,4.099999904632568,4.199999809265137,307532315
2020-05-04,4.050000190734863,4.349999904632568,3.9000000953674316,4.150000095367432,445004742
2020-05-05,4.25,4.300000190734863,4.099999904632568,4.150000095367432,184891529
2020-05-06,4.099999904632568,4.400000095367432,4.050000190734863,4.25,434137889
2020-05-07,4.199999809265137,4.300000190734863,4.099999904632568,4.150000095367432,160718948
2020-05-08,4.199999809265137,4.300000190734863,4.150000095367432,4.199999809265137,172138358
2020-05-11,4.25,4.800000190734863,4.199999809265137,4.599999904632568,924169681
2020-05-12,4.650000095367432,5.0,4.5,4.949999809265137,587127838
2020-05-13,5.349999904632568,5.349999904632568,4.800000190734863,4.900000095367432,443661451
2020-05-14,4.800000190734863,5.0,4.699999809265137,4.75,251907237
2020-05-15,4.75,5.0,4.550000190734863,4.849999904632568,232096453
2020-05-18,4.949999809265137,5.099999904632568,4.599999904632568,4.650000095367432,349402211
2020-05-19,4.849999904632568,5.650000095367432,4.650000095367432,5.449999809265137,883191828
2020-05-20,5.650000095367432,5.949999809265137,5.5,5.650000095367432,504593142
2020-05-21,5.650000095367432,5.849999904632568,5.349999904632568,5.550000190734863,400470088
2020-05-22,5.5,5.699999809265137,5.349999904632568,5.5,350191306
2020-05-26,5.550000190734863,5.75,5.5,5.599999904632568,254588763
2020-05-27,5.650000095367432,5.699999809265137,5.550000190734863,5.650000095367432,196436800
2020-05-28,5.699999809265137,6.050000190734863,5.650000095367432,5.800000190734863,498436003
2020-05-29,6.349999904632568,7.800000190734863,6.349999904632568,6.550000190734863,1073741823
2020-06-01,6.449999809265137,6.900000095367432,6.0,6.550000190734863,504566767
2020-06-02,6.650000095367432,7.849999904632568,6.599999904632568,7.699999809265137,940712269
2020-06-03,8.0,8.850000381469727,7.800000190734863,8.100000381469727,963452004
2020-06-04,8.199999809265137,8.899999618530273,8.0,8.600000381469727,870345865
2020-06-05,9.199999809265137,10.75,9.0,10.5,722961400
2020-06-08,11.550000190734863,12.600000381469727,11.199999809265137,12.0,875540832
2020-06-09,12.350000381469727,12.350000381469727,9.0,10.050000190734863,485568457
2020-06-10,9.699999809265137,11.0,9.100000381469727,10.850000381469727,21663710
2020-06-11,11.100000381469727,11.449999809265137,9.149999618530273,9.399999618530273,1073741823
2020-06-12,8.5,10.300000190734863,8.0,10.149999618530273,428987207
2020-06-15,10.800000190734863,10.800000190734863,9.899999618530273,10.149999618530273,860072479
2020-06-16,10.300000190734863,10.399999618530273,9.199999809265137,9.75,807989244
2020-06-17,9.350000381469727,10.0,9.350000381469727,9.850000381469727,449439930
2020-06-18,9.850000381469727,10.350000381469727,9.050000190734863,9.75,994738202
2020-06-19,9.75,9.899999618530273,9.050000190734863,9.149999618530273,542136358
2020-06-22,9.199999809265137,10.5,9.050000190734863,10.100000381469727,125582495
2020-06-23,10.100000381469727,10.5,10.0,10.25,442636336
2020-06-24,10.350000381469727,10.399999618530273,9.5,9.800000190734863,524309917
2020-06-25,9.399999618530273,10.100000381469727,9.25,9.850000381469727,595177700
2020-06-26,9.800000190734863,10.75,9.75,10.399999618530273,19946693
2020-06-29,10.600000381469727,11.25,10.100000381469727,11.100000381469727,994232174
2020-06-30,11.449999809265137,11.449999809265137,10.5,10.600000381469727,885288809
2020-07-01,10.399999618530273,10.75,10.050000190734863,10.149999618530273,434160300
2020-07-02,10.199999809265137,10.449999809265137,9.75,10.050000190734863,369159111
2020-07-03,10.100000381469727,10.25,9.850000381469727,10.0,261979691
2020-07-06,10.100000381469727,10.100000381469727,9.75,9.800000190734863,231233013
2020-07-07,9.800000190734863,9.850000381469727,9.449999809265137,9.550000190734863,240978456
2020-07-08,9.600000381469727,9.899999618530273,9.100000381469727,9.300000190734863,451507367
2020-07-09,9.25,9.5,9.0,9.350000381469727,360685550
2020-07-10,9.199999809265137,9.899999618530273,8.75,9.75,924533453
2020-07-13,10.0,10.100000381469727,9.5,9.75,378786463
2020-07-14,9.649999618530273,9.699999809265137,9.300000190734863,9.350000381469727,278276181
2020-07-15,9.199999809265137,9.350000381469727,8.449999809265137,8.649999618530273,475980943
2020-07-16,8.649999618530273,8.699999809265137,7.0,7.849999904632568,990846027
2020-07-17,7.599999904632568,9.0,7.449999809265137,8.899999618530273,764115052
2020-07-20,9.399999618530273,9.699999809265137,8.25,9.100000381469727,1034469293
2020-07-21,8.949999809265137,8.949999809265137,8.149999618530273,8.300000190734863,644443669
2020-07-22,8.449999809265137,9.050000190734863,8.350000381469727,8.550000190734863,505614748
2020-07-23,8.899999618530273,8.899999618530273,8.5,8.600000381469727,232008377
2020-07-24,8.399999618530273,8.550000190734863,8.100000381469727,8.399999618530273,242262782
2020-07-27,8.199999809265137,8.449999809265137,8.0,8.050000190734863,177632018
2020-07-28,8.050000190734863,8.149999618530273,7.800000190734863,8.050000190734863,189177411
2020-07-29,8.0,8.649999618530273,7.849999904632568,8.25,359492082
2020-07-30,8.25,8.5,7.949999809265137,8.0,293048882
2020-07-31,8.100000381469727,8.5,8.100000381469727,8.399999618530273,340455059
2020-08-03,8.399999618530273,8.850000381469727,8.0,8.699999809265137,422266642
2020-08-04,8.699999809265137,8.949999809265137,8.5,8.649999618530273,328489260
2020-08-05,8.600000381469727,8.75,8.149999618530273,8.300000190734863,289455100
2020-08-06,8.300000190734863,8.5,8.149999618530273,8.25,177568336
2020-08-07,7.900000095367432,8.949999809265137,7.599999904632568,8.850000381469727,686898461
2020-08-10,9.0,9.199999809265137,8.800000190734863,9.100000381469727,418021584
2020-08-11,8.899999618530273,8.949999809265137,8.649999618530273,8.699999809265137,161123113
2020-08-12,8.600000381469727,9.050000190734863,8.550000190734863,8.850000381469727,160016342
2020-08-13,8.949999809265137,9.149999618530273,8.800000190734863,9.050000190734863,182054082
2020-08-14,9.0,9.350000381469727,8.699999809265137,8.949999809265137,332532208
2020-08-17,9.050000190734863,9.149999618530273,8.850000381469727,8.949999809265137,108158573
2020-08-18,8.949999809265137,9.0,8.699999809265137,8.850000381469727,179567657
2020-08-19,8.75,8.899999618530273,8.600000381469727,8.699999809265137,140531839
2020-08-20,8.600000381469727,8.800000190734863,8.449999809265137,8.5,152580184
2020-08-21,8.600000381469727,8.699999809265137,8.449999809265137,8.5,101582302
2020-08-24,8.649999618530273,9.25,8.399999618530273,9.100000381469727,531620523
2020-08-25,9.149999618530273,9.25,8.899999618530273,9.0,157251700
2020-08-26,9.0,9.050000190734863,8.850000381469727,8.899999618530273,91976394
2020-08-27,8.899999618530273,9.0,8.699999809265137,8.850000381469727,209574820
2020-08-28,8.949999809265137,10.449999809265137,8.899999618530273,10.100000381469727,214288640
2020-08-31,10.5,11.100000381469727,9.600000381469727,10.199999809265137,687026051
2020-09-01,10.800000190734863,10.949999809265137,7.650000095367432,8.850000381469727,680730246
2020-09-02,9.300000190734863,10.149999618530273,9.199999809265137,9.899999618530273,560088566
2020-09-03,10.5,12.850000381469727,10.449999809265137,12.550000190734863,487992026
2020-09-04,11.300000190734863,13.5,11.300000190734863,12.050000190734863,556772102
2020-09-07,13.25,13.25,11.949999809265137,12.300000190734863,296049294
2020-09-08,12.5,12.600000381469727,11.149999618530273,11.300000190734863,504295962
2020-09-09,10.949999809265137,11.25,10.550000190734863,11.100000381469727,388937297
2020-09-10,11.300000190734863,11.550000190734863,11.0,11.399999618530273,358369742
2020-09-11,11.399999618530273,11.399999618530273,10.899999618530273,11.149999618530273,223833805
2020-09-14,11.350000381469727,11.850000381469727,11.050000190734863,11.550000190734863,381304064
2020-09-15,11.850000381469727,12.25,11.649999618530273,11.75,742500490
2020-09-16,11.800000190734863,11.850000381469727,11.449999809265137,11.5,158712590
2020-09-17,11.399999618530273,11.449999809265137,11.100000381469727,11.25,190390751
2020-09-18,11.199999809265137,11.699999809265137,11.050000190734863,11.25,346084587
2020-09-21,11.25,11.399999618530273,10.300000190734863,10.399999618530273,315922033
2020-09-22,10.350000381469727,10.449999809265137,9.649999618530273,10.25,434043144
2020-09-23,10.0,10.199999809265137,8.850000381469727,9.199999809265137,612130572
2020-09-24,8.949999809265137,9.449999809265137,8.550000190734863,9.100000381469727,511436181
2020-09-25,9.350000381469727,10.449999809265137,9.0,10.300000190734863,505791107
2020-09-28,10.75,10.800000190734863,10.100000381469727,10.350000381469727,413963574
2020-09-29,10.100000381469727,10.25,9.550000190734863,9.800000190734863,460512776
2020-09-30,9.800000190734863,10.100000381469727,9.300000190734863,9.550000190734863,340579246
2020-10-01,9.300000190734863,9.5,9.100000381469727,9.25,215628107
2020-10-05,9.25,9.5,8.949999809265137,9.0,304615132
2020-10-06,9.100000381469727,9.149999618530273,8.75,8.800000190734863,172114862
2020-10-07,8.800000190734863,8.850000381469727,8.5,8.550000190734863,189207463
2020-10-08,8.550000190734863,9.199999809265137,8.550000190734863,8.949999809265137,254381369
2020-10-09,9.050000190734863,9.199999809265137,8.850000381469727,8.899999618530273,113599121
2020-10-12,9.0,9.0,8.649999618530273,8.699999809265137,100602860
2020-10-13,8.550000190734863,8.699999809265137,8.449999809265137,8.550000190734863,103026043
2020-10-14,8.600000381469727,8.649999618530273,8.199999809265137,8.399999618530273,158887359
2020-10-15,8.25,8.350000381469727,7.900000095367432,8.0,188269523
2020-10-16,8.0,8.300000190734863,7.949999809265137,8.050000190734863,122714651
2020-10-19,8.100000381469727,8.149999618530273,7.599999904632568,7.949999809265137,215833783
2020-10-20,7.900000095367432,9.0,7.75,8.699999809265137,375865473
2020-10-21,8.75,8.899999618530273,8.449999809265137,8.600000381469727,176946022
2020-10-22,8.5,9.0,8.399999618530273,8.899999618530273,169885521
2020-10-23,9.100000381469727,9.25,8.850000381469727,9.050000190734863,366905560
2020-10-26,9.050000190734863,9.149999618530273,8.850000381469727,8.899999618530273,92408619
2020-10-27,8.800000190734863,8.850000381469727,8.649999618530273,8.699999809265137,75352842
2020-10-28,8.699999809265137,9.050000190734863,8.550000190734863,8.699999809265137,150109864
2020-10-29,8.600000381469727,8.75,8.25,8.350000381469727,200714768
2020-10-30,8.100000381469727,8.949999809265137,8.0,8.75,417087976
2020-11-02,8.800000190734863,8.899999618530273,8.399999618530273,8.75,251873794
2020-11-03,8.699999809265137,8.699999809265137,8.5,8.550000190734863,107561247
2020-11-04,8.5,8.600000381469727,8.350000381469727,8.399999618530273,73165683
2020-11-05,8.5,8.600000381469727,8.350000381469727,8.5,86070777
2020-11-06,8.449999809265137,8.949999809265137,8.399999618530273,8.600000381469727,158987012
2020-11-09,8.75,8.800000190734863,8.550000190734863,8.699999809265137,121084167
2020-11-10,8.649999618530273,8.699999809265137,8.5,8.550000190734863,113716651
2020-11-11,8.5,8.649999618530273,8.399999618530273,8.449999809265137,134558775
2020-11-12,8.449999809265137,8.649999618530273,8.399999618530273,8.5,103703745
2020-11-13,8.5,8.850000381469727,8.449999809265137,8.699999809265137,206654827
2020-11-14,8.949999809265137,9.25,8.800000190734863,9.100000381469727,248779292
2020-11-17,9.100000381469727,10.0,9.100000381469727,9.300000190734863,635729848
2020-11-18,9.199999809265137,9.550000190734863,9.100000381469727,9.199999809265137,234862530
2020-11-19,9.149999618530273,9.600000381469727,9.050000190734863,9.25,303524665
2020-11-20,9.550000190734863,10.149999618530273,9.5,10.050000190734863,559636322
2020-11-23,10.300000190734863,10.600000381469727,10.149999618530273,10.399999618530273,392518684
2020-11-24,10.5,10.75,10.149999618530273,10.25,449615731
2020-11-25,10.300000190734863,10.350000381469727,9.649999618530273,9.699999809265137,444960297
2020-11-26,9.699999809265137,10.0,9.600000381469727,9.949999809265137,273322035
2020-11-27,10.0,10.100000381469727,9.649999618530273,9.800000190734863,211191365
2020-12-01,9.800000190734863,10.350000381469727,9.600000381469727,10.0,354320484
2020-12-02,9.949999809265137,10.199999809265137,9.800000190734863,9.899999618530273,172606976
2020-12-03,10.0,10.050000190734863,9.800000190734863,9.949999809265137,151257328
2020-12-04,9.899999618530273,10.0,9.649999618530273,9.75,183317075
2020-12-07,9.800000190734863,9.850000381469727,9.550000190734863,9.600000381469727,134836089
2020-12-08,9.600000381469727,9.850000381469727,9.5,9.550000190734863,169069975
2020-12-09,9.600000381469727,10.0,9.449999809265137,9.850000381469727,299947714
2020-12-10,9.899999618530273,10.100000381469727,9.649999618530273,9.850000381469727,159494190
2020-12-11,9.850000381469727,10.350000381469727,9.699999809265137,10.100000381469727,414971366
2020-12-14,10.25,10.399999618530273,9.899999618530273,10.050000190734863,275807086
2020-12-15,10.050000190734863,10.050000190734863,9.699999809265137,9.899999618530273,140533584
2020-12-16,9.949999809265137,10.149999618530273,9.800000190734863,10.0,162488886
2020-12-17,9.949999809265137,10.25,9.800000190734863,9.949999809265137,229483126
2020-12-18,9.899999618530273,10.149999618530273,9.699999809265137,9.850000381469727,203187097
2020-12-21,9.949999809265137,10.050000190734863,8.899999618530273,9.199999809265137,341621075
2020-12-22,9.199999809265137,9.600000381469727,8.899999618530273,9.5,379432196
2020-12-23,9.5,10.649999618530273,9.399999618530273,10.550000190734863,611362315
2020-12-24,10.600000381469727,10.649999618530273,9.949999809265137,10.100000381469727,409236971
2020-12-28,10.149999618530273,10.600000381469727,10.149999618530273,10.399999618530273,254691531
2020-12-29,10.399999618530273,10.550000190734863,10.100000381469727,10.300000190734863,290602851
2020-12-30,10.350000381469727,10.350000381469727,10.050000190734863,10.199999809265137,196181871
2020-12-31,10.199999809265137,10.899999618530273,10.100000381469727,10.649999618530273,733827571
2021-01-01,10.75,11.350000381469727,10.600000381469727,11.199999809265137,423793813
2021-01-04,11.800000190734863,12.149999618530273,11.449999809265137,11.899999618530273,649973524
2021-01-05,11.800000190734863,12.149999618530273,11.600000381469727,11.899999618530273,335592305
2021-01-06,12.0,12.25,11.5,11.850000381469727,374712576
2021-01-07,11.949999809265137,12.350000381469727,11.850000381469727,11.949999809265137,352143303
2021-01-08,12.100000381469727,12.300000190734863,11.649999618530273,11.75,290761549
2021-01-11,11.949999809265137,12.050000190734863,11.350000381469727,11.5,221429001
2021-01-12,11.449999809265137,12.25,11.300000190734863,12.100000381469727,389146921
2021-01-13,12.25,12.75,11.899999618530273,12.25,672714234
2021-01-14,12.350000381469727,12.449999809265137,12.100000381469727,12.300000190734863,167998404
2021-01-15,12.350000381469727,13.800000190734863,12.300000190734863,13.649999618530273,150727721
2021-01-18,13.649999618530273,13.649999618530273,12.600000381469727,13.0,494595504
2021-01-19,13.149999618530273,13.649999618530273,13.100000381469727,13.300000190734863,260285118
2021-01-20,13.300000190734863,13.5,13.199999809265137,13.350000381469727,196034331
2021-01-21,13.350000381469727,13.649999618530273,12.800000190734863,12.899999618530273,275489083
2021-01-22,12.949999809265137,13.100000381469727,12.399999618530273,12.699999809265137,359520848
2021-01-25,12.800000190734863,12.850000381469727,11.550000190734863,11.75,462082038
2021-01-27,11.699999809265137,12.0,11.350000381469727,11.600000381469727,425911676
2021-01-28,11.5,12.25,11.399999618530273,11.75,455920820
2021-01-29,11.800000190734863,12.0,10.949999809265137,11.199999809265137,289672779
2021-02-01,11.100000381469727,11.800000190734863,10.850000381469727,11.699999809265137,277025482
2021-02-02,11.850000381469727,11.949999809265137,11.5,11.850000381469727,219351517
2021-02-03,11.899999618530273,12.75,11.699999809265137,12.25,354263383
2021-02-04,12.300000190734863,12.5,12.100000381469727,12.149999618530273,163102730
2021-02-05,12.199999809265137,12.449999809265137,11.899999618530273,12.0,196604376
2021-02-08,12.100000381469727,12.149999618530273,11.600000381469727,11.699999809265137,181041724
2021-02-09,11.600000381469727,12.5,11.600000381469727,11.949999809265137,316749597
2021-02-10,11.949999809265137,12.100000381469727,11.699999809265137,11.899999618530273,127210199
2021-02-11,11.899999618530273,13.050000190734863,11.800000190734863,12.899999618530273,538132731
2021-02-12,12.850000381469727,13.0,12.300000190734863,12.5,421777135
2021-02-15,12.149999618530273,12.899999618530273,11.899999618530273,12.100000381469727,333722604
2021-02-16,12.199999809265137,12.25,11.649999618530273,11.75,213050922
2021-02-17,11.75,12.399999618530273,11.649999618530273,11.899999618530273,236876381
2021-02-18,11.949999809265137,11.949999809265137,11.449999809265137,11.550000190734863,197557956
2021-02-19,11.5,11.699999809265137,10.800000190734863,10.899999618530273,316179539
2021-02-22,10.899999618530273,11.25,10.649999618530273,10.75,244411595
2021-02-23,10.800000190734863,11.149999618530273,10.800000190734863,11.0,228784619
2021-02-24,11.149999618530273,11.600000381469727,11.100000381469727,11.449999809265137,215734006
2021-02-25,11.5,11.850000381469727,11.449999809265137,11.649999618530273,205917447
2021-02-26,11.5,11.75,11.25,11.300000190734863,288634828
2021-03-01,11.399999618530273,11.449999809265137,10.899999618530273,11.050000190734863,183553814
2021-03-02,11.100000381469727,11.5,10.899999618530273,11.350000381469727,292065348
2021-03-03,11.449999809265137,11.649999618530273,11.100000381469727,11.149999618530273,216754057
2021-03-04,11.0,11.149999618530273,10.899999618530273,11.0,156391976
2021-03-05,10.899999618530273,11.0,10.399999618530273,10.550000190734863,294392507
2021-03-08,10.699999809265137,10.899999618530273,10.449999809265137,10.5,165778445
2021-03-09,10.550000190734863,10.649999618530273,9.899999618530273,10.100000381469727,258920821
2021-03-10,10.199999809265137,10.399999618530273,10.100000381469727,10.300000190734863,130052014
2021-03-12,10.449999809265137,10.600000381469727,10.149999618530273,10.199999809265137,185463143
2021-03-15,10.199999809265137,10.25,9.899999618530273,10.050000190734863,129419759
2021-03-16,10.100000381469727,10.75,10.050000190734863,10.149999618530273,183256039
2021-03-17,10.199999809265137,10.199999809265137,9.75,9.850000381469727,182276351
2021-03-18,10.100000381469727,10.25,9.600000381469727,9.899999618530273,217584197
2021-03-19,9.899999618530273,9.949999809265137,9.550000190734863,9.75,219176606
2021-03-22,9.699999809265137,10.149999618530273,9.550000190734863,10.0,141848777
2021-03-23,10.050000190734863,10.199999809265137,9.899999618530273,10.100000381469727,119941044
2021-03-24,10.050000190734863,10.050000190734863,9.699999809265137,9.75,98345903
2021-03-25,9.75,9.800000190734863,8.800000190734863,8.899999618530273,585923023
2021-03-26,9.100000381469727,9.449999809265137,9.050000190734863,9.100000381469727,368334602
2021-03-30,9.300000190734863,9.5,9.0,9.199999809265137,170192599
2021-03-31,9.25,9.800000190734863,9.100000381469727,9.25,263121309
2021-04-01,9.300000190734863,10.149999618530273,9.199999809265137,10.0,249215374
2021-04-05,9.949999809265137,10.0,9.25,9.550000190734863,177588656
2021-04-06,9.5,9.899999618530273,9.449999809265137,9.699999809265137,200557398
2021-04-07,9.899999618530273,10.0,9.699999809265137,9.75,163017659
2021-04-08,9.850000381469727,9.949999809265137,9.350000381469727,9.399999618530273,174461804
2021-04-09,9.449999809265137,9.699999809265137,9.399999618530273,9.399999618530273,98860394
2021-04-12,9.300000190734863,9.300000190734863,8.600000381469727,8.75,230871743
2021-04-13,8.850000381469727,9.0,8.800000190734863,8.949999809265137,121410282
2021-04-15,8.899999618530273,9.100000381469727,8.649999618530273,8.949999809265137,155089395
2021-04-16,8.899999618530273,8.949999809265137,8.800000190734863,8.850000381469727,72798915
2021-04-19,8.600000381469727,8.600000381469727,8.300000190734863,8.449999809265137,132327626
2021-04-20,8.5,8.649999618530273,8.300000190734863,8.449999809265137,92343831
2021-04-22,8.449999809265137,8.649999618530273,8.350000381469727,8.449999809265137,121409013
2021-04-23,8.399999618530273,8.550000190734863,8.350000381469727,8.449999809265137,61571313
2021-04-26,8.550000190734863,8.600000381469727,8.449999809265137,8.449999809265137,55862755
2021-04-27,8.449999809265137,8.75,8.449999809265137,8.699999809265137,107539610
2021-04-28,8.75,8.850000381469727,8.600000381469727,8.649999618530273,102877140
2021-04-29,8.699999809265137,8.75,8.350000381469727,8.399999618530273,155613116
2021-04-30,8.350000381469727,8.600000381469727,8.300000190734863,8.350000381469727,98167086
2021-05-03,8.300000190734863,8.550000190734863,8.25,8.449999809265137,88911009
2021-05-04,8.449999809265137,8.550000190734863,8.199999809265137,8.25,130270445
2021-05-05,8.300000190734863,8.449999809265137,8.25,8.350000381469727,81857103
2021-05-06,8.399999618530273,8.449999809265137,8.25,8.300000190734863,60140244
2021-05-07,8.350000381469727,8.399999618530273,8.199999809265137,8.300000190734863,108570333
2021-05-10,8.300000190734863,8.300000190734863,8.050000190734863,8.199999809265137,173571300
2021-05-11,8.149999618530273,8.199999809265137,8.050000190734863,8.100000381469727,86024008
2021-05-12,8.149999618530273,9.149999618530273,8.100000381469727,8.800000190734863,397884076
2021-05-14,9.0,9.100000381469727,8.550000190734863,8.649999618530273,171516548
2021-05-17,8.699999809265137,8.75,8.5,8.550000190734863,78204978
2021-05-18,8.600000381469727,8.699999809265137,8.5,8.550000190734863,70097530
2021-05-19,8.5,8.699999809265137,8.399999618530273,8.449999809265137,87317836
2021-05-20,8.449999809265137,8.5,8.350000381469727,8.399999618530273,67889823
2021-05-21,8.449999809265137,8.699999809265137,8.399999618530273,8.550000190734863,134046773
2021-05-24,8.550000190734863,8.699999809265137,8.5,8.600000381469727,90310531
2021-05-25,8.649999618530273,8.699999809265137,8.449999809265137,8.550000190734863,81688375
2021-05-26,8.649999618530273,8.649999618530273,8.5,8.550000190734863,74951767
2021-05-27,8.550000190734863,8.600000381469727,8.399999618530273,8.449999809265137,110294218
2021-05-28,8.550000190734863,9.100000381469727,8.449999809265137,8.699999809265137,197270856
2021-05-31,8.75,8.800000190734863,8.649999618530273,8.649999618530273,68439642
2021-06-01,8.699999809265137,8.75,8.449999809265137,8.5,95070972
2021-06-02,8.550000190734863,8.850000381469727,8.449999809265137,8.800000190734863,160917782
2021-06-03,8.850000381469727,9.449999809265137,8.800000190734863,9.350000381469727,433568903
2021-06-04,9.399999618530273,9.850000381469727,9.350000381469727,9.75,364137160
2021-06-07,10.0,10.25,9.949999809265137,10.100000381469727,259698765
2021-06-08,10.149999618530273,10.300000190734863,9.600000381469727,10.050000190734863,310914889
2021-06-09,10.100000381469727,10.149999618530273,9.5,9.649999618530273,208316036
2021-06-10,9.75,10.050000190734863,9.699999809265137,9.949999809265137,140332528
2021-06-11,10.0,10.149999618530273,9.75,9.850000381469727,161600504
2021-06-14,9.800000190734863,9.899999618530273,9.5,9.649999618530273,127161642
2021-06-15,9.75,9.899999618530273,9.649999618530273,9.699999809265137,87659985
2021-06-16,9.699999809265137,9.850000381469727,9.449999809265137,9.550000190734863,147068682
2021-06-17,9.449999809265137,9.800000190734863,9.399999618530273,9.449999809265137,175515506
2021-06-18,9.5,10.5,9.050000190734863,10.350000381469727,807562466
2021-06-21,10.399999618530273,10.550000190734863,10.0,10.149999618530273,315324065
2021-06-22,10.25,10.300000190734863,9.899999618530273,10.0,192460495
2021-06-23,10.050000190734863,10.149999618530273,9.850000381469727,9.949999809265137,148990511
2021-06-24,10.050000190734863,10.149999618530273,9.5,9.550000190734863,289568632
2021-06-25,9.699999809265137,10.850000381469727,9.649999618530273,10.600000381469727,501201896
2021-06-28,10.800000190734863,10.949999809265137,10.350000381469727,10.449999809265137,272304494
2021-06-29,10.449999809265137,10.699999809265137,10.0,10.100000381469727,188762210
2021-06-30,10.149999618530273,10.300000190734863,9.850000381469727,9.949999809265137,202158194
2021-07-01,9.0,9.449999809265137,8.5,9.050000190734863,643708116
2021-07-02,8.899999618530273,9.050000190734863,8.699999809265137,8.800000190734863,325983509
2021-07-05,8.800000190734863,9.399999618530273,8.5,9.100000381469727,432371910
2021-07-06,9.100000381469727,9.25,8.75,8.800000190734863,222325441
2021-07-07,8.800000190734863,9.0,8.75,8.850000381469727,99089056
2021-07-08,9.0,9.100000381469727,8.699999809265137,8.800000190734863,186035498
2021-07-09,8.800000190734863,9.300000190734863,8.75,9.050000190734863,179039654
2021-07-12,9.350000381469727,9.399999618530273,9.0,9.0,113554620
2021-07-13,8.899999618530273,9.100000381469727,8.800000190734863,8.850000381469727,98428364
2021-07-14,8.850000381469727,8.949999809265137,8.800000190734863,8.800000190734863,53712938
2021-07-15,8.850000381469727,9.0,8.75,8.75,68310928
2021-07-16,9.050000190734863,9.600000381469727,9.050000190734863,9.449999809265137,580298117
2021-07-19,9.550000190734863,9.899999618530273,8.550000190734863,9.149999618530273,748615182
2021-07-20,9.050000190734863,9.350000381469727,8.899999618530273,9.0,247909265
2021-07-22,9.199999809265137,9.550000190734863,8.850000381469727,9.25,682342777
2021-07-23,9.350000381469727,9.550000190734863,7.900000095367432,8.350000381469727,74301422
2021-07-26,8.350000381469727,8.5,8.100000381469727,8.300000190734863,219484526
2021-07-27,8.300000190734863,8.5,8.300000190734863,8.399999618530273,141166507
2021-07-28,8.449999809265137,8.75,8.199999809265137,8.350000381469727,268614790
2021-07-29,8.350000381469727,8.600000381469727,8.149999618530273,8.25,208357478
2021-07-30,8.25,8.399999618530273,8.199999809265137,8.25,119176003
2021-08-02,8.350000381469727,8.550000190734863,8.199999809265137,8.25,177255904
2021-08-03,8.25,8.25,7.150000095367432,7.400000095367432,839530394
2021-08-04,7.150000095367432,7.349999904632568,5.949999809265137,6.0,198746192
2021-08-05,5.400000095367432,6.099999904632568,4.550000190734863,5.949999809265137,2515
2021-08-06,6.5,7.349999904632568,6.5,7.099999904632568,186436853
2021-08-09,7.300000190734863,7.599999904632568,6.400000095367432,6.900000095367432,946049079
2021-08-10,7.0,7.199999809265137,6.599999904632568,6.650000095367432,424588646
2021-08-11,6.599999904632568,6.75,6.300000190734863,6.650000095367432,280814303
2021-08-12,6.699999809265137,6.75,6.449999809265137,6.5,121102582
2021-08-13,6.449999809265137,6.599999904632568,6.25,6.300000190734863,184754336
2021-08-16,6.0,6.25,5.849999904632568,5.949999809265137,180162546
2021-08-17,6.050000190734863,6.050000190734863,5.599999904632568,5.75,197222207
2021-08-18,5.650000095367432,6.849999904632568,5.599999904632568,6.449999809265137,459576977
2021-08-20,5.949999809265137,6.400000095367432,5.900000095367432,5.949999809265137,309374862
2021-08-23,6.050000190734863,6.449999809265137,5.800000190734863,6.0,478730436
2021-08-24,6.150000095367432,6.300000190734863,6.050000190734863,6.25,160571972
2021-08-25,6.25,6.400000095367432,6.199999809265137,6.300000190734863,132510533
2021-08-26,6.25,6.300000190734863,5.800000190734863,5.900000095367432,282965357
2021-08-27,5.900000095367432,6.099999904632568,5.849999904632568,6.0,161965520
2021-08-30,6.050000190734863,6.099999904632568,5.900000095367432,5.949999809265137,84925689
2021-08-31,5.949999809265137,6.400000095367432,5.849999904632568,6.099999904632568,298905204
2021-09-01,6.050000190734863,6.349999904632568,6.0,6.099999904632568,278532142
2021-09-02,6.199999809265137,7.25,6.150000095367432,7.150000095367432,736165238
2021-09-03,7.300000190734863,8.100000381469727,6.900000095367432,7.25,964239433
2021-09-06,7.25,7.599999904632568,7.050000190734863,7.25,252682376
2021-09-07,7.300000190734863,8.399999618530273,7.150000095367432,8.25,1060683827
2021-09-08,8.800000190734863,9.050000190734863,7.800000190734863,8.050000190734863,266753969
2021-09-09,8.050000190734863,8.5,7.699999809265137,8.399999618530273,432353363
2021-09-13,8.5,8.550000190734863,7.849999904632568,7.949999809265137,357392698
2021-09-14,7.949999809265137,9.0,7.900000095367432,8.699999809265137,776770515
2021-09-15,8.949999809265137,9.300000190734863,8.550000190734863,8.949999809265137,967395027
2021-09-16,9.800000190734863,11.5,9.649999618530273,11.25,1277
2021-09-17,12.0,12.350000381469727,10.550000190734863,11.149999618530273,334284294
2021-09-20,11.399999618530273,11.850000381469727,10.600000381469727,10.75,681707927
2021-09-21,10.850000381469727,11.0,10.100000381469727,10.800000190734863,642657663
2021-09-22,10.699999809265137,10.699999809265137,10.300000190734863,10.399999618530273,332186145
2021-09-23,10.75,10.850000381469727,10.399999618530273,10.550000190734863,341449899
2021-09-24,10.600000381469727,11.649999618530273,10.449999809265137,11.5,948798242
2021-09-27,11.300000190734863,11.5,11.050000190734863,11.350000381469727,336469438
2021-09-28,11.5,11.600000381469727,10.800000190734863,10.949999809265137,319440917
2021-09-29,10.949999809265137,11.449999809265137,10.899999618530273,11.25,323684354
2021-09-30,11.399999618530273,12.100000381469727,11.25,11.899999618530273,1004213104
2021-10-01,11.649999618530273,11.75,11.350000381469727,11.399999618530273,371738193
2021-10-04,11.5,11.600000381469727,11.300000190734863,11.399999618530273,202808054
2021-10-05,11.300000190734863,12.25,11.25,11.550000190734863,654039214
2021-10-06,11.699999809265137,12.0,11.149999618530273,11.449999809265137,455208528
2021-10-07,11.649999618530273,11.800000190734863,11.25,11.350000381469727,267547079
2021-10-08,11.449999809265137,11.550000190734863,11.25,11.350000381469727,181782419
2021-10-11,11.399999618530273,11.399999618530273,10.800000190734863,10.850000381469727,313737218
2021-10-12,11.100000381469727,11.149999618530273,10.5,10.649999618530273,311795594
2021-10-13,10.800000190734863,11.0,10.600000381469727,10.699999809265137,176514112
2021-10-14,10.800000190734863,10.899999618530273,10.699999809265137,10.75,118675965
2021-10-18,10.850000381469727,10.850000381469727,10.5,10.600000381469727,137172814
2021-10-19,10.699999809265137,10.800000190734863,9.899999618530273,10.0,348088357
2021-10-20,10.0,10.949999809265137,9.550000190734863,10.600000381469727,416526281
2021-10-21,10.600000381469727,10.649999618530273,10.25,10.300000190734863,125286481
2021-10-22,10.399999618530273,10.5,10.100000381469727,10.25,97302490
2021-10-25,10.25,10.600000381469727,10.149999618530273,10.399999618530273,225518417
2021-10-26,10.600000381469727,10.75,10.199999809265137,10.399999618530273,272779493
2021-10-27,10.399999618530273,10.5,10.149999618530273,10.25,124230433
2021-10-28,10.25,10.300000190734863,9.649999618530273,9.699999809265137,256619916
2021-10-29,9.699999809265137,9.800000190734863,9.350000381469727,9.550000190734863,227585692
2021-11-01,9.550000190734863,10.25,9.5,10.100000381469727,224482919
2021-11-02,10.100000381469727,10.25,10.0,10.050000190734863,82120783
2021-11-03,10.100000381469727,10.149999618530273,9.800000190734863,9.899999618530273,78764848
2021-11-04,10.100000381469727,10.100000381469727,9.949999809265137,10.0,32509434
2021-11-08,10.100000381469727,10.149999618530273,9.699999809265137,9.800000190734863,113299445
2021-11-09,9.800000190734863,10.600000381469727,9.75,10.399999618530273,308063929
2021-11-10,10.399999618530273,10.550000190734863,10.199999809265137,10.300000190734863,225294464
2021-11-11,10.300000190734863,10.449999809265137,9.800000190734863,9.850000381469727,195692044
2021-11-12,9.949999809265137,10.449999809265137,9.949999809265137,10.300000190734863,285024686
2021-11-15,10.300000190734863,10.300000190734863,10.0,10.100000381469727,111342364
2021-11-16,10.149999618530273,10.300000190734863,9.899999618530273,10.0,129214157
2021-11-17,9.949999809265137,10.199999809265137,9.899999618530273,9.949999809265137,114140242
2021-11-18,10.0,10.149999618530273,9.800000190734863,9.949999809265137,174855380
2021-11-22,10.550000190734863,10.899999618530273,10.25,10.600000381469727,470316125
2021-11-23,10.449999809265137,10.899999618530273,10.300000190734863,10.600000381469727,310455628
2021-11-24,10.699999809265137,11.25,10.5,11.0,453943692
2021-11-25,11.0,11.75,10.699999809265137,11.649999618530273,595160678
2021-11-26,11.449999809265137,11.550000190734863,10.75,10.850000381469727,338755270
2021-11-29,11.899999618530273,12.399999618530273,11.050000190734863,11.199999809265137,649190753
2021-11-30,11.199999809265137,11.600000381469727,10.949999809265137,11.050000190734863,343788272
2021-12-01,11.100000381469727,13.25,10.699999809265137,12.800000190734863,934267710
2021-12-02,12.399999618530273,13.449999809265137,12.399999618530273,12.800000190734863,865489758
2021-12-03,12.800000190734863,14.699999809265137,12.600000381469727,14.449999809265137,36523618
2021-12-06,14.75,15.850000381469727,14.399999618530273,15.0,621402098
2021-12-07,14.850000381469727,15.199999809265137,13.899999618530273,14.25,578444565
2021-12-08,14.449999809265137,15.0,14.199999809265137,14.300000190734863,426340896
2021-12-09,14.600000381469727,16.700000762939453,14.449999809265137,16.399999618530273,261586037
2021-12-10,16.549999237060547,16.799999237060547,16.200000762939453,16.399999618530273,536463667
2021-12-13,16.600000381469727,16.799999237060547,15.399999618530273,15.5,380820068
2021-12-14,15.350000381469727,16.100000381469727,15.0,15.25,358293222
2021-12-15,15.350000381469727,15.75,14.850000381469727,14.949999809265137,266963643
2021-12-16,15.25,15.449999809265137,14.300000190734863,14.699999809265137,316956135
2021-12-17,15.0,15.100000381469727,13.899999618530273,14.050000190734863,326888956
2021-12-20,13.949999809265137,14.5,13.25,13.649999618530273,520033942
2021-12-21,13.850000381469727,14.800000190734863,13.800000190734863,13.949999809265137,415801774
2021-12-22,14.149999618530273,14.25,13.649999618530273,13.899999618530273,269158618
2021-12-23,14.050000190734863,14.199999809265137,13.699999809265137,13.800000190734863,110183733
2021-12-24,13.850000381469727,14.100000381469727,13.399999618530273,13.649999618530273,248366228
2021-12-27,13.449999809265137,13.75,13.300000190734863,13.449999809265137,133998036
2021-12-28,13.550000190734863,14.0,13.5,13.75,186304390
2021-12-29,13.75,14.800000190734863,13.699999809265137,14.449999809265137,348532953
2021-12-30,14.449999809265137,14.800000190734863,13.899999618530273,14.0,396404094
2021-12-31,14.149999618530273,15.699999809265137,14.050000190734863,15.350000381469727,635686929
2022-01-03,15.350000381469727,16.049999237060547,15.25,15.550000190734863,392307918
2022-01-04,15.699999809265137,15.850000381469727,15.100000381469727,15.25,286611986
2022-01-05,15.300000190734863,15.600000381469727,15.050000190734863,15.100000381469727,251510189
2022-01-06,15.0,15.75,14.899999618530273,15.300000190734863,304801531
2022-01-07,15.550000190734863,15.600000381469727,15.0,15.100000381469727,256333161
2022-01-10,15.25,15.350000381469727,14.649999618530273,14.850000381469727,217190508
2022-01-11,13.399999618530273,13.600000381469727,11.399999618530273,11.800000190734863,1034962025
2022-01-12,12.199999809265137,13.5,12.0,12.800000190734863,856995853
2022-01-13,13.149999618530273,13.25,12.600000381469727,12.800000190734863,258126625
2022-01-14,12.850000381469727,13.0,12.699999809265137,12.75,158830431
2022-01-17,12.800000190734863,12.949999809265137,12.449999809265137,12.5,172004314
2022-01-18,12.600000381469727,12.600000381469727,12.0,12.050000190734863,179807332
2022-01-19,11.850000381469727,12.050000190734863,11.600000381469727,11.949999809265137,229377462
2022-01-20,11.899999618530273,12.350000381469727,11.850000381469727,12.050000190734863,124495401
2022-01-21,11.850000381469727,12.25,11.75,11.850000381469727,169930902
2022-01-24,11.399999618530273,11.850000381469727,10.75,10.949999809265137,345228541
2022-01-25,10.800000190734863,11.5,10.800000190734863,11.300000190734863,385767954
2022-01-27,11.0,11.199999809265137,10.600000381469727,10.649999618530273,330017669
2022-01-28,10.899999618530273,11.300000190734863,10.699999809265137,10.800000190734863,307103764
2022-01-31,11.0,11.050000190734863,10.5,10.649999618530273,242691613
2022-02-01,10.850000381469727,11.25,10.649999618530273,10.699999809265137,271565319
2022-02-02,11.0,11.949999809265137,10.899999618530273,11.399999618530273,441251145
2022-02-03,11.399999618530273,11.649999618530273,11.100000381469727,11.350000381469727,191781527
2022-02-04,11.350000381469727,11.850000381469727,11.199999809265137,11.300000190734863,303446679
2022-02-07,11.25,11.399999618530273,10.850000381469727,10.949999809265137,165475780
2022-02-08,11.100000381469727,11.199999809265137,10.800000190734863,10.850000381469727,158896027
2022-02-09,11.0,11.149999618530273,10.699999809265137,10.800000190734863,172831139
2022-02-10,10.899999618530273,11.449999809265137,10.649999618530273,11.149999618530273,258923751
2022-02-11,11.0,11.149999618530273,10.75,10.800000190734863,145093038
2022-02-14,10.600000381469727,10.649999618530273,10.100000381469727,10.149999618530273,216331897
2022-02-15,10.25,10.800000190734863,10.0,10.649999618530273,236971182
2022-02-16,10.649999618530273,11.0,10.5,10.600000381469727,217431751
2022-02-17,10.649999618530273,10.75,10.399999618530273,10.550000190734863,129366952
2022-02-18,10.600000381469727,11.0,10.5,10.649999618530273,184511485
2022-02-21,10.550000190734863,11.649999618530273,10.399999618530273,11.25,448511464
2022-02-22,10.899999618530273,11.149999618530273,10.699999809265137,10.899999618530273,227160056
2022-02-23,11.050000190734863,11.100000381469727,10.649999618530273,10.699999809265137,183591222
2022-02-24,10.600000381469727,10.800000190734863,9.449999809265137,9.649999618530273,487108695
2022-02-25,9.949999809265137,10.5,9.899999618530273,10.25,247443030
2022-02-28,10.350000381469727,10.699999809265137,10.0,10.300000190734863,306658932
2022-03-02,10.25,10.600000381469727,10.050000190734863,10.449999809265137,217653897
2022-03-03,10.699999809265137,11.25,10.550000190734863,11.100000381469727,395142363
2022-03-04,11.300000190734863,11.350000381469727,10.199999809265137,10.350000381469727,500785414
2022-03-07,10.0,10.149999618530273,9.350000381469727,9.550000190734863,339965364
2022-03-08,9.649999618530273,10.050000190734863,9.600000381469727,9.899999618530273,197754813
2022-03-09,10.0,10.399999618530273,9.949999809265137,10.300000190734863,199472650
2022-03-10,10.5,10.600000381469727,10.149999618530273,10.25,186424639
2022-03-11,10.25,10.600000381469727,10.149999618530273,10.399999618530273,174683164
2022-03-14,10.350000381469727,10.550000190734863,10.149999618530273,10.199999809265137,145345741
2022-03-15,10.199999809265137,10.5,9.899999618530273,10.0,252176614
2022-03-16,10.199999809265137,10.350000381469727,10.100000381469727,10.300000190734863,110948916
2022-03-17,10.449999809265137,10.5,10.199999809265137,10.25,103325255
2022-03-21,10.350000381469727,10.350000381469727,10.0,10.050000190734863,149816155
2022-03-22,10.100000381469727,10.149999618530273,9.949999809265137,10.050000190734863,104914784
2022-03-23,10.100000381469727,10.199999809265137,9.949999809265137,10.0,128567672
2022-03-24,10.0,10.300000190734863,9.949999809265137,10.149999618530273,138075385
2022-03-25,10.199999809265137,10.300000190734863,10.050000190734863,10.100000381469727,64143373
2022-03-28,10.149999618530273,10.199999809265137,9.899999618530273,9.949999809265137,122293544
2022-03-29,10.0,10.149999618530273,9.699999809265137,9.850000381469727,203159086
2022-03-30,9.850000381469727,10.0,9.75,9.850000381469727,119727635
2022-03-31,9.899999618530273,10.050000190734863,9.600000381469727,9.649999618530273,300299605
2022-04-01,9.649999618530273,10.300000190734863,9.600000381469727,10.100000381469727,289713459
2022-04-04,10.199999809265137,10.449999809265137,10.050000190734863,10.25,216401604
2022-04-05,10.25,10.550000190734863,10.25,10.350000381469727,150340411
2022-04-06,10.350000381469727,11.050000190734863,10.300000190734863,10.800000190734863,377709026
2022-04-07,10.699999809265137,11.149999618530273,10.550000190734863,10.899999618530273,231561178
2022-04-08,10.949999809265137,11.550000190734863,10.800000190734863,11.199999809265137,414858819
2022-04-11,11.25,11.449999809265137,10.800000190734863,10.850000381469727,212303273
2022-04-12,10.899999618530273,11.0,10.449999809265137,10.600000381469727,174071705
2022-04-13,10.649999618530273,10.75,10.300000190734863,10.399999618530273,132504775
2022-04-18,10.300000190734863,10.350000381469727,10.0,10.100000381469727,124221099
2022-04-19,10.149999618530273,10.25,9.800000190734863,9.899999618530273,127572854
2022-04-20,9.949999809265137,10.149999618530273,9.850000381469727,10.0,108663665
2022-04-21,10.0,10.149999618530273,9.949999809265137,10.0,91823510
2022-04-22,9.899999618530273,10.149999618530273,9.899999618530273,9.949999809265137,65127833
2022-04-25,9.899999618530273,10.0,9.699999809265137,9.800000190734863,134926969
2022-04-26,9.899999618530273,10.100000381469727,9.800000190734863,10.0,150464634
2022-04-27,9.899999618530273,9.949999809265137,9.5,9.600000381469727,181426424
2022-04-28,9.75,9.800000190734863,9.449999809265137,9.550000190734863,118941136
2022-04-29,9.649999618530273,9.75,9.449999809265137,9.5,90289428
2022-05-02,9.449999809265137,9.550000190734863,9.25,9.300000190734863,77360700
2022-05-04,9.300000190734863,9.550000190734863,9.050000190734863,9.100000381469727,123964174
2022-05-05,9.199999809265137,9.350000381469727,9.0,9.050000190734863,112741463
2022-05-06,8.899999618530273,9.199999809265137,8.850000381469727,9.050000190734863,108276825
2022-05-09,9.050000190734863,9.149999618530273,8.850000381469727,8.949999809265137,82291631
2022-05-10,8.949999809265137,9.149999618530273,8.649999618530273,8.699999809265137,103467944
2022-05-11,8.800000190734863,9.050000190734863,8.5,8.649999618530273,141068768
2022-05-12,8.600000381469727,8.649999618530273,8.149999618530273,8.149999618530273,122299874
2022-05-13,8.25,8.600000381469727,8.199999809265137,8.350000381469727,115583664
2022-05-16,8.699999809265137,9.649999618530273,8.649999618530273,9.399999618530273,313077986
2022-05-17,9.449999809265137,9.550000190734863,9.149999618530273,9.350000381469727,158304604
2022-05-18,9.399999618530273,9.449999809265137,9.149999618530273,9.199999809265137,94081506
2022-05-19,9.0,9.149999618530273,8.800000190734863,8.899999618530273,158601434
2022-05-20,9.050000190734863,9.199999809265137,9.0,9.100000381469727,90461945
2022-05-23,9.149999618530273,9.25,9.0,9.050000190734863,130948873
2022-05-24,9.050000190734863,9.100000381469727,8.850000381469727,9.0,120731587
2022-05-25,9.050000190734863,9.100000381469727,8.649999618530273,8.75,94420521
2022-05-26,8.899999618530273,9.0,8.399999618530273,8.600000381469727,175421842
2022-05-27,8.800000190734863,9.050000190734863,8.75,8.899999618530273,133714106
2022-05-30,9.0,9.449999809265137,8.949999809265137,9.300000190734863,179951331
2022-05-31,9.300000190734863,10.199999809265137,9.25,9.600000381469727,450301959
2022-06-01,9.550000190734863,9.550000190734863,9.199999809265137,9.350000381469727,121582658
2022-06-02,9.350000381469727,9.649999618530273,9.350000381469727,9.550000190734863,101097316
2022-06-03,9.600000381469727,9.649999618530273,9.149999618530273,9.199999809265137,96480772
2022-06-06,9.199999809265137,9.350000381469727,9.0,9.25,84250726
2022-06-07,9.149999618530273,9.449999809265137,9.100000381469727,9.199999809265137,81509475
2022-06-08,9.25,9.399999618530273,9.100000381469727,9.149999618530273,86565785
2022-06-09,9.149999618530273,9.350000381469727,9.100000381469727,9.199999809265137,65474270
2022-06-10,9.149999618530273,9.300000190734863,9.050000190734863,9.100000381469727,75627175
2022-06-13,9.0,9.050000190734863,8.649999618530273,8.699999809265137,121759230
2022-06-14,8.699999809265137,8.949999809265137,8.649999618530273,8.800000190734863,87687916
2022-06-15,8.800000190734863,8.899999618530273,8.75,8.800000190734863,49186723
2022-06-16,8.899999618530273,9.0,8.399999618530273,8.5,121891601
2022-06-17,8.449999809265137,8.5,8.149999618530273,8.199999809265137,131581747
2022-06-20,8.199999809265137,8.300000190734863,7.75,7.949999809265137,157409392
2022-06-21,8.0,8.600000381469727,7.949999809265137,8.449999809265137,112013231
2022-06-22,8.399999618530273,8.699999809265137,8.199999809265137,8.550000190734863,135415425
2022-06-23,8.600000381469727,8.75,8.399999618530273,8.550000190734863,92828648
2022-06-24,8.649999618530273,8.800000190734863,8.550000190734863,8.75,77570510
2022-06-27,8.850000381469727,9.050000190734863,8.649999618530273,8.850000381469727,99812575
2022-06-28,8.850000381469727,9.0,8.75,8.850000381469727,73902850
2022-06-29,8.699999809265137,8.850000381469727,8.550000190734863,8.649999618530273,78915156
2022-06-30,8.600000381469727,8.75,8.350000381469727,8.399999618530273,86291965
2022-07-01,8.350000381469727,8.600000381469727,8.199999809265137,8.5,65435996
2022-07-04,8.5,8.550000190734863,8.350000381469727,8.350000381469727,47370007
2022-07-05,8.399999618530273,8.550000190734863,8.199999809265137,8.25,63865786
2022-07-06,8.300000190734863,8.550000190734863,8.25,8.5,71931350
2022-07-07,8.600000381469727,8.649999618530273,8.449999809265137,8.449999809265137,35276679
2022-07-08,8.550000190734863,8.600000381469727,8.350000381469727,8.399999618530273,52840896
2022-07-11,8.399999618530273,8.949999809265137,8.350000381469727,8.699999809265137,147364601
2022-07-12,8.699999809265137,8.850000381469727,8.600000381469727,8.699999809265137,75819447
2022-07-13,8.75,8.800000190734863,8.649999618530273,8.75,74741149
2022-07-14,8.800000190734863,8.850000381469727,8.550000190734863,8.649999618530273,64950158
2022-07-15,8.699999809265137,8.75,8.550000190734863,8.699999809265137,64685887
2022-07-18,8.75,8.949999809265137,8.699999809265137,8.850000381469727,80654418
2022-07-19,8.899999618530273,9.100000381469727,8.850000381469727,8.949999809265137,102375485
2022-07-20,9.0,9.100000381469727,8.75,8.800000190734863,54032498
2022-07-21,8.850000381469727,9.149999618530273,8.800000190734863,9.0,76731264
2022-07-22,9.050000190734863,9.100000381469727,8.899999618530273,8.949999809265137,43831081
2022-07-25,8.949999809265137,9.050000190734863,8.899999618530273,8.899999618530273,55798993
2022-07-26,8.949999809265137,9.0,8.75,8.850000381469727,51873423
2022-07-27,8.850000381469727,8.899999618530273,8.699999809265137,8.75,45666096
2022-07-28,8.800000190734863,8.850000381469727,8.550000190734863,8.649999618530273,97039985
2022-07-29,8.699999809265137,8.850000381469727,8.649999618530273,8.75,47561914
2022-08-01,8.75,9.199999809265137,8.75,9.100000381469727,81643472
2022-08-02,9.25,9.550000190734863,9.199999809265137,9.399999618530273,190943056
2022-08-03,9.399999618530273,9.5,8.949999809265137,9.100000381469727,104022570
2022-08-04,9.0,9.050000190734863,8.550000190734863,8.75,226139134
2022-08-05,8.850000381469727,8.949999809265137,8.699999809265137,8.75,66026291
2022-08-08,8.75,8.800000190734863,8.600000381469727,8.649999618530273,52044923
2022-08-10,8.699999809265137,8.75,8.550000190734863,8.600000381469727,58889485
2022-08-11,8.699999809265137,8.75,8.600000381469727,8.649999618530273,42700665
2022-08-12,8.649999618530273,8.899999618530273,8.600000381469727,8.699999809265137,75641149
2022-08-16,8.699999809265137,9.0,8.699999809265137,8.850000381469727,77326180
2022-08-17,8.850000381469727,9.100000381469727,8.800000190734863,9.0,116538966
2022-08-18,8.949999809265137,9.100000381469727,8.899999618530273,8.899999618530273,72240170
2022-08-19,8.949999809265137,9.050000190734863,8.75,8.800000190734863,75499764
2022-08-22,8.800000190734863,8.800000190734863,8.600000381469727,8.649999618530273,55944257
2022-08-23,8.600000381469727,8.899999618530273,8.5,8.850000381469727,107453602
2022-08-24,8.850000381469727,9.350000381469727,8.850000381469727,9.199999809265137,212053128
2022-08-25,9.25,9.550000190734863,9.100000381469727,9.100000381469727,227348904
2022-08-26,9.199999809265137,9.350000381469727,9.050000190734863,9.149999618530273,92065318
2022-08-29,8.949999809265137,9.050000190734863,8.850000381469727,8.850000381469727,57261824
2022-08-30,8.949999809265137,9.25,8.899999618530273,9.050000190734863,190296432
2022-09-01,8.949999809265137,9.300000190734863,8.899999618530273,9.100000381469727,97661094
2022-09-02,9.100000381469727,9.199999809265137,8.949999809265137,8.949999809265137,59655184
2022-09-05,9.050000190734863,9.449999809265137,9.050000190734863,9.300000190734863,125064037
2022-09-06,9.300000190734863,9.399999618530273,9.100000381469727,9.149999618530273,89838115
2022-09-07,9.100000381469727,10.050000190734863,9.050000190734863,9.75,550251093
2022-09-08,9.899999618530273,10.050000190734863,9.600000381469727,9.699999809265137,189117081
2022-09-09,9.850000381469727,10.050000190734863,9.5,9.550000190734863,162950807
2022-09-12,9.699999809265137,9.75,9.600000381469727,9.649999618530273,70771284
2022-09-13,9.699999809265137,10.100000381469727,9.649999618530273,9.899999618530273,213272439
2022-09-14,9.699999809265137,9.850000381469727,9.550000190734863,9.75,124341286
2022-09-15,9.800000190734863,9.949999809265137,9.600000381469727,9.649999618530273,78110014
2022-09-16,9.550000190734863,9.649999618530273,9.100000381469727,9.199999809265137,195307564
2022-09-19,9.25,9.300000190734863,9.050000190734863,9.100000381469727,108056923
2022-09-20,9.149999618530273,9.300000190734863,9.100000381469727,9.149999618530273,61392686
2022-09-21,9.149999618530273,9.350000381469727,9.050000190734863,9.199999809265137,105103028
2022-09-22,9.199999809265137,9.300000190734863,9.0,9.100000381469727,102095299
2022-09-23,9.149999618530273,9.199999809265137,8.899999618530273,8.949999809265137,81348132
2022-09-26,8.899999618530273,9.149999618530273,8.699999809265137,9.0,134224433
2022-09-27,9.050000190734863,9.25,9.0,9.149999618530273,83587559
2022-09-28,9.0,9.350000381469727,8.949999809265137,9.0,115098132
2022-09-29,9.050000190734863,9.199999809265137,8.399999618530273,8.5,171641115
2022-09-30,8.5,9.050000190734863,8.5,8.800000190734863,223318668
2022-10-03,8.850000381469727,9.199999809265137,8.800000190734863,8.850000381469727,190181511
2022-10-04,9.0,9.149999618530273,8.899999618530273,9.0,108423095
2022-10-06,9.050000190734863,9.149999618530273,8.899999618530273,9.0,67880130
2022-10-07,9.0,9.199999809265137,8.949999809265137,9.100000381469727,120002040
2022-10-10,8.949999809265137,9.050000190734863,8.800000190734863,8.850000381469727,79255978
2022-10-11,8.899999618530273,8.949999809265137,8.550000190734863,8.649999618530273,125773464
2022-10-12,8.699999809265137,8.75,8.550000190734863,8.649999618530273,65239891
2022-10-13,8.649999618530273,8.699999809265137,8.449999809265137,8.600000381469727,84845696
2022-10-14,8.75,8.75,8.449999809265137,8.5,52104162
2022-10-17,8.5,8.550000190734863,8.350000381469727,8.399999618530273,41261207
2022-10-18,8.449999809265137,8.600000381469727,8.399999618530273,8.449999809265137,57318958
2022-10-19,8.5,8.600000381469727,8.449999809265137,8.5,40387046
2022-10-20,8.5,8.699999809265137,8.449999809265137,8.550000190734863,68397571
2022-10-21,8.850000381469727,8.850000381469727,8.550000190734863,8.699999809265137,86075937
2022-10-24,8.800000190734863,8.800000190734863,8.649999618530273,8.699999809265137,20707092
2022-10-25,8.699999809265137,8.800000190734863,8.550000190734863,8.600000381469727,60611327
2022-10-27,8.649999618530273,8.75,8.550000190734863,8.600000381469727,56715467
2022-10-28,8.699999809265137,8.800000190734863,8.5,8.550000190734863,51348010
2022-10-31,8.600000381469727,8.649999618530273,8.550000190734863,8.550000190734863,34994151
2022-11-01,8.600000381469727,8.699999809265137,8.550000190734863,8.649999618530273,40710403
2022-11-02,8.649999618530273,8.649999618530273,8.550000190734863,8.550000190734863,26627766
2022-11-03,8.550000190734863,8.649999618530273,8.5,8.550000190734863,25842530
2022-11-04,8.5,8.550000190734863,8.300000190734863,8.399999618530273,99003627
2022-11-07,8.449999809265137,8.550000190734863,8.25,8.350000381469727,67831806
2022-11-09,8.399999618530273,8.699999809265137,8.300000190734863,8.5,122752329
2022-11-10,8.5,8.75,8.449999809265137,8.649999618530273,124169423
2022-11-11,8.699999809265137,8.75,8.399999618530273,8.5,93250736
2022-11-14,8.550000190734863,8.649999618530273,8.25,8.5,98580473
2022-11-15,8.550000190734863,8.550000190734863,8.399999618530273,8.449999809265137,49123547
2022-11-16,8.5,8.550000190734863,8.300000190734863,8.399999618530273,64996046
2022-11-17,8.449999809265137,8.5,8.300000190734863,8.350000381469727,45772691
2022-11-18,8.350000381469727,8.399999618530273,8.300000190734863,8.350000381469727,54369157
2022-11-21,8.399999618530273,8.5,8.300000190734863,8.399999618530273,60319068
2022-11-22,8.449999809265137,8.5,8.300000190734863,8.350000381469727,57836622
2022-11-23,8.350000381469727,8.399999618530273,8.149999618530273,8.25,74736942
2022-11-24,8.300000190734863,8.350000381469727,8.0,8.050000190734863,110160151
2022-11-25,8.050000190734863,8.100000381469727,7.949999809265137,8.050000190734863,76771472
2022-11-28,8.100000381469727,8.149999618530273,8.0,8.050000190734863,47234426
2022-11-29,8.100000381469727,8.149999618530273,8.0,8.050000190734863,57370817
2022-11-30,8.050000190734863,8.300000190734863,8.0,8.25,75150800
2022-12-01,8.300000190734863,8.300000190734863,8.100000381469727,8.149999618530273,58794481
2022-12-02,8.149999618530273,8.350000381469727,8.149999618530273,8.300000190734863,50332214
2022-12-05,8.350000381469727,8.350000381469727,8.149999618530273,8.149999618530273,54867545
2022-12-06,8.149999618530273,8.199999809265137,7.900000095367432,8.050000190734863,118700470
2022-12-07,8.100000381469727,8.100000381469727,7.900000095367432,8.0,73626545
2022-12-08,8.050000190734863,8.050000190734863,8.0,8.0,26523509
2022-12-09,8.050000190734863,8.050000190734863,7.900000095367432,7.949999809265137,64742478
2022-12-12,7.949999809265137,8.0,7.900000095367432,7.949999809265137,47484633
2022-12-13,7.949999809265137,8.0,7.849999904632568,7.900000095367432,67357811
2022-12-14,7.949999809265137,8.949999809265137,7.75,8.649999618530273,515723820
2022-12-15,8.649999618530273,8.75,8.25,8.399999618530273,166791398
2022-12-16,8.350000381469727,8.649999618530273,8.25,8.300000190734863,126725344
2022-12-19,8.350000381469727,8.449999809265137,8.25,8.350000381469727,70978218
2022-12-20,8.350000381469727,8.399999618530273,8.100000381469727,8.25,134972654
2022-12-21,8.300000190734863,8.300000190734863,7.949999809265137,8.0,69210822
2022-12-22,8.050000190734863,8.100000381469727,7.849999904632568,8.0,84371385
2022-12-23,7.949999809265137,8.0,7.599999904632568,7.650000095367432,87185371
2022-12-26,7.699999809265137,7.949999809265137,7.599999904632568,7.849999904632568,93261358
2022-12-27,7.849999904632568,8.0,7.849999904632568,7.900000095367432,69297538
2022-12-28,7.900000095367432,8.100000381469727,7.849999904632568,7.949999809265137,101478935
2022-12-29,7.949999809265137,8.0,7.800000190734863,7.900000095367432,90189533
2022-12-30,8.0,8.050000190734863,7.849999904632568,7.900000095367432,152322656
2023-01-02,7.900000095367432,8.100000381469727,7.849999904632568,8.0,48081381
2023-01-03,8.050000190734863,8.149999618530273,7.900000095367432,7.949999809265137,108858208
2023-01-04,7.949999809265137,8.0,7.699999809265137,7.800000190734863,127150341
2023-01-05,7.849999904632568,7.949999809265137,7.699999809265137,7.900000095367432,97595157
2023-01-06,7.900000095367432,7.900000095367432,7.699999809265137,7.800000190734863,96073516
2023-01-09,7.800000190734863,7.849999904632568,7.349999904632568,7.449999809265137,224378162
2023-01-10,7.400000095367432,7.5,7.150000095367432,7.25,109039325
2023-01-11,7.300000190734863,7.550000190734863,7.150000095367432,7.449999809265137,113799560
2023-01-12,7.449999809265137,7.449999809265137,7.150000095367432,7.349999904632568,82760483
2023-01-13,7.349999904632568,7.5,7.199999809265137,7.300000190734863,81144999
2023-01-16,7.300000190734863,7.349999904632568,7.099999904632568,7.199999809265137,76203775
2023-01-17,7.199999809265137,7.349999904632568,7.150000095367432,7.25,66561448
2023-01-18,7.25,7.349999904632568,7.150000095367432,7.300000190734863,40376482
2023-01-19,7.300000190734863,7.599999904632568,7.25,7.400000095367432,151598798
2023-01-20,7.449999809265137,7.449999809265137,7.199999809265137,7.25,51597026
2023-01-23,7.300000190734863,7.300000190734863,7.0,7.050000190734863,110363909
2023-01-24,7.050000190734863,7.199999809265137,6.949999809265137,7.050000190734863,107329586
2023-01-25,7.050000190734863,7.050000190734863,6.699999809265137,6.75,104380508
2023-01-27,6.800000190734863,6.849999904632568,6.300000190734863,6.400000095367432,140336474
2023-01-30,6.449999809265137,7.099999904632568,6.400000095367432,6.800000190734863,165341766
2023-01-31,6.900000095367432,7.150000095367432,6.75,7.050000190734863,108361076
2023-02-01,7.150000095367432,7.199999809265137,6.599999904632568,6.699999809265137,122646396
2023-02-02,6.699999809265137,7.050000190734863,6.599999904632568,6.800000190734863,109039158
2023-02-03,6.800000190734863,7.0,6.449999809265137,6.849999904632568,143726966
2023-02-06,7.5,8.600000381469727,7.5,8.25,675108185
2023-02-07,8.550000190734863,8.550000190734863,7.800000190734863,7.949999809265137,224333616
2023-02-08,8.050000190734863,8.050000190734863,7.650000095367432,7.900000095367432,135146676
2023-02-09,7.900000095367432,7.949999809265137,7.699999809265137,7.849999904632568,95732533
2023-02-10,7.75,8.050000190734863,7.699999809265137,7.849999904632568,71585105
2023-02-13,7.849999904632568,8.0,7.800000190734863,7.849999904632568,50407661
2023-02-14,7.849999904632568,7.900000095367432,7.650000095367432,7.699999809265137,50984495
2023-02-15,7.699999809265137,7.800000190734863,7.650000095367432,7.75,31730009
2023-02-16,7.699999809265137,7.75,7.400000095367432,7.5,82248551
2023-02-17,7.449999809265137,7.5,7.050000190734863,7.25,112014675
2023-02-20,7.199999809265137,7.25,6.849999904632568,7.050000190734863,152049838
2023-02-21,6.949999809265137,7.099999904632568,6.900000095367432,7.0,56554003
2023-02-22,7.0,7.199999809265137,6.900000095367432,7.0,94172202
2023-02-23,7.0,7.050000190734863,6.599999904632568,6.699999809265137,200373402
2023-02-24,6.75,7.050000190734863,6.650000095367432,6.75,134764686
2023-02-27,6.800000190734863,6.849999904632568,6.550000190734863,6.699999809265137,86209985
2023-02-28,6.699999809265137,6.900000095367432,6.650000095367432,6.800000190734863,67725048
2023-03-01,6.849999904632568,7.0,6.800000190734863,6.900000095367432,101315010
2023-03-02,6.900000095367432,7.050000190734863,6.849999904632568,6.949999809265137,40814192
2023-03-03,7.0,7.050000190734863,6.849999904632568,6.900000095367432,53189694
2023-03-06,6.949999809265137,7.050000190734863,6.900000095367432,6.949999809265137,48641336
2023-03-08,6.949999809265137,7.0,6.849999904632568,6.949999809265137,34888541
2023-03-09,6.949999809265137,7.0,6.849999904632568,6.849999904632568,39876831
2023-03-10,6.849999904632568,6.849999904632568,6.699999809265137,6.75,49809823
2023-03-13,6.800000190734863,6.800000190734863,6.550000190734863,6.599999904632568,54468617
2023-03-14,6.650000095367432,6.650000095367432,6.5,6.550000190734863,58565265
2023-03-15,6.599999904632568,6.650000095367432,6.400000095367432,6.400000095367432,58760946
2023-03-16,6.449999809265137,6.550000190734863,6.25,6.449999809265137,70627780
2023-03-17,6.449999809265137,6.5,6.349999904632568,6.400000095367432,79553023
2023-03-20,6.449999809265137,6.449999809265137,6.25,6.349999904632568,66231334
2023-03-21,6.349999904632568,6.400000095367432,6.300000190734863,6.300000190734863,50371395
2023-03-22,6.349999904632568,6.800000190734863,6.300000190734863,6.550000190734863,170527399
2023-03-23,6.550000190734863,6.550000190734863,6.400000095367432,6.449999809265137,54965463
2023-03-24,6.400000095367432,6.5,6.199999809265137,6.25,113503938
2023-03-27,6.25,6.300000190734863,6.0,6.050000190734863,73481124
2023-03-28,6.0,6.099999904632568,5.800000190734863,5.900000095367432,109833770
2023-03-29,5.900000095367432,6.050000190734863,5.800000190734863,5.900000095367432,95162411
2023-03-31,5.900000095367432,5.949999809265137,5.699999809265137,5.800000190734863,114439391
2023-04-03,5.849999904632568,6.25,5.800000190734863,6.150000095367432,115281750
2023-04-05,6.150000095367432,6.349999904632568,6.050000190734863,6.25,109358436
2023-04-06,6.199999809265137,6.300000190734863,6.150000095367432,6.25,87622817
2023-04-10,6.25,6.300000190734863,6.099999904632568,6.150000095367432,37645193
2023-04-11,6.199999809265137,6.199999809265137,6.050000190734863,6.099999904632568,36352340
2023-04-12,6.150000095367432,6.25,6.099999904632568,6.199999809265137,39172810
2023-04-13,6.199999809265137,6.25,6.050000190734863,6.050000190734863,38875654
2023-04-17,6.099999904632568,6.150000095367432,6.0,6.050000190734863,35501339
2023-04-18,6.099999904632568,6.099999904632568,6.0,6.050000190734863,27942624
2023-04-19,6.099999904632568,6.150000095367432,6.050000190734863,6.050000190734863,28209620
2023-04-20,6.050000190734863,6.099999904632568,6.0,6.050000190734863,20160099
2023-04-21,6.150000095367432,6.650000095367432,6.150000095367432,6.449999809265137,326277787
2023-04-24,6.5,6.550000190734863,6.25,6.349999904632568,88279995
2023-04-25,6.349999904632568,6.449999809265137,6.300000190734863,6.300000190734863,37745399
2023-04-26,6.349999904632568,6.699999809265137,6.300000190734863,6.550000190734863,169158349
2023-04-27,6.599999904632568,7.050000190734863,6.550000190734863,6.900000095367432,317650440
2023-04-28,6.949999809265137,7.099999904632568,6.900000095367432,6.949999809265137,95346249
2023-05-02,7.0,7.0,6.75,6.900000095367432,78645995
2023-05-03,6.900000095367432,7.150000095367432,6.849999904632568,6.900000095367432,82283911
2023-05-04,6.949999809265137,7.150000095367432,6.849999904632568,7.0,96883916
2023-05-05,6.949999809265137,7.099999904632568,6.849999904632568,6.900000095367432,59309955
2023-05-08,6.949999809265137,7.0,6.900000095367432,6.900000095367432,26422235
2023-05-09,6.949999809265137,7.0,6.800000190734863,6.800000190734863,31986884
2023-05-10,6.849999904632568,6.849999904632568,6.550000190734863,6.75,101392533
2023-05-11,6.800000190734863,7.300000190734863,6.75,7.150000095367432,202578532
2023-05-12,7.099999904632568,7.099999904632568,6.949999809265137,7.0,74270136
2023-05-15,7.0,7.300000190734863,7.0,7.050000190734863,69507856
2023-05-16,7.099999904632568,7.449999809265137,7.0,7.349999904632568,182466634
2023-05-17,7.25,7.25,7.0,7.050000190734863,112361973
2023-05-18,7.050000190734863,7.099999904632568,6.949999809265137,7.0,47696869
2023-05-19,7.099999904632568,7.099999904632568,6.900000095367432,7.050000190734863,49912293
2023-05-22,7.050000190734863,7.050000190734863,6.949999809265137,7.0,35838782
2023-05-23,7.050000190734863,7.050000190734863,6.949999809265137,6.949999809265137,33836036
2023-05-24,6.949999809265137,7.050000190734863,6.900000095367432,6.949999809265137,77537344
2023-05-25,6.949999809265137,7.25,6.849999904632568,7.0,149531180
2023-05-26,7.150000095367432,7.199999809265137,7.0,7.050000190734863,78262217
2023-05-29,7.099999904632568,7.300000190734863,7.050000190734863,7.099999904632568,86663626
2023-05-30,7.150000095367432,7.199999809265137,7.050000190734863,7.099999904632568,45601346
2023-05-31,7.150000095367432,7.25,6.949999809265137,7.199999809265137,101093940
2023-06-01,7.199999809265137,7.25,7.150000095367432,7.150000095367432,39538257
2023-06-02,7.199999809265137,7.25,7.099999904632568,7.150000095367432,30962188
2023-06-05,7.199999809265137,7.25,7.050000190734863,7.150000095367432,34807393
2023-06-06,7.150000095367432,7.150000095367432,7.0,7.050000190734863,35549017
2023-06-07,7.050000190734863,7.75,7.050000190734863,7.650000095367432,218120279
2023-06-08,7.800000190734863,7.800000190734863,7.349999904632568,7.349999904632568,135736706
2023-06-09,7.400000095367432,7.5,7.199999809265137,7.300000190734863,99974916
2023-06-12,7.349999904632568,7.599999904632568,7.25,7.5,94726837
2023-06-13,7.550000190734863,7.900000095367432,7.5,7.699999809265137,168436075
2023-06-14,8.149999618530273,8.25,7.849999904632568,7.900000095367432,344314076
2023-06-15,7.900000095367432,8.050000190734863,7.75,7.800000190734863,110857729
2023-06-16,7.849999904632568,8.0,7.75,7.800000190734863,70611505
2023-06-19,7.800000190734863,7.849999904632568,7.599999904632568,7.599999904632568,60944546
2023-06-20,7.599999904632568,7.650000095367432,7.349999904632568,7.400000095367432,76398916
2023-06-21,7.400000095367432,7.900000095367432,7.300000190734863,7.75,204460640
2023-06-22,7.699999809265137,7.849999904632568,7.400000095367432,7.449999809265137,178616430
2023-06-23,7.5,7.599999904632568,7.300000190734863,7.449999809265137,121876136
2023-06-26,7.5,7.75,7.300000190734863,7.650000095367432,121102250
2023-06-27,7.599999904632568,7.800000190734863,7.400000095367432,7.5,146099646
2023-06-28,7.550000190734863,7.699999809265137,7.400000095367432,7.449999809265137,162932638
2023-06-30,7.449999809265137,7.550000190734863,7.349999904632568,7.449999809265137,67694572
2023-07-03,7.5,7.699999809265137,7.400000095367432,7.550000190734863,113730513
2023-07-04,7.599999904632568,7.650000095367432,7.400000095367432,7.449999809265137,114988757
2023-07-05,7.5,7.550000190734863,7.349999904632568,7.400000095367432,52251221
2023-07-06,7.449999809265137,7.550000190734863,7.400000095367432,7.5,59174436
2023-07-07,7.449999809265137,7.550000190734863,7.400000095367432,7.449999809265137,44264999
2023-07-10,7.5,7.5,7.300000190734863,7.400000095367432,57873891
2023-07-11,7.400000095367432,7.449999809265137,7.349999904632568,7.349999904632568,26691845
2023-07-12,7.400000095367432,7.449999809265137,7.300000190734863,7.349999904632568,36718376
2023-07-13,7.349999904632568,7.449999809265137,7.150000095367432,7.25,54894524
2023-07-14,7.25,7.400000095367432,7.199999809265137,7.349999904632568,25205602
2023-07-17,7.400000095367432,7.75,7.349999904632568,7.599999904632568,164308131
2023-07-18,7.599999904632568,7.949999809265137,7.5,7.650000095367432,226580793
2023-07-19,7.699999809265137,7.849999904632568,7.599999904632568,7.699999809265137,214414336
2023-07-20,7.699999809265137,7.75,7.5,7.550000190734863,78672776
2023-07-21,7.599999904632568,7.949999809265137,7.550000190734863,7.849999904632568,182052309
2023-07-24,7.949999809265137,8.199999809265137,7.849999904632568,7.900000095367432,201076327
2023-07-25,7.949999809265137,8.100000381469727,7.800000190734863,7.900000095367432,83289856
2023-07-26,8.050000190734863,9.050000190734863,7.949999809265137,8.75,432809258
2023-07-27,9.050000190734863,9.149999618530273,8.399999618530273,8.5,349303652
2023-07-28,8.550000190734863,8.550000190734863,8.25,8.350000381469727,105874945
2023-07-31,8.350000381469727,8.600000381469727,8.25,8.300000190734863,167830357
2023-08-01,8.350000381469727,8.449999809265137,8.25,8.25,53341718
2023-08-02,8.25,8.300000190734863,7.849999904632568,7.900000095367432,122998245
2023-08-03,7.900000095367432,8.050000190734863,7.800000190734863,7.849999904632568,78116800
2023-08-04,7.900000095367432,8.399999618530273,7.849999904632568,8.25,153831069
2023-08-07,8.300000190734863,8.600000381469727,8.25,8.350000381469727,136867134
2023-08-08,8.399999618530273,8.600000381469727,8.199999809265137,8.300000190734863,214190887
2023-08-09,8.350000381469727,8.350000381469727,8.149999618530273,8.199999809265137,60774896
2023-08-10,8.199999809265137,8.350000381469727,8.0,8.050000190734863,115379984
2023-08-11,8.100000381469727,8.199999809265137,8.050000190734863,8.100000381469727,53205798
2023-08-14,8.100000381469727,8.149999618530273,7.800000190734863,8.050000190734863,84213332
2023-08-16,7.900000095367432,8.050000190734863,7.75,7.800000190734863,81663655
2023-08-17,7.75,8.0,7.699999809265137,7.75,139610388
2023-08-18,7.75,7.75,7.550000190734863,7.599999904632568,59588288
2023-08-21,7.650000095367432,7.699999809265137,7.5,7.550000190734863,50792310
2023-08-22,7.550000190734863,7.949999809265137,7.5,7.699999809265137,211201955
2023-08-23,7.800000190734863,7.949999809265137,7.75,7.800000190734863,63294971
2023-08-24,7.849999904632568,8.050000190734863,7.800000190734863,7.949999809265137,61522894
2023-08-25,8.050000190734863,8.850000381469727,8.0,8.699999809265137,441374591
2023-08-28,8.899999618530273,9.300000190734863,8.5,9.0,476663058
2023-08-29,9.0,9.399999618530273,8.850000381469727,8.899999618530273,359055328
2023-08-30,8.899999618530273,9.25,8.899999618530273,9.050000190734863,190028023
2023-08-31,9.149999618530273,9.350000381469727,9.0,9.050000190734863,160750655
2023-09-01,9.149999618530273,10.399999618530273,9.100000381469727,10.0,723352196
2023-09-04,10.100000381469727,10.300000190734863,9.75,10.0,286251897
2023-09-05,10.050000190734863,10.199999809265137,9.699999809265137,9.899999618530273,135212639
2023-09-06,10.0,10.850000381469727,9.550000190734863,10.649999618530273,365620360
2023-09-07,10.649999618530273,10.850000381469727,10.399999618530273,10.5,277644136
2023-09-08,10.550000190734863,11.0,10.449999809265137,10.5,338142088
2023-09-11,10.649999618530273,11.550000190734863,10.449999809265137,11.300000190734863,630535186
2023-09-12,11.399999618530273,11.5,10.300000190734863,10.5,475634589
2023-09-13,10.5,11.199999809265137,10.300000190734863,11.0,262788174
2023-09-14,11.100000381469727,11.199999809265137,10.699999809265137,10.899999618530273,111299731
2023-09-15,11.0,11.949999809265137,10.899999618530273,11.699999809265137,525814217
2023-09-18,12.5,12.5,10.800000190734863,10.899999618530273,449336113
2023-09-20,10.949999809265137,11.399999618530273,10.850000381469727,11.0,164487454
2023-09-21,10.949999809265137,11.199999809265137,10.600000381469727,10.850000381469727,177823721
2023-09-22,10.899999618530273,11.649999618530273,10.649999618530273,11.300000190734863,298308392
2023-09-25,11.350000381469727,11.5,11.050000190734863,11.300000190734863,162564918
2023-09-26,11.399999618530273,12.199999809265137,11.300000190734863,12.100000381469727,507001428
2023-09-27,12.149999618530273,12.449999809265137,11.850000381469727,12.0,354689878
2023-09-28,11.949999809265137,12.100000381469727,11.5,11.649999618530273,287054708
2023-09-29,11.75,12.100000381469727,11.600000381469727,11.649999618530273,184144576
2023-10-03,11.75,12.050000190734863,11.399999618530273,12.0,271979331
2023-10-04,11.949999809265137,11.949999809265137,11.300000190734863,11.449999809265137,197695801
2023-10-05,11.550000190734863,11.600000381469727,11.050000190734863,11.199999809265137,164929055
2023-10-06,11.199999809265137,11.300000190734863,10.850000381469727,10.949999809265137,122177842
2023-10-09,10.699999809265137,11.399999618530273,10.550000190734863,10.899999618530273,388193444
2023-10-10,11.0,11.199999809265137,10.899999618530273,11.050000190734863,92969641
2023-10-11,11.199999809265137,12.0,11.149999618530273,11.850000381469727,379122405
2023-10-12,11.899999618530273,12.149999618530273,11.550000190734863,11.899999618530273,235677761
2023-10-13,11.800000190734863,12.350000381469727,11.75,12.0,364679969
2023-10-16,12.100000381469727,12.100000381469727,11.699999809265137,11.800000190734863,196345841
2023-10-17,11.850000381469727,12.199999809265137,11.800000190734863,11.899999618530273,241635361
2023-10-18,11.949999809265137,12.050000190734863,11.550000190734863,11.699999809265137,149897595
2023-10-19,11.600000381469727,12.100000381469727,11.550000190734863,12.0,241997615
2023-10-20,12.0,12.100000381469727,11.649999618530273,11.75,150616671
2023-10-23,11.800000190734863,11.899999618530273,10.850000381469727,10.949999809265137,229385426
2023-10-25,11.0,11.199999809265137,10.600000381469727,10.850000381469727,259001685
2023-10-26,10.850000381469727,10.949999809265137,10.5,10.75,163742432
2023-10-27,10.649999618530273,11.050000190734863,10.649999618530273,10.899999618530273,207190392
2023-10-30,11.0,11.949999809265137,10.699999809265137,11.649999618530273,361623422
2023-10-31,11.75,12.199999809265137,11.649999618530273,11.850000381469727,321029390
2023-11-01,11.899999618530273,13.550000190734863,11.800000190734863,12.800000190734863,972052999
2023-11-02,13.149999618530273,13.850000381469727,12.800000190734863,13.75,643741830
2023-11-03,14.0,14.350000381469727,13.550000190734863,13.75,619244987
2023-11-06,13.899999618530273,14.050000190734863,13.5,13.550000190734863,170833667
2023-11-07,13.600000381469727,14.0,13.350000381469727,13.850000381469727,254228187
2023-11-08,14.0,14.100000381469727,13.550000190734863,13.649999618530273,148084393
2023-11-09,13.800000190734863,14.100000381469727,13.699999809265137,13.899999618530273,212163600
2023-11-10,14.149999618530273,14.449999809265137,13.649999618530273,13.699999809265137,249891022
2023-11-13,14.0,14.050000190734863,13.699999809265137,13.949999809265137,104362588
2023-11-15,14.050000190734863,14.199999809265137,13.800000190734863,14.050000190734863,163370284
2023-11-16,14.100000381469727,14.800000190734863,14.050000190734863,14.399999618530273,312952258
2023-11-17,14.449999809265137,14.800000190734863,14.25,14.550000190734863,255833442
2023-11-20,14.649999618530273,15.050000190734863,14.0,14.149999618530273,359762952
2023-11-21,14.300000190734863,14.350000381469727,13.699999809265137,13.850000381469727,210863398
2023-11-22,13.800000190734863,13.850000381469727,13.300000190734863,13.5,207998055
2023-11-23,13.550000190734863,13.800000190734863,13.399999618530273,13.600000381469727,168569500
2023-11-24,13.649999618530273,13.75,13.300000190734863,13.350000381469727,128887582
2023-11-28,13.399999618530273,13.600000381469727,13.100000381469727,13.25,138360228
2023-11-29,13.300000190734863,13.449999809265137,13.149999618530273,13.199999809265137,127233494
2023-11-30,13.199999809265137,13.399999618530273,12.949999809265137,13.050000190734863,617533424
2023-12-01,13.300000190734863,13.550000190734863,13.199999809265137,13.25,181542248
2023-12-04,13.449999809265137,13.5,13.100000381469727,13.149999618530273,219950343
2023-12-05,13.199999809265137,13.399999618530273,12.800000190734863,13.050000190734863,258146151
2023-12-06,13.149999618530273,13.149999618530273,12.800000190734863,12.850000381469727,143223567
2023-12-07,12.850000381469727,13.550000190734863,12.699999809265137,13.199999809265137,239610072
2023-12-08,13.300000190734863,13.350000381469727,12.649999618530273,12.899999618530273,237806590
2023-12-11,12.899999618530273,13.399999618530273,12.899999618530273,13.149999618530273,298883455
2023-12-12,13.25,13.300000190734863,12.949999809265137,13.149999618530273,208970536
2023-12-13,13.199999809265137,13.600000381469727,13.100000381469727,13.199999809265137,369309542
2023-12-14,13.300000190734863,14.199999809265137,13.199999809265137,13.949999809265137,414076096
2023-12-15,14.0,14.25,13.550000190734863,14.050000190734863,354922019
2023-12-18,14.399999618530273,14.5,13.899999618530273,14.100000381469727,370995029
2023-12-19,14.149999618530273,14.449999809265137,13.949999809265137,14.0,278863922
2023-12-20,14.100000381469727,14.399999618530273,13.0,13.100000381469727,491683002
2023-12-21,13.25,13.75,12.899999618530273,13.649999618530273,292707751
2023-12-22,13.75,14.0,13.449999809265137,13.600000381469727,223855223
2023-12-26,13.649999618530273,13.75,13.300000190734863,13.350000381469727,328954630
2023-12-27,13.399999618530273,13.5,13.199999809265137,13.449999809265137,139443887
2023-12-28,13.5,13.600000381469727,13.100000381469727,13.25,169009935
2023-12-29,13.449999809265137,16.25,13.300000190734863,16.0,615077628
2024-01-01,16.200000762939453,18.399999618530273,15.550000190734863,17.0,710650453
2024-01-02,17.100000381469727,17.799999237060547,15.949999809265137,16.049999237060547,21774200
2024-01-03,15.899999618530273,16.450000762939453,15.600000381469727,15.850000381469727,598726485
2024-01-04,15.899999618530273,17.200000762939453,15.699999809265137,16.799999237060547,535038360
2024-01-05,17.100000381469727,17.649999618530273,16.75,17.100000381469727,686777577
2024-01-08,17.200000762939453,17.649999618530273,17.049999237060547,17.149999618530273,289503212
2024-01-09,17.200000762939453,17.5,15.949999809265137,16.200000762939453,387150359
2024-01-10,16.299999237060547,16.450000762939453,15.850000381469727,16.149999618530273,202636184
2024-01-11,16.200000762939453,16.350000381469727,15.899999618530273,16.049999237060547,121469596
2024-01-12,16.149999618530273,16.200000762939453,15.800000190734863,15.850000381469727,122397017
2024-01-15,15.899999618530273,16.700000762939453,15.800000190734863,16.5,213367109
2024-01-16,16.5,16.549999237060547,15.5,15.75,392898345
2024-01-17,15.5,15.75,15.0,15.100000381469727,383695346
2024-01-18,15.149999618530273,15.399999618530273,14.600000381469727,15.100000381469727,282295356
2024-01-19,15.199999809265137,15.449999809265137,15.0,15.100000381469727,230080440
2024-01-23,15.100000381469727,15.25,14.300000190734863,14.399999618530273,289983221
2024-01-24,14.399999618530273,15.0,14.25,14.899999618530273,432651784
2024-01-25,14.899999618530273,15.100000381469727,14.350000381469727,14.600000381469727,382501739
2024-01-29,14.699999809265137,15.199999809265137,14.600000381469727,14.699999809265137,245974552
2024-01-30,14.75,14.899999618530273,14.300000190734863,14.5,233265787
2024-01-31,14.5,14.550000190734863,14.199999809265137,14.350000381469727,176208047
2024-02-01,14.399999618530273,14.5,13.949999809265137,14.149999618530273,206826304
2024-02-02,14.300000190734863,14.699999809265137,14.0,14.050000190734863,244512271
2024-02-05,14.100000381469727,14.199999809265137,13.649999618530273,13.75,189236646
2024-02-06,13.75,14.449999809265137,13.600000381469727,14.25,317594254
2024-02-07,14.5,15.449999809265137,14.25,15.0,541841723
2024-02-08,15.149999618530273,15.149999618530273,14.649999618530273,14.800000190734863,305462395
2024-02-09,14.899999618530273,15.649999618530273,14.399999618530273,15.5,547988511
2024-02-12,15.649999618530273,15.699999809265137,14.300000190734863,14.449999809265137,407165198
2024-02-13,14.550000190734863,14.899999618530273,14.100000381469727,14.699999809265137,334247397
2024-02-14,14.5,15.75,14.399999618530273,15.550000190734863,511365442
2024-02-15,15.649999618530273,16.299999237060547,15.550000190734863,15.949999809265137,392901140
2024-02-16,16.0,16.600000381469727,15.800000190734863,15.899999618530273,357636454
2024-02-19,15.949999809265137,16.350000381469727,15.850000381469727,16.0,228340831
2024-02-20,16.049999237060547,16.450000762939453,15.850000381469727,15.949999809265137,276625199
2024-02-21,16.149999618530273,16.299999237060547,15.199999809265137,15.350000381469727,345491167
2024-02-22,15.5,16.399999618530273,15.050000190734863,16.299999237060547,439602456
2024-02-23,16.700000762939453,18.399999618530273,16.700000762939453,17.549999237060547,709944444
2024-02-26,17.75,18.100000381469727,16.75,16.850000381469727,643618097
2024-02-27,17.049999237060547,17.149999618530273,15.649999618530273,15.850000381469727,737336815
2024-02-28,15.5,16.049999237060547,13.5,13.649999618530273,514581283
2024-02-29,13.649999618530273,14.050000190734863,13.399999618530273,13.649999618530273,794570550
2024-03-01,13.899999618530273,14.649999618530273,13.600000381469727,14.199999809265137,696930662
2024-03-04,14.600000381469727,14.699999809265137,14.100000381469727,14.199999809265137,276443611
2024-03-05,14.25,14.75,14.199999809265137,14.350000381469727,342317617
2024-03-06,14.350000381469727,14.399999618530273,13.800000190734863,14.100000381469727,380743524
2024-03-07,14.149999618530273,14.449999809265137,14.100000381469727,14.25,179243860
2024-03-11,14.300000190734863,14.350000381469727,13.649999618530273,13.75,198993553
2024-03-12,13.800000190734863,13.899999618530273,13.449999809265137,13.699999809265137,308460037
2024-03-13,13.699999809265137,13.850000381469727,11.75,12.399999618530273,641919311
2024-03-14,12.399999618530273,13.25,12.25,13.100000381469727,424512161
2024-03-15,13.149999618530273,13.300000190734863,12.75,13.149999618530273,315084932
2024-03-18,13.25,13.350000381469727,13.0,13.149999618530273,186892003
2024-03-19,13.100000381469727,13.350000381469727,12.75,12.850000381469727,241083537
2024-03-20,12.800000190734863,12.899999618530273,12.399999618530273,12.75,273287247
2024-03-21,12.850000381469727,13.050000190734863,12.75,12.800000190734863,156394003
2024-03-22,12.800000190734863,13.600000381469727,12.75,13.300000190734863,468500920
2024-03-26,13.399999618530273,13.5,13.149999618530273,13.300000190734863,277730489
2024-03-27,13.300000190734863,13.600000381469727,13.25,13.300000190734863,244147174
2024-03-28,13.300000190734863,13.550000190734863,13.149999618530273,13.25,261797107
2024-04-01,13.350000381469727,14.25,13.149999618530273,14.0,469724659
2024-04-02,13.949999809265137,14.149999618530273,13.350000381469727,13.449999809265137,372670017
2024-04-03,13.199999809265137,14.0,13.149999618530273,13.550000190734863,496512224
2024-04-04,14.0,14.100000381469727,13.050000190734863,13.350000381469727,921811399
2024-04-05,13.350000381469727,13.550000190734863,12.949999809265137,13.300000190734863,690376450
2024-04-08,13.899999618530273,13.899999618530273,12.899999618530273,13.149999618530273,770438882
2024-04-09,13.199999809265137,13.350000381469727,12.850000381469727,12.899999618530273,364108806
2024-04-10,12.800000190734863,13.199999809265137,12.649999618530273,12.949999809265137,512312743
2024-04-12,12.649999618530273,13.25,12.199999809265137,12.949999809265137,60190289
2024-04-15,13.0,13.399999618530273,12.75,13.149999618530273,776597931
2024-04-16,12.850000381469727,13.199999809265137,12.550000190734863,12.949999809265137,144793755
2024-04-18,13.100000381469727,13.550000190734863,13.100000381469727,13.199999809265137,791868513
2024-04-19,12.899999618530273,13.300000190734863,12.850000381469727,12.899999618530273,721586766
2024-04-22,12.399999618530273,13.050000190734863,12.100000381469727,12.899999618530273,608298209
2024-04-23,13.0,14.75,12.949999809265137,14.399999618530273,1073741823
2024-04-24,13.75,13.949999809265137,13.0,13.100000381469727,560864623
2024-04-25,11.800000190734863,14.399999618530273,11.800000190734863,13.899999618530273,1073741823
2024-04-26,13.649999618530273,14.199999809265137,12.699999809265137,14.0,1376
2024-04-29,14.0,14.300000190734863,13.399999618530273,13.449999809265137,254582782
2024-04-30,13.5,13.550000190734863,13.149999618530273,13.199999809265137,954953718
2024-05-02,13.25,13.5,13.100000381469727,13.199999809265137,808543713
2024-05-03,13.300000190734863,13.5,13.0,13.199999809265137,844184176
2024-05-06,13.25,13.300000190734863,12.75,12.800000190734863,688684063
2024-05-07,12.850000381469727,12.899999618530273,12.100000381469727,12.399999618530273,223623015
2024-05-08,12.449999809265137,12.850000381469727,12.350000381469727,12.699999809265137,637428822
2024-05-09,12.75,13.0,12.600000381469727,12.649999618530273,643889725
2024-05-10,12.699999809265137,12.800000190734863,12.449999809265137,12.699999809265137,375478451
2024-05-13,12.600000381469727,12.699999809265137,12.300000190734863,12.600000381469727,357347341
2024-05-14,12.699999809265137,13.300000190734863,12.649999618530273,13.25,745058401
2024-05-15,13.350000381469727,13.399999618530273,13.100000381469727,13.199999809265137,399412030
2024-05-16,13.25,13.399999618530273,12.949999809265137,13.149999618530273,455941660
2024-05-17,13.149999618530273,13.649999618530273,13.050000190734863,13.25,630732734
2024-05-21,13.550000190734863,13.75,13.350000381469727,13.550000190734863,652179474
2024-05-22,13.649999618530273,13.800000190734863,13.449999809265137,13.5,363222831
2024-05-23,13.5,14.100000381469727,13.449999809265137,14.050000190734863,975684695
2024-05-24,14.25,15.699999809265137,14.199999809265137,15.100000381469727,3973
2024-05-27,15.199999809265137,15.449999809265137,14.899999618530273,15.050000190734863,963234521
2024-05-28,15.050000190734863,15.100000381469727,14.5,14.550000190734863,668778744
2024-05-29,14.449999809265137,14.899999618530273,14.399999618530273,14.800000190734863,592922488
2024-05-30,14.850000381469727,15.050000190734863,14.5,14.600000381469727,21529920
2024-05-31,14.75,15.449999809265137,14.649999618530273,15.25,839643261
2024-06-03,16.399999618530273,16.399999618530273,15.649999618530273,16.0,260907611
2024-06-04,15.699999809265137,15.699999809265137,12.050000190734863,13.199999809265137,821
2024-06-05,13.649999618530273,15.050000190734863,13.300000190734863,14.850000381469727,501552249
2024-06-06,15.149999618530273,15.399999618530273,14.850000381469727,15.0,853275763
2024-06-07,15.050000190734863,16.049999237060547,14.899999618530273,15.850000381469727,177663038
2024-06-10,15.960000038146973,16.350000381469727,15.760000228881836,15.8100004196167,14989971
2024-06-11,15.949999809265137,16.31999969482422,15.609999656677246,16.190000534057617,94572074
2024-06-12,16.299999237060547,16.700000762939453,16.239999771118164,16.43000030517578,1041028161
2024-06-13,16.729999542236328,16.739999771118164,16.0,16.06999969482422,731987121
2024-06-14,16.299999237060547,16.850000381469727,16.059999465942383,16.729999542236328,27007761
2024-06-18,16.989999771118164,17.030000686645508,16.479999542236328,16.850000381469727,804338492
2024-06-19,17.0,17.389999389648438,16.360000610351562,16.920000076293945,1564573800
2024-06-20,16.969999313354492,16.969999313354492,16.450000762939453,16.530000686645508,745416817
2024-06-21,16.610000610351562,17.280000686645508,16.540000915527344,17.139999389648438,681222197
2024-06-24,16.989999771118164,17.34000015258789,16.860000610351562,17.260000228881836,946446301
2024-06-25,17.450000762939453,17.5,17.149999618530273,17.190000534057617,664334923
2024-06-26,17.239999771118164,18.469999313354492,17.219999313354492,18.020000457763672,446331568
2024-06-27,18.25,18.700000762939453,18.0,18.520000457763672,449366808
2024-06-28,19.100000381469727,19.18000030517578,17.549999237060547,17.889999389648438,940893249
2024-07-01,17.790000915527344,18.059999465942383,17.399999618530273,17.6200008392334,877984912
2024-07-02,17.700000762939453,17.75,16.959999084472656,17.020000457763672,826792635
2024-07-03,17.100000381469727,17.670000076293945,16.90999984741211,17.469999313354492,860849573
2024-07-04,17.510000228881836,17.739999771118164,17.280000686645508,17.479999542236328,644674371
2024-07-05,17.440000534057617,17.479999542236328,17.010000228881836,17.09000015258789,492372970
2024-07-08,17.100000381469727,17.229999542236328,16.5,16.559999465942383,541264689
2024-07-09,16.610000610351562,17.030000686645508,16.559999465942383,16.850000381469727,501290567
2024-07-10,16.969999313354492,17.280000686645508,16.469999313354492,16.639999389648438,466478026
2024-07-11,16.760000228881836,16.84000015258789,16.520000457763672,16.559999465942383,346369340
2024-07-12,16.760000228881836,16.829999923706055,16.0,16.09000015258789,630743126
2024-07-15,16.100000381469727,16.729999542236328,15.779999732971191,16.68000030517578,544664305
2024-07-16,17.540000915527344,17.670000076293945,16.670000076293945,16.799999237060547,964458628
2024-07-18,16.690000534057617,16.690000534057617,15.90999984741211,16.270000457763672,679246298
2024-07-19,16.3700008392334,16.43000030517578,15.819999694824219,15.869999885559082,368882386
2024-07-22,15.770000457763672,16.049999237060547,15.649999618530273,15.890000343322754,529018766
2024-07-23,15.899999618530273,15.90999984741211,14.569999694824219,15.279999732971191,53671237
2024-07-24,15.300000190734863,15.65999984741211,15.210000038146973,15.579999923706055,453449137
2024-07-25,15.300000190734863,15.420000076293945,15.029999732971191,15.180000305175781,702308285
2024-07-26,15.420000076293945,16.139999389648438,15.399999618530273,15.979999542236328,746610397
2024-07-29,16.0,16.420000076293945,15.930000305175781,16.049999237060547,505926060
2024-07-30,16.030000686645508,16.280000686645508,15.989999771118164,16.209999084472656,242396205
2024-07-31,16.309999465942383,16.520000457763672,16.219999313354492,16.270000457763672,346265142
2024-08-01,16.360000610351562,16.3700008392334,15.869999885559082,15.989999771118164,362395270
2024-08-02,15.800000190734863,16.420000076293945,15.75,16.1200008392334,475279605
2024-08-05,15.609999656677246,15.8100004196167,15.050000190734863,15.359999656677246,608655754
2024-08-06,15.699999809265137,15.829999923706055,15.109999656677246,15.170000076293945,327583325
2024-08-07,15.600000381469727,15.779999732971191,15.369999885559082,15.720000267028809,271137134
2024-08-08,15.75,16.25,15.569999694824219,15.859999656677246,346746624
2024-08-09,16.299999237060547,16.350000381469727,16.010000228881836,16.100000381469727,276415001
2024-08-12,16.1200008392334,16.219999313354492,15.819999694824219,16.010000228881836,290810714
2024-08-13,16.190000534057617,16.190000534057617,15.420000076293945,15.470000267028809,538387007
2024-08-14,15.630000114440918,16.020000457763672,15.479999542236328,15.789999961853027,392047253
2024-08-16,15.960000038146973,16.0,15.670000076293945,15.880000114440918,291922661
2024-08-19,15.869999885559082,16.040000915527344,15.720000267028809,15.949999809265137,265264602
2024-08-20,16.059999465942383,16.290000915527344,15.90999984741211,15.9399995803833,309490369
2024-08-21,15.989999771118164,16.100000381469727,15.859999656677246,15.9399995803833,242515086
2024-08-22,15.949999809265137,16.290000915527344,15.90999984741211,16.200000762939453,278652089
2024-08-23,16.280000686645508,16.34000015258789,15.739999771118164,15.819999694824219,369537715
2024-08-26,15.960000038146973,15.979999542236328,15.619999885559082,15.789999961853027,243427186
2024-08-27,15.75,16.18000030517578,15.649999618530273,16.040000915527344,415465213
2024-08-28,16.049999237060547,16.170000076293945,15.819999694824219,15.970000267028809,401712642
2024-08-29,16.399999618530273,16.549999237060547,15.970000267028809,16.299999237060547,827342035
2024-08-30,16.440000534057617,16.440000534057617,15.390000343322754,15.640000343322754,1131
2024-09-02,15.579999923706055,15.579999923706055,14.8100004196167,15.050000190734863,685959065
2024-09-03,15.100000381469727,15.260000228881836,15.0,15.109999656677246,272427038
2024-09-04,15.079999923706055,15.100000381469727,14.770000457763672,14.829999923706055,281283093
2024-09-05,14.899999618530273,15.220000267028809,14.800000190734863,15.09000015258789,286740484
2024-09-06,14.739999771118164,14.760000228881836,12.920000076293945,13.350000381469727,827451206
2024-09-09,13.350000381469727,13.579999923706055,12.979999542236328,13.199999809265137,628833307
2024-09-10,13.300000190734863,13.729999542236328,13.300000190734863,13.529999732971191,444283492
2024-09-11,13.739999771118164,13.770000457763672,13.029999732971191,13.140000343322754,358061345
2024-09-12,13.359999656677246,13.649999618530273,12.829999923706055,13.520000457763672,408314409
2024-09-13,13.649999618530273,13.65999984741211,13.359999656677246,13.40999984741211,198209238
2024-09-16,13.5,13.5,13.119999885559082,13.239999771118164,261780637
2024-09-17,13.25,13.279999732971191,13.069999694824219,13.119999885559082,179383176
2024-09-18,13.100000381469727,13.15999984741211,12.829999923706055,12.899999618530273,289385698
2024-09-19,12.989999771118164,13.020000457763672,10.0,10.380000114440918,997
2024-09-20,10.350000381469727,10.579999923706055,9.789999961853027,10.470000267028809,454680485
2024-09-23,11.270000457763672,11.9399995803833,10.720000267028809,10.819999694824219,608733575
2024-09-24,10.819999694824219,10.989999771118164,10.520000457763672,10.670000076293945,591115783
2024-09-25,10.6899995803833,10.729999542236328,10.329999923706055,10.359999656677246,386280914
2024-09-26,10.390000343322754,10.5,10.119999885559082,10.380000114440918,947225586
2024-09-27,10.640000343322754,10.970000267028809,10.5,10.65999984741211,48984351
2024-09-30,10.649999618530273,10.680000305175781,10.319999694824219,10.359999656677246,469780209
2024-10-01,10.350000381469727,10.529999732971191,10.0600004196167,10.170000076293945,372735715
2024-10-03,10.130000114440918,10.15999984741211,9.8100004196167,9.869999885559082,418426001
2024-10-04,9.869999885559082,10.0600004196167,9.630000114440918,9.789999961853027,453013199
2024-10-07,9.789999961853027,9.8100004196167,8.899999618530273,9.15999984741211,699375979
2024-10-08,9.050000190734863,9.550000190734863,9.029999732971191,9.5,447500823
2024-10-09,9.539999961853027,9.579999923706055,9.15999984741211,9.1899995803833,286231290
2024-10-10,9.210000038146973,9.4399995803833,9.1899995803833,9.3100004196167,274431844
2024-10-11,9.270000457763672,9.279999732971191,9.079999923706055,9.180000305175781,263957905
2024-10-14,9.229999542236328,9.229999542236328,9.020000457763672,9.09000015258789,295768306
2024-10-15,9.109999656677246,9.420000076293945,9.0,9.119999885559082,307249022
2024-10-16,9.149999618530273,9.489999771118164,9.109999656677246,9.289999961853027,329180888
2024-10-17,9.3100004196167,9.390000343322754,9.029999732971191,9.050000190734863,327847932
2024-10-18,9.050000190734863,9.100000381469727,8.859999656677246,9.020000457763672,273123417
2024-10-21,9.09000015258789,9.100000381469727,8.420000076293945,8.5,484398463
2024-10-22,8.520000457763672,8.729999542236328,8.359999656677246,8.399999618530273,445613876
2024-10-23,8.329999923706055,8.399999618530273,8.069999694824219,8.25,487665119
2024-10-24,8.25,8.329999923706055,8.100000381469727,8.130000114440918,381020269
2024-10-25,8.109999656677246,8.109999656677246,7.590000152587891,7.659999847412109,601382237
2024-10-28,7.78000020980835,8.420000076293945,7.579999923706055,8.25,687956967
2024-10-29,8.390000343322754,8.390000343322754,7.880000114440918,7.960000038146973,403510334
2024-10-30,7.929999828338623,8.039999961853027,7.650000095367432,7.679999828338623,919784434
2024-10-31,7.739999771118164,8.170000076293945,7.710000038146973,8.119999885559082,647625664
2024-11-01,8.279999732971191,8.529999732971191,8.229999542236328,8.449999809265137,248654298
2024-11-04,8.489999771118164,8.489999771118164,7.860000133514404,7.880000114440918,609725576
2024-11-05,7.880000114440918,8.199999809265137,7.809999942779541,8.140000343322754,555505932
2024-11-06,8.15999984741211,8.220000267028809,8.010000228881836,8.170000076293945,368621189
2024-11-07,8.15999984741211,8.289999961853027,8.020000457763672,8.050000190734863,383925046
2024-11-08,8.029999732971191,8.0600004196167,7.849999904632568,7.880000114440918,311562033
2024-11-11,7.849999904632568,7.940000057220459,7.71999979019165,7.829999923706055,314187467
2024-11-12,7.800000190734863,7.949999809265137,7.630000114440918,7.670000076293945,280320971
2024-11-13,7.659999847412109,7.690000057220459,7.329999923706055,7.360000133514404,424078967
2024-11-14,7.400000095367432,7.619999885559082,7.320000171661377,7.340000152587891,417566075
2024-11-18,7.46999979019165,7.53000020980835,7.190000057220459,7.25,418915760
2024-11-19,7.25,7.389999866485596,7.070000171661377,7.099999904632568,338585471
2024-11-21,7.170000076293945,7.179999828338623,6.809999942779541,6.909999847412109,635819080
2024-11-22,6.880000114440918,6.909999847412109,6.610000133514404,6.670000076293945,625748712
2024-11-25,6.809999942779541,7.170000076293945,6.670000076293945,6.96999979019165,876693538
2024-11-26,7.659999847412109,8.279999732971191,7.449999809265137,7.519999980926514,678390868
2024-11-27,7.71999979019165,8.489999771118164,7.519999980926514,8.34000015258789,88788451
2024-11-28,8.449999809265137,8.670000076293945,8.210000038146973,8.359999656677246,1022944207
2024-11-29,8.460000038146973,8.479999542236328,8.079999923706055,8.359999656677246,507412630
2024-12-02,8.25,8.430000305175781,8.1899995803833,8.279999732971191,341331191
2024-12-03,8.25,8.390000343322754,8.1899995803833,8.210000038146973,283636669
2024-12-04,8.1899995803833,8.630000114440918,8.119999885559082,8.420000076293945,406959578
2024-12-05,8.789999961853027,8.789999961853027,8.039999961853027,8.079999923706055,920598588
2024-12-06,8.09000015258789,8.220000267028809,7.96999979019165,8.119999885559082,427143967
2024-12-09,8.149999618530273,8.270000457763672,8.069999694824219,8.09000015258789,297577705
2024-12-10,8.300000190734863,8.300000190734863,8.020000457763672,8.079999923706055,363303722
2024-12-11,8.079999923706055,8.109999656677246,7.989999771118164,8.029999732971191,243838311
2024-12-12,8.020000457763672,8.029999732971191,7.840000152587891,7.860000133514404,292784535
2024-12-13,7.820000171661377,8.069999694824219,7.679999828338623,7.989999771118164,489885434
2024-12-16,8.0,8.050000190734863,7.960000038146973,7.989999771118164,174023331
2024-12-17,7.949999809265137,7.989999771118164,7.78000020980835,7.809999942779541,252380018
2024-12-18,7.809999942779541,7.880000114440918,7.699999809265137,7.789999961853027,351707657
2024-12-19,7.599999904632568,7.71999979019165,7.559999942779541,7.690000057220459,285980002
2024-12-20,7.679999828338623,7.760000228881836,7.340000152587891,7.400000095367432,392779182
2024-12-23,7.400000095367432,7.550000190734863,7.380000114440918,7.46999979019165,290752314
2024-12-24,7.420000076293945,7.590000152587891,7.349999904632568,7.460000038146973,285539029
2024-12-26,7.460000038146973,7.670000076293945,7.429999828338623,7.559999942779541,276382089
2024-12-27,7.550000190734863,7.610000133514404,7.449999809265137,7.46999979019165,181050583
2024-12-30,7.989999771118164,7.989999771118164,7.610000133514404,7.769999980926514,699337628
2024-12-31,7.75,8.069999694824219,7.619999885559082,7.940000057220459,432275623
2025-01-01,7.960000038146973,8.109999656677246,7.900000095367432,8.010000228881836,318779771
2025-01-02,8.100000381469727,8.1899995803833,7.909999847412109,8.140000343322754,392797911
2025-01-03,8.140000343322754,8.399999618530273,8.119999885559082,8.270000457763672,464150003
2025-01-06,8.289999961853027,8.329999923706055,7.829999923706055,7.880000114440918,438301803
2025-01-07,7.860000133514404,8.140000343322754,7.860000133514404,8.0600004196167,374162457
2025-01-08,8.079999923706055,8.100000381469727,7.869999885559082,7.989999771118164,294651841
2025-01-09,7.980000019073486,8.210000038146973,7.900000095367432,7.920000076293945,338935170
2025-01-10,7.920000076293945,7.949999809265137,7.670000076293945,7.75,321647638
2025-01-13,7.699999809265137,8.079999923706055,7.610000133514404,7.739999771118164,597616878
2025-01-14,7.800000190734863,8.3100004196167,7.769999980926514,8.25,563020922
2025-01-15,8.279999732971191,9.229999542236328,8.270000457763672,8.760000228881836,294552007
2025-01-16,8.9399995803833,9.0600004196167,8.720000267028809,8.930000305175781,536382334
2025-01-17,8.899999618530273,9.25,8.829999923706055,9.109999656677246,485924287
2025-01-20,10.020000457763672,10.470000267028809,9.779999732971191,9.9399995803833,665312492
2025-01-21,9.9399995803833,10.0,9.3100004196167,9.359999656677246,561246192
2025-01-22,9.399999618530273,9.569999694824219,9.140000343322754,9.510000228881836,358652788
2025-01-23,9.529999732971191,9.869999885559082,9.329999923706055,9.510000228881836,356247545
2025-01-24,9.5,9.670000076293945,9.399999618530273,9.460000038146973,272054686
2025-01-27,9.300000190734863,9.34000015258789,8.800000190734863,8.890000343322754,319471529
2025-01-28,8.989999771118164,9.149999618530273,8.779999732971191,9.0,310325356
2025-01-29,9.0,9.0600004196167,8.899999618530273,8.9399995803833,186423902
2025-01-30,8.859999656677246,9.050000190734863,8.859999656677246,8.989999771118164,255095259
2025-01-31,9.050000190734863,9.100000381469727,8.880000114440918,9.050000190734863,336820197
2025-02-01,9.0600004196167,9.930000305175781,8.670000076293945,9.600000381469727,807081992
2025-02-03,9.210000038146973,9.40999984741211,9.020000457763672,9.069999694824219,384582320
2025-02-04,9.289999961853027,9.609999656677246,9.09000015258789,9.399999618530273,418244166
2025-02-05,9.399999618530273,9.699999809265137,9.390000343322754,9.539999961853027,349183730
2025-02-06,9.65999984741211,9.65999984741211,9.229999542236328,9.270000457763672,223076819
2025-02-07,9.289999961853027,9.800000190734863,9.270000457763672,9.470000267028809,605199609
2025-02-10,9.550000190734863,9.550000190734863,9.0600004196167,9.109999656677246,262161729
2025-02-11,9.109999656677246,9.170000076293945,8.720000267028809,8.819999694824219,258460983
2025-02-12,8.800000190734863,8.800000190734863,8.100000381469727,8.390000343322754,576588022
2025-02-13,8.0600004196167,8.989999771118164,8.0600004196167,8.640000343322754,717308741
2025-02-14,8.760000228881836,8.789999961853027,8.100000381469727,8.210000038146973,497212290
2025-02-17,8.170000076293945,8.399999618530273,7.980000019073486,8.270000457763672,427122426
2025-02-18,8.270000457763672,8.350000381469727,7.920000076293945,8.069999694824219,332529559
2025-02-19,8.029999732971191,8.390000343322754,7.940000057220459,8.300000190734863,299864398
2025-02-20,8.270000457763672,8.399999618530273,8.180000305175781,8.270000457763672,197667113
2025-02-21,8.25,8.34000015258789,8.010000228881836,8.039999961853027,289642446
2025-02-24,7.980000019073486,8.039999961853027,7.840000152587891,7.920000076293945,265949359
2025-02-25,7.900000095367432,8.039999961853027,7.880000114440918,7.909999847412109,202132636
2025-02-27,7.989999771118164,8.029999732971191,7.739999771118164,7.800000190734863,331905675
2025-02-28,7.75,7.769999980926514,7.489999771118164,7.550000190734863,482692128
2025-03-03,7.590000152587891,7.730000019073486,7.159999847412109,7.460000038146973,456677093
2025-03-04,7.389999866485596,7.639999866485596,7.289999961853027,7.429999828338623,345291615
2025-03-05,7.429999828338623,7.920000076293945,7.429999828338623,7.860000133514404,381213101
2025-03-06,8.0,8.039999961853027,7.699999809265137,7.730000019073486,294304361
2025-03-07,7.710000038146973,7.78000020980835,7.510000228881836,7.550000190734863,324103970
2025-03-10,7.579999923706055,7.639999866485596,7.21999979019165,7.260000228881836,438883802
2025-03-11,7.199999809265137,7.409999847412109,7.110000133514404,7.340000152587891,334277339
2025-03-12,7.320000171661377,7.360000133514404,6.869999885559082,7.070000171661377,539372093
2025-03-13,7.110000133514404,7.170000076293945,6.929999828338623,6.949999809265137,408690029
2025-03-17,7.0,7.079999923706055,6.920000076293945,6.940000057220459,315150021
2025-03-18,6.940000057220459,6.940000057220459,6.940000057220459,6.940000057220459,0
2025-03-19,7.25,7.71999979019165,7.210000038146973,7.440000057220459,681862635
2025-03-20,7.550000190734863,7.590000152587891,7.170000076293945,7.260000228881836,475038187
2025-03-21,7.28000020980835,7.679999828338623,7.239999771118164,7.619999885559082,718941405
2025-03-24,7.71999979019165,7.739999771118164,7.289999961853027,7.340000152587891,508282460
2025-03-25,7.400000095367432,7.429999828338623,7.050000190734863,7.150000095367432,475224766
2025-03-26,7.159999847412109,7.210000038146973,6.980000019073486,7.039999961853027,579796225
2025-03-27,7.010000228881836,7.059999942779541,6.869999885559082,6.920000076293945,955968263
2025-03-28,6.989999771118164,7.130000114440918,6.769999980926514,6.800000190734863,817733412
2025-04-01,7.480000019073486,8.5600004196167,7.480000019073486,8.100000381469727,3850
2025-04-02,8.3100004196167,8.34000015258789,7.940000057220459,8.220000267028809,922157249
2025-04-03,8.09000015258789,8.34000015258789,8.0600004196167,8.1899995803833,486007460
2025-04-04,8.15999984741211,8.180000305175781,7.849999904632568,7.909999847412109,475159836
2025-04-07,7.170000076293945,7.480000019073486,7.170000076293945,7.360000133514404,683492480
2025-04-08,7.510000228881836,7.599999904632568,7.139999866485596,7.170000076293945,625885253
2025-04-09,7.25,7.269999980926514,7.010000228881836,7.090000152587891,501489583
2025-04-11,7.269999980926514,7.289999961853027,7.03000020980835,7.170000076293945,607771928
2025-04-15,7.269999980926514,7.429999828338623,7.21999979019165,7.320000171661377,494777719
2025-04-16,7.320000171661377,7.420000076293945,7.230000019073486,7.269999980926514,404503350
2025-04-17,7.239999771118164,7.349999904632568,7.179999828338623,7.309999942779541,481025151
2025-04-21,7.309999942779541,8.1899995803833,7.300000190734863,8.069999694824219,1047323375
2025-04-22,8.079999923706055,8.109999656677246,7.949999809265137,7.96999979019165,525407211
2025-04-23,8.0,8.050000190734863,7.679999828338623,8.010000228881836,514186077
2025-04-24,7.940000057220459,8.079999923706055,7.900000095367432,7.929999828338623,436243616
2025-04-25,7.949999809265137,8.210000038146973,7.429999828338623,7.46999979019165,799912461
2025-04-28,7.5,7.570000171661377,7.400000095367432,7.449999809265137,368139445
