Date,Open,High,Low,Close,Volume
2010-01-04,93.43047924942947,94.97374928557095,93.18021649137567,94.34809875488281,629552
2010-01-05,96.35017695744791,96.35017695744791,95.09887595800053,95.80794525146484,589696
2010-01-06,95.93308358058161,97.10096587097364,94.64006990828214,96.0165023803711,921106
2010-01-07,96.60043868784587,96.68385748070976,94.89032479412934,95.72452545166016,545688
2010-01-08,96.14162813549939,96.22504693040669,94.97374591345877,95.3908462524414,316396
2010-01-11,95.59940301178408,96.60044771301402,95.59940301178408,96.09992218017578,404536
2010-01-12,95.93307020610611,96.5170080876694,93.0967868575582,93.38875579833984,295909
2010-01-13,92.63799026397074,94.26467908289709,91.01129508059812,92.2625961303711,683494
2010-01-14,92.5962776831998,93.84757873297278,91.76207698335115,92.2625961303711,1276122
2010-01-15,92.55456207657485,93.43047532855852,91.76207398340568,92.01233673095703,1426884
2010-01-18,91.76207765665927,92.84654112019831,91.17813970825905,92.05404663085938,1273562
2010-01-19,93.01337329580583,95.93307559657104,92.47114159563168,94.93203735351562,3506562
2010-01-20,95.68281084018639,96.60043663553171,93.05508391634818,93.55560302734375,2573291
2010-01-21,93.8475829119742,93.8475829119742,90.55249254662128,91.01129913330078,856145
2010-01-22,90.13537991473922,90.13537991473922,86.08950179921729,88.88407897949219,1028230
2010-01-25,86.9236952297668,88.96749040688002,86.9236952297668,87.96644592285156,679189
2010-01-27,87.9664530321491,88.17500318762073,83.50348097794567,84.0874252319336,1040243
2010-01-28,84.08742644751267,85.88095271893948,78.28972822292207,78.87367248535156,4692577
2010-01-29,76.91329258111702,77.99775590417248,73.57649018949466,76.70474243164062,3964359
2010-02-01,76.57962271841005,77.78921112307086,75.53687189906594,77.0384292602539,1043837
2010-02-02,77.41382402866314,79.08222535372532,75.66199754579108,76.03739166259766,1672294
2010-02-03,76.91330382761143,77.70579833016994,75.91226550952808,77.16356658935547,1017274
2010-02-04,76.57961933967759,77.16355722696828,74.74437415993636,75.28660583496094,907747
2010-02-05,74.41069080621043,74.41069080621043,67.86221738388528,72.6171646118164,1271024
2010-02-08,74.20214278205805,75.32831871332878,72.57545411491579,74.78608703613281,1358568
2010-02-09,74.66096161293211,75.2448995490425,73.86847350471857,74.91122436523438,588096
2010-02-10,75.28660087963031,76.41277036782161,74.8695005977487,75.24488830566406,639424
2010-02-11,75.5368633124244,76.53790143942354,75.5368633124244,76.16251373291016,372267
2010-02-15,76.74646298659226,76.74646298659226,75.11977419732882,75.4117431640625,568140
2010-02-16,75.49516062225307,76.28764871284085,74.70267253166529,75.82884216308594,351311
2010-02-17,76.66304678912418,78.16460425369057,76.12081505284478,76.57962799072266,1069080
2010-02-18,76.95501113303469,77.78921179572342,76.32936063601815,76.82987976074219,646243
2010-02-19,76.16251974442223,76.32935732394218,75.11976896130825,75.87054443359375,623976
2010-02-22,76.57961933967759,76.91329449558904,75.07805568029346,75.28660583496094,569916
2010-02-23,75.07805633544922,75.41173785871813,74.66095602247451,75.07805633544922,396138
2010-02-24,74.91121625663669,74.91121625663669,72.40861446228729,72.6171646118164,709482
2010-02-25,72.7840118705595,73.32624360437558,71.82467978218435,71.99152374267578,647767
2010-02-26,72.78401181172177,75.07806375994222,72.28349265954475,73.57649993896484,1245104
2010-03-02,75.4117441503549,76.53791381645436,74.0353117298128,76.28765106201172,1128396
2010-03-03,77.12185230759651,78.24802834617414,76.3293641869531,78.08118438720703,622729
2010-03-04,78.41486125210808,79.79129360016725,77.7474981850352,78.74854278564453,1044090
2010-03-05,79.58274378376278,79.62444999785774,78.6651243358767,79.04051208496094,527635
2010-03-08,79.66616326249387,80.33352633821985,78.83196260005937,79.62445068359375,1114313
2010-03-09,79.91642734981662,80.04155235972746,78.12289462255703,78.41486358642578,388753
2010-03-10,78.62341611606918,78.74854749418294,77.78921541457242,78.08118438720703,317512
2010-03-11,78.24802532242327,78.70683187184899,76.95501173929092,77.83092498779297,348606
2010-03-12,77.95605303178641,78.66512871982208,77.20527749177779,77.2886962890625,476881
2010-03-15,77.49725475817961,77.74751117681593,75.20320258288845,75.5785903930664,554952
2010-03-16,75.91225195136933,76.4544835953396,74.91121381207444,75.03633880615234,970667
2010-03-17,75.74542548519248,76.24594462820247,73.53479237541507,73.99359893798828,746040
2010-03-18,74.24386102502997,74.4524111964486,73.07597879219645,73.40966033935547,736824
2010-03-19,73.40965141684322,74.24385200112553,73.40965141684322,73.82675170898438,573168
2010-03-22,73.61820816681792,75.28660948504609,72.53374476419123,73.74333953857422,1004195
2010-03-23,70.07284776130784,74.61923831432888,70.07284776130784,73.45136260986328,300887
2010-03-25,73.4513692892595,73.65991945037104,72.65887485836818,72.95084381103516,596412
2010-03-26,72.70058449769563,75.87054299978863,72.70058449769563,74.70266723632812,384962
2010-03-29,75.74541683560558,78.24801862932235,75.70370425993211,76.70474243164062,914205
2010-03-30,77.16355927271532,77.91434112231198,76.49619621430811,76.66304016113281,679029
2010-03-31,77.03842394369195,77.37210545574328,76.49619228216423,76.70474243164062,415673
2010-04-01,76.74645829271292,77.33039619046612,76.74645829271292,76.87158966064453,216338
2010-04-05,76.95501044683532,79.41589983404518,76.78817286156364,79.04051208496094,1662860
2010-04-06,79.66616223025443,84.1708470219224,79.29077448280123,83.54519653320312,3428503
2010-04-07,83.54520224932904,85.83925419825775,82.16876980708255,82.96125793457031,2286074
2010-04-08,82.1687665592543,83.62861774177912,80.75062795629432,81.20943450927734,911074
2010-04-09,81.79337213589535,82.7526977432541,80.20838970827678,81.2928466796875,1158049
2010-04-12,81.29286202147888,81.87680637577628,79.87472326644344,80.50037384033203,587637
2010-04-13,80.75062632299942,80.91746390899216,78.49828072542176,79.33248138427734,972323
2010-04-15,80.37523218941588,80.37523218941588,78.2063117497779,78.53999328613281,598985
2010-04-16,78.53999328613281,78.87367482248771,77.78921142044575,78.53999328613281,676325
2010-04-19,77.99775827059182,78.41485858219926,76.82987612520185,77.58065795898438,808851
2010-04-20,78.03947608412426,80.33352795190034,77.49724436976071,79.91642761230469,1611119
2010-04-21,80.29180778089419,81.29284595550116,79.95812626787671,80.70890808105469,1611634
2010-04-22,80.70890880003908,82.4190225917096,79.7078706165145,81.2928466796875,2281591
2010-04-23,81.29285873612211,83.33665434689526,81.29285873612211,83.04468536376953,2843792
2010-04-26,83.7537564772529,85.83925834987151,83.25323730071376,85.21360778808594,4068699
2010-04-27,85.29701662872792,86.7568677690729,83.2532275780233,83.54519653320312,3703880
2010-04-28,85.08847023892035,85.08847023892035,80.91746679583602,82.0019302368164,2120120
2010-04-29,82.6692801770313,83.3783494312101,78.2897269216117,79.290771484375,7130970
2010-04-30,80.08326721191406,80.91746791203818,78.41486581166586,80.08326721191406,3061412
2010-05-03,79.66616127874366,81.08429982379114,78.99879821963555,80.2500991821289,1343905
2010-05-04,80.79233216596512,80.95917611563702,77.83092365930554,78.2480239868164,979519
2010-05-05,76.95501297631841,80.70891604833395,75.28661161097817,80.2083969116211,1560522
2010-05-06,80.20839023221892,80.70890932725074,78.12288869921503,79.49932098388672,987986
2010-05-07,78.41486194413105,78.95709364535732,76.20422892494454,76.53791046142578,1695156
2010-05-10,76.82988102827902,78.83196392465145,76.82988102827902,78.41486358642578,914255
2010-05-11,78.62342249063568,78.83197268291852,76.87160214834906,77.70580291748047,1108440
2010-05-12,77.83091837125784,78.41485624432033,76.82987383457795,77.91433715820312,1089227
2010-05-13,78.33144714343456,78.66512869692252,77.705796617312,78.08118438720703,820075
2010-05-14,77.58065700916185,79.45760838841578,76.91329397298223,78.28972625732422,1207387
2010-05-17,76.82987905461192,78.9570932706957,76.16252234926209,78.2480239868164,1084646
2010-05-18,78.62341871576,78.66513129799257,77.62238038664297,78.45658111572266,1003755
2010-05-19,78.20631680141562,78.4565795609587,77.16356591073009,77.37211608886719,1126201
2010-05-20,77.16357015476068,78.12290229984434,77.16357015476068,77.62238311767578,692998
2010-05-21,76.78817881118582,77.3721167693267,75.28661496961439,77.16356658935547,760864
2010-05-24,77.4972464419378,78.45657852154834,77.4972464419378,78.08118438720703,839072
2010-05-25,77.62237658214097,77.99776434604938,76.41278176559337,76.49620056152344,1312713
2010-05-26,78.96801849552881,78.96801849552881,75.672261205947,77.14667510986328,1703645
2010-05-27,77.01658246981299,77.75378939922274,76.19263986411721,77.1900405883789,1454438
2010-05-28,77.97062635083019,78.49100739691167,77.36350961623178,78.10072326660156,1205268
2010-05-31,78.44762997854995,79.7052245215187,77.49359707433439,78.968017578125,1321622
2010-06-01,79.14147862052631,79.35830458934967,76.539566994646,76.88648986816406,805771
2010-06-02,78.05735117578358,78.05735117578358,75.84572357900159,76.84312438964844,928526
2010-06-03,77.62369915416633,78.27417708003924,77.1900472035844,77.79715728759766,771943
2010-06-04,77.88389197570561,81.26637185340262,77.66706600318639,79.61849975585938,2197938
2010-06-07,78.05736243742486,79.31495062989264,76.88650332426441,78.57774353027344,1232912
2010-06-08,79.14148726728972,80.44244322236845,77.88389915751527,78.18745422363281,1125709
2010-06-09,78.66445593320408,80.65925741941012,78.49099781136147,79.92205047607422,1249786
2010-06-10,80.2256035924211,80.65925550373149,79.57512572545552,79.83531951904297,803425
2010-06-11,80.22560407819927,82.04694079333075,80.00877812123116,81.61328887939453,2050955
2010-06-14,81.96021316584952,82.91424606977624,81.39646434448272,82.78414916992188,1394614
2010-06-15,83.17444176714748,86.99058008692445,82.17704100151211,85.99317932128906,4394169
2010-06-16,86.64366117099347,87.07731312218262,83.73819442142687,84.25857543945312,1379097
2010-06-17,84.822323116883,88.8986487544311,84.38867117173943,88.33489990234375,4495692
2010-06-18,88.68182531471061,88.9420191360296,85.42943563324201,86.99058532714844,1646627
2010-06-21,88.33490457987182,90.06951245229739,87.85789138515712,89.46240234375,3807284
2010-06-22,89.24557997044509,91.89085311271572,88.89865705852318,90.58989715576172,4169720
2010-06-23,91.06691698677984,91.58729804616061,89.41903811790395,90.58989715576172,1075969
2010-06-24,90.63325590457556,92.62805748516189,90.37306209249786,91.93421173095703,2036329
2010-06-25,91.06690118424105,91.76074688768409,90.50315237731895,90.71997833251953,811581
2010-06-28,90.89344836256431,91.06690649002968,88.68182084386223,89.20220184326172,979790
2010-06-29,89.54912279593327,91.50055646460979,88.9853739682483,90.06950378417969,1411258
2010-06-30,89.28893040690966,90.98017691674002,88.89864631379679,90.28633117675781,494020
2010-07-01,90.41642854930527,90.58988667669921,89.54912467832871,90.15623474121094,516235
2010-07-02,90.24297720974229,91.02354545873068,89.02875037564361,89.46240234375,349361
2010-07-05,89.46239138182486,89.85267545849712,88.89864256896253,89.1588363647461,221896
2010-07-06,89.3322986239102,94.10246990965298,89.3322986239102,93.62545013427734,4573652
2010-07-07,94.05910981877038,95.4034335750384,92.49796669410848,93.2785415649414,1794564
2010-07-08,94.49274533076854,94.83966817037863,92.80150558604822,92.93160247802734,1042610
2010-07-09,93.40861704159704,94.31928868257478,92.67141013161657,93.14842987060547,576734
2010-07-12,93.66881846063148,94.92640643205155,92.71478552193314,94.10247039794922,1169254
2010-07-13,94.49276061444459,95.75035528431471,93.66882452698103,95.4468002319336,1228745
2010-07-14,96.18400099636736,97.87524090468126,94.96977424878133,95.66361999511719,2510704
2010-07-15,95.4034375497119,97.31150365390445,95.4034375497119,95.83708953857422,1045566
2010-07-16,96.0972738272044,96.4441900902095,94.57949201704461,95.14323425292969,1072525
2010-07-19,94.75294993346904,100.60725118793965,93.88564604391783,100.17359924316406,2884526
2010-07-20,100.60725261119735,101.38782744623668,99.39302582524769,100.39042663574219,1777538
2010-07-21,100.39041705211869,101.12762397488915,99.08946132358152,99.69657135009766,1261555
2010-07-22,99.30629635704396,100.00014212249724,98.22216648415046,99.56649017333984,707771
2010-07-23,100.21696472167969,101.21435887754568,97.78851124138929,100.21696472167969,1692862
2010-07-26,97.13803433598625,100.8674436581871,97.13803433598625,98.0487060546875,674669
2010-07-27,98.22215750455673,100.26032015586436,98.22215750455673,99.69657135009766,1198275
2010-07-28,101.04091100207033,101.04091100207033,98.26554098615415,98.61245727539062,374339
2010-07-29,97.61505918720658,99.91340928971259,97.48496227534683,99.39302825927734,984231
2010-07-30,99.26292709856531,101.99493566266418,99.08946896817953,99.34966278076172,1674624
2010-08-02,98.69918899855948,101.64801704059771,94.18920463267054,100.34706115722656,3383344
2010-08-03,100.60724730036067,104.51011465252984,99.73994344432307,103.81626892089844,3007739
2010-08-04,104.07646879016592,107.97933636979714,103.25253272571192,106.72174835205078,3998114
2010-08-05,107.54567243583709,108.84662815078674,107.11202053085388,107.97932434082031,2161103
2010-08-06,108.75991624077938,110.32105937465418,107.76251537866258,109.02010345458984,2011323
2010-08-09,109.28029597355768,113.35662182735709,108.41299203725961,112.74951171875,2022586
2010-08-10,112.96633344462117,114.78767693579572,111.10163534547219,112.09902954101562,1662449
2010-08-11,112.74950273942284,113.13978683287334,108.4129834032912,109.06346130371094,1398422
2010-08-12,108.32625293063776,110.9281644984657,105.98452854939062,110.40778350830078,2882293
2010-08-13,110.14759721952018,114.00709699497746,110.14759721952018,111.96894073486328,2113482
2010-08-16,113.26989176868844,115.17795765362663,111.62200645996374,112.402587890625,2349373
2010-08-17,112.96632899466275,115.78506657034531,112.96632899466275,115.26467895507812,2504701
2010-08-18,115.7850646475835,117.25947855434691,113.83363097374782,116.1319808959961,2618974
2010-08-19,116.21872604252505,118.99409595793307,116.00190006110242,118.04006958007812,2845752
2010-08-20,117.47630213102113,118.7772578871432,116.78245641428809,118.08341217041016,1454188
2010-08-23,118.82063256517691,118.82063256517691,115.56824298766294,116.435546875,1084442
2010-08-24,116.56564421009175,116.99929617997157,112.66277648117338,113.22653198242188,1279592
2010-08-25,112.74950073170008,113.18315265759124,109.80066631223957,111.83882904052734,1550885
2010-08-26,111.8388416116431,112.66277771664858,109.97414341431451,110.45115661621094,1352854
2010-08-27,110.88479950287896,112.40258790671065,109.19355958721461,110.23432159423828,1086801
2010-08-30,111.01489741874771,111.88220130483167,108.41298576049581,109.62721252441406,771597
2010-08-31,110.14758773467425,110.14758773467425,105.20395849102164,108.15278625488281,775312
2010-09-01,108.41298433580965,109.97413395704669,107.80587427033049,108.80326843261719,473427
2010-09-02,109.8006708134708,117.0860247905028,109.58384484163655,116.435546875,3047185
2010-09-03,116.9125695736531,117.25948584363131,115.09122607124904,116.52228546142578,1188373
2010-09-06,117.21611220019612,118.64717151954777,117.21611220019612,117.56304168701172,1002841
2010-09-07,113.616812904678,118.38698443884387,113.616812904678,117.8232421875,907434
2010-09-08,114.13719445705298,124.28464707782281,114.13719445705298,121.50927734375,3001569
2010-09-09,122.72349503342984,123.07041128055776,120.20831915673601,121.8995590209961,1048585
2010-09-13,123.15715513894581,124.80502727325832,121.94293495934791,122.3765869140625,1663368
2010-09-14,123.28724599414711,123.50407197249349,120.12159200389299,121.2924575805664,1062531
2010-09-15,121.63936184298608,123.15714354156167,119.99148986384934,120.98888397216797,866778
2010-09-16,120.90215692513058,123.02706204200554,119.42774295950842,120.38178253173828,926498
2010-09-17,120.59860932249468,122.5066752458948,120.20832521630035,122.02965545654297,628984
2010-09-20,122.50666521793997,122.55003305596877,120.85879324489402,122.07301330566406,965286
2010-09-21,123.1571571698213,124.02446109355245,119.34102519900736,120.29505157470703,649792
2010-09-22,120.64197101719603,121.33580351107545,119.68793148710202,120.6853256225586,543641
2010-09-23,121.8562015595132,121.8562015595132,117.2594881065521,118.04006958007812,738510
2010-09-24,118.4737190289089,119.25428725186362,116.4355495531832,118.77726745605469,789219
2010-09-27,119.254283485354,120.42514901681298,116.56563616408141,117.04265594482422,1680095
2010-09-28,117.8232340118362,118.12678242072472,115.5682386949181,117.69313049316406,905491
2010-09-29,118.17014689054082,118.69053448237686,114.267279653789,114.52747344970703,1587062
2010-09-30,113.83364002208737,115.56824787004298,112.79287796011552,114.44075012207031,1743241
2010-10-01,115.00449926475648,119.51447677368661,114.78767329573093,118.12678527832031,1105677
2010-10-04,114.13718778296759,125.19531146639773,114.13718778296759,124.24127197265625,2837167
2010-10-05,125.75906088192808,125.75906088192808,123.07041359705657,123.7642593383789,2222365
2010-10-06,124.24129111886825,129.22828884266227,124.24129111886825,128.01406860351562,2490915
2010-10-07,128.10077864231795,130.6159677996377,125.93251897256306,128.4477081298828,1870034
2010-10-08,128.7946413109145,133.82500705268794,127.10340119302742,129.8354034423828,2691143
2010-10-11,130.7460517692968,132.17709778859214,130.35576769439862,130.9195098876953,941469
2010-10-12,130.31240929069935,134.8657547068469,128.23088525120616,133.1745147705078,1272126
2010-10-13,136.77380763942327,139.02880282994496,134.47545784578085,138.1614990234375,1948148
2010-10-14,138.9854516054416,142.15110558397504,137.12075349216968,140.28640747070312,2610040
2010-10-15,140.8501449500766,141.28379689048202,138.334968989328,139.15890502929688,1637636
2010-10-18,139.15888632090258,139.2889898259374,132.74084375934103,138.2482147216797,1599260
2010-10-19,137.90131472610327,139.46246433206807,135.29940312749756,136.07997131347656,849517
2010-10-20,134.4321122423705,136.5570042729483,132.26385236749357,134.2152862548828,1405579
2010-10-21,134.64893406388646,138.4217114230477,134.43210808310727,137.8579559326172,947087
2010-10-22,138.72524075198302,140.19965457143965,137.55438855741707,139.59254455566406,1196926
2010-10-25,142.84495992453378,142.84495992453378,139.67930575617365,141.58737182617188,1505924
2010-10-26,142.06439154453557,146.57436949766196,141.28381003875847,145.88052368164062,1905919
2010-10-27,146.57434799037492,150.26038928599084,145.49021819754668,147.65847778320312,1942973
2010-10-28,149.00279619776234,149.17625431178885,139.98282869432046,141.5006103515625,1861732
2010-10-29,145.70704252303594,145.70704252303594,136.68708804140283,138.59515380859375,2197138
2010-11-01,140.15631528902574,142.628123459308,137.1207516443229,140.80679321289062,1248391
2010-11-02,141.63072106873733,146.14069843292236,139.63591957092285,145.70704650878906,1567014
2010-11-03,147.44166407145497,151.34453164981701,146.57436016515229,150.34713745117188,1881793
2010-11-04,155.3341244693518,155.3341244693518,148.65587425259181,149.52317810058594,899897
2010-11-08,150.26039891610532,150.73741870232294,146.5743573842528,148.69924926757812,591901
2010-11-09,148.74260850581572,150.8675002662404,147.44165274628963,149.3063507080078,981168
2010-11-10,149.87010520737394,149.87010520737394,147.18145802755745,147.65847778320312,458900
2010-11-11,147.65849511926615,150.04358094351275,144.88312517058077,146.44427490234375,534188
2010-11-12,147.00799569125593,148.178861127532,138.11813164502954,139.3323516845703,1073922
2010-11-15,139.63592474166327,143.79898601430307,134.21527548926952,142.2812042236328,1201881
2010-11-16,143.10511786806182,146.7477909488115,134.64890635767634,135.906494140625,2092215
2010-11-18,138.2916099959268,141.80419358473557,128.5778085561899,140.9368896484375,2250963
2010-11-19,141.93427946879686,141.977647311065,132.91432410533315,134.77902221679688,976602
2010-11-22,135.29940829539862,139.63592779204603,133.78162647157205,137.6844940185547,858738
2010-11-23,136.12333258645782,137.72784995512575,133.13113703921798,136.6870880126953,1046089
2010-11-24,156.11468758070765,156.11468758070765,129.3150048396219,131.17970275878906,1044405
2010-11-25,131.17970306072144,132.00363904471482,126.40953204033156,126.97327423095703,1204546
2010-11-26,128.36096433767824,128.36096433767824,113.79025763092439,118.73388671875,1525889
2010-11-29,119.51446964150706,121.85618732043665,118.21351390498994,120.16494750976562,1428110
2010-11-30,119.68793640319029,128.92471750592063,117.95332862923101,127.66712951660156,1502037
2010-12-01,128.40433371536034,135.0825705094771,127.4936620538885,133.56478881835938,1418132
2010-12-02,137.0340075470116,138.63852495429757,135.08257389523456,136.38352966308594,2107453
2010-12-03,136.42689401748717,136.81717809107252,129.2282696391113,129.7486572265625,2128599
2010-12-06,131.74344822338747,131.7868160622615,126.53962517465844,127.40692901611328,1419076
2010-12-07,126.84318678488438,127.1901030277875,122.7234935388796,123.93771362304688,878534
2010-12-08,121.63936182088804,124.02444734678781,118.30023679102591,119.08081817626953,974090
2010-12-09,118.82063429176351,120.03485445807644,111.88220309224448,112.83624267578125,948539
2010-12-10,112.74951008504767,121.42254932235903,109.84404326394913,120.29505157470703,1503734
2010-12-13,122.28985421768742,126.45291573147406,120.85880802576438,125.54224395751953,1202629
2010-12-14,126.45290469128219,128.794622452712,124.89175510566012,127.75386047363281,725748
2010-12-15,128.36097305031993,128.7512571459013,122.33321378698804,123.89436340332031,874044
2010-12-16,123.89437506701866,126.06263495104763,121.94294117139258,125.23868560791016,899050
2010-12-20,125.58559796555873,125.58559796555873,123.2438802576594,123.85099029541016,345262
2010-12-21,124.50146771296698,126.58299161587301,124.28464175499735,124.93511962890625,451431
2010-12-22,125.75905562238964,127.2768373281771,117.08601730360414,124.93511962890625,1234178
2010-12-23,125.3254070598678,127.92731862512457,121.68273351530964,124.2846450805664,1111718
2010-12-24,125.32542862625476,125.6723449343848,123.11380076840143,124.41475677490234,475290
2010-12-27,125.10858248419751,125.45549873647822,122.63676117617567,123.28723907470703,312102
2010-12-28,123.3739830370051,123.50407333184178,121.42254921040924,121.856201171875,298994
2010-12-29,122.24648715686114,123.33061707707807,121.8562030323846,122.550048828125,214963
2010-12-30,122.28984348184036,129.05481619359455,122.07301751822008,126.53962707519531,1720151
2010-12-31,127.14676666259766,128.75127105870456,125.93253317023776,127.14676666259766,779274
2011-01-03,128.36097289831812,130.26903876757285,127.19010737895371,127.71049499511719,1427218
2011-01-04,127.4936778014188,128.751265854019,125.06522414887594,125.54224395751953,473913
2011-01-05,124.89174872922469,125.15194251921176,120.98888158143642,121.37916564941406,780412
2011-01-06,121.85619017736633,123.37397190555416,119.03745268216034,120.94551849365234,1304905
2011-01-07,120.98889661031733,121.20572258990572,116.43555103896131,117.43294525146484,530303
2011-01-10,116.91256381385548,118.21351961319215,111.62200493628372,112.87959289550781,477536
2011-01-11,111.01489583333333,116.04526094758262,110.49451483251526,113.83363342285156,728578
2011-01-12,116.2620957720358,118.38698777765366,112.83624785677341,117.51968383789062,758643
2011-01-13,117.953330890353,120.33841662526822,111.44855161331148,112.09902954101562,1236347
2011-01-14,112.31584442986383,112.74949633885944,108.4129772489033,109.28028106689453,924353
2011-01-17,104.94377400016448,110.84144328499177,104.94377400016448,107.89260864257812,423039
2011-01-18,108.49971826036939,110.7547071121709,105.07387044869054,108.022705078125,1002974
2011-01-19,108.93337482720253,111.66538359387086,107.15540569940545,109.49712371826172,528987
2011-01-20,108.41298606711477,114.13719702506127,107.1120302343094,112.9663314819336,630024
2011-01-21,112.74950504959979,115.09122289229008,109.54048332191259,113.70354461669922,1240287
2011-01-24,111.36180977940771,115.52487093361128,111.36180977940771,113.87699890136719,967938
2011-01-25,111.96893210482085,115.35141181945801,110.27768563049904,111.014892578125,1048611
2011-01-27,111.88220364216349,112.5326815703156,108.23952989131313,110.53787994384766,832883
2011-01-28,110.84143827917165,112.35922006599989,106.67837701706998,110.23432159423828,1226779
2011-01-31,111.0148991923046,117.4329427582568,107.1987607091684,112.83624267578125,2391676
2011-02-01,111.36181600603886,114.05046340267054,108.93336904447318,110.53787994384766,791759
2011-02-02,111.36180832732141,112.66276409392098,108.97672937222539,109.5838394165039,446925
2011-02-03,109.49711690435768,112.09902859317411,107.8492381780399,111.14498901367188,664016
2011-02-04,111.36181274324463,112.92296237187097,106.46155112167459,107.7191390991211,757355
2011-02-07,108.23952956593943,109.88740168536826,105.37742404387231,108.7599105834961,764465
2011-02-08,109.10684050267056,109.9741444601894,105.03050793212961,105.89781188964844,637789
2011-02-09,105.89780494116482,106.67837977511516,102.03830523024868,102.90560913085938,639987
2011-02-10,102.90561349246687,103.90301434384428,100.95417963338218,101.99494171142578,968007
2011-02-11,104.1631922841858,107.06865889238725,101.56128070364657,105.85443878173828,1048814
2011-02-14,108.93336020190867,111.83882672173883,106.72173939591995,111.5352783203125,642105
2011-02-15,114.484111328125,133.73825467741736,112.96632954915364,113.83363342285156,2490938
2011-02-16,114.39737917994331,114.39737917994331,110.8848023531943,111.27509307861328,1779452
2011-02-17,112.74951536548272,118.8206431159318,112.01230170218204,117.21612548828125,3073140
2011-02-18,118.30023429283241,119.47109972896914,114.44073498831662,115.65496826171875,1013995
2011-02-21,116.65236998088007,117.95332577992335,113.6601742898819,117.56304168701172,494742
2011-02-22,119.68793839764555,120.55524229907776,115.26468320673834,115.9151611328125,884415
2011-02-23,116.43555297935377,116.82583710231542,111.18836153906925,112.27249145507812,543018
2011-02-24,112.22912541061362,112.40259678716191,108.02270920947704,109.02010345458984,808581
2011-02-25,109.36701771605073,111.23172237755468,107.54568089525755,110.23432159423828,496676
2011-02-28,110.9281777051543,116.56564682295395,110.49452572555401,115.56825256347656,1219731
2011-03-01,116.99928341382363,119.25427870475242,116.21871524681328,118.69053649902344,857219
2011-03-03,117.51968026373646,121.85619983066401,116.30546007859974,121.2924575805664,1181422
2011-03-04,122.28983729736585,125.28203279720233,120.46849400146229,121.37916564941406,1037255
2011-03-07,119.6879305813482,120.29504062590158,116.69573496361578,119.0374526977539,367916
2011-03-08,119.03746847428019,123.11379443825537,117.56305438952425,122.24649047851562,420777
2011-03-09,122.98368830822545,128.36096951968108,122.98368830822545,126.79981994628906,1334379
2011-03-10,126.62637165914393,126.62637165914393,123.20052383982475,123.67754364013672,533459
2011-03-11,121.50926612530667,126.53961751400432,121.42253045280957,125.15193939208984,1055659
2011-03-14,124.89174983638743,125.15194362868111,123.59079410892507,124.24127197265625,287695
2011-03-15,121.42254910129166,124.24128684828594,119.55785096226772,123.41735076904297,319324
2011-03-16,124.89175557842287,126.88655709904623,123.63416763085814,125.10858154296875,646990
2011-03-17,124.8917642189217,125.75906813710864,123.50407265621955,124.50148010253906,438214
2011-03-18,125.15196101181455,125.15196101181455,122.55004919549411,123.37398529052734,531856
2011-03-21,123.41734117626389,127.40693096766267,122.073017554616,124.63156127929688,862386
2011-03-22,124.71830853315376,125.32541864101455,123.59081077055068,124.11119842529297,383791
2011-03-23,124.02445505388107,124.84839109450057,123.80762908350715,124.4581069946289,537790
2011-03-24,124.54484973090744,126.27945759215123,123.46071981763008,125.54224395751953,648921
2011-03-25,126.6263741986024,128.75126618732534,126.19272223216885,127.58041381835938,1358094
2011-03-28,128.18753330456872,131.87357528897675,126.23609931282328,128.62118530273438,1683744
2011-03-29,128.23088361311818,130.3124076260209,126.62636614575075,127.10338592529297,717276
2011-03-30,127.10339881751189,129.74867855964393,126.19272700674405,127.14676666259766,883712
2011-03-31,128.36097349374373,128.96808355941278,123.6341700220255,124.71829986572266,1676616
2011-04-01,124.02445549089359,127.06001908682454,122.37658340384816,126.49627685546875,659048
2011-04-04,128.36097046320833,128.36097046320833,125.93251702385983,126.53962707519531,1069998
2011-04-05,126.62636739284478,130.52923488098043,125.84579918882048,129.5751953125,1879190
2011-04-06,129.57519889879356,135.12595186484285,129.57519889879356,134.08518981933594,1603707
2011-04-07,134.4320883751387,135.2993921711073,132.17709321201795,134.82237243652344,1573623
2011-04-08,133.82498299839324,135.29939685578972,129.0114441172995,130.9195098876953,1759612
2011-04-11,130.44250298454273,133.91171863023808,130.31241269143212,130.962890625,458228
2011-04-13,130.96288938945733,135.73306085728524,130.96288938945733,135.03921508789062,860229
2011-04-15,135.5595936738659,135.9498777574688,132.61075265929682,134.4754638671875,996544
2011-04-18,134.43209648132324,135.60296197008574,131.2230748895381,131.83018493652344,571775
2011-04-19,137.03400061314494,137.03400061314494,129.22826640100376,132.65411376953125,640752
2011-04-20,133.1745343740066,135.9065367322473,133.04443083113242,134.99586486816406,752825
2011-04-21,134.5188432211959,135.51623743511533,132.7408675392457,133.08778381347656,272505
2011-04-25,133.39136196753878,137.77124994964439,133.13116811269907,136.90394592285156,746480
2011-04-26,137.46767342925833,137.85795755244519,134.9091294728024,136.16671752929688,551395
2011-04-27,136.4268993684165,138.55179117150686,135.34276954704322,135.86314392089844,333568
2011-04-28,136.12334827478068,137.90132396643241,135.08258621240157,135.94989013671875,1248236
2011-04-29,136.38356211347278,136.38356211347278,131.43993166617744,132.30723571777344,854972
2011-05-02,132.30721967372804,142.49804104420585,130.31241795015208,139.2456512451172,4212013
2011-05-03,141.37052473674953,142.0643704497434,131.22307254048346,131.87355041503906,3508725
2011-05-04,131.52664203852115,132.69750769413153,127.75387770134792,130.8328094482422,2601426
2011-05-05,131.5700054689735,135.03922123998933,130.09559141309336,130.87615966796875,1152499
2011-05-06,133.34797279027262,137.03401431455657,130.96288709808888,135.08258056640625,975940
2011-05-09,135.99325579181027,137.03401783744508,131.91693005990294,132.87095642089844,1085930
2011-05-10,133.47805786132812,135.08257528512323,132.5673994016674,133.47805786132812,428994
2011-05-11,133.78163376809113,135.5596095054897,133.08778796398337,134.95249938964844,415055
2011-05-12,134.43209893864108,135.5162287687914,132.7408590504079,133.0010528564453,456251
2011-05-13,127.0166468533186,135.25603347162615,127.0166468533186,134.69229125976562,351742
2011-05-16,134.2586522394826,134.5622006773559,132.6541346606956,133.5214385986328,263332
2011-05-17,132.870951789911,134.86575336102334,130.52923396034734,131.04962158203125,293958
2011-05-18,131.65673897902974,131.74346143146585,128.44771709072427,129.01145935058594,415134
2011-05-19,129.92212201463607,130.52923207516105,126.62636467092034,127.23347473144531,559469
2011-05-20,127.75386047363281,129.66192630761242,126.92992445827873,127.75386047363281,437105
2011-05-23,126.71311291625632,127.32022303698281,124.63157548718365,125.23868560791016,422217
2011-05-24,124.11117497827836,126.62635062168225,123.02704526405162,123.98107147216797,242868
2011-05-25,123.93772755712696,124.41474737025395,121.76946771019327,123.37398529052734,293962
2011-05-26,123.80762966581693,124.41473973891794,122.37658354822116,123.02706146240234,434719
2011-05-27,121.59599918532685,124.63156271180651,121.59599918532685,123.28723907470703,784439
2011-05-30,123.15715175163575,124.8483916817054,122.46330599637443,123.02706146240234,430405
2011-05-31,123.37397150826627,124.80501755377541,122.55003550527596,123.24388122558594,1399945
2011-06-01,124.15454388531131,127.9706888595067,123.59080166255852,127.36357879638672,967782
2011-06-02,125.97589572053,128.3609815259101,124.24128786207176,127.45030975341797,519124
2011-06-03,127.71049655023768,128.36097446135943,124.06782289475726,124.4581069946289,265901
2011-06-06,124.76167353447872,125.23868010078318,122.50667806064438,123.67754364013672,146203
2011-06-07,123.67752559767827,126.3661594030157,122.81022180872962,125.15193939208984,249597
2011-06-08,124.89175847837902,126.40954026544266,124.50147437993547,125.19532012939453,218718
2011-06-09,124.84839441547379,126.06262782227058,123.7642645347663,124.15454864501953,129504
2011-06-10,124.54483982056885,125.23867232265023,121.68273443045979,122.46330261230469,238167
2011-06-13,121.63936937976797,124.89175893537674,120.33841355752446,124.4581069946289,429120
2011-06-14,125.15194609515657,125.75905613313599,123.24388030407577,125.41213989257812,302576
2011-06-15,125.15195835187238,126.19272040947894,124.15455090307677,125.67233276367188,370753
2011-06-16,125.15195220044407,128.27423821979815,124.5014742921611,127.10338592529297,530729
2011-06-17,127.58040696132521,133.56479848286367,125.88915379592746,129.5751953125,1180558
2011-06-20,130.312407717892,130.35577555860948,124.50147437993547,125.19532012939453,288760
2011-06-21,125.5856132113528,126.9299369657169,120.59861555426599,121.4659194946289,315698
2011-06-22,121.6827382522442,122.98369408551693,119.90476263330339,122.28984832763672,309552
2011-06-23,122.246476209115,124.6749296597231,121.03225610081427,123.20051574707031,301847
2011-06-24,124.67493900418278,126.92993449890496,122.72350517629121,126.14935302734375,303889
2011-06-27,125.67233348652778,129.92213066104307,125.10859122866718,128.53443908691406,295440
2011-06-28,129.66192237640124,130.87614244284532,127.66712092380921,128.27423095703125,316632
2011-06-29,129.66192971773793,129.9221235278525,126.53963046437691,127.10338592529297,291070
2011-06-30,127.40692813161617,128.75125172333975,126.7998180936138,127.32020568847656,720032
2011-07-01,129.05480996990624,129.0981778073402,127.88394452921925,128.31759643554688,626543
2011-07-04,129.61917883718857,131.05540796487716,128.63178329668673,129.8884735107422,385443
2011-07-05,125.6695746715506,131.50423349558687,125.6695746715506,129.70895385742188,1035376
2011-07-06,126.5672062725883,130.29240580114376,126.5672062725883,128.45225524902344,665299
2011-07-07,128.99082942420097,131.234928800742,127.73413925209621,130.83099365234375,391992
2011-07-08,130.38218615339596,131.59400541051676,128.40738125396314,128.856201171875,129461
2011-07-11,128.63177045827163,128.99082085590985,126.5671964296153,127.46483612060547,144673
2011-07-12,127.01602534130521,127.46484521883632,124.63728546914857,125.08610534667969,140981
2011-07-13,125.49004325306473,129.75383218325075,125.44515852494673,128.36248779296875,660009
2011-07-14,125.71443932204073,130.06798353107942,125.71443932204073,128.58688354492188,424999
2011-07-15,128.40737123734394,130.06799658594,127.7341414129925,129.4396514892578,261056
2011-07-18,130.60658713652023,130.8758818081397,129.260127475319,130.20265197753906,166023
2011-07-19,130.11288440308763,132.8506884931707,129.75383396699968,131.9530487060547,344133
2011-07-20,132.85069225870734,133.29951216498677,126.74673879392796,127.37508392333984,530027
2011-07-21,130.15776069917243,130.15776069917243,126.56720178333319,126.7467269897461,164143
2011-07-22,127.46484477645556,130.15776403229617,127.24043483846884,129.5294189453125,255555
2011-07-25,129.48453847834907,131.05540809593734,128.85619337069295,130.42706298828125,305196
2011-07-26,130.42706187769048,130.8309970365373,125.17586372199388,127.82389831542969,529575
2011-07-27,129.12548782664604,129.12548782664604,121.54042072842951,122.34830474853516,963559
2011-07-28,121.40577159617698,122.7073464450749,116.33411267923519,122.12388610839844,1999100
2011-07-29,122.03411978610629,125.93885812978436,120.41836551641552,124.36798858642578,1005581
2011-08-01,125.93887495178357,126.29792541660957,122.25854605127942,123.02154541015625,270072
2011-08-02,123.42546954586732,123.42546954586732,120.50814026569228,121.54042053222656,953772
2011-08-03,120.01443367438466,120.50813828382793,117.14198916975452,119.5207290649414,848694
2011-08-04,121.00185349623156,121.98924910474423,117.23176889748946,117.90499877929688,576444
2011-08-05,117.6805832108949,117.6805832108949,112.38450017491112,113.91049194335938,945770
2011-08-08,112.11521479880416,118.03963623641759,109.55694268352204,115.12230682373047,552693
2011-08-09,113.32702136152896,116.73805523891853,110.09551954784031,114.8081283569336,453059
2011-08-10,116.51364805810245,119.2963232027385,113.59631872616215,114.4490737915039,697783
2011-08-11,112.47426688728036,116.06482599814713,112.47426688728036,114.00025177001953,488253
2011-08-12,114.85301051304101,115.79553504933348,111.39709862738233,111.80104064941406,410754
2011-08-16,112.20497060186837,113.6411928558827,105.83172964137182,106.9986572265625,342137
2011-08-17,107.26795641447369,108.16559621710526,104.21597971583668,106.5947265625,667233
2011-08-18,106.68449308231087,107.67189553169733,100.62542419252539,102.28605651855469,652521
2011-08-19,98.96478702807357,102.33093624671554,95.64352253839276,100.13172149658203,650411
2011-08-22,100.35611874601824,103.27344769969962,97.4836676671713,101.07422637939453,378907
2011-08-23,101.43329732411509,102.95928224359417,100.0868376251224,101.927001953125,345061
2011-08-24,101.70258866900733,103.9466880937564,99.72777706615936,100.71517944335938,352268
2011-08-25,101.25377383899468,101.43329906255794,96.13722278606215,97.43880462646484,736961
2011-08-26,97.16949672879868,99.41359596041066,95.1498074203479,95.77815246582031,373975
2011-08-29,97.03485770379082,99.63801440477637,96.13721793437843,97.07974243164062,505199
2011-08-30,98.29155183271929,99.36871678465766,97.93249456592392,98.74037170410156,281859
2011-09-02,98.74037607348981,100.35613042134432,97.3939163997604,97.7978515625,266692
2011-09-05,97.25926871404019,97.93249854849148,95.86793116524301,97.30415344238281,120880
2011-09-06,97.93250230436394,100.31124918034362,96.04746006529545,96.90021514892578,304975
2011-09-07,97.66320726487643,101.2986441330896,97.03485533257385,99.77265930175781,742374
2011-09-08,99.90731570264843,103.4978750184892,99.09943848689458,100.76007080078125,1202195
2011-09-09,100.76006632411985,101.88211606046862,97.03485982975229,97.528564453125,585515
2011-09-12,96.27187193728261,96.8553391975013,91.69391016589873,92.95060729980469,691970
2011-09-13,95.14980973284771,95.14980973284771,91.11043101777399,91.51436614990234,903937
2011-09-14,91.69390053190648,92.36713033485962,89.53956379276691,90.66161346435547,998239
2011-09-15,91.11044144057009,92.4569011662928,90.7065062622326,91.69390869140625,973068
2011-09-16,91.82854951646357,92.99547708686907,89.36004019449894,90.0781478881836,1740375
2011-09-19,89.40492627572334,90.3923287254107,89.04586897171473,89.27027893066406,467955
2011-09-20,89.1805076972516,89.9883848410755,88.0584580109539,89.31515502929688,1174165
2011-09-21,89.76397605140374,91.24508302594147,89.31515617114673,89.8088607788086,1235092
2011-09-22,88.86633861983023,88.86633861983023,86.26318187642842,86.57735443115234,1413636
2011-09-23,85.27577694473952,86.80176179279256,83.57026003615516,85.36553955078125,1106216
2011-09-26,85.54507668940069,87.78917621589653,83.25609243299563,83.88443756103516,416918
2011-09-27,85.18601326671903,86.12853089096839,84.55766133543835,85.14112854003906,384250
2011-09-28,85.72460623466874,86.17342616259894,84.4230311830506,85.05137634277344,478538
2011-09-29,84.82694836587955,85.27576819850324,82.58284920276104,83.57025146484375,1123846
2011-09-30,84.01908450853978,84.91672431493112,82.8970347505506,83.12144470214844,449656
2011-10-03,82.22380477373858,82.58286206545192,80.78758245533339,81.05687713623047,546567
2011-10-04,80.87734562177288,81.28128764589354,77.24190849537653,79.97970581054688,942720
2011-10-05,80.78757702464789,81.05687168744248,79.26159219800587,79.66552734375,338898
2011-10-07,78.13953660918527,83.48048994706483,78.13953660918527,82.22379302978516,510084
2011-10-10,82.49309787139666,84.3332553273822,81.8198680305231,83.43561553955078,682188
2011-10-11,84.28838002735333,85.32066718465015,83.74979750785663,84.9167251586914,529487
2011-10-12,85.32065934483663,88.77657094654121,85.27577461881607,88.05845642089844,1285623
2011-10-13,88.41752524125685,89.58445978585084,87.87894270084755,88.46240997314453,604793
2011-10-14,90.88603337447861,90.88603337447861,88.05846652202737,89.27027893066406,232387
2011-10-17,90.48209226011431,90.48209226011431,88.86633792215055,89.22539520263672,217312
2011-10-18,88.41751532103038,88.68680998524512,87.02617097000052,87.47499084472656,149967
2011-10-19,88.68681264003925,89.5395676881664,88.28287063162534,88.95610046386719,148569
2011-10-20,88.8214576373047,88.9561049802789,87.51988263493375,88.55216979980469,109196
2011-10-21,89.09074796594538,89.18051057405523,86.80176379268043,87.3852310180664,118915
2011-10-24,87.7891726723146,89.04586287766777,86.62223822626041,86.89153289794922,328190
2011-10-25,86.71200288333749,87.25058539099585,80.56317165330418,83.16632843017578,2152588
2011-10-28,86.08365544397334,88.50728008729035,86.08365544397334,87.92381286621094,491500
2011-10-31,87.96869579004205,92.68130449308002,86.44271094938983,91.9183120727539,1420819
2011-11-01,90.39231998876355,92.63641936135895,88.91121988160883,89.31515502929688,616558
2011-11-02,89.31515610008908,90.66161573978891,88.05845906667966,89.53956604003906,357172
2011-11-03,89.98839222918748,91.11044200760627,89.31516236213619,90.61673736572266,337611
2011-11-04,91.46949768066406,91.78367024334773,90.6616204848716,91.46949768066406,335801
2011-11-08,97.21439864575885,97.21439864575885,92.14273211567169,93.13013458251953,652174
2011-11-09,93.66871022251523,94.07265223495247,90.07815108146282,90.75138092041016,464014
2011-11-11,93.71359645844966,93.71359645844966,88.73169283073113,91.73878479003906,549598
2011-11-14,92.6813080138286,92.90571796059331,88.86633891882839,89.18051147460938,169601
2011-11-15,88.8214632102066,89.71910308842374,85.27578843062841,85.76949310302734,292033
2011-11-16,85.949008328927,87.25058326136967,83.66002416668866,86.62223815917969,234568
2011-11-17,86.21831195311816,88.7765842040339,83.92932755319696,85.27578735351562,199634
2011-11-18,84.82696102869127,84.82696102869127,82.71750887015419,83.66002655029297,261626
2011-11-21,82.80726844316901,84.73719531045006,82.5828585015886,83.52538299560547,245042
2011-11-22,83.48050442076165,83.9293243370023,81.90963471391935,82.26869201660156,275842
2011-11-23,82.40333684381936,82.40333684381936,79.9348273799064,81.05687713623047,440034
2011-11-24,81.19151671136382,84.42302545184344,79.53088446044676,82.89703369140625,561014
2011-11-25,82.8072696668784,83.92931939136184,81.59545733412588,82.17892456054688,181542
2011-11-28,82.58285619857463,84.78207082535323,82.58285619857463,84.37813568115234,269996
2011-11-29,84.60254674080034,85.27577655571386,82.13403741945072,82.76238250732422,255106
2011-11-30,83.30098061800139,85.27578554384792,81.7749887676213,83.25609588623047,1410409
2011-12-01,85.09626205794778,87.96870689050311,82.0891630273196,82.6726303100586,653161
2011-12-02,83.43561014717693,84.64742926118896,82.58285514322917,84.15372467041016,559291
2011-12-05,85.18600792608386,85.18600792608386,82.40332625757709,82.71749877929688,765422
2011-12-07,83.30096865814606,84.24348625397737,82.13403428412913,82.35844421386719,519449
2011-12-08,83.12144003371998,83.12144003371998,79.2615931920904,79.62064361572266,537794
2011-12-09,79.17182550879566,80.24899734913215,77.19702074085077,79.57576751708984,339702
2011-12-12,79.97970386950398,80.96710626819947,77.28678450118096,77.96001434326172,247293
2011-12-13,77.19701877881829,78.22930586473623,76.38914163121086,77.55607604980469,332749
2011-12-14,77.91513718332205,78.81277698106332,76.65844009679462,77.69072723388672,251085
2011-12-15,77.64584037090648,77.9151350422079,76.29938071129538,77.24190521240234,144789
2011-12-16,78.49859307926349,78.81277246924554,75.17732875713341,76.2544937133789,285291
2011-12-19,75.62615532349625,76.65844249285384,71.81118606385401,72.3946533203125,494587
2011-12-20,73.2474071169535,73.2474071169535,69.2080279724695,69.56708526611328,247180
2011-12-21,71.63165618595802,72.08047606970851,69.2080247046366,70.73401641845703,283072
2011-12-22,70.15055578645095,73.60646784612183,68.40015396640696,72.84347534179688,264773
2011-12-23,74.95292043868045,74.95292043868045,69.79149178571743,70.19542694091797,269334
2011-12-26,70.91354376222459,72.48441340252704,70.24031391638069,71.1828384399414,196121
2011-12-27,71.22771367532876,71.54188622203183,69.34267154666246,69.70172882080078,191455
2011-12-28,70.91355319498565,70.91355319498565,67.77181349647363,68.26551818847656,355691
2011-12-29,67.45763353245393,68.22062600625527,65.97652646657583,66.42534637451172,442023
2011-12-30,66.42534036617558,67.50250530841016,65.5725853576105,65.84187316894531,301591
2012-01-02,66.42534036617558,66.42534036617558,65.30329069782802,65.84187316894531,161735
2012-01-03,66.51511624737901,68.57969078863796,66.51511624737901,68.26551818847656,481381
2012-01-04,69.07338509748686,69.56708976422536,67.81669476115015,68.89385986328125,1485192
2012-01-05,68.89385712611642,70.01590691644404,68.44503720998536,69.25291442871094,1665851
2012-01-06,69.11825939008722,69.56707925625662,68.04109445065974,68.98361206054688,263823
2012-01-09,69.74660841793376,71.94582999592687,68.93873809178123,69.38755798339844,666118
2012-01-10,70.73402365661306,72.03559871329946,69.52220436772389,71.76630401611328,2801232
2012-01-11,72.03558627017424,73.33716110203204,71.18283129046704,71.9458236694336,1441139
2012-01-12,72.03559415572784,75.0426861246262,71.27260169323843,74.54898834228516,889870
2012-01-13,75.04268374848608,76.65843808131882,74.81827380495088,75.40174102783203,644607
2012-01-16,74.95292390856693,75.71591637507228,73.65134892737831,75.31198120117188,255764
2012-01-17,76.29938015226504,77.19701991876228,75.62615032739211,75.94032287597656,541523
2012-01-18,74.14504520198415,76.29938206528172,73.60646269827178,74.05528259277344,360016
2012-01-19,74.72850676617553,76.20961367537484,74.54898156137156,75.80567169189453,308466
2012-01-20,74.63874521604417,78.63323929105209,74.63874521604417,77.87024688720703,777376
2012-01-23,78.09466313641254,80.78758255490952,78.09466313641254,78.94741821289062,708578
2012-01-24,79.03718094982828,84.73719186448119,77.91513128755614,84.15372467041016,1437932
2012-01-25,84.60255019213193,85.23089530563854,81.05687576165523,81.86474609375,1089734
2012-01-27,82.62774012303295,82.76238060416128,79.21670639986372,79.44111633300781,1328669
2012-01-30,68.13086776195844,79.21671882895536,67.4127531238462,77.19702911376953,1189284
2012-01-31,78.00490400711597,79.80018369957688,77.87025666049169,78.58837127685547,1633785
2012-02-01,78.99230399937719,79.62064913272019,77.0174991387721,79.17182922363281,759115
2012-02-02,79.88993636883603,81.01198603693766,77.6907217587359,78.13954162597656,1486919
2012-02-03,78.18441337931564,79.03717516934323,76.92771647979147,78.8576431274414,599562
2012-02-06,80.78757576320481,83.1214376933412,79.03718102771444,82.58285522460938,1476331
2012-02-07,83.92932893540429,87.43012584357615,83.83956631692783,86.53248596191406,2573183
2012-02-08,87.43012101268044,88.86634337429246,85.27578404603821,88.50728607177734,2422176
2012-02-09,89.49468244807952,90.57185428257408,87.20570514061852,90.03327178955078,1949970
2012-02-10,90.25768796366926,92.00808289895289,89.04586871014381,90.84114837646484,1166901
2012-02-13,89.85374646702158,91.51437879860977,87.20571168274165,87.69940948486328,1061118
2012-02-14,87.92381752641171,91.06555689272379,87.34035712285527,89.85374450683594,942522
2012-02-15,89.85373942965043,93.53406110968406,89.80886155030794,93.17501068115234,1301156
2012-02-16,93.6238266092352,95.32933661803916,91.2899578317079,94.6112289428711,961023
2012-02-17,96.94509452683133,99.54825121251916,95.14981499855668,97.88761901855469,1621638
2012-02-21,99.9970687136615,100.31124125393954,97.03485482315935,98.74037170410156,795196
2012-02-22,99.63802076763182,100.0419559502834,95.23958424693858,96.09234619140625,1615272
2012-02-23,95.50887279215965,95.59863539937088,90.2576815131514,91.33484649658203,1881174
2012-02-24,91.55924978968527,93.13011927137104,90.12302763326204,91.28995513916016,726202
2012-02-27,91.69390081084032,91.82854814153008,87.07105478014317,87.78916931152344,859759
2012-02-28,88.01358838076797,91.82855767170015,87.07106381657005,90.84114837646484,1029895
2012-02-29,90.84114294435815,94.29706157412832,89.85374055661583,91.55925750732422,727042
2012-03-01,91.78365971564038,92.90570934541593,89.58444518065927,91.28995513916016,389153
2012-03-02,91.78366418537789,93.66870628551027,90.88602443784363,92.72618865966797,559622
2012-03-05,91.55926011009993,92.1427273530402,88.50728340340694,89.13563537597656,420702
2012-03-06,87.25059025158765,90.39232971113894,85.27578533067769,87.16082763671875,1100940
2012-03-07,87.07105846545797,88.2379929162299,85.90412401468602,87.3852310180664,390832
2012-03-09,88.37263203641788,90.66161617425598,88.37263203641788,90.30255889892578,367967
2012-03-12,92.23247805332045,94.25216735375811,91.24507576501816,92.14271545410156,453544
2012-03-13,92.95060073909605,94.20729093585294,92.54665873432596,93.17501068115234,390506
2012-03-14,94.25217756988309,95.50887464050449,91.91831549498512,94.92540740966797,696745
2012-03-15,96.0474555171322,96.0474555171322,89.62932978344733,90.03327178955078,787794
2012-03-16,90.48209169337086,92.00807656531892,86.66712266505276,87.92381286621094,857218
2012-03-19,88.41752834371466,88.86634828454571,86.2183133730221,86.53248596191406,325750
2012-03-20,86.53248248418791,88.01358959909464,85.54508002373292,87.16082763671875,468881
2012-03-21,87.43012002243374,89.09075232325307,85.85925033411442,88.55216979980469,925426
2012-03-22,88.50728441993374,89.53957157723056,84.51278998118097,84.9167251586914,614200
2012-03-23,84.64743775685803,87.43011982888822,84.3781430715058,85.94901275634766,641485
2012-03-26,86.397828543058,87.07105837586106,83.0765641072755,83.48049926757812,650792
2012-03-27,85.05136713685042,85.09625186416457,82.31356313343545,83.79467010498047,458102
2012-03-28,83.48050368111039,83.48050368111039,82.13404394431828,82.53797912597656,271188
2012-03-29,80.33875909197585,82.94191578419873,79.88993920878045,81.41592407226562,741667
2012-03-30,82.40333849178892,85.23089845551488,82.17892853603617,84.6474380493164,850850
2012-04-02,85.1860150481956,86.62223730216893,84.51278522460362,85.09625244140625,535435
2012-04-03,85.76947615603102,86.89152578209921,85.36553418157803,86.08364868164062,276357
2012-04-04,86.08364868164062,86.44270593167194,84.91671433115074,86.08364868164062,194542
2012-04-09,81.90962631761765,85.99388987612178,81.90962631761765,84.10884094238281,203843
2012-04-10,83.57026108228663,85.72459789649548,83.0316785908464,85.58995056152344,363459
2012-04-11,84.46790260913959,86.8017646862614,84.06396744426299,85.54507446289062,534678
2012-04-12,85.36553563634664,87.47498759961385,85.36553563634664,86.8017578125,579492
2012-04-13,87.29547209510808,88.41752186496808,84.37814269347207,85.18601989746094,578067
2012-04-16,85.23089684063021,87.69940630713917,84.87184639698748,87.02617645263672,324559
2012-04-17,88.37264186889102,89.31516646544353,86.66713160609878,87.11595153808594,841567
2012-04-18,87.07105797816597,88.19310769437945,85.9490082619525,86.35294342041016,370946
2012-04-19,86.53247116025142,86.84664369540315,84.91671691026022,85.4552993774414,378665
2012-04-20,85.32065292114447,85.90411322479757,83.03166903538474,83.57025146484375,459641
2012-04-23,82.94191801367656,84.28837769945557,81.9096308848897,82.13404083251953,329007
2012-04-24,82.67261945975217,82.67261945975217,81.14663462681803,81.9993896484375,723519
2012-04-25,81.95451682348022,82.31356726622921,79.57576997380299,80.5182876586914,545995
2012-04-26,80.38364485247737,81.1017525657478,77.28678350957061,78.00489807128906,1473488
2012-04-27,78.31907079352243,80.24899768992921,75.53638884561983,76.43402862548828,486592
2012-04-30,78.49859311998345,78.90253511512088,77.69072282660416,78.36395263671875,826456
2012-05-02,78.09465988543855,80.7426944640139,78.09465988543855,80.11434936523438,1475528
2012-05-03,79.88993869630546,80.15923336387442,76.61355220030674,77.01749420166016,1142407
2012-05-04,76.97260345307853,77.10725077633025,74.27968438183382,74.86315155029297,832436
2012-05-07,74.32457977201703,76.65844193233774,73.38205522244121,75.26709747314453,2626400
2012-05-08,75.58126816867797,76.07497279641152,72.93323350688419,73.5167007446289,1611280
2012-05-09,72.75370652428519,74.41433873882849,71.90094462871842,73.56157684326172,1044575
2012-05-10,74.18993340465805,75.62615576462294,72.9781210024517,73.42694091796875,982855
2012-05-11,73.02298745794313,74.32456911833381,71.182830201349,73.29228210449219,1098802
2012-05-14,73.60645412972693,73.7411014520927,70.10565799045288,70.95841979980469,1101211
2012-05-15,71.09306184127895,72.34975879699017,70.19542213697771,71.9458236694336,845397
2012-05-16,71.72142439689691,71.72142439689691,70.01590733569665,70.28520202636719,959370
2012-05-17,70.64424689363237,71.49700878099034,70.10566440334982,70.4647216796875,751483
2012-05-18,70.01590500919843,71.72142201372753,69.20802781247957,71.4072494506836,849043
2012-05-21,71.81119082856651,73.11276592295474,71.36237088588796,72.21512603759766,605153
2012-05-22,73.24740585812717,73.33716846788339,70.73401854271214,71.1828384399414,628027
2012-05-23,71.18284079583393,71.49701336460276,69.70173371626846,70.060791015625,814943
2012-05-24,70.28519632350044,72.43952628027074,70.0159016546802,72.03559112548828,1038655
2012-05-25,72.25999351193661,73.06787058548622,72.08046831712434,72.30487823486328,1316289
2012-05-28,72.4844081332135,74.36945019485213,72.39464552998265,73.69622039794922,1276199
2012-05-29,74.41433555102462,74.68362336299822,72.79858128539217,73.15763854980469,1363108
2012-05-30,70.01590538943645,72.93323478066297,70.01590538943645,72.17024230957031,1057441
2012-05-31,71.27260385585764,74.50410587345014,70.64425186592818,72.88835144042969,2324851
2012-06-01,73.02299349708265,73.38205077269367,71.27259869509481,72.03559112548828,603418
2012-06-04,71.63165373661116,73.56157369198895,71.00330181177735,73.15763854980469,613643
2012-06-05,73.7859916931544,74.95292621796314,73.33717177568157,73.92063903808594,776927
2012-06-06,73.92063346871328,76.88284744023245,73.92063346871328,76.2096176147461,996704
2012-06-07,77.46631681903352,77.91513671520765,75.89544718242408,76.65843963623047,1142687
2012-06-08,76.6584420749511,78.04977968828439,75.49150756839565,77.60095977783203,1040958
2012-06-11,78.09465573702245,79.62064052353925,77.19701601590724,77.64583587646484,1325801
2012-06-12,77.19702338632038,79.5308855143567,76.5686782609273,79.21671295166016,1004782
2012-06-13,79.71042144554978,80.15924137069715,78.54348690078723,79.35136413574219,979142
2012-06-14,79.84505586431851,80.0694658098039,78.00489842040724,78.49859619140625,970377
2012-06-15,78.13955303445401,80.38365269829877,78.04978356914128,80.06947326660156,786011
2012-06-18,80.78758050722257,81.64033556208626,77.73560387392678,79.03718566894531,1634120
2012-06-19,79.08206226142691,80.65293185682367,78.63324237702784,80.11434936523438,1249290
2012-06-20,80.78757811128423,81.14663538369062,78.90253599171051,79.88993835449219,1399421
2012-06-21,81.2135563935932,81.2135563935932,78.66085592637843,80.45719909667969,1631789
2012-06-22,79.60630187907311,79.9844805414878,78.2826873803588,79.27539825439453,1496335
2012-06-25,79.74812902677608,80.45721139609508,78.51905724785185,78.94450378417969,1176595
2012-06-26,78.37722507804476,78.94448942770816,78.09358929663428,78.51904296875,973624
2012-06-27,78.84995818811541,79.41722262135048,78.42450445332014,79.08631896972656,930483
2012-06-28,84.14443753732574,84.14443753732574,77.1954320597401,77.9517822265625,1321358
2012-06-29,78.56632391320667,79.22813844265532,78.37723816945493,78.75541687011719,1316080
2012-07-02,78.84995511904566,80.26811975351353,78.80268007930006,79.74812316894531,1387342
2012-07-03,79.88993929344093,80.36266082772165,79.22813203071121,79.46449279785156,1389898
2012-07-04,80.03175744287593,80.36266107526006,79.32267513927069,80.07902526855469,1690002
2012-07-05,81.11901551283724,82.25354427271496,79.60630088212302,81.78082275390625,2351345
2012-07-06,82.91535366619735,82.91535366619735,80.88265685307915,81.54446411132812,1639266
2012-07-09,82.82080560889528,82.82080560889528,78.99176577516107,79.2281265258789,1202937
2012-07-10,78.94450072341964,80.36266540707389,78.94450072341964,80.12630462646484,775647
2012-07-11,81.21356344399946,81.21356344399946,79.51176298478427,79.84266662597656,925532
2012-07-12,79.60630836137595,79.60630836137595,78.75541531810266,79.08631896972656,517124
2012-07-13,79.84266854964528,79.84266854964528,78.70813969160628,78.99177551269531,472015
2012-07-16,79.46449050996299,79.51175833413525,78.18813663362644,78.66085815429688,584007
2012-07-17,78.99176495400019,79.51175427227925,77.38450753793265,78.09358978271484,673594
2012-07-18,76.91179146511624,78.56631681961605,76.91179146511624,78.3299560546875,569507
2012-07-19,79.13357967496731,79.13357967496731,78.09359377212395,78.66085815429688,611906
2012-07-20,78.944489919085,78.944489919085,77.62086828619339,78.09358978271484,400184
2012-07-23,76.72270052021432,77.99904712138732,76.20270398747536,77.05360412597656,535939
2012-07-24,77.38450893418585,77.47905179256446,76.29724802993745,77.24269104003906,589186
2012-07-25,75.63544530547235,77.05360990494995,75.54090244147213,76.24998474121094,766687
2012-07-26,75.68271929109942,77.05360883292505,68.16644269054503,69.72642517089844,4002734
2012-07-27,70.86095070620227,76.20270515472815,64.99920693013001,66.13373565673828,3474074
2012-07-30,67.12645910850105,68.82825954862778,65.2355729364306,68.45008087158203,3385512
2012-07-31,68.07189520474138,69.11188104996008,66.84281643383719,68.54461669921875,1535316
2012-08-01,68.63916145207001,69.49006160827224,68.26098280340705,69.3482437133789,890051
2012-08-02,69.1118845622898,69.72642397897336,69.0173417012211,69.53733825683594,636425
2012-08-03,70.86095048283599,70.86095048283599,68.07189649770692,69.25370025634766,626766
2012-08-06,69.01734280267696,70.19914661779129,68.92279994009942,69.20642852783203,659967
2012-08-07,69.53733664428927,70.43550462335078,69.01734010073298,69.3482437133789,838659
2012-08-08,70.01006742576074,73.74456494475064,68.78098845808474,69.01734924316406,488862
2012-08-09,69.11188463034948,69.44278825099482,67.07918065615962,67.45735931396484,774471
2012-08-10,67.36281645280303,67.69372007344836,66.65373417435246,67.45735931396484,565833
2012-08-13,67.6937188741722,67.88281180630378,66.51191509769168,67.26827239990234,644783
2012-08-14,67.55190772022922,68.82826169673807,66.1810180879564,68.2137222290039,451323
2012-08-16,70.43551275502665,72.98820630518028,68.30826572551241,68.82826232910156,648115
2012-08-17,69.44278963165034,69.49006466975014,68.1664429476947,68.68643951416016,376323
2012-08-21,68.7809845090627,69.0173452805715,68.16644506050814,68.45008087158203,344818
2012-08-22,68.45008081063533,68.45008081063533,67.50463772544191,67.93008422851562,561953
2012-08-23,68.1191709252925,68.26098160453743,66.89009214201363,67.07917785644531,441835
2012-08-24,66.8901056204069,67.03192354138588,66.22829827338383,66.79556274414062,451802
2012-08-27,65.51920530253811,67.03191271802542,64.99920874729656,65.28284454345703,550264
2012-08-28,65.85010883332075,65.85010883332075,64.05376562410898,64.76284790039062,560563
2012-08-29,65.18829913081825,65.23557417127822,63.581048739397964,63.81740951538086,805571
2012-08-30,63.3919661881603,64.7628558724598,62.399247993902875,63.20287322998047,1321268
2012-08-31,63.43922828922505,65.14102869337567,62.87196389222756,64.5264892578125,699722
2012-09-03,65.18830084189003,65.18830084189003,63.58105040828241,64.05377197265625,718764
2012-09-04,64.29013541355835,64.4319533313671,63.3446922457119,63.864688873291016,1138759
2012-09-05,63.67558702864569,63.95922282469406,62.399240372743876,63.15559768676758,696656
2012-09-06,63.15559708719963,63.48650070400934,62.4465148169683,62.58832550048828,889481
2012-09-07,65.04648610940102,65.04648610940102,63.25014283354465,63.48650360107422,572884
2012-09-10,64.29013106734664,64.66830975155096,63.439230831176545,63.81740951538086,429791
2012-09-11,63.91195670378798,64.24286036990244,63.39196728936779,63.864688873291016,451387
2012-09-12,64.29013275484317,64.47921849532926,63.72286832022629,64.05377197265625,517716
2012-09-13,64.29012782283372,64.66830648795259,63.77013125665051,63.911949157714844,711174
2012-09-14,64.8101263122812,65.80283722287446,64.57376554121257,65.2355728149414,1778999
2012-09-17,67.12645728893449,68.07190034934202,63.91194944091727,67.64645385742188,3075486
2012-09-18,68.11917324224025,72.56275260094368,67.69371955056148,71.6173095703125,3706014
2012-09-20,70.90823151344478,73.36638209661253,66.79555552829663,71.14459228515625,3322996
2012-09-21,71.85366781692964,74.35909320317779,71.38094631813405,73.93363952636719,2453912
2012-09-24,72.09003688990289,75.39908776353778,72.09003688990289,72.98820495605469,1510414
2012-09-25,73.7445569330715,74.83181786894708,72.6100281732105,73.79183197021484,1322674
2012-09-26,73.46092987060547,74.12274440350858,72.2318581034862,73.46092987060547,873966
2012-09-27,73.65001671621621,74.17000607767267,72.61003078014512,73.13002014160156,1186110
2012-09-28,73.27184087051876,74.92636630953047,73.27184087051876,74.0281982421875,1057686
2012-10-01,73.8390976463048,77.52632682833264,73.79182982369434,77.24269104003906,2439133
2012-10-03,78.32995913805671,78.37723417816659,76.81725162559967,77.66815185546875,1552517
2012-10-04,77.85723935735452,79.13358612455865,77.71542144696328,77.9517822265625,1616523
2012-10-05,78.42450165721544,78.89722320358361,74.87909005945419,76.01362609863281,1582726
2012-10-08,76.53361578067982,76.58089082077082,74.78454749468895,74.97364044189453,838506
2012-10-09,74.64273407419387,76.48635255118279,74.64273407419387,75.63545227050781,929771
2012-10-10,75.63544196952118,75.72998482935151,73.08274868831298,73.69728088378906,780340
2012-10-11,72.09003576690799,75.63544736200183,71.85367499390173,75.4936294555664,1035260
2012-10-12,75.87180634803964,76.91179228214125,74.73727754959391,75.20999908447266,1105827
2012-10-15,75.39908813380595,75.63544891165488,73.93364842587924,75.16272735595703,821570
2012-10-16,75.49362632618048,76.34452651636288,73.69728308316385,73.98091888427734,1089702
2012-10-17,74.69000150763371,75.44635883854387,73.5081976863104,75.11544799804688,840254
2012-10-18,76.9590640685946,77.85723206164428,74.8790850751333,77.4317855834961,1526847
2012-10-19,77.52633544921875,78.51905360547825,75.87180999755859,76.81725311279297,1529359
2012-10-22,76.39180103452091,77.00633324415561,75.35180791295262,76.0608901977539,736645
2012-10-23,76.24998466939314,76.86452410455293,75.25726656543057,75.72998809814453,451503
2012-10-25,75.91908751453558,76.10817325848569,75.02091219787557,75.54090881347656,1198399
2012-10-29,70.43551020903193,70.48278524879798,68.78098480143723,69.58460998535156,1939693
2012-10-30,69.01734618676137,70.62459656886095,67.1737350300496,67.504638671875,1929402
2012-10-31,67.50463595572913,68.21371825103476,65.80283556173232,67.64645385742188,1079391
2012-11-01,67.88282362157187,69.2537133556348,67.41010202870065,68.97007751464844,994551
2012-11-02,69.49006987906792,70.38823796503051,69.3009841388101,69.9627914428711,1228704
2012-11-05,69.96278957152121,69.96278957152121,68.11917840726477,68.63916778564453,857790
2012-11-06,67.97736049928541,68.82826073400317,67.31554599976785,68.63916778564453,598355
2012-11-07,70.71914148600374,73.7445562948899,68.92279828747098,71.0973129272461,1353424
2012-11-08,70.05732770997452,72.04275664818601,70.05732770997452,71.71185302734375,1223753
2012-11-09,71.94821281859438,72.32639147153463,70.19914466354832,70.48278045654297,1098265
2012-11-12,70.2464241781996,70.90823145316583,69.96278836712362,70.62459564208984,444742
2012-11-15,71.38094890265714,72.79911345039204,69.49006283901059,72.1373062133789,1528700
2012-11-16,72.79911829105609,73.74456138574513,70.53005342117072,71.2391357421875,1589769
2012-11-19,72.09003410083335,72.09003410083335,69.63188356101034,70.43550872802734,862440
2012-11-20,70.81369325245046,71.23913978393486,68.45008538162875,69.11189270019531,890727
2012-11-21,69.77370020881989,70.1991466974808,68.3555356290728,69.72642517089844,487965
2012-11-22,70.48278164751922,71.05004602993596,69.72642432885824,70.67186737060547,712820
2012-11-23,70.71914519311298,71.57003819367011,69.86824497939757,71.050048828125,677026
2012-11-26,70.19915400868375,71.38095794822388,70.19915400868375,70.76641845703125,631521
2012-11-27,70.10460424119458,71.80639741886161,70.10460424119458,71.38095092773438,643109
2012-11-29,71.42823169572233,73.27184292270763,70.76641717368655,72.75184631347656,1273458
2012-11-30,71.85367259195222,75.1627233034237,71.80639755366795,74.0754623413086,1516191
2012-12-03,75.16272860563944,77.52633642342686,73.60274600326804,76.39180755615234,1408080
2012-12-04,76.91179934377986,78.18814616250833,76.10817410333296,77.80997467041016,1941218
2012-12-05,77.99905388987418,78.660861158828,76.24998563921774,77.47905731201172,1276009
2012-12-06,77.47906012847254,78.66086401824887,76.39180632040514,78.37723541259766,1346807
2012-12-07,79.03903479045299,80.36265645708357,78.61358831800213,79.4172134399414,1656863
2012-12-10,79.41721729270769,82.34808934540217,79.36994225429402,82.06446075439453,2492761
2012-12-11,82.72626161002128,83.48261888714735,79.2281254329177,80.69355773925781,2618729
2012-12-12,79.22812729502496,82.15899918974738,79.22812729502496,81.49718475341797,1649791
2012-12-13,80.50448143508193,81.92264608556549,78.18814151139705,78.80268096923828,1209227
2012-12-14,78.47177916220156,80.50448331807102,77.14815734815922,80.12630462646484,1280836
2012-12-17,79.93721464629041,81.11901848663676,79.88993960741328,80.5990219116211,831311
2012-12-18,81.11901331912429,82.01718129530838,78.47177000012213,81.49718475341797,1768675
2012-12-19,83.10444220179704,83.10444220179704,80.92992038881971,81.49718475341797,1187185
2012-12-20,81.82809991523948,82.15900354436397,79.46449225983866,81.54446411132812,830022
2012-12-21,80.83538972273644,80.92993259556985,79.51176786359203,79.98448944091797,831973
2012-12-24,80.74083510657199,80.74083510657199,78.5663132818819,79.4172134399414,630976
2012-12-26,80.17357423297219,80.83538148855088,78.70813460727322,80.4099349975586,528634
2012-12-27,80.69356128268248,81.07173993785214,79.1335788383313,79.6063003540039,1191004
2012-12-28,80.03175751088648,80.97720058316357,79.65357883934401,80.5990219116211,464392
2012-12-31,80.55174964408351,81.59174282989527,80.22084600003362,80.97720336914062,421649
2013-01-01,81.78082302919546,85.51532015509207,81.54446226899547,84.99533081054688,3181641
2013-01-02,87.92621493327981,88.16257572611121,86.03532859062864,86.69713592529297,3169658
2013-01-03,86.98076322588918,88.30438497848002,85.51532356888535,87.64257049560547,1904518
2013-01-04,88.30438781895286,88.77710937342995,87.07530889204902,88.5407485961914,2366757
2013-01-07,88.87164115194601,89.67526625164591,87.68983741322332,88.0680160522461,1631272
2013-01-08,87.5952973481383,88.68255826504222,86.31895071227625,88.44619750976562,1258569
2013-01-09,88.54074676539369,89.34437194875612,87.45348576994647,87.73712158203125,1022564
2013-01-10,87.07530857519485,88.63529114192441,86.22440833760069,86.88622283935547,1151083
2013-01-11,87.45349191070324,89.24983534933864,83.86080503343244,84.33352661132812,1423019
2013-01-14,83.95534824237593,85.79895935988706,82.11172991170655,85.46805572509766,3447340
2013-01-15,86.36622406844825,87.83166373030897,85.79895966207445,86.60258483886719,1293865
2013-01-16,86.69711825486958,86.7916683232583,81.7808176512701,82.67898559570312,1797754
2013-01-17,83.52989533857095,84.85351710371177,82.72627015682205,84.00261688232422,1304192
2013-01-18,84.19170864056343,85.08987667576658,83.57716919971793,83.81352996826172,697558
2013-01-21,84.75897667758986,84.90079458743008,81.78082942357926,82.2062759399414,1306691
2013-01-22,83.48263059637667,84.04989502720665,79.74812593485866,80.12630462646484,1924065
2013-01-23,81.07174524530635,81.07174524530635,77.14815496572982,78.70813751220703,1647583
2013-01-24,79.03903255254306,79.27539330013629,75.54089637342635,75.91907501220703,1339442
2013-01-25,73.83910159124189,79.3226742280604,73.83910159124189,78.8499526977539,1534374
2013-01-28,79.84266212640716,80.97719810633279,79.22812991875017,79.70085144042969,1284714
2013-01-29,80.26811652174992,81.21355957332965,77.24269442879998,77.71541595458984,1896152
2013-01-30,78.32995154608189,78.70813019083154,74.97363320517829,76.10816192626953,3049207
2013-01-31,76.20271460283418,77.19543277156833,75.63545016919693,76.39180755615234,1340506
2013-02-01,77.0063286806098,77.14814657179726,75.7299820862379,75.91907501220703,678270
2013-02-04,78.3772298920819,78.3772298920819,73.60273962841431,73.8863754272461,1203673
2013-02-05,74.6427298439346,74.6427298439346,72.13731139999173,73.41365814208984,1355304
2013-02-06,74.02819264159508,74.31182122464412,72.84638884599592,73.27183532714844,780243
2013-02-07,73.03547420834786,74.1227351375762,71.47549176320788,72.1373062133789,921365
2013-02-08,73.5554740684242,73.5554740684242,71.09731630463003,71.57003784179688,802167
2013-02-11,72.32639465880277,72.51548038702656,71.19186586314363,71.99549102783203,658545
2013-02-12,68.07190135202552,72.27912014754715,68.07190135202552,71.57003784179688,935125
2013-02-13,71.47549047909722,72.94093003735874,71.05004400768337,71.42822265625,959352
2013-02-14,71.61730419451592,71.75912208109692,69.86823616176977,70.34095764160156,1253251
2013-02-15,70.34096917167496,70.71914786016173,69.39552605703727,70.38823699951172,720096
2013-02-18,70.43550429546951,72.3263903168244,70.01005782592776,71.94821166992188,568449
2013-02-19,71.94822169985889,73.60274719919343,71.85367882824295,73.36638641357422,608805
2013-02-20,74.02818979771432,74.12273265509869,72.61002529747579,72.8936538696289,617139
2013-02-21,72.51548066787726,72.51548066787726,70.90823033227562,70.95550537109375,785365
2013-02-22,72.51547963553361,72.51547963553361,70.3409649308622,70.86095428466797,906803
2013-02-25,71.14459535237906,71.664591957826,69.49006987906792,69.9627914428711,545163
2013-02-26,73.69728694041336,73.69728694041336,68.49734987766516,68.63916778564453,750450
2013-02-27,68.73370976167118,70.15187439675236,68.11917752366269,69.58460998535156,718306
2013-02-28,71.75913160612997,71.75913160612997,64.62103342792314,65.75556945800781,2097827
2013-03-01,65.37739107144301,67.3155450767232,65.28284820513932,66.89009857177734,834028
2013-03-04,67.45735731321975,67.45735731321975,65.4719284350764,66.13373565673828,544181
2013-03-05,68.02462437642842,68.40280303802703,66.18101331922743,68.0718994140625,891831
2013-03-06,68.68643925504885,70.24642173540225,68.54462135444253,69.72642517089844,927827
2013-03-07,69.67915232185749,70.86095617543823,68.63916637333809,70.01006317138672,719750
2013-03-08,70.57733154296875,70.81369232696184,69.67915623589978,70.57733154296875,493884
2013-03-11,70.90823519792734,71.23913885288593,69.82097414892738,70.57733154296875,551105
2013-03-12,70.71914205308973,71.05004567340919,68.92279884015238,69.53733825683594,554666
2013-03-13,69.06461958960902,69.25370531955271,67.03191553350246,67.31554412841797,609076
2013-03-14,67.3155457242902,68.45008177032378,66.13374185122922,67.504638671875,2611027
2013-03-15,67.88281120245176,68.35553270883887,66.74827525922805,67.1737289428711,889857
2013-03-18,65.23556560877464,67.31553727915372,65.23556560877464,66.3700942993164,1327862
2013-03-19,66.93737548924281,67.12646122715448,64.90467134747897,65.51921081542969,1353437
2013-03-20,65.56647511461577,65.85011091937685,63.43922821838208,64.0064926147461,919365
2013-03-21,66.18102048478036,66.18102048478036,62.399247885650055,62.6356086730957,1400957
2013-03-22,62.77742553244728,63.817411537086585,61.45380370237967,63.01378631591797,922288
2013-03-25,63.3446828073315,64.52648659105037,62.21015406022453,62.58832550048828,907840
2013-03-26,61.83197777115513,61.83197777115513,60.177452410682406,61.311981201171875,1157303
2013-03-28,61.54834357112236,62.21015806045557,61.07562202723792,61.501075744628906,1236337
2013-04-01,62.02106612565966,63.58104868853039,61.831980390288,63.29741287231445,485497
2013-04-02,62.54106033046557,65.28284666765077,62.54106033046557,65.0464859008789,673711
2013-04-03,64.29013429674842,65.6610239810479,62.399247993902875,63.20287322998047,775593
2013-04-04,63.1555986262883,63.20286645089425,61.5483411133674,62.257423400878906,670599
2013-04-05,61.50107917362809,63.15560466947188,61.50107917362809,62.02106857299805,715930
2013-04-08,62.399242679748944,62.91923925401013,60.93380303458247,61.359256744384766,779793
2013-04-09,61.45379968067755,62.021064081252156,60.17745297609511,60.31926727294922,1024925
2013-04-10,60.13017662374567,61.264712613270255,59.6101836668145,60.65017318725586,1035273
2013-04-11,60.6974409316222,61.40652321920263,59.137462062892645,60.13017654418945,975668
2013-04-12,59.56291432596092,60.79199322112502,59.37382498773728,60.413814544677734,1277751
2013-04-15,60.224724768846954,62.02106445247105,60.03563543199728,60.88653564453125,1964642
2013-04-16,60.60290490046118,62.21016259470997,60.60290490046118,61.64289093017578,1772278
2013-04-17,62.16288235675309,62.635603895587714,60.461085538264264,60.88653564453125,1888615
2013-04-18,61.31198018239552,61.926519605848526,60.69744075894252,61.69015884399414,1589322
2013-04-22,62.115604837607336,64.05376595471047,61.87924407762685,63.7701301574707,3217372
2013-04-23,64.05376910494397,64.24285483696461,62.399243703709246,63.62832260131836,1795514
2013-04-25,63.34468476661558,64.81012438901693,63.250141903625384,63.911949157714844,2494717
2013-04-26,63.722864368603794,63.95922513613336,63.10832493039527,63.48650360107422,1240687
2013-04-29,63.6283201574811,64.81012397011516,58.806558437986716,60.13017654418945,5583480
2013-04-30,59.56291215675671,60.4610837756744,58.23929044397495,60.13017654418945,3544383
2013-05-02,60.41381513496299,60.88653668185134,59.846547114749455,60.508358001708984,1139116
2013-05-03,60.1301768044387,60.41381260596169,58.80655869250721,59.09019088745117,1599447
2013-05-06,58.99565029624986,59.5156432747656,58.42838227794065,59.42109680175781,1045934
2013-05-07,59.562914264993026,60.035635806778686,59.42109635982567,59.89381790161133,712845
2013-05-08,59.610184012809455,60.17745201086434,59.04291962133362,59.65745544433594,955382
2013-05-09,59.23200865891357,60.366537436212816,59.13746218975262,59.61018371582031,1065877
2013-05-10,59.468371105482916,60.413814184383575,59.468371105482916,59.8465461730957,694027
2013-05-13,59.56291561544051,59.89381925956127,58.192022391864526,58.47565460205078,788379
2013-05-14,58.47565460205078,58.948376154554275,58.14475095793002,58.47565460205078,873846
2013-05-15,58.71201304065192,60.697442039483974,58.71201304065192,60.271995544433594,1306169
2013-05-16,60.27199722826481,61.31198318878751,60.03563645482063,60.508358001708984,896881
2013-05-17,60.60289814942474,60.9810768125996,59.84654442965404,60.65017318725586,761151
2013-05-20,61.07562247161275,62.21015851308508,60.83926169795082,61.02835464477539,986643
2013-05-21,61.45380125108842,61.45380125108842,59.75200439929719,59.988365173339844,795960
2013-05-22,59.941092121735004,60.50835652149235,58.33383818031704,58.712013244628906,715167
2013-05-23,58.617468939887154,59.042919032540844,57.010215037961544,57.435665130615234,910690
2013-05-24,57.908390796917246,58.144751575680175,56.348408214450224,57.482940673828125,901242
2013-05-27,57.67203140258789,58.286570884755406,57.104766962571226,57.67203140258789,685112
2013-05-28,57.766569589984776,59.51564141694924,57.62475529476867,58.617469787597656,1015965
2013-05-29,57.86111619341113,59.09019145434571,57.29384819150197,58.097476959228516,1885049
2013-05-30,57.67202672650737,59.0901913181428,57.67202672650737,58.617469787597656,660000
2013-05-31,57.76656893143465,58.28656549436949,55.592050637032735,55.87568283081055,979205
2013-06-03,55.87568831699797,56.726588588456565,54.599341516389444,56.1120491027832,1936563
2013-06-04,55.78114562496712,56.67931733515958,55.21388117988734,55.59205627441406,528430
2013-06-05,55.7811409274856,56.72658399405316,55.35569082621439,56.53749465942383,416913
2013-06-06,56.39568160190267,58.05020700473125,55.87568501860751,57.246578216552734,706306
2013-06-07,57.19930393412962,57.62475402355051,55.45023575232915,55.7811393737793,793931
2013-06-10,55.875681128913946,56.34840263967153,55.213873899116464,55.639320373535156,465455
2013-06-11,55.024788047813274,55.49750958841893,53.89025562904389,54.50479507446289,613766
2013-06-12,55.45023800957195,55.45023800957195,54.07934482411182,55.02478790283203,590268
2013-06-13,55.40296356828511,55.40296356828511,53.89025606863919,54.032073974609375,485133
2013-06-14,54.36297955335232,55.92296214838458,54.36297955335232,55.4029655456543,980482
2013-06-17,55.213879806384334,55.970233583202074,53.937529426836306,55.4029655456543,576153
2013-06-18,55.26114671776028,56.49022195530467,55.26114671776028,55.82841110229492,917568
2013-06-19,55.49750929870321,56.15932017341206,55.308419962132234,55.54478073120117,804811
2013-06-20,54.95752450678835,56.180977824092786,53.44043940638428,53.78300857543945,1262639
2013-06-21,53.09787495930989,54.027700244504516,50.161586943126856,51.385040283203125,1348473
2013-06-24,50.9445946073329,51.87441986101221,48.10618519477043,48.35087585449219,1216691
2013-06-25,48.938130208231726,49.08494609232963,46.68697696538967,47.0784797668457,1336232
2013-06-26,47.76361727374855,47.76361727374855,46.29547327721725,46.63804244995117,893033
2013-06-27,47.02954411169505,47.76361609179544,46.00184408629114,47.274234771728516,901309
2013-06-28,47.95937128881713,48.93813396818075,47.56786472359836,48.693443298339844,1022780
2013-07-01,48.69344038256432,50.35733758458454,48.59556561396205,50.21052169799805,786838
2013-07-02,49.965830498706204,50.69990245627882,48.644502468548716,48.84025573730469,994444
2013-07-03,48.54662299019596,48.644501489445396,46.54016042661961,46.78485107421875,887306
2013-07-04,46.980606015938754,48.49768733846682,46.19759666240973,47.518924713134766,1200044
2013-07-05,47.95936929503611,48.93813193371032,47.07848142675606,47.81255340576172,945903
2013-07-08,47.81255347706551,47.81255347706551,46.589100176898185,47.274234771728516,755556
2013-07-09,47.51892397346415,49.03600527237761,47.469986589695914,48.84025573730469,799984
2013-07-10,48.84025753439673,49.62326690454864,47.61680422675836,47.95936965942383,994675
2013-07-11,49.427515307862556,49.427515307862556,48.35087785403591,48.693443298339844,725729
2013-07-12,48.93813369763628,49.133886979163485,47.71468035519538,48.00830841064453,594211
2013-07-15,48.008309202099646,49.819022418973205,47.37211569375219,49.525390625,975003
2013-07-16,48.791312905147535,48.791312905147535,46.73591298965173,47.029541015625,924291
2013-07-17,46.29547090435978,46.98060548102805,45.51246155974592,46.148658752441406,1135966
2013-07-18,46.784855068203626,48.30193646609369,45.757155007289924,48.00830841064453,1056260
2013-07-19,48.64450478790646,48.64450478790646,46.197598145996515,46.49122619628906,1104179
2013-07-22,46.98060542363572,47.37211196230591,46.24653346389141,46.68697738647461,761324
2013-07-23,47.567864184253274,48.742380132909105,47.3721146375467,47.86149597167969,1562763
2013-07-24,46.93167087206218,46.93167087206218,45.56140163770345,46.24653625488281,1049072
2013-07-25,45.90396819175297,46.00184295989655,43.45706165133295,44.53369903564453,4084244
2013-07-26,44.09325762567396,45.16989880505489,43.26131084796972,43.94644546508789,1188403
2013-07-29,43.99538434957527,43.99538434957527,42.62511506869425,42.91874313354492,741589
2013-07-30,42.77192618520424,43.4081196322943,41.7442262063026,41.93997573852539,983752
2013-07-31,41.25484812084497,41.84210423060826,39.542013444738195,41.1080322265625,2411246
2013-08-01,41.10803279170283,42.28254876105959,39.00369152436852,39.639888763427734,1368243
2013-08-02,39.15050332439372,40.031391142665754,38.36749400464243,38.954750061035156,1226117
2013-08-05,39.05262995198245,39.88457668381581,38.02492621612785,39.54201126098633,1087075
2013-08-06,39.15050481980847,39.15050481980847,37.584486120489366,37.92705154418945,859674
2013-08-07,37.339795074154594,39.83563898353168,37.339795074154594,38.856876373291016,1397481
2013-08-08,39.199441738812084,40.37395761620184,38.95475108659268,39.39519500732422,1935791
2013-08-12,39.444135576695416,39.93351692065859,38.318560725790114,39.10157012939453,1837647
2013-08-13,39.15050466254741,40.52077381920981,38.66112335426557,40.08032989501953,1223337
2013-08-14,40.52077202169421,41.40165609731536,40.080328117042185,40.42289352416992,1456391
2013-08-16,40.12926555855073,40.12926555855073,38.171740409353134,38.269615173339844,1404576
2013-08-19,38.171745682622316,38.171745682622316,36.214220263000655,37.78023910522461,1333700
2013-08-20,36.801473329380244,39.10156774601845,36.556782672313396,38.612186431884766,1110905
2013-08-21,40.4718310040077,40.814400145647156,37.388731131350106,37.73129653930664,1865101
2013-08-22,37.6334231643718,38.56324839216831,37.192979242396284,38.31855773925781,1139016
2013-08-23,38.56324726800099,39.19944070681262,38.220678123702776,38.954750061035156,889351
2013-08-26,39.49306873500898,39.73775938078644,38.073865976446065,38.954750061035156,1301231
2013-08-27,38.4164335820582,38.56324947138646,37.43767094302487,37.6823616027832,1152126
2013-08-28,37.14404154980924,38.07386676987704,36.26315371318015,37.6334228515625,1178306
2013-08-29,38.171742851691896,38.75899894055235,37.241917599593535,38.220680236816406,2499404
2013-08-30,38.367498483719324,39.395198569223254,37.927054523165246,38.71006393432617,1226028
2013-09-02,39.15050536302373,40.129267997099326,38.95475208947199,39.83563995361328,1134667
2013-09-03,39.737761577775224,40.12926812613763,37.73129891820497,38.220680236816406,1138192
2013-09-04,38.22068221678747,39.34626080137612,37.24191952886112,39.10157012939453,1202429
2013-09-05,40.031394426530944,41.842103860347535,39.933515919981,41.49953842163086,2005457
2013-09-06,42.086793721396944,42.86980309040723,41.010156305718205,42.28254699707031,1539665
2013-09-10,43.06555316091954,43.55493444683908,42.13572797093583,42.576171875,850749
2013-09-11,43.11449443775909,45.16989826451707,42.77192900014105,44.87626647949219,2677472
2013-09-12,45.023083942670205,46.491227984279014,43.261311839476306,43.848567962646484,1782151
2013-09-13,43.79962771302648,45.36564642828714,43.55493705541181,44.827327728271484,1069308
2013-09-16,46.00184400553334,46.589100095109444,44.24007200312189,44.974143981933594,1535647
2013-09-17,44.82732962965416,45.12095768450958,43.65281367654918,43.94644546508789,798657
2013-09-18,44.484760574727204,45.072016636739036,43.84856339614524,44.63157272338867,967646
2013-09-19,46.49122569025779,48.448750982479176,45.659278934536985,47.95936965942383,3704082
2013-09-20,48.448749343124334,48.448749343124334,43.79962693141039,46.68697738647461,2003429
2013-09-23,46.00184356465076,47.6657407807471,45.12095570504591,45.36564636230469,1648130
2013-09-24,44.778389345941505,45.61033606982458,44.289008041614274,44.92520523071289,826967
2013-09-25,45.023082370656695,45.952907644613425,43.89750381791698,45.414588928222656,1002942
2013-09-26,45.512459502349024,45.757150144834775,44.68051281137065,45.26776885986328,624212
2013-09-27,45.07201975828103,45.65927959464756,44.533701041874146,44.87626647949219,597548
2013-09-30,44.680517189614555,44.97414524263348,43.06555729748554,43.26131057739258,607658
2013-10-01,43.50600029757877,45.36564708203928,43.2123722509464,45.12095642089844,897705
2013-10-03,45.02307979157318,47.46998630198477,44.92520502462993,47.0784797668457,1086995
2013-10-04,46.98060536755182,47.95936797937581,46.24653340868382,47.22529602050781,1134874
2013-10-07,46.344411205960625,47.714680445562934,46.344411205960625,47.46998977661133,560638
2013-10-08,48.49768807189584,48.79131611719936,47.02954411169505,47.274234771728516,805338
2013-10-09,46.88273188596775,48.15512256950759,46.34440944775041,47.81255340576172,849203
2013-10-10,47.95937175374534,48.49769048587724,47.22529973710638,47.76361846923828,830369
2013-10-11,48.448751992301794,49.427514658812946,47.56786409896846,48.39981460571289,1299252
2013-10-14,47.763615264018696,49.62326574151725,47.763615264018696,49.13388442993164,1029408
2013-10-15,49.23176129244792,49.72114262484538,47.86149580194498,48.938133239746094,1958598
2013-10-17,48.05724300195715,49.13388412088336,48.05724300195715,48.44874954223633,578931
2013-10-18,48.84025710338836,49.1338851478937,48.252997280694515,48.88919448852539,695417
2013-10-21,49.42751319239905,49.42751319239905,48.497687940062825,48.88919448852539,595772
2013-10-22,49.08494733007389,49.525387526107856,48.59556601565115,49.280696868896484,818952
2013-10-23,49.916895904541015,49.916895904541015,47.95937057495117,48.938133239746094,1326005
2013-10-24,49.03600561897202,49.72114019761905,48.15512150386848,48.44874954223633,1154345
2013-10-25,48.05724169499768,48.399810841846254,46.099716514204566,46.78485107421875,2457288
2013-10-28,46.78485395934867,47.22529789892503,45.61033803170612,45.80609130859375,868578
2013-10-29,45.806088483822194,47.17635760385056,45.414585687873355,46.78485107421875,1364247
2013-10-30,47.07847876996286,47.42104791437642,45.80608815822821,46.09971618652344,616278
2013-10-31,46.29547060922521,50.55309019401081,45.806089305250985,49.916893005371094,6039260
2013-11-01,49.916896362350265,52.314865659827284,49.23176174397351,50.84672164916992,3257053
2013-11-05,52.657427634056184,56.22991265150512,51.923355677074866,53.83194351196289,4164403
2013-11-06,54.712833251929055,54.90858279363531,51.87442009299028,52.41273880004883,1626604
2013-11-07,52.80424520005624,53.0978732454604,50.06371055347879,50.65096664428711,1530709
2013-11-08,50.60202611282477,51.97229148407581,50.01476632484609,50.9445915222168,964189
2013-11-11,50.69990675880732,51.09141332954356,48.79131876041407,50.748844146728516,1846141
2013-11-12,50.89565766922445,51.87442031670953,50.014769793014594,50.79778289794922,1574995
2013-11-13,50.5530898192089,50.993530002573834,49.036004801190074,49.770076751708984,1310543
2013-11-14,50.3083980856769,51.923354101831656,50.3083980856769,50.9445915222168,1046472
2013-11-18,51.48291155272672,52.31486200756144,51.238220901366454,52.07017135620117,1024988
2013-11-19,51.87442052848233,52.51061774541813,51.042473768196935,52.021236419677734,1303126
2013-11-20,51.972295744225534,52.07017425041984,50.84672092561526,51.09141159057617,999580
2013-11-21,50.89565737700973,50.89565737700973,49.916894735144155,50.112648010253906,612793
2013-11-22,50.161581940911894,50.69990061012656,48.93812872284087,49.18281936645508,708978
2013-11-25,49.32963724153941,50.993530698476135,49.32963724153941,50.602027893066406,526314
2013-11-26,50.455213514973735,50.69990417579677,49.42751348625361,49.5743293762207,595136
2013-11-27,49.9168967263385,50.69990612432871,48.84025927081237,50.45521545410156,795108
2013-11-28,50.210523703243574,51.43397702804816,49.42751432210529,51.09141159057617,2988511
2013-11-29,50.895659407247095,51.67866880523731,50.25946217118317,50.45521545410156,1726349
2013-12-02,50.553093322354556,51.38504009712033,49.86795870765629,50.16158676147461,847650
2013-12-03,50.21052104101902,50.21052104101902,49.28069581673138,49.916893005371094,711840
2013-12-04,49.81901786868999,50.944592619275845,49.57432721851702,49.770076751708984,1038898
2013-12-05,50.99352961203272,50.99352961203272,50.11264551836621,50.69990158081055,606289
2013-12-06,50.79778181650181,51.18928462695112,50.06370984651585,50.89565658569336,722127
2013-12-09,52.31486556839774,53.0489375724435,51.091412228321474,51.385040283203125,1244642
2013-12-10,51.433976372805056,51.433976372805056,49.672204354267194,50.25946044921875,733182
2013-12-11,49.91689790926117,50.11265119681849,49.32964178027264,49.81902313232422,542836
2013-12-12,49.721138035669746,50.06370717693938,49.036003486813385,49.18281936645508,601622
2013-12-13,48.84025716331617,48.889194548513245,47.71467863536756,47.81255340576172,803807
2013-12-16,47.07848078499872,48.20405929760383,47.07848078499872,47.518924713134766,594117
2013-12-17,47.665741091924176,47.95936913581498,45.85502797617841,46.05078125,846928
2013-12-18,46.00184567577811,48.252999079132714,45.855029781211876,48.00830841064453,1250247
2013-12-19,48.30193768821227,48.546628362891525,46.24653751437985,46.83379364013672,921930
2013-12-20,46.34441014983616,48.39981396239983,46.34441014983616,48.10618591308594,548949
2013-12-23,48.39981181602451,49.574327694877304,48.00830527851256,48.84025573730469,951420
2013-12-24,48.93813187366242,49.32963842212499,48.448750554925795,48.88919448852539,552159
2013-12-26,48.938131955121364,51.678666597871526,48.64450391012726,51.18928527832031,6708891
2013-12-27,49.91689573313752,51.14034905993011,49.72114245411406,50.55309295654297,1461324
2013-12-30,50.45521372543033,51.18928571096138,50.11264829232246,50.25946044921875,597897
2013-12-31,50.60203134971118,50.797784632629565,49.9168967263385,50.45521545410156,445207
2014-01-01,50.25945868196342,51.38503718033932,50.16158391414076,51.14034652709961,606953
2014-01-02,51.14034877488323,52.80424603678354,49.525388899045204,49.867958068847656,2248911
2014-01-03,49.67220128120083,50.259457339820656,49.13388260518549,50.014766693115234,708500
2014-01-06,49.91689553588094,50.063711427989176,48.93813287831465,49.32963943481445,643965
2014-01-07,49.28069592490181,49.721139846182,48.057242662280785,48.84025573730469,1029790
2014-01-08,49.18281998778998,50.50414798652608,48.595563929170154,50.014766693115234,1350727
2014-01-09,50.25946097255584,50.79778342116389,48.69344221392307,49.32963943481445,1237912
2014-01-10,49.03600744696606,50.259460763843286,47.71467935821194,48.10618591308594,886059
2014-01-13,48.008307407525834,48.88919528915072,47.029544754024045,48.10618591308594,1144518
2014-01-14,48.05724377972917,48.350875556532316,47.274234420181436,47.665740966796875,1334023
2014-01-15,47.86149380930532,48.350875121328144,47.46998726621382,48.05724334716797,887412
2014-01-16,48.008303891896674,48.69343844591243,46.49122263680081,48.252994537353516,912576
2014-01-17,48.00830776954565,48.30193582107373,47.56786382541192,47.71467971801758,341616
2014-01-20,47.0295423618617,48.301932999957096,47.0295423618617,48.155120849609375,446207
2014-01-21,48.10618411975435,49.28069627322574,48.10618411975435,48.44874954223633,758166
2014-01-22,48.057244430561624,48.35087621134138,47.61680422675836,47.95936965942383,417036
2014-01-23,47.8614928152309,48.35087411708937,47.518923663720166,48.155120849609375,313509
2014-01-24,47.95937223713466,47.95937223713466,46.491228189059115,46.83379364013672,749644
2014-01-27,46.58909867847903,46.58909867847903,44.533698693777886,44.92520523071289,803191
2014-01-28,44.77838864134457,46.73591382785144,44.24006996179178,45.16989517211914,921223
2014-01-29,45.41458927983559,45.85502949340326,41.98891994250223,42.722991943359375,1999650
2014-01-30,41.59741032345251,43.946442046955966,41.205903791640935,41.93997573852539,2854240
2014-01-31,41.4505958461642,45.9039687952205,41.4505958461642,45.36564636230469,1672244
2014-02-03,44.778390841833094,45.70821609785369,42.820865559130006,43.35918426513672,999110
2014-02-04,42.9187408901749,45.31671013953271,42.086794127636765,44.729454040527344,1103772
2014-02-05,44.53370148588541,44.92520804736651,43.55493881586595,44.484764099121094,660702
2014-02-06,45.218834925564686,45.46352558670553,43.408121792912524,45.12095642089844,1173023
2014-02-07,45.21883321287306,46.19759582036519,44.72945190912699,45.463523864746094,841148
2014-02-10,45.81133287650729,45.81133287650729,44.96665686064269,45.1654052734375,509571
2014-02-11,46.20882737050839,46.20882737050839,44.56915778619841,44.767906188964844,566094
2014-02-12,44.91696843874229,45.51320985623111,44.56915778619841,44.767906188964844,474795
2014-02-13,44.76790633231169,46.3578897687238,43.77416810610806,44.121978759765625,645177
2014-02-14,43.97291650951088,44.66853402601552,43.77416810610806,44.121978759765625,345524
2014-02-17,44.61884658925759,44.91696729038015,43.9729152444834,44.569156646728516,526593
2014-02-18,44.71822185235904,46.01008083659839,44.27103887567332,45.76164627075195,1059489
2014-02-19,45.314461170850294,45.960392528110084,44.320722954026294,44.71821975708008,662415
2014-02-20,44.5691580635482,45.21508942885606,44.17166504635225,44.81759262084961,553402
2014-02-21,44.71822046868304,45.71195870132044,44.71822046868304,45.51321029663086,292388
2014-02-24,45.215090279807235,46.75538380590229,45.01634187206355,46.30820083618164,807756
2014-02-25,46.904446964126535,46.904446964126535,44.51947360682103,45.115718841552734,976150
2014-02-26,44.81759262084961,46.15914150476351,44.46978575695184,44.81759262084961,1775238
2014-02-28,44.76790662215281,45.761644854790205,44.71822046868304,45.51321029663086,620810
2014-03-03,45.11571656013386,45.711957973904084,44.46978520287408,44.71821975708008,581423
2014-03-04,44.4200996380701,46.40757609802124,44.4200996380701,46.159141540527344,1257962
2014-03-05,46.35789092332914,47.20256692031582,45.31446272717895,47.00381851196289,1192766
2014-03-06,47.10319405262336,48.69317371895903,47.00381795422079,48.24599075317383,1165309
2014-03-07,48.245991332045705,49.090671119954855,48.04724292366646,48.345367431640625,1143042
2014-03-10,48.19630405619524,49.637225244903384,47.69943494221384,49.488162994384766,1351916
2014-03-11,49.488162093873065,49.98503119881318,47.84849632205696,47.997554779052734,1391148
2014-03-12,47.99755763464203,47.99755763464203,46.75538479838933,47.15288162231445,749355
2014-03-13,47.20256777760243,48.693175181105666,46.85476089977594,47.15288162231445,885856
2014-03-14,46.70569879100993,47.10319561619386,45.711960518860785,46.50695037841797,899844
2014-03-18,46.55663526572149,47.699435763888886,46.35789064935374,46.954132080078125,775184
2014-03-19,47.202565776802786,47.4510003335228,46.50694825982465,46.80506896972656,434511
2014-03-20,46.50694881345195,46.656011065582625,45.36415211342212,45.562896728515625,750715
2014-03-21,46.05976544304348,47.10319361716624,45.66227242553956,46.159141540527344,1600086
2014-03-24,46.80506982699175,47.4013150485267,46.755383672899804,46.954132080078125,634796
2014-03-25,46.95413235757731,47.30193922908698,46.35789092332914,47.00381851196289,656263
2014-03-26,47.103194477551554,47.947870472135406,47.103194477551554,47.649749755859375,781671
2014-03-27,48.69317415489583,51.276892083525254,47.89818431461067,50.33284378051758,12543864
2014-03-28,50.68065009201579,52.071885140277686,49.786284162303055,51.575016021728516,2884967
2014-03-31,52.32032142652396,53.065625128948454,49.835975751775635,50.53158950805664,1549908
2014-04-01,50.68064922209697,51.0781460264376,49.63722484921589,50.084407806396484,675551
2014-04-02,50.38252749096843,52.767496896141665,50.38252749096843,52.56875228881836,2298990
2014-04-03,52.767499725009785,52.767499725009785,51.028457782027964,51.72407531738281,1059572
2014-04-04,51.62470328498545,52.568755388681396,51.27689262003925,51.77376174926758,1038996
2014-04-07,51.27689109667803,52.71781228679465,50.68064967564174,52.17125701904297,865683
2014-04-09,52.37000600257531,53.860613362473224,51.92282303644383,53.612178802490234,2012652
2014-04-10,52.76749817718828,54.40716776308489,52.76749817718828,53.46311569213867,1670405
2014-04-11,52.91656168204773,53.95998608381331,52.41969255827263,53.015933990478516,818250
2014-04-15,53.11530775258715,53.463114607601604,50.8793967939818,51.27688980102539,1459791
2014-04-16,51.17752089981547,52.171259169714794,50.2831549405818,50.53158950805664,761020
2014-04-17,50.63096502652879,52.071886259453066,50.581278871768085,51.77376174926758,844336
2014-04-21,51.873135891984695,53.11530866817777,51.82344973909907,52.76749801635742,947158
2014-04-22,52.51906444269433,53.46311652840738,51.972509169116414,52.2706298828125,795477
2014-04-23,52.02219504591847,52.966247126604564,51.87313658526942,52.220943450927734,1341668
2014-04-24,52.220943450927734,52.220943450927734,52.220943450927734,52.220943450927734,0
2014-04-25,52.419693532715776,54.80466688749535,52.17125896621002,53.86061477661133,3237184
2014-04-28,54.5065403887812,55.25184406113907,52.37000546917495,54.85435104370117,3107703
2014-04-29,55.351219571280275,56.34495779054631,54.158732949998935,54.754974365234375,2021102
2014-04-30,56.841827061329944,64.29485993614462,55.450592034089055,61.46270751953125,39179733
2014-05-02,62.80425798580764,63.20175101023044,59.27648796615106,59.72366714477539,8736169
2014-05-05,59.62429428100586,61.71114306451685,59.22679746947494,59.62429428100586,3846632
2014-05-06,60.31991209342116,60.46897055534815,58.034314893245615,58.332435607910156,2769273
2014-05-07,58.13368561980012,58.87898928159243,57.13994740407704,57.38838195800781,2178826
2014-05-08,57.88525405222188,58.03431630859478,56.5933950632958,57.239322662353516,1999609
2014-05-09,57.53744659054577,60.81678208013721,56.89151520723976,59.82304382324219,3579809
2014-05-12,60.31991040040591,63.003004338700755,60.021789694108804,60.717403411865234,3608053
2014-05-13,61.21427268597045,63.99674272781402,60.91615197886162,61.413021087646484,3809149
2014-05-14,62.357071707297656,67.27607273761546,61.21427126725411,66.48108673095703,7320531
2014-05-15,66.77920642997096,68.07106916948554,63.74830935898841,64.29486083984375,4493694
2014-05-16,65.5867233352655,71.54915272938055,64.69235740982404,66.92826843261719,9111104
2014-05-19,67.82263577420358,71.44978191434969,67.57420121092811,71.20134735107422,4376633
2014-05-20,72.0460239104693,73.23850679082166,69.11449907365733,71.30072021484375,3597781
2014-05-21,71.44977828664915,74.87817205313326,69.56167418529554,73.2385025024414,5285703
2014-05-22,73.83475072735395,75.87190947278455,73.18881938597518,74.43099212646484,3307984
2014-05-23,75.27567312806806,80.4431090428249,74.53036943373075,79.3499984741211,5597255
2014-05-26,81.23810182023627,85.95835850092277,72.64226445381976,77.85939025878906,9354581
2014-05-27,78.2071940161686,78.70406312067189,73.03975836198279,77.31283569335938,2964091
2014-05-28,77.90907542585529,79.49905500972567,76.76627499376634,78.35625457763672,2044156
2014-05-29,78.50532415597624,81.2877943738999,76.86565447690054,79.64812469482422,4480494
2014-05-30,80.29405532272028,81.287793593637,76.41847454982077,76.81597137451172,2055366
2014-06-02,77.41220766266218,84.76587189378611,77.31283535851608,83.92118835449219,5876723
2014-06-03,84.91492828221918,85.26274272621934,81.83434130145632,82.87776947021484,5286082
2014-06-04,82.57964395860978,87.49865266042134,80.69153983816558,86.70365905761719,4969374
2014-06-05,86.65396825122113,87.84645864354961,84.61680948446045,86.55459594726562,4071272
2014-06-06,87.64770821776425,89.38675010765338,86.7533498825466,88.19426727294922,3313390
2014-06-09,88.84019975536212,89.03894436978089,86.95209559189952,88.39301300048828,2589394
2014-06-10,88.19426668499585,88.64144584962352,85.06398978773943,86.75334930419922,3296004
2014-06-11,86.60429129655567,88.34333326001413,83.8715110682638,84.81555938720703,2363557
2014-06-12,85.16336316226139,85.36211535696306,82.77839747880925,84.26900482177734,2302320
2014-06-13,85.26274112524462,86.3558516357486,78.80344278489642,79.94623565673828,3382458
2014-06-16,79.15124994116222,80.98966411329944,75.62347626308795,79.99592590332031,3224024
2014-06-17,79.49906125679065,82.48027605392029,78.20719847871928,82.1324691772461,2551316
2014-06-18,82.18215099627861,82.82808238102852,78.10782565022558,79.3499984741211,2507724
2014-06-19,79.75,80.6500015258789,78.25,79.0,1486108
2014-06-20,78.9000015258789,79.75,76.0999984741211,76.55000305175781,1713822
2014-06-23,76.05000305175781,78.5,75.75,78.0,1896290
2014-06-24,78.0,80.1500015258789,77.94999694824219,79.30000305175781,1862794
2014-06-25,79.4000015258789,79.8499984741211,78.19999694824219,78.5,1353748
2014-06-26,78.55000305175781,79.25,76.4000015258789,78.69999694824219,8547726
2014-06-27,77.8499984741211,78.0,75.5,76.4000015258789,1573846
2014-06-30,76.5999984741211,82.3499984741211,76.5999984741211,81.5999984741211,3867120
2014-07-01,82.0,82.4000015258789,79.9000015258789,80.30000305175781,2093107
2014-07-02,81.5999984741211,82.30000305175781,80.0999984741211,81.05000305175781,3154759
2014-07-03,81.3499984741211,84.1500015258789,80.0999984741211,83.3499984741211,4363908
2014-07-04,84.4000015258789,85.69999694824219,83.5,84.6500015258789,6160432
2014-07-07,85.0,85.44999694824219,82.9000015258789,83.0999984741211,1673619
2014-07-08,83.0999984741211,83.5999984741211,75.0999984741211,76.30000305175781,2637627
2014-07-09,76.30000305175781,76.8499984741211,72.5,74.44999694824219,2801838
2014-07-10,74.5,78.0,69.1500015258789,73.6500015258789,4478392
2014-07-11,73.9000015258789,74.25,68.25,68.94999694824219,2904177
2014-07-14,69.19999694824219,72.75,67.4000015258789,70.6500015258789,3170795
2014-07-15,71.69999694824219,73.3499984741211,69.4000015258789,72.4000015258789,3268142
2014-07-16,73.05000305175781,74.25,71.25,73.69999694824219,2698791
2014-07-17,73.05000305175781,75.3499984741211,72.5,74.5999984741211,2462746
2014-07-18,74.0999984741211,74.0999984741211,72.0999984741211,72.69999694824219,2047883
2014-07-21,73.19999694824219,74.0,71.6500015258789,72.05000305175781,1260422
2014-07-22,72.1500015258789,73.4000015258789,71.9000015258789,73.0,2330132
2014-07-23,73.0,74.3499984741211,71.69999694824219,72.4000015258789,1832570
2014-07-24,72.69999694824219,73.3499984741211,71.69999694824219,72.0,1826565
2014-07-25,72.05000305175781,73.19999694824219,68.55000305175781,70.05000305175781,1987733
2014-07-28,72.0,72.55000305175781,70.44999694824219,70.80000305175781,2409218
2014-07-30,71.05000305175781,71.69999694824219,69.55000305175781,70.94999694824219,1425668
2014-07-31,70.30000305175781,71.30000305175781,70.0,70.1500015258789,1745392
2014-08-01,68.9000015258789,72.6500015258789,68.5,69.75,3082570
2014-08-04,70.1500015258789,70.8499984741211,69.0999984741211,69.9000015258789,1778278
2014-08-05,70.44999694824219,70.94999694824219,69.3499984741211,70.3499984741211,1500073
2014-08-06,69.80000305175781,70.5,68.25,68.69999694824219,1030792
2014-08-07,68.1500015258789,69.0,67.5,67.8499984741211,1137704
2014-08-08,67.25,67.30000305175781,65.0999984741211,65.3499984741211,1314309
2014-08-11,65.4000015258789,66.55000305175781,65.4000015258789,65.75,850670
2014-08-12,65.94999694824219,66.6500015258789,65.4000015258789,66.44999694824219,1093910
2014-08-13,66.05000305175781,66.30000305175781,61.0,63.25,2914250
2014-08-14,62.79999923706055,64.4000015258789,62.099998474121094,63.95000076293945,1231938
2014-08-18,63.400001525878906,65.94999694824219,63.400001525878906,65.5999984741211,988907
2014-08-19,65.9000015258789,66.44999694824219,65.0999984741211,65.94999694824219,969824
2014-08-20,65.94999694824219,66.05000305175781,63.54999923706055,64.0,1909519
2014-08-21,64.0999984741211,65.94999694824219,63.79999923706055,65.25,2162720
2014-08-22,65.5,67.0,65.4000015258789,66.25,2148431
2014-08-25,66.5,66.80000305175781,63.349998474121094,63.70000076293945,1624537
2014-08-26,63.150001525878906,63.599998474121094,61.95000076293945,62.900001525878906,1181944
2014-08-27,62.5,64.0,62.20000076293945,62.5,836051
2014-08-28,62.54999923706055,63.0,58.75,60.79999923706055,12736883
2014-09-01,60.25,63.0,59.849998474121094,62.79999923706055,1987650
2014-09-02,62.29999923706055,63.400001525878906,61.79999923706055,62.099998474121094,1153704
2014-09-03,62.5,62.70000076293945,61.54999923706055,61.900001525878906,1100466
2014-09-04,61.29999923706055,61.849998474121094,59.70000076293945,60.400001525878906,1201271
2014-09-05,59.79999923706055,60.79999923706055,57.5,59.650001525878906,1426267
2014-09-08,60.599998474121094,60.900001525878906,59.099998474121094,60.099998474121094,1189466
2014-09-09,59.70000076293945,61.849998474121094,59.20000076293945,61.0,1902201
2014-09-10,60.400001525878906,63.349998474121094,60.25,62.70000076293945,1988949
2014-09-11,63.099998474121094,64.5,62.900001525878906,63.900001525878906,2861116
2014-09-12,63.900001525878906,64.75,62.79999923706055,64.5,1600409
2014-09-15,63.900001525878906,66.3499984741211,63.25,65.0999984741211,3053888
2014-09-16,65.0,65.9000015258789,59.70000076293945,60.900001525878906,2613821
2014-09-17,61.79999923706055,62.150001525878906,60.20000076293945,61.400001525878906,1548004
2014-09-18,61.20000076293945,63.5,60.79999923706055,63.20000076293945,1742347
2014-09-19,63.0,63.900001525878906,60.79999923706055,61.04999923706055,3600096
2014-09-22,60.900001525878906,61.95000076293945,60.54999923706055,61.25,1057986
2014-09-23,61.400001525878906,61.75,59.400001525878906,59.650001525878906,1431851
2014-09-24,59.650001525878906,60.20000076293945,57.599998474121094,59.20000076293945,1408309
2014-09-25,58.599998474121094,58.95000076293945,54.099998474121094,55.95000076293945,11016733
2014-09-26,55.099998474121094,58.79999923706055,53.5,58.349998474121094,2729678
2014-09-29,57.900001525878906,58.900001525878906,57.099998474121094,57.95000076293945,1392358
2014-09-30,57.900001525878906,58.75,56.29999923706055,56.849998474121094,1049500
2014-10-01,56.5,57.900001525878906,56.04999923706055,56.650001525878906,1178072
2014-10-07,56.099998474121094,57.25,55.79999923706055,56.04999923706055,683316
2014-10-08,55.599998474121094,57.25,55.54999923706055,56.70000076293945,949569
2014-10-09,56.79999923706055,59.25,56.79999923706055,58.599998474121094,1335906
2014-10-10,57.79999923706055,58.5,56.900001525878906,57.20000076293945,2733639
2014-10-13,56.650001525878906,58.45000076293945,56.5,58.150001525878906,1579653
2014-10-14,58.45000076293945,59.5,57.5,58.900001525878906,1665925
2014-10-15,58.900001525878906,58.900001525878906,58.900001525878906,58.900001525878906,0
2014-10-16,58.349998474121094,60.0,56.79999923706055,57.25,1487099
2014-10-17,57.5,59.150001525878906,57.25,58.70000076293945,1137435
2014-10-20,59.70000076293945,60.5,58.95000076293945,59.54999923706055,985450
2014-10-21,59.79999923706055,61.20000076293945,59.650001525878906,60.349998474121094,1319055
2014-10-22,61.0,61.29999923706055,60.0,60.70000076293945,1120311
2014-10-27,60.849998474121094,61.75,59.70000076293945,61.0,1311492
2014-10-28,61.04999923706055,61.75,60.5,60.849998474121094,970414
2014-10-29,61.04999923706055,61.400001525878906,59.25,59.54999923706055,1347849
2014-10-30,59.54999923706055,59.599998474121094,55.04999923706055,57.25,7982961
2014-10-31,56.45000076293945,59.0,56.150001525878906,58.849998474121094,2935592
2014-11-03,58.95000076293945,61.099998474121094,58.400001525878906,60.04999923706055,2755770
2014-11-05,59.0,59.25,57.900001525878906,58.20000076293945,2466796
2014-11-07,58.20000076293945,58.599998474121094,57.099998474121094,58.0,1544969
2014-11-10,58.20000076293945,58.599998474121094,57.29999923706055,57.900001525878906,876625
2014-11-11,58.0,59.599998474121094,57.349998474121094,59.349998474121094,1724305
2014-11-12,58.79999923706055,59.70000076293945,58.099998474121094,58.400001525878906,1445544
2014-11-13,59.400001525878906,59.400001525878906,57.349998474121094,57.599998474121094,1383324
2014-11-14,57.349998474121094,58.45000076293945,57.349998474121094,57.95000076293945,1048770
2014-11-17,57.5,58.900001525878906,57.29999923706055,58.54999923706055,978348
2014-11-18,58.150001525878906,60.20000076293945,58.150001525878906,59.29999923706055,2232722
2014-11-19,59.0,59.79999923706055,57.400001525878906,57.599998474121094,1805312
2014-11-20,57.75,57.95000076293945,56.099998474121094,56.650001525878906,1122911
2014-11-21,56.25,57.79999923706055,56.25,56.75,1029391
2014-11-24,57.099998474121094,57.650001525878906,56.29999923706055,56.849998474121094,1153783
2014-11-25,57.0,57.0,54.599998474121094,55.0,1491896
2014-11-26,54.70000076293945,55.70000076293945,54.70000076293945,55.099998474121094,795665
2014-11-27,54.349998474121094,57.20000076293945,53.29999923706055,56.45000076293945,10797707
2014-11-28,55.900001525878906,58.29999923706055,55.900001525878906,57.349998474121094,2861667
2014-12-01,57.349998474121094,58.150001525878906,56.099998474121094,56.5,1262947
2014-12-02,56.150001525878906,58.099998474121094,55.79999923706055,57.900001525878906,2270571
2014-12-03,57.599998474121094,60.150001525878906,57.599998474121094,59.79999923706055,4774324
2014-12-04,60.70000076293945,62.150001525878906,58.45000076293945,61.900001525878906,4042417
2014-12-05,63.04999923706055,63.5,61.599998474121094,62.0,3804867
2014-12-08,62.0,62.20000076293945,60.29999923706055,60.54999923706055,1414693
2014-12-09,60.54999923706055,61.45000076293945,58.0,58.70000076293945,1655115
2014-12-10,58.25,62.75,58.25,62.150001525878906,2558876
2014-12-11,62.5,63.54999923706055,60.04999923706055,61.70000076293945,3569543
2014-12-12,61.79999923706055,62.599998474121094,60.04999923706055,60.349998474121094,2469495
2014-12-15,60.0,61.5,59.150001525878906,59.849998474121094,1829678
2014-12-16,59.29999923706055,60.900001525878906,54.900001525878906,55.45000076293945,2961592
2014-12-17,55.45000076293945,56.04999923706055,53.20000076293945,54.79999923706055,4166629
2014-12-18,55.79999923706055,57.20000076293945,55.54999923706055,56.70000076293945,1937719
2014-12-19,57.20000076293945,57.79999923706055,56.25,56.5,2070050
2014-12-22,56.70000076293945,57.45000076293945,55.849998474121094,57.150001525878906,1283262
2014-12-23,57.0,57.95000076293945,56.400001525878906,56.650001525878906,1871275
2014-12-24,56.650001525878906,58.400001525878906,55.95000076293945,57.599998474121094,3886847
2014-12-26,58.150001525878906,60.400001525878906,57.650001525878906,60.099998474121094,2847442
2014-12-29,60.75,61.400001525878906,59.650001525878906,59.95000076293945,2531776
2014-12-30,61.650001525878906,61.650001525878906,60.0,61.400001525878906,2409551
2014-12-31,61.79999923706055,62.650001525878906,60.900001525878906,62.20000076293945,2110264
2015-01-01,62.150001525878906,64.5,61.5,63.75,2552616
2015-01-02,63.79999923706055,64.6500015258789,63.349998474121094,63.849998474121094,2676788
2015-01-05,63.900001525878906,64.25,62.20000076293945,62.54999923706055,1989486
2015-01-06,62.0,62.0,59.099998474121094,59.45000076293945,2267423
2015-01-07,59.20000076293945,59.79999923706055,57.75,59.04999923706055,2146508
2015-01-08,59.849998474121094,60.75,59.54999923706055,60.349998474121094,1578957
2015-01-09,60.599998474121094,60.849998474121094,58.20000076293945,59.849998474121094,1508987
2015-01-12,60.0,61.099998474121094,59.0,60.75,1500244
2015-01-13,60.849998474121094,61.29999923706055,59.150001525878906,59.599998474121094,1898769
2015-01-14,59.54999923706055,60.20000076293945,58.599998474121094,59.0,1143661
2015-01-15,61.20000076293945,62.099998474121094,60.54999923706055,61.20000076293945,2183211
2015-01-16,61.70000076293945,61.70000076293945,59.75,60.0,1189654
2015-01-19,60.900001525878906,61.349998474121094,60.29999923706055,60.5,1339452
2015-01-20,60.5,61.25,60.45000076293945,60.75,1069509
2015-01-21,61.0,61.75,60.349998474121094,60.650001525878906,1355096
2015-01-22,61.0,61.150001525878906,59.25,59.45000076293945,923303
2015-01-23,60.0,60.29999923706055,58.599998474121094,59.400001525878906,1156415
2015-01-27,59.70000076293945,59.79999923706055,58.70000076293945,59.25,717768
2015-01-28,58.79999923706055,60.20000076293945,58.400001525878906,59.0,1090735
2015-01-29,59.0,60.29999923706055,58.150001525878906,59.54999923706055,5647610
2015-01-30,59.0,59.599998474121094,55.75,56.900001525878906,2292198
2015-02-02,56.900001525878906,59.0,56.29999923706055,58.650001525878906,1340503
2015-02-03,58.79999923706055,59.25,56.150001525878906,56.400001525878906,2280739
2015-02-04,56.349998474121094,56.75,55.0,55.70000076293945,1667172
2015-02-05,55.900001525878906,56.25,49.75,50.25,11644084
2015-02-06,50.0,52.95000076293945,48.0,50.150001525878906,6921982
2015-02-09,49.599998474121094,51.0,48.900001525878906,49.099998474121094,1901020
2015-02-10,48.900001525878906,50.75,46.349998474121094,48.099998474121094,2886290
2015-02-11,48.400001525878906,49.54999923706055,47.650001525878906,48.849998474121094,2109691
2015-02-12,48.900001525878906,49.150001525878906,46.54999923706055,47.29999923706055,3229343
2015-02-13,47.900001525878906,48.5,47.099998474121094,48.20000076293945,1705217
2015-02-16,48.29999923706055,48.849998474121094,47.099998474121094,47.70000076293945,1570713
2015-02-18,47.79999923706055,48.20000076293945,47.400001525878906,47.79999923706055,1081811
2015-02-19,48.099998474121094,48.150001525878906,46.849998474121094,47.45000076293945,1702318
2015-02-20,47.95000076293945,50.70000076293945,47.04999923706055,49.599998474121094,4430620
2015-02-23,49.79999923706055,50.04999923706055,48.0,48.25,1640750
2015-02-24,48.5,49.150001525878906,47.650001525878906,48.349998474121094,1492324
2015-02-25,48.5,49.099998474121094,47.95000076293945,48.150001525878906,1206308
2015-02-26,48.29999923706055,48.599998474121094,45.75,46.45000076293945,12436145
2015-02-27,47.0,48.900001525878906,47.0,48.54999923706055,2220631
2015-03-02,49.29999923706055,49.900001525878906,48.54999923706055,49.099998474121094,1343613
2015-03-03,49.099998474121094,50.150001525878906,47.599998474121094,49.95000076293945,1991215
2015-03-04,51.04999923706055,51.54999923706055,47.099998474121094,47.650001525878906,3581312
2015-03-05,48.04999923706055,48.25,47.0,47.650001525878906,1262566
2015-03-09,47.400001525878906,47.5,46.29999923706055,46.5,1379775
2015-03-10,46.5,47.099998474121094,45.5,45.650001525878906,1534725
2015-03-11,45.79999923706055,46.79999923706055,45.20000076293945,46.29999923706055,1569470
2015-03-12,46.5,47.04999923706055,45.79999923706055,46.54999923706055,992134
2015-03-13,46.79999923706055,46.95000076293945,43.29999923706055,43.54999923706055,3941756
2015-03-16,43.5,44.25,43.099998474121094,43.70000076293945,1732160
2015-03-17,43.900001525878906,44.099998474121094,42.900001525878906,43.70000076293945,1409430
2015-03-18,43.70000076293945,44.349998474121094,43.25,44.04999923706055,1658890
2015-03-19,44.349998474121094,45.95000076293945,43.29999923706055,43.45000076293945,1227372
2015-03-20,43.45000076293945,43.5,42.900001525878906,43.099998474121094,1206091
2015-03-23,43.29999923706055,43.349998474121094,42.5,42.599998474121094,1102473
2015-03-24,42.54999923706055,43.0,41.5,41.650001525878906,2009298
2015-03-25,41.599998474121094,41.79999923706055,41.25,41.400001525878906,920465
2015-03-26,41.0,43.75,40.849998474121094,42.900001525878906,13212494
2015-03-27,42.400001525878906,42.400001525878906,40.599998474121094,41.599998474121094,2514373
2015-03-30,41.650001525878906,43.0,41.400001525878906,42.70000076293945,1335056
2015-03-31,42.75,43.25,42.150001525878906,42.349998474121094,1412581
2015-04-01,42.29999923706055,42.95000076293945,41.54999923706055,42.79999923706055,1700481
2015-04-06,43.20000076293945,43.20000076293945,42.150001525878906,42.5,933199
2015-04-07,42.5,43.099998474121094,42.20000076293945,42.75,1069358
2015-04-08,42.599998474121094,44.599998474121094,42.5,43.25,2140200
2015-04-09,43.400001525878906,44.900001525878906,42.75,44.650001525878906,2456325
2015-04-10,44.900001525878906,45.5,44.5,45.099998474121094,1652448
2015-04-13,45.0,46.25,44.400001525878906,46.04999923706055,1296908
2015-04-15,46.25,47.5,45.79999923706055,46.29999923706055,1667696
2015-04-16,46.5,46.5,45.45000076293945,45.75,1044378
2015-04-17,45.650001525878906,46.400001525878906,45.25,45.349998474121094,899007
2015-04-20,45.5,45.79999923706055,43.95000076293945,44.20000076293945,1141313
2015-04-21,44.400001525878906,45.099998474121094,44.04999923706055,44.400001525878906,762377
2015-04-22,44.70000076293945,44.79999923706055,42.5,43.900001525878906,1200128
2015-04-23,44.099998474121094,44.5,43.5,43.70000076293945,586233
2015-04-24,43.95000076293945,43.95000076293945,42.5,42.70000076293945,847388
2015-04-27,42.54999923706055,43.400001525878906,41.95000076293945,42.20000076293945,917893
2015-04-28,42.25,42.849998474121094,42.04999923706055,42.650001525878906,645790
2015-04-29,42.70000076293945,43.29999923706055,42.349998474121094,42.79999923706055,588239
2015-04-30,42.900001525878906,44.54999923706055,42.54999923706055,44.349998474121094,1867299
2015-05-04,44.650001525878906,45.099998474121094,44.400001525878906,45.04999923706055,944362
2015-05-05,45.04999923706055,45.599998474121094,44.20000076293945,44.79999923706055,1134144
2015-05-06,44.70000076293945,45.04999923706055,42.54999923706055,42.70000076293945,1395156
2015-05-07,42.70000076293945,42.70000076293945,40.75,41.20000076293945,1652293
2015-05-08,41.849998474121094,42.45000076293945,39.849998474121094,40.5,5997335
2015-05-11,40.79999923706055,42.20000076293945,40.04999923706055,42.0,2834344
2015-05-12,41.650001525878906,41.75,40.79999923706055,40.95000076293945,1027279
2015-05-13,41.04999923706055,41.95000076293945,40.95000076293945,41.400001525878906,1603692
2015-05-14,41.29999923706055,42.70000076293945,40.95000076293945,42.54999923706055,1311782
2015-05-15,42.5,43.849998474121094,42.29999923706055,42.45000076293945,1400888
2015-05-18,42.75,42.900001525878906,42.04999923706055,42.400001525878906,902642
2015-05-19,42.400001525878906,43.400001525878906,42.25,42.79999923706055,943857
2015-05-20,43.099998474121094,43.20000076293945,42.349998474121094,42.45000076293945,518897
2015-05-21,42.79999923706055,42.79999923706055,41.79999923706055,42.04999923706055,1035368
2015-05-22,42.04999923706055,42.95000076293945,42.04999923706055,42.099998474121094,852007
2015-05-25,41.349998474121094,42.349998474121094,41.349998474121094,41.849998474121094,450162
2015-05-26,41.849998474121094,42.04999923706055,41.5,41.599998474121094,406859
2015-05-27,41.599998474121094,42.900001525878906,41.29999923706055,42.75,1029440
2015-05-28,42.900001525878906,43.25,41.95000076293945,43.0,1177417
2015-05-29,43.099998474121094,43.599998474121094,42.75,43.20000076293945,753498
2015-06-01,43.20000076293945,43.45000076293945,42.599998474121094,42.75,650713
2015-06-02,42.75,42.95000076293945,41.0,41.150001525878906,1268611
2015-06-03,41.25,41.349998474121094,39.349998474121094,39.79999923706055,2107032
2015-06-04,40.099998474121094,40.099998474121094,38.5,38.75,1888127
2015-06-05,38.650001525878906,38.95000076293945,38.04999923706055,38.25,1222792
2015-06-08,38.20000076293945,38.29999923706055,37.150001525878906,37.25,1416864
2015-06-09,37.29999923706055,37.70000076293945,37.04999923706055,37.29999923706055,1090807
2015-06-10,37.349998474121094,38.0,37.349998474121094,37.54999923706055,994017
2015-06-11,37.79999923706055,37.95000076293945,36.29999923706055,36.650001525878906,1742272
2015-06-12,36.29999923706055,36.900001525878906,35.900001525878906,36.75,1198876
2015-06-15,36.849998474121094,37.20000076293945,36.150001525878906,36.349998474121094,1128034
2015-06-16,36.29999923706055,36.900001525878906,36.04999923706055,36.75,830736
2015-06-17,36.849998474121094,37.20000076293945,36.54999923706055,36.900001525878906,1113416
2015-06-18,37.099998474121094,37.45000076293945,36.75,37.099998474121094,1024944
2015-06-19,37.099998474121094,38.0,36.849998474121094,37.70000076293945,1282663
2015-06-22,37.849998474121094,39.04999923706055,37.54999923706055,38.75,1617643
2015-06-23,38.79999923706055,39.349998474121094,38.54999923706055,38.900001525878906,1382647
2015-06-24,38.900001525878906,39.150001525878906,38.400001525878906,38.54999923706055,1114887
2015-06-25,38.45000076293945,39.0,38.150001525878906,38.849998474121094,2032113
2015-06-26,38.79999923706055,38.79999923706055,37.75,38.0,1346358
2015-06-29,36.95000076293945,37.25,36.5,36.95000076293945,1192429
2015-06-30,37.0,37.400001525878906,36.79999923706055,37.04999923706055,1380939
2015-07-01,37.0,38.20000076293945,36.95000076293945,37.900001525878906,2220370
2015-07-02,37.900001525878906,38.20000076293945,37.20000076293945,37.349998474121094,1239559
2015-07-03,37.20000076293945,37.650001525878906,37.0,37.400001525878906,2205133
2015-07-06,37.0,37.79999923706055,36.79999923706055,37.70000076293945,1217212
2015-07-07,37.70000076293945,38.70000076293945,37.599998474121094,38.04999923706055,2452419
2015-07-08,37.75,37.95000076293945,37.099998474121094,37.400001525878906,1240971
2015-07-09,37.5,38.29999923706055,37.29999923706055,37.75,1387273
2015-07-10,37.75,38.5,37.650001525878906,38.400001525878906,1256745
2015-07-13,38.45000076293945,38.75,38.20000076293945,38.650001525878906,1012170
2015-07-14,38.75,39.0,38.45000076293945,38.54999923706055,922327
2015-07-15,38.54999923706055,38.849998474121094,37.849998474121094,38.20000076293945,1108512
2015-07-16,38.29999923706055,39.400001525878906,38.150001525878906,39.099998474121094,1278850
2015-07-17,39.29999923706055,40.150001525878906,39.20000076293945,39.650001525878906,2976171
2015-07-20,39.75,40.150001525878906,38.75,39.150001525878906,1443022
2015-07-21,39.45000076293945,39.45000076293945,38.599998474121094,38.70000076293945,1694724
2015-07-22,38.75,39.20000076293945,38.400001525878906,38.75,743728
2015-07-23,38.849998474121094,39.099998474121094,38.20000076293945,38.70000076293945,1245624
2015-07-24,38.650001525878906,38.75,37.900001525878906,38.099998474121094,1142607
2015-07-27,36.0,36.150001525878906,35.29999923706055,35.650001525878906,4164288
2015-07-28,36.29999923706055,36.29999923706055,35.0,35.70000076293945,1437056
2015-07-29,35.70000076293945,36.25,35.25,35.900001525878906,1353678
2015-07-30,35.849998474121094,36.849998474121094,35.400001525878906,36.5,8459831
2015-07-31,36.5,38.150001525878906,36.349998474121094,38.0,3279078
2015-08-03,37.900001525878906,39.5,37.599998474121094,38.5,1576216
2015-08-04,38.599998474121094,39.95000076293945,37.95000076293945,39.599998474121094,2527530
2015-08-05,40.099998474121094,40.099998474121094,38.900001525878906,39.04999923706055,1897306
2015-08-06,38.650001525878906,39.70000076293945,38.29999923706055,39.5,1699722
2015-08-07,39.20000076293945,39.400001525878906,38.75,39.0,1246312
2015-08-10,38.95000076293945,39.099998474121094,37.650001525878906,37.95000076293945,952983
2015-08-11,38.0,38.79999923706055,37.25,37.400001525878906,1429941
2015-08-12,37.400001525878906,37.45000076293945,36.45000076293945,36.75,2363967
2015-08-13,37.150001525878906,37.150001525878906,36.25,36.70000076293945,1924956
2015-08-14,36.849998474121094,38.95000076293945,36.54999923706055,38.650001525878906,1904303
2015-08-17,40.150001525878906,40.5,39.20000076293945,40.25,4668591
2015-08-18,40.79999923706055,40.900001525878906,39.5,39.75,2421523
2015-08-19,39.70000076293945,39.95000076293945,38.650001525878906,38.95000076293945,1011042
2015-08-20,38.75,39.0,37.70000076293945,38.099998474121094,1997385
2015-08-21,37.5,38.0,36.75,37.849998474121094,982078
2015-08-24,36.79999923706055,36.900001525878906,35.5,35.900001525878906,3344531
2015-08-25,36.0,36.349998474121094,33.599998474121094,35.25,3241462
2015-08-26,35.79999923706055,36.0,34.70000076293945,35.45000076293945,1957300
2015-08-27,36.0,38.349998474121094,35.0,37.5,23942310
2015-08-28,36.150001525878906,36.79999923706055,35.04999923706055,35.349998474121094,2671688
2015-08-31,35.20000076293945,35.95000076293945,34.5,34.79999923706055,2292630
2015-09-01,34.45000076293945,34.70000076293945,34.0,34.20000076293945,1706115
2015-09-02,34.70000076293945,34.70000076293945,33.79999923706055,34.04999923706055,1104791
2015-09-03,34.20000076293945,34.54999923706055,34.0,34.150001525878906,655708
2015-09-04,34.150001525878906,34.349998474121094,32.75,33.650001525878906,1635783
2015-09-07,33.650001525878906,33.79999923706055,32.849998474121094,33.04999923706055,918535
2015-09-08,32.849998474121094,33.599998474121094,32.599998474121094,33.29999923706055,1285392
2015-09-09,33.650001525878906,34.20000076293945,33.5,34.0,1007880
2015-09-10,33.5,33.849998474121094,33.20000076293945,33.70000076293945,619550
2015-09-11,33.900001525878906,34.400001525878906,33.70000076293945,33.849998474121094,660961
2015-09-14,34.150001525878906,35.150001525878906,33.75,35.0,1191563
2015-09-15,35.0,35.29999923706055,34.400001525878906,34.70000076293945,1011850
2015-09-16,35.04999923706055,35.099998474121094,34.70000076293945,34.900001525878906,523997
2015-09-18,35.20000076293945,35.849998474121094,35.04999923706055,35.54999923706055,2115233
2015-09-21,35.54999923706055,36.0,34.95000076293945,35.849998474121094,923428
2015-09-22,36.0,36.25,34.79999923706055,35.04999923706055,827165
2015-09-23,34.70000076293945,36.29999923706055,34.54999923706055,36.04999923706055,1085696
2015-09-24,36.099998474121094,36.75,35.54999923706055,36.45000076293945,1130328
2015-09-28,36.45000076293945,37.099998474121094,36.25,36.5,734935
2015-09-29,36.29999923706055,36.79999923706055,35.54999923706055,36.20000076293945,939804
2015-09-30,36.400001525878906,36.70000076293945,35.45000076293945,36.25,1063625
2015-10-01,36.400001525878906,37.349998474121094,36.20000076293945,36.849998474121094,956052
2015-10-05,36.900001525878906,37.849998474121094,36.900001525878906,37.45000076293945,974431
2015-10-06,37.29999923706055,37.45000076293945,36.349998474121094,37.099998474121094,1780695
2015-10-07,37.099998474121094,37.5,36.54999923706055,37.349998474121094,928049
2015-10-08,37.5,38.0,36.70000076293945,37.650001525878906,1030202
2015-10-09,37.79999923706055,38.099998474121094,37.150001525878906,37.29999923706055,652211
2015-10-12,36.5,37.849998474121094,36.5,37.45000076293945,1074488
2015-10-13,37.45000076293945,37.75,36.900001525878906,37.150001525878906,672316
2015-10-14,37.20000076293945,37.599998474121094,37.099998474121094,37.150001525878906,733547
2015-10-15,37.45000076293945,37.54999923706055,37.0,37.150001525878906,850070
2015-10-16,37.20000076293945,37.25,36.150001525878906,36.599998474121094,2335628
2015-10-19,36.70000076293945,36.75,36.150001525878906,36.599998474121094,2294895
2015-10-20,36.75,37.04999923706055,36.400001525878906,36.5,1193448
2015-10-21,36.75,36.75,36.099998474121094,36.29999923706055,918302
2015-10-23,36.400001525878906,36.70000076293945,35.75,35.849998474121094,2252960
2015-10-26,35.95000076293945,36.099998474121094,35.099998474121094,35.25,1318318
2015-10-27,35.45000076293945,35.599998474121094,35.099998474121094,35.5,1096984
2015-10-28,35.400001525878906,35.5,35.099998474121094,35.349998474121094,975549
2015-10-29,35.04999923706055,36.5,35.04999923706055,36.20000076293945,2451659
2015-10-30,35.70000076293945,36.599998474121094,34.900001525878906,35.0,2163096
2015-11-02,31.5,31.549999237060547,29.549999237060547,31.0,17839054
2015-11-03,31.600000381469727,31.600000381469727,30.399999618530273,30.649999618530273,3213799
2015-11-04,31.0,31.25,30.549999237060547,30.850000381469727,1577381
2015-11-05,31.0,31.0,30.299999237060547,30.450000762939453,821377
2015-11-06,30.700000762939453,30.850000381469727,30.299999237060547,30.600000381469727,702143
2015-11-09,29.899999618530273,31.0,29.75,30.649999618530273,758343
2015-11-10,30.25,31.149999618530273,30.25,30.649999618530273,1204731
2015-11-13,30.799999237060547,31.0,30.25,30.5,615451
2015-11-16,30.450000762939453,30.950000762939453,30.350000381469727,30.850000381469727,984066
2015-11-17,30.850000381469727,31.25,30.5,30.700000762939453,533648
2015-11-18,30.5,30.950000762939453,30.25,30.399999618530273,1205508
2015-11-19,30.549999237060547,31.100000381469727,30.450000762939453,30.899999618530273,954421
2015-11-20,30.899999618530273,31.549999237060547,30.600000381469727,30.850000381469727,1409524
2015-11-23,30.899999618530273,31.100000381469727,30.549999237060547,30.700000762939453,726414
2015-11-24,30.649999618530273,33.150001525878906,30.649999618530273,31.850000381469727,2885083
2015-11-26,32.0,32.29999923706055,31.5,32.0,2794943
2015-11-27,32.04999923706055,32.650001525878906,31.799999237060547,32.25,1685110
2015-11-30,32.29999923706055,32.54999923706055,32.0,32.25,590701
2015-12-01,32.20000076293945,33.400001525878906,32.0,33.099998474121094,1819441
2015-12-02,33.400001525878906,33.400001525878906,32.400001525878906,32.599998474121094,765371
2015-12-03,32.5,32.650001525878906,32.099998474121094,32.20000076293945,642106
2015-12-04,32.099998474121094,32.20000076293945,31.399999618530273,31.450000762939453,687311
2015-12-07,31.600000381469727,31.799999237060547,31.200000762939453,31.299999237060547,787693
2015-12-08,31.100000381469727,31.5,30.350000381469727,30.700000762939453,715040
2015-12-09,30.700000762939453,30.950000762939453,30.399999618530273,30.700000762939453,737461
2015-12-10,30.75,31.0,30.25,30.75,555688
2015-12-11,30.399999618530273,30.950000762939453,30.350000381469727,30.5,654406
2015-12-14,30.450000762939453,31.200000762939453,30.200000762939453,30.799999237060547,1006341
2015-12-15,30.850000381469727,30.899999618530273,30.350000381469727,30.600000381469727,628503
2015-12-16,30.850000381469727,30.950000762939453,30.399999618530273,30.549999237060547,677633
2015-12-17,30.850000381469727,31.200000762939453,30.649999618530273,31.0,473773
2015-12-18,30.950000762939453,31.5,30.600000381469727,30.799999237060547,1070857
2015-12-21,30.850000381469727,31.100000381469727,30.549999237060547,30.899999618530273,547163
2015-12-22,31.25,31.25,30.299999237060547,30.549999237060547,695600
2015-12-23,30.899999618530273,31.0,30.649999618530273,30.899999618530273,494236
2015-12-24,31.0,31.0,30.5,30.799999237060547,469507
2015-12-28,30.700000762939453,31.0,30.5,30.700000762939453,485551
2015-12-29,31.0,31.049999237060547,30.549999237060547,30.950000762939453,773096
2015-12-30,30.950000762939453,31.399999618530273,30.75,30.950000762939453,1305784
2015-12-31,30.850000381469727,31.25,30.600000381469727,31.049999237060547,2083876
2016-01-01,31.049999237060547,31.700000762939453,30.700000762939453,31.350000381469727,1236430
2016-01-04,31.350000381469727,31.799999237060547,30.549999237060547,30.649999618530273,1094702
2016-01-05,30.700000762939453,31.0,30.450000762939453,30.899999618530273,561774
2016-01-06,31.100000381469727,31.200000762939453,30.549999237060547,30.700000762939453,809491
2016-01-07,30.700000762939453,30.700000762939453,29.0,29.5,2350748
2016-01-08,29.75,30.100000381469727,29.5,29.700000762939453,922256
2016-01-11,29.600000381469727,29.799999237060547,29.049999237060547,29.549999237060547,564550
2016-01-12,29.549999237060547,29.75,28.75,29.0,787539
2016-01-13,29.350000381469727,29.350000381469727,27.649999618530273,28.200000762939453,936373
2016-01-14,27.950000762939453,28.200000762939453,27.200000762939453,27.950000762939453,1105117
2016-01-15,28.049999237060547,28.299999237060547,26.149999618530273,26.549999237060547,1305294
2016-01-18,26.600000381469727,27.0,25.450000762939453,25.899999618530273,1611076
2016-01-19,25.649999618530273,26.549999237060547,25.549999237060547,26.0,1219189
2016-01-20,25.899999618530273,25.950000762939453,24.5,25.100000381469727,1328596
2016-01-21,25.100000381469727,25.899999618530273,24.5,25.0,1297748
2016-01-22,25.549999237060547,26.25,25.299999237060547,25.950000762939453,1184141
2016-01-25,26.25,26.5,25.649999618530273,25.850000381469727,861442
2016-01-27,26.0,26.450000762939453,25.75,26.0,1071208
2016-01-28,26.149999618530273,26.350000381469727,24.75,25.399999618530273,7104301
2016-01-29,25.399999618530273,25.700000762939453,24.600000381469727,25.299999237060547,1395682
2016-02-01,25.549999237060547,25.600000381469727,24.600000381469727,24.899999618530273,1109701
2016-02-02,25.149999618530273,25.450000762939453,24.600000381469727,24.799999237060547,1098213
2016-02-03,24.450000762939453,24.799999237060547,23.899999618530273,24.200000762939453,1142528
2016-02-04,24.299999237060547,24.600000381469727,24.100000381469727,24.299999237060547,618845
2016-02-05,24.399999618530273,25.549999237060547,24.100000381469727,25.25,1076409
2016-02-08,25.5,26.200000762939453,25.200000762939453,25.700000762939453,1297624
2016-02-09,25.299999237060547,25.549999237060547,24.899999618530273,25.0,647301
2016-02-10,24.5,24.549999237060547,22.049999237060547,23.450000762939453,7343646
2016-02-11,23.0,24.0,22.200000762939453,23.0,2415867
2016-02-12,22.950000762939453,23.600000381469727,20.850000381469727,22.700000762939453,2161506
2016-02-15,22.799999237060547,24.100000381469727,22.0,23.649999618530273,1833816
2016-02-16,24.350000381469727,24.399999618530273,23.350000381469727,23.899999618530273,1539926
2016-02-17,22.799999237060547,24.299999237060547,21.649999618530273,23.850000381469727,2402818
2016-02-18,23.899999618530273,24.25,23.549999237060547,23.899999618530273,1048622
2016-02-19,23.399999618530273,24.25,23.049999237060547,24.049999237060547,924160
2016-02-22,24.0,24.100000381469727,23.700000762939453,23.899999618530273,505836
2016-02-23,23.299999237060547,24.399999618530273,23.299999237060547,23.5,711781
2016-02-24,23.5,23.799999237060547,23.0,23.649999618530273,519495
2016-02-25,23.649999618530273,24.600000381469727,23.399999618530273,24.200000762939453,1412494
2016-02-26,24.0,24.350000381469727,23.25,24.0,1047503
2016-02-29,24.200000762939453,24.700000762939453,23.75,24.25,1090594
2016-03-01,24.200000762939453,25.149999618530273,24.149999618530273,24.950000762939453,700017
2016-03-02,25.350000381469727,26.649999618530273,25.350000381469727,26.200000762939453,1287748
2016-03-03,26.0,26.450000762939453,25.25,26.049999237060547,1545172
2016-03-04,26.149999618530273,27.200000762939453,25.700000762939453,27.0,1703657
2016-03-08,27.0,27.700000762939453,26.649999618530273,27.450000762939453,1096694
2016-03-09,27.399999618530273,27.399999618530273,26.899999618530273,27.049999237060547,959429
2016-03-10,27.200000762939453,27.700000762939453,26.700000762939453,26.850000381469727,1059574
2016-03-11,26.799999237060547,26.899999618530273,26.200000762939453,26.350000381469727,638780
2016-03-14,26.549999237060547,27.399999618530273,25.799999237060547,27.049999237060547,1656715
2016-03-15,26.799999237060547,27.549999237060547,26.649999618530273,27.049999237060547,1565261
2016-03-16,26.950000762939453,27.549999237060547,26.549999237060547,27.450000762939453,963797
2016-03-17,27.350000381469727,27.700000762939453,27.299999237060547,27.5,753028
2016-03-18,27.5,28.75,26.799999237060547,27.899999618530273,1810931
2016-03-21,28.399999618530273,28.850000381469727,28.0,28.649999618530273,849999
2016-03-22,28.75,28.899999618530273,28.350000381469727,28.75,496354
2016-03-23,28.700000762939453,28.799999237060547,28.049999237060547,28.299999237060547,612945
2016-03-28,28.299999237060547,28.649999618530273,27.399999618530273,28.149999618530273,749633
2016-03-29,28.0,28.0,27.450000762939453,27.600000381469727,784491
2016-03-30,27.649999618530273,29.5,27.600000381469727,29.299999237060547,2118346
2016-03-31,29.5,30.5,29.5,30.25,1985057
2016-04-01,31.0,31.600000381469727,30.450000762939453,31.25,2261315
2016-04-04,32.0,32.0,30.75,31.049999237060547,1027855
2016-04-05,31.200000762939453,31.200000762939453,30.0,30.399999618530273,1220381
2016-04-06,30.399999618530273,30.450000762939453,29.950000762939453,30.100000381469727,829500
2016-04-07,30.100000381469727,30.700000762939453,29.549999237060547,29.899999618530273,754934
2016-04-08,29.950000762939453,30.200000762939453,29.5,30.0,601915
2016-04-11,30.0,31.149999618530273,29.700000762939453,30.950000762939453,965093
2016-04-12,31.149999618530273,31.450000762939453,30.5,30.549999237060547,950027
2016-04-13,30.799999237060547,31.350000381469727,30.5,30.799999237060547,876354
2016-04-18,30.799999237060547,30.799999237060547,29.700000762939453,30.450000762939453,1188999
2016-04-20,30.899999618530273,31.899999618530273,30.399999618530273,31.549999237060547,1562081
2016-04-21,31.600000381469727,32.400001525878906,31.5,31.700000762939453,1336958
2016-04-22,31.700000762939453,32.150001525878906,31.200000762939453,31.950000762939453,880416
2016-04-25,31.5,32.25,31.350000381469727,31.75,755700
2016-04-26,31.5,32.599998474121094,31.350000381469727,31.899999618530273,1546688
2016-04-27,31.850000381469727,32.04999923706055,31.399999618530273,31.600000381469727,1098101
2016-04-28,31.600000381469727,32.70000076293945,30.850000381469727,31.25,11188513
2016-04-29,31.5,31.799999237060547,30.799999237060547,31.299999237060547,1334153
2016-05-02,31.25,31.600000381469727,30.850000381469727,31.5,1203387
2016-05-03,31.600000381469727,31.950000762939453,30.850000381469727,31.0,672435
2016-05-04,30.899999618530273,31.25,29.549999237060547,29.850000381469727,1715914
2016-05-05,29.799999237060547,29.899999618530273,29.25,29.700000762939453,966831
2016-05-06,29.5,29.950000762939453,29.399999618530273,29.75,739014
2016-05-09,29.899999618530273,30.399999618530273,29.649999618530273,30.25,763825
2016-05-10,30.100000381469727,30.5,29.799999237060547,30.149999618530273,668856
2016-05-11,29.600000381469727,30.350000381469727,29.549999237060547,29.649999618530273,555381
2016-05-12,29.850000381469727,30.200000762939453,29.5,29.600000381469727,451395
2016-05-13,29.799999237060547,29.799999237060547,29.0,29.299999237060547,874118
2016-05-16,29.399999618530273,29.5,28.399999618530273,29.25,709505
2016-05-17,29.299999237060547,29.950000762939453,29.100000381469727,29.649999618530273,434768
2016-05-18,29.649999618530273,30.25,29.0,30.049999237060547,886417
2016-05-19,30.0,30.0,28.899999618530273,29.149999618530273,520862
2016-05-20,29.149999618530273,29.549999237060547,28.549999237060547,28.799999237060547,713175
2016-05-23,29.0,29.100000381469727,28.100000381469727,28.350000381469727,675410
2016-05-24,28.100000381469727,28.200000762939453,27.450000762939453,27.799999237060547,809868
2016-05-25,27.700000762939453,29.700000762939453,27.700000762939453,29.049999237060547,1913306
2016-05-26,28.950000762939453,28.950000762939453,27.899999618530273,28.0,6530119
2016-05-27,27.950000762939453,27.950000762939453,27.299999237060547,27.549999237060547,2462251
2016-05-30,27.350000381469727,28.350000381469727,27.100000381469727,27.25,2414097
2016-05-31,27.299999237060547,27.350000381469727,26.75,27.0,1770642
2016-06-01,26.200000762939453,27.200000762939453,26.100000381469727,26.149999618530273,1456022
2016-06-02,26.200000762939453,26.299999237060547,25.600000381469727,26.0,1348411
2016-06-03,26.350000381469727,26.600000381469727,25.850000381469727,25.899999618530273,1185731
2016-06-06,26.049999237060547,26.350000381469727,25.799999237060547,26.049999237060547,880377
2016-06-07,26.350000381469727,26.399999618530273,25.950000762939453,26.149999618530273,851148
2016-06-08,26.25,26.549999237060547,25.850000381469727,26.25,2005599
2016-06-09,26.25,27.200000762939453,26.25,26.700000762939453,1507775
2016-06-10,26.799999237060547,27.149999618530273,26.350000381469727,26.549999237060547,1455317
2016-06-13,26.5,26.5,25.600000381469727,25.799999237060547,1506534
2016-06-14,26.0,26.399999618530273,26.0,26.350000381469727,921897
2016-06-15,26.5,26.75,25.5,26.049999237060547,4139551
2016-06-16,26.049999237060547,26.399999618530273,25.75,26.299999237060547,6213840
2016-06-17,26.600000381469727,27.5,26.049999237060547,27.299999237060547,6432018
2016-06-20,27.200000762939453,27.850000381469727,26.5,27.450000762939453,5300469
2016-06-21,27.700000762939453,27.700000762939453,27.0,27.100000381469727,2217072
2016-06-22,27.100000381469727,27.600000381469727,26.600000381469727,26.899999618530273,3845957
2016-06-23,27.350000381469727,27.399999618530273,26.5,27.0,2725290
2016-06-24,26.450000762939453,26.450000762939453,25.049999237060547,25.75,5497501
2016-06-27,25.75,26.799999237060547,25.75,26.5,2702927
2016-06-28,26.399999618530273,27.049999237060547,26.299999237060547,26.799999237060547,2365262
2016-06-29,27.0,27.5,26.799999237060547,27.049999237060547,2562671
2016-06-30,27.200000762939453,27.75,26.799999237060547,27.299999237060547,8492140
2016-07-01,27.549999237060547,27.600000381469727,27.049999237060547,27.149999618530273,1896017
2016-07-04,27.25,28.299999237060547,27.25,27.899999618530273,5552578
2016-07-05,28.0,28.600000381469727,27.799999237060547,27.899999618530273,4493448
2016-07-07,28.0,28.649999618530273,27.899999618530273,28.0,3411399
2016-07-08,28.149999618530273,28.149999618530273,27.5,27.850000381469727,1458748
2016-07-11,28.399999618530273,28.549999237060547,28.200000762939453,28.450000762939453,3579682
2016-07-12,28.75,28.75,28.0,28.149999618530273,4172282
2016-07-13,28.299999237060547,28.350000381469727,27.600000381469727,27.75,1894280
2016-07-14,27.850000381469727,28.350000381469727,27.450000762939453,28.100000381469727,2989151
2016-07-15,28.299999237060547,28.549999237060547,27.799999237060547,27.899999618530273,2689386
2016-07-18,28.200000762939453,28.25,27.600000381469727,27.649999618530273,1305489
2016-07-19,27.799999237060547,28.649999618530273,27.399999618530273,28.0,12091699
2016-07-20,28.149999618530273,28.200000762939453,27.899999618530273,28.0,2401685
2016-07-21,28.100000381469727,28.149999618530273,27.5,27.549999237060547,1675790
2016-07-22,27.549999237060547,27.549999237060547,27.0,27.100000381469727,1851280
2016-07-25,27.100000381469727,27.649999618530273,26.75,27.350000381469727,3477023
2016-07-26,27.450000762939453,27.899999618530273,27.25,27.350000381469727,1778652
2016-07-27,27.350000381469727,27.549999237060547,27.149999618530273,27.25,992976
2016-07-28,27.450000762939453,27.5,27.200000762939453,27.25,920594
2016-07-29,27.200000762939453,27.600000381469727,27.049999237060547,27.399999618530273,1612034
2016-08-01,27.5,27.600000381469727,26.950000762939453,27.0,1251481
2016-08-02,27.100000381469727,27.25,26.850000381469727,26.899999618530273,837864
2016-08-03,26.899999618530273,27.200000762939453,26.549999237060547,26.649999618530273,1154053
2016-08-04,26.799999237060547,27.049999237060547,26.450000762939453,26.75,1132662
2016-08-05,26.899999618530273,28.100000381469727,26.799999237060547,27.549999237060547,3305979
2016-08-08,27.700000762939453,27.950000762939453,27.049999237060547,27.5,970531
2016-08-09,27.549999237060547,27.700000762939453,27.049999237060547,27.25,1056726
2016-08-10,25.899999618530273,26.899999618530273,25.850000381469727,26.450000762939453,3175079
2016-08-11,26.399999618530273,26.5,26.149999618530273,26.200000762939453,870261
2016-08-12,26.399999618530273,26.75,26.100000381469727,26.299999237060547,1663819
2016-08-16,26.399999618530273,26.450000762939453,26.100000381469727,26.25,747261
2016-08-17,26.25,26.5,26.149999618530273,26.299999237060547,1023242
2016-08-18,26.350000381469727,26.549999237060547,26.350000381469727,26.399999618530273,533659
2016-08-19,26.450000762939453,26.700000762939453,26.399999618530273,26.649999618530273,867218
2016-08-22,27.5,27.5,26.649999618530273,26.700000762939453,1077701
2016-08-23,26.700000762939453,26.75,26.350000381469727,26.5,1033018
2016-08-24,26.5,26.649999618530273,26.399999618530273,26.549999237060547,539272
2016-08-25,26.600000381469727,26.75,26.299999237060547,26.350000381469727,694582
2016-08-26,26.450000762939453,26.600000381469727,26.299999237060547,26.399999618530273,967124
2016-08-29,26.5,26.549999237060547,26.299999237060547,26.399999618530273,671717
2016-08-30,26.450000762939453,26.950000762939453,26.399999618530273,26.75,1603856
2016-08-31,26.75,26.899999618530273,26.549999237060547,26.600000381469727,951226
2016-09-01,26.649999618530273,26.649999618530273,26.200000762939453,26.25,915389
2016-09-02,26.299999237060547,26.450000762939453,26.25,26.399999618530273,456653
2016-09-06,26.600000381469727,26.649999618530273,26.399999618530273,26.399999618530273,772967
2016-09-07,26.5,27.350000381469727,26.399999618530273,26.899999618530273,3132984
2016-09-08,26.899999618530273,28.549999237060547,26.850000381469727,28.399999618530273,8716268
2016-09-09,28.950000762939453,29.149999618530273,27.899999618530273,28.0,5399500
2016-09-12,28.0,28.049999237060547,26.950000762939453,27.049999237060547,3753734
2016-09-14,26.899999618530273,27.600000381469727,26.850000381469727,27.5,1425877
2016-09-15,27.200000762939453,27.75,27.149999618530273,27.399999618530273,1155133
2016-09-16,27.649999618530273,27.899999618530273,27.149999618530273,27.350000381469727,2576950
2016-09-19,27.549999237060547,27.549999237060547,26.899999618530273,27.100000381469727,1231414
2016-09-20,27.200000762939453,27.25,26.950000762939453,27.0,478687
2016-09-21,27.0,27.299999237060547,26.899999618530273,26.950000762939453,545147
2016-09-22,27.200000762939453,27.399999618530273,27.100000381469727,27.200000762939453,657928
2016-09-23,27.399999618530273,27.399999618530273,26.649999618530273,26.75,1025278
2016-09-26,26.75,26.799999237060547,26.399999618530273,26.5,923969
2016-09-27,26.700000762939453,27.100000381469727,26.25,26.299999237060547,1482905
2016-09-28,26.299999237060547,27.049999237060547,26.25,26.799999237060547,1686404
2016-09-29,26.899999618530273,27.0,25.049999237060547,25.25,2363846
2016-09-30,25.399999618530273,25.649999618530273,25.0,25.450000762939453,1242603
2016-10-03,25.5,26.049999237060547,25.5,25.899999618530273,868093
2016-10-04,25.950000762939453,26.350000381469727,25.649999618530273,26.100000381469727,2125492
2016-10-05,26.200000762939453,26.350000381469727,25.850000381469727,26.0,1100185
2016-10-06,26.049999237060547,26.149999618530273,25.600000381469727,25.700000762939453,767088
2016-10-07,25.75,25.899999618530273,25.700000762939453,25.75,374815
2016-10-10,25.799999237060547,25.899999618530273,25.700000762939453,25.75,273659
2016-10-13,25.700000762939453,25.700000762939453,25.25,25.350000381469727,740046
2016-10-14,25.5,25.5,25.200000762939453,25.25,498770
2016-10-17,25.25,25.399999618530273,25.100000381469727,25.149999618530273,588080
2016-10-18,25.399999618530273,25.399999618530273,25.200000762939453,25.299999237060547,565989
2016-10-19,25.350000381469727,25.350000381469727,25.200000762939453,25.299999237060547,442827
2016-10-20,25.350000381469727,25.950000762939453,25.299999237060547,25.850000381469727,1657797
2016-10-21,25.549999237060547,25.899999618530273,25.549999237060547,25.600000381469727,516372
2016-10-24,25.700000762939453,25.950000762939453,25.649999618530273,25.700000762939453,833435
2016-10-25,25.799999237060547,25.799999237060547,25.549999237060547,25.700000762939453,965741
2016-10-26,25.700000762939453,26.0,25.600000381469727,25.899999618530273,1040947
2016-10-27,25.899999618530273,25.899999618530273,25.5,25.649999618530273,646811
2016-10-28,25.700000762939453,26.75,25.5,26.649999618530273,1608300
2016-11-01,26.549999237060547,26.850000381469727,26.200000762939453,26.649999618530273,1524304
2016-11-02,26.5,26.5,26.149999618530273,26.200000762939453,606603
2016-11-03,26.149999618530273,26.299999237060547,25.75,25.850000381469727,481994
2016-11-04,25.850000381469727,25.850000381469727,25.200000762939453,25.350000381469727,631700
2016-11-07,25.450000762939453,25.75,25.399999618530273,25.5,363625
2016-11-08,25.549999237060547,25.600000381469727,25.200000762939453,25.450000762939453,331468
2016-11-09,24.700000762939453,25.0,20.5,24.549999237060547,2028350
2016-11-10,25.399999618530273,27.0,25.200000762939453,26.700000762939453,3324564
2016-11-11,26.600000381469727,27.799999237060547,25.5,25.850000381469727,4458502
2016-11-15,26.100000381469727,26.850000381469727,25.700000762939453,26.149999618530273,1958303
2016-11-16,26.5,26.649999618530273,25.700000762939453,25.899999618530273,1249611
2016-11-17,25.899999618530273,26.399999618530273,25.700000762939453,25.75,713278
2016-11-18,26.100000381469727,26.100000381469727,25.649999618530273,25.75,605734
2016-11-21,26.25,26.25,25.0,25.25,740257
2016-11-22,25.299999237060547,25.399999618530273,24.899999618530273,25.049999237060547,656174
2016-11-23,25.25,25.25,24.600000381469727,24.649999618530273,1509402
2016-11-24,24.649999618530273,25.200000762939453,24.5,24.649999618530273,1101948
2016-11-25,24.700000762939453,25.149999618530273,24.700000762939453,25.0,669491
2016-11-28,24.5,25.100000381469727,24.5,24.899999618530273,485249
2016-11-29,25.200000762939453,25.299999237060547,25.0,25.100000381469727,406505
2016-11-30,25.100000381469727,25.450000762939453,25.049999237060547,25.25,379987
2016-12-01,25.25,25.399999618530273,25.0,25.049999237060547,284799
2016-12-02,24.899999618530273,25.049999237060547,24.75,24.899999618530273,534005
2016-12-05,24.950000762939453,25.100000381469727,24.799999237060547,24.899999618530273,350616
2016-12-06,24.950000762939453,25.350000381469727,24.899999618530273,25.200000762939453,265601
2016-12-07,25.399999618530273,25.399999618530273,24.700000762939453,24.850000381469727,1138371
2016-12-08,25.0,25.149999618530273,24.25,24.299999237060547,1193898
2016-12-09,24.350000381469727,24.799999237060547,24.350000381469727,24.649999618530273,872720
2016-12-12,24.899999618530273,25.149999618530273,24.649999618530273,24.850000381469727,443013
2016-12-13,25.0,25.25,24.799999237060547,25.149999618530273,548456
2016-12-14,25.25,25.25,24.950000762939453,25.100000381469727,406078
2016-12-15,25.100000381469727,25.25,24.850000381469727,25.200000762939453,445930
2016-12-16,25.350000381469727,25.350000381469727,24.899999618530273,25.149999618530273,415918
2016-12-19,25.100000381469727,25.149999618530273,24.75,24.850000381469727,437302
2016-12-20,24.899999618530273,25.049999237060547,24.700000762939453,24.899999618530273,396835
2016-12-21,24.899999618530273,25.200000762939453,24.799999237060547,25.049999237060547,422588
2016-12-22,24.950000762939453,25.049999237060547,24.799999237060547,24.899999618530273,510024
2016-12-23,24.899999618530273,25.0,24.850000381469727,24.899999618530273,196087
2016-12-26,24.799999237060547,24.950000762939453,24.100000381469727,24.149999618530273,381695
2016-12-27,24.100000381469727,24.25,23.950000762939453,24.100000381469727,498620
2016-12-28,24.200000762939453,24.299999237060547,24.0,24.049999237060547,419239
2016-12-29,24.0,24.200000762939453,24.0,24.049999237060547,1418965
2016-12-30,24.049999237060547,24.5,24.049999237060547,24.25,321171
2017-01-02,24.0,24.299999237060547,24.0,24.149999618530273,292762
2017-01-03,24.149999618530273,24.5,24.049999237060547,24.399999618530273,487876
2017-01-04,24.299999237060547,24.5,24.299999237060547,24.299999237060547,270168
2017-01-05,24.399999618530273,24.649999618530273,24.350000381469727,24.549999237060547,479359
2017-01-06,24.600000381469727,24.850000381469727,24.5,24.549999237060547,537583
2017-01-09,24.799999237060547,24.799999237060547,24.600000381469727,24.75,301207
2017-01-10,24.75,24.899999618530273,24.549999237060547,24.600000381469727,395445
2017-01-11,24.649999618530273,25.25,24.649999618530273,25.200000762939453,462301
2017-01-12,25.149999618530273,25.399999618530273,24.899999618530273,25.049999237060547,402313
2017-01-13,25.049999237060547,25.700000762939453,24.850000381469727,25.399999618530273,555517
2017-01-16,25.649999618530273,25.700000762939453,25.399999618530273,25.549999237060547,422907
2017-01-17,25.649999618530273,25.950000762939453,25.5,25.649999618530273,372959
2017-01-18,25.649999618530273,25.899999618530273,25.649999618530273,25.75,354902
2017-01-19,25.75,25.75,25.549999237060547,25.600000381469727,323454
2017-01-20,25.75,25.899999618530273,25.25,25.299999237060547,360188
2017-01-23,25.350000381469727,25.549999237060547,25.100000381469727,25.299999237060547,217836
2017-01-24,25.450000762939453,25.5,25.350000381469727,25.399999618530273,295060
2017-01-25,25.399999618530273,26.850000381469727,25.399999618530273,26.0,1693443
2017-01-27,25.799999237060547,26.350000381469727,25.799999237060547,26.149999618530273,617658
2017-01-30,26.200000762939453,26.549999237060547,26.0,26.200000762939453,815815
2017-01-31,26.350000381469727,26.350000381469727,25.799999237060547,25.850000381469727,337291
2017-02-01,25.899999618530273,26.200000762939453,25.899999618530273,26.100000381469727,672652
2017-02-02,26.200000762939453,27.600000381469727,25.950000762939453,27.100000381469727,3404950
2017-02-03,27.399999618530273,28.649999618530273,27.25,28.200000762939453,3649898
2017-02-06,28.700000762939453,28.700000762939453,27.799999237060547,27.899999618530273,2367641
2017-02-07,27.850000381469727,28.75,27.649999618530273,28.549999237060547,5928592
2017-02-08,28.450000762939453,28.549999237060547,27.600000381469727,27.950000762939453,1821871
2017-02-09,27.899999618530273,28.149999618530273,26.899999618530273,27.100000381469727,1701195
2017-02-10,27.100000381469727,27.399999618530273,27.049999237060547,27.100000381469727,668324
2017-02-13,27.200000762939453,27.399999618530273,26.299999237060547,26.450000762939453,878075
2017-02-14,26.600000381469727,26.700000762939453,25.950000762939453,26.399999618530273,1173751
2017-02-15,26.299999237060547,26.299999237060547,25.5,25.600000381469727,1152011
2017-02-16,25.799999237060547,27.299999237060547,25.5,26.950000762939453,1658689
2017-02-17,27.200000762939453,27.200000762939453,26.350000381469727,26.5,879901
2017-02-20,26.5,27.450000762939453,26.299999237060547,27.0,862514
2017-02-21,27.200000762939453,27.5,26.799999237060547,27.100000381469727,969138
2017-02-22,27.25,27.450000762939453,26.850000381469727,26.899999618530273,605193
2017-02-23,27.450000762939453,27.600000381469727,27.100000381469727,27.200000762939453,1027187
2017-02-27,27.25,27.25,26.5,26.649999618530273,695108
2017-02-28,26.899999618530273,27.049999237060547,26.649999618530273,26.799999237060547,794876
2017-03-01,26.899999618530273,28.850000381469727,26.899999618530273,27.700000762939453,5088679
2017-03-02,27.950000762939453,28.049999237060547,26.899999618530273,27.049999237060547,1214318
2017-03-03,27.0,27.100000381469727,26.850000381469727,27.0,397943
2017-03-06,27.0,27.5,27.0,27.149999618530273,469297
2017-03-07,27.100000381469727,27.350000381469727,26.75,26.799999237060547,558608
2017-03-08,26.75,27.0,26.399999618530273,26.549999237060547,649121
2017-03-09,26.5,26.850000381469727,26.399999618530273,26.5,361068
2017-03-10,26.799999237060547,26.950000762939453,26.399999618530273,26.5,410438
2017-03-14,27.200000762939453,27.200000762939453,26.5,26.600000381469727,592481
2017-03-15,26.600000381469727,27.299999237060547,26.399999618530273,26.75,857019
2017-03-16,27.0,27.100000381469727,26.75,27.0,863273
2017-03-17,27.049999237060547,27.25,26.700000762939453,26.799999237060547,1028331
2017-03-20,27.049999237060547,27.149999618530273,26.700000762939453,26.899999618530273,629782
2017-03-21,26.899999618530273,27.0,26.549999237060547,26.649999618530273,589377
2017-03-22,26.5,26.649999618530273,26.299999237060547,26.399999618530273,457075
2017-03-23,26.950000762939453,27.0,26.600000381469727,26.700000762939453,777160
2017-03-24,26.649999618530273,27.200000762939453,26.5,26.75,2132067
2017-03-27,27.0,27.049999237060547,26.100000381469727,26.299999237060547,1163473
2017-03-28,26.549999237060547,26.75,26.399999618530273,26.450000762939453,509403
2017-03-29,26.549999237060547,26.850000381469727,26.350000381469727,26.450000762939453,736585
2017-03-30,26.5,26.75,26.299999237060547,26.399999618530273,508253
2017-03-31,26.649999618530273,27.149999618530273,26.25,26.649999618530273,1380342
2017-04-03,26.950000762939453,26.950000762939453,26.700000762939453,26.850000381469727,464796
2017-04-05,26.950000762939453,27.75,26.850000381469727,27.549999237060547,1655367
2017-04-06,27.450000762939453,27.899999618530273,27.25,27.5,998474
2017-04-07,27.5,28.200000762939453,27.049999237060547,27.350000381469727,2642158
2017-04-10,27.299999237060547,28.049999237060547,27.149999618530273,27.799999237060547,1453204
2017-04-11,27.899999618530273,28.649999618530273,27.799999237060547,28.25,3197160
2017-04-12,28.25,28.600000381469727,27.700000762939453,27.899999618530273,1204773
2017-04-13,27.950000762939453,28.75,27.799999237060547,28.5,2788088
2017-04-17,28.5,28.649999618530273,27.649999618530273,27.75,819229
2017-04-18,28.25,29.200000762939453,27.600000381469727,28.100000381469727,4607498
2017-04-19,28.100000381469727,28.600000381469727,27.700000762939453,28.149999618530273,1149352
2017-04-20,28.100000381469727,28.600000381469727,28.0,28.149999618530273,983248
2017-04-21,28.200000762939453,28.399999618530273,28.0,28.149999618530273,837812
2017-04-24,28.299999237060547,28.549999237060547,27.899999618530273,28.399999618530273,1913579
2017-04-25,28.5,28.549999237060547,28.100000381469727,28.200000762939453,1250366
2017-04-26,28.450000762939453,28.649999618530273,27.799999237060547,27.950000762939453,1698585
2017-04-27,28.049999237060547,28.25,27.75,27.850000381469727,913005
2017-04-28,27.950000762939453,29.200000762939453,27.950000762939453,29.0,9188079
2017-05-02,29.200000762939453,29.75,28.799999237060547,29.149999618530273,7916491
2017-05-03,29.5,29.75,28.649999618530273,28.950000762939453,8312061
2017-05-04,29.600000381469727,31.799999237060547,29.5,31.5,35046212
2017-05-05,31.799999237060547,32.20000076293945,29.899999618530273,30.600000381469727,17630846
2017-05-08,31.600000381469727,31.700000762939453,30.149999618530273,30.600000381469727,4286019
2017-05-09,30.899999618530273,31.350000381469727,30.25,30.450000762939453,5018246
2017-05-10,30.700000762939453,30.899999618530273,30.200000762939453,30.649999618530273,2805974
2017-05-11,30.950000762939453,30.950000762939453,30.100000381469727,30.200000762939453,2608371
2017-05-12,30.399999618530273,30.600000381469727,29.700000762939453,29.950000762939453,2606895
2017-05-15,30.149999618530273,30.149999618530273,29.149999618530273,29.350000381469727,1588451
2017-05-16,29.299999237060547,30.399999618530273,29.049999237060547,29.950000762939453,2751597
2017-05-17,30.100000381469727,30.25,29.5,29.700000762939453,2185035
2017-05-18,28.700000762939453,29.0,27.399999618530273,27.75,5768930
2017-05-19,27.950000762939453,28.200000762939453,27.5,27.600000381469727,1950067
2017-05-22,27.399999618530273,27.799999237060547,26.799999237060547,26.899999618530273,1671627
2017-05-23,27.0,27.0,25.600000381469727,26.0,2891208
2017-05-24,26.100000381469727,26.25,25.149999618530273,25.25,1435480
2017-05-25,25.399999618530273,26.049999237060547,25.350000381469727,25.75,1459869
2017-05-26,25.5,26.149999618530273,25.450000762939453,25.899999618530273,1071570
2017-05-29,25.700000762939453,26.100000381469727,25.100000381469727,25.299999237060547,1399062
2017-05-30,25.100000381469727,25.799999237060547,24.899999618530273,25.549999237060547,762747
2017-05-31,25.549999237060547,26.649999618530273,25.399999618530273,26.5,2026113
2017-06-01,26.799999237060547,26.899999618530273,25.5,26.25,1559266
2017-06-02,26.5,26.5,26.0,26.149999618530273,967997
2017-06-05,25.799999237060547,26.350000381469727,25.799999237060547,25.899999618530273,635446
2017-06-06,25.899999618530273,26.149999618530273,25.399999618530273,25.649999618530273,568056
2017-06-07,25.75,25.950000762939453,25.350000381469727,25.649999618530273,895979
2017-06-08,25.700000762939453,26.0,25.399999618530273,25.600000381469727,588814
2017-06-09,25.450000762939453,25.799999237060547,25.350000381469727,25.450000762939453,664036
2017-06-12,25.549999237060547,25.950000762939453,25.5,25.75,738388
2017-06-13,25.649999618530273,25.899999618530273,25.200000762939453,25.399999618530273,588411
2017-06-14,25.350000381469727,26.899999618530273,25.149999618530273,26.649999618530273,4853553
2017-06-15,26.600000381469727,26.850000381469727,26.049999237060547,26.25,1959994
2017-06-16,26.299999237060547,26.799999237060547,26.100000381469727,26.700000762939453,1453720
2017-06-19,26.75,26.850000381469727,25.600000381469727,25.899999618530273,757021
2017-06-20,25.899999618530273,26.25,25.600000381469727,25.649999618530273,808774
2017-06-21,25.350000381469727,25.850000381469727,25.350000381469727,25.600000381469727,695300
2017-06-22,25.600000381469727,25.899999618530273,25.399999618530273,25.5,854536
2017-06-23,25.399999618530273,25.649999618530273,25.0,25.049999237060547,1048651
2017-06-27,25.100000381469727,25.399999618530273,24.75,24.799999237060547,879582
2017-06-28,24.75,25.0,24.600000381469727,24.799999237060547,562910
2017-06-29,25.0,25.049999237060547,24.700000762939453,24.799999237060547,512910
2017-06-30,24.649999618530273,24.899999618530273,24.5,24.700000762939453,580319
2017-07-03,25.100000381469727,25.100000381469727,24.75,24.899999618530273,619301
2017-07-04,24.899999618530273,25.049999237060547,24.600000381469727,24.700000762939453,554479
2017-07-05,24.75,25.049999237060547,24.649999618530273,24.799999237060547,661927
2017-07-06,24.950000762939453,25.950000762939453,24.799999237060547,25.450000762939453,1762133
2017-07-07,26.0,26.0,25.25,25.399999618530273,1217049
2017-07-10,25.549999237060547,25.950000762939453,25.5,25.799999237060547,364804
2017-07-11,26.149999618530273,26.149999618530273,25.100000381469727,25.200000762939453,752541
2017-07-12,25.350000381469727,26.049999237060547,25.200000762939453,25.75,1183980
2017-07-13,25.850000381469727,26.0,25.450000762939453,25.5,601041
2017-07-14,25.700000762939453,25.700000762939453,25.299999237060547,25.399999618530273,841782
2017-07-17,25.5,25.700000762939453,25.149999618530273,25.299999237060547,558982
2017-07-18,25.399999618530273,25.700000762939453,25.100000381469727,25.5,719937
2017-07-19,25.549999237060547,25.75,25.25,25.299999237060547,645580
2017-07-20,25.5,25.5,24.850000381469727,24.950000762939453,957857
2017-07-21,25.0,25.200000762939453,24.700000762939453,24.799999237060547,829142
2017-07-24,25.0,25.200000762939453,24.799999237060547,24.950000762939453,765566
2017-07-25,24.950000762939453,27.450000762939453,24.75,26.0,5816868
2017-07-26,25.899999618530273,26.600000381469727,25.549999237060547,25.649999618530273,1714253
2017-07-27,25.600000381469727,25.950000762939453,25.350000381469727,25.450000762939453,649746
2017-07-28,25.399999618530273,25.5,25.25,25.350000381469727,608213
2017-07-31,25.200000762939453,25.549999237060547,24.850000381469727,24.950000762939453,1222487
2017-08-01,25.0,25.200000762939453,24.899999618530273,25.149999618530273,717003
2017-08-02,25.149999618530273,25.299999237060547,24.950000762939453,25.0,533671
2017-08-03,25.0,25.049999237060547,24.549999237060547,24.600000381469727,788728
2017-08-04,24.600000381469727,24.899999618530273,24.5,24.549999237060547,551813
2017-08-07,24.700000762939453,24.75,24.399999618530273,24.649999618530273,536042
2017-08-08,24.649999618530273,24.75,24.149999618530273,24.200000762939453,857719
2017-08-09,24.299999237060547,24.649999618530273,23.799999237060547,23.950000762939453,925890
2017-08-10,23.899999618530273,23.950000762939453,22.850000381469727,23.100000381469727,1300261
2017-08-11,22.799999237060547,22.799999237060547,21.600000381469727,22.5,1998851
2017-08-14,22.549999237060547,22.899999618530273,22.549999237060547,22.649999618530273,409607
2017-08-16,22.899999618530273,22.950000762939453,22.5,22.75,591653
2017-08-17,22.75,23.149999618530273,22.700000762939453,22.75,606988
2017-08-18,22.649999618530273,22.799999237060547,22.399999618530273,22.600000381469727,489850
2017-08-21,22.75,22.799999237060547,22.5,22.549999237060547,396215
2017-08-22,22.600000381469727,22.75,22.350000381469727,22.450000762939453,352580
2017-08-23,22.649999618530273,23.600000381469727,22.5,23.100000381469727,1211758
2017-08-24,23.200000762939453,23.200000762939453,22.850000381469727,22.950000762939453,654661
2017-08-28,23.100000381469727,23.100000381469727,22.899999618530273,22.950000762939453,341004
2017-08-29,22.850000381469727,22.950000762939453,22.5,22.600000381469727,381171
2017-08-30,22.700000762939453,22.899999618530273,22.600000381469727,22.799999237060547,385529
2017-08-31,22.600000381469727,22.799999237060547,22.399999618530273,22.5,913196
2017-09-01,22.899999618530273,22.950000762939453,22.600000381469727,22.700000762939453,975696
2017-09-04,22.700000762939453,22.899999618530273,22.5,22.600000381469727,555040
2017-09-05,22.600000381469727,22.799999237060547,22.450000762939453,22.549999237060547,484053
2017-09-06,22.399999618530273,22.850000381469727,22.399999618530273,22.75,505580
2017-09-07,22.75,22.799999237060547,22.5,22.649999618530273,380191
2017-09-08,22.75,22.799999237060547,22.549999237060547,22.600000381469727,953530
2017-09-11,22.600000381469727,22.799999237060547,22.399999618530273,22.450000762939453,513501
2017-09-12,22.5,23.950000762939453,22.450000762939453,23.549999237060547,2462767
2017-09-13,23.799999237060547,25.25,23.75,24.399999618530273,4057373
2017-09-14,24.75,24.799999237060547,23.5,23.700000762939453,1500817
2017-09-15,23.75,24.100000381469727,23.350000381469727,23.5,1873018
2017-09-18,23.549999237060547,23.850000381469727,23.049999237060547,23.149999618530273,734156
2017-09-19,23.149999618530273,23.549999237060547,22.950000762939453,23.200000762939453,1081559
2017-09-20,23.149999618530273,24.100000381469727,22.950000762939453,23.200000762939453,1740790
2017-09-21,23.049999237060547,23.25,22.899999618530273,23.049999237060547,800341
2017-09-22,22.950000762939453,23.649999618530273,22.700000762939453,22.799999237060547,1495851
2017-09-25,22.850000381469727,22.950000762939453,22.450000762939453,22.549999237060547,740629
2017-09-26,22.600000381469727,22.700000762939453,22.5,22.549999237060547,277053
2017-09-27,22.649999618530273,22.799999237060547,22.399999618530273,22.5,454818
2017-09-28,22.450000762939453,22.799999237060547,22.25,22.399999618530273,499847
2017-09-29,22.700000762939453,22.75,22.200000762939453,22.200000762939453,994037
2017-10-03,22.350000381469727,22.450000762939453,22.299999237060547,22.350000381469727,277919
2017-10-04,22.350000381469727,22.5,22.299999237060547,22.350000381469727,394559
2017-10-05,22.450000762939453,22.799999237060547,22.350000381469727,22.450000762939453,645082
2017-10-06,22.450000762939453,22.850000381469727,19.799999237060547,22.399999618530273,1504523
2017-10-09,22.5,22.5,22.25,22.299999237060547,623226
2017-10-10,22.299999237060547,22.450000762939453,22.200000762939453,22.299999237060547,498485
2017-10-11,22.25,22.450000762939453,22.049999237060547,22.149999618530273,779988
2017-10-12,22.5,22.5,22.049999237060547,22.149999618530273,535858
2017-10-13,22.149999618530273,22.350000381469727,22.049999237060547,22.149999618530273,666966
2017-10-16,22.25,22.350000381469727,22.0,22.049999237060547,700097
2017-10-17,22.100000381469727,22.350000381469727,22.100000381469727,22.299999237060547,634789
2017-10-18,22.149999618530273,22.399999618530273,21.950000762939453,22.299999237060547,1830200
2017-10-19,22.299999237060547,22.399999618530273,22.049999237060547,22.149999618530273,274965
2017-10-23,22.299999237060547,22.299999237060547,21.899999618530273,22.049999237060547,634728
2017-10-24,22.149999618530273,23.0,22.149999618530273,22.450000762939453,1915811
2017-10-25,26.799999237060547,26.899999618530273,25.149999618530273,26.899999618530273,25254473
2017-10-26,27.0,28.399999618530273,26.200000762939453,27.100000381469727,7701808
2017-10-27,27.149999618530273,27.299999237060547,25.799999237060547,25.899999618530273,1605749
2017-10-30,25.700000762939453,26.700000762939453,25.700000762939453,26.25,1703706
2017-10-31,26.399999618530273,26.700000762939453,25.100000381469727,25.25,933822
2017-11-01,25.600000381469727,26.0,25.5,25.75,942969
2017-11-02,25.649999618530273,26.700000762939453,25.549999237060547,26.100000381469727,1879732
2017-11-03,26.299999237060547,26.450000762939453,26.0,26.149999618530273,992664
2017-11-06,26.049999237060547,26.299999237060547,25.899999618530273,26.0,1055306
2017-11-07,26.100000381469727,26.600000381469727,25.25,25.350000381469727,1496765
2017-11-08,25.100000381469727,25.350000381469727,24.549999237060547,24.899999618530273,1258611
2017-11-09,24.899999618530273,25.200000762939453,24.700000762939453,24.850000381469727,596214
2017-11-10,24.850000381469727,25.299999237060547,24.600000381469727,24.75,822253
2017-11-13,24.799999237060547,25.149999618530273,23.850000381469727,23.950000762939453,767665
2017-11-14,24.149999618530273,24.299999237060547,23.549999237060547,23.649999618530273,612765
2017-11-15,23.700000762939453,23.899999618530273,23.299999237060547,23.399999618530273,640917
2017-11-16,23.5,23.899999618530273,23.450000762939453,23.75,771803
2017-11-17,24.200000762939453,24.799999237060547,23.049999237060547,23.299999237060547,1994303
2017-11-20,23.549999237060547,24.25,23.25,24.049999237060547,1051893
2017-11-21,24.100000381469727,24.450000762939453,23.950000762939453,24.149999618530273,758628
2017-11-22,24.149999618530273,24.450000762939453,23.850000381469727,24.350000381469727,838742
2017-11-23,24.350000381469727,24.700000762939453,24.0,24.450000762939453,849240
2017-11-24,24.649999618530273,24.649999618530273,24.200000762939453,24.25,830558
2017-11-27,24.200000762939453,24.549999237060547,23.950000762939453,24.149999618530273,642938
2017-11-28,24.049999237060547,24.5,24.049999237060547,24.299999237060547,569397
2017-11-29,24.399999618530273,24.450000762939453,24.100000381469727,24.25,378585
2017-11-30,24.0,24.149999618530273,23.799999237060547,24.0,742049
2017-12-01,24.0,24.100000381469727,23.649999618530273,23.75,510136
2017-12-04,23.850000381469727,24.049999237060547,23.5,23.549999237060547,489431
2017-12-05,23.450000762939453,23.450000762939453,23.0,23.100000381469727,655843
2017-12-06,23.100000381469727,23.350000381469727,23.0,23.149999618530273,379146
2017-12-07,23.100000381469727,24.100000381469727,23.100000381469727,23.399999618530273,4566221
2017-12-08,23.399999618530273,23.700000762939453,23.25,23.350000381469727,558021
2017-12-11,23.399999618530273,23.950000762939453,23.350000381469727,23.399999618530273,1080267
2017-12-12,23.399999618530273,23.450000762939453,22.899999618530273,23.0,662639
2017-12-13,23.0,23.5,22.75,22.75,1275163
2017-12-14,22.850000381469727,23.0,21.0,22.450000762939453,501123
2017-12-15,22.600000381469727,22.899999618530273,22.350000381469727,22.700000762939453,921943
2017-12-18,22.799999237060547,23.0,22.049999237060547,22.899999618530273,551828
2017-12-19,22.899999618530273,23.0,22.5,22.549999237060547,722201
2017-12-20,22.75,22.75,22.399999618530273,22.450000762939453,767580
2017-12-21,22.799999237060547,22.799999237060547,22.399999618530273,22.450000762939453,713781
2017-12-22,22.600000381469727,22.799999237060547,22.350000381469727,22.399999618530273,2153150
2017-12-26,22.5,22.5,22.299999237060547,22.350000381469727,473051
2017-12-27,22.5,22.5,22.299999237060547,22.299999237060547,851231
2017-12-28,22.5,22.850000381469727,22.350000381469727,22.549999237060547,983770
2017-12-29,22.799999237060547,23.0,22.0,22.100000381469727,3242396
2018-01-01,22.200000762939453,22.600000381469727,22.149999618530273,22.450000762939453,970208
2018-01-02,22.350000381469727,22.600000381469727,22.299999237060547,22.350000381469727,717179
2018-01-03,22.399999618530273,22.649999618530273,22.25,22.5,1002936
2018-01-04,22.700000762939453,23.450000762939453,22.649999618530273,23.049999237060547,2846170
2018-01-05,24.5,25.399999618530273,23.899999618530273,24.149999618530273,5906944
2018-01-08,24.299999237060547,24.75,23.899999618530273,23.950000762939453,2183857
2018-01-09,23.950000762939453,24.200000762939453,23.799999237060547,23.950000762939453,2086792
2018-01-10,23.899999618530273,23.899999618530273,23.5,23.549999237060547,1180410
2018-01-11,23.5,23.649999618530273,23.299999237060547,23.350000381469727,651760
2018-01-12,23.450000762939453,23.700000762939453,23.399999618530273,23.5,650888
2018-01-15,23.700000762939453,23.799999237060547,23.399999618530273,23.450000762939453,736328
2018-01-16,23.549999237060547,23.549999237060547,22.899999618530273,22.950000762939453,641309
2018-01-17,23.0,23.25,22.700000762939453,23.149999618530273,666435
2018-01-18,23.5,23.700000762939453,22.950000762939453,23.100000381469727,1004995
2018-01-19,22.850000381469727,23.399999618530273,22.850000381469727,23.149999618530273,766431
2018-01-22,23.25,23.25,22.850000381469727,23.0,579960
2018-01-23,23.0,23.5,22.899999618530273,23.200000762939453,1195051
2018-01-24,23.0,23.600000381469727,22.899999618530273,23.299999237060547,1378968
2018-01-25,24.450000762939453,24.450000762939453,23.049999237060547,23.299999237060547,3065192
2018-01-29,23.299999237060547,23.549999237060547,22.75,22.799999237060547,921112
2018-01-30,22.799999237060547,22.950000762939453,22.600000381469727,22.649999618530273,579960
2018-01-31,22.649999618530273,22.899999618530273,22.5,22.649999618530273,534555
2018-02-01,22.75,22.799999237060547,22.200000762939453,22.25,1446234
2018-02-02,22.149999618530273,22.149999618530273,20.799999237060547,21.100000381469727,1623537
2018-02-05,21.0,21.299999237060547,20.450000762939453,21.049999237060547,2369017
2018-02-06,20.0,20.549999237060547,19.700000762939453,20.450000762939453,1152144
2018-02-07,21.0,21.399999618530273,20.700000762939453,20.850000381469727,854070
2018-02-08,21.0,21.149999618530273,20.850000381469727,21.049999237060547,751168
2018-02-09,21.0,21.549999237060547,20.600000381469727,20.899999618530273,911316
2018-02-12,21.149999618530273,21.899999618530273,21.149999618530273,21.799999237060547,961306
2018-02-14,21.75,22.200000762939453,21.299999237060547,21.5,1588669
2018-02-15,21.350000381469727,21.450000762939453,20.649999618530273,20.700000762939453,1137727
2018-02-16,20.75,20.75,20.25,20.350000381469727,894504
2018-02-19,20.100000381469727,20.25,19.399999618530273,19.700000762939453,1362717
2018-02-20,19.299999237060547,19.700000762939453,18.700000762939453,19.600000381469727,1100918
2018-02-21,19.299999237060547,19.75,19.299999237060547,19.649999618530273,527120
2018-02-22,19.600000381469727,19.799999237060547,19.549999237060547,19.649999618530273,556705
2018-02-23,19.649999618530273,19.75,19.450000762939453,19.600000381469727,596461
2018-02-26,19.700000762939453,19.75,19.600000381469727,19.649999618530273,748299
2018-02-27,19.799999237060547,19.850000381469727,19.549999237060547,19.600000381469727,483716
2018-02-28,19.600000381469727,19.700000762939453,19.350000381469727,19.600000381469727,875781
2018-03-01,19.600000381469727,19.700000762939453,19.5,19.649999618530273,874165
2018-03-05,19.700000762939453,19.700000762939453,19.299999237060547,19.450000762939453,1022888
2018-03-06,19.299999237060547,19.600000381469727,19.100000381469727,19.200000762939453,1022214
2018-03-07,19.149999618530273,19.200000762939453,18.100000381469727,18.200000762939453,1365579
2018-03-08,18.549999237060547,18.700000762939453,18.0,18.100000381469727,715819
2018-03-09,18.450000762939453,18.450000762939453,18.049999237060547,18.149999618530273,702203
2018-03-12,18.5,18.5,17.799999237060547,18.0,1690948
2018-03-13,18.049999237060547,18.700000762939453,18.049999237060547,18.200000762939453,3046269
2018-03-14,18.149999618530273,18.5,17.149999618530273,18.149999618530273,1173316
2018-03-15,18.200000762939453,18.5,18.100000381469727,18.25,619501
2018-03-16,18.25,19.350000381469727,17.950000762939453,18.149999618530273,2408254
2018-03-19,18.299999237060547,18.600000381469727,18.100000381469727,18.299999237060547,1019578
2018-03-20,18.299999237060547,18.350000381469727,18.0,18.25,447041
2018-03-21,18.350000381469727,18.549999237060547,18.200000762939453,18.200000762939453,516373
2018-03-22,18.200000762939453,18.350000381469727,18.100000381469727,18.149999618530273,655113
2018-03-23,17.950000762939453,17.950000762939453,17.600000381469727,17.649999618530273,758303
2018-03-26,17.899999618530273,18.0,17.399999618530273,17.5,895418
2018-03-27,17.649999618530273,18.200000762939453,17.600000381469727,17.950000762939453,1291122
2018-03-28,18.25,18.25,17.399999618530273,17.450000762939453,1070220
2018-04-02,17.600000381469727,17.799999237060547,17.399999618530273,17.5,402077
2018-04-03,17.600000381469727,17.899999618530273,17.450000762939453,17.700000762939453,696146
2018-04-04,18.0,18.0,17.549999237060547,17.600000381469727,501986
2018-04-05,17.899999618530273,18.100000381469727,17.700000762939453,17.950000762939453,804077
2018-04-06,17.850000381469727,18.049999237060547,17.799999237060547,17.950000762939453,820102
2018-04-09,18.049999237060547,18.200000762939453,17.950000762939453,18.0,626584
2018-04-10,18.100000381469727,18.299999237060547,18.0,18.200000762939453,540423
2018-04-11,18.149999618530273,18.200000762939453,17.799999237060547,17.950000762939453,624734
2018-04-12,17.950000762939453,18.200000762939453,17.899999618530273,17.950000762939453,396291
2018-04-13,18.049999237060547,18.200000762939453,17.950000762939453,18.100000381469727,501682
2018-04-16,18.100000381469727,18.200000762939453,17.899999618530273,18.100000381469727,569561
2018-04-17,18.049999237060547,18.200000762939453,17.950000762939453,18.100000381469727,693659
2018-04-18,18.149999618530273,18.350000381469727,18.049999237060547,18.149999618530273,661979
2018-04-19,18.049999237060547,18.299999237060547,18.0,18.100000381469727,631863
2018-04-20,18.049999237060547,18.049999237060547,17.75,17.799999237060547,410507
2018-04-23,17.75,17.850000381469727,17.5,17.600000381469727,596535
2018-04-24,17.649999618530273,17.75,17.350000381469727,17.450000762939453,317240
2018-04-25,17.5,18.200000762939453,17.399999618530273,17.799999237060547,958185
2018-04-26,17.950000762939453,17.950000762939453,17.700000762939453,17.799999237060547,579225
2018-04-27,17.950000762939453,18.450000762939453,17.75,18.299999237060547,1302806
2018-04-30,18.549999237060547,18.649999618530273,18.149999618530273,18.350000381469727,428993
2018-05-02,18.25,18.600000381469727,18.100000381469727,18.399999618530273,675398
2018-05-03,18.399999618530273,18.5,18.049999237060547,18.149999618530273,367330
2018-05-04,18.100000381469727,18.299999237060547,17.950000762939453,18.100000381469727,548171
2018-05-07,18.25,18.299999237060547,18.0,18.049999237060547,243060
2018-05-08,18.0,18.299999237060547,17.850000381469727,18.049999237060547,535591
2018-05-09,18.0,18.200000762939453,17.950000762939453,18.049999237060547,276166
2018-05-10,18.200000762939453,18.25,17.75,17.850000381469727,673468
2018-05-11,17.850000381469727,17.899999618530273,17.450000762939453,17.549999237060547,313137
2018-05-14,17.549999237060547,17.600000381469727,15.25,16.850000381469727,736643
2018-05-15,16.799999237060547,17.100000381469727,16.549999237060547,16.75,599932
2018-05-16,16.649999618530273,16.649999618530273,16.100000381469727,16.600000381469727,587127
2018-05-17,16.649999618530273,16.700000762939453,16.100000381469727,16.25,414117
2018-05-18,16.350000381469727,16.450000762939453,15.899999618530273,16.0,459149
2018-05-21,16.0,16.200000762939453,15.899999618530273,16.0,328908
2018-05-22,16.0,16.100000381469727,15.75,15.850000381469727,363636
2018-05-23,15.75,16.200000762939453,15.699999809265137,15.899999618530273,473645
2018-05-24,15.899999618530273,16.0,15.5,15.800000190734863,311122
2018-05-25,15.800000190734863,16.200000762939453,15.800000190734863,16.0,211768
2018-05-28,16.200000762939453,16.649999618530273,16.100000381469727,16.549999237060547,475518
2018-05-29,16.899999618530273,16.950000762939453,16.5,16.649999618530273,418100
2018-05-30,16.149999618530273,16.549999237060547,16.049999237060547,16.25,501844
2018-05-31,16.350000381469727,16.5,16.100000381469727,16.200000762939453,563691
2018-06-01,16.200000762939453,16.299999237060547,16.0,16.100000381469727,230358
2018-06-04,16.200000762939453,16.299999237060547,15.399999618530273,15.550000190734863,390765
2018-06-05,15.5,15.699999809265137,15.25,15.350000381469727,585743
2018-06-06,15.300000190734863,15.699999809265137,15.25,15.649999618530273,265024
2018-06-07,15.649999618530273,16.149999618530273,15.600000381469727,15.949999809265137,752868
2018-06-08,15.899999618530273,16.549999237060547,15.899999618530273,16.25,1448473
2018-06-11,16.399999618530273,16.399999618530273,15.899999618530273,16.0,2247585
2018-06-12,16.100000381469727,16.100000381469727,15.899999618530273,15.949999809265137,536979
2018-06-13,16.049999237060547,16.200000762939453,15.699999809265137,15.75,678411
2018-06-14,15.899999618530273,15.899999618530273,15.399999618530273,15.649999618530273,932148
2018-06-15,15.800000190734863,15.899999618530273,15.050000190734863,15.149999618530273,2592016
2018-06-18,15.25,15.350000381469727,15.0,15.100000381469727,576835
2018-06-19,15.0,15.300000190734863,15.0,15.100000381469727,600014
2018-06-20,15.100000381469727,15.149999618530273,14.850000381469727,14.899999618530273,597710
2018-06-21,15.0,15.199999809265137,14.75,14.800000190734863,557677
2018-06-22,14.850000381469727,15.300000190734863,14.800000190734863,15.050000190734863,588197
2018-06-25,14.899999618530273,15.100000381469727,14.75,14.850000381469727,218764
2018-06-26,14.800000190734863,15.899999618530273,14.649999618530273,14.949999809265137,1978411
2018-06-27,14.800000190734863,14.899999618530273,14.149999618530273,14.199999809265137,705199
2018-06-28,14.149999618530273,14.350000381469727,13.800000190734863,13.899999618530273,547678
2018-06-29,14.100000381469727,14.199999809265137,13.949999809265137,14.050000190734863,357565
2018-07-02,14.0,14.199999809265137,13.800000190734863,13.949999809265137,403085
2018-07-03,13.949999809265137,14.100000381469727,13.899999618530273,13.949999809265137,291936
2018-07-04,14.100000381469727,14.149999618530273,13.649999618530273,13.800000190734863,423243
2018-07-05,13.800000190734863,13.899999618530273,13.649999618530273,13.699999809265137,399373
2018-07-06,13.800000190734863,14.199999809265137,13.75,14.0,643261
2018-07-09,14.199999809265137,14.25,13.899999618530273,13.949999809265137,401100
2018-07-10,13.949999809265137,14.149999618530273,12.75,13.899999618530273,607717
2018-07-11,13.949999809265137,14.100000381469727,13.899999618530273,13.949999809265137,226766
2018-07-12,13.949999809265137,14.050000190734863,13.800000190734863,13.850000381469727,238186
2018-07-13,13.949999809265137,13.949999809265137,13.600000381469727,13.649999618530273,272193
2018-07-16,13.699999809265137,14.100000381469727,13.149999618530273,13.199999809265137,517515
2018-07-17,13.399999618530273,13.550000190734863,13.199999809265137,13.449999809265137,409790
2018-07-18,15.0,15.300000190734863,13.649999618530273,13.899999618530273,6611975
2018-07-19,14.0,14.149999618530273,13.550000190734863,13.899999618530273,1331204
2018-07-20,13.800000190734863,13.949999809265137,13.649999618530273,13.75,413473
2018-07-23,13.800000190734863,13.899999618530273,13.5,13.699999809265137,745200
2018-07-24,14.149999618530273,14.199999809265137,13.699999809265137,13.800000190734863,1053819
2018-07-25,13.800000190734863,14.0,13.699999809265137,13.800000190734863,507465
2018-07-26,13.800000190734863,14.149999618530273,13.699999809265137,13.949999809265137,1013916
2018-07-27,14.199999809265137,14.649999618530273,14.199999809265137,14.5,2052226
2018-07-30,14.5,15.0,14.199999809265137,14.949999809265137,1830074
2018-07-31,14.949999809265137,15.199999809265137,14.800000190734863,14.899999618530273,1043333
2018-08-01,14.899999618530273,15.149999618530273,14.850000381469727,15.050000190734863,502361
2018-08-02,15.0,15.199999809265137,14.699999809265137,14.850000381469727,567315
2018-08-03,15.050000190734863,15.300000190734863,14.899999618530273,15.0,775739
2018-08-06,15.0,16.399999618530273,15.0,15.850000381469727,1826184
2018-08-07,16.0,16.0,15.350000381469727,15.399999618530273,700183
2018-08-08,15.5,15.649999618530273,15.050000190734863,15.149999618530273,439825
2018-08-09,16.450000762939453,16.5,15.699999809265137,16.100000381469727,2825517
2018-08-10,16.100000381469727,16.200000762939453,15.75,15.899999618530273,1112157
2018-08-13,15.699999809265137,16.049999237060547,15.449999809265137,15.699999809265137,473631
2018-08-14,15.699999809265137,16.0,15.550000190734863,15.600000381469727,556818
2018-08-16,15.649999618530273,15.699999809265137,15.300000190734863,15.300000190734863,411513
2018-08-17,15.449999809265137,15.600000381469727,15.199999809265137,15.350000381469727,561085
2018-08-20,15.300000190734863,16.049999237060547,15.300000190734863,15.5,355993
2018-08-21,15.5,15.649999618530273,15.350000381469727,15.399999618530273,298470
2018-08-23,15.550000190734863,15.600000381469727,15.149999618530273,15.25,605063
2018-08-24,15.300000190734863,15.350000381469727,12.199999809265137,14.899999618530273,1323598
2018-08-27,14.899999618530273,15.25,14.75,14.949999809265137,449926
2018-08-28,15.050000190734863,15.050000190734863,14.850000381469727,14.899999618530273,370786
2018-08-29,14.850000381469727,15.0,14.75,14.899999618530273,386451
2018-08-30,15.399999618530273,16.0,15.399999618530273,15.550000190734863,2116745
2018-08-31,15.649999618530273,15.699999809265137,15.399999618530273,15.600000381469727,302080
2018-09-03,15.600000381469727,15.800000190734863,15.399999618530273,15.449999809265137,485425
2018-09-04,15.449999809265137,15.600000381469727,14.949999809265137,15.050000190734863,487171
2018-09-05,15.0,15.25,14.75,14.850000381469727,467332
2018-09-06,15.0,15.300000190734863,14.850000381469727,14.899999618530273,316185
2018-09-07,15.100000381469727,15.199999809265137,14.699999809265137,15.0,307923
2018-09-10,15.0,15.100000381469727,14.800000190734863,14.850000381469727,272373
2018-09-11,14.949999809265137,15.100000381469727,14.5,14.550000190734863,406779
2018-09-12,14.850000381469727,14.850000381469727,14.100000381469727,14.300000190734863,462855
2018-09-14,14.399999618530273,14.699999809265137,14.399999618530273,14.649999618530273,268346
2018-09-17,14.649999618530273,14.699999809265137,14.350000381469727,14.600000381469727,336237
2018-09-18,16.100000381469727,17.299999237060547,15.350000381469727,15.399999618530273,4247459
2018-09-19,15.649999618530273,15.699999809265137,14.850000381469727,15.0,974792
2018-09-21,15.25,15.25,13.649999618530273,14.149999618530273,1215293
2018-09-24,14.100000381469727,14.350000381469727,13.5,13.649999618530273,1084150
2018-09-25,13.800000190734863,14.0,13.350000381469727,13.600000381469727,884316
2018-09-26,13.800000190734863,14.199999809265137,13.649999618530273,13.949999809265137,563948
2018-09-27,14.050000190734863,14.199999809265137,13.699999809265137,13.850000381469727,406066
2018-09-28,13.75,13.949999809265137,13.0,13.100000381469727,669553
2018-10-01,13.149999618530273,13.350000381469727,12.949999809265137,13.300000190734863,488755
2018-10-03,13.300000190734863,14.0,13.25,13.75,620384
2018-10-04,13.399999618530273,13.850000381469727,13.300000190734863,13.449999809265137,462822
2018-10-05,13.5,13.699999809265137,11.350000381469727,12.449999809265137,1307389
2018-10-08,12.550000190734863,13.0,10.850000381469727,11.550000190734863,1929686
2018-10-09,11.649999618530273,12.100000381469727,11.649999618530273,11.850000381469727,712019
2018-10-10,12.0,12.949999809265137,11.949999809265137,12.699999809265137,614754
2018-10-11,12.100000381469727,12.600000381469727,12.100000381469727,12.350000381469727,530180
2018-10-12,12.5,12.800000190734863,12.5,12.600000381469727,393612
2018-10-15,12.75,13.199999809265137,12.600000381469727,13.100000381469727,756888
2018-10-16,13.199999809265137,14.0,13.100000381469727,13.199999809265137,968838
2018-10-17,13.300000190734863,13.5,12.949999809265137,13.050000190734863,538812
2018-10-19,13.100000381469727,13.100000381469727,12.600000381469727,12.800000190734863,538484
2018-10-22,12.899999618530273,13.100000381469727,12.850000381469727,12.899999618530273,330109
2018-10-23,13.050000190734863,13.399999618530273,12.899999618530273,13.100000381469727,604378
2018-10-24,13.149999618530273,13.449999809265137,13.0,13.199999809265137,332509
2018-10-25,12.949999809265137,13.199999809265137,12.75,13.050000190734863,426838
2018-10-26,13.149999618530273,14.5,13.0,13.949999809265137,2418538
2018-10-29,14.300000190734863,14.649999618530273,13.800000190734863,14.350000381469727,1662688
2018-10-30,14.399999618530273,15.399999618530273,14.199999809265137,14.850000381469727,2052643
2018-10-31,14.949999809265137,15.449999809265137,14.899999618530273,15.0,1570235
2018-11-01,15.050000190734863,15.149999618530273,14.75,14.800000190734863,531135
2018-11-02,15.100000381469727,15.100000381469727,14.550000190734863,14.600000381469727,629258
2018-11-05,14.600000381469727,15.100000381469727,13.75,14.800000190734863,670584
2018-11-06,14.699999809265137,15.0,14.699999809265137,14.75,393192
2018-11-07,15.0,15.0,14.850000381469727,14.949999809265137,208620
2018-11-09,15.050000190734863,15.100000381469727,14.199999809265137,14.949999809265137,395037
2018-11-12,14.899999618530273,14.899999618530273,14.550000190734863,14.600000381469727,332403
2018-11-13,14.600000381469727,14.850000381469727,14.199999809265137,14.550000190734863,371552
2018-11-14,14.649999618530273,14.800000190734863,14.5,14.600000381469727,252041
2018-11-15,14.600000381469727,15.100000381469727,14.449999809265137,14.850000381469727,577411
2018-11-16,14.850000381469727,15.149999618530273,14.699999809265137,15.0,635546
2018-11-19,15.149999618530273,15.449999809265137,14.899999618530273,15.149999618530273,682709
2018-11-20,15.0,15.100000381469727,14.5,14.600000381469727,691405
2018-11-21,14.600000381469727,14.800000190734863,14.550000190734863,14.699999809265137,223277
2018-11-22,14.699999809265137,14.949999809265137,14.550000190734863,14.600000381469727,228011
2018-11-26,14.550000190734863,14.699999809265137,14.399999618530273,14.5,224043
2018-11-27,14.550000190734863,14.75,14.5,14.550000190734863,359613
2018-11-28,14.600000381469727,15.199999809265137,14.550000190734863,14.600000381469727,724968
2018-11-29,14.649999618530273,14.75,14.25,14.449999809265137,326499
2018-11-30,14.449999809265137,14.550000190734863,14.25,14.300000190734863,247521
2018-12-03,14.100000381469727,14.600000381469727,14.100000381469727,14.399999618530273,242842
2018-12-04,14.449999809265137,14.449999809265137,14.199999809265137,14.300000190734863,277399
2018-12-05,14.449999809265137,14.699999809265137,14.25,14.300000190734863,665185
2018-12-06,14.300000190734863,14.399999618530273,13.800000190734863,13.899999618530273,307111
2018-12-07,13.949999809265137,15.199999809265137,13.899999618530273,14.149999618530273,321228
2018-12-10,13.699999809265137,14.199999809265137,13.699999809265137,14.149999618530273,244266
2018-12-11,13.800000190734863,14.300000190734863,13.800000190734863,14.100000381469727,507742
2018-12-12,14.600000381469727,14.899999618530273,14.5,14.75,968471
2018-12-13,14.850000381469727,15.0,14.550000190734863,14.699999809265137,488076
2018-12-14,15.0,15.100000381469727,14.75,14.850000381469727,780974
2018-12-17,14.949999809265137,15.0,14.699999809265137,14.75,230200
2018-12-18,14.699999809265137,15.100000381469727,14.600000381469727,14.800000190734863,529871
2018-12-19,15.0,15.050000190734863,14.800000190734863,15.0,729250
2018-12-20,15.100000381469727,15.300000190734863,14.949999809265137,14.949999809265137,1034127
2018-12-21,15.300000190734863,15.350000381469727,14.899999618530273,15.0,796442
2018-12-24,14.949999809265137,15.0,14.699999809265137,14.75,307923
2018-12-26,14.600000381469727,14.800000190734863,14.5,14.75,394702
2018-12-27,14.899999618530273,15.050000190734863,14.75,14.800000190734863,467186
2018-12-28,14.899999618530273,15.0,14.850000381469727,14.949999809265137,403644
2018-12-31,15.100000381469727,15.100000381469727,14.899999618530273,14.949999809265137,290179
2019-01-01,14.949999809265137,15.149999618530273,14.899999618530273,15.0,1497222
2019-01-02,15.050000190734863,15.100000381469727,14.850000381469727,14.899999618530273,562219
2019-01-03,14.699999809265137,14.75,14.449999809265137,14.550000190734863,415497
2019-01-04,14.600000381469727,14.699999809265137,14.449999809265137,14.550000190734863,514752
2019-01-07,14.649999618530273,14.949999809265137,14.600000381469727,14.600000381469727,320055
2019-01-08,14.649999618530273,14.850000381469727,14.5,14.800000190734863,318643
2019-01-09,14.850000381469727,14.949999809265137,14.600000381469727,14.649999618530273,241137
2019-01-10,14.649999618530273,14.850000381469727,14.600000381469727,14.699999809265137,230413
2019-01-11,14.899999618530273,14.899999618530273,14.449999809265137,14.550000190734863,360567
2019-01-14,14.699999809265137,14.699999809265137,14.449999809265137,14.5,202377
2019-01-15,14.5,14.649999618530273,14.399999618530273,14.449999809265137,303530
2019-01-16,14.5,14.649999618530273,14.350000381469727,14.550000190734863,431661
2019-01-17,14.5,14.600000381469727,14.399999618530273,14.399999618530273,245919
2019-01-18,14.5,14.5,14.199999809265137,14.300000190734863,238182
2019-01-21,14.300000190734863,14.550000190734863,14.199999809265137,14.25,328312
2019-01-22,14.350000381469727,14.350000381469727,13.899999618530273,14.0,417921
2019-01-23,14.0,14.350000381469727,13.899999618530273,14.0,355999
2019-01-24,14.149999618530273,14.149999618530273,13.850000381469727,13.899999618530273,253356
2019-01-25,14.0,14.399999618530273,13.649999618530273,14.0,1605622
2019-01-28,14.100000381469727,14.25,13.5,13.600000381469727,594840
2019-01-29,13.5,13.550000190734863,13.149999618530273,13.449999809265137,487237
2019-01-30,13.5,13.699999809265137,13.350000381469727,13.449999809265137,408664
2019-01-31,13.600000381469727,13.75,13.600000381469727,13.699999809265137,275171
2019-02-01,13.75,14.0,13.649999618530273,13.699999809265137,409378
2019-02-04,13.949999809265137,13.949999809265137,13.100000381469727,13.199999809265137,372523
2019-02-05,13.100000381469727,13.350000381469727,13.0,13.100000381469727,477278
2019-02-06,13.050000190734863,13.25,12.600000381469727,12.850000381469727,419119
2019-02-07,13.050000190734863,13.199999809265137,12.699999809265137,12.800000190734863,625077
2019-02-08,12.800000190734863,13.050000190734863,12.699999809265137,12.899999618530273,395150
2019-02-11,12.800000190734863,12.850000381469727,12.300000190734863,12.600000381469727,238849
2019-02-12,12.600000381469727,12.75,12.199999809265137,12.399999618530273,456611
2019-02-14,12.149999618530273,12.25,12.100000381469727,12.199999809265137,248403
2019-02-15,12.100000381469727,12.25,12.100000381469727,12.199999809265137,187324
2019-02-18,12.25,12.25,12.0,12.100000381469727,166432
2019-02-19,12.199999809265137,12.600000381469727,12.149999618530273,12.550000190734863,261027
2019-02-20,12.600000381469727,12.649999618530273,12.199999809265137,12.300000190734863,336927
2019-02-21,13.899999618530273,13.899999618530273,13.050000190734863,13.199999809265137,1944800
2019-02-22,13.25,13.300000190734863,12.949999809265137,13.0,431357
2019-02-25,13.199999809265137,13.199999809265137,12.949999809265137,13.0,245253
2019-02-26,12.899999618530273,13.0,12.199999809265137,12.899999618530273,326033
2019-02-27,13.699999809265137,14.399999618530273,13.100000381469727,13.449999809265137,2362396
2019-02-28,13.449999809265137,13.649999618530273,13.199999809265137,13.300000190734863,292973
2019-03-01,13.300000190734863,13.600000381469727,13.300000190734863,13.550000190734863,534529
2019-03-05,13.5,14.25,13.399999618530273,13.949999809265137,967977
2019-03-06,14.050000190734863,14.25,13.949999809265137,14.199999809265137,850951
2019-03-07,14.300000190734863,14.649999618530273,14.149999618530273,14.399999618530273,749823
2019-03-08,14.449999809265137,14.850000381469727,14.0,14.5,954748
2019-03-11,14.649999618530273,15.75,14.449999809265137,15.050000190734863,3022885
2019-03-12,15.5,15.649999618530273,14.949999809265137,15.149999618530273,3303259
2019-03-13,15.199999809265137,15.199999809265137,14.550000190734863,14.600000381469727,1129377
2019-03-14,14.649999618530273,15.0,14.399999618530273,14.550000190734863,1268171
2019-03-15,14.449999809265137,14.699999809265137,13.449999809265137,13.649999618530273,2210925
2019-03-18,13.850000381469727,14.100000381469727,13.699999809265137,13.949999809265137,1241894
2019-03-19,14.100000381469727,14.300000190734863,13.850000381469727,14.149999618530273,870513
2019-03-20,14.149999618530273,14.25,13.800000190734863,13.850000381469727,1017970
2019-03-22,13.899999618530273,14.100000381469727,13.800000190734863,13.800000190734863,442754
2019-03-25,13.800000190734863,13.850000381469727,13.449999809265137,13.600000381469727,562536
2019-03-26,13.5,13.800000190734863,13.5,13.699999809265137,598060
2019-03-27,13.699999809265137,14.100000381469727,13.699999809265137,13.800000190734863,904256
2019-03-28,14.0,14.350000381469727,14.0,14.25,1546237
2019-04-01,14.550000190734863,15.449999809265137,14.5,15.100000381469727,3794544
2019-04-02,15.25,15.350000381469727,14.850000381469727,15.149999618530273,1819518
2019-04-03,15.199999809265137,15.350000381469727,14.899999618530273,15.199999809265137,1579914
2019-04-04,15.25,15.300000190734863,14.850000381469727,14.899999618530273,645848
2019-04-05,14.899999618530273,15.25,14.899999618530273,15.0,522783
2019-04-08,15.149999618530273,15.300000190734863,14.949999809265137,15.0,587773
2019-04-09,15.050000190734863,15.100000381469727,14.649999618530273,14.850000381469727,586452
2019-04-10,14.899999618530273,15.0,14.75,14.850000381469727,419401
2019-04-11,14.850000381469727,14.949999809265137,14.699999809265137,14.850000381469727,476532
2019-04-12,14.75,14.850000381469727,14.600000381469727,14.649999618530273,563726
2019-04-15,14.699999809265137,14.850000381469727,14.600000381469727,14.649999618530273,349347
2019-04-16,14.649999618530273,15.100000381469727,14.649999618530273,14.850000381469727,662217
2019-04-18,14.850000381469727,14.949999809265137,14.649999618530273,14.699999809265137,663572
2019-04-22,14.649999618530273,14.699999809265137,14.350000381469727,14.399999618530273,455932
2019-04-23,14.300000190734863,14.699999809265137,14.300000190734863,14.5,343222
2019-04-24,14.5,14.649999618530273,14.399999618530273,14.600000381469727,276406
2019-04-25,14.600000381469727,15.350000381469727,14.600000381469727,15.0,1467944
2019-04-26,15.050000190734863,15.199999809265137,14.949999809265137,15.0,396126
2019-04-30,15.149999618530273,15.199999809265137,13.850000381469727,14.100000381469727,1412066
2019-05-02,14.100000381469727,14.25,13.800000190734863,13.899999618530273,1572235
2019-05-03,14.0,14.199999809265137,13.949999809265137,14.0,528208
2019-05-06,13.899999618530273,14.100000381469727,13.399999618530273,13.600000381469727,883462
2019-05-07,14.0,14.050000190734863,13.0,13.149999618530273,1788201
2019-05-08,13.149999618530273,13.5,12.949999809265137,13.149999618530273,1139430
2019-05-09,13.149999618530273,13.600000381469727,13.100000381469727,13.25,1381143
2019-05-10,13.300000190734863,13.300000190734863,13.050000190734863,13.149999618530273,711460
2019-05-13,13.100000381469727,13.199999809265137,12.399999618530273,12.550000190734863,1193831
2019-05-14,12.550000190734863,13.0,12.300000190734863,12.550000190734863,890374
2019-05-15,12.75,12.899999618530273,11.850000381469727,12.100000381469727,1764830
2019-05-16,11.949999809265137,12.5,11.949999809265137,12.0,974416
2019-05-17,12.0,12.149999618530273,11.699999809265137,11.850000381469727,1202443
2019-05-20,12.199999809265137,12.5,12.050000190734863,12.350000381469727,1364601
2019-05-21,12.350000381469727,12.5,11.649999618530273,11.800000190734863,1640071
2019-05-22,11.850000381469727,12.149999618530273,11.449999809265137,11.899999618530273,1314010
2019-05-23,11.949999809265137,12.350000381469727,11.600000381469727,11.699999809265137,1963426
2019-05-24,11.800000190734863,12.050000190734863,11.800000190734863,11.949999809265137,878070
2019-05-27,12.0,12.149999618530273,11.899999618530273,11.949999809265137,1126747
2019-05-28,12.0,12.100000381469727,11.899999618530273,11.949999809265137,714402
2019-05-29,11.949999809265137,12.100000381469727,11.699999809265137,11.899999618530273,809609
2019-05-30,11.949999809265137,12.0,11.899999618530273,12.0,335554
2019-05-31,12.100000381469727,12.25,11.949999809265137,12.050000190734863,1283800
2019-06-03,12.050000190734863,12.050000190734863,11.899999618530273,11.949999809265137,533556
2019-06-04,12.0,12.199999809265137,11.899999618530273,12.149999618530273,720914
2019-06-06,12.149999618530273,12.149999618530273,11.899999618530273,11.899999618530273,762584
2019-06-07,11.949999809265137,12.0,11.800000190734863,11.850000381469727,544535
2019-06-10,12.100000381469727,12.100000381469727,11.649999618530273,11.649999618530273,519678
2019-06-11,11.699999809265137,11.850000381469727,11.649999618530273,11.800000190734863,359051
2019-06-12,11.949999809265137,12.0,11.699999809265137,11.75,479140
2019-06-13,11.75,11.850000381469727,11.600000381469727,11.649999618530273,398523
2019-06-14,11.699999809265137,11.800000190734863,11.600000381469727,11.699999809265137,530605
2019-06-17,11.75,11.75,11.550000190734863,11.600000381469727,401029
2019-06-18,11.649999618530273,11.699999809265137,11.550000190734863,11.600000381469727,304139
2019-06-19,11.649999618530273,11.699999809265137,11.350000381469727,11.399999618530273,424288
2019-06-20,11.399999618530273,11.449999809265137,11.199999809265137,11.300000190734863,475234
2019-06-21,11.350000381469727,11.600000381469727,11.149999618530273,11.449999809265137,573792
2019-06-24,11.350000381469727,11.5,11.199999809265137,11.300000190734863,415665
2019-06-25,11.300000190734863,11.449999809265137,11.25,11.300000190734863,317200
2019-06-26,11.300000190734863,11.5,11.25,11.399999618530273,495025
2019-06-27,11.399999618530273,11.800000190734863,11.399999618530273,11.699999809265137,898956
2019-06-28,12.699999809265137,12.699999809265137,12.050000190734863,12.149999618530273,2245298
2019-07-01,12.5,12.5,12.0,12.100000381469727,692176
2019-07-02,12.149999618530273,12.300000190734863,11.899999618530273,11.949999809265137,780969
2019-07-03,11.949999809265137,12.199999809265137,11.949999809265137,12.149999618530273,602755
2019-07-04,12.449999809265137,12.75,12.399999618530273,12.649999618530273,2484617
2019-07-05,12.699999809265137,12.949999809265137,12.699999809265137,12.75,2701073
2019-07-08,12.75,12.75,12.050000190734863,12.199999809265137,731821
2019-07-09,12.149999618530273,12.300000190734863,12.0,12.050000190734863,450899
2019-07-10,12.399999618530273,12.649999618530273,12.0,12.100000381469727,1401242
2019-07-11,12.199999809265137,12.350000381469727,12.149999618530273,12.199999809265137,323853
2019-07-12,12.050000190734863,12.5,12.050000190734863,12.25,676606
2019-07-15,12.199999809265137,12.350000381469727,11.949999809265137,12.0,283023
2019-07-16,12.0,12.149999618530273,11.899999618530273,12.0,343527
2019-07-17,12.149999618530273,12.25,12.0,12.100000381469727,521235
2019-07-18,12.050000190734863,12.149999618530273,11.949999809265137,12.0,220866
2019-07-19,12.0,12.050000190734863,11.649999618530273,11.699999809265137,441886
2019-07-22,11.699999809265137,11.800000190734863,11.5,11.699999809265137,637105
2019-07-23,11.699999809265137,11.949999809265137,11.550000190734863,11.699999809265137,1957929
2019-07-24,11.600000381469727,11.699999809265137,11.350000381469727,11.399999618530273,469815
2019-07-25,11.399999618530273,11.550000190734863,11.300000190734863,11.350000381469727,470186
2019-07-26,11.350000381469727,11.5,11.300000190734863,11.399999618530273,320893
2019-07-29,11.399999618530273,11.5,11.199999809265137,11.25,898704
2019-07-30,11.300000190734863,11.399999618530273,11.050000190734863,11.100000381469727,683351
2019-07-31,11.100000381469727,11.25,11.050000190734863,11.199999809265137,342174
2019-08-01,11.149999618530273,11.199999809265137,11.0,11.050000190734863,431516
2019-08-02,11.050000190734863,11.050000190734863,10.850000381469727,10.899999618530273,561837
2019-08-05,10.800000190734863,10.800000190734863,10.600000381469727,10.649999618530273,555376
2019-08-06,10.649999618530273,10.899999618530273,10.600000381469727,10.649999618530273,506226
2019-08-07,10.649999618530273,10.850000381469727,10.600000381469727,10.699999809265137,330257
2019-08-08,10.649999618530273,10.75,10.5,10.550000190734863,510315
2019-08-09,10.550000190734863,10.850000381469727,10.550000190734863,10.550000190734863,625969
2019-08-13,10.600000381469727,10.600000381469727,10.300000190734863,10.350000381469727,311334
2019-08-14,10.5,10.5,10.149999618530273,10.199999809265137,766676
2019-08-16,10.199999809265137,10.25,10.050000190734863,10.149999618530273,616717
2019-08-19,10.149999618530273,10.199999809265137,9.949999809265137,10.0,897522
2019-08-20,10.050000190734863,10.100000381469727,9.800000190734863,9.899999618530273,708197
2019-08-21,9.899999618530273,9.949999809265137,9.699999809265137,9.75,444866
2019-08-22,9.75,9.75,8.75,9.199999809265137,675217
2019-08-23,9.25,9.75,9.0,9.399999618530273,689654
2019-08-26,10.0,10.300000190734863,9.850000381469727,10.100000381469727,1338985
2019-08-27,10.350000381469727,10.699999809265137,10.25,10.300000190734863,860496
2019-08-28,10.25,10.300000190734863,9.949999809265137,10.100000381469727,421403
2019-08-29,10.0,10.050000190734863,9.899999618530273,10.0,278874
2019-08-30,10.0,10.649999618530273,9.899999618530273,10.449999809265137,1174591
2019-09-03,10.550000190734863,10.699999809265137,10.050000190734863,10.149999618530273,691637
2019-09-04,10.100000381469727,10.25,9.949999809265137,10.0,383225
2019-09-05,10.149999618530273,10.25,10.0,10.050000190734863,412364
2019-09-06,10.100000381469727,10.199999809265137,9.899999618530273,9.949999809265137,491763
2019-09-09,9.949999809265137,10.050000190734863,9.850000381469727,9.850000381469727,428642
2019-09-11,9.850000381469727,10.600000381469727,9.800000190734863,10.149999618530273,585814
2019-09-12,10.149999618530273,10.25,10.0,10.0,381379
2019-09-13,10.149999618530273,10.25,9.949999809265137,10.0,466545
2019-09-16,10.0,10.149999618530273,9.949999809265137,10.100000381469727,237450
2019-09-17,10.100000381469727,10.199999809265137,9.850000381469727,9.899999618530273,372405
2019-09-18,9.949999809265137,10.0,9.75,9.800000190734863,555117
2019-09-19,9.850000381469727,10.100000381469727,9.649999618530273,9.699999809265137,555475
2019-09-20,9.850000381469727,10.449999809265137,9.600000381469727,10.199999809265137,1126831
2019-09-23,10.300000190734863,10.399999618530273,10.0,10.100000381469727,542702
2019-09-24,10.199999809265137,10.300000190734863,10.0,10.25,585863
2019-09-25,10.199999809265137,10.350000381469727,10.0,10.050000190734863,508732
2019-09-26,10.149999618530273,10.199999809265137,9.949999809265137,10.050000190734863,617345
2019-09-27,10.050000190734863,10.100000381469727,9.800000190734863,9.850000381469727,317452
2019-09-30,9.850000381469727,9.949999809265137,9.350000381469727,9.399999618530273,578443
2019-10-01,9.449999809265137,10.149999618530273,9.449999809265137,9.550000190734863,963813
2019-10-03,9.699999809265137,9.850000381469727,9.5,9.600000381469727,484559
2019-10-04,9.699999809265137,9.899999618530273,9.600000381469727,9.649999618530273,420001
2019-10-07,9.699999809265137,9.75,9.449999809265137,9.600000381469727,284097
2019-10-09,9.699999809265137,9.800000190734863,9.550000190734863,9.600000381469727,321154
2019-10-10,9.600000381469727,9.699999809265137,9.5,9.550000190734863,236079
2019-10-11,9.649999618530273,9.699999809265137,9.5,9.5,288388
2019-10-14,9.550000190734863,9.600000381469727,9.399999618530273,9.5,217469
2019-10-15,9.5,9.550000190734863,9.199999809265137,9.350000381469727,388129
2019-10-16,9.350000381469727,9.5,9.300000190734863,9.350000381469727,332424
2019-10-17,9.350000381469727,9.550000190734863,9.25,9.399999618530273,286574
2019-10-18,9.449999809265137,9.800000190734863,9.399999618530273,9.699999809265137,625551
2019-10-22,10.0,10.0,9.649999618530273,9.699999809265137,514697
2019-10-23,9.75,9.899999618530273,9.699999809265137,9.75,375181
2019-10-24,9.850000381469727,9.949999809265137,9.649999618530273,9.75,441098
2019-10-25,9.75,9.800000190734863,9.550000190734863,9.699999809265137,298608
2019-10-27,9.899999618530273,9.899999618530273,9.649999618530273,9.75,110643
2019-10-29,9.800000190734863,9.800000190734863,9.600000381469727,9.699999809265137,327042
2019-10-30,9.800000190734863,10.350000381469727,9.75,10.25,1700665
2019-10-31,10.300000190734863,10.800000190734863,10.199999809265137,10.699999809265137,2535994
2019-11-01,10.850000381469727,11.0,10.75,10.899999618530273,1659447
2019-11-04,11.100000381469727,12.199999809265137,11.0,12.0,5120317
2019-11-05,10.899999618530273,10.949999809265137,10.300000190734863,10.600000381469727,5026597
2019-11-06,10.100000381469727,10.5,10.100000381469727,10.25,1467646
2019-11-07,10.399999618530273,10.550000190734863,10.300000190734863,10.5,599297
2019-11-08,10.449999809265137,10.449999809265137,10.149999618530273,10.199999809265137,572517
2019-11-11,10.050000190734863,10.300000190734863,10.050000190734863,10.149999618530273,638324
2019-11-13,10.149999618530273,10.25,9.949999809265137,10.0,588789
2019-11-14,10.100000381469727,10.100000381469727,9.75,9.800000190734863,574366
2019-11-15,9.850000381469727,10.300000190734863,9.800000190734863,9.899999618530273,969040
2019-11-18,9.899999618530273,10.100000381469727,9.850000381469727,9.899999618530273,636029
2019-11-19,9.949999809265137,11.5,9.899999618530273,10.850000381469727,4143641
2019-11-20,11.149999618530273,11.449999809265137,10.149999618530273,10.75,3405396
2019-11-21,10.850000381469727,11.350000381469727,10.550000190734863,10.949999809265137,1470497
2019-11-22,11.0,11.050000190734863,10.600000381469727,10.75,706517
2019-11-25,10.800000190734863,10.850000381469727,10.649999618530273,10.649999618530273,636402
2019-11-26,10.699999809265137,10.800000190734863,10.350000381469727,10.449999809265137,686230
2019-11-27,10.5,10.699999809265137,10.199999809265137,10.350000381469727,667637
2019-11-28,10.649999618530273,10.949999809265137,10.649999618530273,10.699999809265137,2153695
2019-11-29,10.800000190734863,10.949999809265137,10.600000381469727,10.649999618530273,1099426
2019-12-02,10.649999618530273,10.699999809265137,10.449999809265137,10.5,393732
2019-12-03,10.5,10.550000190734863,10.25,10.300000190734863,440837
2019-12-04,10.300000190734863,10.600000381469727,10.25,10.399999618530273,698988
2019-12-05,10.5,10.550000190734863,10.300000190734863,10.350000381469727,520337
2019-12-06,10.350000381469727,10.5,10.100000381469727,10.149999618530273,337788
2019-12-09,10.199999809265137,10.199999809265137,9.949999809265137,10.0,442401
2019-12-10,10.050000190734863,10.149999618530273,9.899999618530273,9.949999809265137,630667
2019-12-11,9.949999809265137,10.050000190734863,9.800000190734863,9.850000381469727,409148
2019-12-12,9.899999618530273,10.5,9.850000381469727,10.050000190734863,528826
2019-12-13,10.149999618530273,10.399999618530273,10.149999618530273,10.25,796045
2019-12-16,10.350000381469727,10.5,10.149999618530273,10.25,593230
2019-12-17,10.300000190734863,10.350000381469727,10.050000190734863,10.100000381469727,503740
2019-12-18,10.100000381469727,10.25,9.949999809265137,10.050000190734863,489955
2019-12-19,10.050000190734863,10.100000381469727,9.949999809265137,10.0,341044
2019-12-20,10.100000381469727,10.350000381469727,10.050000190734863,10.25,892040
2019-12-23,10.149999618530273,10.399999618530273,10.050000190734863,10.100000381469727,584666
2019-12-24,10.149999618530273,10.300000190734863,10.050000190734863,10.100000381469727,312767
2019-12-26,10.100000381469727,12.100000381469727,10.0,11.300000190734863,2202525
2019-12-27,11.800000190734863,12.850000381469727,10.800000190734863,11.949999809265137,10548971
2019-12-30,12.25,12.25,11.5,11.699999809265137,2358457
2019-12-31,11.5,11.699999809265137,11.199999809265137,11.300000190734863,1214440
2020-01-01,11.300000190734863,11.399999618530273,11.0,11.100000381469727,856923
2020-01-02,11.199999809265137,11.300000190734863,11.050000190734863,11.149999618530273,808985
2020-01-03,11.199999809265137,11.199999809265137,11.0,11.100000381469727,637236
2020-01-06,11.600000381469727,12.149999618530273,11.449999809265137,11.600000381469727,4059582
2020-01-07,11.649999618530273,11.899999618530273,11.100000381469727,11.300000190734863,2213559
2020-01-08,11.100000381469727,11.199999809265137,10.850000381469727,11.100000381469727,730242
2020-01-09,11.300000190734863,11.399999618530273,11.25,11.300000190734863,868460
2020-01-10,11.350000381469727,11.5,11.0,11.199999809265137,1028631
2020-01-13,11.300000190734863,11.399999618530273,11.100000381469727,11.149999618530273,682898
2020-01-14,11.199999809265137,11.800000190734863,11.100000381469727,11.399999618530273,1781056
2020-01-15,11.399999618530273,11.649999618530273,11.199999809265137,11.449999809265137,726957
2020-01-16,11.5,11.600000381469727,11.350000381469727,11.449999809265137,787818
2020-01-17,11.350000381469727,11.5,11.25,11.350000381469727,558836
2020-01-20,11.399999618530273,11.550000190734863,11.300000190734863,11.350000381469727,621795
2020-01-21,11.350000381469727,11.699999809265137,11.300000190734863,11.449999809265137,907024
2020-01-22,11.449999809265137,11.550000190734863,11.350000381469727,11.350000381469727,395094
2020-01-23,11.350000381469727,11.5,10.850000381469727,11.0,1207006
2020-01-24,11.149999618530273,11.300000190734863,10.949999809265137,11.0,1122746
2020-01-27,10.949999809265137,11.100000381469727,10.699999809265137,10.800000190734863,1103365
2020-01-28,10.800000190734863,10.949999809265137,10.5,10.600000381469727,621685
2020-01-29,10.649999618530273,10.850000381469727,10.449999809265137,10.449999809265137,1250955
2020-01-30,10.5,10.600000381469727,10.199999809265137,10.25,770509
2020-01-31,10.350000381469727,10.399999618530273,10.149999618530273,10.199999809265137,1129912
2020-02-03,10.199999809265137,10.300000190734863,10.050000190734863,10.050000190734863,460860
2020-02-04,10.100000381469727,10.25,10.050000190734863,10.050000190734863,491573
2020-02-05,10.050000190734863,10.149999618530273,9.800000190734863,9.850000381469727,1429488
2020-02-06,9.899999618530273,9.949999809265137,9.649999618530273,9.75,1814959
2020-02-07,9.800000190734863,9.899999618530273,9.600000381469727,9.699999809265137,1520102
2020-02-10,9.800000190734863,10.699999809265137,9.600000381469727,9.949999809265137,7018474
2020-02-11,9.899999618530273,9.899999618530273,9.699999809265137,9.75,1890563
2020-02-12,9.699999809265137,9.75,9.399999618530273,9.449999809265137,1736267
2020-02-13,9.699999809265137,9.75,9.449999809265137,9.550000190734863,1538645
2020-02-14,9.600000381469727,9.649999618530273,9.300000190734863,9.350000381469727,1393119
2020-02-17,9.199999809265137,9.350000381469727,9.100000381469727,9.149999618530273,848907
2020-02-18,9.149999618530273,9.25,9.0,9.100000381469727,1074479
2020-02-19,9.100000381469727,9.199999809265137,9.050000190734863,9.149999618530273,553119
2020-02-20,9.199999809265137,9.199999809265137,8.949999809265137,9.0,960306
2020-02-24,9.0,9.0,8.800000190734863,8.850000381469727,1470759
2020-02-25,8.850000381469727,9.100000381469727,8.800000190734863,8.949999809265137,1175033
2020-02-26,8.949999809265137,8.949999809265137,8.75,8.800000190734863,1442665
2020-02-27,8.899999618530273,8.899999618530273,8.699999809265137,8.75,1899672
2020-02-28,8.699999809265137,8.800000190734863,8.449999809265137,8.699999809265137,1100595
2020-03-02,8.75,8.899999618530273,8.600000381469727,8.699999809265137,777133
2020-03-03,8.699999809265137,8.800000190734863,8.550000190734863,8.600000381469727,621447
2020-03-04,8.600000381469727,8.800000190734863,8.5,8.550000190734863,1067127
2020-03-05,8.649999618530273,9.25,8.600000381469727,8.850000381469727,1225826
2020-03-06,8.699999809265137,8.75,8.399999618530273,8.600000381469727,861561
2020-03-09,8.5,8.649999618530273,8.149999618530273,8.25,1470639
2020-03-11,8.350000381469727,8.800000190734863,8.25,8.399999618530273,691171
2020-03-12,8.149999618530273,8.199999809265137,7.599999904632568,7.699999809265137,1752584
2020-03-13,7.199999809265137,7.900000095367432,6.449999809265137,7.550000190734863,2467891
2020-03-16,7.0,7.550000190734863,6.900000095367432,7.449999809265137,1110636
2020-03-17,7.400000095367432,7.800000190734863,7.300000190734863,7.400000095367432,1047335
2020-03-18,7.650000095367432,7.699999809265137,7.099999904632568,7.25,1125434
2020-03-19,7.199999809265137,7.25,6.050000190734863,7.0,1989867
2020-03-20,7.050000190734863,7.199999809265137,6.800000190734863,7.099999904632568,973423
2020-03-23,6.900000095367432,7.300000190734863,6.5,6.699999809265137,930488
2020-03-24,6.949999809265137,7.0,6.599999904632568,6.900000095367432,862658
2020-03-25,6.849999904632568,7.050000190734863,6.699999809265137,7.0,825391
2020-03-26,7.150000095367432,7.5,6.849999904632568,7.300000190734863,1241540
2020-03-27,7.449999809265137,7.75,7.25,7.300000190734863,1718085
2020-03-30,7.300000190734863,7.300000190734863,7.0,7.050000190734863,452740
2020-03-31,7.199999809265137,7.25,6.949999809265137,7.050000190734863,635265
2020-04-01,7.099999904632568,7.099999904632568,6.949999809265137,7.050000190734863,433120
2020-04-03,6.949999809265137,7.099999904632568,6.949999809265137,7.0,490185
2020-04-07,7.050000190734863,7.099999904632568,6.849999904632568,7.0,1152216
2020-04-08,7.0,7.199999809265137,6.900000095367432,7.050000190734863,751375
2020-04-09,7.099999904632568,7.199999809265137,7.050000190734863,7.099999904632568,644900
2020-04-13,7.199999809265137,7.199999809265137,7.0,7.050000190734863,532214
2020-04-15,7.050000190734863,7.150000095367432,7.0,7.099999904632568,676333
2020-04-16,7.099999904632568,7.099999904632568,7.0,7.050000190734863,650668
2020-04-17,7.199999809265137,7.300000190734863,7.099999904632568,7.25,1256900
2020-04-20,7.5,8.100000381469727,7.400000095367432,7.949999809265137,7084181
2020-04-21,7.900000095367432,8.0,7.199999809265137,7.75,1857959
2020-04-22,7.699999809265137,7.900000095367432,7.5,7.699999809265137,1288747
2020-04-23,7.699999809265137,7.849999904632568,7.699999809265137,7.800000190734863,811514
2020-04-24,7.800000190734863,7.800000190734863,7.599999904632568,7.599999904632568,588973
2020-04-27,7.699999809265137,7.75,7.25,7.550000190734863,771000
2020-04-28,7.599999904632568,7.599999904632568,7.449999809265137,7.5,399063
2020-04-29,7.599999904632568,7.800000190734863,7.5,7.699999809265137,1006886
2020-04-30,7.849999904632568,7.949999809265137,7.650000095367432,7.699999809265137,1423710
2020-05-04,7.599999904632568,7.650000095367432,7.349999904632568,7.449999809265137,1036690
2020-05-05,7.5,7.550000190734863,7.400000095367432,7.449999809265137,468743
2020-05-06,7.5,7.5,7.199999809265137,7.400000095367432,595171
2020-05-07,7.400000095367432,7.449999809265137,7.300000190734863,7.400000095367432,420965
2020-05-08,7.449999809265137,7.449999809265137,7.199999809265137,7.25,1037623
2020-05-11,7.199999809265137,7.25,7.050000190734863,7.150000095367432,748775
2020-05-12,7.150000095367432,7.199999809265137,7.050000190734863,7.150000095367432,449159
2020-05-13,7.25,7.5,7.25,7.400000095367432,1140318
2020-05-14,7.400000095367432,7.449999809265137,7.300000190734863,7.349999904632568,482125
2020-05-15,7.349999904632568,7.449999809265137,7.25,7.400000095367432,478020
2020-05-18,7.400000095367432,7.400000095367432,7.099999904632568,7.150000095367432,579631
2020-05-19,7.199999809265137,7.300000190734863,7.050000190734863,7.150000095367432,531039
2020-05-20,7.150000095367432,7.199999809265137,7.050000190734863,7.150000095367432,796338
2020-05-21,7.150000095367432,7.800000190734863,7.099999904632568,7.349999904632568,796276
2020-05-22,7.300000190734863,7.5,7.199999809265137,7.25,681215
2020-05-26,7.349999904632568,7.349999904632568,7.150000095367432,7.150000095367432,523231
2020-05-27,7.199999809265137,7.349999904632568,7.150000095367432,7.349999904632568,619452
2020-05-28,7.349999904632568,7.449999809265137,7.25,7.25,668241
2020-05-29,7.25,7.349999904632568,7.25,7.300000190734863,702714
2020-06-01,7.400000095367432,7.800000190734863,7.349999904632568,7.650000095367432,1994596
2020-06-02,7.699999809265137,8.050000190734863,7.599999904632568,7.949999809265137,1979371
2020-06-03,8.600000381469727,9.5,8.149999618530273,9.399999618530273,20466386
2020-06-04,10.5,10.600000381469727,10.0,10.350000381469727,15892853
2020-06-05,10.699999809265137,10.800000190734863,10.350000381469727,10.449999809265137,7940506
2020-06-08,11.0,11.100000381469727,10.25,10.350000381469727,6998113
2020-06-09,10.449999809265137,10.5,9.550000190734863,9.949999809265137,5561200
2020-06-10,10.0,10.850000381469727,9.949999809265137,10.550000190734863,8002128
2020-06-11,10.449999809265137,10.850000381469727,9.899999618530273,10.0,4500446
2020-06-12,9.399999618530273,10.300000190734863,9.25,10.25,3879723
2020-06-15,10.300000190734863,10.699999809265137,10.149999618530273,10.449999809265137,5802267
2020-06-16,10.699999809265137,10.800000190734863,9.850000381469727,10.199999809265137,4196550
2020-06-17,10.25,10.300000190734863,10.050000190734863,10.100000381469727,1929695
2020-06-18,10.100000381469727,10.199999809265137,10.0,10.100000381469727,1930849
2020-06-19,10.100000381469727,10.25,9.899999618530273,9.949999809265137,9327247
2020-06-22,10.0,10.300000190734863,9.899999618530273,10.199999809265137,5031932
2020-06-23,10.350000381469727,11.199999809265137,10.300000190734863,10.850000381469727,21425137
2020-06-24,11.050000190734863,11.600000381469727,10.850000381469727,10.899999618530273,15903686
2020-06-25,10.949999809265137,11.949999809265137,10.800000190734863,11.949999809265137,22342424
2020-06-26,13.100000381469727,13.100000381469727,12.600000381469727,13.100000381469727,18166836
2020-06-29,13.75,13.75,12.5,12.800000190734863,52333316
2020-06-30,13.149999618530273,13.149999618530273,12.199999809265137,12.199999809265137,11393939
2020-07-01,11.649999618530273,12.0,11.600000381469727,11.600000381469727,13326905
2020-07-02,11.399999618530273,11.899999618530273,11.199999809265137,11.5,14466755
2020-07-03,11.649999618530273,11.699999809265137,11.050000190734863,11.149999618530273,6125315
2020-07-06,11.149999618530273,11.300000190734863,10.699999809265137,10.75,7299132
2020-07-07,10.699999809265137,10.75,10.5,10.600000381469727,6050239
2020-07-08,10.550000190734863,11.100000381469727,10.399999618530273,11.050000190734863,19435071
2020-07-09,11.100000381469727,11.449999809265137,10.75,11.050000190734863,8123054
2020-07-10,11.0,11.0,10.649999618530273,10.75,3736786
2020-07-13,10.800000190734863,10.850000381469727,10.5,10.600000381469727,2538178
2020-07-14,10.5,10.550000190734863,10.149999618530273,10.25,2765540
2020-07-15,10.449999809265137,10.449999809265137,10.0,10.050000190734863,3742449
2020-07-16,10.199999809265137,10.300000190734863,10.050000190734863,10.199999809265137,2592291
2020-07-17,10.199999809265137,10.699999809265137,10.149999618530273,10.649999618530273,4195882
2020-07-20,10.699999809265137,10.850000381469727,10.399999618530273,10.5,2836324
2020-07-21,11.0,11.0,11.0,11.0,1742284
2020-07-22,11.550000190734863,11.550000190734863,10.699999809265137,10.899999618530273,13590217
2020-07-23,10.899999618530273,11.050000190734863,10.649999618530273,10.800000190734863,2219854
2020-07-24,10.699999809265137,10.899999618530273,10.550000190734863,10.699999809265137,1996965
2020-07-27,10.800000190734863,10.850000381469727,10.300000190734863,10.350000381469727,2303773
2020-07-28,10.300000190734863,10.5,10.25,10.449999809265137,1626006
2020-07-29,10.449999809265137,10.949999809265137,10.300000190734863,10.649999618530273,5878096
2020-07-30,10.949999809265137,11.0,10.350000381469727,10.5,2989105
2020-07-31,10.5,10.5,10.25,10.350000381469727,2806342
2020-08-03,10.25,10.399999618530273,10.199999809265137,10.300000190734863,1495743
2020-08-04,10.350000381469727,10.399999618530273,10.25,10.300000190734863,1328368
2020-08-05,10.350000381469727,10.550000190734863,10.25,10.399999618530273,2012983
2020-08-06,10.449999809265137,10.550000190734863,10.300000190734863,10.350000381469727,2180938
2020-08-07,10.300000190734863,10.449999809265137,10.300000190734863,10.350000381469727,1642420
2020-08-10,10.350000381469727,10.550000190734863,10.300000190734863,10.350000381469727,1720914
2020-08-11,10.350000381469727,10.449999809265137,10.300000190734863,10.350000381469727,988330
2020-08-12,10.600000381469727,10.699999809265137,10.5,10.649999618530273,3910569
2020-08-13,10.699999809265137,10.699999809265137,10.399999618530273,10.5,2095125
2020-08-14,10.5,10.550000190734863,10.300000190734863,10.350000381469727,1444915
2020-08-17,10.449999809265137,10.550000190734863,10.350000381469727,10.5,1670314
2020-08-18,10.550000190734863,10.649999618530273,10.449999809265137,10.600000381469727,2186695
2020-08-19,10.699999809265137,11.25,10.649999618530273,11.100000381469727,4823757
2020-08-20,11.300000190734863,11.899999618530273,11.199999809265137,11.399999618530273,13759415
2020-08-21,12.199999809265137,12.25,11.649999618530273,11.699999809265137,22986736
2020-08-24,11.699999809265137,11.75,11.100000381469727,11.149999618530273,6776618
2020-08-25,11.0,11.100000381469727,10.800000190734863,10.850000381469727,4612890
2020-08-26,10.800000190734863,11.100000381469727,10.75,10.899999618530273,3900912
2020-08-27,10.899999618530273,11.050000190734863,10.850000381469727,10.899999618530273,3094512
2020-08-28,10.899999618530273,11.25,10.850000381469727,11.050000190734863,6607427
2020-08-31,11.149999618530273,11.449999809265137,10.449999809265137,10.600000381469727,6473120
2020-09-01,10.550000190734863,10.600000381469727,10.350000381469727,10.449999809265137,1822679
2020-09-02,10.449999809265137,10.5,10.300000190734863,10.399999618530273,1066639
2020-09-03,10.399999618530273,10.5,10.300000190734863,10.350000381469727,1473194
2020-09-04,10.050000190734863,10.350000381469727,10.050000190734863,10.25,1843674
2020-09-07,10.149999618530273,10.199999809265137,10.0,10.050000190734863,1932095
2020-09-08,10.050000190734863,11.050000190734863,10.050000190734863,10.199999809265137,5506229
2020-09-09,10.149999618530273,11.0,10.050000190734863,10.199999809265137,2325245
2020-09-10,10.350000381469727,10.449999809265137,10.199999809265137,10.25,1478118
2020-09-11,10.25,10.350000381469727,10.149999618530273,10.199999809265137,1234512
2020-09-14,10.199999809265137,10.350000381469727,10.149999618530273,10.25,2625868
2020-09-15,10.399999618530273,10.449999809265137,10.149999618530273,10.199999809265137,1524664
2020-09-16,10.199999809265137,10.25,10.149999618530273,10.199999809265137,939389
2020-09-17,10.149999618530273,10.199999809265137,10.050000190734863,10.100000381469727,912215
2020-09-18,10.149999618530273,10.199999809265137,10.0,10.050000190734863,1283586
2020-09-21,10.100000381469727,10.100000381469727,9.5,9.600000381469727,2189832
2020-09-22,9.649999618530273,9.699999809265137,8.899999618530273,9.25,2553091
2020-09-23,9.350000381469727,9.550000190734863,9.149999618530273,9.25,1390252
2020-09-24,9.149999618530273,9.149999618530273,8.75,8.850000381469727,2408888
2020-09-25,8.949999809265137,9.600000381469727,8.949999809265137,9.399999618530273,2230483
2020-09-28,9.5,9.699999809265137,9.449999809265137,9.550000190734863,1476325
2020-09-29,9.649999618530273,9.699999809265137,9.350000381469727,9.350000381469727,806546
2020-09-30,9.399999618530273,9.449999809265137,9.100000381469727,9.199999809265137,683367
2020-10-01,9.199999809265137,9.350000381469727,9.199999809265137,9.300000190734863,735921
2020-10-05,9.350000381469727,9.449999809265137,9.199999809265137,9.25,786873
2020-10-06,9.300000190734863,9.350000381469727,9.199999809265137,9.25,634011
2020-10-07,9.300000190734863,9.399999618530273,9.100000381469727,9.199999809265137,906575
2020-10-08,9.199999809265137,9.300000190734863,9.199999809265137,9.199999809265137,731784
2020-10-09,9.25,9.5,9.199999809265137,9.25,1182889
2020-10-12,9.300000190734863,9.399999618530273,9.199999809265137,9.25,741838
2020-10-13,9.199999809265137,9.399999618530273,9.199999809265137,9.25,968019
2020-10-14,9.25,9.300000190734863,9.149999618530273,9.25,685415
2020-10-15,9.300000190734863,9.350000381469727,9.0,9.050000190734863,982102
2020-10-16,9.149999618530273,9.149999618530273,8.5,9.0,971979
2020-10-19,9.100000381469727,9.5,9.0,9.300000190734863,1942284
2020-10-20,9.25,9.399999618530273,9.149999618530273,9.25,1064766
2020-10-21,9.25,9.399999618530273,9.199999809265137,9.25,994100
2020-10-22,9.199999809265137,9.300000190734863,9.149999618530273,9.300000190734863,714619
2020-10-23,9.350000381469727,9.350000381469727,9.199999809265137,9.300000190734863,862201
2020-10-26,9.300000190734863,9.399999618530273,9.199999809265137,9.25,857927
2020-10-27,9.300000190734863,9.449999809265137,9.25,9.300000190734863,1071437
2020-10-28,9.300000190734863,9.350000381469727,9.25,9.300000190734863,578404
2020-10-29,9.25,9.300000190734863,9.050000190734863,9.25,756667
2020-10-30,9.25,9.350000381469727,9.100000381469727,9.149999618530273,610783
2020-11-02,9.25,9.350000381469727,9.149999618530273,9.149999618530273,1084685
2020-11-03,9.300000190734863,9.300000190734863,9.199999809265137,9.300000190734863,587176
2020-11-04,9.300000190734863,9.399999618530273,9.199999809265137,9.350000381469727,935942
2020-11-05,9.449999809265137,9.850000381469727,9.399999618530273,9.699999809265137,2204322
2020-11-06,10.149999618530273,10.399999618530273,9.449999809265137,9.649999618530273,12147034
2020-11-09,9.899999618530273,9.899999618530273,9.350000381469727,9.449999809265137,3372192
2020-11-10,9.449999809265137,9.5,9.300000190734863,9.449999809265137,1846265
2020-11-11,9.449999809265137,9.649999618530273,9.399999618530273,9.399999618530273,1639837
2020-11-12,9.449999809265137,9.449999809265137,9.300000190734863,9.350000381469727,739832
2020-11-13,9.350000381469727,9.600000381469727,9.25,9.399999618530273,1549173
2020-11-14,9.399999618530273,9.5,9.399999618530273,9.449999809265137,320184
2020-11-17,9.5,9.550000190734863,9.399999618530273,9.399999618530273,1120687
2020-11-18,9.399999618530273,9.649999618530273,9.350000381469727,9.5,2965622
2020-11-19,9.399999618530273,9.5,9.350000381469727,9.399999618530273,1008342
2020-11-20,9.399999618530273,9.850000381469727,9.350000381469727,9.600000381469727,4702067
2020-11-23,9.800000190734863,9.949999809265137,9.600000381469727,9.800000190734863,2674378
2020-11-24,9.850000381469727,10.5,9.649999618530273,10.399999618530273,8930881
2020-11-25,11.25,12.149999618530273,11.100000381469727,11.149999618530273,34354448
2020-11-26,11.300000190734863,11.350000381469727,10.800000190734863,11.050000190734863,5994327
2020-11-27,11.050000190734863,11.149999618530273,10.899999618530273,10.949999809265137,4816297
2020-12-01,11.050000190734863,11.050000190734863,10.850000381469727,10.850000381469727,2804883
2020-12-02,10.899999618530273,10.899999618530273,10.649999618530273,10.699999809265137,3002553
2020-12-03,10.699999809265137,11.25,10.699999809265137,11.050000190734863,6446992
2020-12-04,11.050000190734863,11.25,10.949999809265137,11.0,3653976
2020-12-07,11.100000381469727,11.199999809265137,11.050000190734863,11.149999618530273,3130525
2020-12-08,11.149999618530273,11.850000381469727,11.100000381469727,11.699999809265137,12533394
2020-12-09,11.850000381469727,12.0,11.649999618530273,11.699999809265137,8288482
2020-12-10,11.649999618530273,11.699999809265137,11.100000381469727,11.399999618530273,4430730
2020-12-11,11.399999618530273,11.75,11.199999809265137,11.5,5013829
2020-12-14,11.600000381469727,11.699999809265137,11.350000381469727,11.550000190734863,3278842
2020-12-15,11.600000381469727,11.600000381469727,11.100000381469727,11.199999809265137,3836342
2020-12-16,11.25,11.350000381469727,11.149999618530273,11.199999809265137,1952544
2020-12-17,11.25,11.300000190734863,11.100000381469727,11.149999618530273,1770625
2020-12-18,11.149999618530273,11.199999809265137,10.850000381469727,10.949999809265137,1902829
2020-12-21,10.899999618530273,10.949999809265137,10.149999618530273,10.399999618530273,2730674
2020-12-22,10.399999618530273,10.5,9.850000381469727,10.100000381469727,4486536
2020-12-23,10.149999618530273,10.699999809265137,10.0,10.600000381469727,3612629
2020-12-24,10.800000190734863,10.850000381469727,10.550000190734863,10.600000381469727,1977841
2020-12-28,10.600000381469727,10.850000381469727,10.600000381469727,10.699999809265137,2054628
2020-12-29,10.800000190734863,10.850000381469727,10.5,10.600000381469727,2175702
2020-12-30,10.649999618530273,10.699999809265137,10.399999618530273,10.5,1351599
2020-12-31,10.800000190734863,10.800000190734863,10.600000381469727,10.699999809265137,2546797
2021-01-01,10.75,10.850000381469727,10.649999618530273,10.800000190734863,2686950
2021-01-04,11.050000190734863,11.399999618530273,10.899999618530273,11.300000190734863,7348549
2021-01-05,11.300000190734863,11.449999809265137,11.0,11.350000381469727,3963696
2021-01-06,11.449999809265137,11.449999809265137,11.100000381469727,11.149999618530273,3841684
2021-01-07,11.25,11.350000381469727,11.100000381469727,11.149999618530273,2693311
2021-01-08,11.199999809265137,11.300000190734863,11.050000190734863,11.100000381469727,2981793
2021-01-11,11.100000381469727,11.199999809265137,11.0,11.050000190734863,2008923
2021-01-12,11.050000190734863,11.699999809265137,10.899999618530273,11.5,7708755
2021-01-13,11.550000190734863,11.550000190734863,11.100000381469727,11.350000381469727,7108407
2021-01-14,11.350000381469727,11.399999618530273,11.100000381469727,11.199999809265137,3327974
2021-01-15,11.199999809265137,11.25,11.0,11.100000381469727,3077741
2021-01-18,11.100000381469727,11.25,10.899999618530273,10.949999809265137,2667739
2021-01-19,11.100000381469727,11.199999809265137,11.0,11.050000190734863,2192121
2021-01-20,11.100000381469727,11.199999809265137,11.050000190734863,11.149999618530273,2547706
2021-01-21,11.199999809265137,11.25,10.899999618530273,10.949999809265137,2462191
2021-01-22,11.050000190734863,11.050000190734863,10.75,10.800000190734863,2449757
2021-01-25,10.949999809265137,10.949999809265137,10.5,10.550000190734863,2059199
2021-01-27,10.199999809265137,10.5,10.199999809265137,10.449999809265137,1912858
2021-01-28,10.300000190734863,10.550000190734863,10.25,10.350000381469727,1881566
2021-01-29,10.5,10.949999809265137,10.350000381469727,10.699999809265137,2367759
2021-02-01,11.0,11.199999809265137,10.800000190734863,11.0,5262334
2021-02-02,11.199999809265137,11.300000190734863,10.949999809265137,11.0,3312101
2021-02-03,11.100000381469727,11.199999809265137,11.0,11.100000381469727,4052643
2021-02-04,11.149999618530273,11.949999809265137,11.100000381469727,11.800000190734863,12867389
2021-02-05,12.0,12.25,11.350000381469727,11.449999809265137,20912440
2021-02-08,11.600000381469727,11.899999618530273,11.5,11.649999618530273,7790617
2021-02-09,11.75,12.25,11.100000381469727,11.350000381469727,32459112
2021-02-10,11.449999809265137,11.600000381469727,11.25,11.350000381469727,5683051
2021-02-11,11.350000381469727,11.399999618530273,11.149999618530273,11.199999809265137,3635638
2021-02-12,11.25,11.300000190734863,11.0,11.100000381469727,3991936
2021-02-15,11.100000381469727,11.199999809265137,10.949999809265137,10.949999809265137,3013125
2021-02-16,12.100000381469727,13.100000381469727,11.899999618530273,13.100000381469727,120512679
2021-02-17,13.600000381469727,15.699999809265137,13.300000190734863,15.699999809265137,111032708
2021-02-18,18.100000381469727,18.799999237060547,17.850000381469727,18.799999237060547,34051747
2021-02-19,20.149999618530273,20.649999618530273,16.950000762939453,17.600000381469727,160852820
2021-02-22,17.149999618530273,17.399999618530273,15.850000381469727,16.299999237060547,55325377
2021-02-23,16.5,16.700000762939453,15.300000190734863,15.699999809265137,32706053
2021-02-24,16.0,17.25,15.850000381469727,17.25,31496204
2021-02-25,18.149999618530273,18.950000762939453,18.049999237060547,18.950000762939453,43399865
2021-02-26,17.950000762939453,18.799999237060547,17.149999618530273,17.899999618530273,36405817
2021-03-01,18.899999618530273,18.899999618530273,17.700000762939453,17.799999237060547,13488126
2021-03-02,18.0,18.0,17.049999237060547,17.200000762939453,10736661
2021-03-03,17.399999618530273,17.75,16.799999237060547,17.049999237060547,12589386
2021-03-04,16.799999237060547,17.25,16.549999237060547,16.649999618530273,7493547
2021-03-05,16.649999618530273,16.850000381469727,15.899999618530273,16.0,7163153
2021-03-08,17.399999618530273,17.600000381469727,17.100000381469727,17.600000381469727,23290781
2021-03-09,18.850000381469727,18.850000381469727,17.350000381469727,17.75,21951601
2021-03-10,17.75,17.75,17.149999618530273,17.25,5624826
2021-03-12,18.100000381469727,18.299999237060547,16.899999618530273,17.149999618530273,10389356
2021-03-15,17.799999237060547,17.850000381469727,17.0,17.25,10965622
2021-03-16,17.399999618530273,17.399999618530273,16.549999237060547,16.75,7674059
2021-03-17,16.850000381469727,17.700000762939453,16.450000762939453,16.700000762939453,11985999
2021-03-18,16.850000381469727,17.0,15.5,15.699999809265137,7684819
2021-03-19,15.050000190734863,15.899999618530273,14.5,15.600000381469727,9139191
2021-03-22,15.850000381469727,15.850000381469727,14.899999618530273,15.0,8014850
2021-03-23,15.5,16.5,15.399999618530273,16.5,19028706
2021-03-24,17.600000381469727,18.0,16.5,16.649999618530273,31217086
2021-03-25,16.850000381469727,16.899999618530273,15.600000381469727,16.100000381469727,9983421
2021-03-26,16.149999618530273,17.100000381469727,16.0,16.049999237060547,6478140
2021-03-30,16.049999237060547,16.100000381469727,15.699999809265137,15.899999618530273,4448631
2021-03-31,16.25,16.450000762939453,15.899999618530273,16.0,4595186
2021-04-01,17.100000381469727,17.600000381469727,16.549999237060547,16.950000762939453,26467947
2021-04-05,16.850000381469727,16.850000381469727,16.0,16.25,8026834
2021-04-06,16.299999237060547,16.450000762939453,15.949999809265137,16.049999237060547,4720332
2021-04-07,16.200000762939453,16.399999618530273,16.0,16.149999618530273,7677531
2021-04-08,16.399999618530273,16.399999618530273,16.0,16.049999237060547,4535776
2021-04-09,16.299999237060547,18.450000762939453,16.149999618530273,17.899999618530273,57117244
2021-04-12,17.200000762939453,17.299999237060547,15.5,16.100000381469727,39488761
2021-04-13,16.450000762939453,18.5,16.299999237060547,18.0,81722099
2021-04-15,17.399999618530273,17.399999618530273,16.149999618530273,16.799999237060547,33829322
2021-04-16,17.299999237060547,17.600000381469727,16.799999237060547,16.950000762939453,24586864
2021-04-19,16.0,16.25,15.75,16.149999618530273,18669041
2021-04-20,16.399999618530273,16.75,15.899999618530273,16.149999618530273,14412009
2021-04-22,15.899999618530273,16.299999237060547,15.699999809265137,16.049999237060547,12540815
2021-04-23,15.899999618530273,16.100000381469727,15.800000190734863,15.899999618530273,11841464
2021-04-26,16.0,16.25,15.850000381469727,15.949999809265137,6995724
2021-04-27,15.899999618530273,16.100000381469727,15.899999618530273,16.0,6817682
2021-04-28,16.149999618530273,16.149999618530273,12.800000190734863,15.949999809265137,7187716
2021-04-29,15.949999809265137,16.149999618530273,15.800000190734863,15.850000381469727,7868123
2021-04-30,15.75,15.850000381469727,15.5,15.699999809265137,5392011
2021-05-03,15.600000381469727,15.699999809265137,15.350000381469727,15.550000190734863,5303824
2021-05-04,15.75,16.450000762939453,15.649999618530273,15.850000381469727,21110784
2021-05-05,16.100000381469727,16.100000381469727,15.699999809265137,15.850000381469727,6826089
2021-05-06,16.0,16.299999237060547,15.75,15.800000190734863,7357689
2021-05-07,15.850000381469727,16.200000762939453,15.800000190734863,15.850000381469727,6267903
2021-05-10,16.100000381469727,16.100000381469727,15.800000190734863,15.850000381469727,4507440
2021-05-11,15.850000381469727,16.149999618530273,15.699999809265137,15.949999809265137,9586513
2021-05-12,15.949999809265137,17.200000762939453,15.899999618530273,16.399999618530273,39744724
2021-05-14,16.649999618530273,16.850000381469727,16.049999237060547,16.149999618530273,13661628
2021-05-17,16.25,16.5,16.049999237060547,16.450000762939453,8984120
2021-05-18,16.649999618530273,16.75,16.200000762939453,16.25,7495545
2021-05-19,16.25,18.350000381469727,16.149999618530273,17.149999618530273,54725558
2021-05-20,17.350000381469727,17.350000381469727,16.700000762939453,16.799999237060547,9519927
2021-05-21,16.950000762939453,17.200000762939453,16.799999237060547,16.899999618530273,9024950
2021-05-24,17.100000381469727,17.299999237060547,17.0,17.049999237060547,10334832
2021-05-25,17.200000762939453,17.25,16.450000762939453,16.850000381469727,8153917
2021-05-26,16.950000762939453,17.0,16.700000762939453,16.75,5113922
2021-05-27,16.75,16.899999618530273,16.649999618530273,16.799999237060547,4831222
2021-05-28,16.950000762939453,17.149999618530273,16.799999237060547,16.850000381469727,6236757
2021-05-31,16.950000762939453,17.0,16.799999237060547,16.850000381469727,4329273
2021-06-01,16.799999237060547,16.899999618530273,16.450000762939453,16.649999618530273,3867570
2021-06-02,16.649999618530273,17.700000762939453,16.600000381469727,17.5,26001873
2021-06-03,18.0,18.149999618530273,17.450000762939453,17.5,16816877
2021-06-04,18.0,20.100000381469727,17.5,19.25,114573970
2021-06-07,20.0,22.049999237060547,19.799999237060547,21.5,100276562
2021-06-08,22.5,23.399999618530273,21.450000762939453,21.850000381469727,91512532
2021-06-09,21.950000762939453,22.149999618530273,20.299999237060547,20.549999237060547,40960158
2021-06-10,20.549999237060547,20.899999618530273,19.899999618530273,20.25,21858721
2021-06-11,20.5,20.899999618530273,20.149999618530273,20.700000762939453,20517538
2021-06-14,20.850000381469727,21.899999618530273,20.299999237060547,21.049999237060547,31016976
2021-06-15,21.799999237060547,21.799999237060547,21.0,21.100000381469727,15319292
2021-06-16,21.100000381469727,21.299999237060547,20.450000762939453,20.600000381469727,9014486
2021-06-17,20.149999618530273,21.049999237060547,19.899999618530273,20.100000381469727,11768247
2021-06-18,20.25,20.450000762939453,19.200000762939453,19.700000762939453,9732669
2021-06-21,19.5,23.600000381469727,19.049999237060547,23.600000381469727,65203343
2021-06-22,27.399999618530273,27.399999618530273,24.649999618530273,24.799999237060547,98493849
2021-06-23,25.100000381469727,25.149999618530273,23.399999618530273,23.549999237060547,32084099
2021-06-24,23.600000381469727,23.799999237060547,22.799999237060547,23.100000381469727,20292834
2021-06-25,23.0,25.350000381469727,22.75,24.799999237060547,47560452
2021-06-28,25.299999237060547,26.950000762939453,24.850000381469727,26.450000762939453,66837529
2021-06-29,26.549999237060547,26.700000762939453,25.549999237060547,25.799999237060547,25572725
2021-06-30,26.0,29.0,26.0,28.049999237060547,89616855
2021-07-01,28.350000381469727,28.950000762939453,27.200000762939453,27.350000381469727,44266806
2021-07-02,27.450000762939453,28.399999618530273,27.100000381469727,27.450000762939453,22978061
2021-07-05,27.799999237060547,28.100000381469727,26.899999618530273,27.149999618530273,20969983
2021-07-06,27.200000762939453,27.350000381469727,26.049999237060547,26.200000762939453,17531183
2021-07-07,26.200000762939453,27.450000762939453,26.100000381469727,26.700000762939453,15632447
2021-07-08,26.899999618530273,27.0,26.149999618530273,26.350000381469727,10494076
2021-07-09,26.299999237060547,26.350000381469727,25.850000381469727,26.149999618530273,10059968
2021-07-12,26.350000381469727,26.700000762939453,26.0,26.100000381469727,6765170
2021-07-13,26.350000381469727,27.200000762939453,25.899999618530273,26.700000762939453,23561691
2021-07-14,26.700000762939453,26.799999237060547,24.899999618530273,25.5,14157093
2021-07-15,25.75,26.0,25.200000762939453,25.299999237060547,8118742
2021-07-16,25.450000762939453,25.649999618530273,25.100000381469727,25.25,6072213
2021-07-19,24.950000762939453,25.149999618530273,24.5,24.649999618530273,10458291
2021-07-20,24.200000762939453,24.399999618530273,23.149999618530273,23.350000381469727,15576622
2021-07-22,23.600000381469727,26.0,23.600000381469727,24.5,13314593
2021-07-23,24.600000381469727,26.299999237060547,23.899999618530273,25.75,29854980
2021-07-26,25.75,25.75,24.799999237060547,24.899999618530273,7855559
2021-07-27,24.5,25.350000381469727,24.350000381469727,24.5,8817390
2021-07-28,24.5,24.799999237060547,24.100000381469727,24.299999237060547,8246665
2021-07-29,24.5,24.649999618530273,24.200000762939453,24.299999237060547,6583392
2021-07-30,24.299999237060547,24.950000762939453,24.25,24.450000762939453,7266854
2021-08-02,24.649999618530273,24.75,23.549999237060547,24.049999237060547,9701173
2021-08-03,23.5,24.049999237060547,23.049999237060547,23.350000381469727,19837985
2021-08-04,23.350000381469727,24.0,23.299999237060547,23.450000762939453,9351445
2021-08-05,23.5,23.5,22.149999618530273,22.299999237060547,9501288
2021-08-06,22.299999237060547,22.700000762939453,21.549999237060547,21.700000762939453,10510374
2021-08-09,21.850000381469727,21.950000762939453,20.549999237060547,20.700000762939453,9202779
2021-08-10,20.700000762939453,20.700000762939453,19.600000381469727,19.850000381469727,11642013
2021-08-11,19.850000381469727,19.850000381469727,18.850000381469727,19.350000381469727,9467455
2021-08-12,19.299999237060547,21.649999618530273,19.25,21.299999237060547,21370560
2021-08-13,21.5,21.649999618530273,20.850000381469727,21.0,8343463
2021-08-16,20.950000762939453,21.0,20.149999618530273,20.299999237060547,4993526
2021-08-17,20.299999237060547,20.299999237060547,19.649999618530273,20.0,7057130
2021-08-18,20.0,20.649999618530273,19.799999237060547,20.049999237060547,6519895
2021-08-20,19.649999618530273,20.049999237060547,19.350000381469727,19.549999237060547,5901963
2021-08-23,19.700000762939453,19.950000762939453,18.75,18.899999618530273,6264717
2021-08-24,19.0,19.399999618530273,18.75,19.049999237060547,5174932
2021-08-25,19.200000762939453,19.799999237060547,19.0,19.649999618530273,7599443
2021-08-26,19.5,19.5,19.100000381469727,19.299999237060547,2951066
2021-08-27,19.350000381469727,19.850000381469727,19.149999618530273,19.549999237060547,3885041
2021-08-30,19.899999618530273,19.950000762939453,19.549999237060547,19.700000762939453,3379171
2021-08-31,19.850000381469727,20.450000762939453,19.5,19.600000381469727,6139330
2021-09-01,19.850000381469727,19.950000762939453,19.5,19.649999618530273,6743464
2021-09-02,19.75,19.850000381469727,19.5,19.549999237060547,3315277
2021-09-03,19.600000381469727,20.200000762939453,19.600000381469727,19.75,5532394
2021-09-06,19.850000381469727,20.200000762939453,19.649999618530273,19.75,4302616
2021-09-07,19.850000381469727,19.850000381469727,19.549999237060547,19.600000381469727,2634866
2021-09-08,19.649999618530273,19.850000381469727,19.549999237060547,19.600000381469727,2462285
2021-09-09,19.75,19.950000762939453,19.600000381469727,19.700000762939453,3262501
2021-09-13,19.899999618530273,19.899999618530273,19.5,19.549999237060547,2606874
2021-09-14,19.600000381469727,19.799999237060547,19.600000381469727,19.700000762939453,3472713
2021-09-15,19.799999237060547,20.649999618530273,19.649999618530273,20.200000762939453,8650511
2021-09-16,20.299999237060547,23.5,20.200000762939453,22.75,38601249
2021-09-17,23.149999618530273,23.549999237060547,21.299999237060547,21.850000381469727,22885639
2021-09-20,21.399999618530273,21.399999618530273,20.649999618530273,20.799999237060547,7466265
2021-09-21,20.700000762939453,21.200000762939453,20.200000762939453,20.799999237060547,5325583
2021-09-22,20.799999237060547,21.100000381469727,20.350000381469727,20.600000381469727,4944739
2021-09-23,20.799999237060547,21.0,20.5,20.600000381469727,3645743
2021-09-24,20.75,20.850000381469727,20.299999237060547,20.399999618530273,2521820
2021-09-27,20.649999618530273,20.649999618530273,20.0,20.049999237060547,3850492
2021-09-28,20.399999618530273,20.649999618530273,20.100000381469727,20.350000381469727,5802907
2021-09-29,20.299999237060547,21.299999237060547,20.149999618530273,20.450000762939453,9039717
2021-09-30,23.75,24.5,22.5,22.75,79444681
2021-10-01,22.5,22.799999237060547,22.100000381469727,22.5,16309386
2021-10-04,22.799999237060547,22.850000381469727,22.299999237060547,22.350000381469727,6420080
2021-10-05,22.350000381469727,23.100000381469727,22.25,22.399999618530273,8981233
2021-10-06,22.549999237060547,22.75,21.850000381469727,22.0,6048574
2021-10-07,22.25,22.350000381469727,21.950000762939453,22.0,4353326
2021-10-08,22.149999618530273,22.700000762939453,22.0,22.450000762939453,7618782
2021-10-11,22.600000381469727,22.700000762939453,22.149999618530273,22.25,6879103
2021-10-12,22.350000381469727,23.600000381469727,22.100000381469727,23.200000762939453,19964362
2021-10-13,23.299999237060547,23.600000381469727,22.5,22.649999618530273,14745223
2021-10-14,22.75,23.049999237060547,22.600000381469727,22.700000762939453,6565612
2021-10-18,22.850000381469727,23.399999618530273,22.700000762939453,22.899999618530273,10473701
2021-10-19,23.0,23.149999618530273,21.600000381469727,21.799999237060547,9201814
2021-10-20,21.799999237060547,21.950000762939453,21.149999618530273,21.299999237060547,10347139
2021-10-21,21.549999237060547,22.25,21.350000381469727,21.850000381469727,11981295
2021-10-22,21.950000762939453,22.149999618530273,21.450000762939453,21.649999618530273,6171215
2021-10-25,21.850000381469727,22.200000762939453,21.450000762939453,21.700000762939453,7362894
2021-10-26,21.799999237060547,22.450000762939453,21.75,22.200000762939453,8394498
2021-10-27,22.350000381469727,23.100000381469727,22.149999618530273,22.5,25304155
2021-10-28,22.700000762939453,22.950000762939453,21.049999237060547,21.399999618530273,12091627
2021-10-29,21.600000381469727,21.600000381469727,20.799999237060547,21.25,6904419
2021-11-01,21.350000381469727,21.600000381469727,21.149999618530273,21.399999618530273,3713694
2021-11-02,21.450000762939453,21.700000762939453,21.350000381469727,21.5,4709867
2021-11-03,21.549999237060547,21.649999618530273,21.100000381469727,21.149999618530273,4294608
2021-11-04,21.25,21.450000762939453,21.200000762939453,21.350000381469727,676558
2021-11-08,21.350000381469727,21.549999237060547,21.149999618530273,21.350000381469727,4503625
2021-11-09,21.5,21.799999237060547,21.200000762939453,21.549999237060547,6118434
2021-11-10,21.399999618530273,21.899999618530273,21.25,21.649999618530273,5753206
2021-11-11,21.700000762939453,21.700000762939453,21.299999237060547,21.399999618530273,2466607
2021-11-12,21.450000762939453,21.600000381469727,21.200000762939453,21.299999237060547,2455144
2021-11-15,21.299999237060547,21.450000762939453,20.950000762939453,21.049999237060547,2391378
2021-11-16,21.200000762939453,21.200000762939453,20.899999618530273,20.950000762939453,1416695
2021-11-17,20.850000381469727,21.350000381469727,20.799999237060547,20.899999618530273,2765522
2021-11-18,21.0,21.100000381469727,20.549999237060547,20.649999618530273,3768291
2021-11-22,20.25,20.549999237060547,19.549999237060547,19.799999237060547,4497096
2021-11-23,19.700000762939453,20.200000762939453,19.450000762939453,19.799999237060547,4935375
2021-11-24,22.049999237060547,23.299999237060547,21.899999618530273,22.5,45421646
2021-11-25,23.0,23.100000381469727,21.75,22.399999618530273,17350371
2021-11-26,22.149999618530273,22.149999618530273,21.350000381469727,21.549999237060547,8657383
2021-11-29,21.5,21.5,20.799999237060547,20.950000762939453,6040855
2021-11-30,20.950000762939453,21.399999618530273,20.600000381469727,20.850000381469727,4789153
2021-12-01,21.0,21.200000762939453,20.799999237060547,21.0,3789148
2021-12-02,20.950000762939453,21.100000381469727,20.799999237060547,20.950000762939453,3721262
2021-12-03,21.049999237060547,21.25,20.899999618530273,21.100000381469727,3863680
2021-12-06,21.200000762939453,21.25,20.549999237060547,20.700000762939453,4288342
2021-12-07,20.899999618530273,21.049999237060547,20.799999237060547,20.950000762939453,2987063
2021-12-08,21.0,21.299999237060547,21.0,21.100000381469727,3469901
2021-12-09,21.200000762939453,22.299999237060547,20.899999618530273,21.75,8429677
2021-12-10,21.799999237060547,23.299999237060547,21.600000381469727,22.850000381469727,13570112
2021-12-13,23.399999618530273,23.399999618530273,22.200000762939453,22.399999618530273,7995685
2021-12-14,22.049999237060547,22.200000762939453,21.600000381469727,21.649999618530273,7861100
2021-12-15,21.700000762939453,21.899999618530273,21.5,21.549999237060547,3701638
2021-12-16,21.700000762939453,21.75,20.899999618530273,21.100000381469727,4373856
2021-12-17,20.850000381469727,21.0,20.549999237060547,20.700000762939453,4284142
2021-12-20,20.399999618530273,20.649999618530273,19.600000381469727,20.149999618530273,8003715
2021-12-21,20.200000762939453,20.75,20.100000381469727,20.149999618530273,4266223
2021-12-22,20.200000762939453,20.399999618530273,20.049999237060547,20.149999618530273,3323019
2021-12-23,20.350000381469727,20.600000381469727,20.100000381469727,20.200000762939453,4213038
2021-12-24,20.200000762939453,21.850000381469727,19.950000762939453,20.799999237060547,11675536
2021-12-27,20.649999618530273,20.75,20.149999618530273,20.5,5777778
2021-12-28,20.549999237060547,20.850000381469727,20.450000762939453,20.600000381469727,4497043
2021-12-29,20.549999237060547,20.75,20.350000381469727,20.5,4069722
2021-12-30,20.450000762939453,20.649999618530273,20.25,20.350000381469727,3349082
2021-12-31,20.399999618530273,20.649999618530273,20.350000381469727,20.350000381469727,4314176
2022-01-03,20.399999618530273,20.850000381469727,20.399999618530273,20.549999237060547,5005738
2022-01-04,20.700000762939453,20.700000762939453,20.399999618530273,20.5,4107683
2022-01-05,20.5,21.100000381469727,20.450000762939453,20.649999618530273,6086817
2022-01-06,20.5,20.850000381469727,20.299999237060547,20.75,5471703
2022-01-07,20.75,21.100000381469727,20.399999618530273,20.600000381469727,5365176
2022-01-10,20.75,21.950000762939453,20.649999618530273,21.25,15307757
2022-01-11,21.350000381469727,21.350000381469727,20.850000381469727,20.950000762939453,3911578
2022-01-12,21.0,21.100000381469727,20.850000381469727,20.950000762939453,3723305
2022-01-13,21.049999237060547,21.399999618530273,20.700000762939453,21.100000381469727,4949208
2022-01-14,20.950000762939453,21.299999237060547,20.850000381469727,20.899999618530273,3825577
2022-01-17,20.899999618530273,21.100000381469727,20.850000381469727,20.899999618530273,2418645
2022-01-18,20.950000762939453,21.049999237060547,20.5,20.549999237060547,3329400
2022-01-19,20.549999237060547,21.049999237060547,20.350000381469727,20.899999618530273,4606889
2022-01-20,20.899999618530273,20.950000762939453,20.549999237060547,20.600000381469727,2401832
2022-01-21,20.5,20.600000381469727,20.299999237060547,20.399999618530273,2374804
2022-01-24,20.450000762939453,20.600000381469727,19.899999618530273,20.049999237060547,3453279
2022-01-25,19.5,20.799999237060547,19.5,20.25,4854091
2022-01-27,20.0,21.100000381469727,19.950000762939453,20.899999618530273,7150235
2022-01-28,21.200000762939453,21.5,20.899999618530273,21.200000762939453,7727791
2022-01-31,21.25,21.649999618530273,21.200000762939453,21.399999618530273,4391862
2022-02-01,21.799999237060547,21.950000762939453,20.049999237060547,20.799999237060547,7948546
2022-02-02,21.100000381469727,21.899999618530273,21.0,21.649999618530273,18461692
2022-02-03,21.850000381469727,22.350000381469727,21.450000762939453,21.549999237060547,14776542
2022-02-04,21.549999237060547,21.649999618530273,20.950000762939453,21.049999237060547,4102521
2022-02-07,21.0,21.5,20.799999237060547,21.0,5395835
2022-02-08,21.100000381469727,21.149999618530273,20.450000762939453,20.649999618530273,5698019
2022-02-09,20.850000381469727,20.899999618530273,20.399999618530273,20.5,2496500
2022-02-10,20.549999237060547,20.649999618530273,20.399999618530273,20.600000381469727,3123804
2022-02-11,20.450000762939453,20.600000381469727,20.25,20.299999237060547,1900007
2022-02-14,20.0,20.100000381469727,19.049999237060547,19.25,5422055
2022-02-15,19.299999237060547,19.600000381469727,19.049999237060547,19.5,3386252
2022-02-16,19.600000381469727,19.950000762939453,19.600000381469727,19.649999618530273,2228733
2022-02-17,19.799999237060547,19.850000381469727,19.299999237060547,19.399999618530273,1835640
2022-02-18,19.299999237060547,19.450000762939453,19.100000381469727,19.200000762939453,1407247
2022-02-21,19.100000381469727,19.200000762939453,18.75,18.799999237060547,2360405
2022-02-22,18.549999237060547,18.649999618530273,18.149999618530273,18.299999237060547,2755681
2022-02-23,18.399999618530273,18.899999618530273,18.399999618530273,18.649999618530273,2070638
2022-02-24,18.049999237060547,18.25,16.600000381469727,16.850000381469727,6437314
2022-02-25,17.5,18.600000381469727,17.25,17.549999237060547,7314237
2022-02-28,17.799999237060547,18.0,17.299999237060547,17.649999618530273,4970667
2022-03-02,17.5,17.850000381469727,17.399999618530273,17.75,3608950
2022-03-03,17.850000381469727,18.149999618530273,17.799999237060547,17.899999618530273,2196726
2022-03-04,17.75,18.0,17.649999618530273,17.75,2896413
2022-03-07,17.649999618530273,17.649999618530273,17.049999237060547,17.350000381469727,3084696
2022-03-08,17.399999618530273,17.75,17.350000381469727,17.450000762939453,2644235
2022-03-09,17.649999618530273,18.0,17.5,17.899999618530273,1845302
2022-03-10,18.200000762939453,18.600000381469727,18.100000381469727,18.350000381469727,2922891
2022-03-11,18.350000381469727,18.549999237060547,18.200000762939453,18.299999237060547,1546222
2022-03-14,18.450000762939453,18.450000762939453,18.0,18.100000381469727,1985061
2022-03-15,18.149999618530273,18.299999237060547,17.850000381469727,17.899999618530273,1836139
2022-03-16,18.049999237060547,18.149999618530273,17.850000381469727,17.950000762939453,1608086
2022-03-17,18.100000381469727,18.100000381469727,17.950000762939453,18.0,1864424
2022-03-21,18.5,18.649999618530273,18.149999618530273,18.25,4292590
2022-03-22,18.350000381469727,18.350000381469727,18.100000381469727,18.200000762939453,1511834
2022-03-23,18.350000381469727,18.600000381469727,17.899999618530273,17.950000762939453,3558800
2022-03-24,17.899999618530273,18.049999237060547,17.850000381469727,17.899999618530273,2510432
2022-03-25,18.0,18.049999237060547,17.799999237060547,17.899999618530273,1821371
2022-03-28,17.950000762939453,17.950000762939453,17.600000381469727,17.649999618530273,2442129
2022-03-29,17.700000762939453,17.799999237060547,17.100000381469727,17.200000762939453,2717584
2022-03-30,17.399999618530273,19.950000762939453,17.25,18.950000762939453,6066845
2022-03-31,18.549999237060547,18.899999618530273,18.100000381469727,18.149999618530273,4998753
2022-04-01,17.799999237060547,18.75,17.799999237060547,18.549999237060547,3698003
2022-04-04,18.450000762939453,19.0,18.450000762939453,18.899999618530273,3053864
2022-04-05,18.850000381469727,19.200000762939453,18.850000381469727,18.950000762939453,2692701
2022-04-06,18.950000762939453,19.600000381469727,18.75,19.399999618530273,4980177
2022-04-07,19.600000381469727,20.200000762939453,19.299999237060547,19.450000762939453,8303496
2022-04-08,19.600000381469727,19.700000762939453,19.299999237060547,19.350000381469727,2484032
2022-04-11,19.200000762939453,19.450000762939453,19.100000381469727,19.200000762939453,1909995
2022-04-12,19.100000381469727,19.149999618530273,18.649999618530273,18.950000762939453,2245165
2022-04-13,19.100000381469727,19.200000762939453,18.899999618530273,18.950000762939453,1783673
2022-04-18,18.799999237060547,18.850000381469727,18.549999237060547,18.700000762939453,1258652
2022-04-19,18.850000381469727,19.200000762939453,18.399999618530273,18.600000381469727,2845025
2022-04-20,18.700000762939453,18.899999618530273,18.600000381469727,18.700000762939453,1502071
2022-04-21,18.75,18.899999618530273,18.700000762939453,18.799999237060547,1330405
2022-04-22,18.700000762939453,19.049999237060547,18.600000381469727,18.700000762939453,1577011
2022-04-25,18.600000381469727,18.600000381469727,18.25,18.299999237060547,1042768
2022-04-26,18.399999618530273,18.600000381469727,18.299999237060547,18.450000762939453,1672955
2022-04-27,18.450000762939453,18.5,18.25,18.299999237060547,1218253
2022-04-28,18.799999237060547,18.799999237060547,18.25,18.350000381469727,1750455
2022-04-29,18.5,18.549999237060547,18.049999237060547,18.25,1460978
2022-05-02,18.100000381469727,18.350000381469727,18.049999237060547,18.100000381469727,1511599
2022-05-04,18.0,18.200000762939453,17.799999237060547,17.850000381469727,1647921
2022-05-05,17.950000762939453,18.450000762939453,17.399999618530273,17.600000381469727,2154635
2022-05-06,17.450000762939453,17.799999237060547,17.25,17.5,1747276
2022-05-09,17.700000762939453,17.75,17.149999618530273,17.200000762939453,1548404
2022-05-10,17.100000381469727,17.350000381469727,16.700000762939453,16.899999618530273,1791152
2022-05-11,16.899999618530273,17.100000381469727,16.200000762939453,16.399999618530273,2064489
2022-05-12,16.299999237060547,16.350000381469727,15.25,15.949999809265137,1757340
2022-05-13,16.399999618530273,16.549999237060547,15.850000381469727,16.0,2115060
2022-05-16,16.5,16.700000762939453,16.25,16.450000762939453,1310533
2022-05-17,16.700000762939453,17.25,16.549999237060547,17.0,1421869
2022-05-18,17.399999618530273,17.899999618530273,17.299999237060547,17.549999237060547,7256734
2022-05-19,17.549999237060547,17.549999237060547,16.899999618530273,17.100000381469727,2942416
2022-05-20,17.350000381469727,17.350000381469727,17.100000381469727,17.25,1704234
2022-05-23,17.299999237060547,17.399999618530273,16.899999618530273,16.899999618530273,1221615
2022-05-24,16.899999618530273,17.0,16.549999237060547,16.649999618530273,846506
2022-05-25,16.649999618530273,16.75,15.850000381469727,15.949999809265137,2906983
2022-05-26,16.899999618530273,17.399999618530273,16.299999237060547,17.0,7085512
2022-05-27,17.299999237060547,17.549999237060547,17.0,17.450000762939453,3148233
2022-05-30,17.75,18.399999618530273,17.399999618530273,18.25,4284486
2022-05-31,18.450000762939453,18.799999237060547,18.200000762939453,18.299999237060547,4052376
2022-06-01,18.350000381469727,18.5,17.899999618530273,18.0,2155096
2022-06-02,18.0,18.100000381469727,17.850000381469727,17.899999618530273,1339815
2022-06-03,18.049999237060547,18.149999618530273,17.5,17.549999237060547,1037307
2022-06-06,17.549999237060547,17.700000762939453,17.350000381469727,17.399999618530273,1198234
2022-06-07,17.149999618530273,17.5,17.149999618530273,17.299999237060547,1089108
2022-06-08,17.399999618530273,17.549999237060547,17.149999618530273,17.200000762939453,926358
2022-06-09,17.200000762939453,17.299999237060547,17.049999237060547,17.200000762939453,695134
2022-06-10,17.0,17.450000762939453,17.0,17.25,1288255
2022-06-13,17.0,17.149999618530273,16.799999237060547,16.850000381469727,1192975
2022-06-14,16.600000381469727,16.950000762939453,16.549999237060547,16.649999618530273,1345861
2022-06-15,16.600000381469727,16.850000381469727,16.600000381469727,16.700000762939453,779053
2022-06-16,16.950000762939453,17.25,16.0,16.149999618530273,2921285
2022-06-17,16.100000381469727,16.149999618530273,15.649999618530273,15.949999809265137,1968118
2022-06-20,15.850000381469727,16.0,15.25,15.350000381469727,1523828
2022-06-21,15.399999618530273,16.0,15.399999618530273,15.850000381469727,1199451
2022-06-22,15.75,16.950000762939453,15.649999618530273,16.700000762939453,4986647
2022-06-23,16.799999237060547,16.899999618530273,16.299999237060547,16.5,1386765
2022-06-24,16.450000762939453,17.100000381469727,16.350000381469727,16.950000762939453,1855009
2022-06-27,16.850000381469727,17.299999237060547,16.700000762939453,16.799999237060547,1165094
2022-06-28,16.799999237060547,17.399999618530273,16.649999618530273,16.899999618530273,1807324
2022-06-29,16.799999237060547,16.950000762939453,16.600000381469727,16.649999618530273,812316
2022-06-30,16.600000381469727,16.799999237060547,16.399999618530273,16.450000762939453,615562
2022-07-01,16.450000762939453,16.799999237060547,16.100000381469727,16.549999237060547,718064
2022-07-04,16.649999618530273,17.600000381469727,16.549999237060547,17.399999618530273,3042580
2022-07-05,18.049999237060547,18.600000381469727,17.0,17.700000762939453,10715725
2022-07-06,17.649999618530273,17.649999618530273,17.25,17.399999618530273,1430247
2022-07-07,17.600000381469727,17.75,17.399999618530273,17.5,1427282
2022-07-08,17.649999618530273,17.75,17.25,17.350000381469727,921389
2022-07-11,17.299999237060547,18.950000762939453,17.200000762939453,17.850000381469727,4331337
2022-07-12,17.549999237060547,18.200000762939453,17.549999237060547,17.75,2180617
2022-07-13,17.950000762939453,18.049999237060547,17.5,17.75,1186575
2022-07-14,17.75,17.799999237060547,17.149999618530273,17.200000762939453,1634310
2022-07-15,17.299999237060547,17.399999618530273,17.149999618530273,17.299999237060547,835670
2022-07-18,17.399999618530273,17.600000381469727,17.200000762939453,17.25,2039604
2022-07-19,17.25,17.5,17.25,17.350000381469727,1293890
2022-07-20,17.5,17.600000381469727,17.25,17.350000381469727,1228522
2022-07-21,17.350000381469727,18.049999237060547,17.299999237060547,17.950000762939453,3210484
2022-07-22,18.0,18.200000762939453,17.5,17.600000381469727,1633096
2022-07-25,17.549999237060547,17.600000381469727,17.299999237060547,17.399999618530273,1005063
2022-07-26,17.350000381469727,17.450000762939453,17.100000381469727,17.200000762939453,813007
2022-07-27,17.100000381469727,17.299999237060547,17.049999237060547,17.149999618530273,926646
2022-07-28,17.25,17.450000762939453,17.149999618530273,17.149999618530273,1011047
2022-07-29,17.299999237060547,17.399999618530273,17.149999618530273,17.299999237060547,992384
2022-08-01,17.299999237060547,17.700000762939453,17.25,17.350000381469727,2101043
2022-08-02,17.350000381469727,18.049999237060547,17.299999237060547,17.899999618530273,5727546
2022-08-03,18.049999237060547,18.299999237060547,17.75,17.950000762939453,3172206
2022-08-04,18.100000381469727,18.200000762939453,17.649999618530273,17.75,1862362
2022-08-05,18.0,18.200000762939453,17.75,17.799999237060547,1833465
2022-08-08,18.200000762939453,18.200000762939453,17.75,17.799999237060547,2668838
2022-08-10,17.850000381469727,17.899999618530273,17.5,17.549999237060547,1410794
2022-08-11,17.600000381469727,17.799999237060547,17.450000762939453,17.5,1453413
2022-08-12,17.450000762939453,17.649999618530273,17.399999618530273,17.450000762939453,1269462
2022-08-16,17.549999237060547,17.649999618530273,17.450000762939453,17.450000762939453,909464
2022-08-17,17.450000762939453,17.850000381469727,17.450000762939453,17.799999237060547,2445939
2022-08-18,17.75,18.100000381469727,17.700000762939453,17.850000381469727,3955807
2022-08-19,17.899999618530273,17.950000762939453,17.399999618530273,17.450000762939453,1925567
2022-08-22,17.649999618530273,17.899999618530273,17.100000381469727,17.200000762939453,2548233
2022-08-23,17.100000381469727,17.350000381469727,17.049999237060547,17.200000762939453,1525480
2022-08-24,17.200000762939453,17.350000381469727,17.100000381469727,17.149999618530273,1848781
2022-08-25,17.299999237060547,18.399999618530273,17.200000762939453,17.850000381469727,13777085
2022-08-26,18.0,18.350000381469727,17.700000762939453,17.850000381469727,5079041
2022-08-29,17.399999618530273,17.899999618530273,17.299999237060547,17.799999237060547,2926423
2022-08-30,17.850000381469727,18.149999618530273,17.850000381469727,17.950000762939453,2019558
2022-09-01,17.799999237060547,18.100000381469727,17.75,17.899999618530273,1882501
2022-09-02,18.0,18.049999237060547,17.549999237060547,17.649999618530273,1679457
2022-09-05,17.700000762939453,18.049999237060547,17.649999618530273,17.799999237060547,2237486
2022-09-06,17.950000762939453,18.799999237060547,17.899999618530273,18.450000762939453,8506487
2022-09-07,18.350000381469727,18.549999237060547,18.200000762939453,18.350000381469727,3056455
2022-09-08,18.450000762939453,19.299999237060547,18.450000762939453,18.850000381469727,7130410
2022-09-09,18.950000762939453,19.149999618530273,18.549999237060547,18.700000762939453,5742415
2022-09-12,18.850000381469727,19.100000381469727,18.75,19.049999237060547,4493668
2022-09-13,19.100000381469727,19.25,18.850000381469727,18.899999618530273,2418818
2022-09-14,18.5,19.299999237060547,18.399999618530273,19.100000381469727,7757342
2022-09-15,19.350000381469727,19.700000762939453,19.0,19.100000381469727,5767935
2022-09-16,19.049999237060547,19.149999618530273,18.299999237060547,18.450000762939453,4498561
2022-09-19,18.5,18.799999237060547,18.149999618530273,18.450000762939453,3616872
2022-09-20,18.549999237060547,19.0,18.5,18.950000762939453,4131587
2022-09-21,19.5,19.799999237060547,18.549999237060547,18.649999618530273,7387390
2022-09-22,18.600000381469727,18.75,18.399999618530273,18.450000762939453,2936299
2022-09-23,18.450000762939453,18.549999237060547,17.700000762939453,17.799999237060547,3029153
2022-09-26,17.75,17.75,16.899999618530273,17.100000381469727,3371307
2022-09-27,17.25,17.450000762939453,16.799999237060547,16.899999618530273,2713862
2022-09-28,16.950000762939453,17.25,16.899999618530273,16.950000762939453,2805774
2022-09-29,17.25,17.600000381469727,16.799999237060547,17.25,3367028
2022-09-30,17.25,17.75,17.100000381469727,17.5,3319575
2022-10-03,17.5,17.600000381469727,17.299999237060547,17.450000762939453,1613836
2022-10-04,17.600000381469727,17.799999237060547,17.600000381469727,17.649999618530273,2126077
2022-10-06,17.75,17.899999618530273,17.700000762939453,17.75,2055780
2022-10-07,17.75,17.75,17.450000762939453,17.549999237060547,1813725
2022-10-10,17.450000762939453,17.899999618530273,17.350000381469727,17.5,2201624
2022-10-11,17.549999237060547,17.600000381469727,17.25,17.299999237060547,1112410
2022-10-12,17.399999618530273,17.450000762939453,17.100000381469727,17.200000762939453,1894381
2022-10-13,17.200000762939453,17.299999237060547,17.049999237060547,17.149999618530273,1016136
2022-10-14,17.399999618530273,17.450000762939453,17.049999237060547,17.149999618530273,1232300
2022-10-17,17.200000762939453,17.399999618530273,17.100000381469727,17.200000762939453,1429711
2022-10-18,17.299999237060547,17.700000762939453,17.200000762939453,17.5,3020397
2022-10-19,17.600000381469727,17.700000762939453,17.450000762939453,17.649999618530273,2962917
2022-10-20,17.600000381469727,17.75,17.399999618530273,17.649999618530273,2431943
2022-10-21,17.649999618530273,18.25,17.649999618530273,17.799999237060547,4791404
2022-10-24,18.350000381469727,18.350000381469727,18.0,18.049999237060547,876084
2022-10-25,18.100000381469727,19.450000762939453,17.850000381469727,19.149999618530273,13019044
2022-10-27,19.25,19.700000762939453,18.950000762939453,19.0,7615161
2022-10-28,19.0,19.200000762939453,18.549999237060547,18.700000762939453,3819792
2022-10-31,18.799999237060547,18.950000762939453,18.299999237060547,18.549999237060547,2862023
2022-11-01,18.549999237060547,18.950000762939453,18.5,18.75,2663251
2022-11-02,18.850000381469727,18.899999618530273,18.600000381469727,18.75,2258761
2022-11-03,18.649999618530273,19.450000762939453,18.450000762939453,19.399999618530273,9114768
2022-11-04,19.399999618530273,22.0,19.399999618530273,21.700000762939453,58792938
2022-11-07,22.399999618530273,22.600000381469727,20.75,21.049999237060547,27712035
2022-11-09,21.200000762939453,22.149999618530273,20.799999237060547,21.899999618530273,26261998
2022-11-10,21.899999618530273,21.899999618530273,20.700000762939453,20.850000381469727,12436710
2022-11-11,21.25,21.549999237060547,20.549999237060547,20.649999618530273,10521998
2022-11-14,20.700000762939453,20.75,20.200000762939453,20.350000381469727,5083627
2022-11-15,20.350000381469727,20.5,19.75,19.850000381469727,6761915
2022-11-16,19.850000381469727,20.399999618530273,19.850000381469727,20.100000381469727,8571821
2022-11-17,20.0,20.549999237060547,19.950000762939453,20.25,5149822
2022-11-18,20.350000381469727,21.600000381469727,20.299999237060547,21.350000381469727,34221151
2022-11-21,21.5,23.75,21.299999237060547,23.450000762939453,81532890
2022-11-22,23.700000762939453,24.850000381469727,23.149999618530273,23.700000762939453,54130331
2022-11-23,23.899999618530273,24.049999237060547,22.799999237060547,23.100000381469727,23495275
2022-11-24,23.149999618530273,23.549999237060547,21.850000381469727,22.049999237060547,24884815
2022-11-25,22.399999618530273,23.649999618530273,22.25,22.799999237060547,35012391
2022-11-28,23.0,23.5,22.649999618530273,22.899999618530273,13002142
2022-11-29,22.950000762939453,23.200000762939453,22.399999618530273,22.450000762939453,13334834
2022-11-30,22.600000381469727,22.799999237060547,22.0,22.100000381469727,8661442
2022-12-01,22.25,23.0,21.899999618530273,22.799999237060547,14312032
2022-12-02,22.950000762939453,23.350000381469727,22.600000381469727,22.950000762939453,14906223
2022-12-05,23.0,23.399999618530273,22.0,22.350000381469727,23394867
2022-12-06,22.299999237060547,23.200000762939453,22.25,23.0,27932549
2022-12-07,23.200000762939453,24.5,23.049999237060547,24.049999237060547,64214129
2022-12-08,24.299999237060547,26.049999237060547,24.200000762939453,25.600000381469727,71372420
2022-12-09,26.200000762939453,27.649999618530273,24.899999618530273,25.799999237060547,121572385
2022-12-12,25.75,27.350000381469727,24.75,26.850000381469727,50257384
2022-12-13,27.399999618530273,31.5,27.0,30.850000381469727,178535400
2022-12-14,31.100000381469727,33.599998474121094,29.5,32.45000076293945,229346935
2022-12-15,32.0,36.45000076293945,31.700000762939453,34.75,284921015
2022-12-16,35.0,36.70000076293945,32.70000076293945,33.400001525878906,212408661
2022-12-19,33.599998474121094,34.849998474121094,32.20000076293945,32.849998474121094,115915554
2022-12-20,32.79999923706055,33.099998474121094,30.350000381469727,30.850000381469727,84286831
2022-12-21,31.25,34.20000076293945,30.799999237060547,31.350000381469727,240363880
2022-12-22,33.0,33.54999923706055,30.100000381469727,30.700000762939453,149381287
2022-12-23,29.850000381469727,29.950000762939453,25.850000381469727,26.200000762939453,143595581
2022-12-26,26.799999237060547,31.399999618530273,24.799999237060547,31.200000762939453,205643098
2022-12-27,32.45000076293945,34.20000076293945,31.350000381469727,33.29999923706055,289659715
2022-12-28,32.900001525878906,34.0,31.399999618530273,32.150001525878906,252845016
2022-12-29,31.299999237060547,32.349998474121094,30.600000381469727,31.399999618530273,137966865
2022-12-30,32.5,33.20000076293945,31.799999237060547,32.099998474121094,106074380
2023-01-02,32.400001525878906,32.900001525878906,31.5,31.799999237060547,82604559
2023-01-03,32.04999923706055,33.150001525878906,31.950000762939453,32.25,83056738
2023-01-04,32.5,32.599998474121094,31.25,31.75,62289502
2023-01-05,32.0,32.29999923706055,31.149999618530273,31.549999237060547,53331692
2023-01-06,31.700000762939453,31.850000381469727,30.649999618530273,30.950000762939453,50688438
2023-01-09,31.350000381469727,31.399999618530273,30.649999618530273,30.850000381469727,37793841
2023-01-10,30.549999237060547,30.700000762939453,29.399999618530273,29.649999618530273,37046511
2023-01-11,29.75,30.700000762939453,28.799999237060547,30.100000381469727,70805251
2023-01-12,30.25,30.450000762939453,29.649999618530273,29.799999237060547,37188544
2023-01-13,29.850000381469727,30.350000381469727,29.399999618530273,30.049999237060547,37276675
2023-01-16,30.200000762939453,32.79999923706055,30.100000381469727,32.20000076293945,108496271
2023-01-17,32.599998474121094,33.099998474121094,31.149999618530273,31.450000762939453,69030965
2023-01-18,31.450000762939453,31.700000762939453,30.799999237060547,31.0,31844523
2023-01-19,30.899999618530273,31.549999237060547,30.450000762939453,31.200000762939453,31298192
2023-01-20,31.350000381469727,31.700000762939453,30.600000381469727,30.850000381469727,19336543
2023-01-23,30.899999618530273,31.100000381469727,30.0,30.25,16834101
2023-01-24,30.299999237060547,30.399999618530273,28.75,29.149999618530273,18887539
2023-01-25,29.0,29.350000381469727,28.350000381469727,28.600000381469727,20899101
2023-01-27,28.700000762939453,28.799999237060547,26.649999618530273,27.200000762939453,27373779
2023-01-30,26.350000381469727,28.149999618530273,26.200000762939453,27.049999237060547,46745313
2023-01-31,27.299999237060547,28.950000762939453,26.75,28.450000762939453,39961268
2023-02-01,29.100000381469727,29.350000381469727,25.950000762939453,27.200000762939453,44409466
2023-02-02,27.25,27.649999618530273,26.5,26.75,26670198
2023-02-03,27.100000381469727,27.299999237060547,25.850000381469727,26.75,27398246
2023-02-06,26.75,27.100000381469727,26.299999237060547,26.450000762939453,20545603
2023-02-07,26.649999618530273,26.700000762939453,26.049999237060547,26.149999618530273,17928328
2023-02-08,26.25,27.25,26.200000762939453,26.899999618530273,19879995
2023-02-09,27.100000381469727,28.299999237060547,26.700000762939453,27.200000762939453,22806534
2023-02-10,27.200000762939453,28.700000762939453,27.049999237060547,27.25,40290567
2023-02-13,27.399999618530273,27.450000762939453,26.299999237060547,26.600000381469727,13123484
2023-02-14,26.75,26.75,25.899999618530273,26.100000381469727,11858928
2023-02-15,26.100000381469727,26.5,25.950000762939453,26.149999618530273,11321969
2023-02-16,26.399999618530273,26.399999618530273,25.899999618530273,26.049999237060547,8266699
2023-02-17,26.049999237060547,26.100000381469727,25.549999237060547,25.700000762939453,7325554
2023-02-20,25.799999237060547,25.799999237060547,25.0,25.200000762939453,7847529
2023-02-21,25.200000762939453,25.200000762939453,24.600000381469727,24.75,10302156
2023-02-22,24.399999618530273,25.350000381469727,24.100000381469727,24.25,16144970
2023-02-23,24.399999618530273,25.299999237060547,23.799999237060547,24.75,14928164
2023-02-24,25.0,25.149999618530273,23.899999618530273,24.200000762939453,10820263
2023-02-27,23.799999237060547,24.149999618530273,23.350000381469727,23.850000381469727,19685292
2023-02-28,23.850000381469727,24.5,23.649999618530273,24.299999237060547,16894335
2023-03-01,24.299999237060547,25.049999237060547,24.049999237060547,24.899999618530273,14111159
2023-03-02,24.850000381469727,25.299999237060547,24.299999237060547,24.399999618530273,13902623
2023-03-03,24.549999237060547,26.049999237060547,24.549999237060547,25.850000381469727,26667465
2023-03-06,26.100000381469727,26.350000381469727,25.149999618530273,25.350000381469727,14923351
2023-03-08,25.299999237060547,25.299999237060547,24.850000381469727,25.100000381469727,9466409
2023-03-09,25.25,25.399999618530273,24.799999237060547,24.899999618530273,8769516
2023-03-10,24.75,24.850000381469727,24.25,24.649999618530273,7366175
2023-03-13,24.299999237060547,24.700000762939453,23.600000381469727,23.799999237060547,8179523
2023-03-14,23.799999237060547,24.0,22.649999618530273,22.850000381469727,14780237
2023-03-15,23.600000381469727,23.700000762939453,22.850000381469727,23.049999237060547,9171565
2023-03-16,22.950000762939453,23.299999237060547,22.350000381469727,23.100000381469727,14093275
2023-03-17,23.700000762939453,23.700000762939453,22.700000762939453,23.0,11053550
2023-03-20,23.0,23.5,21.600000381469727,22.850000381469727,9277864
2023-03-21,23.0,23.350000381469727,22.75,23.100000381469727,8752098
2023-03-22,23.0,23.850000381469727,23.0,23.25,8708689
2023-03-23,23.100000381469727,23.299999237060547,22.799999237060547,22.950000762939453,6204349
2023-03-24,22.950000762939453,23.100000381469727,22.049999237060547,22.299999237060547,6633580
2023-03-27,22.299999237060547,22.350000381469727,21.399999618530273,21.600000381469727,6800611
2023-03-28,21.75,21.899999618530273,20.850000381469727,21.100000381469727,8279067
2023-03-29,21.100000381469727,23.0,20.899999618530273,22.75,19039498
2023-03-31,22.950000762939453,23.149999618530273,22.100000381469727,22.450000762939453,10923350
2023-04-03,22.600000381469727,23.450000762939453,22.25,23.200000762939453,12032267
2023-04-05,23.25,23.25,22.700000762939453,22.850000381469727,5869098
2023-04-06,22.799999237060547,23.5,22.600000381469727,22.899999618530273,10143533
2023-04-10,22.899999618530273,23.100000381469727,22.5,22.649999618530273,5319021
2023-04-11,22.799999237060547,23.5,22.75,23.0,10812623
2023-04-12,23.049999237060547,23.200000762939453,22.75,22.799999237060547,4228768
2023-04-13,22.850000381469727,23.799999237060547,22.75,23.549999237060547,11211148
2023-04-17,23.75,24.850000381469727,23.450000762939453,24.5,26129709
2023-04-18,24.5,24.75,23.899999618530273,24.200000762939453,17256404
2023-04-19,24.0,24.950000762939453,24.0,24.049999237060547,13872642
2023-04-20,24.200000762939453,24.200000762939453,23.700000762939453,23.850000381469727,6491996
2023-04-21,23.700000762939453,23.899999618530273,23.149999618530273,23.350000381469727,6376538
2023-04-24,23.549999237060547,24.399999618530273,23.299999237060547,24.200000762939453,12798662
2023-04-25,24.399999618530273,24.850000381469727,24.149999618530273,24.350000381469727,16951271
2023-04-26,24.299999237060547,24.75,24.100000381469727,24.5,10839626
2023-04-27,24.700000762939453,25.350000381469727,24.549999237060547,24.700000762939453,18369111
2023-04-28,24.899999618530273,26.0,24.899999618530273,25.799999237060547,28140229
2023-05-02,26.149999618530273,26.5,25.5,25.799999237060547,21490568
2023-05-03,25.450000762939453,25.700000762939453,25.0,25.100000381469727,12249481
2023-05-04,25.350000381469727,25.549999237060547,25.149999618530273,25.399999618530273,8211826
2023-05-05,25.549999237060547,25.850000381469727,24.950000762939453,25.049999237060547,14090520
2023-05-08,25.149999618530273,25.450000762939453,24.75,25.049999237060547,12262452
2023-05-09,25.25,25.399999618530273,24.649999618530273,24.899999618530273,8344019
2023-05-10,24.850000381469727,24.950000762939453,24.299999237060547,24.5,8168326
2023-05-11,24.700000762939453,25.149999618530273,24.350000381469727,24.799999237060547,11061813
2023-05-12,24.899999618530273,25.399999618530273,24.75,25.25,12228545
2023-05-15,25.799999237060547,25.799999237060547,24.649999618530273,24.850000381469727,15492756
2023-05-16,25.049999237060547,25.549999237060547,24.899999618530273,25.0,11976989
2023-05-17,25.049999237060547,25.25,24.649999618530273,24.899999618530273,7063928
2023-05-18,24.950000762939453,25.100000381469727,24.399999618530273,24.600000381469727,6575085
2023-05-19,24.600000381469727,24.649999618530273,24.100000381469727,24.299999237060547,6165125
2023-05-22,24.399999618530273,24.399999618530273,24.0,24.049999237060547,5083867
2023-05-23,24.100000381469727,24.200000762939453,23.799999237060547,23.950000762939453,4864147
2023-05-24,23.850000381469727,24.100000381469727,23.700000762939453,23.899999618530273,5391104
2023-05-25,23.950000762939453,23.950000762939453,23.549999237060547,23.700000762939453,5201992
2023-05-26,23.700000762939453,24.5,23.600000381469727,24.299999237060547,6801502
2023-05-29,24.450000762939453,24.850000381469727,24.149999618530273,24.25,7911110
2023-05-30,24.399999618530273,24.399999618530273,24.100000381469727,24.149999618530273,3459682
2023-05-31,24.149999618530273,24.600000381469727,23.850000381469727,24.450000762939453,7096258
2023-06-01,24.200000762939453,25.450000762939453,24.200000762939453,25.049999237060547,15348111
2023-06-02,25.200000762939453,26.049999237060547,25.100000381469727,25.350000381469727,17451980
2023-06-05,25.100000381469727,25.399999618530273,25.0,25.049999237060547,6319120
2023-06-06,25.049999237060547,25.549999237060547,24.75,25.25,5981121
2023-06-07,25.25,25.700000762939453,25.200000762939453,25.25,6587640
2023-06-08,25.299999237060547,25.5,25.0,25.100000381469727,5590221
2023-06-09,25.200000762939453,25.200000762939453,24.700000762939453,24.75,4038488
2023-06-12,24.75,24.850000381469727,24.450000762939453,24.600000381469727,3196791
2023-06-13,24.600000381469727,24.75,24.600000381469727,24.649999618530273,2770135
2023-06-14,24.649999618530273,24.850000381469727,24.399999618530273,24.549999237060547,3158442
2023-06-15,24.600000381469727,24.899999618530273,24.200000762939453,24.299999237060547,11293499
2023-06-16,24.450000762939453,24.549999237060547,23.899999618530273,24.0,11610436
2023-06-19,24.0,24.5,23.950000762939453,24.200000762939453,6739704
2023-06-20,24.200000762939453,24.700000762939453,24.200000762939453,24.600000381469727,9782242
2023-06-21,24.600000381469727,24.950000762939453,24.399999618530273,24.549999237060547,11639255
2023-06-22,24.549999237060547,24.649999618530273,24.149999618530273,24.25,3243794
2023-06-23,24.25,24.299999237060547,23.75,23.850000381469727,4147653
2023-06-26,23.850000381469727,24.0,23.700000762939453,23.799999237060547,2470534
2023-06-27,23.799999237060547,24.149999618530273,23.799999237060547,24.049999237060547,3534726
2023-06-28,24.100000381469727,24.149999618530273,23.899999618530273,24.0,4059884
2023-06-30,24.100000381469727,24.600000381469727,23.950000762939453,24.399999618530273,10618270
2023-07-03,24.5,25.25,24.450000762939453,24.950000762939453,15403310
2023-07-04,25.0,26.149999618530273,24.5,25.75,31799027
2023-07-05,25.850000381469727,26.600000381469727,25.700000762939453,26.200000762939453,27570430
2023-07-06,26.25,27.200000762939453,26.149999618530273,26.450000762939453,20179981
2023-07-07,26.399999618530273,26.799999237060547,25.899999618530273,26.399999618530273,14785255
2023-07-10,26.450000762939453,27.25,26.25,26.5,14539901
2023-07-11,26.799999237060547,26.799999237060547,26.299999237060547,26.350000381469727,6153783
2023-07-12,26.5,27.149999618530273,26.350000381469727,26.75,15278175
2023-07-13,26.899999618530273,27.25,25.549999237060547,25.899999618530273,12409109
2023-07-14,26.0,26.149999618530273,25.600000381469727,26.0,8342184
2023-07-17,26.600000381469727,26.649999618530273,26.100000381469727,26.549999237060547,10844019
2023-07-18,26.649999618530273,26.700000762939453,25.600000381469727,25.700000762939453,11755001
2023-07-19,25.899999618530273,26.350000381469727,25.75,26.25,10209288
2023-07-20,26.100000381469727,27.100000381469727,26.100000381469727,26.700000762939453,20964186
2023-07-21,26.700000762939453,27.450000762939453,26.5,26.899999618530273,17034309
2023-07-24,26.899999618530273,27.350000381469727,26.149999618530273,26.350000381469727,13459798
2023-07-25,26.549999237060547,26.700000762939453,25.950000762939453,26.100000381469727,6978808
2023-07-26,26.25,26.399999618530273,25.799999237060547,26.149999618530273,13411553
2023-07-27,26.450000762939453,26.950000762939453,26.25,26.399999618530273,11861358
2023-07-28,26.450000762939453,27.100000381469727,26.149999618530273,26.200000762939453,12535889
2023-07-31,26.5,26.549999237060547,26.149999618530273,26.350000381469727,7915607
2023-08-01,26.600000381469727,27.149999618530273,26.5,27.049999237060547,18045649
2023-08-02,27.100000381469727,27.75,25.799999237060547,26.25,43381949
2023-08-03,26.5,26.700000762939453,25.799999237060547,26.049999237060547,23446138
2023-08-04,26.299999237060547,26.450000762939453,26.0,26.100000381469727,10254606
2023-08-07,26.25,26.299999237060547,25.700000762939453,25.850000381469727,11893778
2023-08-08,26.0,26.649999618530273,25.799999237060547,26.5,17843838
2023-08-09,26.649999618530273,27.850000381469727,26.450000762939453,27.350000381469727,40314884
2023-08-10,27.350000381469727,28.049999237060547,26.850000381469727,26.950000762939453,23419053
2023-08-11,27.200000762939453,31.100000381469727,27.100000381469727,30.549999237060547,173935402
2023-08-14,30.549999237060547,31.049999237060547,29.5,30.350000381469727,69133529
2023-08-16,30.299999237060547,32.95000076293945,30.0,32.650001525878906,80212419
2023-08-17,32.5,32.650001525878906,29.75,31.200000762939453,50283751
2023-08-18,31.149999618530273,32.900001525878906,31.0,31.549999237060547,58906742
2023-08-21,31.850000381469727,32.45000076293945,30.75,31.100000381469727,23215908
2023-08-22,31.200000762939453,31.649999618530273,30.600000381469727,30.75,19433041
2023-08-23,30.950000762939453,32.29999923706055,30.700000762939453,31.649999618530273,40787170
2023-08-24,31.950000762939453,33.45000076293945,31.5,31.700000762939453,57534689
2023-08-25,31.75,32.0,30.899999618530273,31.25,22276386
2023-08-28,31.5,31.799999237060547,30.799999237060547,31.0,19298541
2023-08-29,31.200000762939453,31.399999618530273,30.600000381469727,30.899999618530273,14486840
2023-08-30,31.299999237060547,31.299999237060547,30.700000762939453,30.850000381469727,10654925
2023-08-31,30.950000762939453,31.100000381469727,30.5,30.600000381469727,9788235
2023-09-01,30.600000381469727,30.850000381469727,30.0,30.100000381469727,17403307
2023-09-04,30.549999237060547,32.0,30.450000762939453,31.75,30792937
2023-09-05,32.04999923706055,33.0,31.75,32.150001525878906,40879047
2023-09-06,32.400001525878906,32.599998474121094,31.850000381469727,32.099998474121094,15078902
2023-09-07,32.20000076293945,33.099998474121094,32.150001525878906,32.650001525878906,25547678
2023-09-08,32.95000076293945,33.5,32.650001525878906,32.79999923706055,27168142
2023-09-11,32.95000076293945,35.099998474121094,32.849998474121094,34.849998474121094,59983343
2023-09-12,35.70000076293945,36.5,32.0,32.349998474121094,60045427
2023-09-13,32.29999923706055,35.29999923706055,31.600000381469727,35.0,49781027
2023-09-14,35.5,37.54999923706055,34.349998474121094,37.0,83298731
2023-09-15,37.0,40.349998474121094,36.29999923706055,39.5,152172830
2023-09-18,39.5,47.400001525878906,39.099998474121094,46.400001525878906,317388920
2023-09-20,45.400001525878906,48.599998474121094,42.75,43.849998474121094,192600502
2023-09-21,44.400001525878906,47.95000076293945,41.70000076293945,42.95000076293945,337461629
2023-09-22,44.150001525878906,46.29999923706055,42.25,43.849998474121094,245100797
2023-09-25,44.400001525878906,45.0,42.650001525878906,43.5,77489472
2023-09-26,43.75,45.95000076293945,42.95000076293945,45.400001525878906,139933229
2023-09-27,45.099998474121094,45.54999923706055,44.54999923706055,45.0,61745352
2023-09-28,45.349998474121094,48.599998474121094,45.20000076293945,46.349998474121094,214355739
2023-09-29,46.900001525878906,47.5,46.099998474121094,46.75,71688701
2023-10-03,46.95000076293945,48.75,45.79999923706055,48.400001525878906,102260099
2023-10-04,48.25,51.099998474121094,46.400001525878906,47.400001525878906,250806119
2023-10-05,48.0,49.04999923706055,46.29999923706055,46.95000076293945,106222501
2023-10-06,47.25,47.29999923706055,45.29999923706055,46.25,78164539
2023-10-09,45.0,45.25,42.900001525878906,43.29999923706055,66403485
2023-10-10,43.79999923706055,45.54999923706055,43.45000076293945,45.25,50887058
2023-10-11,45.5,45.79999923706055,44.099998474121094,44.400001525878906,44730296
2023-10-12,44.650001525878906,45.04999923706055,44.099998474121094,44.29999923706055,28715992
2023-10-13,44.150001525878906,44.45000076293945,43.0,43.25,31873921
2023-10-16,43.5,44.650001525878906,43.099998474121094,44.25,36892130
2023-10-17,44.599998474121094,45.349998474121094,43.95000076293945,44.29999923706055,23168573
2023-10-18,44.5,44.54999923706055,42.75,43.099998474121094,26786199
2023-10-19,42.900001525878906,43.099998474121094,41.20000076293945,41.54999923706055,35537162
2023-10-20,41.349998474121094,42.20000076293945,40.29999923706055,40.5,34558910
2023-10-23,40.45000076293945,40.70000076293945,36.849998474121094,37.150001525878906,48883675
2023-10-25,37.650001525878906,39.75,36.849998474121094,38.900001525878906,117566812
2023-10-26,38.5,38.849998474121094,36.650001525878906,38.400001525878906,97417425
2023-10-27,39.099998474121094,41.5,38.04999923706055,41.150001525878906,148485987
2023-10-30,41.099998474121094,41.099998474121094,39.349998474121094,39.79999923706055,63681160
2023-10-31,40.099998474121094,40.900001525878906,39.0,39.29999923706055,52154488
2023-11-01,39.29999923706055,39.95000076293945,38.79999923706055,39.099998474121094,49310117
2023-11-02,39.75,40.54999923706055,39.5,39.79999923706055,47506584
2023-11-03,40.20000076293945,40.54999923706055,39.599998474121094,39.849998474121094,26425373
2023-11-06,40.099998474121094,40.400001525878906,39.54999923706055,39.75,22954410
2023-11-07,39.79999923706055,40.20000076293945,39.29999923706055,39.599998474121094,28374826
2023-11-08,39.79999923706055,40.349998474121094,39.45000076293945,39.75,24002407
2023-11-09,39.95000076293945,39.95000076293945,39.45000076293945,39.650001525878906,12107464
2023-11-10,39.25,39.5,39.0,39.349998474121094,11093277
2023-11-13,39.400001525878906,41.70000076293945,39.099998474121094,41.349998474121094,45611865
2023-11-15,42.0,42.400001525878906,41.25,41.599998474121094,26456887
2023-11-16,41.54999923706055,41.54999923706055,40.900001525878906,41.150001525878906,11897403
2023-11-17,41.04999923706055,41.04999923706055,40.150001525878906,40.29999923706055,13480885
2023-11-20,40.29999923706055,40.849998474121094,39.75,40.25,13782528
2023-11-21,40.400001525878906,40.54999923706055,39.54999923706055,39.900001525878906,8786032
2023-11-22,39.849998474121094,39.849998474121094,39.099998474121094,39.29999923706055,9245837
2023-11-23,39.45000076293945,39.650001525878906,39.20000076293945,39.349998474121094,7723811
2023-11-24,39.400001525878906,39.70000076293945,39.20000076293945,39.349998474121094,6295256
2023-11-28,39.349998474121094,40.04999923706055,38.95000076293945,39.650001525878906,13996105
2023-11-29,39.849998474121094,40.0,39.150001525878906,39.45000076293945,8766939
2023-11-30,39.45000076293945,39.599998474121094,39.04999923706055,39.349998474121094,8748427
2023-12-01,39.54999923706055,40.45000076293945,39.25,39.599998474121094,18531480
2023-12-04,40.599998474121094,41.54999923706055,40.04999923706055,41.099998474121094,34907630
2023-12-05,41.29999923706055,43.099998474121094,40.849998474121094,42.25,64695688
2023-12-06,42.54999923706055,42.849998474121094,41.849998474121094,42.650001525878906,22031098
2023-12-07,43.04999923706055,45.29999923706055,42.5,44.099998474121094,40090151
2023-12-08,44.25,44.349998474121094,42.25,42.650001525878906,29344380
2023-12-11,42.79999923706055,44.0,42.79999923706055,43.599998474121094,21494908
2023-12-12,43.849998474121094,44.20000076293945,43.04999923706055,43.20000076293945,17076080
2023-12-13,43.45000076293945,43.45000076293945,42.79999923706055,43.04999923706055,10750162
2023-12-14,43.5,43.650001525878906,43.0,43.150001525878906,11598785
2023-12-15,43.400001525878906,45.0,43.0,44.54999923706055,44161884
2023-12-18,44.54999923706055,45.900001525878906,43.70000076293945,44.70000076293945,48028605
2023-12-19,44.70000076293945,47.5,44.70000076293945,46.650001525878906,72752969
2023-12-20,47.0,47.29999923706055,41.20000076293945,42.29999923706055,59408223
2023-12-21,41.75,44.0,40.75,43.599998474121094,39707970
2023-12-22,43.79999923706055,44.20000076293945,42.5,42.95000076293945,22120641
2023-12-26,43.20000076293945,43.349998474121094,42.75,42.900001525878906,11354779
2023-12-27,43.150001525878906,43.900001525878906,42.900001525878906,43.29999923706055,16351485
2023-12-28,43.5,44.45000076293945,43.0,43.25,24135199
2023-12-29,43.45000076293945,43.75,43.04999923706055,43.29999923706055,10369754
2024-01-01,43.25,44.29999923706055,43.150001525878906,43.599998474121094,12879177
2024-01-02,43.79999923706055,44.70000076293945,43.25,43.45000076293945,18828371
2024-01-03,43.5,44.900001525878906,43.349998474121094,43.95000076293945,28327760
2024-01-04,44.099998474121094,44.599998474121094,43.95000076293945,44.099998474121094,15527140
2024-01-05,44.349998474121094,44.70000076293945,43.5,43.900001525878906,13363697
2024-01-08,44.04999923706055,44.099998474121094,42.900001525878906,43.150001525878906,11071268
2024-01-09,43.45000076293945,43.650001525878906,42.849998474121094,43.0,7597965
2024-01-10,43.04999923706055,43.25,42.5,42.70000076293945,7338505
2024-01-11,43.0,43.5,42.79999923706055,43.0,8974590
2024-01-12,43.349998474121094,44.650001525878906,43.099998474121094,43.95000076293945,31730567
2024-01-15,44.29999923706055,45.75,44.0,44.45000076293945,31461571
2024-01-16,44.45000076293945,45.70000076293945,43.650001525878906,44.5,28712992
2024-01-17,43.849998474121094,44.45000076293945,43.099998474121094,43.599998474121094,20115305
2024-01-18,43.45000076293945,44.849998474121094,42.04999923706055,44.20000076293945,29406860
2024-01-19,44.650001525878906,44.75,43.900001525878906,44.20000076293945,17969405
2024-01-23,46.0,47.099998474121094,43.400001525878906,43.70000076293945,46170655
2024-01-24,44.150001525878906,46.849998474121094,43.45000076293945,46.04999923706055,50123032
2024-01-25,46.349998474121094,47.400001525878906,45.5,45.75,34258089
2024-01-29,46.79999923706055,49.70000076293945,45.900001525878906,48.45000076293945,75060771
2024-01-30,48.95000076293945,50.20000076293945,47.599998474121094,48.25,50745728
2024-01-31,48.400001525878906,51.0,48.0,49.099998474121094,70933272
2024-02-01,49.5,52.70000076293945,48.0,52.04999923706055,121711880
2024-02-02,53.099998474121094,57.0,53.099998474121094,56.150001525878906,157668286
2024-02-05,56.599998474121094,66.0999984741211,56.0,62.650001525878906,239341270
2024-02-06,64.8499984741211,69.80000305175781,62.29999923706055,67.55000305175781,258421884
2024-02-07,68.05000305175781,81.05000305175781,68.0,79.6500015258789,379528754
2024-02-08,81.80000305175781,83.75,72.1500015258789,74.0,137458959
2024-02-09,74.5999984741211,77.5,67.69999694824219,71.0999984741211,80807393
2024-02-12,71.5,71.5999984741211,64.0,64.05000305175781,46344297
2024-02-13,63.150001525878906,66.80000305175781,60.5,65.0,56543370
2024-02-14,64.0,67.5,63.04999923706055,67.0,37302248
2024-02-15,67.3499984741211,69.5999984741211,65.55000305175781,69.1500015258789,55531337
2024-02-16,70.0,70.8499984741211,68.05000305175781,68.30000305175781,30799468
2024-02-19,68.5999984741211,72.44999694824219,67.55000305175781,70.30000305175781,33311812
2024-02-20,70.6500015258789,70.6500015258789,69.0,69.55000305175781,18596793
2024-02-21,69.75,71.19999694824219,68.0,68.55000305175781,26155059
2024-02-22,68.5999984741211,69.6500015258789,65.94999694824219,69.25,21351682
2024-02-23,69.30000305175781,69.80000305175781,67.05000305175781,67.5,15733070
2024-02-26,67.5,67.5,66.0999984741211,66.30000305175781,10070189
2024-02-27,66.25,66.69999694824219,63.79999923706055,64.5,13566526
2024-02-28,64.5,65.5999984741211,62.04999923706055,63.20000076293945,13361400
2024-02-29,63.0,65.1500015258789,62.20000076293945,64.6500015258789,16603392
2024-03-01,65.0,65.75,64.0999984741211,64.5999984741211,12306519
2024-03-04,64.8499984741211,65.05000305175781,63.0,63.150001525878906,7824214
2024-03-05,63.599998474121094,69.44999694824219,62.54999923706055,69.25,52434387
2024-03-06,69.25,70.30000305175781,65.30000305175781,65.69999694824219,32020467
2024-03-07,66.1500015258789,67.6500015258789,65.69999694824219,66.05000305175781,12611496
2024-03-11,66.05000305175781,66.19999694824219,63.5,63.75,12392086
2024-03-12,63.95000076293945,63.95000076293945,61.20000076293945,61.75,11399935
2024-03-13,61.75,62.95000076293945,56.0,56.54999923706055,22189964
2024-03-14,56.5,62.04999923706055,55.04999923706055,61.04999923706055,19997056
2024-03-15,61.0,62.849998474121094,58.45000076293945,60.099998474121094,14183286
2024-03-18,60.099998474121094,61.0,58.650001525878906,59.0,8414732
2024-03-19,59.70000076293945,60.70000076293945,57.5,57.75,11926832
2024-03-20,59.599998474121094,59.599998474121094,56.75,57.25,11194066
2024-03-21,58.95000076293945,59.650001525878906,58.04999923706055,58.5,10879764
2024-03-22,58.45000076293945,60.75,58.04999923706055,59.54999923706055,11844603
2024-03-26,59.5,60.20000076293945,58.29999923706055,58.400001525878906,9385687
2024-03-27,58.79999923706055,59.20000076293945,56.54999923706055,56.900001525878906,12602710
2024-03-28,57.29999923706055,62.0,57.20000076293945,59.95000076293945,30823664
2024-04-01,60.5,65.0,60.29999923706055,64.75,26858536
2024-04-02,64.94999694824219,65.5,63.29999923706055,64.5999984741211,22002905
2024-04-03,64.5,67.0999984741211,63.79999923706055,66.80000305175781,28031613
2024-04-04,67.3499984741211,67.69999694824219,64.9000015258789,65.8499984741211,19127281
2024-04-05,65.94999694824219,67.6500015258789,65.19999694824219,66.5,20745471
2024-04-08,66.80000305175781,66.8499984741211,65.0,65.1500015258789,9167980
2024-04-09,65.25,66.1500015258789,64.30000305175781,65.3499984741211,10719668
2024-04-10,65.3499984741211,66.44999694824219,64.4000015258789,65.69999694824219,10491652
2024-04-12,65.25,65.75,63.75,64.1500015258789,8765923
2024-04-15,61.0,63.0,60.0,61.75,16205290
2024-04-16,61.70000076293945,63.29999923706055,61.0,62.0,10726885
2024-04-18,62.20000076293945,63.95000076293945,61.150001525878906,61.5,13793708
2024-04-19,61.0,62.0,59.54999923706055,61.25,12671263
2024-04-22,61.900001525878906,64.0999984741211,61.54999923706055,63.599998474121094,13884169
2024-04-23,64.0,64.5,63.150001525878906,63.349998474121094,11000303
2024-04-24,63.5,64.19999694824219,63.099998474121094,63.25,6744626
2024-04-25,63.400001525878906,67.44999694824219,62.849998474121094,66.9000015258789,41297357
2024-04-26,67.19999694824219,68.4000015258789,66.3499984741211,66.75,29997431
2024-04-29,67.25,69.0999984741211,66.5,68.69999694824219,27991481
2024-04-30,69.0999984741211,69.69999694824219,67.6500015258789,68.0999984741211,23114240
2024-05-02,68.5,68.5,66.80000305175781,67.05000305175781,12874562
2024-05-03,67.44999694824219,67.69999694824219,65.5999984741211,66.25,11484861
2024-05-06,66.5,66.5999984741211,63.70000076293945,64.75,13026004
2024-05-07,64.75,65.4000015258789,61.650001525878906,62.400001525878906,14344297
2024-05-08,62.400001525878906,64.3499984741211,62.0,63.400001525878906,10829402
2024-05-09,63.70000076293945,64.19999694824219,60.650001525878906,61.150001525878906,19825867
2024-05-10,61.900001525878906,62.599998474121094,59.75,62.0,15762157
2024-05-13,62.0,62.099998474121094,59.099998474121094,60.54999923706055,11598654
2024-05-14,60.900001525878906,62.0,60.70000076293945,61.849998474121094,7968321
2024-05-15,61.849998474121094,63.400001525878906,61.599998474121094,61.900001525878906,7662946
2024-05-16,62.099998474121094,62.5,61.25,61.599998474121094,7792324
2024-05-17,61.75,62.400001525878906,61.29999923706055,62.04999923706055,6758720
2024-05-21,64.9000015258789,68.25,64.0999984741211,67.0999984741211,27748953
2024-05-22,67.5,68.75,66.0,66.8499984741211,15967871
2024-05-23,67.30000305175781,69.69999694824219,67.30000305175781,68.25,27342758
2024-05-24,68.25,69.19999694824219,67.0,67.19999694824219,17405864
2024-05-27,67.6500015258789,75.3499984741211,67.19999694824219,74.5,125030999
2024-05-28,75.0999984741211,75.55000305175781,69.3499984741211,70.5999984741211,59553629
2024-05-29,70.44999694824219,71.5,69.5,69.94999694824219,30781875
2024-05-30,69.94999694824219,70.5999984741211,67.1500015258789,67.55000305175781,28157166
2024-05-31,68.0999984741211,69.80000305175781,66.19999694824219,68.9000015258789,30505455
2024-06-03,73.69999694824219,74.9000015258789,70.3499984741211,73.19999694824219,60182377
2024-06-04,72.0,72.0,58.599998474121094,62.099998474121094,61800928
2024-06-05,62.099998474121094,64.9000015258789,59.150001525878906,64.0999984741211,26799629
2024-06-06,65.6500015258789,68.0,65.19999694824219,66.6500015258789,24733474
2024-06-07,66.9000015258789,67.80000305175781,65.75,67.30000305175781,14896008
2024-06-10,67.8499984741211,68.0999984741211,66.3499984741211,66.8499984741211,13213258
2024-06-11,67.2300033569336,67.30000305175781,65.91000366210938,66.52999877929688,11479045
2024-06-12,66.75,69.41000366210938,66.55000305175781,67.86000061035156,24798173
2024-06-13,68.45999908447266,68.98999786376953,67.0,67.41999816894531,11430272
2024-06-14,67.69999694824219,68.18000030517578,67.05000305175781,67.20999908447266,9550000
2024-06-18,67.5999984741211,68.08000183105469,66.44999694824219,66.66999816894531,9545217
2024-06-19,66.95999908447266,67.69999694824219,64.5,66.16999816894531,19219919
2024-06-20,66.55000305175781,68.68000030517578,66.22000122070312,66.94000244140625,17972603
2024-06-21,67.0,67.30000305175781,65.69999694824219,66.12999725341797,10165101
2024-06-24,65.98999786376953,66.68000030517578,65.25,65.86000061035156,7586218
2024-06-25,66.0,66.33999633789062,64.0999984741211,64.27999877929688,12677814
2024-06-26,64.3499984741211,65.19999694824219,64.0,64.18000030517578,7552633
2024-06-27,64.18000030517578,64.58000183105469,63.060001373291016,63.9900016784668,7626789
2024-06-28,64.08999633789062,66.33999633789062,64.08000183105469,64.27999877929688,10108971
2024-07-01,64.5999984741211,64.7699966430664,63.52000045776367,63.68000030517578,8761598
2024-07-02,63.84000015258789,64.19999694824219,62.81999969482422,63.209999084472656,6166179
2024-07-03,63.529998779296875,64.19999694824219,63.29999923706055,63.45000076293945,5217717
2024-07-04,63.779998779296875,64.0,63.0,63.119998931884766,6053776
2024-07-05,62.209999084472656,63.650001525878906,62.209999084472656,62.9900016784668,8981403
2024-07-08,63.29999923706055,63.29999923706055,62.0,62.029998779296875,7481396
2024-07-09,62.27000045776367,67.9000015258789,62.099998474121094,64.54000091552734,53123928
2024-07-10,64.80000305175781,65.47000122070312,62.91999816894531,64.66000366210938,13203592
2024-07-11,65.0,65.44000244140625,63.5,63.65999984741211,8911223
2024-07-12,64.0,65.0999984741211,63.0,63.66999816894531,8206979
2024-07-15,64.0999984741211,69.44999694824219,63.56999969482422,68.41999816894531,83168612
2024-07-16,68.75,70.94999694824219,67.01000213623047,67.29000091552734,26932299
2024-07-18,67.30000305175781,71.62999725341797,65.61000061035156,67.4800033569336,61370002
2024-07-19,67.9000015258789,68.58000183105469,64.01000213623047,64.4800033569336,26176196
2024-07-22,64.0999984741211,66.55000305175781,63.79999923706055,64.80999755859375,26591118
2024-07-23,65.5,65.75,61.0,63.66999816894531,20143107
2024-07-24,63.7599983215332,67.5,63.54999923706055,65.69999694824219,25981951
2024-07-25,64.98999786376953,66.9000015258789,64.70999908447266,65.66999816894531,14552231
2024-07-26,65.9000015258789,69.27999877929688,65.83999633789062,67.33000183105469,37689303
2024-07-29,68.91000366210938,72.5999984741211,68.0199966430664,68.30000305175781,51832638
2024-07-30,68.5,68.87999725341797,67.20999908447266,67.52999877929688,13623785
2024-07-31,67.75,67.9800033569336,66.12999725341797,66.69999694824219,10181977
2024-08-01,66.9000015258789,68.45999908447266,66.0,66.63999938964844,17106262
2024-08-02,65.38999938964844,66.87000274658203,64.55000305175781,65.25,15668574
2024-08-05,63.0,63.900001525878906,60.65999984741211,61.11000061035156,21816262
2024-08-06,62.09000015258789,63.47999954223633,59.77000045776367,60.130001068115234,13453960
2024-08-07,62.0,62.400001525878906,60.220001220703125,61.90999984741211,13697026
2024-08-08,62.13999938964844,62.95000076293945,61.36000061035156,61.650001525878906,10265370
2024-08-09,62.2400016784668,62.75,61.560001373291016,61.72999954223633,9865218
2024-08-12,61.0,61.47999954223633,60.5,60.88999938964844,8147891
2024-08-13,61.20000076293945,61.630001068115234,60.11000061035156,60.36000061035156,5968369
2024-08-14,60.349998474121094,60.70000076293945,59.209999084472656,59.709999084472656,6763977
2024-08-16,60.29999923706055,61.349998474121094,60.150001525878906,60.88999938964844,5746422
2024-08-19,61.20000076293945,62.45000076293945,61.099998474121094,61.90999984741211,7738878
2024-08-20,62.0,62.349998474121094,61.560001373291016,62.119998931884766,6625107
2024-08-21,62.5,62.650001525878906,61.869998931884766,62.209999084472656,5857733
2024-08-22,62.5,63.63999938964844,62.099998474121094,62.310001373291016,10243658
2024-08-23,62.29999923706055,62.52000045776367,61.810001373291016,62.09000015258789,4066501
2024-08-26,62.099998474121094,62.38999938964844,61.04999923706055,61.279998779296875,5244993
2024-08-27,61.25,61.86000061035156,61.11000061035156,61.369998931884766,3967400
2024-08-28,61.43000030517578,62.130001068115234,60.5,60.7400016784668,5856807
2024-08-29,60.72999954223633,61.2400016784668,60.31999969482422,60.84000015258789,4296379
2024-08-30,61.099998474121094,61.5,60.45000076293945,60.77000045776367,3731727
2024-09-02,60.88999938964844,61.099998474121094,59.95000076293945,60.599998474121094,6013881
2024-09-03,60.599998474121094,60.97999954223633,60.369998931884766,60.470001220703125,3206133
2024-09-04,59.689998626708984,60.34000015258789,59.400001525878906,59.72999954223633,3892961
2024-09-05,59.9900016784668,60.29999923706055,59.599998474121094,59.70000076293945,3163465
2024-09-06,59.689998626708984,59.959999084472656,58.0,58.04999923706055,7797536
2024-09-09,58.04999923706055,58.13999938964844,56.630001068115234,57.2599983215332,6623395
2024-09-10,57.45000076293945,58.72999954223633,57.41999816894531,58.29999923706055,3520447
2024-09-11,58.400001525878906,58.599998474121094,57.0,57.41999816894531,4311077
2024-09-12,57.63999938964844,58.09000015258789,57.040000915527344,57.560001373291016,5016294
2024-09-13,57.79999923706055,60.79999923706055,57.5,59.459999084472656,14158765
2024-09-16,59.75,60.540000915527344,59.13999938964844,59.45000076293945,6407454
2024-09-17,59.45000076293945,59.5,58.04999923706055,58.209999084472656,4374501
2024-09-18,58.25,59.650001525878906,57.70000076293945,58.880001068115234,6576488
2024-09-19,59.349998474121094,59.599998474121094,57.04999923706055,57.439998626708984,5071353
2024-09-20,58.900001525878906,58.900001525878906,57.2400016784668,58.439998626708984,7406089
2024-09-23,58.599998474121094,61.79999923706055,58.20000076293945,61.04999923706055,20391748
2024-09-24,61.5,61.5,59.54999923706055,59.83000183105469,8210080
2024-09-25,60.0,60.029998779296875,58.31999969482422,58.599998474121094,5515937
2024-09-26,58.83000183105469,59.349998474121094,57.900001525878906,58.66999816894531,6131600
2024-09-27,58.70000076293945,59.58000183105469,58.0099983215332,58.36000061035156,12751781
2024-09-30,58.0,58.150001525878906,57.56999969482422,57.72999954223633,4966945
2024-10-01,57.75,58.08000183105469,57.400001525878906,57.529998779296875,4093769
2024-10-03,56.86000061035156,57.189998626708984,55.88999938964844,56.16999816894531,5138707
2024-10-04,56.16999816894531,56.849998474121094,54.61000061035156,55.63999938964844,7361324
2024-10-07,55.90999984741211,56.34000015258789,52.11000061035156,52.56999969482422,9753196
2024-10-08,52.689998626708984,55.20000076293945,52.18000030517578,54.709999084472656,7403711
2024-10-09,55.54999923706055,55.599998474121094,54.68000030517578,54.900001525878906,4925646
2024-10-10,55.29999923706055,55.459999084472656,54.150001525878906,54.459999084472656,3409843
2024-10-11,54.29999923706055,54.68000030517578,53.900001525878906,54.290000915527344,2426864
2024-10-14,54.310001373291016,55.11000061035156,54.0,54.09000015258789,3056802
2024-10-15,54.31999969482422,54.38999938964844,53.72999954223633,54.15999984741211,2894474
2024-10-16,54.15999984741211,55.25,54.029998779296875,54.61000061035156,3181297
2024-10-17,54.81999969482422,56.4900016784668,53.79999923706055,55.970001220703125,13245463
2024-10-18,56.0,56.880001068115234,54.75,55.529998779296875,9965213
2024-10-21,55.630001068115234,55.849998474121094,53.099998474121094,53.38999938964844,5655908
2024-10-22,53.38999938964844,53.45000076293945,49.720001220703125,50.2599983215332,8319040
2024-10-23,50.33000183105469,52.95000076293945,48.439998626708984,52.560001373291016,12852045
2024-10-24,52.599998474121094,53.54999923706055,51.45000076293945,51.65999984741211,6605052
2024-10-25,51.650001525878906,51.650001525878906,49.349998474121094,50.220001220703125,7301659
2024-10-28,50.29999923706055,51.689998626708984,49.720001220703125,51.08000183105469,7375360
2024-10-29,51.25,52.9900016784668,50.779998779296875,52.68000030517578,7384833
2024-10-30,52.56999969482422,54.56999969482422,52.04999923706055,54.18000030517578,9088723
2024-10-31,53.810001373291016,55.38999938964844,53.5,54.459999084472656,7530189
2024-11-01,54.70000076293945,55.400001525878906,54.5099983215332,54.95000076293945,1712565
2024-11-04,54.95000076293945,54.95000076293945,52.86000061035156,53.18000030517578,4949610
2024-11-05,52.5,54.4900016784668,52.47999954223633,54.099998474121094,6780832
2024-11-06,54.400001525878906,55.33000183105469,53.90999984741211,55.11000061035156,5204537
2024-11-07,55.400001525878906,56.380001068115234,54.599998474121094,54.86000061035156,5589622
2024-11-08,54.470001220703125,54.72999954223633,52.900001525878906,53.11000061035156,4624558
2024-11-11,52.9900016784668,53.4900016784668,52.13999938964844,52.61000061035156,4718076
2024-11-12,52.70000076293945,53.36000061035156,51.029998779296875,51.47999954223633,3275324
2024-11-13,50.709999084472656,51.40999984741211,49.16999816894531,49.31999969482422,5350849
2024-11-14,49.5,51.599998474121094,49.04999923706055,49.54999923706055,7255657
2024-11-18,49.75,51.150001525878906,48.56999969482422,49.88999938964844,5889091
2024-11-19,50.5,52.25,50.099998474121094,51.130001068115234,8123270
2024-11-21,51.18000030517578,51.290000915527344,49.349998474121094,49.810001373291016,5623125
2024-11-22,49.810001373291016,50.75,49.5,50.310001373291016,3952448
2024-11-25,52.099998474121094,54.150001525878906,51.459999084472656,52.459999084472656,11292608
2024-11-26,52.459999084472656,52.900001525878906,52.11000061035156,52.45000076293945,3338779
2024-11-27,52.9900016784668,53.79999923706055,52.68000030517578,53.060001373291016,6323194
2024-11-28,53.34000015258789,54.970001220703125,53.29999923706055,54.61000061035156,9513462
2024-11-29,54.849998474121094,55.369998931884766,52.52000045776367,53.83000183105469,10078280
2024-12-02,53.83000183105469,53.900001525878906,52.900001525878906,53.380001068115234,3170022
2024-12-03,53.650001525878906,55.20000076293945,53.43000030517578,54.45000076293945,7566537
2024-12-04,54.599998474121094,59.400001525878906,54.29999923706055,58.970001220703125,47725663
2024-12-05,59.689998626708984,59.939998626708984,57.22999954223633,57.869998931884766,21407451
2024-12-06,57.95000076293945,59.75,57.31999969482422,57.86000061035156,19278886
2024-12-09,58.0,58.33000183105469,57.400001525878906,57.47999954223633,5594379
2024-12-10,57.47999954223633,57.9900016784668,56.61000061035156,56.869998931884766,5493375
2024-12-11,58.400001525878906,59.54999923706055,57.310001373291016,57.650001525878906,22108383
2024-12-12,58.04999923706055,58.720001220703125,57.04999923706055,57.68000030517578,8377470
2024-12-13,57.349998474121094,57.400001525878906,54.38999938964844,55.68000030517578,15192346
2024-12-16,55.79999923706055,56.79999923706055,55.72999954223633,56.04999923706055,5060275
2024-12-17,56.04999923706055,56.04999923706055,55.029998779296875,55.150001525878906,3630308
2024-12-18,55.099998474121094,55.099998474121094,53.79999923706055,53.900001525878906,4838693
2024-12-19,52.599998474121094,53.61000061035156,51.900001525878906,53.209999084472656,4146681
2024-12-20,53.209999084472656,53.68000030517578,52.060001373291016,52.400001525878906,4441746
2024-12-23,52.75,53.0,51.54999923706055,51.63999938964844,4311273
2024-12-24,51.970001220703125,52.08000183105469,51.31999969482422,51.689998626708984,3202568
2024-12-26,51.79999923706055,52.869998931884766,51.369998931884766,51.5,4763749
2024-12-27,51.619998931884766,51.97999954223633,51.13999938964844,51.33000183105469,2794441
2024-12-30,51.5,51.650001525878906,50.040000915527344,50.58000183105469,4383524
2024-12-31,50.599998474121094,51.970001220703125,50.529998779296875,51.7599983215332,4151678
2025-01-01,51.599998474121094,52.18000030517578,51.20000076293945,51.869998931884766,2928341
2025-01-02,51.90999984741211,52.5,51.36000061035156,52.13999938964844,3636626
2025-01-03,52.349998474121094,54.400001525878906,52.349998474121094,53.099998474121094,10787592
2025-01-06,53.310001373291016,53.349998474121094,50.5,50.689998626708984,5842917
2025-01-07,51.0,51.529998779296875,50.36000061035156,51.11000061035156,4406397
2025-01-08,51.0,51.08000183105469,50.27000045776367,50.77000045776367,2647466
2025-01-09,50.5,50.720001220703125,49.599998474121094,49.939998626708984,3046993
2025-01-10,50.0,50.189998626708984,47.900001525878906,48.11000061035156,5333888
2025-01-13,47.0,47.79999923706055,45.04999923706055,45.45000076293945,7160861
2025-01-14,45.61000061035156,54.540000915527344,45.61000061035156,53.77000045776367,25580989
2025-01-15,51.79999923706055,51.79999923706055,49.20000076293945,49.90999984741211,24755502
2025-01-16,50.54999923706055,51.84000015258789,50.099998474121094,50.369998931884766,11962764
2025-01-17,50.369998931884766,50.97999954223633,49.79999923706055,50.63999938964844,6231707
2025-01-20,50.95000076293945,53.650001525878906,50.70000076293945,52.52000045776367,22139563
2025-01-21,52.38999938964844,52.38999938964844,50.79999923706055,51.20000076293945,6634740
2025-01-22,51.209999084472656,51.380001068115234,49.36000061035156,50.29999923706055,4499478
2025-01-23,50.0,51.119998931884766,49.70000076293945,50.63999938964844,3788273
2025-01-24,50.63999938964844,50.84000015258789,48.86000061035156,49.040000915527344,4581745
2025-01-27,49.040000915527344,51.38999938964844,47.41999816894531,49.93000030517578,14973443
2025-01-28,50.5,51.2599983215332,48.900001525878906,49.4900016784668,9330906
2025-01-29,49.599998474121094,50.34000015258789,49.45000076293945,50.099998474121094,4279424
2025-01-30,49.970001220703125,50.790000915527344,49.72999954223633,50.189998626708984,3851286
2025-01-31,50.13999938964844,51.650001525878906,49.4900016784668,51.0,5921321
2025-02-01,51.09000015258789,52.13999938964844,50.02000045776367,50.310001373291016,4996773
2025-02-03,50.099998474121094,50.209999084472656,48.709999084472656,48.849998474121094,3285887
2025-02-04,49.59000015258789,50.29999923706055,49.15999984741211,49.70000076293945,3534556
2025-02-05,50.43000030517578,52.40999984741211,50.29999923706055,51.43000030517578,9836644
2025-02-06,51.77000045776367,51.77000045776367,50.349998474121094,50.900001525878906,3452974
2025-02-07,51.0,51.68000030517578,50.13999938964844,50.369998931884766,4591431
2025-02-10,50.29999923706055,50.29999923706055,49.209999084472656,49.529998779296875,2216534
2025-02-11,49.79999923706055,49.849998474121094,47.90999984741211,48.16999816894531,2985402
2025-02-12,48.08000183105469,48.349998474121094,45.970001220703125,47.7400016784668,5663480
2025-02-13,48.0,48.66999816894531,47.83000183105469,48.189998626708984,3007173
2025-02-14,48.189998626708984,48.349998474121094,46.2599983215332,46.58000183105469,3677228
2025-02-17,46.34000015258789,46.439998626708984,45.0,46.130001068115234,4789272
2025-02-18,46.099998474121094,46.29999923706055,44.720001220703125,45.18000030517578,3871176
2025-02-19,45.0,46.459999084472656,44.47999954223633,46.29999923706055,3191340
2025-02-20,46.0,47.630001068115234,45.79999923706055,47.20000076293945,3364313
2025-02-21,46.79999923706055,47.95000076293945,46.349998474121094,46.61000061035156,3141246
2025-02-24,46.29999923706055,46.4900016784668,45.380001068115234,46.18000030517578,2253429
2025-02-25,47.0,47.900001525878906,45.849998474121094,46.22999954223633,5727515
2025-02-27,46.29999923706055,46.84000015258789,45.400001525878906,45.599998474121094,2699997
2025-02-28,45.0099983215332,45.119998931884766,43.20000076293945,43.529998779296875,3898293
2025-03-03,43.0,43.5099983215332,41.0099983215332,41.709999084472656,9922401
2025-03-04,41.15999984741211,43.36000061035156,40.52000045776367,42.9900016784668,6252615
2025-03-05,42.9900016784668,44.150001525878906,42.86000061035156,43.9900016784668,4118839
2025-03-06,44.5,45.08000183105469,44.150001525878906,44.36000061035156,3522773
2025-03-07,44.29999923706055,45.13999938964844,44.02000045776367,44.66999816894531,3410958
2025-03-10,44.68000030517578,45.02000045776367,42.88999938964844,43.40999984741211,3270666
2025-03-11,42.709999084472656,43.2599983215332,42.29999923706055,42.599998474121094,3315230
2025-03-12,42.619998931884766,43.18000030517578,41.95000076293945,42.09000015258789,3183384
2025-03-13,42.15999984741211,42.560001373291016,41.439998626708984,41.540000915527344,2822442
2025-03-17,42.040000915527344,42.150001525878906,41.02000045776367,41.099998474121094,3203730
2025-03-18,41.099998474121094,41.099998474121094,41.099998474121094,41.099998474121094,0
2025-03-19,42.43000030517578,44.099998474121094,42.43000030517578,43.83000183105469,4788697
2025-03-20,44.41999816894531,44.77000045776367,42.86000061035156,43.0,6379044
2025-03-21,42.9900016784668,43.79999923706055,42.70000076293945,43.560001373291016,7215793
2025-03-24,43.90999984741211,45.09000015258789,43.900001525878906,44.470001220703125,7952521
2025-03-25,44.75,44.9900016784668,42.54999923706055,42.77000045776367,8169669
2025-03-26,42.5,45.150001525878906,42.25,42.5099983215332,14292450
2025-03-27,42.400001525878906,42.75,41.5,41.75,19390490
2025-03-28,39.0,40.40999984741211,38.849998474121094,38.970001220703125,43736167
2025-04-01,39.0,39.04999923706055,37.599998474121094,37.70000076293945,12058764
2025-04-02,37.79999923706055,38.279998779296875,35.79999923706055,37.43000030517578,24917114
2025-04-03,37.060001373291016,38.22999954223633,36.84000015258789,37.65999984741211,15102282
2025-04-04,37.900001525878906,38.400001525878906,36.619998931884766,36.83000183105469,9424803
2025-04-07,34.0,35.5,33.5,34.83000183105469,11308273
2025-04-08,35.900001525878906,36.16999816894531,35.099998474121094,35.83000183105469,6497879
2025-04-09,35.75,35.900001525878906,35.0,35.18000030517578,4932876
2025-04-11,36.209999084472656,36.25,34.66999816894531,34.93000030517578,8208240
2025-04-15,35.689998626708984,35.79999923706055,35.119998931884766,35.43000030517578,7557889
2025-04-16,35.439998626708984,36.65999984741211,35.29999923706055,36.439998626708984,12997494
2025-04-17,36.5,37.470001220703125,36.279998779296875,37.06999969482422,9290057
2025-04-21,37.06999969482422,38.66999816894531,37.06999969482422,38.31999969482422,11349095
2025-04-22,38.599998474121094,39.70000076293945,38.31999969482422,39.029998779296875,15279603
2025-04-23,39.27000045776367,39.4900016784668,38.099998474121094,38.779998779296875,9041098
2025-04-24,38.779998779296875,39.06999969482422,38.5,38.650001525878906,5448976
2025-04-25,38.7400016784668,38.790000915527344,37.06999969482422,37.38999938964844,9359128
2025-04-28,37.209999084472656,38.11000061035156,36.86000061035156,37.83000183105469,6026681
