Date,Open,High,Low,Close,Volume
2020-01-01,,,,,
2020-01-02,,,,,
2020-01-03,,,,,
2020-01-06,,,,,
2020-01-07,,,,,
2020-01-08,,,,,
2020-01-09,,,,,
2020-01-10,,,,,
2020-01-13,,,,,
2020-01-14,,,,,
2020-01-15,,,,,
2020-01-16,,,,,
2020-01-17,,,,,
2020-01-20,,,,,
2020-01-21,,,,,
2020-01-22,,,,,
2020-01-23,,,,,
2020-01-24,,,,,
2020-01-27,,,,,
2020-01-28,,,,,
2020-01-29,,,,,
2020-01-30,,,,,
2020-01-31,,,,,
2020-02-03,,,,,
2020-02-04,,,,,
2020-02-05,,,,,
2020-02-06,,,,,
2020-02-07,,,,,
2020-02-10,,,,,
2020-02-11,,,,,
2020-02-12,,,,,
2020-02-13,,,,,
2020-02-14,,,,,
2020-02-17,,,,,
2020-02-18,,,,,
2020-02-19,,,,,
2020-02-20,,,,,
2020-02-24,,,,,
2020-02-25,,,,,
2020-02-26,,,,,
2020-02-27,,,,,
2020-02-28,,,,,
2020-03-02,,,,,
2020-03-03,,,,,
2020-03-04,,,,,
2020-03-05,,,,,
2020-03-06,,,,,
2020-03-09,,,,,
2020-03-11,,,,,
2020-03-12,,,,,
2020-03-13,,,,,
2020-03-16,,,,,
2020-03-17,,,,,
2020-03-18,,,,,
2020-03-19,,,,,
2020-03-20,,,,,
2020-03-23,,,,,
2020-03-24,,,,,
2020-03-25,,,,,
2020-03-26,,,,,
2020-03-27,,,,,
2020-03-30,,,,,
2020-03-31,,,,,
2020-04-01,,,,,
2020-04-03,,,,,
2020-04-07,,,,,
2020-04-08,,,,,
2020-04-09,,,,,
2020-04-13,,,,,
2020-04-15,,,,,
2020-04-16,,,,,
2020-04-17,,,,,
2020-04-20,,,,,
2020-04-21,,,,,
2020-04-22,,,,,
2020-04-23,,,,,
2020-04-24,,,,,
2020-04-27,,,,,
2020-04-28,,,,,
2020-04-29,,,,,
2020-04-30,,,,,
2020-05-04,,,,,
2020-05-05,,,,,
2020-05-06,,,,,
2020-05-07,,,,,
2020-05-08,,,,,
2020-05-11,,,,,
2020-05-12,,,,,
2020-05-13,,,,,
2020-05-14,,,,,
2020-05-15,,,,,
2020-05-18,,,,,
2020-05-19,,,,,
2020-05-20,,,,,
2020-05-21,,,,,
2020-05-22,,,,,
2020-05-26,,,,,
2020-05-27,,,,,
2020-05-28,,,,,
2020-05-29,,,,,
2020-06-01,,,,,
2020-06-02,,,,,
2020-06-03,,,,,
2020-06-04,,,,,
2020-06-05,,,,,
2020-06-08,,,,,
2020-06-09,,,,,
2020-06-10,,,,,
2020-06-11,,,,,
2020-06-12,,,,,
2020-06-15,,,,,
2020-06-16,,,,,
2020-06-17,,,,,
2020-06-18,,,,,
2020-06-19,,,,,
2020-06-22,,,,,
2020-06-23,,,,,
2020-06-24,,,,,
2020-06-25,,,,,
2020-06-26,,,,,
2020-06-29,,,,,
2020-06-30,,,,,
2020-07-01,,,,,
2020-07-02,,,,,
2020-07-03,,,,,
2020-07-06,,,,,
2020-07-07,,,,,
2020-07-08,,,,,
2020-07-09,,,,,
2020-07-10,,,,,
2020-07-13,,,,,
2020-07-14,,,,,
2020-07-15,,,,,
2020-07-16,,,,,
2020-07-17,,,,,
2020-07-20,,,,,
2020-07-21,,,,,
2020-07-22,,,,,
2020-07-23,,,,,
2020-07-24,,,,,
2020-07-27,,,,,
2020-07-28,,,,,
2020-07-29,,,,,
2020-07-30,,,,,
2020-07-31,,,,,
2020-08-03,,,,,
2020-08-04,,,,,
2020-08-05,,,,,
2020-08-06,,,,,
2020-08-07,,,,,
2020-08-10,,,,,
2020-08-11,,,,,
2020-08-12,,,,,
2020-08-13,,,,,
2020-08-14,,,,,
2020-08-17,,,,,
2020-08-18,,,,,
2020-08-19,,,,,
2020-08-20,,,,,
2020-08-21,,,,,
2020-08-24,,,,,
2020-08-25,,,,,
2020-08-26,,,,,
2020-08-27,,,,,
2020-08-28,,,,,
2020-08-31,,,,,
2020-09-01,,,,,
2020-09-02,,,,,
2020-09-03,,,,,
2020-09-04,,,,,
2020-09-07,,,,,
2020-09-08,,,,,
2020-09-09,,,,,
2020-09-10,,,,,
2020-09-11,,,,,
2020-09-14,,,,,
2020-09-15,,,,,
2020-09-16,,,,,
2020-09-17,,,,,
2020-09-18,,,,,
2020-09-21,,,,,
2020-09-22,,,,,
2020-09-23,,,,,
2020-09-24,,,,,
2020-09-25,,,,,
2020-09-28,,,,,
2020-09-29,,,,,
2020-09-30,,,,,
2020-10-01,,,,,
2020-10-05,,,,,
2020-10-06,,,,,
2020-10-07,,,,,
2020-10-08,,,,,
2020-10-09,,,,,
2020-10-12,,,,,
2020-10-13,,,,,
2020-10-14,,,,,
2020-10-15,,,,,
2020-10-16,,,,,
2020-10-19,,,,,
2020-10-20,,,,,
2020-10-21,,,,,
2020-10-22,,,,,
2020-10-23,,,,,
2020-10-26,,,,,
2020-10-27,,,,,
2020-10-28,,,,,
2020-10-29,,,,,
2020-10-30,,,,,
2020-11-02,,,,,
2020-11-03,,,,,
2020-11-04,,,,,
2020-11-05,,,,,
2020-11-06,,,,,
2020-11-09,,,,,
2020-11-10,,,,,
2020-11-11,,,,,
2020-11-12,,,,,
2020-11-13,,,,,
2020-11-14,,,,,
2020-11-17,,,,,
2020-11-18,,,,,
2020-11-19,,,,,
2020-11-20,,,,,
2020-11-23,,,,,
2020-11-24,,,,,
2020-11-25,,,,,
2020-11-26,,,,,
2020-11-27,,,,,
2020-12-01,,,,,
2020-12-02,,,,,
2020-12-03,,,,,
2020-12-04,,,,,
2020-12-07,,,,,
2020-12-08,,,,,
2020-12-09,,,,,
2020-12-10,,,,,
2020-12-11,,,,,
2020-12-14,,,,,
2020-12-15,,,,,
2020-12-16,,,,,
2020-12-17,,,,,
2020-12-18,,,,,
2020-12-21,,,,,
2020-12-22,,,,,
2020-12-23,,,,,
2020-12-24,,,,,
2020-12-28,,,,,
2020-12-29,,,,,
2020-12-30,,,,,
2020-12-31,,,,,
2021-01-01,,,,,
2021-01-04,,,,,
2021-01-05,,,,,
2021-01-06,,,,,
2021-01-07,,,,,
2021-01-08,,,,,
2021-01-11,,,,,
2021-01-12,,,,,
2021-01-13,,,,,
2021-01-14,,,,,
2021-01-15,,,,,
2021-01-18,,,,,
2021-01-19,,,,,
2021-01-20,,,,,
2021-01-21,,,,,
2021-01-22,,,,,
2021-01-25,,,,,
2021-01-27,,,,,
2021-01-28,,,,,
2021-01-29,21.11839393189964,21.881709063380097,20.65192402312723,21.033580780029297,381938573.0
2021-02-01,21.415238092958393,21.54245700561894,21.118392884966298,21.28801918029785,72044464.0
2021-02-02,21.584863173087466,21.584863173087466,20.94876702791997,20.991172790527344,36735442.0
2021-02-03,21.033578001447598,21.11839114211394,20.39748187296419,20.567108154296875,45816269.0
2021-02-04,20.567110098255917,21.88170824097084,20.22785912120138,21.500051498413086,88486029.0
2021-02-05,21.712084734916367,22.22096203684338,21.669677349444576,21.796897888183594,56318695.0
2021-02-08,21.96652481169016,22.008932201476043,21.712086943680934,21.839305877685547,28324374.0
2021-02-09,21.839303799634603,21.88170956770898,21.37283388011101,21.457645416259766,25243532.0
2021-02-10,21.542455673217773,21.881706625221963,21.203204721213584,21.542455673217773,33132159.0
2021-02-11,21.542455673217773,21.754487720429907,21.415236768425718,21.542455673217773,13586295.0
2021-02-12,21.627268815637855,21.669674578009825,21.457642530797692,21.542455673217773,15658220.0
2021-02-15,22.2209642973759,22.2209642973759,21.754492715790303,21.839305877685547,45629832.0
2021-02-16,21.966522216796875,22.05133536867319,21.88170906492056,21.966522216796875,34557518.0
2021-02-17,22.36430549621582,22.62949590906584,22.010719965111267,22.36430549621582,28638408.0
2021-02-18,22.496900786673653,22.806287062184317,22.452701543008736,22.67369270324707,21022422.0
2021-02-19,22.673691279963297,22.717890520853718,22.275908228121377,22.40850257873535,14542153.0
2021-02-22,22.364302151516313,22.452698942579445,22.05491591183818,22.09911346435547,16652770.0
2021-02-23,22.09911584646601,22.231710204339056,22.010719045874396,22.05491828918457,13021961.0
2021-02-24,22.01072120666504,22.275911634473594,21.96652364504473,22.01072120666504,10958830.0
2021-02-25,22.05491828918457,22.27590944764923,22.010719045874396,22.05491828918457,22761296.0
2021-02-26,21.966521768105682,22.0549185698221,21.657133805112608,21.78972816467285,36424500.0
2021-03-01,21.78972622263911,23.601854595217002,21.78972622263911,22.894681930541992,93579588.0
2021-03-02,23.071477466087565,23.248269382660983,22.496900786673653,22.67369270324707,48494934.0
2021-03-03,22.806284420803422,22.938880450412398,22.49689818112529,22.541095733642578,18806435.0
2021-03-04,22.320107209515115,22.717891972809063,22.320107209515115,22.452701568603516,21742960.0
2021-03-05,22.45270136280372,22.585295720676765,21.922322245282786,22.05491828918457,25255199.0
2021-03-08,22.18751338258753,22.320107744856163,21.92232297202147,21.966522216796875,16353985.0
2021-03-09,22.05491828918457,22.54109816339533,21.922322245282786,22.05491828918457,21380757.0
2021-03-10,22.09911657906551,22.18751338258753,21.966522216796875,21.966522216796875,11360743.0
2021-03-12,22.01071977554349,22.143314137812123,21.92232297202147,21.966522216796875,17086939.0
2021-03-15,22.010719325949513,22.0549185698221,21.657133805112608,21.78972816467285,17382950.0
2021-03-16,21.78972889697237,21.922323260988787,21.657134532955954,21.701332092285156,9649363.0
2021-03-17,21.7013333560452,21.74553260397712,21.303550240831363,21.347747802734375,14312130.0
2021-03-18,21.391943954223247,21.745529456353246,21.12675356310425,21.259347915649414,16168159.0
2021-03-19,21.21515130809071,21.303548109080168,20.773168989172152,21.17095375061035,15260549.0
2021-03-22,21.21515156279291,21.65713388701776,21.082557202731206,21.126754760742188,13817385.0
2021-03-23,21.12675549347104,21.303549103704132,20.99416112881063,21.038358688354492,13742805.0
2021-03-24,21.038357756484,21.12675455768511,20.684772237708312,20.728971481323242,16788250.0
2021-03-25,20.728975430923413,20.817370562938162,20.242793774696956,20.2869930267334,19233029.0
2021-03-26,20.50797941603796,20.59637452730824,20.242789024141103,20.375383377075195,16323314.0
2021-03-30,20.463784976791963,20.596379360843155,20.242793774696956,20.2869930267334,14301425.0
2021-03-31,20.286991377960867,20.419585751235793,20.2427921295166,20.2427921295166,11770453.0
2021-04-01,20.3311875035528,20.50798111277783,20.065998775744074,20.198593139648438,18367745.0
2021-04-05,20.198591980645144,20.24278953740092,19.712410426188015,19.889204025268555,20106460.0
2021-04-06,19.88920601931485,19.88920601931485,19.358826854927344,19.447223663330078,25085603.0
2021-04-07,19.447220562441387,19.71240925933596,19.358823768133657,19.579814910888672,14507382.0
2021-04-08,19.535619033288395,19.75661019500879,19.35882542950058,19.403024673461914,18025782.0
2021-04-09,19.447222231394488,19.49141978932706,19.35882542950058,19.403024673461914,16396258.0
2021-04-12,19.31462675073629,19.31462675073629,18.386462913754926,18.430662155151367,25942981.0
2021-04-13,18.430663277325323,19.00523996223361,18.38646403323775,18.961042404174805,14831755.0
2021-04-15,18.828447122587274,18.87264636846983,18.474861585671,18.651655197143555,18166238.0
2021-04-16,18.784250171705224,19.447223707177173,18.607456554501148,19.226232528686523,22174311.0
2021-04-19,18.740053436275,18.87264781200692,18.474862998782196,18.69585418701172,10477070.0
2021-04-20,18.695849653639016,19.137831922926125,18.651652101121726,18.78424644470215,12199610.0
2021-04-22,18.695853014227893,18.82844738164222,18.56325864681357,18.60745620727539,8974995.0
2021-04-23,18.651655197143555,19.005240734059832,18.563258391407278,18.651655197143555,15602661.0
2021-04-26,18.651654017553007,18.87264517490309,18.519059660348702,18.563257217407227,12051423.0
2021-04-27,18.651652568902506,19.005238055994354,18.607453329248152,18.740049362182617,14181276.0
2021-04-28,18.828448562743638,18.87264781200692,18.6516566237774,18.69585418701172,14514238.0
2021-04-29,18.828448562743638,18.828448562743638,18.6516566237774,18.69585418701172,9521946.0
2021-04-30,18.60745428305644,18.916842232381597,18.56325672716514,18.828445434570312,11713860.0
2021-05-03,18.695853014227893,18.784249821180396,18.519061086351744,18.60745620727539,17512189.0
2021-05-04,18.695852053680706,18.695852053680706,18.474860890667866,18.519060134887695,26418223.0
2021-05-05,18.563257217407227,18.740050817698787,18.519059660348702,18.563257217407227,9381211.0
2021-05-06,18.651655197143555,18.695852756997276,18.563258391407278,18.651655197143555,7525053.0
2021-05-07,18.651655197143555,18.695852756997276,18.563258391407278,18.651655197143555,8322642.0
2021-05-10,18.695852790685386,20.065999066994475,18.651655230752027,19.93340301513672,51346170.0
2021-05-11,19.756613804499562,20.41958741078459,19.624019420448374,20.2869930267334,33120701.0
2021-05-12,20.33118509359743,21.03835607461546,20.33118509359743,20.684770584106445,34159626.0
2021-05-14,20.94996171650405,21.08255606943814,20.331185821440055,20.375383377075195,18230175.0
2021-05-17,20.463780174374147,20.728970566271006,20.331185821440055,20.375383377075195,13816130.0
2021-05-18,20.552176718242418,20.552176718242418,20.24278877452551,20.41958236694336,9997457.0
2021-05-19,20.41958236694336,20.817365420840538,20.37538312582457,20.41958236694336,19146895.0
2021-05-20,20.50797916315228,20.90576221704946,20.286988015644297,20.41958236694336,21995952.0
2021-05-21,20.507979150370495,20.684771056649502,20.463779909279253,20.640573501586914,14712804.0
2021-05-24,21.082556477628565,21.347745188631205,20.949962122127243,21.215150833129883,32823856.0
2021-05-25,21.39194491006963,21.43614246754999,21.08255694962089,21.17095375061035,15738661.0
2021-05-26,21.303550772661076,21.303550772661076,21.03836033653596,21.08255958557129,10671045.0
2021-05-27,21.082557230432375,21.170954032599248,20.817366823931764,20.905763626098633,10133530.0
2021-05-28,20.90576339769671,20.99416019889782,20.596375436507206,20.728971481323242,10532654.0
2021-05-31,20.72897287048859,21.170955220085116,20.64057606336351,20.99416160583496,19396582.0
2021-06-01,21.038360389426646,21.12675720169058,20.773171638663797,20.861568450927734,11780039.0
2021-06-02,20.81736612041819,21.215150873711767,20.728971007267358,20.773168563842773,12961145.0
2021-06-03,20.861568450927734,20.949965263191668,20.817369201781286,20.861568450927734,10748652.0
2021-06-04,20.81736467603449,21.170951848219502,20.728969569016826,20.949960708618164,21328589.0
2021-06-07,21.21515308904754,21.96652343149042,21.1267562806374,21.83392906188965,42832019.0
2021-06-08,22.05491783459979,22.09911539097025,21.568736284381224,21.878124237060547,25856634.0
2021-06-09,21.96651864013946,22.054915429268437,21.391942039843876,21.480337142944336,28032813.0
2021-06-10,21.657133102416992,21.83392670011351,21.480339504720472,21.657133102416992,17127778.0
2021-06-11,21.745530378062792,21.878124736228123,21.524539219110995,21.61293601989746,15835535.0
2021-06-14,21.83392906188965,21.922324184270906,21.391946705867824,21.83392906188965,18111116.0
2021-06-15,22.099117715044848,22.6294968774117,21.922324098912938,22.275911331176758,54064001.0
2021-06-16,22.364304562212105,22.54109816339533,21.96652148859296,22.05491828918457,27411596.0
2021-06-17,22.010720992681048,22.320108979102102,21.701333006259993,21.83392906188965,24326370.0
2021-06-18,22.09911687036322,22.27591047973765,21.39194580492312,21.701332092285156,78058672.0
2021-06-21,21.657135655615868,22.05492045431425,21.48034203707683,22.01072120666504,14319848.0
2021-06-22,22.27590944764923,22.364304562212105,22.010719045874396,22.05491828918457,19440926.0
2021-06-23,22.18751338258753,22.18751338258753,21.833927854528238,21.966522216796875,13104410.0
2021-06-24,22.05492023990056,22.09911780109119,21.789729814670135,21.83392906188965,8410959.0
2021-06-25,21.83392906188965,21.96652343149042,21.745532253479507,21.83392906188965,8120462.0
2021-06-28,22.09911539097025,22.18751218973987,21.833926680690087,21.878124237060547,14044388.0
2021-06-29,22.010719965111267,23.380866216431016,21.833928042573394,22.36430549621582,100006129.0
2021-06-30,22.4527021071248,22.496901351900206,21.745531051006218,21.966522216796875,34846415.0
2021-07-01,22.05491591183818,22.09911346435547,21.391942507907515,21.436140060424805,23822346.0
2021-07-02,21.612936751287613,21.74553111393999,21.436143143731915,21.524539947509766,14428073.0
2021-07-05,21.657134310162142,21.789728672814515,21.436143143731915,21.524539947509766,20315538.0
2021-07-06,21.524538306768417,21.657132659313582,20.994159210559083,21.259347915649414,17324102.0
2021-07-07,21.082557933927177,21.524540273481087,20.905764323694086,21.038358688354492,16098633.0
2021-07-08,21.082557933927177,21.391945908820677,20.94996356926677,21.038358688354492,14740358.0
2021-07-09,21.08255505517325,21.12675260868208,20.90576146908074,20.949960708618164,8652360.0
2021-07-12,21.170956397612994,21.215153960619368,20.90576596148788,21.08255958557129,13596595.0
2021-07-13,21.170951848219502,21.259346955237163,20.949960708618164,20.949960708618164,13753544.0
2021-07-14,21.038357275352688,21.08255651795681,20.728971007267358,20.773168563842773,15287631.0
2021-07-15,20.817366622222803,20.861565865892356,20.507980346679688,20.507980346679688,13068468.0
2021-07-16,20.640575664790855,20.81736758959827,20.552178859372734,20.596376419067383,16212009.0
2021-07-19,20.552176705433084,20.728970297740744,20.463779909279253,20.640573501586914,9181862.0
2021-07-20,20.640574228466033,20.728971027732847,20.50797987258017,20.55217742919922,7502994.0
2021-07-22,20.68477318882675,20.905764358976672,20.59637638356102,20.817367553710938,9446372.0
2021-07-23,20.861566835321746,20.861566835321746,20.552178859372734,20.596376419067383,6701681.0
2021-07-26,20.55217742919922,20.684771785085086,20.50797987258017,20.55217742919922,7567068.0
2021-07-27,20.552176718242418,20.64057351445134,20.331185570734434,20.41958236694336,8964578.0
2021-07-28,20.3753838512193,20.419583093911648,20.198591938536044,20.331186294555664,8776723.0
2021-07-29,20.3311875035528,20.419584308165316,20.198593139648438,20.198593139648438,6718597.0
2021-07-30,20.286988737892028,20.50797989326763,20.198591938536044,20.331186294555664,7024120.0
2021-08-02,20.463782053954613,21.03835876012916,20.41958449425997,20.596376419067383,18872464.0
2021-08-03,20.640575629208296,20.994161164242403,20.552178823942562,20.817367553710938,11062324.0
2021-08-04,20.90576601404522,20.949965263191668,20.50798288790095,20.861568450927734,15813294.0
2021-08-05,20.861566068029582,21.038357986334557,20.50798054539086,20.905763626098633,10469724.0
2021-08-06,20.773169994092484,20.861566799358215,20.59637638356102,20.817367553710938,8223906.0
2021-08-09,20.817367553710938,20.905764358976672,20.640575629208296,20.817367553710938,7670837.0
2021-08-10,20.817365677541282,20.817365677541282,20.331185821440055,20.375383377075195,7343285.0
2021-08-11,20.375383377075195,20.50797941603796,20.154392226842152,20.375383377075195,8655301.0
2021-08-12,20.463781028723414,21.303548109080168,20.375384227733953,21.17095375061035,13674855.0
2021-08-13,21.215152298587586,21.347746663247992,20.94996356926677,21.038358688354492,9734894.0
2021-08-16,21.436143955431486,21.436143955431486,20.905764798709885,20.99416160583496,9160653.0
2021-08-17,20.994159000173582,20.994159000173582,20.552176705433084,20.640573501586914,7973831.0
2021-08-18,20.640574680122132,21.12675455768511,20.419583520133735,20.728971481323242,7908641.0
2021-08-20,20.596375006594904,20.640574249287255,20.286988737892028,20.331186294555664,9048947.0
2021-08-23,20.463780671671856,20.59637502782817,19.93340156101788,20.11019515991211,9143940.0
2021-08-24,19.977605006594573,20.375388158748144,19.977605006594573,20.2869930267334,8233304.0
2021-08-25,20.331185821440055,20.5521769716731,20.331185821440055,20.375383377075195,3960870.0
2021-08-26,20.419585751235793,20.50798256209539,20.19859456710127,20.2427921295166,4388277.0
2021-08-27,20.198593139648438,20.3311875035528,20.110196335035923,20.198593139648438,6665003.0
2021-08-30,20.24278949519968,20.463780650575284,20.24278949519968,20.331186294555664,6514245.0
2021-08-31,20.33119059274077,20.640578612879597,20.19859620868958,20.2869930267334,12755814.0
2021-09-01,20.375383377075195,20.463780174374147,20.286988265804915,20.375383377075195,5746286.0
2021-09-02,20.419583093911648,20.463780650575284,20.286988737892028,20.331186294555664,4622547.0
2021-09-03,20.331185821440055,20.463780174374147,20.331185821440055,20.375383377075195,4485349.0
2021-09-06,20.419582618739007,20.463780174374147,20.331185821440055,20.375383377075195,3775722.0
2021-09-07,20.419583093911648,20.463780650575284,20.286988737892028,20.331186294555664,5302631.0
2021-09-08,20.3753838512193,20.463780650575284,20.331186294555664,20.331186294555664,3914433.0
2021-09-09,20.375383377075195,20.419582618739007,20.331185821440055,20.375383377075195,3847580.0
2021-09-13,20.41958741078459,20.463784976791963,20.242793774696956,20.2869930267334,8635952.0
2021-09-14,20.41958741078459,20.41958741078459,20.242793774696956,20.2869930267334,11404677.0
2021-09-15,20.286989944260952,20.3311875035528,20.154393894327775,20.198593139648438,17256868.0
2021-09-16,20.242789039798968,20.28698828149697,20.06599713109299,20.15439224243164,22286215.0
2021-09-17,20.242789039798968,20.28698828149697,20.06599713109299,20.15439224243164,24880477.0
2021-09-20,20.11019589018152,20.242790251152783,19.97760152921025,20.021799087524414,10239638.0
2021-09-21,20.065998361240357,20.11019591961922,19.756610394502,19.80080795288086,10140120.0
2021-09-22,19.84500767527696,19.977602039636,19.712411624889103,19.756610870361328,9723023.0
2021-09-23,19.8450071972885,19.88920475566736,19.756610394502,19.80080795288086,8459264.0
2021-09-24,19.845006012421887,19.933401123901884,19.668212417404533,19.71240997314453,10388205.0
2021-09-27,19.800803892707215,19.88920067736787,19.756606343391102,19.845003128051758,8668665.0
2021-09-28,19.800808429804736,19.889205234720368,19.712411624889103,19.756610870361328,11350575.0
2021-09-29,19.88920472655315,20.242790251152783,19.75661036558188,20.021799087524414,22206444.0
2021-09-30,20.242790698940286,20.375385062844654,20.065998775744074,20.198593139648438,14638191.0
2021-10-01,20.198592554281504,21.21515156279291,20.11019575223078,21.126754760742188,35110359.0
2021-10-04,21.39194758470278,21.701333897805316,21.03836033653596,21.08255958557129,28542026.0
2021-10-05,21.038360389426646,21.17095645083703,20.817369201781286,20.861568450927734,13352924.0
2021-10-06,20.861566068029582,21.39194519500204,20.817366823931764,20.905763626098633,40508684.0
2021-10-07,21.082557969508137,21.12675552912659,20.773169994092484,20.817367553710938,9134428.0
2021-10-08,20.90576601404522,21.038360389426646,20.817369201781286,20.861568450927734,7914906.0
2021-10-11,20.994161164242403,21.038358723860856,20.817367553710938,20.817367553710938,7353291.0
2021-10-12,20.817366596495603,20.90576339769671,20.684772237708312,20.728971481323242,8386488.0
2021-10-13,20.77316926586271,21.30354839283517,20.68477246369584,20.905763626098633,13948613.0
2021-10-14,20.949965263191668,21.08255963857309,20.861568450927734,20.861568450927734,12702200.0
2021-10-18,21.03835836974599,21.878125476592366,20.949963251996937,21.524539947509766,43875005.0
2021-10-19,21.612938771792564,21.745533146840646,20.90576596148788,21.08255958557129,23602125.0
2021-10-20,21.12675552912659,21.170954774773868,20.68477318882675,20.817367553710938,12927201.0
2021-10-21,20.905763323390243,21.524539243569908,20.861565765961156,21.391944885253906,25331808.0
2021-10-22,21.568735763360337,23.11567380335995,21.34774461478896,22.806285858154297,115092468.0
2021-10-25,23.15987408150787,23.336665996662358,21.7455303301283,22.05491828918457,53319421.0
2021-10-26,22.099118015934557,22.45270356698373,21.745532464885386,22.01072120666504,24445799.0
2021-10-27,22.09911657906551,22.364305303602777,21.92232297202147,21.966522216796875,18162921.0
2021-10-28,21.966523785550002,22.054920595384935,21.259350992899442,21.347747802734375,17364266.0
2021-10-29,21.082556925164074,21.524539243569908,20.552177805871324,21.391944885253906,16105471.0
2021-11-01,21.745529174804688,22.36430337401349,21.65713237890953,21.745529174804688,22482750.0
2021-11-02,21.922323260988787,21.966522506346802,21.612936973626756,21.701332092285156,12204586.0
2021-11-03,21.83392619446284,22.27590849243959,21.701330156246886,22.143312454223633,19662155.0
2021-11-04,22.36430549621582,22.5410991047825,22.27591037796129,22.36430549621582,9910868.0
2021-11-08,22.541098370005365,22.673692729093762,22.143313606711416,22.452701568603516,22364054.0
2021-11-09,22.71789239382541,22.983081116916782,22.408504426199617,22.850486755371094,27949534.0
2021-11-10,22.914261759991007,23.005372493663064,22.5042660651558,22.595375061035156,18408557.0
2021-11-11,22.54982095783866,22.595375456575784,22.367599487304688,22.367599487304688,9087058.0
2021-11-12,22.367601295466958,22.458712038099197,22.04871630294344,22.23093605041504,9367045.0
2021-11-15,22.504266861153145,22.549821360704126,22.048714914472253,22.13982391357422,7472234.0
2021-11-16,22.230932112321884,22.230932112321884,22.048712397129552,22.094266891479492,4493317.0
2021-11-17,22.003154621656904,22.094265341758728,21.8209349192457,21.86648941040039,7206748.0
2021-11-18,21.820940160324106,21.912049164516567,21.456497192382812,21.456497192382812,12290674.0
2021-11-22,21.410943563360917,21.866495554070724,21.27427831370656,21.63871955871582,15144944.0
2021-11-23,21.6842754508934,21.866496953960286,21.41094493408611,21.72983169555664,7176938.0
2021-11-24,21.820941050116915,21.866495554070724,21.59316505476201,21.63871955871582,5884980.0
2021-11-25,21.63871703526245,21.684271533903804,21.456495565111567,21.593162536621094,5125837.0
2021-11-26,21.410941972900947,21.593163450766163,21.228720495035734,21.274276733398438,7209870.0
2021-11-29,21.092056274414062,21.775384242728514,20.682060536101126,21.092056274414062,26736896.0
2021-11-30,21.092053863637542,21.50205129288154,21.092053863637542,21.183164596557617,4271236.0
2021-12-01,21.319832263852213,21.365388504415577,21.046501771643587,21.092056274414062,5898569.0
2021-12-02,21.274275329477693,21.274275329477693,21.04649936607385,21.183164596557617,4187212.0
2021-12-03,21.13761021177618,21.63871663882128,21.13761021177618,21.3198299407959,5631044.0
2021-12-06,21.41094310616237,21.456497609143433,21.137612612690223,21.228721618652344,5983533.0
2021-12-07,21.410939934798275,21.50205066505807,21.046498751551727,21.137609481811523,6328241.0
2021-12-08,21.274275442989143,21.410940674202106,21.183164709582936,21.3198299407959,4939244.0
2021-12-09,21.456497972931192,21.684273967284145,21.274278220124582,21.50205421447754,5503212.0
2021-12-10,21.502051801545655,21.684271533903804,21.456495565111567,21.593162536621094,5319317.0
2021-12-13,21.775384712583914,21.775384712583914,21.456497972931192,21.50205421447754,4212726.0
2021-12-14,21.31983072561417,21.547606698618154,21.31983072561417,21.365386962890625,4350221.0
2021-12-15,21.365388603181312,21.456497609143433,21.137612612690223,21.228721618652344,4861713.0
2021-12-16,21.274278281611156,21.365389027174253,20.773170049910604,21.000946044921875,9157304.0
2021-12-17,21.046500780978455,21.046500780978455,20.682059562590354,20.773168563842773,10293500.0
2021-12-20,20.72761385175917,20.72761385175917,20.454283375204735,20.49983787536621,7969017.0
2021-12-21,20.545392375527687,20.72761385175917,20.454283375204735,20.49983787536621,7246168.0
2021-12-22,20.5909481048584,20.682058840723585,20.408726633128026,20.5909481048584,7072820.0
2021-12-23,20.682060948178194,21.000945949510875,20.63650470670715,20.864280700683594,8518409.0
2021-12-24,20.81872327991219,20.81872327991219,20.45428208817351,20.545391082763672,6593200.0
2021-12-27,20.5909481048584,20.682058840723585,20.454282869956995,20.5909481048584,4025184.0
2021-12-28,20.590948823545123,20.864279302888,20.54539258512611,20.773168563842773,4058607.0
2021-12-29,20.8187255859375,21.000945333094414,20.773169345803616,20.8187255859375,3573893.0
2021-12-30,20.864279302888,20.909835541307018,20.727614063216564,20.773168563842773,2701320.0
2021-12-31,20.86428008827851,20.955390830753405,20.773169345803616,20.8187255859375,3542826.0
2022-01-03,20.90983703715171,21.04650228659989,20.8642807954737,21.000946044921875,6385594.0
2022-01-04,21.04650228659989,21.13761303216298,20.90983703715171,21.000946044921875,6402243.0
2022-01-05,21.000945333094414,21.046501573228298,20.682060341121595,20.8187255859375,7127303.0
2022-01-06,20.773169345803616,20.909836328412393,20.682060341121595,20.8187255859375,7417986.0
2022-01-07,20.955390316653105,21.000944817876526,20.86427957641344,20.909835815429688,5352715.0
2022-01-10,21.000944817876526,21.000944817876526,20.86427957641344,20.909835815429688,8226337.0
2022-01-11,20.909835815429688,21.13761179713244,20.81872507519002,20.909835815429688,11344815.0
2022-01-12,21.092056790484968,21.092056790484968,20.90983703715171,21.000946044921875,7981078.0
2022-01-13,21.046501673082947,21.046501673082947,20.90983642761864,20.95539093017578,6196111.0
2022-01-14,20.955389128885738,21.63871703526245,20.8642783938103,21.593162536621094,16831189.0
2022-01-17,21.820937439662238,22.094267893746164,21.68427047482763,21.912046432495117,16579585.0
2022-01-18,22.094268972846923,22.185379707922362,21.54760630018701,21.593162536621094,7441045.0
2022-01-19,21.547607934368134,21.63871867635346,21.410942690286582,21.456497192382812,5504174.0
2022-01-20,21.456497192382812,21.63871867635346,21.410942690286582,21.456497192382812,5622661.0
2022-01-21,21.41094310616237,21.729829840408478,21.183167115671285,21.228721618652344,8028725.0
2022-01-24,21.274277560519096,21.410942805335,20.727614843462607,20.8187255859375,12317944.0
2022-01-25,20.77316944436145,21.046501673082947,20.499838953432832,20.95539093017578,6995265.0
2022-01-27,20.955390316653105,21.09205555811619,20.773168836173774,20.909835815429688,7169492.0
2022-01-28,21.000946044921875,21.228722039933146,20.955391541036793,21.000946044921875,5703163.0
2022-01-31,21.31983123396834,21.31983123396834,21.092055255533225,21.274276733398438,6102682.0
2022-02-01,21.365388504415577,21.502053750519888,21.000945531080227,21.092056274414062,10345830.0
2022-02-02,21.183164596557617,21.319829827041385,21.092053863637542,21.183164596557617,5780813.0
2022-02-03,21.1831639780451,21.274274708304898,21.092053247785305,21.137609481811523,4151889.0
2022-02-04,21.13761303216298,21.228722039933146,20.955391541036793,21.000946044921875,5329628.0
2022-02-07,21.04650228659989,21.092056790484968,20.955391541036793,21.000946044921875,5132340.0
2022-02-08,21.046501673082947,21.092056175640092,20.864280187268616,20.95539093017578,5051898.0
2022-02-09,21.000946044921875,21.092056790484968,20.955391541036793,21.000946044921875,3686570.0
2022-02-10,21.092056274414062,21.41094300718605,21.000945531080227,21.092056274414062,9814830.0
2022-02-11,21.09205555811619,21.13761179713244,20.86427957641344,20.909835815429688,7856571.0
2022-02-14,20.773168658019838,20.81872489664539,20.044286217939174,20.13539695739746,11887542.0
2022-02-15,20.363172637088994,20.545392375527687,20.13539666069604,20.49983787536621,6329315.0
2022-02-16,20.59094731785143,20.68205805023427,20.45428208817351,20.545391082763672,5154180.0
2022-02-17,20.636500569243193,20.636500569243193,20.408724620934123,20.454280853271484,2990546.0
2022-02-18,20.45428570598008,20.45428570598008,20.226509703631944,20.272064208984375,3970610.0
2022-02-21,20.135398083825457,20.22650882838072,20.04428733927019,20.089841842651367,5325454.0
2022-02-22,19.862063745379945,19.95317448028022,19.725398511925896,19.816509246826172,7967669.0
2022-02-23,19.816510742360897,20.135397469681596,19.816510742360897,20.044286727905273,13657093.0
2022-02-24,19.725399732441083,19.725399732441083,19.042071785096987,19.133182525634766,15562873.0
2022-02-25,19.269846963416988,19.725398909302935,19.269846963416988,19.588733673095703,6627144.0
2022-02-28,19.497624323501057,19.725400312648947,19.315404574858473,19.679845809936523,3719485.0
2022-03-02,19.907623202340815,19.907623202340815,19.634290953420862,19.770957946777344,4596433.0
2022-03-03,19.862063745379945,19.907619981726448,19.725398511925896,19.816509246826172,4153853.0
2022-03-04,19.770953845499513,19.770953845499513,19.543177887545795,19.634286880493164,4796578.0
2022-03-07,19.54317702517326,19.54317702517326,19.22429035055089,19.315401077270508,5512286.0
2022-03-08,19.26984569532575,19.862062838446878,19.178734964585733,19.634286880493164,8292033.0
2022-03-09,19.725399017333984,19.816509754568717,19.634288280099252,19.725399017333984,4997588.0
2022-03-10,19.953175099299123,19.998731337058942,19.77095536163819,19.862064361572266,5835297.0
2022-03-11,19.816509754568717,20.04428572875916,19.679844517613002,19.725399017333984,10641873.0
2022-03-14,19.90762097764815,20.180951458230197,19.72539949873158,20.13539695739746,7375394.0
2022-03-15,20.31761539632681,20.4542823656514,20.089839431176095,20.180950164794922,6846313.0
2022-03-16,20.272064208984375,20.36317495748223,20.13539895513409,20.272064208984375,4423308.0
2022-03-17,20.454284353830797,21.13761231570319,20.135397624065106,20.8187255859375,15192734.0
2022-03-21,21.000944436145943,21.046500674334123,20.59094871920911,20.636503219604492,6083898.0
2022-03-22,20.63650300626007,20.727613743901713,20.22650729356186,20.36317253112793,7366442.0
2022-03-23,20.36317253112793,20.59094850633564,20.27206179348629,20.36317253112793,6972424.0
2022-03-24,20.363173656616976,20.45428439929438,20.27206291393957,20.317617416381836,4405621.0
2022-03-25,20.363172937146768,20.408727437979504,20.08984071877191,20.13539695739746,5570071.0
2022-03-28,20.135396574752836,20.27206181244673,19.81650986160523,19.862064361572266,7159635.0
2022-03-29,19.90761907271321,19.953173569186895,19.634286880493164,19.634286880493164,6497792.0
2022-03-30,19.725398909302935,19.81650964603868,19.543179173624214,19.588733673095703,6814486.0
2022-03-31,19.63429138690535,19.770958383279154,19.49762612832459,19.543182373046875,8040582.0
2022-04-01,19.497622936359964,19.679844409831446,19.45206843688847,19.588733673095703,10607411.0
2022-04-04,19.679844517613002,19.90762049180345,19.634288280099252,19.725399017333984,13261803.0
2022-04-05,19.72539823449349,20.31761539632681,19.72539823449349,20.180950164794922,8377562.0
2022-04-06,20.08984071877191,20.31761669852122,20.044286217939174,20.13539695739746,6691801.0
2022-04-07,20.226508411497306,20.363173656616976,20.180952171262167,20.317617416381836,6164467.0
2022-04-08,20.40872713725047,20.590948613481952,20.363172637088994,20.49983787536621,5812243.0
2022-04-11,20.590948613481952,20.63650311364343,20.40872713725047,20.49983787536621,5636321.0
2022-04-12,20.40872946283466,20.45428570598008,20.13539895513409,20.272064208984375,5415858.0
2022-04-13,20.272064208984375,20.40872946283466,20.180953460486524,20.272064208984375,4063739.0
2022-04-18,20.272062713449653,20.317617215441384,19.95317598612895,20.044286727905273,4439796.0
2022-04-19,20.135397469681596,20.408727957217707,19.95317598612895,20.044286727905273,8634544.0
2022-04-20,20.089841229897004,20.22650821145792,19.998732225913542,20.044286727905273,4610776.0
2022-04-21,20.135398083825457,20.2720633317619,20.089841842651367,20.089841842651367,5046345.0
2022-04-22,20.044286422121292,20.636503627943583,19.998731920824515,20.408727645874023,13593912.0
2022-04-25,20.40872815905924,20.45428439929438,20.180952171262167,20.317617416381836,6980246.0
2022-04-26,20.317617416381836,20.40872815905924,20.27206291393957,20.317617416381836,4007088.0
2022-04-27,20.22650729356186,20.40872703105236,20.18095105584465,20.36317253112793,6440370.0
2022-04-28,20.454283884963633,20.499838386260414,20.226507902894074,20.408727645874023,5196942.0
2022-04-29,20.40872815905924,20.636504146856314,20.226508411497306,20.317617416381836,5980303.0
2022-05-02,20.272064208984375,20.31761871433681,20.180953460486524,20.272064208984375,5574697.0
2022-05-04,20.272062713449653,20.363173455225976,20.044286727905273,20.044286727905273,5020823.0
2022-05-05,20.135398083825457,20.22650882838072,20.04428733927019,20.089841842651367,4973251.0
2022-05-06,19.907623202340815,20.04428845790429,19.725401703060847,19.770957946777344,4008872.0
2022-05-09,19.770957946777344,19.81651245270083,19.543181941573884,19.770957946777344,4374681.0
2022-05-10,19.86206739713763,19.907623641859914,19.543182373046875,19.543182373046875,6627695.0
2022-05-11,19.588734182709565,19.634288683366186,19.315403703184227,19.497623443603516,5823704.0
2022-05-12,19.49762578342476,19.49762578342476,19.22429527109827,19.26984977722168,6472563.0
2022-05-13,19.360958712258448,19.45206945375706,19.360958712258448,19.406513214111328,3492615.0
2022-05-16,19.452068328857422,19.95317477143186,19.36095759262768,19.452068328857422,6334547.0
2022-05-17,19.543179173624214,19.725398909302935,19.497622936359964,19.588733673095703,3964019.0
2022-05-18,19.72539761123318,19.862062838446878,19.58873238401948,19.634286880493164,3198002.0
2022-05-19,19.452068942946898,19.725399422472233,19.36095820384085,19.497623443603516,4268661.0
2022-05-20,19.679844409831446,19.99873111951016,19.543179173624214,19.588733673095703,6539615.0
2022-05-23,19.77095566092166,19.81651016157828,19.452068942946898,19.497623443603516,4715492.0
2022-05-24,19.58873238401948,19.770953845499513,19.40651092253945,19.634286880493164,3822900.0
2022-05-25,19.77095618010577,19.77095618010577,19.360958712258448,19.406513214111328,3077016.0
2022-05-26,19.406512599776033,19.49762333839043,19.22429286034004,19.360958099365234,3482555.0
2022-05-27,19.40651006619755,19.54317702517326,19.13317962383128,19.315401077270508,4756468.0
2022-05-30,19.360958099365234,19.45206883797963,19.315403598954436,19.360958099365234,3085932.0
2022-05-31,19.36095557173403,19.40651006619755,19.315401077270508,19.315401077270508,2753514.0
2022-06-01,19.406512599776033,19.45206883797963,19.315403598954436,19.360958099365234,4618347.0
2022-06-02,19.36096086974383,19.58873687997611,19.315406362814592,19.543182373046875,2687254.0
2022-06-03,19.588734182709565,19.634288683366186,19.452068942946898,19.497623443603516,2376146.0
2022-06-06,19.49762333839043,19.49762333839043,19.315403598954436,19.360958099365234,3058575.0
2022-06-07,19.360958099365234,19.406512599776033,19.269847360750838,19.360958099365234,5467984.0
2022-06-08,19.360958099365234,19.406512599776033,19.315403598954436,19.360958099365234,1632520.0
2022-06-09,19.315401077270508,19.36095557173403,19.269844845014415,19.315401077270508,1638001.0
2022-06-10,19.26984977722168,19.315406021138106,19.22429527109827,19.26984977722168,1628912.0
2022-06-13,19.22429430300549,19.22429430300549,18.905407562821004,18.95096206665039,6978917.0
2022-06-14,18.905406951904297,19.042072196769126,18.859852449546977,18.905406951904297,4484916.0
2022-06-15,18.905406951904297,18.950961454261616,18.859852449546977,18.905406951904297,3060444.0
2022-06-16,18.950961675539588,18.950961675539588,18.22207920255456,18.404300689697266,7871297.0
2022-06-17,18.31318816110307,18.31318816110307,17.99430145858231,18.03985595703125,6562891.0
2022-06-20,18.039855731415372,18.085411967087285,17.58430380145243,17.766525268554688,4780572.0
2022-06-21,17.903192878992545,18.22207961989937,17.76652762940189,18.176525115966797,3006661.0
2022-06-22,18.176524333636806,18.267633337580566,18.085413591900192,18.13096809387207,2309521.0
2022-06-23,18.039856740904785,18.222078218203947,17.994302240476397,18.085412979125977,2903295.0
2022-06-24,18.08541349086139,18.130967992578768,17.948748247916413,17.99430274963379,3141275.0
2022-06-27,18.08541349086139,18.130967992578768,17.948748247916413,17.99430274963379,3435302.0
2022-06-28,18.03985968890146,18.03985968890146,17.812083673951726,17.903194427490234,3878945.0
2022-06-29,17.812083673951726,17.994305181028743,17.7209746582063,17.903194427490234,2911052.0
2022-06-30,17.903194427490234,17.94875067315603,17.812083673951726,17.903194427490234,2829852.0
2022-07-01,17.948749120718055,18.267634123831947,17.85763837505997,18.176525115966797,2510750.0
2022-07-04,18.31318947503397,18.31318947503397,17.903192008406187,17.99430274963379,4764980.0
2022-07-05,18.085413591900192,18.222078835608684,18.039857352135456,18.13096809387207,2172288.0
2022-07-06,18.176525115966797,18.22207961989937,18.085414370308712,18.176525115966797,3057654.0
2022-07-07,18.22207961989937,18.313190365557457,18.130968874241287,18.176525115966797,2256307.0
2022-07-08,18.22207961989937,18.313190365557457,18.176525115966797,18.176525115966797,2821482.0
2022-07-11,18.17652392600864,18.4498544072959,18.130967687265553,18.35874366760254,2136231.0
2022-07-12,18.35874444901514,18.586520439047074,18.267633705443792,18.404300689697266,2131019.0
2022-07-13,18.495410214670073,18.495410214670073,18.267634218244122,18.313190460205078,1711397.0
2022-07-14,18.26763473617248,18.313190979425055,18.176525725253306,18.22208023071289,2438490.0
2022-07-15,18.267634218244122,18.404301206334047,18.176525209908096,18.313190460205078,3888758.0
2022-07-18,18.31318866023036,18.495408396785262,18.31318866023036,18.449853897094727,1920084.0
2022-07-19,18.449854780356457,18.677630765299128,18.404300278485064,18.632076263427734,1733146.0
2022-07-20,18.586518844571685,18.90540555081874,18.586518844571685,18.814294815063477,2638431.0
2022-07-21,18.814297240420302,18.814297240420302,18.723186492919922,18.723186492919922,1861097.0
2022-07-22,18.768741707039467,19.087628436919317,18.723185466889273,18.905406951904297,2691375.0
2022-07-25,18.905407987920682,18.950962492774387,18.63207748321251,18.723186492919922,2621417.0
2022-07-26,18.677628062334772,18.723182557613672,18.586517333984375,18.586517333984375,1044496.0
2022-07-27,18.58651591855555,18.58651591855555,18.449850705333795,18.495405197143555,1357707.0
2022-07-28,18.586517333984375,18.677628062334772,18.54096283870548,18.586517333984375,1509341.0
2022-07-29,18.632076363524778,18.85985234969113,18.632076363524778,18.768741607666016,2688899.0
2022-08-01,18.859849551172225,19.452066679770024,18.72318258951745,19.08762550354004,5196431.0
2022-08-02,19.133182121725643,19.49762333839043,19.087627621314844,19.360958099365234,3465913.0
2022-08-03,19.406513214111328,19.58873469710855,19.360958712258448,19.406513214111328,3404410.0
2022-08-04,19.54318019525567,19.725399940460036,19.269847970759837,19.406513214111328,5179908.0
2022-08-05,19.406512599776033,19.543179576594024,19.315403598954436,19.360958099365234,2668174.0
2022-08-08,19.36095759262768,19.543179065087163,19.315403093409188,19.452068328857422,2242450.0
2022-08-10,19.497622828075915,19.679844300535393,19.36095759262768,19.452068328857422,3695871.0
2022-08-11,19.588731519636784,19.679842246356397,19.269844845014415,19.315401077270508,3384528.0
2022-08-12,19.315403093409188,19.543179065087163,19.224292357179447,19.452068328857422,3140348.0
2022-08-16,19.497622828075915,19.543179065087163,19.36095759262768,19.452068328857422,3285567.0
2022-08-17,19.452068328857422,19.543179065087163,19.406512091846174,19.452068328857422,2817475.0
2022-08-18,19.40651270449747,19.634288683366186,19.36095820384085,19.497623443603516,3367337.0
2022-08-19,19.49762333839043,19.634288577415624,19.360958099365234,19.360958099365234,3208472.0
2022-08-22,19.4065104466209,19.4065104466209,19.042069270390915,19.08762550354004,2995773.0
2022-08-23,18.99651477503439,19.26984522275873,18.950958541885267,19.08762550354004,2215625.0
2022-08-24,19.08762863472207,19.224293881003145,19.042072394099783,19.17873764038086,5540331.0
2022-08-25,19.17873651717268,19.452068731519944,19.17873651717268,19.224292755126953,2519955.0
2022-08-26,19.360958099365234,19.588734077004826,19.315403598954436,19.360958099365234,4050990.0
2022-08-29,19.224292357179447,19.588733564305656,19.087627121731217,19.452068328857422,3976760.0
2022-08-30,19.588734182709565,19.588734182709565,19.452068942946898,19.497623443603516,2987602.0
2022-09-01,19.4520711919339,19.998733951980803,19.406514948217403,19.770957946777344,7092597.0
2022-09-02,19.862064635785696,20.04428611375514,19.67984489560906,19.99873161315918,7214311.0
2022-09-05,20.13539695739746,20.226507696855748,19.953175478480887,20.13539695739746,5413152.0
2022-09-06,20.180951663804464,20.499838386260414,20.135397162507683,20.408727645874023,7029366.0
2022-09-07,20.272061505160487,20.773167948373196,20.272061505160487,20.72761344909668,11453837.0
2022-09-08,20.81872418544247,20.955389421064776,20.682058949820163,20.72761344909668,8544734.0
2022-09-09,20.773169345803616,20.909836328412393,20.54539335851282,20.8187255859375,7536327.0
2022-09-12,20.81872507519002,21.000944817876526,20.59094909348727,20.909835815429688,11931156.0
2022-09-13,20.955390418983384,21.09205566111384,20.864279678298804,21.04650115966797,11480792.0
2022-09-14,20.8187255859375,20.909836328412393,20.773169345803616,20.8187255859375,4983940.0
2022-09-15,21.08106663900013,21.1279127389278,20.846832565233463,20.893678665161133,5293333.0
2022-09-16,20.70629432179885,20.846834421157837,20.425212336016557,20.612600326538086,7621644.0
2022-09-19,20.5189055821325,20.5189055821325,20.19097750422463,20.237825393676758,4090063.0
2022-09-20,20.237825680395705,20.425211879666236,20.19097779027986,20.284671783447266,2769912.0
2022-09-21,20.28467079616581,20.472058773380205,20.050436718179913,20.14413070678711,5095250.0
2022-09-22,20.144132328909055,20.190978433452877,19.956744336605098,20.097286224365234,3121582.0
2022-09-23,20.144131222366948,20.144131222366948,19.909897138385936,19.956743240356445,3349284.0
2022-09-26,19.909896369822675,19.909896369822675,19.488274320106648,19.581968307495117,6258183.0
2022-09-27,19.722511974002845,19.956746091447368,19.581971860949032,19.816205978393555,4591378.0
2022-09-28,20.425211113069537,20.425211113069537,19.72250887128415,19.909896850585938,6152889.0
2022-09-29,20.050435728586358,20.097283614109866,19.909895646144044,20.003589630126953,2861215.0
2022-09-30,20.003590840236832,20.097284829887727,19.816202860935043,19.909896850585938,3226644.0
2022-10-03,19.863050749292597,20.003590840236832,19.816202860935043,19.909896850585938,3531770.0
2022-10-04,19.956741744603445,20.097283614109866,19.956741744603445,20.003589630126953,2654820.0
2022-10-06,20.09728390610162,20.09728390610162,20.003589920757435,20.05043601989746,2409652.0
2022-10-07,20.003589630126953,20.050435728586358,19.909895646144044,20.003589630126953,1793061.0
2022-10-10,19.95674203455328,20.19097610438167,19.863049836273227,20.05043601989746,5286105.0
2022-10-11,20.144129712569267,20.19097581102867,19.956741744603445,20.003589630126953,2507254.0
2022-10-12,20.097283614109866,20.144129712569267,20.003589630126953,20.003589630126953,2250705.0
2022-10-13,20.003589920757435,20.09728390610162,19.95674203455328,20.05043601989746,2494125.0
2022-10-14,20.05043601989746,20.19097610438167,20.003589920757435,20.05043601989746,2736083.0
2022-10-17,20.050437231361695,20.050437231361695,19.86305103641543,19.956743240356445,2903656.0
2022-10-18,20.003589920757435,20.09728390610162,19.909895935413253,20.05043601989746,2954018.0
2022-10-19,20.144132328909055,20.144132328909055,20.003592228213254,20.097286224365234,3812012.0
2022-10-20,20.097285120396442,20.097285120396442,19.909897138385936,19.956743240356445,2138398.0
2022-10-21,19.956741744603445,20.050435728586358,19.956741744603445,20.003589630126953,1874409.0
2022-10-24,20.331519385516756,20.331519385516756,20.14413140183676,20.237825393676758,2874558.0
2022-10-25,20.09728575403542,20.70629403417437,20.09728575403542,20.565753936767578,7281948.0
2022-10-27,20.846832565233463,21.034220539072464,20.659444591394465,20.893678665161133,6706879.0
2022-10-28,20.89367907437091,21.174761040634497,20.89367907437091,20.940526962280273,6390289.0
2022-10-31,21.081067118210058,21.455841287343176,20.98737312916073,21.221607208251953,8254434.0
2022-11-01,21.315300493271668,21.45584057867162,21.034220322471764,21.127912521362305,7735529.0
2022-11-02,21.221607208251953,21.31530119730128,21.081067118210058,21.221607208251953,5131538.0
2022-11-03,21.22160818837932,21.596382374821513,21.127914195002703,21.36214828491211,11765692.0
2022-11-04,21.502688708171032,22.580165091165483,21.455840821132217,22.20539093017578,34154707.0
2022-11-07,22.439626008862398,23.657642533378986,22.439626008862398,23.1423282623291,52076818.0
2022-11-09,23.42340730122407,23.845029347471765,23.142327128435042,23.517101287841797,38875439.0
2022-11-10,23.470254784852035,23.56394877699414,22.861246516524744,22.90809440612793,14954605.0
2022-11-11,23.37656287228147,23.51710296872105,22.76755280926947,22.954940795898438,18761662.0
2022-11-14,23.095479049297133,23.423407106196713,22.861244978235163,23.236019134521484,22046223.0
2022-11-15,23.28286790537547,23.938722257023215,23.28286790537547,23.610795974731445,35052725.0
2022-11-16,23.610796293627075,25.625209051072282,23.610796293627075,25.25043487548828,191610244.0
2022-11-17,26.312593748066586,27.712714152089063,26.216033402662383,26.94023323059082,215982024.0
2022-11-18,27.13335344562868,27.471313727749724,25.87807266085557,26.553993225097656,108880653.0
2022-11-21,26.553992084028142,27.278191868138002,25.974631888393198,27.133352279663086,77988304.0
2022-11-22,27.229915064788973,29.16111466252619,27.133354716555022,27.95411491394043,174086537.0
2022-11-23,28.002391652164295,28.43691225932303,27.32647111696966,28.243791580200195,87003661.0
2022-11-24,28.485193017820006,30.609513233809214,28.388632673141338,29.837032318115234,239985161.0
2022-11-25,30.12671159547006,31.044032053825617,29.981870166030028,30.706069946289062,151615074.0
2022-11-28,30.8991913637526,33.60286987138682,30.706070681035015,32.395870208740234,321464637.0
2022-11-29,32.7338330299696,35.05127022212301,32.637270844794,34.085670471191406,347649114.0
2022-11-30,34.858149336949964,35.823749082388694,31.38199172675881,31.67167091369629,356366103.0
2022-12-01,32.057910293793256,33.4580305743968,31.430269024859445,33.02350997924805,198522937.0
2022-12-02,33.50631497840758,33.554594233416125,32.73383584785768,33.313194274902344,100345607.0
2022-12-05,33.50631059711361,33.50631059711361,32.299310962372275,32.492431640625,71585440.0
2022-12-06,32.10619565212365,32.492437073206844,30.947475072345256,31.864795684814453,107014786.0
2022-12-07,32.00963668905851,32.492436616896676,31.57511601730994,31.913074493408203,70789132.0
2022-12-08,32.10619083295097,32.15447008247181,30.85091192805604,31.09231185913086,55312942.0
2022-12-09,31.092313783659424,31.381992982185427,29.54735376080475,29.98187255859375,65342359.0
2022-12-12,29.933596402763484,32.78211679714006,29.209396489793402,32.25103759765625,142467203.0
2022-12-13,32.782109490104034,33.50630924165212,32.44414739596601,32.63726806640625,105835589.0
2022-12-14,32.83039137219995,32.92694987343578,31.671670940016394,32.78211212158203,64653991.0
2022-12-15,32.54071334066206,32.68555109765953,31.623392812461375,31.768234252929688,46565124.0
2022-12-16,31.18886919424443,31.623389790657487,30.464669428046168,30.99574851989746,43591915.0
2022-12-19,31.188870606392904,32.106191088471945,31.092312106582757,31.71994972229004,38418582.0
2022-12-20,31.816513436906913,34.665033520054116,31.478551304363883,34.42363357543945,181272162.0
2022-12-21,34.954714043291574,35.24439325112719,29.837033918223597,31.188873291015625,192467386.0
2022-12-22,31.864791137695313,32.2510325036617,29.93359167480469,30.174991607666016,99443583.0
2022-12-23,29.885314128452414,29.885314128452414,26.60227338100985,26.89195442199707,122876842.0
2022-12-26,27.278192277833636,29.740470844094403,26.89195275552111,29.305952072143555,136601051.0
2022-12-27,30.22326950598008,31.28543137315316,29.98186958391399,30.99574851989746,89075438.0
2022-12-28,31.04403578277561,32.05791486022936,30.46467367889418,31.381994247436523,104597559.0
2022-12-29,30.89919271908465,32.057913182744485,30.609513524037393,31.57511329650879,87697856.0
2022-12-30,31.961352214451242,32.10619365923467,31.237152357476024,31.430273056030273,42178363.0
2023-01-02,31.575113560128884,32.20275120739294,31.381992867328083,31.768234252929688,40172355.0
2023-01-03,31.86478864096924,32.97522971851238,31.768230148778695,32.685546875,84881999.0
2023-01-04,32.87866874393802,33.40974783732755,31.864789805017917,32.1061897277832,75920751.0
2023-01-05,32.29931267305079,32.49243336153183,31.092312974382754,31.62339210510254,45698294.0
2023-01-06,31.816513239626637,31.961350995414858,31.237151166061313,31.57511329650879,27818130.0
2023-01-09,31.913071743485453,32.20275093853271,31.430271857249753,31.57511329650879,28648565.0
2023-01-10,31.719949920370336,31.76823285404758,30.947470866653305,31.04403305053711,22376324.0
2023-01-11,31.09231230074367,31.478549985866845,30.60951243173669,31.04403305053711,25187049.0
2023-01-12,31.188871476887893,31.768233542331007,30.899192285901716,31.62339210510254,41148274.0
2023-01-13,31.671670940016394,33.07179130876024,31.575112438780565,32.78211212158203,75271636.0
2023-01-16,32.83039039713586,32.83039039713586,31.86479067957304,32.0096321105957,43209016.0
2023-01-17,31.913071743485453,32.00963393081508,31.33371335339094,31.57511329650879,23809717.0
2023-01-18,31.76823672513943,32.25103665297759,31.67167452948912,31.913074493408203,26275227.0
2023-01-19,31.671669999366355,32.44414903672249,31.33371157160761,32.0096321105957,43947894.0
2023-01-20,32.009632420426655,32.97523214733581,31.816511738350695,31.961349487304688,37966558.0
2023-01-23,32.25103252165783,32.49243245465386,31.52683272266974,31.71994972229004,47560769.0
2023-01-24,31.76823282519301,32.202749760128086,31.285432956624547,31.47854995727539,34050557.0
2023-01-25,31.478549708206728,31.71994964058092,30.657791411522727,30.85091209411621,29120299.0
2023-01-27,31.04403238608688,31.188870133606535,29.40251212990325,30.223270416259766,34619490.0
2023-01-30,29.01627161825658,30.609512671866785,29.01627161825658,30.126712799072266,37227440.0
2023-01-31,30.46467470989372,32.10619520123769,30.319835099889385,31.913074493408203,35809352.0
2023-02-01,32.685549255667,32.97523212027856,29.740470827704748,30.416391372680664,78444937.0
2023-02-02,30.416390932361608,31.333711395587265,30.17499100432699,30.464670181274414,24517707.0
2023-02-03,30.8026338546557,30.995752713394985,29.788754781501844,30.078433990478516,28559269.0
2023-02-06,30.464669960204326,30.464669960204326,29.016270402507097,29.16111183166504,30328389.0
2023-02-07,29.354233151474762,29.595633098183825,28.67831440573065,28.87143325805664,25692419.0
2023-02-08,29.06455214048131,29.740470844094403,28.53347118578318,29.305952072143555,29213321.0
2023-02-09,29.209393815463326,29.305954163365666,28.77487317077052,29.06455421447754,12967212.0
2023-02-10,28.919714613491752,29.354233416449112,28.823154265589412,29.06455421447754,12718144.0
2023-02-13,29.16111199427941,29.402511921908424,28.726591387853063,28.91971206665039,16476556.0
2023-02-14,28.77487151838414,28.82315261043051,28.002392462995637,28.147232055664062,23057839.0
2023-02-15,28.00239276252062,29.064552856342615,27.80927207574013,28.774871826171875,108461456.0
2023-02-16,28.581754414857937,28.91971471280904,27.809273470721774,27.95411491394043,37728708.0
2023-02-17,27.905831640346467,28.195512662432918,27.664431709475416,27.7609920501709,17614414.0
2023-02-20,27.954112900037057,28.002392149808113,27.22991310305926,27.51959228515625,13475222.0
2023-02-21,27.3264736809332,27.616154726797383,27.18163407886884,27.278194427490234,11287304.0
2023-02-22,27.229914266803437,27.229914266803437,26.843672885186614,26.94023323059082,14410318.0
2023-02-23,26.843674151572976,27.423034409594905,26.698834547501367,26.795394897460938,17475738.0
2023-02-24,26.98851476899281,27.278193968244597,26.843673327631485,26.89195442199707,10402222.0
2023-02-27,27.13335295581325,27.181632205929557,26.07119287763655,26.167753219604492,14416765.0
2023-02-28,26.31259601323806,26.553995976662264,25.87807534238027,26.022916793823242,16207572.0
2023-03-01,26.02291383173977,27.229913511472873,25.974632739509236,26.360872268676758,27761685.0
2023-03-02,26.505713306081464,28.48519201445998,26.409152964804026,27.51959228515625,74972504.0
2023-03-03,27.809272088688363,28.002392775558775,26.843672337807025,27.22991371154785,31886865.0
2023-03-06,27.471313649268186,28.19551346242919,27.133353368112644,27.22991371154785,24034894.0
2023-03-08,27.229912995934704,27.326471495096946,26.940231973242017,27.085071563720703,16951705.0
2023-03-09,27.133354368618704,27.760993861487865,26.79539407500133,26.89195442199707,29457034.0
2023-03-10,26.747113569444732,27.229913440072,26.602272134868276,27.036792755126953,18602384.0
2023-03-13,27.181631578657047,27.2299126693945,26.312592204471116,26.45743179321289,16451332.0
2023-03-14,26.65055308770887,26.698832337825177,25.926353285552302,26.167753219604492,17256430.0
2023-03-15,26.457433233314887,26.650553923305846,25.926354098442836,26.07119369506836,10378460.0
2023-03-16,26.071193252850975,26.31259319037737,25.491833034440546,26.11947250366211,16145407.0
2023-03-17,26.312593636689364,26.55399357831037,25.926354098442836,26.07119369506836,14474482.0
2023-03-20,26.022913143675158,26.022913143675158,25.588392533766143,25.781513214111328,12817483.0
2023-03-21,25.97463499711443,26.02291609354135,25.829795391304682,25.878074645996094,8231139.0
2023-03-22,26.022916793823242,26.31259601323806,25.92635644010645,26.022916793823242,9524521.0
2023-03-23,25.97463499711443,26.119474602924175,25.78151613661327,25.878074645996094,9750086.0
2023-03-24,25.974631326572563,26.02291241617676,25.540112570546285,25.63667106628418,9405435.0
2023-03-27,25.68495376607515,25.97463295491929,24.86419360870293,25.009033203125,14682995.0
2023-03-28,25.105595008999696,25.105595008999696,24.52623475582953,24.62279510498047,10179329.0
2023-03-29,24.622793764077556,25.58839351953158,24.622793764077556,25.443553924560547,15458843.0
2023-03-31,25.588391446158166,26.360870451234888,25.54011219899158,25.684951782226562,17209537.0
2023-04-03,25.926353158832494,27.03679248169803,25.78151356745618,26.843671798706055,27498143.0
2023-04-05,27.036791989915276,27.181631578657047,26.312592204471116,26.45743179321289,16069321.0
2023-04-06,26.40915597158136,26.747116283662724,26.264316364042354,26.50571632385254,12059313.0
2023-04-10,26.650555036422038,26.98851533715414,26.457434338364987,26.60227394104004,13598478.0
2023-04-11,26.65055274963379,26.940231930127563,26.602271658394617,26.65055274963379,10351890.0
2023-04-12,26.69883409520362,26.795394443527385,26.312594543644007,26.409154891967773,10628633.0
2023-04-13,26.45743288138659,27.036793101917613,26.409153630398745,26.553993225097656,12152354.0
2023-04-17,26.553994687393512,26.698834290068564,26.312594735689935,26.60227394104004,10152996.0
2023-04-18,26.602273828875937,27.66443398024035,26.55399457543297,27.278194427490234,29141937.0
2023-04-19,27.278193968244597,27.567873167496384,26.79539407500133,26.89195442199707,12802470.0
2023-04-20,26.988513773827517,27.37475330583298,26.843672337807025,27.22991371154785,21180929.0
2023-04-21,27.326471495096946,27.567871426473193,26.940231973242017,27.085071563720703,15543321.0
2023-04-24,27.133355333359678,28.967994624568586,26.988515728583934,28.53347396850586,114914226.0
2023-04-25,28.823154098173625,30.12671418294503,28.340354203201656,29.7404727935791,165437101.0
2023-04-26,29.981871613825206,30.51295258336838,29.01627186018529,29.209392547607422,124814428.0
2023-04-27,29.20939213922517,31.381991554539436,28.871431861829212,30.368112564086914,235048732.0
2023-04-28,30.6095137926908,31.237151440223368,30.41639309980738,30.657793045043945,94569856.0
2023-05-02,31.18887054609365,32.7821115741754,31.092312046470184,32.395870208740234,204453588.0
2023-05-03,32.540714832941866,34.80987294786747,32.39587338583129,34.23051452636719,343151755.0
2023-05-04,34.809867923951224,36.11342970939749,32.830389305462994,33.02350997924805,275121738.0
2023-05-05,33.264912060576954,34.133949623832535,32.92694993864085,33.65114974975586,207483533.0
2023-05-08,34.03739112240549,34.80987018423402,33.50631199761529,33.65114974975586,158914127.0
2023-05-09,34.0373922637943,34.32707146126009,31.575113560128884,31.768234252929688,126905423.0
2023-05-10,31.76823265566577,32.34759102146798,30.802631081946323,31.71994972229004,94417242.0
2023-05-11,32.25103127749275,33.168348040713326,32.057910601851916,32.54071044921875,137743556.0
2023-05-12,32.588992544697156,32.78211323721175,31.913071962631495,32.20275115966797,54099932.0
2023-05-15,32.44414651314172,32.78210859808359,31.913067446484845,32.29930877685547,48801180.0
2023-05-16,32.492432391834356,32.7821115741754,32.25103245930504,32.395870208740234,50104989.0
2023-05-17,32.49242872150139,33.45802834254487,32.44414579367303,32.830387115478516,87773958.0
2023-05-18,33.21662932166716,33.45802923335524,32.540708832246494,32.733829498291016,43139793.0
2023-05-19,32.92694977273098,33.07179120761245,31.913070778972763,32.347591400146484,38623945.0
2023-05-22,32.395871852182566,32.540713292436216,32.00963415062421,32.20275115966797,39038713.0
2023-05-23,32.251034095399746,32.588992544697156,32.10619265514609,32.20275115966797,26334035.0
2023-05-24,32.10618855491598,33.120067456798196,32.00963006272543,32.685546875,49417869.0
2023-05-25,32.7338318359466,32.975231764874025,30.56123063386451,30.89919090270996,78918846.0
2023-05-26,30.899191720647924,31.140591655965487,30.126712664325865,30.802631378173828,52280306.0
2023-05-29,31.140592839207986,31.47855128810563,30.899192894718002,31.33371353149414,38342982.0
2023-05-30,30.802630562791933,31.140590831637383,30.706070222873905,30.89919090270996,30754089.0
2023-05-31,30.899191177576878,31.188870358172537,30.706070496022896,31.09231185913086,25341934.0
2023-06-01,31.140591550950234,31.333712235247162,30.899191616446743,31.04403305053711,20794791.0
2023-06-02,31.188870080728748,31.285432262382074,30.802630562791933,30.89919090270996,18155919.0
2023-06-05,30.947469873042078,31.044032053825617,30.657790697632574,30.706069946289062,23679377.0
2023-06-06,30.754354479262197,31.381993990729693,30.706073383465938,31.188873291015625,31526798.0
2023-06-07,31.333709566980495,32.926946788946736,31.188868145224305,32.685546875,99888253.0
2023-06-08,32.975237510626336,33.023516768130094,31.961354685691227,32.25103759765625,46914299.0
2023-06-09,32.39586978753847,32.44414903672249,31.816511430389017,32.0096321105957,24830925.0
2023-06-12,32.10619520123769,32.15447445732728,31.76823672513943,31.913074493408203,18481171.0
2023-06-13,31.913074941582057,32.10619565212365,31.671674974272857,31.864795684814453,16812036.0
2023-06-14,32.10619520123769,32.347595165156775,31.86479523731861,31.913074493408203,19489115.0
2023-06-15,31.913070405380992,32.05791183856687,31.62339122247989,31.71994972229004,14736948.0
2023-06-16,31.864796133668378,32.106196104377986,31.671675420406444,31.816516876220703,18034381.0
2023-06-19,31.96135419834966,32.251037105897645,31.768237171279246,31.864795684814453,23821237.0
2023-06-20,31.719949555577397,32.057911670077985,31.526832556972078,31.961349487304688,17410144.0
2023-06-21,32.15447445732728,32.39587442124636,31.76823672513943,31.913074493408203,23054775.0
2023-06-22,31.91307085005597,32.00963303468227,31.5268331619629,31.67167091369629,14109469.0
2023-06-23,31.67167365162944,31.719952906380847,31.044035972919055,31.140594482421875,24307838.0
2023-06-26,31.188874750637794,31.67167468078225,30.85091627292513,31.237154006958008,11033301.0
2023-06-27,31.237151166061313,31.864792491556045,30.995751222943465,31.57511329650879,23652368.0
2023-06-28,31.52683448791504,31.719951498348316,31.381993046619222,31.52683448791504,9648453.0
2023-06-30,31.623392548438197,31.961350995414858,31.33371335339094,31.57511329650879,14373970.0
2023-07-03,31.719950607607675,31.864792044836143,31.57511285384997,31.62339210510254,16288496.0
2023-07-04,31.671670305926067,32.154470169380645,31.47854962385011,31.961349487304688,29446900.0
2023-07-05,32.057908866241405,32.9752292632689,32.00962962081266,32.29930877685547,41585187.0
2023-07-06,32.347592599921626,32.492434040175276,32.10619265514609,32.20275115966797,18663493.0
2023-07-07,32.154470169380645,32.3475908514566,31.768232488699365,31.961349487304688,14912804.0
2023-07-10,32.106196104377986,32.106196104377986,31.671675420406444,31.816516876220703,13203680.0
2023-07-11,31.81651350526218,31.961351262259647,31.671672064793864,31.768234252929688,13406298.0
2023-07-12,31.671675420406444,32.00963758948264,31.62339616295877,31.816516876220703,18276560.0
2023-07-13,31.91307296068042,31.961352214451242,31.2854352947178,31.430273056030273,12769558.0
2023-07-14,31.38199380225945,31.671673008355345,31.333714548488626,31.430273056030273,10988416.0
2023-07-17,31.430273501892227,31.671673457641738,31.237152800598416,31.381994247436523,17532573.0
2023-07-18,31.47854995727539,32.05791200963995,31.333712206787258,31.47854995727539,24480880.0
2023-07-19,31.575111972574813,31.816511905570845,31.430270539388935,31.71994972229004,14117155.0
2023-07-20,31.768231309300003,32.49243107759586,31.671669130111585,32.1061897277832,42035133.0
2023-07-21,32.154470159349316,33.9891111132926,32.05791166007678,33.747711181640625,172775659.0
2023-07-24,34.27879281454462,34.85815121971195,33.50631371316456,33.89255142211914,89931586.0
2023-07-25,33.94083220370291,33.98911145382288,33.12007021778075,33.26491165161133,33446144.0
2023-07-26,33.4580332778992,35.0029914260756,33.40975034294868,34.037391662597656,85247455.0
2023-07-27,34.133949623832535,34.133949623832535,33.361470562004,33.65114974975586,37679849.0
2023-07-28,33.89255186734507,34.230514011024695,33.554593407136394,33.84427261352539,30923854.0
2023-07-31,34.27879005394601,37.22386846273175,33.94083162539394,36.88591003417969,216012818.0
2023-08-01,37.65838905617043,40.26550903521481,37.46526837559851,39.106788635253906,381693749.0
2023-08-02,39.34819148280931,39.68614993626718,37.513550406541505,38.334312438964844,159610570.0
2023-08-03,38.52742987164979,43.74166609140735,38.38258844187711,43.16230773925781,454943778.0
2023-08-04,45.190062590668695,46.6384620562893,42.9691841467445,43.50026321411133,274350314.0
2023-08-07,44.36931101795889,48.90763076057133,44.12791107083558,48.03858947753906,306863736.0
2023-08-08,49.48698833665773,50.211188165974676,47.70063023106427,48.56966781616211,303287703.0
2023-08-09,48.18342998452096,48.376546991696756,46.397068200378456,47.266109466552734,170874267.0
2023-08-10,47.26610911528893,48.569667321392,47.169546928947845,47.74890899658203,108926518.0
2023-08-11,47.99030586721994,48.42482646928098,46.83158548954734,47.21782684326172,69084615.0
2023-08-14,46.97642963682269,49.53526678199412,43.3071476145877,49.100746154785156,240638055.0
2023-08-16,49.14902962250465,50.88710846672226,48.66622973891804,49.48698806762695,207500648.0
2023-08-17,48.27998788263253,48.27998788263253,45.09350941907294,46.01082992553711,155217100.0
2023-08-18,46.01082938460377,47.31438756872107,44.80382970172823,45.62458801269531,127976241.0
2023-08-21,46.541908162020334,46.68674591280512,45.817708357684346,46.10738754272461,74415020.0
2023-08-22,46.44534892470341,46.54191111482357,45.96254902451534,46.203948974609375,40881273.0
2023-08-23,46.34878747750327,46.49362891175874,45.962546108469134,46.10738754272461,29610934.0
2023-08-24,46.348787985869606,48.52138742270724,46.252229484287334,46.92814636230469,119824410.0
2023-08-25,47.024710327110775,47.5075102202362,46.39706899265937,46.73503112792969,36732928.0
2023-08-28,47.21782464736818,47.604062299649804,46.83158331161619,47.02470397949219,42444304.0
2023-08-29,47.362667179343674,49.10074599920137,47.266108677367974,47.79718780517578,107331968.0
2023-08-30,48.27998897874195,49.10074731799223,47.89374759352368,48.08686828613281,57580129.0
2023-08-31,48.56966870459479,48.762789399306016,48.08686880955215,48.47311019897461,37388795.0
2023-09-01,48.76278535988299,54.556383620463144,48.376544002456086,53.832183837890625,236065708.0
2023-09-04,55.71510799088753,64.59862669532137,55.184028849075524,64.40550231933594,504243805.0
2023-09-05,67.35058783824881,73.09590385401795,67.10918788183932,69.76458740234375,573870002.0
2023-09-06,70.97157781427556,71.45437766335228,64.93657970081676,66.38497924804688,203998733.0
2023-09-07,66.72293939061798,71.93717936857401,65.85389816646843,70.63362121582031,202538874.0
2023-09-08,72.13029040097541,75.26848924140639,72.08201483897932,74.4477310180664,179288780.0
2023-09-11,78.88950461474079,81.88287003633255,78.69638759196684,81.83458709716797,169943821.0
2023-09-12,87.86958333740296,89.17314161682219,74.68914436340413,79.95166778564453,395003025.0
2023-09-13,77.15142900656735,81.40006979342246,72.80622970870371,76.18582916259766,238578975.0
2023-09-14,78.21357900766226,79.17917874849759,76.04097959078275,78.4549789428711,129797195.0
2023-09-15,79.62377402069484,80.01337195469502,76.70180066213723,77.28619384765625,77020431.0
2023-09-18,77.62709045234165,77.62709045234165,74.31552653959518,74.60771942138672,73958819.0
2023-09-20,74.02332183455717,77.38358807703048,72.07533968101619,75.19210815429688,76414678.0
2023-09-21,75.19210922737098,76.21480284495983,72.07534070961057,72.51363372802734,52360179.0
2023-09-22,73.04932327472312,74.12071186322677,69.49425472249432,73.14672088623047,94866289.0
2023-09-25,74.16942503976168,76.6530979293339,72.8545385181102,74.80252075195312,85506777.0
2023-09-26,75.19210581243895,75.43560357404785,73.58502653058989,73.97461700439453,33138244.0
2023-09-27,72.90323622033864,74.70511836483523,72.90323622033864,73.43893432617188,31966561.0
2023-09-28,74.02331995581577,74.31552024381563,72.56233337774046,72.90322875976562,25011662.0
2023-09-29,73.34153213221869,75.5330120871938,72.65973390987126,74.55902099609375,39254526.0
2023-10-03,74.85121720502764,75.77651324144074,74.31552653959518,74.60771942138672,32681918.0
2023-10-04,74.46161936518001,74.60771952175364,71.8805487998841,73.09803771972656,34505676.0
2023-10-05,73.77982590511455,73.87722352902783,72.07534147826371,72.4162368774414,20716740.0
2023-10-06,72.85453366574032,74.02331995581577,71.88054261369011,72.90322875976562,27407523.0
2023-10-09,70.76045565980363,71.05264853435875,68.52027313340204,69.29946899414062,49805228.0
2023-10-10,69.54295717509332,74.26681192267093,69.49425465390699,73.68241882324219,75097719.0
2023-10-11,74.60771142816273,75.63040498227166,73.39022264039585,73.63372039794922,45128089.0
2023-10-12,74.07201677295382,74.12071186322677,72.85452805170844,73.14672088623047,21587597.0
2023-10-13,73.04933509227733,76.31220390687318,72.56233952499548,74.60771942138672,78755411.0
2023-10-16,75.1920995346764,75.2408020553168,74.21810856955904,74.31551361083984,23187941.0
2023-10-17,74.94860034720695,78.6984714353213,74.60770500218598,77.09138488769531,153256370.0
2023-10-18,77.82188634041681,78.60107472143136,75.14341095432023,75.48430633544922,60210098.0
2023-10-19,74.12072410856842,76.36090669814075,73.82853122577377,75.58171081542969,36281928.0
2023-10-20,75.5817111776513,77.1887980490931,74.65642256458983,75.0460205078125,34571282.0
2023-10-23,75.4843067469,75.92259974917461,70.1273559455071,70.32215118408203,59336442.0
2023-10-25,71.49095157041975,72.95193828876228,66.23139789819415,68.4715805053711,67364514.0
2023-10-26,67.10798449589954,69.54296210873362,64.03991121753621,68.3741683959961,109965024.0
2023-10-27,69.54296839296333,71.24745287597243,68.6176723578951,70.07865905761719,71117911.0
2023-10-30,70.56564883274567,71.19874450352516,68.08197610563505,70.85784912109375,44719772.0
2023-10-31,71.78314259131639,72.46494083408102,70.22475828508118,70.71175384521484,44614720.0
2023-11-01,71.05264282226562,71.49094324530597,70.61434983018714,71.05264282226562,17172572.0
2023-11-02,72.0753358030081,72.61103383879356,70.90654954615485,71.1500473022461,22236579.0
2023-11-03,70.80914335495812,71.44223899675943,69.20206413548928,70.27345275878906,35993734.0
2023-11-06,71.19874038687846,72.27012899727134,70.76044741066006,70.90654754638672,28925365.0
2023-11-07,71.34484253473437,72.36753608270232,70.90654954615485,71.1500473022461,32735491.0
2023-11-08,71.58834072069321,74.51031381133375,71.49094310386423,73.63372039794922,61639026.0
2023-11-09,74.02332569814331,74.89991919918226,72.1727410694972,72.65973663330078,35223000.0
2023-11-10,73.25046880530168,73.25046880530168,72.11823561753566,72.9551010131836,20115569.0
2023-11-13,73.44737323500607,73.49660370257263,72.413601019741,72.51205444335938,21466105.0
2023-11-15,73.2504603870286,73.64428156075468,72.01977391383092,72.36436462402344,19871941.0
2023-11-16,72.61050906849057,72.75819296211928,71.87209711186185,71.97055053710938,15227424.0
2023-11-17,72.2659154417422,76.40101922931136,71.57672646947096,75.71183776855469,116818430.0
2023-11-20,76.20411908962177,77.28712184243565,74.62884167539109,74.92420196533203,46928842.0
2023-11-21,75.31802215909785,76.99175298024953,75.17033826040444,75.66261291503906,49893620.0
2023-11-22,76.10566633323846,76.8933012915674,74.3334745318466,75.51493072509766,35591880.0
2023-11-23,75.61338382568424,76.20411186104602,75.17033216552703,75.3180160522461,22783082.0
2023-11-24,75.66261395745721,76.30257251960208,74.7272951053714,74.92420196533203,21604709.0
2023-11-28,75.26878828532996,75.56415606936008,74.08733217223903,74.43192291259766,25080614.0
2023-11-29,74.82573997524955,75.17033069651691,73.8411907650489,74.13655853271484,14635478.0
2023-11-30,74.284239832936,74.284239832936,73.00433028167652,73.4966049194336,19003196.0
2023-12-01,73.79197177812047,76.05643831842077,73.64429538283112,74.23502349853516,34411168.0
2023-12-04,76.79483589861734,76.94251977764827,74.97342142127347,75.21955871582031,54336061.0
2023-12-05,75.81029217825271,76.0071990234605,74.62883608397672,74.97342681884766,28021269.0
2023-12-06,75.31801906905689,75.36724953710663,74.43192322476501,74.62883758544922,24145206.0
2023-12-07,73.84118982033154,75.46569749868168,73.4473686389869,74.87496948242188,25013914.0
2023-12-08,74.92419874839136,76.45025313786691,74.43192410811085,75.41647338867188,47322739.0
2023-12-11,75.81029370571216,82.06218006095818,75.613386856537,80.92994689941406,268676897.0
2023-12-12,83.1451858332365,85.16351491383516,80.78227350957916,81.7668228149414,135491070.0
2023-12-13,82.70213637666075,84.08050681857468,81.81604055603646,82.2098617553711,84559239.0
2023-12-14,83.63744978311249,94.71362805105632,83.48977341541786,91.2184829711914,475975248.0
2023-12-15,93.53217654951236,99.2425650697726,92.64608074305619,93.23680877685547,325150277.0
2023-12-18,94.41827387419883,94.86131802879376,89.84011839348803,92.89221954345703,151821592.0
2023-12-19,93.48295250474298,99.93175338808764,93.03990832684022,98.55338287353516,328191530.0
2023-12-20,100.62093119642358,102.49157628954802,89.88935028987,91.02157592773438,263936530.0
2023-12-21,89.4955292568984,98.25801917521784,85.75423906343151,97.32269287109375,280904719.0
2023-12-22,99.43946998381554,100.3255657731029,95.15668243236001,96.23968505859375,137646820.0
2023-12-26,96.97809846822283,97.76574085125073,95.0582304879247,95.89509582519531,77725407.0
2023-12-27,96.48582676208645,97.37192259179629,94.71363510266674,95.2059097290039,48428319.0
2023-12-28,95.74742028370116,97.07656034831841,94.5659641177114,94.95977783203125,59468778.0
2023-12-29,95.20591476395845,98.94720512658459,95.00900790761605,97.81497192382812,153201085.0
2024-01-01,98.45492604692731,100.81784577435651,97.8641979929487,98.84874725341797,102849848.0
2024-01-02,99.43947479248047,100.07943331077462,96.28892017989885,98.45492553710938,70051082.0
2024-01-03,98.65182970976865,100.37479085996979,97.47037363995081,99.34101867675781,96843171.0
2024-01-04,100.12865407739262,101.99929912400032,99.34101919722565,99.7348403930664,66810041.0
2024-01-05,100.37479257684261,100.86706719960597,98.35647113042162,99.1933364868164,43542157.0
2024-01-08,99.78406348579004,100.1286542158091,98.06110232418014,98.40569305419922,38895310.0
2024-01-09,99.3410253137123,100.62093488960639,98.35647601924838,98.55338287353516,44804938.0
2024-01-10,98.8979752318156,101.90085363334633,98.01188686160728,101.45780944824219,110316122.0
2024-01-11,103.08230659629994,107.6112392928487,102.63926242497077,105.19908905029297,191294222.0
2024-01-12,107.3158699141155,112.23861624045107,107.16818602202247,111.64788818359375,199380642.0
2024-01-15,111.64788818359375,111.64788818359375,111.64788818359375,111.64788818359375,0.0
2024-01-16,136.458539947834,144.53184125994295,134.0463821274645,139.6583251953125,492705331.0
2024-01-17,135.8677927809454,148.37156490907878,130.99427713145207,146.79629516601562,336463589.0
2024-01-18,150.6360332782452,152.6051317524706,134.1940640230687,143.99032592773438,272134347.0
2024-01-19,147.1900986598546,158.36473757735573,146.8947309087744,157.7740020751953,266085180.0
2024-01-23,182.92925741364382,189.82110230526527,156.29719664927217,158.80780029296875,269108130.0
2024-01-24,162.45063439815837,170.62239658764145,148.66694420679949,169.2440185546875,198113352.0
2024-01-25,172.04998297703747,175.54513585041866,168.85019788590515,171.1638946533203,100074798.0
2024-01-29,174.56057488452953,175.5451240773097,166.68418134228818,168.21023559570312,74341987.0
2024-01-30,168.7517434364265,169.49015540891324,161.61376103572124,164.07513427734375,69398771.0
2024-01-31,165.25660409191,174.06831721980413,163.43518189888516,172.4438018798828,84194726.0
2024-02-01,177.21885522974134,180.41864011583388,165.60117171563036,167.27490234375,165894732.0
2024-02-02,170.031659448395,172.29612582093327,164.5181924359431,166.339599609375,61739734.0
2024-02-05,167.521061469229,167.57029194003505,157.52789183985067,158.06939697265625,68987316.0
2024-02-06,158.906245580443,161.66298653084218,149.74994942176758,158.41397094726562,81434112.0
2024-02-07,161.95835637019232,163.33671935136502,157.18328635857657,159.9892578125,36816341.0
2024-02-08,161.8598966529969,161.8598966529969,158.2170672984169,159.44775390625,34218693.0
2024-02-09,159.49698810161897,159.49698810161897,146.84552346829696,151.32522583007812,64801528.0
2024-02-12,148.3223480943234,148.7161768336073,128.18831763449333,130.8958282470703,128716009.0
2024-02-13,129.96050693188553,153.88505780349774,125.67771900120596,151.07908630371094,240631230.0
2024-02-14,151.02985123755087,154.9680482974404,143.25191805348092,151.91595458984375,152849830.0
2024-02-15,153.88506596511866,159.00471956572468,152.5066878652815,156.44488525390625,77035160.0
2024-02-16,157.28173661317305,158.90623680372204,152.60512785628686,153.0481719970703,41902227.0
2024-02-19,153.58969600336087,161.81068894608634,151.96519561253757,156.19874572753906,87423359.0
2024-02-20,157.18329690441738,158.26630719302204,154.72192354216196,156.0510711669922,35987220.0
2024-02-21,156.39563687950334,157.92167602789868,151.02983204872305,151.81747436523438,35706625.0
2024-02-22,151.7190566578661,153.44201797282489,146.89475596216334,149.84840393066406,39315419.0
2024-02-23,151.32522141762425,153.98350147053307,150.34067213706322,150.83294677734375,34425812.0
2024-02-26,151.91595213583176,153.98349654505742,149.40534854610195,149.9468536376953,35557532.0
2024-02-27,150.53757720201426,154.22963696030138,148.66693960036065,149.25767517089844,43995103.0
2024-02-28,150.48836421520065,151.0298543035042,143.25192096153978,145.12255859375,39947465.0
2024-02-29,143.74417784916685,147.9285117934063,138.62452520435005,144.4825897216797,63490121.0
2024-03-01,145.71329417393736,149.06075573358615,144.28570071535273,145.12255859375,30685800.0
2024-03-04,147.0916530892145,147.19011402419497,142.4150441152016,143.3011474609375,22040025.0
2024-03-05,142.66117701030757,146.10709930546503,141.57818187421833,142.80886840820312,23046386.0
2024-03-06,142.95654083297214,143.44881543296378,137.83688799766458,138.32916259765625,26188126.0
2024-03-07,139.16603939718422,142.1689025243805,137.49229369103867,141.47972106933594,24018294.0
2024-03-11,141.92276984124126,144.97487855691443,137.88612688844879,138.91990661621094,24321115.0
2024-03-12,139.60909240024412,140.19981296073775,133.5541052497324,134.63711547851562,34760039.0
2024-03-13,134.63712016053842,136.65544928089665,121.09956694512779,122.33025360107422,88853047.0
2024-03-14,119.0319978610825,140.29825873553435,114.84766382861919,138.08302307128906,194522257.0
2024-03-15,138.526074528317,143.5965121085492,131.4373230323042,134.83401489257812,122337843.0
2024-03-18,136.2123902948407,137.4430768171178,130.79736959682145,132.8649139404297,56717160.0
2024-03-19,132.42187200742353,135.27705877755412,131.04350908867687,133.11105346679688,46347136.0
2024-03-20,134.09561576393398,136.06471442426496,130.79738452169792,131.1419677734375,39345072.0
2024-03-21,134.8832548638589,135.52320590327096,132.71724939619858,133.16029357910156,35779582.0
2024-03-22,133.84945572245303,142.9565354813739,132.91413702208837,138.77220153808594,112209659.0
2024-03-26,140.19982142089648,146.40248533006505,138.77222786810339,143.44883728027344,120887716.0
2024-03-27,145.22101609965074,148.61770804788412,139.4121814648765,140.6428680419922,89910843.0
2024-03-28,142.71040797507592,145.51637929158036,139.1168092924915,140.1505889892578,50962525.0
2024-04-01,142.95654255736818,144.48259684035588,141.62741013517532,142.56272888183594,47979360.0
2024-04-02,143.79342090010456,145.8609653103236,142.0704597134074,143.8426513671875,59236883.0
2024-04-03,142.7596401572254,145.51638104072936,142.26736553599358,143.0550079345703,42670072.0
2024-04-04,144.72873078719428,146.00864773753707,141.28280862559444,141.52894592285156,38590096.0
2024-04-05,141.7750921667975,147.09165211384067,140.5936360700134,145.56561279296875,81853830.0
2024-04-08,147.682396840241,150.14377012091168,144.72874890343618,145.2210235595703,57797243.0
2024-04-09,146.25480679181277,147.0424492648118,143.3503892567201,144.9256591796875,38718449.0
2024-04-10,145.4179294325534,146.25480235152568,144.23647327043912,144.43338012695312,20413452.0
2024-04-12,144.4333708648077,145.41792010727133,142.7596401572254,143.0550079345703,27108905.0
2024-04-15,135.966248334666,139.80598414347983,133.20950761455512,138.08302307128906,49605843.0
2024-04-16,137.63999768072077,140.3967387761217,135.9662668444871,139.51063537597656,25012121.0
2024-04-18,141.18435301682726,143.2026819349852,139.412176428229,139.7567596435547,24827547.0
2024-04-19,137.83689241882757,140.05212818984444,135.37551933991995,138.82144165039062,28016383.0
2024-04-22,140.79054025005777,142.75963871509353,140.1998047013354,141.87355041503906,23609150.0
2024-04-23,142.51351510449715,145.91020727854746,141.38128938749054,145.4671630859375,41842082.0
2024-04-24,146.69784545898438,148.1254389370329,145.2210215114107,146.69784545898438,44593104.0
2024-04-25,146.69784124441034,149.6514890547005,144.97488002174111,147.92852783203125,43990323.0
2024-04-26,148.66692694945388,156.54332043021964,147.2885640995312,155.60800170898438,131170998.0
2024-04-29,159.0047065162903,161.66298653084218,157.13406891942813,158.41397094726562,67507054.0
2024-04-30,159.20163049606757,159.34932191573108,154.18043771116373,154.8203887939453,49152158.0
2024-05-02,155.95261058032816,158.70935175697164,153.7866050211907,156.44488525390625,37976109.0
2024-05-03,157.3309749447619,158.02015642299773,152.7528118663527,154.57423400878906,31288231.0
2024-05-06,155.36187659771412,155.75569029342782,149.15921324053164,153.24508666992188,40457121.0
2024-05-07,152.06362141813486,152.70358741398363,146.2055566641436,147.4854736328125,29872858.0
2024-05-08,146.69784360487864,151.37445271308786,144.0395635374499,149.8976287841797,25210562.0
2024-05-09,149.65148511440563,150.5375734249503,143.89186602677768,144.77796936035156,21064246.0
2024-05-10,145.46715967000614,147.239351421861,140.24904535405642,145.7625274658203,27205055.0
2024-05-13,145.76252670070113,146.15634041103274,140.8890106759544,143.64573669433594,20343612.0
2024-05-14,144.728752476158,155.55879517845557,144.728752476158,154.86961364746094,65039211.0
2024-05-15,156.44486377378192,157.3309670783776,152.60512785628686,153.0481719970703,45470586.0
2024-05-16,154.4757604775891,157.0355943571999,153.19585856081196,155.21417236328125,44997396.0
2024-05-17,156.00182679506878,167.86564834865592,154.67269431169768,166.38882446289062,189723845.0
2024-05-21,174.0190880694464,179.18797187348937,173.28067609744028,176.6773681640625,165354884.0
2024-05-22,178.2034100462863,180.86168995397315,170.32701623208578,172.93606567382812,93399530.0
2024-05-23,174.26522066254398,188.6888614482828,173.18221045712423,183.61843872070312,215698925.0
2024-05-24,185.88291369159657,187.85201232175535,179.92638733076012,181.15707397460938,87948476.0
2024-05-27,184.1107052206224,189.82109373474484,181.15705754328621,181.6985626220703,87126920.0
2024-05-28,183.1261700803463,184.84913135798396,174.75750101753476,177.4650115966797,79904182.0
2024-05-29,175.74204475894456,178.9418298876088,172.59149009840414,177.5142364501953,54953818.0
2024-05-30,177.51422804909907,179.2864196564785,173.08375654216496,173.87139892578125,43583688.0
2024-05-31,176.23431251904665,177.07118537541575,169.44092882780342,175.0528564453125,56435354.0
2024-06-03,196.90985087894904,196.90985087894904,183.42152909834692,186.03057861328125,112293004.0
2024-06-04,186.0798279359895,186.0798279359895,148.8638593441854,162.4014129638672,198103673.0
2024-06-05,165.40427394610077,172.29611869385496,150.73449613509285,163.8782196044922,114119168.0
2024-06-06,169.34247150054162,175.15130608349963,165.20736764292496,170.37625122070312,70250205.0
2024-06-07,170.32701957009945,173.7237114644349,167.47183276570834,170.91775512695312,45402104.0
2024-06-10,173.82216563573223,176.52967595708935,169.34246373579018,170.33685302734375,47647958.0
2024-06-11,172.68992719937845,175.2497611808952,170.97682117111268,173.47756958007812,66680300.0
2024-06-12,174.2159929402951,176.13586104104408,173.48743608428413,174.94456481933594,46384387.0
2024-06-13,175.93895111534545,176.1850884322452,171.85307766402119,172.4241180419922,31750295.0
2024-06-14,172.98530096609235,173.87140430872975,170.52392783048197,172.09921264648438,28398761.0
2024-06-18,173.2806603648649,175.84049431128457,172.345341623183,172.99514770507812,38754538.0
2024-06-19,173.45786676977792,173.46772187628468,168.68281227577882,170.54360961914062,26756319.0
2024-06-20,170.5140808414751,171.488774948969,169.04709710376443,169.63783264160156,17539484.0
2024-06-21,169.73628730291796,177.71114235985746,168.94865990922037,173.59573364257812,96727451.0
2024-06-24,173.28066924376034,178.19357544481437,171.6364737872223,174.13722229003906,50588329.0
2024-06-25,174.85594102298384,175.84049020661996,172.37487287377294,172.8966827392578,23352075.0
2024-06-26,172.97546102472216,174.51135545892703,171.50847722639602,172.3354949951172,22765762.0
2024-06-27,172.78840169007148,175.05286807864994,169.8347537979335,170.49440002441406,27461491.0
2024-06-28,171.50847005245112,173.23143117673268,170.32701400040665,171.12449645996094,23860432.0
2024-07-01,171.10478895398063,171.10478895398063,168.85017802661457,169.1061553955078,26142598.0
2024-07-02,169.8347524264376,170.57316439350907,167.38321928746956,169.3129425048828,19310733.0
2024-07-03,170.13011603706292,175.24976921167448,169.84458833724847,173.7532501220703,34748569.0
2024-07-04,175.10210205355227,177.41578393489402,173.7729544662695,174.97410583496094,35385014.0
2024-07-05,175.8011116087284,188.54118130251518,175.34822736679894,185.3217010498047,224563674.0
2024-07-08,190.51028699317794,202.81715307800857,190.51028699317794,198.89865112304688,260960455.0
2024-07-09,206.5584334989345,209.94528528727355,189.23036087056084,192.823974609375,152536043.0
2024-07-10,194.62569963878656,201.83260777123337,190.80565854638667,200.5625457763672,171789924.0
2024-07-11,204.19551299741858,205.86925877819175,197.91409885790853,202.79745483398438,121502241.0
2024-07-12,202.81715039385264,220.9328510217616,201.24186554663027,214.07054138183594,300609460.0
2024-07-15,216.99465474091218,225.4617845361997,211.21535528964637,212.9777069091797,167338162.0
2024-07-16,215.02555677508295,217.88075870132965,208.05496109190224,208.83274841308594,86369570.0
2024-07-18,208.72444564380936,208.72444564380936,197.99286458925934,202.6399383544922,94398777.0
2024-07-19,198.0125353319509,208.21246590424911,197.59902646019907,202.5906982421875,124381385.0
2024-07-22,202.5907139728416,205.96771086587776,198.4851451884163,201.41909790039062,72152927.0
2024-07-23,203.80170042675724,205.7707989816051,161.61375787992915,191.14039611816406,167582146.0
2024-07-24,191.3963655465396,196.81138634672803,188.28520137702438,189.29928588867188,65395254.0
2024-07-25,187.06434560609048,188.4427084592398,180.17250129428714,180.72384643554688,73915719.0
2024-07-26,181.8954699763532,184.9967940371038,179.97560198526813,180.605712890625,50538191.0
2024-07-29,183.04740303336675,194.44848566660792,181.78718113823064,192.25294494628906,109648645.0
2024-07-30,193.75931019034326,195.2361341780394,190.5102944128056,192.4400177001953,58191861.0
2024-07-31,192.81412427644577,193.31625401587732,190.21491482013448,190.657958984375,27603203.0
2024-08-01,191.64251329663773,192.6270625866755,184.78020354323218,186.84776306152344,35027956.0
2024-08-02,183.61844372094848,190.4118278547635,181.7281108752176,189.35836791992188,41362024.0
2024-08-05,177.24841051290585,182.7323573631935,175.2497766218141,176.60845947265625,84910762.0
2024-08-06,179.18795832713627,184.11070443502464,172.4241099822669,173.63510131835938,49560277.0
2024-08-07,178.8925924634143,180.17250946971757,174.31444454347738,179.5916290283203,46932256.0
2024-08-08,180.074036936538,181.6493216155863,177.24838562988677,178.1246337890625,38021940.0
2024-08-09,179.2765664631592,179.5719342380468,176.23431293478404,177.01210021972656,27492189.0
2024-08-12,177.21886242981174,184.55375123132868,177.0219555872733,181.70840454101562,64022633.0
2024-08-13,183.6184384894798,186.5228558255922,177.2188682472191,178.84336853027344,45899363.0
2024-08-14,180.03467077383138,180.46787483384367,173.96984397971684,176.2933807373047,28173960.0
2024-08-16,178.20341415503805,179.43410071688226,175.5943646531401,176.00787353515625,19956147.0
2024-08-19,178.3018843892854,178.99106589525942,176.90381116184216,177.38624572753906,17803897.0
2024-08-20,178.20343474138934,178.20343474138934,175.44669351978928,177.13027954101562,15629517.0
2024-08-21,176.24415779677017,178.59722992955153,175.93894992955623,177.7406768798828,15731941.0
2024-08-22,178.89707987282998,179.8656896736288,177.85927611693475,179.33197021484375,14101752.0
2024-08-23,178.8970948983349,185.15355312085882,177.9087131585651,181.2790985107422,31152412.0
2024-08-26,181.86222556830245,182.05989888414047,178.60056307169992,178.94650268554688,14596223.0
2024-08-27,178.94649838432886,181.1407068248567,178.15579005847528,178.7488250732422,12765877.0
2024-08-28,179.19360536279564,180.87385123777392,178.40289698589177,178.85755920410156,13132709.0
2024-08-29,179.1935953934535,179.66801436059862,177.0191587890724,177.84939575195312,12705236.0
2024-08-30,178.27439137878295,179.34184535855465,175.93193172071852,176.5447235107422,15512791.0
2024-09-02,176.7720723532469,178.15580069497366,174.54821353735957,175.47727966308594,15070147.0
2024-09-03,175.93193448280138,177.08833920866587,175.03250355773767,176.3865966796875,10416245.0
2024-09-04,174.449364045207,175.93193654417476,173.5598265784293,173.97494506835938,12223757.0
2024-09-05,174.64703718930696,174.79530348796143,170.99002804510613,171.46444702148438,15774279.0
2024-09-06,171.4644478972826,172.1464336626576,166.1469647678439,167.8766326904297,21770999.0
2024-09-09,167.86673368007777,168.02487836162686,163.19169275789682,166.37428283691406,20754357.0
2024-09-10,167.036500012225,169.84350029819416,166.88824879629632,167.7777862548828,15088916.0
2024-09-11,168.46965524864873,168.46965524864873,163.18182228102364,163.9527587890625,11765516.0
2024-09-12,164.6446079759868,166.5917209254982,161.62016270702162,165.07949829101562,19024067.0
2024-09-13,166.03824687511514,168.6772241989744,164.04171162234795,165.3068389892578,15434229.0
2024-09-16,165.3068381028215,165.50451142505844,161.77830822078553,162.05506896972656,14572347.0
2024-09-17,162.09459194712213,162.4108813168741,158.33873862960687,158.73410034179688,20564052.0
2024-09-18,159.23818037096797,162.56902195924306,156.16431260193536,156.71780395507812,23122350.0
2024-09-19,157.59745865833798,159.1294533058449,149.9375005023113,153.44625854492188,39913910.0
2024-09-20,154.18753821077718,161.40272731001883,152.7840380701779,159.554443359375,51104236.0
2024-09-23,161.10621211361965,161.10621211361965,156.31255498438446,157.7061767578125,19794141.0
2024-09-24,158.1410769874803,158.53642364734566,156.16431352513678,156.89572143554688,14786775.0
2024-09-25,156.85616924836566,156.85616924836566,154.55323812934293,155.1166229248047,10610463.0
2024-09-26,155.07708646435321,157.6864136124757,153.0311441380396,155.02767944335938,16974098.0
2024-09-27,155.02767237491133,156.99454226384432,154.34568660339903,154.98812866210938,13164782.0
2024-09-30,154.87941077009881,157.44920924587137,153.00149155577054,156.87594604492188,17775338.0
2024-10-01,156.85616497654598,156.85616497654598,153.19915588463357,153.5352020263672,17263625.0
2024-10-03,151.22239714358702,151.5584432954554,149.24563378223291,149.8386688232422,18663724.0
2024-10-04,149.83866680727218,151.6572854556879,145.1735041307223,150.30320739746094,29051138.0
2024-10-07,150.30320489027423,151.66716131308038,141.53624939143708,142.6728973388672,35658511.0
2024-10-08,142.67289457188784,150.7281988378315,139.86587927584793,150.0561065673828,43656448.0
2024-10-09,152.8235623126413,153.88113789246066,151.222388903277,151.69680786132812,23776424.0
2024-10-10,152.4084606695319,152.60613400042325,149.3049426218615,149.67063903808594,10797567.0
2024-10-11,149.443308998113,153.43637948435412,148.6526006272378,150.62936401367188,16029678.0
2024-10-14,151.7165824971665,152.35902453376994,149.2555067719416,149.59156799316406,9810920.0
2024-10-15,150.10552547993137,150.38227115222605,148.3659790995779,149.344482421875,8339050.0
2024-10-16,149.24563989398197,150.97530790599833,148.7514490334059,149.0084228515625,12674832.0
2024-10-17,149.70029094746985,152.70496451963055,146.78455302250427,147.38746643066406,20798933.0
2024-10-18,146.28047697356865,146.67582358143522,143.6316215215487,145.9641876220703,11316090.0
2024-10-21,146.28048245993315,147.26886409817595,142.32695590696198,143.00894165039062,10148561.0
2024-10-22,142.52462013547677,143.0089325366939,134.9239634087245,136.0803680419922,21418863.0
2024-10-23,136.3867923466218,139.72751214250772,131.8501090102627,137.8001708984375,26287104.0
2024-10-24,137.38505312534642,139.21356526069684,135.86295197838214,137.41470336914062,12496782.0
2024-10-25,136.7228309004373,137.66179042036183,131.2570817645062,132.86813354492188,18714548.0
2024-10-28,132.868131751136,143.68102890905118,132.52220723873216,141.81298828125,32085342.0
2024-10-29,143.0188315579268,143.40429982463158,139.09495493150507,141.8624267578125,17495826.0
2024-10-30,141.9316097357161,156.1642993390801,140.5478663888707,153.74276733398438,94008988.0
2024-10-31,153.59450385611146,158.04222132393136,150.93576986048075,154.14801025390625,55531774.0
2024-11-01,155.32417247930468,159.12944791865814,154.28638379721494,156.2730255126953,10418053.0
2024-11-04,157.15268287917925,157.3898999053206,149.94738726228005,151.45960998535156,31327165.0
2024-11-05,151.22239976898211,151.34100074663996,146.88340471874025,149.68052673339844,29226153.0
2024-11-06,151.2223972795939,153.0904380544933,150.0462206654892,152.2206573486328,18123332.0
2024-11-07,153.1991643854495,155.39337297865208,151.0840281384849,152.1119384765625,19226279.0
2024-11-08,150.2340162533744,150.9753025177825,145.29210782398707,146.814208984375,14681163.0
2024-11-11,145.79617681215896,149.44330764002726,143.63163359215076,145.6874542236328,18847259.0
2024-11-12,147.07874635173,149.31474080640155,143.70984864657714,144.41543579101562,13172317.0
2024-11-13,143.79928052979977,144.99180783757095,138.43290006292585,138.7509002685547,16372099.0
2024-11-14,140.11238766660708,141.34465935717014,138.63165698251828,138.79066467285156,14794085.0
2024-11-18,140.10244202866195,140.42045741345987,136.94224375222532,137.42918395996094,13930322.0
2024-11-19,139.42667773697139,146.04522487970675,138.95960213248418,144.2762908935547,36796687.0
2024-11-21,144.3061200773963,144.78312798244636,139.87387550305698,140.78814697265625,20058952.0
2024-11-22,140.78814408228195,142.39805520615448,138.7707814485528,141.26515197753906,13970799.0
2024-11-25,148.07251945336594,149.76193442779046,144.743366138388,145.39926147460938,23570160.0
2024-11-26,145.39926177853835,146.5818568122498,144.14711035897736,145.7769012451172,13248817.0
2024-11-27,145.77690392991323,150.75571281775237,144.9321888434742,149.55325317382812,22054792.0
2024-11-28,150.33833054958794,154.6811238846559,149.6128788053249,152.44512939453125,26332388.0
2024-11-29,152.03768935170112,152.03768935170112,147.87376839806825,148.410400390625,18576066.0
2024-12-02,147.88369516133153,149.2749896344062,146.09489664669672,146.36322021484375,16680269.0
2024-12-03,147.07874431077272,148.33089572904234,146.60173641292826,147.27749633789062,12159196.0
2024-12-04,148.07251414834693,151.94823160751238,147.7843259942273,150.10975646972656,21984506.0
2024-12-05,150.10976149595743,151.05384499441098,148.77810623861,149.90106201171875,11514970.0
2024-12-06,149.90106008370714,158.64628560892808,149.61287192364452,157.01649475097656,62323577.0
2024-12-09,158.40778218541976,159.9481369859917,156.76805894972563,158.2090301513672,29324888.0
2024-12-10,158.64628355888198,158.93447171522058,154.33330252469293,155.8736572265625,16690253.0
2024-12-11,155.87365761367326,164.95676300106484,155.5755219990537,163.88348388671875,86849772.0
2024-12-12,163.87354693511725,165.86109760826022,160.35558891572975,161.71705627441406,39528508.0
2024-12-13,160.4947157873485,160.82266346588983,155.11838761299086,158.3282928466797,27371411.0
2024-12-16,159.00405249776023,161.78662644923264,157.51338950559372,157.95065307617188,19179446.0
2024-12-17,157.76183174618944,159.33199856842265,155.0289496214523,155.68484497070312,18045496.0
2024-12-18,155.02894523015348,155.90347233771635,152.09731115760118,152.39544677734375,13692945.0
2024-12-19,147.5756297445361,152.53457387303695,147.17812569626906,151.88861083984375,15016841.0
2024-12-20,151.24266008647885,153.2302106175291,147.0787392977194,147.48619079589844,16336702.0
2024-12-23,148.07251564570575,149.34454678177232,145.9855815073239,146.8700408935547,14758199.0
2024-12-24,146.87004941991802,148.77811139859537,145.6974018085767,146.9396209716797,11854675.0
2024-12-26,147.07873811507156,148.56940100137297,144.61417972225254,145.97564697265625,11467576.0
2024-12-27,145.97565736219417,146.8601167977971,144.9918143282416,145.30982971191406,8487014.0
2024-12-30,145.140884128043,157.01649581002724,143.7992814211052,152.39544677734375,40675811.0
2024-12-31,149.05635754448696,149.751997197637,144.7831208696979,148.1122589111328,41308416.0
2025-01-01,148.76816048705274,151.93830614391135,147.44643750853575,149.41412353515625,19810452.0
2025-01-02,149.7122502833485,151.52092869742262,149.06630237192687,151.09359741210938,14368318.0
2025-01-03,152.44512000215806,155.8239650106778,151.88860827844607,152.74325561523438,20331510.0
2025-01-06,152.93207895488607,152.94201124882724,143.8986651972704,144.51480102539062,21684925.0
2025-01-07,145.2899538203994,146.86012070043944,143.89867438938091,145.09120178222656,13305286.0
2025-01-08,145.28994294643576,145.58807856328588,141.11608980195626,142.8750762939453,16306841.0
2025-01-09,143.10365145216497,143.35209529149162,139.1782418235652,139.585693359375,12452173.0
2025-01-10,138.8403507453273,139.52604294946948,134.40810633388693,134.86524963378906,21705766.0
2025-01-13,133.1658912135323,134.92487775378615,126.9150436191283,127.6405029296875,30293364.0
2025-01-14,129.19079677218366,135.65033661079283,128.91254088454824,134.7062530517578,30467846.0
2025-01-15,139.62543732027441,139.62543732027441,133.9708531264326,136.7037353515625,34455125.0
2025-01-16,139.1285500190655,144.84275832341996,138.33352670048055,142.08999633789062,45555802.0
2025-01-17,142.0899886419246,145.98558601180565,141.01670949453782,145.28001403808594,30934225.0
2025-01-20,146.5421136560556,147.6948814893632,143.91854744830093,145.78683471679688,32579099.0
2025-01-21,145.68746272789352,145.68746272789352,140.48007477976307,141.503662109375,21897756.0
2025-01-22,141.61297803256602,141.86142185367578,135.85902580773913,139.37698364257812,19198201.0
2025-01-23,138.134762948546,143.50114335728318,137.2503035621184,140.49000549316406,17671282.0
2025-01-24,140.71859267726927,142.28874435322092,138.13477075588062,139.80430603027344,15843304.0
2025-01-27,138.13477357148847,138.3235933140905,134.9646277805809,136.19691467285156,15984361.0
2025-01-28,137.14099997209973,139.31737044134462,133.88141799746177,136.96212768554688,23224966.0
2025-01-29,137.83662524307937,141.36453044151656,137.58818142859514,140.84776306152344,19560159.0
2025-01-30,141.91111928172023,148.27127528897947,140.9670357568032,147.30731201171875,40194969.0
2025-01-31,148.2513883152279,151.62030105630896,145.34956633052724,150.0004425048828,50647026.0
2025-02-01,150.95447121452665,154.55194833140553,138.28383536646453,140.34095764160156,76893891.0
2025-02-03,136.4850925934245,138.37327471371412,132.61930738123968,135.9882049560547,36236290.0
2025-02-04,139.12853758938135,139.32728961031904,135.25282010777147,136.9819793701172,21695745.0
2025-02-05,137.12111819173444,139.22793223966363,136.64411027083716,137.07142639160156,13087044.0
2025-02-06,137.07142856997817,137.83663984552214,134.7559453178327,135.46151733398438,11527600.0
2025-02-07,135.14350368436288,135.35218799818523,132.17211018440457,132.59942626953125,16860473.0
2025-02-10,132.6689993226984,133.66277459852387,129.80692167590274,130.2342529296875,13464523.0
2025-02-11,130.52244695846804,130.83051488162155,124.71880272591467,125.4641342163086,20569801.0
2025-02-12,125.2156881290941,126.30883944558637,118.547456758397,124.56973266601562,36495363.0
2025-02-13,124.81817936036724,127.99826495095547,124.56973552900429,125.78214263916016,15469045.0
2025-02-14,126.40821402880805,127.15354549733145,120.24681025510941,120.99214172363281,18631299.0
2025-02-17,119.96855798324323,122.06542451743796,117.14623212856573,121.02195739746094,22536906.0
2025-02-18,121.0418382146789,121.42940998678789,117.11642111242831,118.52758026123047,17608523.0
2025-02-19,117.46423660599305,125.05667923835856,116.48040118880456,123.49645233154297,33285812.0
2025-02-20,122.920069202672,125.19581554800939,121.63809815668348,124.00328063964844,13856925.0
2025-02-21,124.02316224238778,126.80572857294857,122.96975525366261,124.33123016357422,25318595.0
2025-02-24,123.61571037058113,124.37098173012988,121.73747563870766,122.7014389038086,13838044.0
2025-02-25,122.63187237993647,124.58961091557919,122.0455410158757,122.49274444580078,13266198.0
2025-02-27,122.7312478598585,123.22813550301582,118.75614671459992,119.61079406738281,18748431.0
2025-02-28,118.24931811171193,118.68658165989137,111.00469543105768,111.72021484375,28927630.0
2025-03-03,112.28667036732865,115.13880824193356,107.36748560624302,110.43824768066406,42918659.0
2025-03-04,110.50781129444154,114.63198034191848,109.31528395676565,113.876708984375,42337061.0
2025-03-05,114.38353560120905,117.59343315870474,113.94627962456883,116.9971694946289,21555437.0
2025-03-06,118.76609150674327,120.62444651666024,118.0605119340807,119.83936309814453,23206624.0
2025-03-07,120.23687431685086,124.21197561248798,119.15366285310367,122.65174865722656,31222210.0
2025-03-10,123.32751396029997,124.63929706096594,117.71268196492446,119.00459289550781,21456437.0
2025-03-11,117.26548501652182,119.84929927169154,115.8443860388929,118.5573959350586,17046285.0
2025-03-12,119.45179076466849,120.44556608744244,117.2853602577451,118.45801544189453,13097183.0
2025-03-13,118.69652716673598,119.25303892216346,116.27171294910936,116.9574203491211,11472966.0
2025-03-17,117.27542925951536,118.97478417041017,116.87791760963202,118.03069305419922,13318439.0
2025-03-18,118.03069305419922,118.03069305419922,118.03069305419922,118.03069305419922,0.0
2025-03-19,121.73747340491104,127.70012516351893,121.48902958163572,127.31255340576172,28681078.0
2025-03-20,129.68767974519295,131.0292824977354,127.20324143589806,127.72000885009766,28721000.0
2025-03-21,128.0,130.60000610351562,127.0,129.66000366210938,18904126.0
2025-03-24,130.6999969482422,134.60000610351562,130.5,132.8000030517578,25775174.0
2025-03-25,134.10000610351562,134.3800048828125,128.86000061035156,129.41000366210938,24206199.0
2025-03-26,129.9499969482422,131.33999633789062,127.05000305175781,128.38999938964844,23494814.0
2025-03-27,127.48999786376953,129.19000244140625,123.69000244140625,124.33999633789062,25596858.0
2025-03-28,125.94999694824219,129.1999969482422,124.0,124.41999816894531,22400674.0
2025-04-01,122.80999755859375,125.20999908447266,122.36000061035156,124.37999725341797,17763188.0
2025-04-02,124.75,127.79000091552734,122.5,127.4800033569336,15024892.0
2025-04-03,125.19999694824219,129.5,125.16000366210938,129.16000366210938,16348518.0
2025-04-04,127.62000274658203,128.7100067138672,124.0999984741211,124.83999633789062,15394108.0
2025-04-07,113.0,124.05000305175781,113.0,122.41999816894531,23552525.0
2025-04-08,126.5,126.69000244140625,123.19999694824219,124.41000366210938,12601581.0
2025-04-09,124.4000015258789,124.69000244140625,122.5,123.05999755859375,9175006.0
2025-04-11,126.0,126.4000015258789,123.4000015258789,124.11000061035156,9778310.0
2025-04-15,125.79000091552734,128.5,125.0,128.27000427246094,14463246.0
2025-04-16,129.0,129.94000244140625,128.02000427246094,129.05999755859375,14424393.0
2025-04-17,129.99000549316406,131.0,128.16000366210938,129.47999572753906,18564617.0
2025-04-21,130.0,132.10000610351562,128.5800018310547,131.42999267578125,15830027.0
2025-04-22,132.14999389648438,133.5,130.50999450683594,132.30999755859375,14637811.0
2025-04-23,133.0,135.11000061035156,129.22999572753906,134.36000061035156,27531889.0
2025-04-24,135.0,137.66000366210938,133.0,133.4199981689453,28862676.0
2025-04-25,133.49000549316406,134.13999938964844,126.22000122070312,128.8000030517578,30370205.0
2025-04-28,128.0,129.60000610351562,125.62999725341797,127.16999816894531,27138997.0
2025-04-29,128.58999633789062,129.5,126.69000244140625,126.93000030517578,14094746.0
