Date,Open,High,Low,Close,Volume
2020-01-01,192.12541867393267,192.12541867393267,190.91758916580656,191.72280883789062,4208837
2020-01-02,191.80333807544008,194.01769234271603,191.72282347409143,193.1319580078125,8402979
2020-01-03,194.05795595181064,194.05795595181064,191.642296749091,192.04490661621094,9284478
2020-01-06,191.23968182018203,191.88386004785923,189.2266325378643,189.30715942382812,7636617
2020-01-07,190.07211998236073,191.56176911288006,188.90455382960826,189.5084686279297,8416741
2020-01-08,188.4214170072693,189.87081498004545,187.81750220916908,188.58245849609375,7043211
2020-01-09,189.70976235363787,190.5149820371649,189.26688907036257,189.8708038330078,9452653
2020-01-10,191.32020524333763,192.24620298177254,190.67602702731975,191.6422882080078,9973746
2020-01-13,192.0449193876739,193.65535896325187,191.84361444072664,192.64883422851562,12243639
2020-01-14,193.45404593770576,196.31257852232076,191.88386987442323,195.8697052001953,11843444
2020-01-15,195.30604728909424,195.6683937089975,194.13848114199342,195.1852569580078,5476729
2020-01-16,195.2657935280171,196.39309628732187,193.33327100158652,193.85665893554688,9369668
2020-01-17,193.85664159231172,194.94369309535082,192.76959008927264,193.21246337890625,7392403
2020-01-20,193.29298949184306,195.86969004850644,193.29298949184306,194.7826385498047,8020816
2020-01-21,194.42029781797535,194.42029781797535,191.6422922572955,192.004638671875,9571070
2020-01-22,192.9306645295834,192.9306645295834,190.91761507617238,191.6825714111328,7654918
2020-01-23,191.72282135239612,192.24620925874353,190.75654785348104,191.561767578125,6120434
2020-01-24,191.159146764552,192.52803004736757,190.8370638078173,191.7630615234375,6801874
2020-01-27,190.83707873938212,191.1591617213174,188.6629878946235,188.90455627441406,6837613
2020-01-28,189.02535316409424,189.95135104447553,185.6031689215068,185.80447387695312,14582907
2020-01-29,186.4083602820384,191.36045651524873,186.1265284727725,190.55523681640625,20469708
2020-01-30,190.79680209606184,190.83706553768798,187.61618679443583,188.461669921875,10394149
2020-01-31,189.83056415342756,191.9643916672039,188.4616929774194,189.34742736816406,18455880
2020-02-03,173.1222252488263,174.65213767356383,165.0700287256251,167.16360473632812,79764370
2020-02-04,169.74030664818508,175.21580278909627,168.41168683825245,173.64561462402344,35767812
2020-02-05,174.16904738260936,175.1353086973971,170.30398983677924,174.28982543945312,21253607
2020-02-06,175.537891277539,177.06780376391083,170.54553168936647,171.9546661376953,27388582
2020-02-07,172.15597281266795,173.68588531462527,171.31048967772207,171.83387756347656,17133407
2020-02-10,172.31700682786413,172.3572702681032,169.1363916358067,169.53900146484375,9617387
2020-02-11,174.33006442854833,174.6924108349211,170.54553430937491,171.18971252441406,29803784
2020-02-12,171.83389780079125,172.96121287571162,170.5455535123265,171.5520782470703,9928416
2020-02-13,171.55207824318504,171.8741612436242,170.06241672112637,170.62606811523438,9153131
2020-02-14,170.90789296690298,171.43128089288408,166.5194477603064,167.244140625,13731692
2020-02-17,167.48572815230895,168.009116138113,164.26484876476454,164.90902709960938,15561953
2020-02-18,164.70767899781427,164.74794243694876,161.4465370147447,164.14402770996094,20934864
2020-02-19,165.27135289283245,166.8012654958049,164.14405016292415,166.4389190673828,9054560
2020-02-20,166.6804697721141,167.92856270358848,165.43237684063968,167.04281616210938,15592846
2020-02-24,166.68047344038638,167.04281983835614,162.49333356975077,163.4595947265625,16594046
2020-02-25,164.10380206966587,165.39214641198467,162.25179402298573,162.4933624267578,15313516
2020-02-26,161.56731641497984,162.61410440796703,158.06461834076617,159.9166259765625,17869240
2020-02-27,159.75558109581195,160.35949586147657,157.74253187692986,159.07115173339844,17271066
2020-02-28,157.01783907280324,160.9634106271412,154.64244345185784,159.07115173339844,32628444
2020-03-02,160.64133505886042,163.8219505137178,155.93079475524522,157.25941467285156,18560049
2020-03-03,158.6282952804256,158.99064172093856,155.04506974792432,156.09185791015625,17947416
2020-03-04,156.97758323602378,157.46071998663245,150.21374244756996,150.97869873046875,27664076
2020-03-05,151.0189599668221,153.95800701114658,150.21374025202877,151.42156982421875,20025924
2020-03-06,148.84488006041704,148.84488006041704,144.73825430050186,146.34869384765625,26764504
2020-03-09,144.13433452346723,144.13433452346723,140.51084566673202,142.6849365234375,21794299
2020-03-11,140.10823620206685,142.32259050985814,138.7796285320634,141.4368438720703,27956087
2020-03-12,136.08213767795513,136.20291572571986,121.22583575565605,125.45323944091797,52039692
2020-03-13,120.78295503448815,132.05603083770706,108.3825765656184,130.6468963623047,61590681
2020-03-16,127.2247318598127,127.30525875667423,116.95817913061896,118.56861877441406,33254907
2020-03-17,119.17252059246049,125.45323697291226,117.60234456901706,120.09851837158203,47657482
2020-03-18,122.47391061798486,124.52721084481364,118.64911737609962,121.34659576416016,50243331
2020-03-19,121.34662099008129,131.69370029957247,116.55556565370686,130.3248291015625,89748454
2020-03-20,132.94178980869637,142.12129033189214,132.94178980869637,141.31607055664062,61996400
2020-03-23,127.22471765554594,130.44559658353447,120.13878155663564,124.24540710449219,51353150
2020-03-24,131.21055074105246,131.81446553024418,118.68938165447518,120.54138946533203,52552796
2020-03-25,121.58817104754922,122.39339072336081,111.92553493781021,118.64912414550781,62505978
2020-03-26,120.78293981461157,128.35199912832348,115.34770752295405,125.93634033203125,58443451
2020-03-27,130.44561910527582,133.6664985893567,124.80908000813429,131.41188049316406,32636484
2020-03-30,125.65454176026772,132.78072902351207,125.65454176026772,128.19097900390625,28120340
2020-03-31,132.05605067873174,139.98747083233954,130.08326457409876,138.25624084472656,42630666
2020-04-01,138.25622286290186,139.10170602254522,132.4989068047151,133.98855590820312,18141970
2020-04-03,135.1963982652636,147.15391710025705,134.47170536658234,143.24859619140625,62867436
2020-04-07,149.5293097389961,149.5293097389961,139.82640899428392,146.18765258789062,36118591
2020-04-08,145.6239864406456,148.16042355974193,142.2420538996139,143.8524932861328,37561082
2020-04-09,148.16042180646932,149.97216609486364,144.93954307154607,149.1669464111328,42626960
2020-04-13,148.56300652918185,150.2942236418166,145.78500154735332,146.22787475585938,17744169
2020-04-15,148.20067162391285,156.01129938073575,147.1136202361379,152.4683380126953,49092699
2020-04-16,152.7099191770521,153.95801223466282,149.32799871751328,150.05270385742188,27080032
2020-04-17,153.35406588370438,154.11902202402737,150.5357973660166,151.46180725097656,26667421
2020-04-20,152.9514708898156,152.9514708898156,144.53692795900815,145.50318908691406,35764287
2020-04-21,143.3291208541931,148.4020079260312,141.75894474037335,144.6174774169922,23333661
2020-04-22,144.13433285308963,147.7980851119982,141.71867364326133,146.7512969970703,25163402
2020-04-23,147.3149690132504,148.16045231258755,144.65774105248215,145.3824462890625,32968029
2020-04-24,145.74476889651203,147.19416684563612,144.3758978338251,144.9798126220703,18049697
2020-04-27,145.14085433520125,146.79155721632137,144.3758980595635,144.8187713623047,13085703
2020-04-28,144.93953157344944,145.5837097266667,143.36935577207234,144.4966583251953,17802635
2020-04-29,145.34216865976143,147.27469119541365,144.65772693976697,146.6707763671875,21461067
2020-04-30,148.8851091205736,148.8851091205736,145.30188411735278,146.59024047851562,30164713
2020-05-04,146.34867215661612,146.34867215661612,137.4107290799732,140.1484832763672,30294317
2020-05-05,140.9134566028266,142.8862425379305,138.49779734677816,140.0277099609375,17707577
2020-05-06,138.01464169865076,138.01464169865076,129.2377525171417,131.97549438476562,65586734
2020-05-07,132.0560556731609,133.54571731341423,129.23778619233124,129.64039611816406,24249585
2020-05-08,132.01577550660096,132.17681699920604,126.50002759313698,127.426025390625,25307015
2020-05-11,128.83514430943455,131.65341309120345,127.22470500556663,127.58705139160156,18095473
2020-05-12,127.58706460746788,133.58594917842373,126.8221083162294,132.90151977539062,21387527
2020-05-13,139.6250759965837,139.78612974854434,132.45862635467884,133.18331909179688,20015124
2020-05-14,132.45865566903595,135.47822988641516,130.40534274388227,131.89500427246094,14949993
2020-05-15,130.6066361402014,133.26386367381238,129.7611529767782,132.5794219970703,14950243
2020-05-18,133.66646722958555,134.71325527365872,131.37158622091272,132.65994262695312,20801299
2020-05-19,134.06907316462014,138.21594949197814,132.94177055718598,137.4912567138672,20142171
2020-05-20,138.4575122075982,142.52387377547674,137.69255602037586,141.51734924316406,25320734
2020-05-21,141.39659435923934,153.3541003884386,139.02118624480846,152.14627075195312,58382197
2020-05-22,151.38131151723698,154.52166359680626,148.64356930872418,150.05270385742188,39013770
2020-05-26,152.991739956481,156.97757493485386,151.22025910905722,154.36061096191406,53233404
2020-05-27,155.00480852383063,156.13211130751424,150.49557281573857,154.7229766845703,24546119
2020-05-28,154.8437566461995,155.32688111253546,152.18652907797855,153.51513671875,24578072
2020-05-29,153.3540872498056,159.43349835659717,152.18652115857003,158.9101104736328,35834621
2020-06-01,161.8491781139285,165.27136222827772,160.23873853070532,161.48683166503906,28508405
2020-06-02,162.57382539181447,162.57382539181447,158.3866861077245,158.82955932617188,22631373
2020-06-03,161.04396183642592,161.76865475001816,157.50099959069624,158.38673400878906,18979188
2020-06-04,159.23216610391225,163.056958968608,157.01781234014103,161.16468811035156,21996048
2020-06-05,162.49334327764808,162.654384765625,159.95689376696944,161.0439453125,14629659
2020-06-08,163.379091547281,163.9830063937397,158.62829966981107,159.1516876220703,19551313
2020-06-09,159.63481566767848,166.03631023207316,159.15167890231052,159.83612060546875,39914264
2020-06-10,160.601089969989,163.5804008341929,159.67509209553353,160.2790069580078,27199665
2020-06-11,161.04393839989544,162.05046301489477,155.89053728576977,156.41392517089844,19847133
2020-06-12,152.1462751377405,157.17889876816776,151.2605407507926,156.13211059570312,22562768
2020-06-15,156.13210678357888,156.17237022897498,150.01244397040443,150.7371368408203,24462536
2020-06-16,153.63592943289518,153.7567074796827,146.46946634766772,148.9656524658203,27636105
2020-06-17,148.16042511728088,148.96564481900523,145.503197644255,145.9058074951172,24027295
2020-06-18,145.90580414136284,150.97869060295767,145.50319429975494,150.25399780273438,28887489
2020-06-19,150.6566215707026,151.34105099269678,147.8383524189329,148.20069885253906,30531449
2020-06-22,150.17348208040804,150.97870182346654,147.47599102649082,148.9656524658203,31395991
2020-06-23,149.28774197843882,150.9787084274983,148.76435403722832,149.6501007080078,26546793
2020-06-24,150.89816215367404,156.77626823747113,149.89163756010183,154.4813995361328,54652978
2020-06-25,154.80347544769558,163.86219637766476,154.32033875009324,162.73489379882812,75574255
2020-06-26,165.87525376922193,168.61299576142167,155.648966309717,157.1788787841797,71956002
2020-06-29,163.05696204587989,163.45957182870922,157.98407632489517,158.82955932617188,91503336
2020-06-30,160.56080121662657,160.56080121662657,156.21261980677895,156.7360076904297,41210494
2020-07-01,156.73601149518316,164.1440426498305,156.73601149518316,163.3790740966797,44297953
2020-07-02,164.62718624669824,166.47919425071677,163.09727353584938,165.75450134277344,39320871
2020-07-03,167.48569846030696,167.88830831237502,165.8752590520348,167.12335205078125,37893277
2020-07-06,169.62088805708783,170.97547682523344,168.4356083517164,169.15524291992188,34710176
2020-07-07,169.32456312339127,169.74787453119973,164.24482622968952,164.45648193359375,31263172
2020-07-08,164.45649811029656,167.58900025251893,164.45649811029656,166.19207763671875,21274354
2020-07-09,166.70005861584605,166.7847260807255,164.3718454345161,165.4724578857422,18769502
2020-07-10,165.21844088654532,166.36138687981287,164.24482979482798,164.54115295410156,16191544
2020-07-13,165.85341546224393,168.26629581489,165.17612749937612,167.25035095214844,20297515
2020-07-14,167.12332769497894,168.90124065876222,163.18653702745073,165.8533935546875,18474376
2020-07-15,166.23439735343183,169.32456550655073,164.66813995512058,168.2239532470703,23776757
2020-07-16,168.2239566740478,168.3509578518284,162.5515861977114,164.1178436279297,22144320
2020-07-17,163.65220325803128,165.43010353291734,163.39821381349333,164.28717041015625,14882294
2020-07-20,165.0914612781101,165.3877844529083,162.84791581786047,163.14422607421875,18914963
2020-07-21,162.63622587367465,164.41412579300916,162.1282470861864,162.76321411132812,28010715
2020-07-22,163.3982184442153,167.5466654549566,162.97490699746862,166.4037322998047,32572133
2020-07-23,167.3350185248021,170.59452200340985,166.61539677858175,169.91722106933594,31488108
2020-07-24,170.1711982567675,170.76383168690907,167.0386961959279,168.98593139648438,60183102
2020-07-27,169.7478613221539,169.7478613221539,165.21842444368883,166.27670288085938,22645697
2020-07-28,166.7847165964872,168.18163925847236,165.13380447274815,165.43011474609375,19287132
2020-07-29,163.77919161493122,167.8006502473605,163.736857887744,166.5307159423828,14831635
2020-07-30,167.96998504521764,167.96998504521764,162.9749148988122,163.69454956054688,16315231
2020-07-31,163.82152646997199,166.74237280784163,163.82152646997199,164.371826171875,16652851
2020-08-03,164.244837165909,164.244837165909,162.46692396735568,163.0595703125,13265411
2020-08-04,163.059557973346,165.76874837501182,163.059557973346,163.94850158691406,17187619
2020-08-05,164.66816882900113,164.75283629397617,162.29762191255602,163.22891235351562,48768332
2020-08-06,164.41417795882944,165.59945786622546,163.4829004442054,165.38780212402344,17886089
2020-08-07,165.51476257659263,166.7846968163107,164.3718165934707,165.98040771484375,20911818
2020-08-10,166.27671591424655,169.02824006656462,166.27671591424655,168.3509521484375,16474505
2020-08-11,169.3245816044611,175.84357541254477,169.3245816044611,171.9067840576172,55142972
2020-08-12,171.44113006653265,173.47301977401938,169.66321688365198,172.88038635253906,21287010
2020-08-13,172.28774921837052,172.88038262707997,166.869368169542,170.5521697998047,22698888
2020-08-14,170.67915151423915,172.1607413262779,165.51474757347177,166.27670288085938,28751298
2020-08-17,167.67367816302317,168.90127885926447,166.65773320470078,168.2663116455078,11740766
2020-08-18,169.23990270197086,169.23990270197086,166.99635731480052,168.0969696044922,12488159
2020-08-19,168.13929975996678,170.76382279056,167.71598834357053,168.01229858398438,15474353
2020-08-20,166.78469786623995,166.9540198489138,164.7104745119974,165.7687530517578,16910449
2020-08-21,167.63134719675966,168.64729217183967,166.19209073885958,166.6154022216797,17233813
2020-08-24,166.9963611045626,168.47795112703653,166.2344056889519,166.5307159423828,14737317
2020-08-25,166.99637232820862,167.88532898512676,165.17613820278058,165.43011474609375,15199264
2020-08-26,166.36140139162976,166.4037351207101,163.94852093689408,165.04913330078125,22631175
2020-08-27,168.05462889996582,168.39327285883704,164.16015878075225,164.45648193359375,47212216
2020-08-28,164.75282446172648,166.1920808338472,164.28717927468847,165.55711364746094,34645487
2020-08-31,168.47794222739986,168.47794222739986,160.85833680003003,161.7896270751953,96994911
2020-09-01,161.78964783493038,162.84792650230057,159.37676730595004,161.02767944335938,39779151
2020-09-02,161.95896326840455,163.39821961395862,160.562027733076,162.0012969970703,20585374
2020-09-03,162.0436015037413,163.60985887770812,160.85833473099376,162.2129364013672,15691462
2020-09-04,160.8583416335862,160.8583416335862,157.21786079187504,158.06448364257812,41389019
2020-09-07,158.5301322947459,161.28165662028889,153.06941737081777,160.0963897705078,32660563
2020-09-08,160.51969720502066,161.3239863272176,156.2865829635216,159.29208374023438,25589032
2020-09-09,157.04850891829716,157.68347593548702,154.33931889530774,155.6092529296875,27829564
2020-09-10,155.86328511722772,157.21787404144723,155.10131673631616,156.5405731201172,17784303
2020-09-11,156.54054085755467,157.89514242103525,154.72030711766322,155.7362518310547,19255948
2020-09-14,157.30254082719725,157.34487455680664,154.93199407191696,155.2283172607422,30992032
2020-09-15,155.77859849955243,155.9479204794511,153.06940806585672,153.91603088378906,30771790
2020-09-16,153.95835572896465,155.35527813061117,152.43443216088951,152.94239807128906,50641398
2020-09-17,153.0694004083278,153.66203376754527,150.5295320815915,151.2068328857422,33933262
2020-09-18,152.01116576343935,152.26515525302543,149.8522744796208,151.63018798828125,29782789
2020-09-21,152.39209192745378,152.90007073458705,148.20131198313635,148.7939453125,23891325
2020-09-22,148.79398816839432,149.6406111451704,147.10074221484217,147.48171997070312,18529108
2020-09-23,148.11665799273177,150.3178824656157,145.3651338608463,146.0424346923828,61785000
2020-09-24,145.36515355297897,145.40748728289208,140.66639373831526,141.0050506591797,31486355
2020-09-25,142.99457951296137,144.94181445168024,141.38600143052824,144.5608367919922,26625318
2020-09-28,144.7724916351813,147.9896606996507,144.34918025613106,146.7197265625,23194638
2020-09-29,147.94736093648973,147.94736093648973,143.07927896003872,143.4179229736328,25615786
2020-09-30,143.92588654054808,145.7037997181307,142.82527423625595,145.36514282226562,18481590
2020-10-01,147.73569139147114,147.8203588461774,144.0105559163114,144.64552307128906,19756417
2020-10-05,144.85718158548326,146.29643791419022,142.86761262744358,143.29092407226562,24298942
2020-10-06,143.50257306840697,145.2804862207011,142.31730624583724,143.84121704101562,21885190
2020-10-07,143.92587487324852,144.68783021990794,143.07925207987648,143.5025634765625,16286540
2020-10-08,144.01054816484643,144.26452467841517,141.30134478134786,141.51300048828125,25502126
2020-10-09,141.80932868784964,142.99459552144685,140.83571756871189,142.10565185546875,22373277
2020-10-12,144.3491958874993,148.32832069777766,143.92588446260928,145.7884521484375,66250422
2020-10-13,146.33876371709573,148.0320094046829,143.50257202301148,144.05287170410156,35684395
2020-10-14,144.39153692946655,144.77251464748244,141.42835680510288,142.06332397460938,38216229
2020-10-15,141.97865286232212,142.0633203167857,139.3117959864367,139.735107421875,27116799
2020-10-16,140.11609364863253,141.21670603137335,138.67683726432864,140.28541564941406,20227056
2020-10-19,141.21668964982126,142.99458982944654,140.66637706306844,142.4442901611328,19016521
2020-10-20,142.23261283963564,142.48660223196526,141.13200075183198,141.7669677734375,16148741
2020-10-21,142.35962122209352,142.99458833355413,141.04736619315943,141.93630981445312,16478833
2020-10-22,141.85168025831945,143.16394843672973,141.38603504424597,142.69830322265625,22044107
2020-10-23,143.03691323480186,144.77249248275646,142.02096850282103,144.5608367919922,20145584
2020-10-26,145.19583838376158,145.28050584757173,142.44431374966697,142.69830322265625,16080575
2020-10-27,142.65594058344243,143.33324140135423,141.1743506960773,141.55532836914062,45885092
2020-10-28,142.65594201217607,142.65594201217607,139.69276220776885,140.11607360839844,16820774
2020-10-29,139.6927731174138,140.4970622577352,138.38050508928953,138.7191619873047,21007139
2020-10-30,138.84614043589258,141.21668688068095,138.29584077836978,139.9044189453125,16347325
2020-11-02,141.21671117275304,141.55535518664536,139.22714206542278,141.17437744140625,14370649
2020-11-03,141.55532994577086,144.56084347730297,141.47067541661315,144.0105438232422,22602903
2020-11-04,143.96821698997945,145.44980696475753,142.40195956355262,143.75656127929688,18808819
2020-11-05,144.9841470131717,148.15898234922656,144.09519053538875,147.94732666015625,26997641
2020-11-06,149.42892553298526,150.02155891458412,146.80438966219754,147.27003479003906,34252005
2020-11-09,147.27002825443046,150.10621970124063,145.49212818853425,146.29641723632812,35286484
2020-11-10,148.1590017099083,152.01113833805388,145.49214484650585,150.9951934814453,57459436
2020-11-11,152.05346392636096,157.38717736767657,151.20684110476304,156.87921142578125,63318644
2020-11-12,156.79455346996065,159.80006725230115,155.6516203426637,159.16510009765625,46367792
2020-11-13,158.48782227314737,159.84242423417223,157.0908994970744,158.40316772460938,28198725
2020-11-14,160.05405815690793,160.85834730976876,159.2074352763302,159.67308044433594,7767144
2020-11-17,160.01171436785776,160.35035833141936,157.81048984938988,158.6147918701172,20950589
2020-11-18,158.1491664343946,159.54608910617068,154.72034097278694,155.82095336914062,26595992
2020-11-19,154.7626751180456,162.38228153385094,154.67800765716035,159.0804443359375,48984610
2020-11-20,159.84239115015043,162.55158159301283,157.51417839295883,162.29759216308594,45307312
2020-11-23,162.55158350007267,162.97489491543743,159.71539184975302,161.57797241210938,23180456
2020-11-24,161.36633280099986,166.31906910374823,161.36633280099986,165.55711364746094,45411815
2020-11-25,165.93807757683038,167.588989540463,162.97489762010127,164.1178436279297,41659179
2020-11-26,165.17610855679254,165.81107563799225,163.01721789702586,164.922119140625,24222956
2020-11-27,164.62580241694025,165.72641465092792,163.56752390703647,163.94850158691406,31385396
2020-12-01,165.0914597245663,166.23440576695845,162.89023509419616,164.58348083496094,15893346
2020-12-02,165.09144761017924,168.26628314114424,163.86384712189388,165.89573669433594,28425948
2020-12-03,166.95404483350504,166.95404483350504,164.71049916084314,166.107421875,28009042
2020-12-04,166.65772599543112,168.77428328306198,166.3614028077866,167.8006591796875,22152332
2020-12-07,167.80064409154846,172.49940343127852,167.29267813925614,171.99142456054688,35693450
2020-12-08,172.6264197016839,173.303720666418,168.94361750581191,171.39881896972656,30853963
2020-12-09,173.55768780754372,175.9282344198225,173.26136463659398,173.89633178710938,39684395
2020-12-10,174.9546046513216,180.8809645290418,171.99142471246148,180.07667541503906,65227495
2020-12-11,181.55825439279917,184.52143415226618,180.62697707660124,183.12451171875,60322445
2020-12-14,184.5214528892702,185.07176550868658,182.0239179935123,182.78587341308594,26990063
2020-12-15,182.23556667197562,183.2091777725338,179.14539846721334,180.7963104248047,23255609
2020-12-16,180.96563615531565,182.48955988557466,180.7539804405141,181.1772918701172,19551630
2020-12-17,181.34662755164993,182.10859593353504,178.84909251209226,180.37301635742188,22386185
2020-12-18,180.41533437450494,182.8282017442311,177.5791426616393,181.60060119628906,23775053
2020-12-21,181.60059387854517,181.7699158579143,168.60492849655108,171.8220977783203,41834797
2020-12-22,171.94910270824997,174.6159594672837,166.7000308040578,172.2030792236328,40986353
2020-12-23,171.8644213808429,176.309190899313,171.01779861542005,175.88587951660156,23695667
2020-12-24,177.79079659508105,178.34109627430914,174.06566126236936,176.60552978515625,22768284
2020-12-28,176.94418123741423,177.9601261058071,175.97057009654603,177.36749267578125,15741000
2020-12-29,178.2141316941309,180.75400055437981,177.87548768014082,179.10308837890625,26546469
2020-12-30,180.07667225905956,180.7539731026167,177.40981552819989,178.764404296875,18925262
2020-12-31,178.25645140789976,178.89141857302994,176.5632056342193,176.94418334960938,18245270
2021-01-01,177.70613751360708,181.34661848475685,177.19817153618803,181.05030822753906,19527333
2021-01-04,181.17729040222142,182.87053610691507,179.56871215013823,180.6693115234375,26891799
2021-01-05,179.86504029498906,180.54234122794972,178.2987956133609,179.01841735839844,18024083
2021-01-06,179.01840271828826,179.06073644534388,173.1343763738668,173.89633178710938,49067837
2021-01-07,174.48897208492207,175.75890634196386,171.10248073281053,171.6951141357422,34952401
2021-01-08,173.0073778772699,174.40430035839603,169.53621915907186,170.59449768066406,56427360
2021-01-11,172.71105052806712,174.48896356852563,170.38283783712504,171.4411163330078,42970983
2021-01-12,171.8644471835616,175.166271297052,170.67918030139583,174.78529357910156,35617404
2021-01-13,175.6318909507752,180.33064990523297,173.76932344154494,178.84906005859375,63925996
2021-01-14,179.48404157915041,183.29384434851917,179.1453976114711,181.3042755126953,48304263
2021-01-15,181.93925028498813,184.9870977959123,178.8067482378071,184.43679809570312,58321158
2021-01-18,184.9024335724917,187.95028113667874,181.68527693283215,186.04537963867188,67607822
2021-01-19,187.1036353079096,187.69626867316097,184.1404555632142,185.2834014892578,31785089
2021-01-20,184.9870906364384,185.41040205665908,182.61654409951473,184.2674560546875,44672447
2021-01-21,185.41039759749398,185.8337090075339,179.653359837263,180.9232940673828,28999164
2021-01-22,181.17728069835576,181.812247803607,177.07115491702214,178.3834228515625,24712182
2021-01-25,179.48405144488174,179.9073628869687,175.1239487587618,175.92823791503906,24967899
2021-01-27,176.0975345591843,180.0343252365216,175.33557924048617,178.34107971191406,48471357
2021-01-28,177.1558534035149,178.63744357534836,174.19267305984798,174.9123077392578,22131983
2021-01-29,176.56321496080702,176.77487069369735,171.31415536881482,172.07611083984375,23764654
2021-02-01,172.71106085222124,184.52144698857495,170.84849317181653,182.8282012939453,57744414
2021-02-02,186.2570168927105,189.2201967069127,183.7171484805372,184.73309326171875,48457781
2021-02-03,187.52696708494403,187.95027852305904,182.6165518191221,183.50550842285156,53643263
2021-02-04,182.955218978548,195.90853937637732,182.87055151880196,194.68093872070312,105818897
2021-02-05,196.54348631954198,202.21586965865416,192.3950395882061,198.40606689453125,125490301
2021-02-08,201.07292899092602,201.538574147014,195.99319183747104,197.34779357910156,41495834
2021-02-09,198.61772581879416,202.51218317854259,193.19933182660054,193.8766326904297,70655961
2021-02-10,193.87664850073935,195.6545617984717,188.88157844473406,192.6490478515625,47283127
2021-02-11,193.87661835311945,194.13060777307763,190.06681580906252,191.7177276611328,43631374
2021-02-12,191.1251170898931,191.1251170898931,182.7012219325205,184.09814453125,110568108
2021-02-15,184.9447609050882,187.1036517785284,184.14047177298607,185.07176208496094,31776555
2021-02-16,185.45272194809428,187.7809345856296,183.92879836529255,184.77542114257812,29148891
2021-02-17,184.22513881404635,184.90242676476038,183.3361822306847,184.3521270751953,19850516
2021-02-18,184.73308892846558,186.76499136160552,184.47909950951828,185.2834014892578,24070563
2021-02-19,185.28341530222193,185.32573610983613,181.17728932536934,182.8282012939453,28125203
2021-02-22,183.7382162243706,183.7382162243706,178.53807802934125,179.44810485839844,51546288
2021-02-23,180.2714586143585,182.48152000672124,179.4047689094818,180.70480346679688,26675953
2021-02-24,181.22482061723238,181.83150075914972,178.97142211909906,181.00814819335938,13160617
2021-02-25,181.57150466474656,183.04487461137094,180.96482447785843,181.26815795898438,25954142
2021-02-26,179.62145303339628,180.27147035438566,175.93802154778984,176.67471313476562,43429293
2021-03-01,178.06143281481772,180.05482217942122,176.848072275305,179.31813049316406,16225536
2021-03-02,179.40477221367888,182.6981957977943,178.97142735325937,181.9181671142578,25604169
2021-03-03,183.73823403443333,183.73823403443333,180.96482937318052,181.96151733398438,20846117
2021-03-04,180.96484221771343,183.13156682945655,179.92481704900422,181.74485778808594,24899212
2021-03-05,180.27148688794094,182.00486656955573,179.5781323703675,180.7481689453125,17323590
2021-03-08,181.74485443890669,182.69821854036016,180.01147478145475,180.271484375,22988740
2021-03-09,180.87812941790784,181.7881562059396,177.45470790544044,180.09811401367188,22593086
2021-03-10,181.22483421407514,181.31149525534516,178.36475535943998,178.971435546875,19603214
2021-03-12,180.27147587218815,180.27147587218815,176.37137182687638,177.84474182128906,30787960
2021-03-15,178.40808519199007,178.53808336089372,174.7246538605153,178.0614013671875,41115805
2021-03-16,178.8847687075544,181.0514931988021,177.6280711475581,180.1414794921875,48763187
2021-03-17,183.91155215607762,185.3849220048438,180.74814003300213,182.5248565673828,78578698
2021-03-18,184.60490791094446,189.89172042266136,183.651543941738,188.635009765625,91993104
2021-03-19,189.80504810984357,196.00187429937463,186.81497122975262,193.2284698486328,134184994
2021-03-22,193.531827482671,196.21855782373785,191.9717832582187,195.87188720703125,46050245
2021-03-23,195.00519464948013,197.6919381767274,191.7984452046159,192.57846069335938,41564683
2021-03-24,191.53843755791823,193.0984817757154,186.55497142236152,187.16165161132812,27609243
2021-03-25,186.46829380879538,187.16164825144008,181.18149428598107,183.3915557861328,40681282
2021-03-26,185.6882823385408,185.86161764678837,182.30819754148607,182.7848663330078,26079435
2021-03-30,184.82157348090064,186.3382804145071,182.351502613459,185.94827270507812,27792033
2021-03-31,185.51495243478203,190.06507383817723,184.34491592691145,189.37171936035156,36485322
2021-04-01,190.67173550156758,191.19175461551694,188.33167593806635,190.71507263183594,29062762
2021-04-05,188.59169056726597,190.67174062973606,182.438188193452,184.21490478515625,31378045
2021-04-06,185.29826053820236,186.29494840352723,182.1348351978531,184.3015594482422,25674227
2021-04-07,184.3448995742846,186.51162385988886,184.12822714572417,185.2982635498047,15204883
2021-04-08,186.20830316603147,187.29166538313746,184.4749236186619,184.82159423828125,14116874
2021-04-09,185.2549323980529,187.16164718599455,184.21490735232433,184.69158935546875,16364247
2021-04-12,182.0048353934928,182.87152508584276,177.67138693174297,177.931396484375,34511670
2021-04-13,179.40478855463587,181.7448483691168,178.538098754855,180.87815856933594,20247639
2021-04-15,181.13814910664476,182.39484653925183,178.53807998071207,179.14476013183594,17530742
2021-04-16,180.27145602603306,181.35481814157413,178.97142148738376,180.22811889648438,13311926
2021-04-19,177.67140235837343,178.62476639258998,176.58804014887116,178.19142150878906,15792299
2021-04-20,178.71142594427835,179.40478039750514,175.50467647582025,176.41470336914062,21364882
2021-04-22,175.07133124675502,178.79809985386564,173.81463374164366,178.451416015625,23139735
2021-04-23,177.02135232843838,179.4047487490171,177.02135232843838,177.97471618652344,19625381
2021-04-26,178.36474133054998,179.18809389335541,177.41137737911095,177.931396484375,19886214
2021-04-27,177.9314358701915,179.36146888925825,177.7147633991427,178.01809692382812,11444814
2021-04-28,178.53808118537103,178.97142604261708,177.9314010301537,178.104736328125,12708021
2021-04-29,179.4914618544015,179.8814696172677,176.84805533442892,177.06472778320312,13096755
2021-04-30,176.7180405021767,178.27808474801452,175.0713352132924,175.5913543701172,16495657
2021-05-03,174.37797309424326,174.94132936019014,173.33794805086526,174.1613006591797,20611626
2021-05-04,174.37796757841846,175.3746686829654,172.5579271162364,172.99127197265625,18259282
2021-05-05,174.59465244127276,175.071334462211,172.90461002579752,174.5513153076172,13862655
2021-05-06,175.33132103290043,178.4947330051133,175.15798574565932,175.72132873535156,14320889
2021-05-07,175.89465319378348,178.9280668199746,175.89465319378348,177.97471618652344,19463495
2021-05-10,179.5347822581423,179.79479183652072,177.67140452493055,178.14808654785156,16295368
2021-05-11,176.71802849699424,178.97142705730363,176.5880303289376,176.80470275878906,13747541
2021-05-12,176.7180213497019,177.88805771343235,175.80800776083942,176.15467834472656,16537612
2021-05-14,177.67142395810328,184.77827827149983,176.80473408513691,183.95492553710938,61647120
2021-05-17,187.89834948508772,188.0716847985,183.4348891230602,184.2582550048828,38001828
2021-05-18,185.55826788587348,185.99161273079645,181.70148818635084,182.0481719970703,30479551
2021-05-19,182.0481833676011,183.2182065871904,179.88145900765497,180.05479431152344,24405319
2021-05-20,180.66145196585163,181.39814344625066,179.2314193564116,179.40475463867188,20884367
2021-05-21,179.92479059201656,181.8748424558406,179.75144206885707,181.18148803710938,22638020
2021-05-24,181.5715063288984,183.7815678814089,180.05479923545892,183.3048858642578,28865798
2021-05-25,184.6049201311981,184.95159074769325,182.22152327504412,182.7848663330078,25334878
2021-05-26,183.56488156506276,184.12822458162074,182.264847011804,182.5248565673828,17576137
2021-05-27,182.87152771304025,185.60159499330967,182.26484756460653,183.00152587890625,47554219
2021-05-28,184.17157888837173,185.03826867137585,183.34822623944515,184.51824951171875,25597550
2021-05-31,186.3382972065427,188.85169220459045,185.8182780640188,187.72500610351562,73039531
2021-06-01,188.93838979475174,190.15175031091798,185.68830281433742,186.55499267578125,38755111
2021-06-02,182.43821840423146,184.12826101292978,180.79151293414347,181.13818359375,96654991
2021-06-03,182.65485791151596,182.65485791151596,180.87814134621584,181.18148803710938,46657520
2021-06-04,181.57149555868733,181.74483085701434,180.27146098428145,180.92147827148438,30126021
2021-06-07,182.35152399154194,184.08490354744876,182.17818868087855,183.2615509033203,31433280
2021-06-08,183.911546026862,185.6882625020301,183.04485635357364,185.16824340820312,21261361
2021-06-09,185.47160443474266,186.1216217400046,183.30488008386948,184.17156982421875,24887924
2021-06-10,185.90863360289873,188.31377375967693,184.8396839323787,186.443115234375,30719587
2021-06-11,187.33389668083507,187.4675102837785,185.06237028377532,185.19598388671875,21424291
2021-06-14,185.2405399865059,185.68593681916997,182.79085740685343,184.66152954101562,17677889
2021-06-15,184.88419374732047,185.64136006728762,184.3942546035593,184.4387969970703,14854294
2021-06-16,184.43883632816906,186.487664534713,184.43883632816906,185.15147399902344,20104244
2021-06-17,184.34971519609707,185.2850511052587,182.61267056047132,183.19168090820312,21476893
2021-06-18,183.5034704326745,183.9043248097937,180.3856930224106,182.21182250976562,23567549
2021-06-21,180.92019369960917,183.50348981833122,180.296627277737,182.1227569580078,19074685
2021-06-22,183.59256053935218,183.7261741381165,182.03367178908937,182.70176696777344,18042675
2021-06-23,183.19168392834368,183.36985350821115,181.36556806657748,181.67733764648438,12575210
2021-06-24,182.1227367622961,182.3008927520328,180.43023447115158,181.0537872314453,22435272
2021-06-25,181.7219057643098,183.14718105041464,181.49920735038296,182.65724182128906,13877208
2021-06-28,183.41438433514267,183.41438433514267,181.14287168349767,181.36557006835938,14627153
2021-06-29,181.3655836959081,182.8799301082675,180.96471569909178,181.0983428955078,13326068
2021-06-30,181.98913321365472,182.0782044172243,180.43024443065644,180.56385803222656,15942408
2021-07-01,180.74201566706014,181.54373806102885,180.073920468302,180.8311004638672,10191296
2021-07-02,181.0983533066661,181.45466533272935,180.1630172477094,180.296630859375,12698779
2021-07-05,180.83111528302075,181.81099375847327,180.56387446313073,181.41012573242188,10248249
2021-07-06,181.0537915830259,181.5437307609004,180.1629980205018,180.3856964111328,11088659
2021-07-07,180.3856993131111,182.790839252133,180.20754331622638,181.4991912841797,17879443
2021-07-08,181.27649802028543,182.16729162235072,179.7621516152608,179.9403076171875,20925008
2021-07-09,179.94030801306548,180.25209121144695,178.96042961166523,179.36129760742188,11834045
2021-07-12,179.9403043714798,180.43024356226468,179.0049683876962,179.1385955810547,13085323
2021-07-13,179.94031526917533,180.11847127867816,179.36130484018304,179.80670166015625,10830411
2021-07-14,179.80668857705027,182.7462965010357,179.67306138532194,181.81097412109375,20480406
2021-07-15,182.0781923021376,185.73045121626419,180.7420020056177,183.72616577148438,28852257
2021-07-16,185.017827885317,186.75487268573974,184.5724310855967,185.19598388671875,29019824
2021-07-19,184.21611150472833,186.6212514057917,183.81525711995627,185.06236267089844,16464973
2021-07-20,185.46323113388922,186.4431095643184,183.85979988065603,184.21612548828125,23656813
2021-07-22,184.39427185058594,185.50776383036,183.36986466616636,184.39427185058594,18311537
2021-07-23,184.39426434746477,190.27350719841425,183.94886757367863,189.2045440673828,44526781
2021-07-26,190.62983166697092,191.83240847193616,187.7792948465119,188.091064453125,47263771
2021-07-27,188.84825413559633,189.73904778717935,185.2405371281987,185.8640899658203,24436949
2021-07-28,185.5523007898366,187.06664711946033,184.79512082880925,186.2649383544922,14736840
2021-07-29,186.26494253973397,187.24480731977513,183.19169382263001,183.5480194091797,15603733
2021-07-30,183.59256654825626,184.48336014899027,182.2563761471552,182.56814575195312,14940336
2021-08-02,183.90434948851362,184.83968555559474,183.01355582318547,184.66152954101562,9674128
2021-08-03,184.8396553112873,187.86834784086153,183.9043193972501,186.97755432128906,18468527
2021-08-04,187.86836395737927,188.0465335505226,185.37415276255174,185.81954956054688,10998260
2021-08-05,185.8195743997528,193.07953774056782,184.3052142101938,191.74334716796875,47178466
2021-08-06,191.87693097992053,192.41141256290112,189.3827198391613,190.85252380371094,23581637
2021-08-09,191.52060967782614,193.43581033763218,189.47178183255397,190.45166015625,20358146
2021-08-10,190.62980135580355,191.0306556962434,185.77497969396643,186.93301391601562,18155926
2021-08-11,186.93305322166586,187.6011484603531,184.7951403024072,185.8640899658203,15418634
2021-08-12,187.28935352475114,190.8079855098214,185.59685112963328,186.08677673339844,27692208
2021-08-13,186.93304525840773,189.11548689332864,186.3540212540855,188.35830688476562,18850939
2021-08-16,188.31377451608867,189.96174822606625,187.5120656580865,187.86837768554688,11190075
2021-08-17,187.77929436785132,188.4028471719198,185.99770716055184,186.35401916503906,7858486
2021-08-18,186.71034112522503,188.40284350222038,185.59684914235137,186.13131713867188,10735658
2021-08-20,184.39427433828055,187.69020792439153,184.12703354104312,186.08677673339844,19421004
2021-08-23,186.62125822212403,187.24481102037035,183.50348063846087,183.77072143554688,9936365
2021-08-24,184.39428429122682,184.39428429122682,182.34545619172673,183.28079223632812,12490094
2021-08-25,183.85977172851562,185.19596196954387,183.50345976788012,183.85977172851562,10586894
2021-08-26,183.85978040600423,184.26064837117616,182.03366453102385,182.25636291503906,14836173
2021-08-27,182.61268938425485,184.2606629937196,182.5236045866069,183.41439819335938,10476384
2021-08-30,183.503477536715,185.46322069483443,183.503477536715,185.28506469726562,12084844
2021-08-31,185.32959151759624,188.49191118026323,184.61695399478776,188.22467041015625,25808430
2021-09-01,187.95745201383968,189.11548642719805,186.44310559287806,186.6212615966797,16241960
2021-09-02,186.1758836057388,188.40286785939597,186.1758836057388,186.84397888183594,14321164
2021-09-03,186.84395526639048,188.18014564970198,186.84395526639048,187.60113525390625,10228853
2021-09-06,187.95746173364776,188.13561774666235,186.22041681999866,186.443115234375,10632156
2021-09-07,187.86835410376656,190.94160272268778,187.20025894181515,188.6255340576172,37489544
2021-09-08,189.07093885071885,189.73903404100406,186.7994124852628,188.18014526367188,17233315
2021-09-09,188.00198454570923,190.54073804960893,187.55658776336566,189.42724609375,19051252
2021-09-13,190.05083419266956,191.65425191849027,188.67010129105049,190.76345825195312,16043896
2021-09-14,191.43154033974625,193.52491074914934,190.80798753452993,192.50050354003906,19621849
2021-09-15,193.3913011525874,193.48037235950298,191.78786991135524,192.4114227294922,20248758
2021-09-16,193.2576595907244,208.13390928322605,192.67864921529306,205.5506134033203,149238901
2021-09-17,207.55492563493792,211.38534114411218,204.08083575012452,205.90695190429688,79501805
2021-09-20,205.77332476447611,213.21145687583575,205.10522955420183,208.22300720214844,70390969
2021-09-21,209.29194732569158,215.97289912535675,206.39686821250334,215.12664794921875,56671832
2021-09-22,216.9082489013672,218.95707696881928,214.41402401892253,216.9082489013672,52621868
2021-09-23,218.24444013772552,218.7789217546275,215.3048184296289,216.0174560546875,21791090
2021-09-24,217.3536205373001,217.3536205373001,211.74161860002303,212.4097137451172,24823291
2021-09-27,213.61230943383026,215.43843904458706,209.7818942096059,212.63243103027344,22890540
2021-09-28,213.65685058750807,215.21573938889827,210.49453058620165,211.7861785888672,15713947
2021-09-29,210.22727430610962,215.0375539591924,209.96003352706487,212.0979461669922,15450046
2021-09-30,213.7013768419998,214.14677363707895,209.5591920847364,210.36090087890625,16357902
2021-10-01,209.51465771300764,211.11808895520446,207.46582965866904,209.64828491210938,15956143
2021-10-04,210.22728294631085,212.32065327702838,209.69280136625454,210.7617645263672,10686552
2021-10-05,210.5836060772433,211.51894209560248,208.8911036382558,209.0692596435547,9223597
2021-10-06,209.15833741548798,210.58359900242775,205.4170070601778,205.9960174560547,17505160
2021-10-07,207.55490311503974,209.29194786897548,206.93135033060526,207.51036071777344,10371535
2021-10-08,209.11378893057488,209.1583313272146,205.9514690631918,206.39686584472656,9739240
2021-10-11,206.66411697571507,213.34506903311967,206.39687617493254,212.0534210205078,21184428
2021-10-12,212.54334646167118,216.46283264460106,212.00886489471216,214.948486328125,29222028
2021-10-13,216.06200636773744,223.50012532203354,213.92409341426423,221.98577880859375,50159625
2021-10-14,225.59350325278976,233.2543344665606,223.01020697433125,228.53311157226562,85406902
2021-10-18,232.49711899170987,236.32752042299245,229.24572793703575,233.87783813476562,60292901
2021-10-19,232.85345758852074,233.8778648618741,218.2889893841225,219.0906982421875,59061766
2021-10-20,219.09066903514466,221.36219528675446,215.88382043795798,219.66969299316406,47822165
2021-10-21,220.91682513171853,221.22860834609511,216.5519416850406,217.97720336914062,22518727
2021-10-22,217.9771843025403,218.95706266849984,208.1784550126699,210.7617645263672,35537151
2021-10-25,208.5347754653103,210.80628814357516,205.32791324874796,207.9112091064453,22333919
2021-10-26,208.53477500894815,212.89965795686552,207.19858468704314,210.850830078125,18934170
2021-10-27,214.01314481182928,214.9484807334472,210.40542830983472,212.4097137451172,25911499
2021-10-28,209.42559084639853,210.1827572872727,199.67138958439142,200.5176544189453,46282465
2021-10-29,200.42855013814605,203.32362919569707,198.0234102549745,198.8251190185547,26642108
2021-11-01,199.67136936138763,202.70007559542938,198.20156543669464,202.07652282714844,23197539
2021-11-02,203.10094243310854,204.214434442062,199.9831648080389,200.96304321289062,14343859
2021-11-03,201.31934811049956,202.0765280868257,197.48893301645955,198.1570281982422,17843327
2021-11-04,200.29494923135366,202.47739086375114,199.53776922366612,201.80929565429688,7024796
2021-11-08,204.6152761697444,205.50606972171752,201.05210196185183,204.70436096191406,20270558
2021-11-09,204.74892139923378,205.6842438372758,202.9673341383048,203.76904296875,11520817
2021-11-10,202.61100305546307,207.42129668544104,202.38830465386496,205.63970947265625,13431108
2021-11-11,205.2388498619401,206.2187283059825,203.59088977823723,204.88253784179688,8134962
2021-11-12,205.95148908533565,208.40117162192956,204.12535938502464,207.46583557128906,11855531
2021-11-15,208.40114484047297,212.89965491169576,207.64397849101528,212.0979461669922,38755267
2021-11-16,212.94422835388758,213.47869639747105,209.3365112918605,209.73736572265625,14675969
2021-11-17,210.22728472811195,218.4671253371587,209.91550153836468,213.34506225585938,46697822
2021-11-18,213.79047594572367,216.46285689504523,210.49454216004693,211.56349182128906,20226071
2021-11-22,211.9197740315567,214.45854101323386,204.48165625779174,205.68421936035156,22574227
2021-11-23,204.12534512974383,207.28766508371712,204.12534512974383,206.30780029296875,13433385
2021-11-24,207.06497951946528,207.28767793013205,202.1656144847966,202.83370971679688,14139854
2021-11-25,202.21015772230945,206.84228196486265,201.0966656643672,206.0405731201172,23904846
2021-11-26,203.9026642789083,204.9270851480999,198.73607190098846,199.53778076171875,27027022
2021-11-29,197.75618783507338,199.22599190228007,196.15275656657283,197.310791015625,22132952
2021-11-30,197.75617289274496,200.60670960334332,195.97458574956707,196.99899291992188,23503453
2021-12-01,197.75616853240152,198.91420286841978,196.50906299664703,197.66708374023438,12995800
2021-12-02,197.6670868604625,201.45295951600144,197.13261887631566,200.82940673828125,15904846
2021-12-03,200.42854549487424,201.49749501902744,197.17715452715188,197.4443817138672,13794647
2021-12-06,197.4444037432583,197.93434296095126,193.74761559530918,194.1039276123047,13138355
2021-12-07,194.99470017454178,197.71162318592474,194.28207621756258,196.5535888671875,8903842
2021-12-08,196.86537094594928,201.0075554406452,196.86537094594928,200.38400268554688,9861847
2021-12-09,198.6469602922739,210.62813073939796,198.6469602922739,209.6927947998047,38241864
2021-12-10,210.4054622027798,212.85514479606294,208.2230204290686,210.31639099121094,35162889
2021-12-13,212.00888704112575,212.6769822733982,208.57932607848755,208.98019409179688,22054342
2021-12-14,209.33647965194476,211.207151502828,202.700070568699,203.63540649414062,37508445
2021-12-15,204.88252503296084,206.84226820609416,199.00328192112937,199.58230590820312,34653042
2021-12-16,201.31935749611822,201.45297110173138,196.68723340495941,198.55789184570312,24199205
2021-12-17,198.46880694118371,198.51334933745778,193.07950321036665,194.14845275878906,29683982
2021-12-20,192.6341046625085,192.6341046625085,186.88848899915337,189.2045440673828,37340790
2021-12-21,190.6298305376838,191.92147854013038,188.00199213427217,189.29364013671875,19395604
2021-12-22,190.62982321685215,190.8079792116527,188.04652731116633,188.84823608398438,17239484
2021-12-23,190.54073649828723,194.59384990310085,189.91718372656922,193.56944274902344,22209720
2021-12-24,194.19297790527344,196.37541920453023,192.81224529801145,194.19297790527344,16581585
2021-12-27,194.54931115796163,194.5938535551555,192.09962882904188,193.79214477539062,8153106
2021-12-28,194.19298980521518,196.50905842335055,194.19298980521518,196.0191192626953,11568803
2021-12-29,195.97459276104743,196.24183356057156,192.67865914673433,193.0795135498047,11480954
2021-12-30,192.94590434071358,194.10392517763992,191.96602591761837,192.4114227294922,9741198
2021-12-31,193.21311284575793,194.9056287224574,192.54501769263646,194.23753356933594,7583815
2022-01-03,194.237515715617,195.84094665421222,193.34672226000075,195.1728515625,7765495
2022-01-04,195.52918571619387,197.48892882265358,195.12833133412295,196.19728088378906,9050253
2022-01-05,195.66280095213946,197.31077448298788,194.77200738788218,196.4645233154297,11230588
2022-01-06,195.08378435835257,196.33088987161636,194.37114681116012,194.81654357910156,8950589
2022-01-07,195.79643559916553,196.55360200216234,193.7476076048577,194.54931640625,8855041
2022-01-10,195.88550866975368,200.16132070025589,194.9947150630837,198.91421508789062,15841299
2022-01-11,198.9587586161736,199.76046742975507,197.0435441955017,197.71163940429688,8020695
2022-01-12,198.20157223411414,199.22597941767745,197.39986344631947,198.4242706298828,13158894
2022-01-13,199.44868269892518,201.14119870368393,198.42427549026908,199.49322509765625,11501088
2022-01-14,199.49322790089843,200.25040791267128,198.02342386914162,198.29066467285156,10569725
2022-01-17,198.29064802219972,200.96302865003295,197.17715609393585,200.07223510742188,12318313
2022-01-18,200.07226121893083,202.4774013793904,196.241845767308,196.6427001953125,14394097
2022-01-19,196.64268895934023,198.11249297551777,194.81655934451572,196.286376953125,11473796
2022-01-20,196.4645150510754,197.88977653847422,194.19298883928573,194.861083984375,17329896
2022-01-21,194.63843472032832,196.4200222234892,192.4114503413772,193.34678649902344,16586264
2022-01-24,193.34675618422344,193.97030899407622,187.8683673154988,188.6700897216797,17354942
2022-01-25,188.8482362855138,191.2533761989657,186.665794763908,190.89706420898438,18322935
2022-01-27,188.18014272726742,191.96601542118879,188.0465291279839,191.164306640625,23149684
2022-01-28,191.60968618468632,195.30647375144753,191.60968618468632,193.836669921875,15276991
2022-01-31,194.6383941350813,196.64267965821145,193.3912885798839,196.15274047851562,15039006
2022-02-01,196.8653782866527,203.8135708270208,195.21740475090058,202.87823486328125,43207074
2022-02-02,204.8825286827777,207.8221502910604,203.9917350798091,206.7977294921875,41130638
2022-02-03,206.79772961069924,209.51465281979682,206.48596000494058,208.8465576171875,27845963
2022-02-04,211.34079016820812,212.45428221335146,206.26326916084088,208.71295166015625,56705951
2022-02-07,208.44571811660407,209.1138133669778,203.5463529471967,205.06069946289062,24171083
2022-02-08,205.14976626499177,206.9313534429901,204.03627427874284,205.9960174560547,16201280
2022-02-09,206.9313582147998,207.55491102299194,203.7690381824438,205.01614379882812,11893807
2022-02-10,203.72449035464763,207.91121748943522,202.8782391666211,206.88681030273438,19563580
2022-02-11,206.66410228856896,207.82213661470658,204.7043592094911,207.06495666503906,18096561
2022-02-14,205.97132627004476,205.97132627004476,199.13599464603885,200.00180053710938,22745228
2022-02-15,201.4144276161365,203.69287136745024,199.1815555211524,203.2371826171875,12875311
2022-02-16,203.96630286712275,204.78653711719306,202.189119387625,203.0093536376953,11231596
2022-02-17,203.28277226701425,204.46756590387236,201.27774436968727,202.918212890625,14024149
2022-02-18,202.91818274254564,203.6472874804809,201.8701042424936,202.23464965820312,8670947
2022-02-21,200.77646891295123,201.6878464260318,197.90562140283714,198.6802978515625,16129017
2022-02-22,195.94617983425198,197.6777916748311,194.12342467300314,195.80947875976562,25749340
2022-02-23,197.58664237053776,198.22460383145054,195.99173176499735,196.8119659423828,11014283
2022-02-24,191.3892984733307,194.3968473735011,188.6551656379974,190.02223205566406,41341523
2022-02-25,192.75633995740947,197.3132274268518,191.89053411951883,194.9892120361328,23633656
2022-02-28,194.3056967880288,197.2676739156101,192.11839616411453,196.72085571289062,20034633
2022-03-02,195.39934109475072,197.40438282932217,193.622157654124,196.21958923339844,19295994
2022-03-03,196.90311618290215,200.68532733224447,196.8575445255511,199.9562225341797,28532668
2022-03-04,198.40687776193386,207.24723667686106,197.76891629711753,205.515625,66835736
2022-03-07,202.3257977728476,206.8826851100739,200.59418614730822,205.0143585205078,45258669
2022-03-08,204.0574171760695,208.20418759230358,203.92071611334893,206.7915496826172,36036336
2022-03-09,207.52065069023257,210.89274460565596,206.06245505717973,208.93328857421875,42294906
2022-03-10,210.52821290904078,211.89527922663197,207.65737920470642,211.43959045410156,36132245
2022-03-11,211.34844214697364,216.08761639461022,209.7535314807737,215.40408325195312,41699184
2022-03-14,215.31294092473627,218.22934623214877,214.4471350547022,217.81922912597656,35113638
2022-03-15,217.8192119344064,220.00651226570184,214.99393625884312,216.77113342285156,32998305
2022-03-16,218.7306021233743,221.46473464991647,217.9103679280185,221.10018920898438,21629521
2022-03-17,223.51532251311326,223.65202356978077,221.1913072041507,223.1963348388672,34223740
2022-03-21,224.10772532627468,225.79377929125826,222.19384088910877,222.83180236816406,27975134
2022-03-22,222.87738607890785,228.5279241949469,221.96600851482032,227.61654663085938,36945426
2022-03-23,229.16585388586722,231.216453120312,226.47729322645398,229.6671142578125,40491633
2022-03-24,229.62156892781852,233.76833952526218,229.1658801568141,232.2645721435547,38239419
2022-03-25,232.67469014627966,233.08480726044905,227.16085321472895,230.8975067138672,29284643
2022-03-28,231.4899018332393,235.13541209832965,230.1684071434476,234.26959228515625,24916402
2022-03-29,234.26958619679053,234.67971721616885,231.26205143146737,232.03672790527344,18122714
2022-03-30,232.49241598044134,233.67719565704292,226.61401972314164,227.1152801513672,17603827
2022-03-31,227.4798323167528,231.80887549416545,227.3886890030425,228.436767578125,25656796
2022-04-01,227.8443801121536,232.72025540916061,226.75072986891874,230.8519287109375,14305709
2022-04-04,230.6696572673772,235.04425826457694,228.84690221637152,232.81138610839844,15907398
2022-04-05,233.35821841365885,238.64422506955523,232.4924263998134,236.45692443847656,27183142
2022-04-06,234.67972942805523,240.01129389223198,234.4974427848381,236.5936279296875,19597941
2022-04-07,235.13537914271822,238.9631755097893,233.13035155923856,233.90501403808594,16061089
2022-04-08,235.13539104779682,245.02384231919655,233.31263607843405,244.06687927246094,37826800
2022-04-11,244.9327094532619,248.94276499426184,242.4264212635076,243.79348754882812,46147653
2022-04-12,243.2466620859696,244.8415727955425,239.78343852753977,241.332763671875,23553762
2022-04-13,241.7884496634041,246.61876730177056,240.28468228857722,245.66180419921875,21414383
2022-04-18,244.24917234770786,248.35037113712832,243.56563921613778,246.16307067871094,24399444
2022-04-19,247.89469515674168,248.35038393460334,235.86450029597964,238.37078857421875,23380138
2022-04-20,239.60117051353836,241.9252001302091,234.72529468844556,236.5480499267578,24510612
2022-04-21,236.68476053358455,241.01380389011038,236.5936172161032,237.3227081298828,23412279
2022-04-22,236.95818764628362,239.69232058066382,235.63667893611782,237.96070861816406,15671273
2022-04-25,235.8644990536086,236.0467856890074,230.12283160800914,232.62911987304688,24208645
2022-04-26,233.8594930818082,237.59614673026402,233.54050536553092,236.00123596191406,20536714
2022-04-27,233.49493833338317,235.59109556327746,233.08480731260428,234.67971801757812,16580824
2022-04-28,236.50249882388692,240.3302960572346,235.27213344080815,237.96070861816406,27924384
2022-04-29,239.69231383806152,239.69231383806152,235.59111455185896,236.5480499267578,20419904
2022-05-02,235.1354209297824,241.05937533305212,234.2696010840897,239.82901000976562,18965820
2022-05-04,240.60365520106473,242.47196791358687,235.68222236183146,236.7303009033203,25951999
2022-05-05,238.7809040423885,241.69732315590608,237.32269448562974,238.8264617919922,17932895
2022-05-06,236.04679632946716,243.65680478532184,235.9556530076592,243.01882934570312,34490123
2022-05-09,242.56313531810946,242.56313531810946,237.45941535034717,239.64674377441406,21403710
2022-05-10,238.7809002374203,243.15550102495354,236.13791110274258,236.7303009033203,18033260
2022-05-11,236.04675707302937,238.96317600763876,229.4392706298654,232.99363708496094,17344099
2022-05-12,232.40127943350493,233.67720246386597,227.06971510742318,230.4873809814453,20044726
2022-05-13,232.3556993766999,237.73283516807942,231.9455822679422,235.68223571777344,11921627
2022-05-16,236.91260362223775,236.91260362223775,230.5785185679822,231.58103942871094,8186859
2022-05-17,232.4012946047184,241.9707596766774,232.21902186084202,241.24166870117188,17797974
2022-05-18,242.42641145521043,244.06687980600967,239.8289800555836,243.15550231933594,20200332
2022-05-19,239.3277557455854,254.5021867425615,239.3277557455854,251.22122192382812,78287713
2022-05-20,252.45156696864538,257.32744214598955,252.45156696864538,255.18569946289062,32370771
2022-05-23,255.1857180847279,255.59584911400708,248.85163288562472,250.1731414794922,21700165
2022-05-24,250.62882997850303,250.62882997850303,246.07194216071207,246.84661865234375,15547968
2022-05-25,248.76049818215753,249.6262901138796,246.52761219601885,248.53265380859375,15288648
2022-05-26,250.21159788635745,250.21159788635745,246.10748044542706,248.76583862304688,18420159
2022-05-27,250.91115485448262,252.49685011891728,247.22676033940635,251.09771728515625,13468067
2022-05-30,252.31031605913185,252.7766937228271,249.6053313027861,250.9578094482422,11819102
2022-05-31,250.95779643178477,256.0413240885685,248.48600063549156,252.45021057128906,23208345
2022-06-01,252.45020136281119,255.66821834419088,252.03047858182538,253.56951904296875,14699792
2022-06-02,252.49689312012597,255.9947258002232,249.83853459016504,255.1085968017578,14240994
2022-06-03,256.50770677924413,257.1606468735825,253.3363444612418,254.3623809814453,12487862
2022-06-06,254.0825295226234,257.2538917433895,251.56410737617608,256.3211364746094,10925182
2022-06-07,254.82877777516663,256.5077260504136,253.94264878990947,255.481689453125,10828539
2022-06-08,255.52830271103483,255.9480254788152,248.29944978981678,249.88511657714844,14361969
2022-06-09,249.79182885473287,253.42959687330318,247.87969209865724,252.63674926757812,9860194
2022-06-10,250.95781960642404,252.77670395463312,250.67800438305406,251.98385620117188,8371061
2022-06-13,248.48598988050998,251.0044404110093,245.31462776222142,246.85366821289062,11092690
2022-06-14,245.50121505136377,249.4654252169301,245.3612789790556,247.59991455078125,7422193
2022-06-15,248.11291365135645,249.3254841740056,245.36127408747078,245.687744140625,5059474
2022-06-16,249.0456583684299,249.88513242265284,242.04999380751897,243.1693115234375,14293357
2022-06-17,241.58361561804648,246.38729957914134,241.16386435917826,245.59445190429688,16654660
2022-06-20,245.59446165638303,248.2528199820989,243.7756058817386,246.34068298339844,17081136
2022-06-21,247.18014575394648,252.63676975895956,246.3406717067364,251.75064086914062,13883034
2022-06-22,249.04567163406512,252.12375281864985,247.0868797595869,247.45997619628906,11320918
2022-06-23,247.64651489257812,249.27883655382863,244.75496797099106,247.64651489257812,9067252
2022-06-24,248.20619603185418,250.30489549920566,247.36672193800024,247.97300720214844,7013132
2022-06-27,249.04564765883438,252.45019857232032,248.57927004149576,251.7972869873047,8172964
2022-06-28,250.81787968408287,253.94261544787759,250.49140965525098,253.56951904296875,11240154
2022-06-29,251.14435292542262,256.5076956527065,251.05107170664445,255.62156677246094,16018449
2022-06-30,255.52834810954357,256.22791464556303,253.70946372971892,255.1085968017578,19262054
2022-07-01,255.1085727615354,265.8352586363349,252.96324697274855,265.2289733886719,35165665
2022-07-04,266.4415500332772,273.5771224998499,265.6487023224506,272.2712707519531,39881736
2022-07-05,273.29732695155343,273.29732695155343,266.53485043142115,267.6075134277344,18568655
2022-07-06,266.8612999401484,270.49903995682604,266.11507861273185,269.8460998535156,18292925
2022-07-07,271.43177275396596,273.43719081146753,269.0998846718872,272.3179016113281,13794991
2022-07-08,273.20399499963855,274.6497826527229,270.8721069773381,273.3439025878906,11110418
2022-07-11,273.2972703836732,276.9816647664849,272.4111415679298,275.16278076171875,12352667
2022-07-12,273.29730177494065,275.48928241400364,271.33850995991764,273.0174865722656,14074628
2022-07-13,273.29732113667995,274.9762694025403,273.0175059141814,274.2767028808594,9277570
2022-07-14,274.5098586499733,276.4220239914614,269.70617480623946,271.2918701171875,13414357
2022-07-15,272.3645434276954,274.230053999118,270.03265521341723,273.810302734375,11025420
2022-07-18,275.1628117510766,276.37538224719646,273.9968676334873,275.442626953125,11315876
2022-07-19,275.16283033646096,275.72248924379153,273.01750440136743,274.78973388671875,9188419
2022-07-20,275.06953444939836,279.36021455637245,273.8569639359946,278.14764404296875,15789281
2022-07-21,278.8938258214888,281.8786540726407,277.96107055118284,279.4068298339844,16042840
2022-07-22,279.82659557033605,282.1584838667555,278.0543661581439,280.339599609375,9967545
2022-07-25,278.8938084588725,282.5782029333808,278.70724603025303,280.85260009765625,10640727
2022-07-26,280.7593403763737,283.3244174063904,280.2463363565433,282.1118469238281,9739177
2022-07-27,282.4849696875616,284.4903880413233,280.3862701036502,283.6975402832031,9346146
2022-07-28,284.3970948504872,284.6769385291671,282.0652065219895,283.04461669921875,10839070
2022-07-29,284.4903624668717,285.32983653188427,281.0858113632235,282.6714782714844,16932743
2022-08-01,283.55759178099595,288.03480552820776,282.71811776157256,286.8222351074219,15889556
2022-08-02,289.15413980604626,295.35695678944427,287.47519167076473,289.1075134277344,38982557
2022-08-03,289.9935740085006,289.9935740085006,283.23109908783,287.4284973144531,17695228
2022-08-04,287.2886416630907,289.48062238185355,286.4957939394402,288.6877746582031,15901918
2022-08-05,288.68776561754333,290.83309142335844,288.3146691902841,289.9469909667969,10088723
2022-08-08,290.04027109890535,292.8385369909722,289.20076855893916,292.0923156738281,8307140
2022-08-10,292.09229311007965,292.97842196028824,289.8536862624421,290.2734375,8923568
2022-08-11,291.95237812898597,292.3721293559184,284.7701516898007,285.6562805175781,10885990
2022-08-12,285.6563099434789,288.59448343838244,284.0239881723733,287.8016357421875,6422504
2022-08-16,287.80163418990315,290.55327368967016,287.80163418990315,289.6671447753906,8609864
2022-08-17,290.73983458632904,292.1855938962107,290.086894498712,291.53265380859375,7975854
2022-08-18,291.95239857146987,294.7506643724744,291.5793021577556,294.4241943359375,9883851
2022-08-19,294.89058211850573,294.89058211850573,290.2734604672027,291.0196533203125,10422413
2022-08-22,290.27347028484803,295.6834398164519,290.0869078325443,293.2582702636719,11355837
2022-08-23,291.90576822937004,294.75066036891013,291.1129205701016,294.6573791503906,9338887
2022-08-24,294.51749518991096,297.9687012940659,291.99904441494016,292.97845458984375,11346892
2022-08-25,294.2376775609047,295.1237780370924,290.6465638799508,291.34613037109375,7759104
2022-08-26,293.5847338762777,294.19101913480216,291.0196567733078,291.859130859375,6956588
2022-08-29,289.1541535345206,293.77130382390663,288.0814905935277,292.4654235839844,11361400
2022-08-30,293.118338741118,299.7875331180365,293.118338741118,298.94805908203125,17829428
2022-09-01,298.01530178818973,300.25390869069554,294.75065841961805,296.2430725097656,13254985
2022-09-02,297.2691169533856,302.4458973334445,296.6628032534634,301.41986083984375,25758860
2022-09-05,303.1454286691877,307.4361081218988,301.9794847127677,306.7365417480469,17471906
2022-09-06,307.80926788501284,307.80926788501284,304.45134290590767,305.1509094238281,11970750
2022-09-07,304.07825807426696,306.2235840916842,303.3786915296176,304.1715393066406,8085824
2022-09-08,306.8764683751762,308.3688824251021,305.47733554063893,307.7159423828125,10911130
2022-09-09,308.3689159911673,310.8873382882073,307.8092571033472,308.275634765625,9408098
2022-09-12,309.67477926402006,310.0478757146247,307.8092685455621,308.64874267578125,8712689
2022-09-13,309.39490814248353,312.4729888856329,308.3688717396239,311.913330078125,10520207
2022-09-14,308.7419780904997,316.2040198570374,308.6953517156309,312.7994689941406,12267025
2022-09-15,313.77883995328165,314.38512513317477,310.514196791087,311.6335144042969,8418672
2022-09-16,310.0012302144082,312.0999296432422,307.5294343579792,309.0218200683594,12492851
2022-09-19,306.9697449505759,314.24522419402535,306.9697449505759,313.03265380859375,14365461
2022-09-20,315.97086940492903,316.763717131947,312.4730369022914,313.4057922363281,9526068
2022-09-21,313.4057386828974,321.98709767586257,312.93936109557166,318.02288818359375,20992080
2022-09-22,318.0695811419138,325.29843525877544,317.97629991183504,321.84722900390625,24179987
2022-09-23,324.1324512690036,326.0445881565043,320.21486780993945,323.1064147949219,22838807
2022-09-26,321.66065746541346,322.68669394565234,309.4415578526012,310.2344055175781,16205789
2022-09-27,312.47297642759787,316.7170009899208,311.5402212740827,312.33306884765625,9991052
2022-09-28,309.6281023673381,310.88729912451544,302.49250226104056,303.09881591796875,15552911
2022-09-29,306.87652681817605,312.37977798900147,305.7105825673471,310.6541748046875,18281337
2022-09-30,310.65417796886845,313.1726289624851,307.9491929724807,309.8613586425781,12427919
2022-10-03,310.51423552692415,310.6075167505665,301.51315252138323,302.5858154296875,9111289
2022-10-04,306.5966617416516,311.5402531753271,305.94372168115956,310.46759033203125,8803255
2022-10-06,312.4730443163469,316.48388096169634,310.187782307561,314.0120849609375,22235092
2022-10-07,314.1519363358752,314.1985911745927,309.0217827952835,311.6335144042969,10506078
2022-10-10,307.809251224217,309.1617578051633,304.12485637642067,305.8038330078125,9388996
2022-10-11,306.87651360365754,308.22902026255264,303.23877339080445,304.3580627441406,10609956
2022-10-12,305.8971389943014,309.1617828321683,302.9123103849347,307.9025573730469,10337544
2022-10-13,307.76261725867806,309.0218141193915,305.94373306919744,306.5500183105469,7266724
2022-10-14,309.95453933048583,311.44695333277025,308.6020613795324,309.76800537109375,6424915
2022-10-17,308.8352960459131,312.23984731382853,307.436163048241,309.907958984375,6929063
2022-10-18,311.4936224820879,318.0695355104274,311.1204976153029,317.4165954589844,20887417
2022-10-19,320.0283898598261,324.0858816243949,316.95027989875075,323.0598449707031,16296080
2022-10-20,323.66608909875845,327.3504839199174,321.61401605259323,326.1845397949219,18474706
2022-10-21,329.44920648064993,329.44920648064993,321.3342234146291,322.3602600097656,27372160
2022-10-24,325.4849442650565,326.1845106776061,323.6660602062556,324.3190002441406,3170564
2022-10-25,325.95135508056103,325.9979814599758,320.54135719309556,323.0131530761719,17242211
2022-10-27,323.3396311750789,324.9253266307054,320.72792762332983,322.5467834472656,18558597
2022-10-28,324.17910528346727,325.1585154644485,321.8938717920453,322.5467834472656,13069167
2022-10-31,324.5988299524199,326.9307180986298,321.56737536234704,325.25177001953125,13825970
2022-11-01,325.76479700877087,326.93074116413516,323.85265998014694,325.99798583984375,19665200
2022-11-02,325.06519678610704,332.29404979928444,325.06519678610704,330.8016357421875,16781507
2022-11-03,330.19537306249623,334.39277187261274,329.26261777135926,329.9155578613281,10736155
2022-11-04,330.19536203590906,332.06087255588596,328.7962291459264,329.822265625,8386849
2022-11-07,331.1281062319053,332.38733148390145,326.46433008779394,329.7289733886719,10050303
2022-11-09,329.7290050576094,337.1444212251349,329.44918984826,336.4448547363281,20611075
2022-11-10,334.8591176579508,335.6985916470157,330.28862285932655,332.06085205078125,19327625
2022-11-11,335.79191079943723,336.6780397279978,330.80166420974786,332.3873596191406,10950902
2022-11-14,332.3873666873691,332.94702557702254,323.29300224315904,323.8526611328125,17639889
2022-11-15,325.48495827807324,325.48495827807324,316.3439396812886,322.03375244140625,15451411
2022-11-16,322.4535348538006,323.52619780979614,318.6758586190761,320.96112060546875,7604924
2022-11-17,320.96107857460066,324.08581427103775,319.5619457372793,320.5879821777344,9994270
2022-11-18,320.58800471194576,321.5673863807395,316.95023630686626,318.1161804199219,7838297
2022-11-21,316.2973454418689,317.1368195652784,311.91338390288104,314.5251159667969,9198816
2022-11-22,314.33854035118935,318.0695616016486,313.12596983096336,317.3699951171875,6495845
2022-11-23,319.0022987873977,319.0022987873977,314.8049001191425,316.9502258300781,7768291
2022-11-24,316.95020540282184,319.46865582763496,314.85150620395416,317.8363342285156,8140857
2022-11-25,318.0695355104274,318.9090095298321,315.084707368732,317.4165954589844,6933254
2022-11-28,317.1367842683113,318.76910595204527,315.97084020850133,317.18341064453125,9902739
2022-11-29,317.1368091575205,321.80058576277816,317.1368091575205,319.2821350097656,10189855
2022-11-30,318.30272382848403,321.00770831591836,316.20402455049407,317.13677978515625,22556502
2022-12-01,318.72248762146734,318.72248762146734,314.15196401929177,316.717041015625,16630417
2022-12-02,316.5305277070641,317.8830058596302,314.1053581500129,314.47845458984375,8388835
2022-12-05,314.9448207550099,316.06413849906164,311.6801772111973,314.1053466796875,9716390
2022-12-06,311.63351709840913,315.45781910027034,311.63351709840913,314.6183166503906,6327430
2022-12-07,315.73765790109593,318.53592370228733,314.0120549639416,317.2300720214844,9813208
2022-12-08,317.3233859125269,319.1422417913096,314.80493504598513,315.6444091796875,6200447
2022-12-09,316.90361690069585,319.46869400585234,315.27129510650536,318.4426574707031,8132228
2022-12-12,318.0695396167412,320.86780536117004,317.23006558649877,320.1216125488281,11214662
2022-12-13,321.3342234146291,322.73335646287853,319.37543145399286,322.3602600097656,10693426
2022-12-14,322.73330384066463,323.9925290718573,320.6346046104869,322.17364501953125,7379878
2022-12-15,321.5673676313019,322.8265928930676,315.27126978790443,316.0641174316406,8154931
2022-12-16,314.8049217812903,316.1107735415186,309.02182738757915,312.5663146972656,12429280
2022-12-19,314.15194374644545,319.328752247871,312.7994657694615,317.6031494140625,7812801
2022-12-20,317.1834521683546,318.02295477366556,314.10537083366415,317.2767333984375,5482218
2022-12-21,318.069538921864,318.30272773339027,312.0066298221804,312.6129150390625,7045201
2022-12-22,313.079282028778,314.7116036540223,307.71593954583227,310.094482421875,6584445
2022-12-23,308.64869496058986,309.5814501756206,303.4719149033412,304.73114013671875,10073884
2022-12-26,304.54462105805885,312.56632274226143,303.6118657102547,312.0999450683594,9566210
2022-12-27,313.032698497726,313.7788913852226,307.94917049717435,310.7474365234375,6727343
2022-12-28,310.46757091870654,312.4729888856329,309.2083457181711,311.913330078125,7737562
2022-12-29,311.8667137733234,313.1725653893815,309.254982075777,312.7994689941406,8105359
2022-12-30,312.8461493128361,314.1053747711527,308.2756536358306,309.2550354003906,6960264
2023-01-02,308.6487062102543,311.5402531753271,307.4827621489694,310.46759033203125,5951893
2023-01-03,309.20836251674615,310.93396540638133,308.0424184650239,308.83526611328125,5997051
2023-01-04,309.53482430388107,310.14110950155,304.07820059400086,305.0109558105469,6689769
2023-01-05,306.5500098791606,311.44697498414854,306.1302870922776,311.0272521972656,8171437
2023-01-06,312.1931812504519,314.85151083578097,310.70076721621604,312.5196228027344,8284135
2023-01-09,314.2918936062815,318.3493561808944,313.54567232528336,315.3179016113281,10618786
2023-01-10,315.17802032301176,315.6443979880253,310.187773614281,310.9806213378906,6949605
2023-01-11,312.5663300134638,312.5663300134638,309.0218425300924,309.48822021484375,4584293
2023-01-12,310.980611976762,311.167174423325,306.0370202626046,307.6693420410156,6638422
2023-01-13,307.66931646924905,309.9079233147799,304.45129955881504,306.6432800292969,14412671
2023-01-16,308.1357266971834,309.86132973810595,305.52399471309064,307.9958190917969,8253942
2023-01-17,307.9958219403966,311.07390314910174,306.96978538235027,309.907958984375,13712537
2023-01-18,311.54029063605054,313.9188054209004,310.0478763650664,312.1465759277344,12555527
2023-01-19,311.54026974360545,313.0793102932643,309.3482890987301,309.8146667480469,8346130
2023-01-20,309.67477547098173,312.6596039701287,307.10969826452026,312.0999450683594,13103664
2023-01-23,313.4057338892487,315.41115179099006,310.65409477994257,315.0380554199219,7124807
2023-01-24,315.08474875080276,317.83638844486313,314.89821475834236,316.1574401855469,12302874
2023-01-25,316.11072481812346,318.0695163892663,312.70617410411006,316.43719482421875,12497542
2023-01-27,318.81575371244264,325.39169573010287,318.5359385054925,322.73333740234375,21040139
2023-01-30,323.5728054804543,328.0966743450359,318.86240263651376,321.614013671875,14091519
2023-01-31,322.73330963064075,331.12810670195796,318.116159855244,328.65631103515625,17134291
2023-02-01,329.2626092529738,341.10861253011745,306.9697640646265,337.0977478027344,64518967
2023-02-02,337.28430452836426,358.83095652425726,336.16498684074725,353.1411437988281,55745171
2023-02-03,356.2192277653078,356.5456977990865,346.98495639309397,355.05328369140625,22295321
2023-02-06,356.77890360544416,362.0956202218161,354.07391891825415,357.6183776855469,25790153
2023-02-07,358.0847474959494,358.0847474959494,343.6736954510342,348.1509094238281,20643707
2023-02-08,349.55004129279143,351.9285558713861,346.56521300965545,350.2962341308594,10420462
2023-02-09,348.85042937437373,354.4469603269038,347.1248266375913,349.0836181640625,11861196
2023-02-10,347.17150975198007,351.60209711693864,345.39925203365203,346.378662109375,10278597
2023-02-13,347.91773058182554,349.9231488049612,345.11946465221297,349.03704833984375,9901148
2023-02-14,349.783257683646,361.5826072164208,348.61731349136716,360.46331787109375,29125052
2023-02-15,361.6949668354901,362.7371847035449,358.66306556739494,362.121337890625,12209350
2023-02-16,361.93184739726655,365.0111104968506,360.98438182816375,362.45294189453125,9775280
2023-02-17,361.0317508658133,364.3478804249537,359.3263243725689,363.25830078125,7672135
2023-02-20,364.49002126811513,367.14291333420744,361.26861515511814,363.8741455078125,7804976
2023-02-21,364.77426213326214,365.62697540472846,361.6476371664337,362.1687316894531,8259574
2023-02-22,361.93184479213977,364.6794891398899,360.03691366757363,363.6846618652344,8961077
2023-02-23,364.2531600530474,373.30144493171616,362.9740757152072,367.2376708984375,18830592
2023-02-24,368.5640978885973,368.5640978885973,360.98437351042566,364.8689880371094,12910220
2023-02-27,364.86898215051247,366.4796562062759,358.2367234266135,362.121337890625,8142319
2023-02-28,362.4055978407133,364.06366266743555,355.29960572618955,356.9103088378906,16367477
2023-03-01,354.5889731419534,360.4158803445818,353.9731263328607,358.8052062988281,7766667
2023-03-02,359.5631792304613,359.8000456199412,355.01535611818923,355.8206787109375,5019603
2023-03-03,357.1945350269168,365.15324036931383,356.34182176065207,364.7268981933594,8180709
2023-03-06,365.6269913337815,371.88027045422723,365.0111444394676,367.7587890625,10714339
2023-03-08,367.6166491278731,372.4960911362612,364.86900469819045,371.7854919433594,8917699
2023-03-09,371.5012612878483,372.92245966391937,365.3900967050007,367.1429138183594,9634283
2023-03-10,366.62178047389733,369.70104329584206,363.3530129894768,367.6166076660156,8362265
2023-03-13,368.7536297462488,370.36430394672783,362.4055985458471,363.49517822265625,8791872
2023-03-14,365.43747892029296,366.1480780919702,357.38402164128416,359.752685546875,10229766
2023-03-15,360.98436492910855,364.11098959503676,358.14196835486365,359.4684143066406,8423692
2023-03-16,360.60538460484815,362.2634492736302,357.0523888860294,361.4107360839844,15710094
2023-03-17,364.77423979901874,364.77423979901874,350.23063770208313,355.8206787109375,48904254
2023-03-20,353.68893257113524,359.4211173776343,352.45723873270515,358.8999938964844,10122167
2023-03-21,358.8999439228803,358.8999439228803,354.3994824958187,357.14715576171875,11610832
2023-03-22,357.1471599555771,358.9473387646698,354.54162962510344,357.9051208496094,4774867
2023-03-23,357.1945273759877,362.6424545176639,354.7311110594892,360.65277099609375,9752326
2023-03-24,361.45809820615955,362.87929649530565,358.14196886481864,358.8052062988281,9934501
2023-03-27,358.09464278385934,364.2057786866198,356.5786920083992,360.2264404296875,10816352
2023-03-28,360.2264198987322,362.26346508355186,358.2840981390658,359.800048828125,9170535
2023-03-29,360.22640004179334,363.82675742978444,357.3366128750544,362.6424255371094,10160322
2023-03-31,361.93182906209256,364.30049286485496,360.0368980198827,363.35302734375,9511189
2023-04-03,363.8268009418648,363.8268009418648,358.61573999087454,358.9947204589844,7059200
2023-04-05,358.9947158923101,366.71655487495156,358.9947158923101,366.1007080078125,11608424
2023-04-06,366.33755599385324,369.79579953332825,364.01628270143925,367.00079345703125,12897667
2023-04-10,367.00081494837116,369.51159306710974,364.5373985450525,368.13775634765625,6783022
2023-04-11,368.13775027276614,377.1860641740954,367.61665575432056,375.1963806152344,18237451
2023-04-12,376.85442796851015,376.90178968095427,371.50125331637895,372.87506103515625,9747526
2023-04-13,374.7225999633882,375.764817781555,373.0171736531894,374.8173522949219,6059044
2023-04-17,372.259201316823,380.8811434310941,372.259201316823,379.1283264160156,11041243
2023-04-18,378.9862313264586,380.8811624830909,376.1438345915102,377.5650329589844,9494641
2023-04-19,375.2437416983949,380.2653267589132,375.1963799838362,377.8019104003906,9744202
2023-04-20,378.98621867907593,381.49699659495406,376.8070594874128,379.27044677734375,6667781
2023-04-21,379.2704330213637,387.51339454440637,378.0861011309468,386.80279541015625,14252204
2023-04-24,388.46088067739316,388.46088067739316,382.9655919798937,387.22918701171875,5981760
2023-04-25,387.2292199254312,391.8244051632741,385.9974972407085,389.9294738769531,8840188
2023-04-26,390.3558154918701,391.3032810634523,387.56078048996073,390.5926818847656,7620723
2023-04-27,390.5453029528592,395.47210635925205,389.4083327513475,394.1456604003906,12614263
2023-04-28,396.0406160972466,405.7521383819279,391.96652563136627,403.1939697265625,12718721
2023-05-02,403.62032395150607,404.56778950068804,399.07250088117434,402.1517639160156,10253527
2023-05-03,401.7253892321923,405.98898416508115,399.87781986219903,404.70989990234375,7325483
2023-05-04,402.9571233914526,404.56782653826093,401.72542963049796,402.2939147949219,7984933
2023-05-05,403.5729989003249,409.2104020814463,402.05704810105414,406.22589111328125,12412416
2023-05-08,408.3576865179575,410.6789888771316,406.7943740113749,408.7840576171875,7243636
2023-05-09,410.06310979067246,410.3947285413689,399.35675982377285,401.5359191894531,9992962
2023-05-10,401.67804006852083,403.95195165422325,400.0199753206028,403.0044860839844,9754485
2023-05-11,404.80465900489605,404.9467730554968,396.89331582544037,398.31451416015625,15982423
2023-05-12,398.314486818223,400.4936747971447,394.19300614759146,398.36187744140625,11135894
2023-05-15,397.9355549769406,406.1785173243481,397.03545108446474,405.3257751464844,9151102
2023-05-16,407.41019467759634,407.41019467759634,401.2516684789815,401.67803955078125,7994197
2023-05-17,401.8674933858537,406.4153452175726,400.3989333997583,405.1362609863281,9479691
2023-05-18,407.4101898314007,409.73149201362367,396.135355477077,397.65130615234375,23995166
2023-05-19,398.8356444265985,400.87268962520005,389.7399691450597,397.7934265136719,25767521
2023-05-22,399.78308226708424,403.3834396281475,397.0827997891104,402.43597412109375,15421680
2023-05-23,403.62034752705927,408.54718023632427,401.914921004659,406.6048583984375,8732608
2023-05-24,405.7994859044321,411.91065030389456,404.5677922478734,410.726318359375,11479706
2023-05-25,413.99511849071826,419.2061794544152,411.95804425524256,417.9744567871094,18204464
2023-05-26,420.106210660091,421.38529490980426,416.4111008720831,420.29571533203125,12995706
2023-05-29,421.62219068912844,428.064945183355,420.76947743465075,425.5068054199219,19826254
2023-05-30,420.40660077790994,430.368628238331,420.40660077790994,428.8909912109375,18900002
2023-05-31,428.31904258660546,430.8929724216996,421.7889400617367,424.6965026855469,14272292
2023-06-01,426.12642793041965,426.12642793041965,418.50000416432715,419.1673278808594,8803137
2023-06-02,419.4532948557645,424.1244734572498,419.2626226301949,422.69451904296875,9203842
2023-06-05,424.219810642113,425.9834269093493,419.54863202882285,420.07293701171875,7152179
2023-06-06,420.21598296522006,422.88524902527195,419.83466755449865,422.1225891113281,6454486
2023-06-07,423.2665255825905,424.8394696902423,422.0748968506575,423.2188720703125,7543432
2023-06-08,424.88716137991537,424.93481489321226,421.2645925018827,422.2178955078125,7024424
2023-06-09,414.82982097014866,423.933882653689,414.82982097014866,417.9757385253906,7057843
2023-06-12,419.45330828137884,420.3589577430764,413.5905008136728,416.5457458496094,8719176
2023-06-13,420.40663823795035,425.55446880603756,417.83270840765687,424.6011657714844,16111860
2023-06-14,425.41147487370046,426.84142941109104,423.02821731138283,423.7431945800781,8704178
2023-06-15,424.2198342325497,427.79472047608243,423.9815084829808,427.1750793457031,7498727
2023-06-16,428.0330412891174,434.32484682367095,426.98440218460877,431.94158935546875,11729681
2023-06-19,433.51453603156443,434.61082865492574,431.13127854925784,432.4182434082031,4189180
2023-06-20,433.5621703687967,433.5621703687967,429.1293174662607,431.7032470703125,4472119
2023-06-21,430.8929643617754,432.99024263947405,424.2674967462041,426.1741027832031,6059504
2023-06-22,427.0797250861449,428.652669147985,425.030129545414,426.7460632324219,6637099
2023-06-23,426.6030895797103,426.74607921023176,422.02724684803354,423.98150634765625,6090901
2023-06-26,426.0310921062915,430.32095547765323,423.2665193076913,424.88714599609375,5477339
2023-06-27,425.26848857929104,426.3171277334486,422.45623299666386,424.315185546875,4865596
2023-06-28,424.2198254436662,429.5583279419063,423.7431739544037,428.36669921875,12082753
2023-06-30,428.98636703577216,430.8453195965938,425.7451425255574,430.51165771484375,9106074
2023-07-03,430.51164061469177,444.1915444830705,429.03400350920555,441.61761474609375,10699143
2023-07-04,443.28591106143256,446.1458201650547,438.3287236448209,444.5728759765625,7725081
2023-07-05,444.5728745967055,458.2050963113264,442.6185859264628,452.9142761230469,16252992
2023-07-06,455.0591704971875,455.10682400784526,448.52903944971763,451.770263671875,9471054
2023-07-07,450.91229903369907,453.29555642816894,445.7644688801436,446.527099609375,7323451
2023-07-10,448.0524236760851,448.91039058377345,442.04662622976724,444.0962219238281,6521300
2023-07-11,444.239187382963,452.3899162011662,444.239187382963,451.0552978515625,8457557
2023-07-12,455.44050810250445,455.44050810250445,448.4814078417577,450.2449951171875,12340934
2023-07-13,451.77025412919664,454.48717330674,449.0056814420021,449.958984375,7909757
2023-07-14,450.9123222031614,452.81892821670544,449.3393780604874,450.8169860839844,5081391
2023-07-17,452.34225914065576,453.58154136431597,448.62438337717737,450.29266357421875,6090738
2023-07-18,450.48332245846586,452.0562956875121,449.0057144407242,450.4356689453125,5352283
2023-07-19,450.67398177179376,458.01442632183966,446.2411287531938,456.4891357421875,13867323
2023-07-20,457.49009868537155,470.64569739145077,454.05820210585097,469.1680603027344,20250206
2023-07-21,468.83442117535986,474.45893235825145,464.25857824241405,467.5474853515625,13971982
2023-07-24,470.40735667766114,476.36550017042464,446.28877436345607,449.33935546875,38976815
2023-07-25,446.05050872253526,446.62249639340706,434.1342201314625,440.7120056152344,43534718
2023-07-26,443.1905740691204,450.9123344522358,440.473654607515,450.1973571777344,18143422
2023-07-27,452.24694617063204,452.9619234345272,439.56802766122485,443.33355712890625,13989457
2023-07-28,445.8598213394327,447.52810157671996,441.76060101517055,446.5747985839844,9978231
2023-07-31,447.099104800257,447.7664285339732,441.85593832605355,443.9532165527344,8194797
2023-08-01,444.23919006030377,446.95610938024515,442.141911860788,443.09521484375,6438221
2023-08-02,442.9045790708676,443.09522221513265,436.6127734601474,438.6147155761719,10318220
2023-08-03,438.61470924223676,442.0942593191873,433.0855344734196,434.7538146972656,10617897
2023-08-04,434.9921359378076,439.8539869297271,433.037876475687,433.7052001953125,6834401
2023-08-07,432.8949009702568,435.2304758801435,429.89200231897456,433.65753173828125,9161131
2023-08-08,435.6594458936199,435.6594458936199,429.98728173349843,431.2265930175781,6392488
2023-08-09,431.2266245193712,438.4240506433787,426.03111145224057,437.232421875,9758343
2023-08-10,437.470743236553,437.85205862010605,428.0330493042465,430.6546325683594,13194170
2023-08-11,432.7042127342838,432.7042127342838,423.9814963678132,427.7947082519531,11582326
2023-08-14,427.7947263730974,430.1779839016383,424.2674935938571,428.2237243652344,7562808
2023-08-16,429.93964765126145,436.04078095685946,427.27041092146806,429.22467041015625,14920272
2023-08-17,428.98634307238524,428.98634307238524,419.4533132263322,420.4066162109375,16269569
2023-08-18,420.4066344863356,422.6469024160438,418.0233769212203,421.0262756347656,19324262
2023-08-21,421.3599228814374,427.55639233557616,420.7402817545232,426.8890686035156,9572041
2023-08-22,428.03303174284963,433.8958391653713,426.1264258108102,433.0378723144531,9854945
2023-08-23,434.3248488269224,434.3725023395069,427.65172788517754,429.41534423828125,8445029
2023-08-24,429.55832006509195,432.3228928336211,428.31900876023576,429.84429931640625,6088274
2023-08-25,429.8443379874986,429.9396741106795,421.40760020474244,422.64691162109375,9270988
2023-08-28,424.21982992706967,425.9834462744796,420.40661797266904,420.7879333496094,6910750
2023-08-29,422.26556431615614,423.2665208026768,418.69067816072817,419.54864501953125,9480003
2023-08-30,420.40665521683127,423.2665644359934,419.93000368030425,422.1225891113281,7364924
2023-08-31,422.3132160473734,424.1244858733208,415.73543136761816,419.1673278808594,19900312
2023-09-01,419.4533281355541,424.2198432280035,417.8327013671215,420.45428466796875,11438624
2023-09-04,422.6468658805809,422.6468658805809,416.2597245212048,417.0700378417969,13604608
2023-09-05,418.40465483065105,423.7431571167632,418.02333947289236,422.4085388183594,8378915
2023-09-06,423.2188595710044,427.55637639013725,421.35990716709176,426.555419921875,12863039
2023-09-07,427.84236210635794,428.03303433771686,423.8385070803012,425.0777893066406,8090369
2023-09-08,426.9844246872204,426.9844246872204,421.21695294721746,421.9795837402344,9939517
2023-09-11,425.1731329309363,427.17507502556816,421.9795621005114,426.3171081542969,9320577
2023-09-12,427.9377098566991,433.08554022587157,424.7918216012322,430.0826416015625,14406441
2023-09-13,431.0835938125257,435.65943621011917,430.03495477776573,432.3228759765625,11813170
2023-09-14,434.61082549671943,434.61082549671943,426.2694243692613,428.9386901855469,14430930
2023-09-15,427.12741326481256,430.98830801269577,426.1264567148983,427.4134216308594,15077136
2023-09-18,427.4134393894168,432.79959594333917,425.3638435971721,430.9406433105469,8197425
2023-09-20,430.6069552937155,433.8481795138099,428.5573306717833,431.798583984375,9959649
2023-09-21,431.65558259309836,432.3705598361915,423.74317940653367,426.60308837890625,10719470
2023-09-22,426.6030659386986,427.46103276677985,421.5982255003116,422.4085388183594,7506309
2023-09-25,422.40853623303025,424.02913376671,417.88034729268037,421.931884765625,5782955
2023-09-26,422.88523310392475,423.7432000188713,419.1673570774897,421.7889404296875,5327833
2023-09-27,421.78891291380467,428.7956665058578,418.3093337811548,428.176025390625,10490786
2023-09-28,428.9386726759218,428.9386726759218,419.071981355138,420.16827392578125,10216736
2023-09-29,421.3599058762064,424.7918023308017,418.6906692406864,423.6478271484375,8160058
2023-10-03,420.4066556981506,422.2179257205268,418.73837531839604,419.21502685546875,7481883
2023-10-04,419.2149932383376,421.0739457208511,413.0661772661766,415.7354431152344,13396709
2023-10-05,419.45333326428005,419.9299847793531,414.73447162805707,415.6877746582031,10030257
2023-10-06,417.4037382878024,422.88523072059553,416.25976301265433,421.5029296875,8418580
2023-10-09,420.3589757258243,422.50390750765865,416.8317429364748,419.88232421875,5611154
2023-10-10,419.88229793377525,424.0768251149484,419.88229793377525,423.6478271484375,5014758
2023-10-11,426.31712816873795,428.46205999386405,424.02917761460355,427.3180847167969,7651513
2023-10-12,428.652700888149,431.36962033750393,425.3161402888534,429.6536865234375,11774487
2023-10-13,428.84337618359393,430.70229964664895,426.1264567148983,427.4134216308594,7632483
2023-10-16,427.07973261721656,429.9396415409925,425.36379889995015,427.9853820800781,4214958
2023-10-17,428.7956892375749,433.2762250944736,428.0330584541664,432.2752685546875,6936218
2023-10-18,433.0378585883047,436.8034168217235,429.93962404694645,430.55926513671875,6894947
2023-10-19,428.7480346347414,433.65753938515513,425.9834616862802,429.36767578125,9465463
2023-10-20,424.2198445170083,428.03305660255444,416.92708222190123,417.83270263671875,13020371
2023-10-23,417.54671139311034,419.4056638685037,412.87553254077386,415.5447692871094,7275471
2023-10-25,416.498056629195,417.54669570173996,407.10801667219744,412.49420166015625,10889221
2023-10-26,409.4912670948246,416.2120702913526,409.4912670948246,414.067138671875,18801214
2023-10-27,414.06716584388477,416.40274074952777,412.0175702026065,413.49517822265625,13132487
2023-10-30,414.2577925713851,416.73638610347757,408.3473316329314,410.3492736816406,7618033
2023-10-31,409.92027959344944,413.11385038087474,407.91833752577253,408.3949890136719,8620154
2023-11-01,409.9202786202804,410.9689177096691,405.6304152393705,408.1090087890625,7990245
2023-11-02,409.9679319559833,412.4942081087665,408.633313612106,411.0165710449219,8152031
2023-11-03,412.58952618352487,414.11481679988236,410.9689285413003,413.0185241699219,13802600
2023-11-06,413.2568304942207,416.4027186049286,412.35118105106375,415.02044677734375,7308229
2023-11-07,414.59145071274867,414.59145071274867,411.969867577635,412.49420166015625,5124012
2023-11-08,412.9231770953169,417.0700508479619,412.1128637494555,416.5457458496094,6979849
2023-11-09,417.3560621865961,417.54673443292626,413.6381861231591,414.1148376464844,7785767
2023-11-10,414.11483300212547,417.54672975007816,412.30356305230316,416.1644287109375,4079205
2023-11-13,417.9280275727703,417.9280275727703,414.6868032052976,415.6401062011719,3744754
2023-11-15,417.6420336357252,421.8365608516831,417.0700460397997,421.312255859375,7436428
2023-11-16,421.3122686451719,423.7431796360056,417.1653948144863,418.1663513183594,10857863
2023-11-17,418.73834228515625,420.88327403277515,417.8326927991621,418.73834228515625,6655278
2023-11-20,419.3103320959937,419.73930099226175,414.210155206482,416.4027404785156,4335388
2023-11-21,416.7364153982298,418.7860111023558,415.16347121099346,415.8784484863281,5997810
2023-11-22,416.593398222804,419.83462250489373,414.49612005012943,419.1673278808594,4886687
2023-11-23,420.3589749305944,421.5982572096434,417.7850451602628,419.7869873046875,6366606
2023-11-24,420.4066298708405,421.5982586403157,416.45042817468277,417.3560485839844,6821878
2023-11-28,417.5467236917092,418.50002671383635,414.591478504615,414.9251403808594,8745691
2023-11-29,415.6400824505084,418.023339804009,413.87646619041857,416.7840576171875,13785216
2023-11-30,416.3074283400449,417.97570857643217,414.21015012015863,415.4494323730469,15127505
2023-12-01,417.45135503619906,429.8919759608771,416.9747035622841,428.795654296875,19336856
2023-12-04,433.7528785191329,435.0874969422303,429.9396664002834,432.84722900390625,12800220
2023-12-05,433.7528673350382,436.4221041124081,429.08168842839143,430.6546325683594,12136292
2023-12-06,432.70422587767285,442.80924349608324,430.9882921146875,441.61761474609375,20417559
2023-12-07,443.0475893012208,443.09524281637795,436.0408061156116,436.7081298828125,11310918
2023-12-08,438.47171497583224,440.0446590660381,427.55638427539213,428.176025390625,18667895
2023-12-11,430.4163109486505,432.4182530971441,428.3190326802288,431.32196044921875,6599973
2023-12-12,432.9902284599774,438.5193741492072,431.2266121150081,431.94158935546875,10158101
2023-12-13,434.99216923897666,437.423109467288,431.9416169403608,434.3725280761719,11283868
2023-12-14,438.51937945778997,439.47268245661127,428.4620444572249,438.6147155761719,14370803
2023-12-15,440.3306398433888,441.3316254260688,433.7528551118407,436.8034362792969,15789845
2023-12-18,433.7528357901566,434.70613872595914,429.31998295717415,430.55926513671875,12027620
2023-12-19,432.17990003069804,436.6127529484657,430.9405887349528,434.8014831542969,10268755
2023-12-20,437.5660599330048,437.804385673709,428.3190095566808,429.93963623046875,10367665
2023-12-21,428.03304834938746,432.5612376136627,423.6955313227128,430.36865234375,11154625
2023-12-22,431.8462642181272,434.6108371330326,429.5106602029059,433.94354248046875,11026317
2023-12-26,434.7538178827009,437.47073722851377,433.4668821174462,435.1351623535156,5871301
2023-12-27,435.65948565563684,437.0894402037407,432.56125080141186,435.75482177734375,7543383
2023-12-28,435.85013275712913,442.99990508521523,434.80149366384353,442.42791748046875,20696101
2023-12-29,442.4279071792955,446.0504467708486,439.8063240533697,440.52130126953125,12888266
2024-01-01,441.85596419966225,448.0047805164635,441.0456507877,446.1934814453125,9346277
2024-01-02,448.0524160078856,449.33938089364216,441.9512825445759,448.3860778808594,10519771
2024-01-03,448.29071596444373,458.2527435117637,447.43274912081034,454.9638366699219,24036012
2024-01-04,457.58543048266654,458.96773144091554,452.0562848346669,454.1535339355469,11786959
2024-01-05,457.0134773423263,457.0134773423263,449.9590405755321,451.8179931640625,9209405
2024-01-08,452.81892114756056,453.29557264350535,442.85689324531484,443.7625427246094,8003177
2024-01-09,445.6691586016741,448.00476262065047,441.99893618292515,442.8569030761719,5696780
2024-01-10,442.85688139351834,444.9541595565472,438.56701804482105,441.6652526855469,5896123
2024-01-11,442.4279247557901,444.7634996325391,439.5680157775271,441.0456237792969,6534775
2024-01-12,441.61761764960903,445.8598276644624,438.85304474995695,444.9065246582031,9354326
2024-01-15,448.05241726822385,448.529068775956,444.33454132641293,445.7644958496094,6902156
2024-01-16,445.9551316185768,452.81892485335345,442.5709176066723,450.2449951171875,12066347
2024-01-17,449.3870305290079,454.725533173019,443.4765693562626,444.8111877441406,11108698
2024-01-18,443.524216976637,446.00281057404965,433.3238633264188,443.7625427246094,9143784
2024-01-19,446.6701053757446,450.91231532819955,444.6205097609343,449.48236083984375,12203322
2024-01-23,451.62729059578845,451.62729059578845,435.08747793436123,437.85205078125,8404513
2024-01-24,438.6147333145018,445.5738338503356,436.7081272397528,441.9512939453125,21626183
2024-01-25,441.9036163381457,443.23826387957166,430.9883138921996,434.3725280761719,19677700
2024-01-29,434.6108080971366,435.8977728952064,426.6030691538652,428.795654296875,17869152
2024-01-30,426.1264025511456,432.5135437118413,416.97468875839354,417.5943298339844,43514448
2024-01-31,419.45330025966376,421.8365576475028,418.21401805498647,420.930908203125,19882944
2024-02-01,421.3599286209755,426.84142090507186,418.7859988679654,422.2178955078125,19165409
2024-02-02,424.21982377745763,426.3171019589746,418.97665741616316,419.54864501953125,17156021
2024-02-05,421.35988798122224,422.93283197079774,416.16437546300733,417.5943298339844,12041897
2024-02-06,419.45329392127894,420.3112607494367,409.44361304361206,411.2548828125,18764371
2024-02-07,414.6868117554449,414.6868117554449,410.68292745322026,411.63623046875,12880824
2024-02-08,414.9734038065738,415.0701401076864,395.240408690356,400.995849609375,48183882
2024-02-09,396.6913594477838,410.33035117219214,395.24040350943767,401.914794921875,32283965
2024-02-12,403.89777301800166,404.33307162550864,392.7737770283046,393.5476379394531,10906914
2024-02-13,393.5960174399098,397.36849738270064,390.1137169081885,393.450927734375,15606705
2024-02-14,392.72543803904443,398.7710882551627,391.17774567976284,398.0939636230469,12150077
2024-02-15,399.49656437346596,400.99587381199336,389.968613774405,390.694091796875,20383983
2024-02-16,391.75813152774265,396.15935304934135,386.34122306439144,391.3712158203125,37518847
2024-02-19,391.7581290476338,399.25473522076754,391.3712133426531,395.8691711425781,16949793
2024-02-20,397.0299525237022,397.0299525237022,391.08100909937303,392.8221740722656,14084218
2024-02-21,393.692732594672,396.69138093362346,388.17908792241377,390.1620788574219,19414653
2024-02-22,393.5960067310359,401.57626503587414,390.258825515424,400.899169921875,18604659
2024-02-23,402.3017204607776,402.3017204607776,397.07828485867446,397.9488525390625,11147636
2024-02-26,397.65867244095426,399.5448974917922,393.98289960177095,395.82080078125,7982145
2024-02-27,396.5946375607967,399.25472354443616,395.19203496151306,397.70703125,7783743
2024-02-28,397.70704823481293,398.86782488515695,393.49926977703626,394.9502258300781,8617768
2024-02-29,395.62735775150264,397.6103192526153,391.2744895121829,393.015625,14895144
2024-03-01,395.53063459405547,399.64167695677634,394.1764147785266,396.11102294921875,12395632
2024-03-04,398.7710616603517,399.4481862473088,395.09531838200473,395.72406005859375,6840352
2024-03-05,396.2560779179112,397.94885991885906,390.74246282668935,392.8705139160156,9733507
2024-03-06,393.2090872718917,396.54629797546767,387.5987357189732,394.51495361328125,11106855
2024-03-07,394.5149492676676,401.3828136928496,390.4522605880456,400.028564453125,23020545
2024-03-11,403.1722954052632,404.6232514053106,394.6600320128952,396.0142517089844,17620081
2024-03-12,393.209096750642,393.209096750642,386.2928786896107,391.22613525390625,34882639
2024-03-13,420.7772576613964,423.67916978319914,407.38009079511846,408.6376037597656,101612428
2024-03-14,408.15392452290826,411.58784183015007,404.3330620094071,405.9291076660156,30764728
2024-03-15,403.55922311020487,414.53809941835743,401.6729685840798,405.3970947265625,73253754
2024-03-18,405.30036526056506,406.94479382490204,403.2690210104355,403.8010559082031,15933704
2024-03-19,404.3330626952011,405.8323720527878,395.3371475101316,396.1593322753906,20994563
2024-03-20,396.59466197139875,403.02722802380873,396.159363339373,402.1083068847656,19609321
2024-03-21,405.3004030131445,408.202315206556,402.591963440538,407.4768371582031,19227982
2024-03-22,407.4768267379835,415.6021747677945,407.4768267379835,414.5865173339844,38861818
2024-03-26,411.6362276078986,415.16691101426824,411.6362276078986,413.6675720214844,10274145
2024-03-27,413.03882998172367,414.87670177557925,412.50682456132074,414.0061340332031,12227545
2024-03-28,414.0061032305601,419.08444912299103,413.0387992510494,414.34466552734375,27933211
2024-04-01,415.07018108357437,417.2466152344812,411.8297065549353,412.7486572265625,9382308
2024-04-02,414.6832444753989,414.6832444753989,410.71729209620065,411.9264221191406,8853678
2024-04-03,412.07149984131144,414.7799392060673,407.23497989012236,411.29766845703125,12664520
2024-04-04,411.6362042773332,413.37736918448314,406.1709425960888,408.9277648925781,18358410
2024-04-05,408.68595769523364,417.5851666884606,406.21934419634465,413.5708312988281,16147032
2024-04-08,414.2962989860594,417.2949473449791,413.764293584218,415.0701599121094,8516632
2024-04-09,416.3760477968212,417.3917052601109,411.6362342487291,412.41009521484375,6708894
2024-04-10,414.2962796866015,423.4856674269654,411.8296663642031,422.6634826660156,14008124
2024-04-12,420.7772286364007,421.5027066168083,414.2962802035164,416.0374450683594,18088372
2024-04-15,414.00613690662965,415.1185306695962,409.0728803058896,411.97479248046875,8746243
2024-04-16,409.4114426302126,413.0388328484366,409.3630892352138,411.97479248046875,9973638
2024-04-18,412.07152195243714,412.94208968640953,403.9945272965972,405.1553039550781,21312388
2024-04-19,404.33306385419735,412.31332169342494,402.39845589317247,410.86236572265625,16582634
2024-04-22,413.0388072671017,413.6191955700269,409.50815357732154,411.3943786621094,7112139
2024-04-23,411.39439130966053,416.4243840632832,411.200948215922,415.1669006347656,12021404
2024-04-24,415.2152407697488,416.7145501573963,414.2962901645614,414.8766784667969,5845170
2024-04-25,416.9080363864676,423.96934398835106,414.97342832898977,423.2438659667969,29211997
2024-04-26,424.8882915150036,428.80586099482395,422.13146914931184,425.61376953125,14773975
2024-04-29,427.5483937600399,427.98369239417707,420.39034963271865,423.8726501464844,11627882
2024-04-30,425.5654001909435,426.09740557501135,420.873969957729,421.4059753417969,12064043
2024-05-02,421.7445721810934,428.1287849116434,420.632178410718,424.646484375,23228909
2024-05-03,425.6621108512844,425.6621108512844,417.2465838133825,422.1798400878906,22904276
2024-05-06,423.67916903460144,426.0490757377969,419.1812111577099,420.5354309082031,10355056
2024-05-07,422.6151208626737,431.4175933575566,420.9707217388715,425.95233154296875,25968921
2024-05-08,426.8228806822208,430.1600912172778,423.8726153545369,426.5810546875,10511646
2024-05-09,425.6621045211335,427.0647070998129,409.5081457696532,411.200927734375,23412609
2024-05-10,412.5551447382478,422.083094782113,412.5551447382478,419.1811828613281,13985963
2024-05-13,419.0844442610241,421.21252479916876,415.45705437994195,417.730224609375,7302959
2024-05-14,416.42437460983024,419.1328140188945,414.5381199900985,415.6505432128906,11000103
2024-05-15,416.6661805587756,419.0844404575497,412.79696472073704,413.8126220703125,7565080
2024-05-16,415.94072014550545,418.4557164503403,409.0728558391478,417.34332275390625,23025186
2024-05-17,418.2622492576985,423.1955056272513,414.87668521268046,422.03472900390625,11453714
2024-05-21,421.7445473691362,422.80858768159146,419.0361079554098,420.5837707519531,10760726
2024-05-22,423.05041538686777,427.50001974428443,421.16416075629445,425.51702880859375,10627595
2024-05-23,426.9680006112553,430.35356477709865,422.27657007748854,426.9196472167969,26234369
2024-05-24,426.581066215027,427.9836688302202,421.0674215784872,421.9380187988281,12761457
2024-05-27,424.45296976300926,424.54970606385814,416.6178312304139,417.39166259765625,11827050
2024-05-28,417.9720675164556,418.35898321547427,414.2479411838771,414.9734191894531,9310198
2024-05-29,411.5878313152336,418.2622226758502,411.5878313152336,416.8596496582031,10430363
2024-05-30,414.4897791495067,416.85968584403645,408.54086523603036,409.9918212890625,20524428
2024-05-31,412.79698481398987,415.5054242245428,410.37872479750484,412.5068054199219,28214102
2024-06-03,419.8099506946286,420.680518421146,414.6348682095298,416.279296875,15519148
2024-06-04,419.3803344203138,419.67566066664534,396.59007108196676,408.7481689453125,46019632
2024-06-05,415.4424817749132,429.2249337769245,411.55384937128696,423.6134948730469,27151351
2024-06-06,429.2249599027475,430.8985554793465,424.4011074171002,428.63427734375,31119999
2024-06-07,424.69641696142224,434.78714096569547,424.4010907152272,432.32598876953125,28448041
2024-06-10,433.16279671779216,434.1472576194235,429.0772899846946,430.1109619140625,11432393
2024-06-11,430.20941958526544,430.9969762994265,425.5332302419473,426.2715759277344,12670589
2024-06-12,423.85962143215255,427.6498018428237,423.51508415756945,425.5824279785156,10352936
2024-06-13,430.11094253981014,430.11094253981014,423.07205341888374,423.6134948730469,9283802
2024-06-14,424.30265425427365,425.18866306886986,422.38294345317945,424.4503173828125,9217804
2024-06-18,426.2715748422695,427.4529399538657,421.54617448261024,422.0876159667969,14098178
2024-06-19,423.3181968832955,424.0565425755338,416.4761814512086,417.0668640136719,10909803
2024-06-20,417.46063571953096,419.8725769597397,414.9502724232832,416.7222900390625,14585806
2024-06-21,418.3958863672613,418.69121262264605,412.04610148622487,413.0798034667969,25205627
2024-06-24,413.4735810623463,417.36221366349196,413.4735810623463,416.7222900390625,9362433
2024-06-25,416.42696378422016,417.41142469151146,413.22746583552345,416.7222900390625,10260449
2024-06-26,416.4269632566786,419.77412432855624,415.4917133785916,417.3622131347656,11084805
2024-06-27,417.36221776131833,420.61092676993167,414.5564981393179,418.986572265625,37012589
2024-06-28,418.8881068564861,421.34925907068407,416.91918508512776,418.29742431640625,17866326
2024-07-01,419.6756671117038,423.5642996605048,418.05131264521106,422.3829345703125,12894747
2024-07-02,423.31819671021225,423.95809030121785,415.98395081963196,418.88812255859375,10763335
2024-07-03,419.4787963268975,422.9736205114528,418.8881137770588,421.64459228515625,7159756
2024-07-04,423.3181844369949,424.79487577805423,420.41401278223344,422.3829345703125,9127340
2024-07-05,422.333731273456,427.2560358337527,420.9554920052455,426.9114685058594,12929586
2024-07-08,428.38814177180336,437.6420679454509,426.91145046611405,436.70684814453125,20521107
2024-07-09,440.6447120214378,447.9297167913498,437.1006467150754,445.5670166015625,26470260
2024-07-10,446.6499124642689,448.2742669046541,439.5617821237638,444.43487548828125,11618210
2024-07-11,443.00739907391306,452.3597774988068,441.72761193837766,451.5229797363281,18831345
2024-07-12,451.5229697095595,456.0514956970912,448.7664913049896,451.916748046875,18962800
2024-07-15,451.9167469539115,459.2017813717555,450.09551839281175,456.19915771484375,16251032
2024-07-16,456.24842150117684,459.49713049213176,454.23025860636676,458.3157653808594,12996711
2024-07-18,455.8053772848759,463.5826120549305,455.46080997588035,462.9427185058594,21094737
2024-07-19,463.6810791782459,471.9505446453639,462.1059357456134,467.1759033203125,24977373
2024-07-22,467.22512935123507,471.9997705225947,458.6110968412321,459.3002014160156,18066586
2024-07-23,459.3002201785132,489.67084490595585,459.15255705241043,484.5516662597656,54044423
2024-07-24,488.2926050541632,502.7149511907397,483.0257332450073,486.3728942871094,42073323
2024-07-25,482.3858504329142,488.29261594841927,477.11897850624956,482.3366394042969,17878994
2024-07-26,486.37289046738874,498.53098846206757,479.82623156051926,494.3962707519531,20736094
2024-07-29,497.64499510476014,498.33412976616734,486.37290555240105,488.3418273925781,12496895
2024-07-30,488.58792772093403,490.06461905602856,481.05680792062435,482.2873840332031,13375906
2024-07-31,484.7977793763697,490.212314294584,482.8780686152943,487.6527099609375,11538215
2024-08-01,488.2433878208188,489.0309445112929,483.3210833969507,486.0283508300781,11665529
2024-08-02,477.26661713306316,491.6889928943478,477.26661713306316,481.49981689453125,21320064
2024-08-05,472.59044366661044,484.2563113560555,472.09821321594495,478.447998046875,24094139
2024-08-06,478.69410562345536,484.0594294673253,476.5282796577885,478.7433166503906,13722855
2024-08-07,482.3858440311079,487.8988311144217,480.51537431802717,484.9946594238281,10900585
2024-08-08,486.32366607187976,490.26150952185446,484.8469747781392,487.06201171875,20558134
2024-08-09,490.26152672448166,490.26152672448166,485.43767433767226,488.19415283203125,9201793
2024-08-12,484.35476332433785,492.2304505328637,484.35476332433785,486.91436767578125,9076097
2024-08-13,488.24338802442486,490.1138576976023,480.6630271911621,482.3858337402344,7757706
2024-08-14,484.3055510351403,491.24598835223065,482.2873881671949,484.5516662597656,9253598
2024-08-16,486.8159136133657,496.36519633252993,484.9946549450679,494.8392639160156,13137392
2024-08-19,496.90663740724074,501.38592246805916,491.8366697999701,493.6579284667969,10198725
2024-08-20,493.214898207233,495.57759829775694,489.9661893381827,491.049072265625,6633171
2024-08-21,492.23045638634073,501.09060460129484,491.29520650186157,497.5465393066406,8474830
2024-08-22,499.9584556733267,500.5983492261037,493.6579121538828,496.709716796875,8364290
2024-08-23,497.20196194750406,499.0724616787253,492.1812354283462,497.9403076171875,7891446
2024-08-26,498.13721467996254,500.10613647711654,494.1993710856545,497.8418884277344,7825037
2024-08-27,499.6631217580969,499.7123628295066,492.2304539212314,492.8211364746094,7954114
2024-08-28,492.6242224574722,494.494692136421,488.78483100207995,489.5723876953125,7782216
2024-08-29,490.2615120175877,499.81079444973267,489.6216184623816,497.2511901855469,18670632
2024-08-30,494.1501627020691,501.23826318373165,492.4273561203413,494.1009216308594,14947670
2024-09-02,496.1682911795252,504.9300171814726,495.4791565355421,502.124267578125,15885469
2024-09-03,502.12426857447565,507.93261190235586,500.00768365427365,501.484375,12018677
2024-09-04,492.23044830372953,502.1242682972896,492.1812372762441,498.4817810058594,8414967
2024-09-05,500.4506892036239,503.9455132742936,499.17087204678484,503.25640869140625,10898888
2024-09-06,504.043988134581,504.043988134581,489.42473754817695,493.904052734375,13716752
2024-09-09,494.19935805446994,504.6838903825459,492.5750036233218,503.7978515625,13736044
2024-09-10,503.9455141342374,506.9973488446933,500.84446839754895,505.61907958984375,10911995
2024-09-11,505.0284237419471,511.4274193644084,503.9947518510479,506.357421875,14922832
2024-09-12,507.09577727525766,512.4118900831442,500.6475705028914,511.42742919921875,18377550
2024-09-13,511.42743191583526,511.9196623604126,504.04397524717547,505.8652038574219,8825193
2024-09-16,507.8833892081681,508.9662721354692,501.779719768696,503.157958984375,7531604
2024-09-17,503.10872478211223,505.5698770020489,498.3833245371786,499.8600158691406,10486015
2024-09-18,499.9584780124717,504.4377931687783,497.25121051614315,499.46624755859375,5429619
2024-09-19,502.07504039788796,506.80044052546475,499.6138882390748,500.35223388671875,13925311
2024-09-20,504.04397758405685,509.31081933076297,500.1061340091814,506.4067077636719,23808194
2024-09-23,507.440392362762,511.37823603602163,505.61910361184385,508.9170837402344,7804918
2024-09-24,508.96627578106046,509.7538324689862,506.1605863032238,507.24346923828125,6755320
2024-09-25,507.48958814270446,511.23052750255124,504.3393012814088,509.5077209472656,8476223
2024-09-26,509.6062263974957,515.6114140587638,508.96630275585846,514.626953125,15489991
2024-09-27,512.1657566566794,520.2875586603653,512.1657566566794,514.5776977539062,17251962
2024-09-30,512.5103002296557,516.2020284586056,506.06209360710113,510.0984191894531,10531347
2024-10-01,510.0984216431326,511.6735349937055,506.0128850154202,508.1787109375,5089315
2024-10-03,500.6475703863655,507.68648973948297,500.20458101471934,504.7823181152344,15870147
2024-10-04,502.07506566839953,509.31082934481265,493.75635893556813,495.72528076171875,18228912
2024-10-07,499.12168569957805,506.9481620193131,498.87557046994317,502.27197265625,16479772
2024-10-08,502.0750480669117,504.5854112899015,498.1372045526614,500.0569152832031,9502367
2024-10-09,501.87813528703543,501.87813528703543,482.9272636989434,484.0594177246094,23952459
2024-10-10,487.6527000928454,487.94802633779057,481.8443869431517,484.4039611816406,12799333
2024-10-11,485.3392309395476,486.27448082584317,479.82624380864075,480.61383056640625,14394986
2024-10-14,483.3702900100209,491.2459770162941,481.0568009432557,489.22784423828125,6712103
2024-10-15,490.2615370282201,491.63977630436585,486.8159238161744,490.802978515625,8037662
2024-10-16,488.29261134305926,491.0983309451345,484.6993350303565,485.5361328125,6682083
2024-10-17,487.30813484787245,487.30813484787245,480.4169086985086,481.30291748046875,7385299
2024-10-18,481.1552482363825,483.911726643717,470.9660722650574,479.1371154785156,21778099
2024-10-21,479.1371146286561,480.02312339777336,469.93239953961444,476.1344909667969,7395274
2024-10-22,476.1344910295771,480.8106801351941,473.3287715575346,474.313232421875,12299288
2024-10-23,473.5256968042597,475.78994487558367,472.04900544208425,472.88580322265625,10162570
2024-10-24,474.5101437787425,474.90392212175374,462.69661322823436,464.3702087402344,13092399
2024-10-25,468.4064850948429,485.83145507537773,466.83137168653263,474.80548095703125,30961625
2024-10-28,474.46094354444614,478.3495460797567,468.60338916256904,476.6267395019531,8614446
2024-10-29,477.4635346378099,481.5982824190287,473.8210173046714,480.3677062988281,6866704
2024-10-30,480.36770796031675,485.5853387106688,478.94022763860187,483.9117431640625,6393835
2024-10-31,484.3547546175632,485.3392155009322,477.168202186314,481.2044677734375,7810874
2024-11-01,483.3702869698092,484.453199935033,481.6966914741577,482.68115234375,1461602
2024-11-04,485.7822482492164,485.7822482492164,472.09821756010734,477.06976318359375,8429731
2024-11-05,475.44539609395673,477.5127399163142,469.5386307881079,472.7381286621094,7327830
2024-11-06,472.73813670553255,476.87285446395987,470.5723107058593,473.6241455078125,11313985
2024-11-07,474.26402681523876,475.19927666439344,468.70182887683046,470.4738464355469,8924280
2024-11-08,470.4738578698389,473.23036641450005,467.22514891878234,470.62152099609375,6090462
2024-11-11,470.621518202255,474.01792030276613,466.7329156982704,469.53863525390625,5488948
2024-11-12,470.1785392016451,470.5231065307061,463.82875427999784,465.5023498535156,5041916
2024-11-13,462.745842268009,467.32360956921764,460.97382463379876,464.8624572753906,11120381
2024-11-14,463.8779838870745,465.6007904464379,455.0670468946998,458.7095642089844,11639562
2024-11-18,458.75875996130276,460.53077748887324,454.82091652815853,459.3002014160156,8135260
2024-11-19,460.72769263669977,466.3883427064883,459.00488609372064,460.0877990722656,6857374
2024-11-21,453.8364756459176,456.8390693785076,448.32348858818403,450.0462951660156,19559847
2024-11-22,449.11106772624726,469.0956116731522,448.4219330894456,467.27435302734375,19464568
2024-11-25,471.5567561042518,474.70704290141606,465.05930836220153,469.39093017578125,13891991
2024-11-26,472.5412121658805,475.1500274327074,466.7328991083471,469.58782958984375,6539846
2024-11-27,470.0800767280806,472.63968106029864,465.65000270655946,469.53863525390625,7067013
2024-11-28,469.58785120196785,476.28217333173683,463.2380663539044,467.5204772949219,14412539
2024-11-29,465.8469116490473,471.4583207741302,465.2562290981537,469.34173583984375,8346687
2024-12-02,468.60339440899054,471.85210340330434,466.04379002749573,469.7847595214844,5478598
2024-12-03,458.7587635598344,466.04376795962304,455.5592657453077,465.20697021484375,22218251
2024-12-04,467.0282270823781,470.7691963852625,459.1525401837095,459.8416748046875,13439484
2024-12-05,460.2846846607758,465.40389339018634,455.3131691019803,460.2354736328125,26415053
2024-12-06,462.69661135373104,467.5697047034182,460.4323633580681,463.8287353515625,7551407
2024-12-09,464.1733043956207,464.6655348350646,455.7561758984743,457.72509765625,11703384
2024-12-10,458.1188940909571,459.201807109172,455.41162656710134,458.21734619140625,8823805
2024-12-11,459.9401269589082,460.92458782136873,457.47897480275685,458.0204162597656,6745816
2024-12-12,458.2665402985409,460.6292404052638,452.0152076928852,453.44268798828125,12884401
2024-12-13,452.8520157185007,467.0282467236247,444.63176116363366,462.6966247558594,31753858
2024-12-16,462.9427375890153,467.02824430973016,460.72770056705826,462.7950744628906,9007264
2024-12-17,462.69662049416445,468.4064816658965,455.8546052588739,462.25360107421875,19844152
2024-12-18,465.35466872085993,466.4375516512094,459.6447776064562,463.1888427734375,12365167
2024-12-19,461.71214253616097,466.9790141366636,458.06962534315807,459.3002014160156,14599270
2024-12-20,459.2510071983129,460.1862570652578,452.16287674189437,457.42974853515625,19481288
2024-12-23,463.8779909705442,470.27698686017874,460.3339256999202,466.8805847167969,18837469
2024-12-24,467.52046567590173,472.78733739001206,465.3054286969793,471.01531982421875,11564497
2024-12-26,473.08267043643343,474.36248762422355,468.60338538757355,469.53863525390625,8848065
2024-12-27,472.2951184150244,474.4117033487016,468.603390027205,471.1629943847656,16279450
2024-12-30,473.2795578098897,473.9686924283094,468.60336873116484,469.58782958984375,13074810
2024-12-31,471.01531249891843,477.1189518310075,467.17589109380793,476.1344909667969,13276195
2025-01-01,478.4480034586798,479.2848012429488,474.65782293701153,476.42987060546875,18229128
2025-01-02,477.8081047301229,482.38584191513485,474.8054809534092,481.4505920410156,26124980
2025-01-03,482.63194408756465,483.3702897439964,472.3935569937165,474.1163635253906,37072992
2025-01-06,448.5203869733974,454.5748154312155,434.3933672095806,435.7716064453125,22009958
2025-01-07,438.57731885333885,440.6446926949899,433.31044717493506,434.2456970214844,14294780
2025-01-08,436.1161851173055,445.0255443760588,430.30787173051056,442.56439208984375,13482926
2025-01-09,442.416730818138,453.4919161525875,439.118780732096,443.1058654785156,19732649
2025-01-10,442.95817870039383,444.9763114584693,435.623933230913,437.98663330078125,9145729
2025-01-13,428.24048450001703,437.10063245518984,428.24048450001703,432.2275390625,17799607
2025-01-14,434.1472653461442,434.63949580572034,429.0772976211827,429.8156433105469,18048459
2025-01-15,429.8156399121767,434.93481862527545,428.58506377296607,430.5539855957031,9786805
2025-01-16,431.2430799586227,432.6213492364726,424.4010948132372,426.1239013671875,15774070
2025-01-17,426.2715800243392,434.93482413681886,425.77934956241734,433.3597106933594,11270061
2025-01-20,432.1783161492716,434.34414205164654,429.22493357877545,430.8985290527344,8742771
2025-01-21,431.19387391423885,440.05402200836704,428.486606441033,430.7508544921875,15686500
2025-01-22,433.06434221127984,435.0825050744213,429.7663922004777,430.20941162109375,9619648
2025-01-23,428.2405018720267,434.9840652090289,427.35449304924,433.3597106933594,8888248
2025-01-24,432.5721195288663,438.085106654995,432.2275522003527,434.7379455566406,9665384
2025-01-27,433.95033504469205,438.08508267378915,429.76637638994237,433.26123046875,10480203
2025-01-28,433.16278718375287,434.9348047503417,427.748252343956,428.6835021972656,20813072
2025-01-29,429.1757236276085,430.7016259421734,423.4166215920523,426.6161193847656,15158510
2025-01-30,426.27155767395334,431.1938620350844,424.7456553393473,429.4218444824219,22496695
2025-01-31,429.71716468853657,441.23536874907893,428.3389254954586,440.5462341308594,13546181
2025-02-01,441.03847200847565,464.17330257142027,432.7197655972211,455.36236572265625,30393007
2025-02-03,454.820945476,457.97123244036516,445.2716625255007,447.2898254394531,16991730
2025-02-04,450.88308156805977,453.19657063717955,441.7768184577878,448.0773620605469,18923681
2025-02-05,448.0773836968217,448.7665183611929,439.5618027101026,441.1861572265625,12836283
2025-02-06,443.0073927811504,443.0073927811504,431.3907664989004,434.2456970214844,17469129
2025-02-07,433.16277913738065,438.5773138765979,421.74302713326836,424.15496826171875,18875982
2025-02-10,420.36480234653885,426.56689397037235,419.87257189882627,420.56170654296875,12227140
2025-02-11,422.1368273770192,423.8596339743609,411.0124310801005,411.79998779296875,14288751
2025-02-12,413.1499938964844,413.79998779296875,407.6000061035156,409.8999938964844,13884574
2025-02-13,409.95001220703125,413.95001220703125,409.0,409.70001220703125,12989029
2025-02-14,411.75,416.20001220703125,408.3999938964844,410.25,14124236
2025-02-17,409.79998779296875,411.3999938964844,406.75,408.6000061035156,11975265
2025-02-18,408.0,410.8500061035156,404.0,405.25,12998403
2025-02-19,404.79998779296875,408.79998779296875,404.5,406.3999938964844,7079032
2025-02-20,399.95001220703125,403.8999938964844,396.20001220703125,402.04998779296875,15355585
2025-02-21,402.04998779296875,403.25,399.20001220703125,400.8999938964844,8240986
2025-02-24,400.0,403.3999938964844,398.75,401.8999938964844,7037625
2025-02-25,402.0,407.0,400.5,404.8500061035156,15760891
2025-02-27,404.8500061035156,406.5,399.5,401.6000061035156,19051003
2025-02-28,399.0,402.5,392.20001220703125,395.0,31954776
2025-03-03,395.95001220703125,399.0,391.20001220703125,397.45001220703125,10702826
2025-03-04,395.3999938964844,397.20001220703125,392.8500061035156,394.8500061035156,13404774
2025-03-05,394.5,412.75,394.5,405.04998779296875,15665018
2025-03-06,409.1499938964844,409.70001220703125,400.54998779296875,405.70001220703125,17869996
2025-03-07,403.54998779296875,405.8500061035156,401.70001220703125,403.8999938964844,11180761
2025-03-10,401.04998779296875,406.8500061035156,400.3999938964844,405.0,9785018
2025-03-11,401.5,408.3999938964844,401.20001220703125,406.20001220703125,11099475
2025-03-12,406.3999938964844,413.29998779296875,404.0,412.3999938964844,13844306
2025-03-13,413.0,414.3999938964844,408.20001220703125,412.04998779296875,8196569
2025-03-17,413.0,416.25,407.0,407.95001220703125,5257805
2025-03-18,407.95001220703125,407.95001220703125,407.95001220703125,407.95001220703125,0
2025-03-19,410.0,410.75,402.6000061035156,403.04998779296875,12830387
2025-03-20,405.0,406.6499938964844,401.8999938964844,403.95001220703125,16994037
2025-03-21,405.95001220703125,407.5,401.70001220703125,405.54998779296875,25302035
2025-03-24,407.0,412.8500061035156,405.6000061035156,410.8999938964844,14362572
2025-03-25,412.0,415.25,408.70001220703125,409.79998779296875,20338110
2025-03-26,410.29998779296875,411.20001220703125,406.25,407.3500061035156,13891436
2025-03-27,408.0,410.70001220703125,405.6499938964844,409.45001220703125,18642328
2025-03-28,410.8999938964844,415.6000061035156,408.1499938964844,409.75,12981873
2025-04-01,409.79998779296875,414.3999938964844,405.6000061035156,406.6499938964844,15206240
2025-04-02,407.04998779296875,410.0,406.04998779296875,409.04998779296875,8001323
2025-04-03,407.04998779296875,410.20001220703125,406.70001220703125,409.3999938964844,7059566
2025-04-04,407.5,412.79998779296875,404.5,409.70001220703125,18627592
2025-04-07,390.1499938964844,408.1000061035156,390.1499938964844,406.04998779296875,26762866
2025-04-08,411.8999938964844,415.79998779296875,407.25,412.54998779296875,18600796
2025-04-09,413.0,419.04998779296875,411.25,416.29998779296875,21785572
2025-04-11,420.0,422.45001220703125,417.0,421.54998779296875,8939356
2025-04-15,429.20001220703125,429.20001220703125,419.0,420.3999938964844,11685880
2025-04-16,418.0,426.04998779296875,418.0,424.45001220703125,13034594
2025-04-17,425.0,427.8500061035156,421.54998779296875,427.25,22410217
2025-04-21,428.04998779296875,429.1000061035156,421.5,422.8500061035156,27388236
2025-04-22,425.95001220703125,434.79998779296875,423.54998779296875,433.6000061035156,32031936
2025-04-23,436.20001220703125,437.45001220703125,428.8500061035156,430.8500061035156,19566317
2025-04-24,431.8500061035156,436.04998779296875,429.29998779296875,430.04998779296875,26064089
2025-04-25,430.04998779296875,432.70001220703125,423.29998779296875,427.79998779296875,22944377
2025-04-28,426.6499938964844,430.5,424.75,428.79998779296875,6287095
2025-04-29,428.8999938964844,429.6000061035156,425.0,426.0,11189930
