Date,Open,High,Low,Close,Volume
2020-01-01,22.457945022111016,22.586459610608365,22.072401256618964,22.29730224609375,12427144
2020-01-02,22.265176981925958,24.514183495126364,22.104532346398834,24.03225326538086,40774923
2020-01-03,23.967993376026225,24.417793509821788,23.55031959085176,23.71096420288086,31575382
2020-01-06,23.453933319568158,23.453933319568158,22.00814283390638,22.07240104675293,33114454
2020-01-07,22.4258195686736,22.87562160246156,21.783246547846446,22.26517677307129,28813855
2020-01-08,22.233044928146363,22.36156136023783,21.847501147125246,22.104530334472656,24835660
2020-01-09,22.747104542780363,23.550320272503892,22.42581714784032,23.293291091918945,35124769
2020-01-10,23.710967020584498,24.096510826118823,23.19690677478752,23.5181941986084,30769465
2020-01-13,23.582449514238622,23.967995140761605,23.48606494602567,23.87160873413086,20392203
2020-01-14,23.96799388259471,24.128636659601366,23.678834677881486,24.0001220703125,18044145
2020-01-15,23.87160659372278,25.510168005855384,23.710963822687173,25.124624252319336,48417546
2020-01-16,25.124627038448462,25.3495280458887,24.449925854545587,24.546310424804688,23510914
2020-01-17,24.546312335207336,25.092500801273772,24.09651212373742,24.160768508911133,27105259
2020-01-20,24.353541341268222,24.546312335207336,23.614581881262673,24.160768508911133,23004388
2020-01-21,24.25715334544368,24.642697146632948,23.51819393355978,23.839481353759766,27503610
2020-01-22,23.903736104926995,24.032250696560943,22.779232968525523,22.972003936767578,24594174
2020-01-23,22.90774875177729,23.775222750035226,22.90774875177729,23.389678955078125,31781707
2020-01-24,23.389677596035927,24.482052537484883,23.1969047905494,24.06437873840332,28804287
2020-01-27,23.903736633081824,24.257152227488355,23.518192849661364,23.80735206604004,22182640
2020-01-28,23.935866194999445,24.064380796844222,23.38967959676362,23.5181941986084,28229527
2020-01-29,23.646708151716194,23.83948096840366,23.261164356759092,23.389678955078125,32715622
2020-01-30,23.518191532414704,23.61457793247569,21.847500059416518,22.07240104675293,39075105
2020-01-31,22.265172581325025,22.393687161295695,21.461955077695162,21.654726028442383,19738870
2020-02-03,20.562353532263646,21.17279831657689,20.33745437039479,21.012155532836914,14985631
2020-02-04,21.20492752919248,21.494084896496204,20.88364013564124,21.044282913208008,11201439
2020-02-05,21.204928542812155,21.365571328057833,21.044283919148686,21.237056732177734,9756414
2020-02-06,21.365570966505185,21.494085560210536,21.108541779094487,21.17279815673828,8613994
2020-02-07,21.2370552052815,21.269183392337133,20.626610459136174,20.755125045776367,11800230
2020-02-10,20.85151276205264,20.88364095113704,19.95191059876493,20.08042335510254,13395681
2020-02-11,20.080421067616324,20.30532204242282,19.50210637630541,19.6306209564209,15252090
2020-02-12,19.69487979727561,21.14067038370983,19.50210882213506,20.690868377685547,23774292
2020-02-13,20.305324462588793,20.787254655066917,19.727007863931487,20.46596908569336,27393633
2020-02-14,20.369582165083102,20.9478987491351,20.24106757289574,20.562353134155273,16459477
2020-02-17,20.498097969309423,20.530226159651548,19.534237551702915,19.662752151489258,13679782
2020-02-18,19.66274950735055,19.66274950735055,18.31334547184546,18.602502822875977,23003278
2020-02-19,18.82740657168468,19.245078566666038,18.666763779525372,18.955921173095703,16464138
2020-02-20,18.955921326772494,18.955921326772494,18.313348314508,18.40973472595215,16650387
2020-02-24,18.281217041786633,18.281217041786633,17.51012947951045,17.606515884399414,16662070
2020-02-25,17.702901986317087,19.727007262255537,17.47800099156443,18.859533309936523,26241805
2020-02-26,18.82740532301671,19.084434508792107,17.76715855287987,18.15270233154297,22633623
2020-02-27,18.056317054006364,18.056317054006364,17.478000489597004,17.638643264770508,11513526
2020-02-28,17.092456157644694,17.188840716492493,16.61052600973523,16.96394157409668,16784176
2020-03-02,17.542259720828767,17.92780350667184,16.38562652488176,16.89968490600586,13109593
2020-03-03,16.96394128766304,17.606514194553373,16.771168496387148,17.285226821899414,11016417
2020-03-04,17.67077226787116,17.799286861626218,16.417754519154926,16.67478370666504,21758017
2020-03-05,16.86755540277128,16.996069988040745,16.417753435119344,16.642654418945312,12922089
2020-03-06,15.614537534571776,16.449881408796244,15.16473465353624,15.678793907165527,19927959
2020-03-09,15.29325031694103,15.421765828828962,13.269144103432552,13.654687881469727,29055984
2020-03-11,13.654687123579038,14.072360905416694,12.851470504312278,12.947856903076172,25420744
2020-03-12,11.24503717083833,12.722956851367153,11.24503717083833,11.82335376739502,37745554
2020-03-13,10.923751856357967,12.369542583782213,9.638604849494968,12.080384254455566,30449062
2020-03-16,11.534194852881562,11.823353135711105,11.020136500481344,11.148650169372559,15615066
2020-03-17,11.212909328516979,11.791225023752107,10.730979122883248,10.955879211425781,14120878
2020-03-18,11.148651109837491,12.851471843829884,9.028158388890853,10.955879211425781,39797022
2020-03-19,9.638602953221811,10.506076851328253,9.381572867049437,9.95988941192627,15690910
2020-03-20,10.024147909498062,10.955879211425781,9.863504201217179,10.955879211425781,17592903
2020-03-23,9.959890820638533,10.763107540609868,9.863504409790039,9.863504409790039,8665741
2020-03-24,10.024147557722712,10.602464151872013,9.702860152435818,10.313305854797363,6664326
2020-03-25,10.281176543291597,10.281176543291597,9.927761875198431,10.088404655456543,5257537
2020-03-26,9.959890687396001,10.538207306332415,9.959890687396001,10.024147987365723,9220437
2020-03-27,10.281176612070508,10.79523590227847,10.152662019320736,10.666720390319824,9524868
2020-03-30,10.37756299394786,10.570334882658473,10.152661997514375,10.47394847869873,4420494
2020-03-31,10.602463990381345,10.730978582855089,10.345433886224988,10.47394847869873,7228906
2020-04-01,10.441820954841292,10.859493866571658,10.345434544746235,10.409692764282227,3713845
2020-04-03,10.602464300517605,10.602464300517605,10.216920511818707,10.345434188842773,3836880
2020-04-07,10.827364307830038,10.827364307830038,10.538206927953091,10.698850631713867,6653392
2020-04-08,10.698850791800774,11.502067484205405,10.538207085636285,10.923750877380371,8213056
2020-04-09,11.020137679092272,12.016126302993749,11.020137679092272,11.7590970993042,9381321
2020-04-13,11.759096386831995,12.658699464448285,11.245037091390307,12.36954116821289,11724412
2020-04-15,12.915727218655165,13.81533019639715,12.722955348969478,13.204885482788086,14064490
2020-04-16,13.204886374714954,14.97196334500451,13.076370867035108,14.682805061340332,14599498
2020-04-17,15.807308345066161,16.032209323906493,15.196863618964239,15.839436531066895,14203653
2020-04-20,16.032211056018692,16.12859746285203,15.164736152145343,15.228994369506836,7660593
2020-04-21,14.586419076448385,14.586419076448385,13.718944255378476,13.847458839416504,8309331
2020-04-22,13.815329601927107,14.425774289268896,13.526171350236591,14.008101463317871,8101806
2020-04-23,14.586418999378791,14.650676291058293,13.301272246579968,13.461915016174316,14985883
2020-04-24,13.172757840681088,13.23701513771019,12.144641088215481,12.36954116821289,21609550
2020-04-27,12.465926793396566,12.85147055144858,12.369540394279149,12.594440460205078,6793483
2020-04-28,12.690828777787942,12.78721519147604,12.337414072419174,12.401670455932617,4266429
2020-04-29,12.530183648709823,12.97998468405838,12.40166814797287,12.690826416015625,6191689
2020-04-30,12.915727578796274,13.269143142679034,12.658698412048379,12.722955703735352,10850799
2020-05-04,12.273155567392616,12.658700294042983,12.11251185468755,12.337413787841797,6431599
2020-05-05,12.594440853366208,12.594440853366208,12.080382493249475,12.112510681152344,3367408
2020-05-06,12.208898540746839,12.305284954379525,11.983998440952178,12.01612663269043,4094856
2020-05-07,12.048255242439323,12.048255242439323,11.823354232791408,11.919739723205566,2171037
2020-05-08,12.273155320754938,12.273155320754938,11.694839621214465,11.726967811584473,4652797
2020-05-11,11.855482523700783,12.016125303033885,11.4378087236499,11.566324234008789,5075175
2020-05-12,11.502066913256412,11.502066913256412,11.14865040955415,11.373552322387695,5131738
2020-05-13,11.88761198038415,11.919740171995553,11.373553560930027,11.437809944152832,32335098
2020-05-14,11.373552565681722,11.983997344970703,11.212908864055033,11.983997344970703,38377795
2020-05-15,12.20889742419741,12.433798422632998,11.791224535335125,11.983997344970703,39886731
2020-05-18,12.208897319243956,12.208897319243956,11.405680656433105,11.405680656433105,12640903
2020-05-19,11.598452818832067,11.630581008113852,10.859493434844282,10.891622543334961,17807535
2020-05-20,10.955879082609389,11.180781006925422,10.891622703103248,11.116522789001465,6650479
2020-05-21,11.116521355556074,11.245035936414563,10.988006774697585,11.020135879516602,4079113
2020-05-22,11.020137138879889,11.052265328161674,10.795236137071818,10.891622543334961,5335878
2020-05-26,10.923751021294956,11.08439472957584,10.891622831164131,10.955879211425781,3982147
2020-05-27,10.955877669878566,11.084393169945846,10.859492193839094,11.020135879516602,5032278
2020-05-28,11.084394275259195,11.245037057746886,10.988007870399477,11.052265167236328,6610438
2020-05-29,10.988008191571367,11.598452988968786,10.988008191571367,11.116522789001465,21638062
2020-06-01,11.245036405782356,11.662710189819336,11.212908218831098,11.662710189819336,15589752
2020-06-02,11.726968620746218,12.241027975016811,11.694840428159363,12.080384254455566,20179660
2020-06-03,12.369541621079279,12.562313519224231,12.176769722934326,12.273155212402344,14798173
2020-06-04,12.176769579730973,12.433798774234818,11.951868574935656,12.241026878356934,10356964
2020-06-05,12.658698149986005,14.490032303965405,12.626569964412043,14.329388618469238,52991820
2020-06-08,15.293251180579851,16.000083318648567,14.393648981024207,14.747064590454102,43596352
2020-06-09,15.132607297363545,15.164735485422865,14.072361464855367,14.168746948242188,22924900
2020-06-10,14.136617330830791,16.54626811667795,13.751073572778775,15.743050575256348,82081611
2020-06-11,16.03221049819589,16.064338686549874,14.843449144921198,14.939835548400879,25716087
2020-06-12,13.654686787958736,15.228992720223928,13.526172205571536,15.10047721862793,24104542
2020-06-15,15.164734840393066,15.743050473741993,15.004091149302843,15.164734840393066,15629736
2020-06-16,15.743050942906615,15.871565531925178,14.490033240371208,14.875577926635742,20433543
2020-06-17,14.779191164330706,15.132606735105078,14.522161073361909,14.811319351196289,12390990
2020-06-18,14.875577581032976,15.807308789375163,14.682804782774955,15.55027961730957,31492431
2020-06-19,15.678794203342367,15.871565163182733,15.421765031276774,15.55027961730957,18085210
2020-06-22,15.582408885838314,15.710923480791719,15.132607803501392,15.389636993408203,16089738
2020-06-23,15.518151430405783,15.807308789375163,15.389635925164162,15.55027961730957,13523334
2020-06-24,15.710922538601315,16.642654674950492,15.51815157694065,15.58240795135498,33761893
2020-06-25,15.486022642908306,15.678795456574983,15.132607962673497,15.228994369506836,15626878
2020-06-26,15.421765593853127,15.582408372649857,15.196864600487073,15.29325008392334,11666229
2020-06-29,15.293250730993822,15.38963713771714,14.875578753083179,15.036222457885742,9079882
2020-06-30,15.100478328588526,15.550280319215217,14.875578252484047,14.939835548400879,11388558
2020-07-01,15.100478836756087,15.196865243479404,14.779192346359862,15.036222457885742,7319113
2020-07-02,15.261122175588588,16.160725246333943,15.068350285973628,15.903696060180664,26747209
2020-07-03,16.064337657980886,16.192852241586007,15.614537534571776,15.678793907165527,13124583
2020-07-06,15.743051133718195,16.353495898559604,15.743051133718195,16.2249813079834,31493026
2020-07-07,16.19285351514198,17.992059665537507,15.518152357754758,17.606515884399414,112722678
2020-07-08,17.927802991063324,18.216960362524937,17.381614598014156,17.542259216308594,46555035
2020-07-09,17.73502877593144,17.863543357309506,17.156712240521347,17.285226821899414,21170890
2020-07-10,17.15671276002316,17.15671276002316,16.417753435119344,16.642654418945312,18241824
2020-07-13,16.771171373099317,16.931814167772114,16.09647016473925,16.16072654724121,14160853
2020-07-14,15.839436976278948,16.000081587633183,15.421765031276774,15.55027961730957,13761843
2020-07-15,15.710922287049241,15.903695084041038,15.036221174413237,15.164734840393066,12732996
2020-07-16,15.164735973484886,15.293250568276001,14.8434494865071,15.19686508178711,10201239
2020-07-17,15.293251595330519,16.57840038717554,15.100479690197792,16.16072654724121,31986825
2020-07-20,16.28923777013922,16.963940676895334,15.967950409052852,16.610525131225586,28780939
2020-07-21,16.771171386252437,16.83542776880479,16.385627575684616,16.5462703704834,12885640
2020-07-22,16.610525484853643,16.610525484853643,15.935822563733511,16.12859535217285,16123237
2020-07-23,16.12859660546463,16.32136757046591,15.935823802045649,16.00008201599121,10956754
2020-07-24,15.935822927486694,16.321366674748287,15.710921948646364,15.839436531066895,11592850
2020-07-27,15.743050057244831,15.807308267347967,15.38963541693037,15.453892707824707,8084578
2020-07-28,16.000082197693658,16.000082197693658,15.453893807415644,15.486021995544434,15756562
2020-07-29,15.614537313873747,15.67879368555929,15.38963541693037,15.453892707824707,8736097
2020-07-30,15.550280343744664,15.550280343744664,15.036221975599117,15.132607460021973,8632303
2020-07-31,15.100477813821357,15.164735107547692,14.77919134518968,14.843448638916016,7848847
2020-08-03,14.84344827411829,14.84344827411829,14.457904521235534,14.586419105529785,7151104
2020-08-04,14.490032886496326,14.9398348562851,14.490032886496326,14.811319351196289,5993397
2020-08-05,14.843448638916016,15.357507907935535,14.81131953244843,14.843448638916016,8346193
2020-08-06,14.875577563345107,15.004091230016268,14.779191164330706,14.811319351196289,5927506
2020-08-07,14.843449144921198,15.132607436151375,14.811320037358348,14.939835548400879,6478297
2020-08-10,15.068349810163586,15.261121693691429,14.811319712917614,14.875577926635742,7485781
2020-08-11,15.036222243887389,15.068350432865309,14.907706730349057,15.0040922164917,5725729
2020-08-12,15.100477081119648,15.967950963938234,14.843447918685813,15.807308197021484,27663757
2020-08-13,15.90369648555458,16.963943285608444,15.839438268088678,16.739042282104492,40739256
2020-08-14,17.156713845249104,17.831416839404486,16.73904187630846,17.220972061157227,66555510
2020-08-17,17.99205801923389,18.152700787071236,17.41374148123481,17.6707706451416,31987518
2020-08-18,17.79928603994401,17.863544253064017,17.349485901774667,17.638643264770508,22857126
2020-08-19,17.670769867457302,18.441859163659913,17.510127106689787,18.249086380004883,48289420
2020-08-20,17.79928722695108,19.21294962568944,17.638644441064557,18.98805046081543,55499427
2020-08-21,19.24507633168021,19.53423553008753,18.698889798718035,18.89166259765625,29947080
2020-08-24,19.11656327993906,19.11656327993906,18.31334750951938,18.441862106323242,16013428
2020-08-25,18.473990919577133,18.795278341641925,18.056318925468986,18.184833526611328,14381094
2020-08-26,18.345472771832398,18.53824555548743,18.088443619237367,18.249086380004883,12175446
2020-08-27,18.441859163659913,18.473987348129913,18.184830011064882,18.249086380004883,11513559
2020-08-28,18.313346951465906,18.473989732971095,18.12057414292548,18.15270233154297,10411432
2020-08-31,18.24908959339888,18.313347812071314,16.996071794255872,17.1888427734375,18174222
2020-09-01,17.18884167378969,17.54225909625161,16.482012344119003,17.156713485717773,10600657
2020-09-02,17.124584854151234,17.381614028905407,16.899683866636916,17.25309944152832,5640762
2020-09-03,17.25310095088283,18.57037696555058,17.220972760832304,18.120574951171875,16673691
2020-09-04,17.99205936764691,18.088445770940027,17.413742786305953,17.542259216308594,11238430
2020-09-07,17.54225879662179,17.702901572655225,16.8354258021887,17.092456817626953,8386530
2020-09-08,17.092457057468447,17.317356211703967,16.706911448109928,16.771169662475586,6491346
2020-09-09,16.321368114234193,16.77117011158577,16.192853520479137,16.67478370666504,7276660
2020-09-10,16.706911005833536,17.060328417862184,16.706911005833536,16.867555618286133,5346025
2020-09-11,16.996071475132496,17.092457882122446,16.48201308907649,16.739042282104492,6179839
2020-09-14,17.028199730201855,17.83141734031948,16.996071540554137,17.510129928588867,17024356
2020-09-15,17.349486815480084,17.413743193566454,16.739042031570673,17.06032943725586,10045777
2020-09-16,16.99607195909723,17.1567147497096,16.835427330067002,17.028200149536133,5786472
2020-09-17,16.899684705340828,17.02819929909588,16.57839914016207,16.67478370666504,6348546
2020-09-18,16.610528591453654,16.931814181051223,16.482013987931047,16.5462703704834,6411109
2020-09-21,16.546269025563863,16.86755642746434,15.614538685362662,15.903696060180664,7674267
2020-09-22,15.775181177940109,15.903695768661038,14.6506771303187,15.29325008392334,12387183
2020-09-23,15.678794959891025,15.678794959891025,14.779191895044093,15.325379371643066,6201949
2020-09-24,15.228993441155362,15.228993441155362,14.265133108413995,14.682805061340332,6866400
2020-09-25,14.77919118012631,15.871565161273685,14.77919118012631,15.743050575256348,9476793
2020-09-28,15.775180969422363,15.967951933746832,15.518151791377942,15.614538192749023,7021749
2020-09-29,15.678795456574983,15.871566431823862,15.132607962673497,15.228994369506836,5886205
2020-09-30,15.228993052196213,15.389635824077615,15.036221174413237,15.164734840393066,3281211
2020-10-01,15.293249937646431,15.582408223607207,15.196864455132074,15.26112174987793,3796339
2020-10-05,15.261121895847538,15.518151996498254,15.16473549320241,15.29325008392334,4412746
2020-10-06,15.421765593853127,15.45389378192893,15.228993707771735,15.29325008392334,5589336
2020-10-07,15.293250568276001,15.486022460462673,15.100478676089327,15.19686508178711,2927731
2020-10-08,15.228994135381559,15.293250513337396,14.875578541371139,15.0040922164917,3645310
2020-10-09,14.971964240597597,15.228994352123477,14.939836051162425,15.036222457885742,4346755
2020-10-12,15.164735624505358,15.164735624505358,14.875578252484047,14.939835548400879,2795856
2020-10-13,14.875577863255682,15.00409153251784,14.522161366147158,14.682805061340332,3876295
2020-10-14,14.714933989496785,14.779191282952524,14.393647522218089,14.457904815673828,7851075
2020-10-15,14.522161967367627,15.00409215369032,14.297261887836884,14.425776481628418,7131408
2020-10-16,14.457904485898766,14.682804548259616,14.297260796319174,14.393647193908691,3694884
2020-10-19,14.457905108217568,14.682805180258907,14.393647813461635,14.522161483764648,3657645
2020-10-20,14.586419641739553,14.939835221145024,14.425775945861925,14.875577926635742,5009358
2020-10-21,14.971963043150684,15.100477629030669,14.650676578450721,14.811319351196289,4233681
2020-10-22,14.650677054034176,14.90770623413771,14.650677054034176,14.714934349060059,3086692
2020-10-23,14.650676499638465,15.389635824077615,14.58641920704414,15.164734840393066,10365630
2020-10-26,15.261121320985064,15.261121320985064,14.779191164330706,14.811319351196289,4822056
2020-10-27,14.875578046229196,14.90770623413771,14.618547946916808,14.714934349060059,4593358
2020-10-28,14.650678180897248,14.97196468073855,14.554292690549321,14.747064590454102,5411959
2020-10-29,14.843448457270698,15.100477629030669,14.714933871390713,14.811319351196289,7545486
2020-10-30,14.811319501672548,14.907705901666192,14.554291246510113,14.650676727294922,4328389
2020-11-02,14.714933989496785,14.779191282952524,14.393647522218089,14.457904815673828,3563592
2020-11-03,14.586420183472276,14.650677480368042,14.361519184732652,14.425776481628418,3107788
2020-11-04,14.361519184732652,14.586420183472276,14.361519184732652,14.425776481628418,2799756
2020-11-05,14.522160928741739,15.132606584405734,14.457904555650474,14.779191017150879,7211424
2020-11-06,14.90770623413771,15.03622174339833,14.650677054034176,14.714934349060059,4921450
2020-11-09,14.843448457270698,14.971963043150684,14.714933871390713,14.811319351196289,4393071
2020-11-10,14.843447984724095,15.67879368555929,14.779190693829756,15.453892707824707,15274758
2020-11-11,15.743051000867421,15.903695616545336,14.650676990187874,15.26112174987793,12609879
2020-11-12,15.582407802339088,16.0322097726086,15.421765029421827,15.743050575256348,14259271
2020-11-13,15.83943734472462,15.87156553237575,15.55027997902907,15.614538192749023,6466858
2020-11-14,15.743050279759277,15.807308490770646,15.64666572086865,15.678793907165527,1637505
2020-11-17,16.06433721557666,16.16072361023047,15.839436240856962,15.967950820922852,9801756
2020-11-18,16.0322097726086,16.0322097726086,15.678794201456505,15.743050575256348,7006663
2020-11-19,15.710922538601315,16.224980887586653,15.486021551315813,15.58240795135498,13524330
2020-11-20,15.7109245283775,16.9639442107453,15.421767130056109,16.5462703704834,41064216
2020-11-23,16.835427140272017,17.188842746369268,16.57839978124055,16.803298950195312,22969389
2020-11-24,16.963942467154848,17.156713433416392,16.610526884188012,16.771169662475586,18650556
2020-11-25,16.899685502122907,16.899685502122907,16.160726093586625,16.257112503051758,17674527
2020-11-26,16.344324293962437,16.635032877845447,16.21512027353887,16.505828857421875,7844244
2020-11-27,16.473526402512064,17.022642963513196,16.34432239708357,16.79653549194336,20378310
2020-12-01,16.92574160105556,18.3146871423924,16.731936492964916,18.120882034301758,64064577
2020-12-02,18.476192304158612,18.734600355482208,18.217784252835017,18.605398178100586,36899644
2020-12-03,18.734600355482208,18.993010255085977,18.4115912154678,18.605398178100586,24302101
2020-12-04,18.83150341446266,18.92840689360579,17.830171775970648,18.282386779785156,23348310
2020-12-07,18.28238571585436,18.8315023185764,18.28238571585436,18.637697219848633,19208806
2020-12-08,18.993007401098673,19.12221140734561,18.34698552158409,18.831501007080078,23620101
2020-12-09,18.96070738896096,19.122213803215093,18.47619184275882,18.573095321655273,15678996
2020-12-10,18.573096014255043,18.573096014255043,17.991676967475055,18.185483932495117,13073860
2020-12-11,18.185481411204975,19.5098238931507,18.185481411204975,19.154512405395508,46215304
2020-12-14,20.220448983109353,20.511157572453875,19.768233978991088,20.188146591186523,59535480
2020-12-15,20.285049252978705,20.285049252978705,19.57442808007428,20.123544692993164,28022991
2020-12-16,20.285047787363357,20.931069677189914,20.188144319061383,20.44655418395996,35391513
2020-12-17,20.4788585547747,20.737266619731567,20.058945911289857,20.155847549438477,21079797
2020-12-18,20.026642534972073,20.026642534972073,19.219115985367974,19.63903045654297,22377478
2020-12-21,19.57442700071016,19.897436102870028,17.345654584751305,17.862470626831055,30684847
2020-12-22,17.7655682082997,18.31468667171816,16.538129111576165,18.088579177856445,26366989
2020-12-23,18.282385451675427,19.445221572079237,18.153181438297228,19.348318099975586,22903135
2020-12-24,19.2191162109375,19.671331231885734,19.05761163843322,19.2191162109375,14523759
2020-12-28,19.380621586720483,19.606729085002904,19.05761061084844,19.28371810913086,12317484
2020-12-29,19.38062140257782,19.574428355915632,18.96070695310592,19.12221336364746,10124112
2020-12-30,19.186814674594768,19.316018695577483,18.702299133839542,18.993009567260742,8617417
2020-12-31,18.928404473835254,19.186812486329128,18.70229700083314,18.831501007080078,9783853
2021-01-01,18.863803222628718,19.83283427971951,18.766901595543686,19.542125701904297,29538210
2021-01-04,19.735935772673095,20.09124733966265,19.380624205683542,19.92974090576172,21985131
2021-01-05,20.026640575639135,21.286380169355468,19.89743656213695,21.092575073242188,71593038
2021-01-06,21.286383854895654,21.770899451488248,20.349655056888878,20.931074142456055,45921294
2021-01-07,21.254080485713256,21.318683419211265,20.769564953458456,20.86646842956543,18532839
2021-01-08,20.995673493231752,21.254081543524553,20.608061417792552,20.80186653137207,15729513
2021-01-11,20.963372130425782,21.09257615052695,20.02664159848223,20.73726463317871,26480869
2021-01-12,21.64169572471989,21.835502705437165,21.383287649283755,21.5447940826416,51846094
2021-01-13,21.770896505051,22.093907475157064,21.57709140161142,21.738595962524414,34650387
2021-01-14,21.932405484227196,21.932405484227196,21.35098640921911,21.641695022583008,16693708
2021-01-15,21.51249098759518,21.706296097080102,21.09257652853094,21.350984573364258,18408351
2021-01-18,21.350984608240143,21.447888087280955,20.672662103234575,20.76956558227539,16565841
2021-01-19,20.76956662033148,21.15717870758733,20.76956662033148,20.99567413330078,11336521
2021-01-20,21.02797420841565,21.22177930653615,20.898768345295288,20.96337127685547,8527066
2021-01-21,21.124878162386064,21.254082191471348,20.93107304289825,20.99567413330078,15345837
2021-01-22,20.96337234290716,21.060275821035262,20.058944193031838,20.317350387573242,14119653
2021-01-25,20.446556116711445,20.737264700817256,19.70363068835641,19.865137100219727,12239532
2021-01-27,19.73593265263448,19.800533737357835,19.316018208812437,19.542125701904297,10292097
2021-01-28,19.154515122008558,19.703631777513046,19.12221457716246,19.50982666015625,9244876
2021-01-29,19.832836544102257,20.4788585547747,19.800535998052716,20.155847549438477,14419900
2021-02-01,20.608060022658353,20.7695645810877,20.026641024720647,20.543458938598633,19937539
2021-02-02,20.834168292187666,21.835499918782453,20.64036133620411,20.89876937866211,22514806
2021-02-03,21.02797588572848,21.51249144209752,20.41425445593287,20.80186653137207,16265811
2021-02-04,20.801864656652263,21.512489503334297,20.608059560538983,21.092575073242188,16754236
2021-02-05,21.286382799901357,21.318685193478796,20.608062107258803,20.704965591430664,13433185
2021-02-08,20.995671194505324,21.41558561646661,20.801864253864732,21.060274124145508,22216822
2021-02-09,21.0925744511934,21.803197428638192,20.737262962471004,21.189477920532227,36392028
2021-02-10,21.286383205325652,21.38328669134315,20.704965985781183,21.027976989746094,15000040
2021-02-11,21.64169208130454,22.223111077293147,21.447886981495028,21.706295013427734,45065223
2021-02-12,21.80319807164422,21.835498612949767,20.995671601045547,21.092575073242188,15038428
2021-02-15,21.189480455091438,21.221780999307995,20.737265442938952,20.80186653137207,7798147
2021-02-16,20.866471200379557,21.124879272124897,20.543462034838043,20.931074142456055,10108464
2021-02-17,20.995672038642603,21.06027497088017,20.769564548231184,20.83416748046875,8828538
2021-02-18,20.931073476562375,24.354983090681575,20.834169990670645,23.676660537719727,153550602
2021-02-19,23.902765082443192,25.485515660884374,23.321346087687647,24.32267951965332,102834942
2021-02-22,24.419583029974596,24.968699635417394,22.998337006955538,23.450551986694336,38590216
2021-02-23,23.61205944597875,24.193476664768603,22.966039287167654,23.676660537719727,20669230
2021-02-24,23.902768062397296,25.776229295920366,23.644359998796926,25.29171371459961,40418272
2021-02-25,25.905429817150583,27.714287865506336,25.905429817150583,27.358976364135742,76557963
2021-02-26,26.48684732032037,28.392608867582748,26.163838204305755,27.68198585510254,64941165
2021-03-01,28.198805886642923,33.205466043897715,28.166503493990053,31.655014038085938,162465760
2021-03-02,32.30103339326783,34.91741793724165,32.17183122626471,33.78688049316406,99972511
2021-03-03,34.497502642043976,34.820515444625784,31.913422400749273,32.55944061279297,41534797
2021-03-04,32.13952962387775,34.142196645715394,31.3966097095591,33.56077575683594,46918419
2021-03-05,33.4638764711785,34.239100680840586,32.1718361217417,32.85015869140625,27657211
2021-03-08,33.2054623403489,33.68997784501991,32.656345754137746,32.97935485839844,18745054
2021-03-09,33.30236533119861,33.46387173824593,30.621381523229694,31.913423538208008,22153515
2021-03-10,32.30103472899729,32.55944277024941,31.202801477815807,31.848819732666016,19600698
2021-03-12,32.236432655742554,32.81784980661675,31.3966074715287,31.913423538208008,17927224
2021-03-15,31.978027641122573,32.042628731415796,30.330673962722354,30.976694107055664,16351188
2021-03-16,31.235101510434248,31.235101510434248,29.813855458494555,30.201467514038086,15254547
2021-03-17,30.39527514532883,31.65501296779225,29.55544808207311,29.81385612487793,24045733
2021-03-18,29.910758594540248,30.492175747108202,27.488180964573598,28.134201049804688,21648375
2021-03-19,27.617384344177317,29.620047486309844,25.970030854510878,29.10323143005371,39176571
2021-03-22,30.169166786276037,30.685982857161434,29.587747782389936,30.039962768554688,21351067
2021-03-23,30.233771932608946,31.267404150049146,29.943061485243742,30.944393157958984,26790942
2021-03-24,31.008994493509086,31.88112394226311,29.749254831522318,30.2337703704834,27744096
2021-03-25,30.362972983925644,30.524479398112994,28.877125802394847,29.68465232849121,16677966
2021-03-26,30.136867330967586,30.330672440400228,29.52314591430386,29.68465232849121,9635364
2021-03-30,30.29837302205886,31.525812204409196,29.71695397560865,30.944393157958984,14747116
2021-03-31,30.91209101606085,31.267402534517647,29.910759395082646,30.2337703704834,11205781
2021-04-01,30.524480930162458,31.23510401306921,30.298373417575743,30.976694107055664,11653975
2021-04-05,30.847488090542498,30.879790481887937,29.135533432158223,29.36164093017578,14479533
2021-04-06,29.458543813884404,29.943059343218952,28.941727742135573,29.167835235595703,10413990
2021-04-07,29.103235075004797,29.329342590005044,28.844827014513154,28.941730499267578,9693385
2021-04-08,29.26473929256124,31.17049720878931,29.20013635816905,30.2337703704834,38668155
2021-04-09,30.362973177593616,30.6213830722856,29.84615708476993,30.13686752319336,9647590
2021-04-12,28.877126732632583,29.070933696588583,25.71162530988585,26.68065643310547,31087155
2021-04-13,27.068267564503444,28.00499811034233,26.809859520467914,27.77889060974121,16184727
2021-04-15,27.64968726459037,27.7142902013208,26.71295669582023,27.100568771362305,11571666
2021-04-16,27.326676425111245,27.455878593970912,26.80985850827232,26.971363067626953,8174920
2021-04-19,25.582422324079957,25.87313278184057,24.677992253198404,25.29171371459961,21732825
2021-04-20,25.743924281596126,26.454547308311515,25.38861461651851,25.679323196411133,11078299
2021-04-22,25.647020988397585,26.06693543821427,25.06560382446693,25.84082794189453,10011871
2021-04-23,25.420915159111004,26.38994622312652,25.420915159111004,25.679323196411133,10826490
2021-04-26,25.84083135458371,26.325346954033904,25.711627317949013,25.808530807495117,10086055
2021-04-27,25.840828505846194,27.068267642700974,25.647021548119596,26.906763076782227,14371777
2021-04-28,27.068266542551758,27.294374034616276,26.874461440982206,26.971363067626953,8922066
2021-04-29,26.939063196522618,27.326677105878133,26.357646029049548,26.583751678466797,9166825
2021-04-30,25.84082540307452,26.809856378793313,25.84082540307452,26.228437423706055,8245711
2021-05-03,26.002330438333527,27.197468910620845,25.776224808258576,26.842159271240234,12414028
2021-05-04,27.100566858684182,29.20013535417936,27.100566858684182,27.68198585510254,34184524
2021-05-05,28.166502821852124,28.747921848087078,27.520482708413354,28.521814346313477,16767873
2021-05-06,29.07093214625064,29.36164072840111,28.61871715332316,28.909425735473633,13665046
2021-05-07,29.13553456374105,29.329341526220464,28.295709321744063,28.424911499023438,10851954
2021-05-10,28.81252459708897,31.26740286054782,28.48951361832013,30.847488403320312,43370605
2021-05-11,30.653684455866195,32.94705824095529,30.03996486675335,32.39794158935547,55672803
2021-05-12,32.88245092736763,33.46386801352679,31.65500828492552,32.36563491821289,48509029
2021-05-14,32.688644577332624,32.94705258647551,30.750582660481125,31.687313079833984,27090396
2021-05-17,31.978026874933583,32.10722905242436,31.202802720307872,31.655014038085938,13140883
2021-05-18,32.010325164500344,32.68864763822697,31.75191713116069,31.913423538208008,21071391
2021-05-19,31.751913596991834,32.81784615380353,31.525806130916674,32.36563491821289,21180922
2021-05-20,32.68864763822697,32.85015404527429,31.65501180830826,31.913423538208008,15810463
2021-05-21,31.94572615937968,32.43024171549452,31.65501386846251,31.78421974182129,12685419
2021-05-24,32.07492616291566,32.07492616291566,31.493509013596377,31.622711181640625,13722235
2021-05-25,31.784219848750748,31.945726266852486,31.0735967842876,31.202802658081055,13487998
2021-05-26,31.202801117998913,32.13952794638582,31.138196336010722,31.52581024169922,16158445
2021-05-27,31.6227133242629,32.268735297936125,31.23510309730723,31.78421974182129,18322423
2021-05-28,32.13952877327895,32.430241058304915,31.49351050925743,31.590412139892578,16879368
2021-05-31,31.59041270012465,31.6873180290386,29.684652872967547,30.750587463378906,17569969
2021-06-01,31.008995092707774,31.267403138709653,30.2014685627418,30.427576065063477,10834495
2021-06-02,30.233771932608946,31.235103605324188,30.13686845015388,30.944393157958984,12188002
2021-06-03,31.17049585708037,31.6873156132458,30.879789133902364,31.00899314880371,10975783
2021-06-04,31.13819637500554,31.751917777020875,30.718285622637328,31.2351016998291,15002491
2021-06-07,31.52581107724738,32.59174380130158,31.13819716128571,32.17183303833008,29045091
2021-06-08,32.33333428203488,32.624042857471984,31.719616589063243,31.913423538208008,16069966
2021-06-09,32.139529766075924,32.20413455172194,30.621383841481297,30.782888412475586,19608187
2021-06-10,31.04129470786868,31.945724690101734,30.847487755024428,31.52581024169922,14866576
2021-06-11,31.78421850688845,36.08025725660599,31.558111009715937,35.33733367919922,225387093
2021-06-14,36.04795804875921,37.98602026969723,33.62538027258669,37.04928970336914,160761064
2021-06-15,37.339997027075874,38.212126475456586,36.984683660491065,37.24309539794922,59668288
2021-06-16,37.21079515389708,37.37229787040585,35.886450699163746,36.241764068603516,35839830
2021-06-17,35.9833540503311,37.01698996823234,35.40193684996699,35.78955078125,33191487
2021-06-18,36.33866576013163,36.56477326018758,33.59307521610375,35.07892608642578,36583204
2021-06-21,34.27139842425473,36.82318206429829,33.98068983148023,36.306365966796875,32181109
2021-06-22,36.50016970805206,38.632038910532366,36.30636644137597,37.37229919433594,72460075
2021-06-23,37.727609611846496,37.986017643670095,36.75857856836797,36.8554801940918,26600841
2021-06-24,36.08025762586397,36.6293742546627,35.531137300505016,35.660343170166016,25144515
2021-06-25,35.91874945250738,35.98335053589159,35.20812644560093,35.53113555908203,14829360
2021-06-28,35.78954995634739,36.047958005726635,34.982021567547,35.14352798461914,15152362
2021-06-29,35.4019379296042,36.08026048175578,33.72228367042148,34.10989761352539,29486698
2021-06-30,33.65767898444641,35.59574109987879,33.65767898444641,34.85281753540039,30541792
2021-07-01,35.20812715104276,35.30503247462075,33.94838751700988,34.27139663696289,19368271
2021-07-02,34.46520443658348,35.20812801836886,34.23909693807834,34.91741943359375,19776543
2021-07-05,35.20812756909,35.5311366928783,35.04662115891577,35.17582702636719,14358411
2021-07-06,35.27273325801401,35.33733434512063,34.52980597004681,34.65901184082031,12501610
2021-07-07,34.6590138113672,34.78821968948674,34.27139987356906,34.36830520629883,10529626
2021-07-08,34.33600316009104,34.982021432770026,33.98068978321332,34.400604248046875,10182108
2021-07-09,34.368302407664416,34.368302407664416,33.657679377274654,34.01298904418945,9882114
2021-07-12,34.72361283595591,35.78954925319319,34.691312292488156,35.24042892456055,36155979
2021-07-13,35.66034256032971,35.85414951322676,34.94971953074733,35.17582702636719,13248637
2021-07-14,35.305032521875965,35.59574109987879,34.562105260837434,34.85281753540039,9491731
2021-07-15,34.982021432770026,35.014321976747944,34.33600316009104,34.400604248046875,8591850
2021-07-16,34.59441014899484,34.59441014899484,34.07759037149522,34.174495697021484,9824101
2021-07-19,33.91608346935932,34.30369733049018,33.528469608228455,33.85148239135742,8504266
2021-07-20,33.91609008055612,34.10989704889996,32.65635033116184,33.04396057128906,12231967
2021-07-22,33.39927244444712,33.81918690734396,32.94705743772134,33.07625961303711,8189166
2021-07-23,33.23776612929088,33.33467145763115,32.43024144144356,32.494842529296875,8649775
2021-07-26,32.43024341256518,32.656350930354975,32.07493001465528,32.20413589477539,6952482
2021-07-27,32.30103584213574,32.688649765651746,31.719618653422067,31.78421974182129,7809727
2021-07-28,31.81651816356366,31.913423486258345,31.041294064806635,31.332002639770508,9889897
2021-07-29,31.461208508864352,33.72227972135864,31.235101017958915,33.36697006225586,23350741
2021-07-30,33.36697596819321,34.07759541217804,33.1085641929396,33.237770080566406,14078748
2021-08-02,33.33466863800043,33.43157026158392,32.624041945481515,32.720947265625,6497449
2021-08-03,32.72094872519082,32.85015459229222,31.97802515489821,32.10722732543945,6498580
2021-08-04,32.268735351714824,32.591744490809596,31.33200478212362,31.493511199951172,8459370
2021-08-05,31.622714251388977,31.622714251388977,30.492178536735626,30.976694107055664,9158170
2021-08-06,31.073594447830935,32.13952711609687,31.008993364071802,31.46120834350586,7335496
2021-08-09,31.59041093141143,31.622711473720834,30.847487368614807,30.912090301513672,5514027
2021-08-10,31.105895452685804,31.525809896490237,29.81385527547231,30.039962768554688,9977137
2021-08-11,30.104565393114825,30.104565393114825,28.101902091858253,29.135534286499023,15430156
2021-08-12,29.20013714081454,30.55678031661138,29.16783659689275,30.298372268676758,7785376
2021-08-13,30.427575459952685,30.556779480384154,29.878456986908862,29.94305992126465,5606979
2021-08-16,30.03996568049718,30.03996568049718,28.747923529758726,28.941730499267578,7597515
2021-08-17,28.941728126597088,29.36164072840111,28.68332008728998,28.909425735473633,6570208
2021-08-18,29.070933948164562,29.135535037855483,28.101902816559075,28.16650390625,6818211
2021-08-20,27.778889329218938,28.521812883644603,27.52048129709523,27.68198585510254,8336319
2021-08-23,28.101903062945443,28.101903062945443,26.22844187299963,26.42224884033203,10832049
2021-08-24,26.583752157717043,29.006329893462585,26.19614008965378,28.521814346313477,21748377
2021-08-25,29.070933198474055,29.652352232099567,28.71562166949625,29.135534286499023,11801254
2021-08-26,29.070932415176344,29.070932415176344,28.295708290083684,28.489513397216797,5356647
2021-08-27,28.489513802711574,29.006329893462585,28.134202278250218,28.521814346313477,7501686
2021-08-30,28.747922492568218,29.393942620489693,28.424911504467392,28.715621948242188,6869058
2021-08-31,28.87712564268788,28.909426186034658,28.489513577686186,28.651018142700195,4614759
2021-09-01,28.68332046110609,30.169167630626326,28.48951350495992,29.52314567565918,6965599
2021-09-02,29.716951599575708,29.716951599575708,28.844824023771864,29.006328582763672,5915247
2021-09-03,28.877124565914215,29.458543565876795,28.877124565914215,29.006328582763672,4738356
2021-09-06,29.07093348066904,29.297040987511604,28.651019011309952,28.715621948242188,4337182
2021-09-07,28.747921028812755,28.844824505136994,28.36030897179588,28.457212448120117,3171130
2021-09-08,28.457214587802437,28.6833221001332,28.263407620581717,28.32801055908203,3527554
2021-09-09,28.295710013971984,28.877127219073696,28.16650413697136,28.32801055908203,5158540
2021-09-13,28.328008860500837,28.328008860500837,27.811192776608127,27.90809440612793,4841649
2021-09-14,28.03730037777486,29.393943616520698,27.972699286933754,29.232439041137695,14917378
2021-09-15,29.329340429764365,29.81385596956946,28.94172836757631,29.070932388305664,8282127
2021-09-16,29.232436708747557,29.52314529089803,28.78022356410017,28.909425735473633,7070455
2021-09-17,29.070932000466858,29.200136019472485,28.06959854282316,28.457212448120117,9195508
2021-09-20,28.166502037917613,28.65101757158161,27.649685961550706,27.87579345703125,6116923
2021-09-21,27.9080935923975,28.586416068938572,27.262073506367944,27.84349250793457,9295809
2021-09-22,28.05249734265881,29.293469041996875,27.987182157540104,28.738296508789062,8781708
2021-09-23,28.934241422902797,31.089614593390607,28.868926235013365,30.69772720336914,39558537
2021-09-24,31.089615320064613,31.285557150997633,30.044585370010605,30.27318572998047,17331145
2021-09-27,31.35086989856258,31.84072724072762,30.73038405639736,31.0242977142334,19486056
2021-09-28,31.285556399315773,31.285556399315773,30.142556495586327,30.632413864135742,10825330
2021-09-29,30.893670415546264,33.31030056250744,30.828355228677633,31.448841094970703,42598006
2021-09-30,31.644782209582225,32.26526989399667,31.089611575374143,31.808069229125977,13533160
2021-10-01,32.00401275458367,32.1999564525332,31.41618539805027,31.48149871826172,12205570
2021-10-04,31.64478462308052,31.64478462308052,31.122270605466905,31.187583923339844,7771497
2021-10-05,31.18758304316229,31.742757441359267,31.02429788443066,31.285554885864258,7803577
2021-10-06,31.41618490635178,31.57947194163996,30.403813509658338,30.632413864135742,6771229
2021-10-07,30.893670010583488,31.024298513950896,30.632413003848672,30.795698165893555,5687809
2021-10-08,30.861015188467377,31.122272210749788,30.371157804523452,30.665071487426758,5760298
2021-10-11,30.69772419792046,31.938695828404757,30.567097572245675,31.742755889892578,14744562
2021-10-12,31.873384307428864,32.13464131078058,31.383526958980028,31.61212730407715,9680445
2021-10-13,31.873386419847748,32.52653084017187,31.546816078343294,32.00401306152344,21518157
2021-10-14,32.26527460982041,32.26527460982041,31.44884313008853,31.644786834716797,9370156
2021-10-18,32.13464270822121,32.9837270717097,31.906042353182933,32.23261642456055,19586701
2021-10-19,32.42855646843204,32.49386978795436,30.69772733988449,30.8936710357666,10637968
2021-10-20,30.89366958807088,30.92632624630173,29.881298233654633,30.142555236816406,13311729
2021-10-21,30.469127033207776,31.350869874702287,30.175211506937966,30.958984375,7367851
2021-10-22,31.0242993051148,31.51415480374146,30.240528264923068,30.501785278320312,5971287
2021-10-25,30.534441471880733,30.763041822279312,29.522070093250623,29.783327102661133,6001681
2021-10-26,29.91395713637712,30.958987096091963,29.848641946357233,30.73038673400879,6267304
2021-10-27,30.828355610738086,30.893670798416174,30.37115677162169,30.501785278320312,4261305
2021-10-28,30.14255491781128,30.436468576093354,29.39144057450601,29.685354232788086,4596423
2021-10-29,29.39144215165331,29.65269916606922,28.607671108405583,29.162841796875,5186920
2021-11-01,29.391441366916883,29.718011691888723,29.130184359476402,29.456754684448242,3607777
2021-11-02,29.52206844092332,30.469126448523465,29.424096600713405,30.10989761352539,5008627
2021-11-03,30.273183761218228,30.893669611359556,29.913954914435617,30.207868576049805,6002406
2021-11-04,30.3711575982706,30.469129448125575,30.17521389856065,30.338499069213867,1287225
2021-11-08,30.43647003173828,30.958985926179096,29.946612665402085,30.43647003173828,5504625
2021-11-09,30.501784641238302,31.15492716108941,30.37115613726808,30.991641998291016,7363893
2021-11-10,30.73038422498223,32.19995439088185,30.665069040295094,31.285554885864258,15794035
2021-11-11,31.35087158716256,31.38352824675717,30.501785357099735,30.632413864135742,4613304
2021-11-12,30.828355847586707,31.514155045858953,29.946612953432354,30.8936710357666,17817475
2021-11-15,31.024300207833104,31.154928718332638,30.175213955257302,30.4038143157959,4921194
2021-11-16,30.24052788545395,30.436469708714355,29.815983842517593,29.913955688476562,3750988
2021-11-17,29.913955381797845,30.109899071706963,29.358782839493685,29.456754684448242,4063740
2021-11-18,29.55472693262841,29.718012097342086,28.411727042317573,28.57501220703125,6234550
2021-11-22,28.672983470555586,28.672983470555586,27.529983603475763,27.660612106323242,6361105
2021-11-23,27.170756002073393,28.411727770480255,27.170756002073393,28.215784072875977,4457779
2021-11-24,28.542355303810023,28.836268971513473,28.085154604131304,28.18312644958496,3531336
2021-11-25,28.705640488842942,28.705640488842942,28.019841307463597,28.24843978881836,3388491
2021-11-26,27.889209393115788,28.183124913456826,27.203410249634885,27.366695404052734,5544048
2021-11-29,26.97481294423492,27.268726628954543,25.570555973624572,26.060413360595703,8302224
2021-11-30,26.19104012166204,27.04012632689407,25.995096432509452,26.32166862487793,4822627
2021-12-01,27.791241438891745,27.954526605161675,27.170755564676934,27.497325897216797,10713639
2021-12-02,27.301383256328297,27.85655392626571,27.170754753480818,27.660612106323242,5144406
2021-12-03,27.6606111891052,28.313753681684577,27.62795453164059,27.758581161499023,5341021
2021-12-06,27.758584160273177,28.542357104697267,27.660614177295603,27.987184524536133,7098490
2021-12-07,28.21578405369454,28.411727751165618,28.085155544933023,28.150470733642578,3137250
2021-12-08,28.477042134375626,28.57501398676883,28.281100298246876,28.379070281982422,3397786
2021-12-09,28.575013505820383,29.52207161525192,28.346413143636383,29.130186080932617,8247907
2021-12-10,29.130185023656004,30.958985986094266,28.966897988789558,30.501785278320312,21062455
2021-12-13,30.89366958807088,30.958984773190068,29.91395489188548,30.142555236816406,7198788
2021-12-14,29.88129989556481,30.01192840441087,29.587386217825568,29.75067138671875,4756719
2021-12-15,29.750671231416217,30.436470432113676,29.35878383826615,29.48941421508789,5002056
2021-12-16,29.7180102716264,29.848638769103733,28.607668977397765,28.770954132080078,4192110
2021-12-17,28.738297890072005,28.770956418529806,27.6279565076037,27.889211654663086,6501220
2021-12-20,27.562640617405673,27.627955804000315,26.452297394556993,26.778867721557617,6223728
2021-12-21,27.23606959435845,27.562641804076712,26.90949738464019,27.072784423828125,4604025
2021-12-22,27.268725444106668,27.627956172178113,27.105440278430372,27.30138397216797,4109395
2021-12-23,27.5626394104578,28.281097088250476,27.301382412834542,27.823896408081055,5261539
2021-12-24,28.019841772243126,28.05249843174157,27.334040710830518,27.4320125579834,3499632
2021-12-27,27.268724525471846,27.72592521635226,26.94215420512083,27.39935302734375,3185482
2021-12-28,27.693270168859303,28.868926754089852,27.562641659389243,28.411727905273438,6662694
2021-12-29,28.640327787599993,29.52207067902017,28.44438409232548,29.2281551361084,12932701
2021-12-30,29.260812361827472,30.501784060235096,28.64032651262366,30.077241897583008,16690978
2021-12-31,30.24052604694869,30.7303833783046,29.91395386982561,30.04458236694336,15288904
2022-01-03,30.37115677162169,30.893670798416174,30.142556417734713,30.501785278320312,17123448
2022-01-04,30.534440655857985,30.66506915707224,29.848639622990053,30.011926651000977,8516305
2022-01-05,29.946612665402085,30.69772704462991,29.48941382717051,30.43647003173828,10873755
2022-01-06,30.338499578272028,32.95107169584867,29.81598552848823,32.78778839111328,74537311
2022-01-07,32.98372549025182,33.571556548157936,32.46121148587858,32.82044219970703,38895880
2022-01-10,33.049045596708396,33.70219003116701,32.78778857038802,33.17967224121094,22461897
2022-01-11,33.31030016976695,34.22470156320142,33.179669797569865,33.73484420776367,42528721
2022-01-12,34.29001296775928,34.29001296775928,33.31029831153759,33.80015563964844,16944811
2022-01-13,33.76750183105469,33.9634417889748,33.31030112127749,33.76750183105469,13770189
2022-01-14,33.473582284332004,35.008471351338024,33.31029899648075,34.845184326171875,30346149
2022-01-17,34.94315492767322,35.07378529761977,34.290014289885384,34.35532760620117,14115913
2022-01-18,34.551274087589114,34.551274087589114,32.26527419576915,32.52653121948242,16656196
2022-01-19,32.16729787051908,33.11435590626168,31.97135418427665,32.95106887817383,14002119
2022-01-20,33.0490443276195,33.179670967105956,32.29792993862691,32.6245002746582,8460894
2022-01-21,32.493868050330285,32.55918510367489,30.86101272569903,31.285554885864258,10822489
2022-01-24,31.41618410890937,31.41618410890937,29.19549767700776,29.456754684448242,13896262
2022-01-25,29.195496287167174,30.371154633340083,28.836267451873084,30.17521095275879,8985771
2022-01-27,29.65269961430034,30.3711573491331,29.456755916197732,29.88129997253418,10061298
2022-01-28,30.40381335193008,31.056957752379304,30.24052818614655,30.371156692504883,8319499
2022-01-31,30.861015094609705,31.02430026587521,30.240529201411658,30.46912956237793,8990940
2022-02-01,30.795699030766357,31.51415488513561,30.109899835991715,30.632413864135742,12715371
2022-02-02,30.861013434179917,31.28555560409142,30.730384930464258,30.926326751708984,7208091
2022-02-03,31.122271212276928,31.154927871850127,30.436470149294433,30.567100524902344,6019885
2022-02-04,30.763041063199072,30.763041063199072,29.913954869237408,30.077241897583008,6962818
2022-02-07,29.94661123318492,30.14255491781128,29.58738425913237,29.685354232788086,3831751
2022-02-08,29.685355925368892,29.848641092762637,28.966898198984293,29.358783721923828,4981473
2022-02-09,29.391441609430032,29.94661228765747,29.358783081737364,29.84864044189453,3912255
2022-02-10,29.979269992861784,30.109898494076038,29.52206930428316,30.011926651000977,4007958
2022-02-11,29.522069765913134,29.913955275683715,29.130184256142552,29.260812759399414,4540263
2022-02-14,28.868926275442327,29.064869970727464,27.33404084745315,27.62795639038086,8826886
2022-02-15,27.529983948482265,28.37906829330288,26.87683955740214,28.24843978881836,11206332
2022-02-16,28.41172761403249,28.575012782031873,27.595298036720408,27.954526901245117,7650540
2022-02-17,27.921869925090245,28.15047027889445,27.268725523176077,27.4320125579834,5560066
2022-02-18,27.170757167311177,27.62795790222349,26.8115282854026,26.97481346130371,10955448
2022-02-21,26.778868332304206,27.007468687612857,26.06041247532247,26.158384323120117,9386517
2022-02-22,25.53789511686552,25.799152116953984,24.950065932337747,25.40726661682129,12268711
2022-02-23,25.537897223671074,26.09306979615235,25.5052405631303,25.668527603149414,7716535
2022-02-24,24.88475359530483,24.950066913566836,22.304838282147262,22.50078010559082,20229918
2022-02-25,23.28455122750699,25.76649450511176,23.21923791423181,25.439922332763672,31776315
2022-02-28,25.015382045258345,25.570554592547406,24.558181343803536,25.374610900878906,12861418
2022-03-02,24.950066937643843,25.864468343454647,24.81943843233623,25.505239486694336,8843884
2022-03-03,25.995094624442146,26.22369495633422,24.88475149000734,25.113351821899414,9380586
2022-03-04,24.950067284059216,25.048039131564583,23.970352546320676,24.558181762695312,9658320
2022-03-07,24.16629477981634,24.23160996375568,23.251895285267757,23.74175262451172,10531065
2022-03-08,24.06832612732172,24.427555014942765,23.774412432294362,24.296926498413086,6989472
2022-03-09,24.525522866309377,25.73383784847417,24.264265875893862,25.439922332763672,11395738
2022-03-10,26.125725414963306,26.452297613322266,25.505239546141556,25.570554733276367,10996209
2022-03-11,25.603211551502177,25.897125223790066,25.374611198097128,25.831811904907227,5761153
2022-03-14,25.962439143502372,25.995095801349063,25.243981458930367,25.40726661682129,5101834
2022-03-15,25.3419547344858,25.83181210452269,24.42755331379956,24.623497009277344,7819686
2022-03-16,25.015382900751575,25.34195510848157,24.81943920238206,25.211326599121094,6575278
2022-03-17,25.733839756499467,25.733839756499467,25.048038704317253,25.374610900878906,12366997
2022-03-21,26.125724301393294,26.125724301393294,25.178668143236983,25.40726661682129,13244056
2022-03-22,25.374610840917878,25.505239345502353,24.721468317995498,25.309295654296875,8445826
2022-03-23,25.309293837555913,25.73383784847417,25.178667211005553,25.439922332763672,17066190
2022-03-24,25.276637856776116,25.53789485417723,24.852095703163663,25.015380859375,6116550
2022-03-25,25.146010305797972,25.37461065430398,24.917409957291966,24.982725143432617,6758128
2022-03-28,24.982723569750224,25.04803688311922,23.970350394614204,24.100980758666992,10443445
2022-03-29,24.36223947426845,24.460209451258073,23.774410269043052,23.839723587036133,9781198
2022-03-30,23.970352172851562,24.362239556767243,23.839723667765515,23.970352172851562,8399037
2022-03-31,24.166295739674325,24.166295739674325,23.67643838097378,23.709096908569336,10112193
2022-04-01,23.77441002575061,25.01538174149516,23.77441002575061,24.917409896850586,9923410
2022-04-04,25.17867016450699,25.73384086709809,25.048039785318668,25.603212356567383,10536489
2022-04-05,25.603211707305636,26.386982750614532,25.341954692869336,26.093069076538086,12004405
2022-04-06,26.093068539930286,27.00746807165257,25.897124848803887,26.778867721557617,15348940
2022-04-07,26.909496122249223,27.105439812619498,26.386982106138515,26.58292579650879,9278280
2022-04-08,26.615582312093707,26.778867474085047,26.256353460786755,26.386981964111328,5496678
2022-04-11,26.38698339960992,27.49732667260218,26.22369822873558,27.138099670410156,12863514
2022-04-12,27.105438699529607,27.105438699529607,26.125724025225438,26.41963768005371,9393013
2022-04-13,26.615581362377522,26.71355320353943,26.32166770754925,26.41963768005371,4258305
2022-04-18,26.158383151073433,26.256353125823885,25.603210617533424,25.86446762084961,7080838
2022-04-19,26.125724365220147,26.354324708020403,24.884752677439444,25.47258186340332,7562556
2022-04-20,25.570554733276367,25.733839898127076,25.341954381290847,25.570554733276367,4844938
2022-04-21,25.929781962523812,26.09306899754535,25.66852681753599,25.962440490722656,4572100
2022-04-22,25.864468505082517,26.35432587021157,25.668526680225426,25.766496658325195,4808983
2022-04-25,25.63586859051079,25.63586859051079,24.85209754036679,24.9500675201416,5327989
2022-04-26,25.211324777665,25.407266593220605,25.08069627774211,25.34195327758789,4152127
2022-04-27,25.048037516885778,25.407266355476676,24.852095703163663,25.015380859375,3403800
2022-04-28,25.276638831370526,25.30929549014045,24.688811498881808,25.048038482666016,4476252
2022-04-29,25.211326306883596,25.472583322576188,24.688812275498414,24.754125595092773,4203508
2022-05-02,24.558182576557993,24.688812956665974,24.10098372081057,24.32958221435547,3904563
2022-05-04,24.46020940743164,24.558181252903253,23.153924363335207,23.709096908569336,5501538
2022-05-05,24.035668075283382,24.264268433153955,23.51315403938355,23.54581069946289,4130011
2022-05-06,22.990637769179106,23.12126814473409,22.76203928360179,22.95798110961914,6002448
2022-05-09,22.860009022444036,22.892667550318922,21.978266142972938,22.56609535217285,6566626
2022-05-10,22.69672361115848,22.95798061937444,22.076237749481198,22.174209594726562,5105994
2022-05-11,22.337495272975634,22.337495272975634,21.063866861378564,21.4884090423584,8010345
2022-05-12,21.227151648811216,21.423095340320664,20.639322442940404,20.90057945251465,5984275
2022-05-13,21.4884089427545,21.945609649888603,21.22715192972289,21.29246711730957,5507776
2022-05-16,21.521064880671194,21.814980411970666,21.227151218029213,21.651695251464844,3690574
2022-05-17,21.717010847881575,22.435468619377115,21.553725670235387,22.370153427124023,4393516
2022-05-18,22.69672273609578,22.69672273609578,22.174208739809174,22.337493896484375,3772689
2022-05-19,21.586380004882812,21.84763700841461,21.357779659628118,21.586380004882812,4484940
2022-05-20,22.174209654749045,22.37015147711264,21.749667482413315,22.239524841308594,3032229
2022-05-23,22.53344031439887,22.53344031439887,21.978267724467635,22.043582916259766,3309000
2022-05-24,22.076236521769093,22.17420836156601,21.619035848488423,21.749666213989258,4797868
2022-05-25,21.749668732139963,22.01092388741719,21.096524303645175,21.194496154785156,3263352
2022-05-26,21.292466896325646,21.586380565771435,20.08415182210177,20.96589469909668,8822742
2022-05-27,21.227150357958173,21.814979528082258,21.19449370091167,21.749666213989258,4561126
2022-05-30,22.14155478574185,22.27218330076355,21.945611078880457,22.108896255493164,3729147
2022-05-31,21.78232391996188,22.076237584848602,21.455751727798567,21.912952423095703,9075819
2022-06-01,21.912953538174545,22.533439426799085,21.8476383489552,22.206867218017578,5640979
2022-06-02,22.33749387238762,22.370150529955943,22.07623687452615,22.272180557250977,3296292
2022-06-03,22.402808632259827,22.500778603110934,21.553722470948337,21.684350967407227,4953151
2022-06-06,21.749666862137698,21.749666862137698,21.161837674496073,21.325122833251953,3474370
2022-06-07,21.32512280998666,21.61903646915808,21.096522466783345,21.259809494018555,3605275
2022-06-08,21.455752223659253,21.455752223659253,20.93323819904822,21.22715187072754,3474124
2022-06-09,21.325122573236015,21.357779230857517,20.802608576662212,20.933237075805664,4697433
2022-06-10,20.802609312078737,20.900579288406686,20.476037118346362,20.63932228088379,3744076
2022-06-13,20.312753328504,20.378066650469712,19.594295574935355,19.724924087524414,5999493
2022-06-14,19.72492503413209,20.051495396948173,19.4963246589662,19.69226837158203,4006117
2022-06-15,19.85555059313083,19.953522434834124,19.528978410339004,19.59429359436035,2484037
2022-06-16,20.08415323255737,20.24743840831016,18.385980677560767,18.51660919189453,10552053
2022-06-17,18.02675108217279,19.104437684246417,17.340951876240553,18.875837326049805,13887984
2022-06-20,18.843181053652497,18.94115103604614,17.70017923915035,17.92877960205078,9512400
2022-06-21,18.22269562506266,18.810524877869394,17.928780064330454,18.712553024291992,5975725
2022-06-22,18.549264749324454,18.810523631100413,18.190035889122264,18.288007736206055,4900297
2022-06-23,18.483951568603516,18.679893395578862,18.190036025154136,18.483951568603516,4241698
2022-06-24,18.679893474132864,18.74520866250436,18.222694630162692,18.614580154418945,4002699
2022-06-27,19.071778264374533,19.104436791632143,18.777864599658578,18.97380828857422,4072720
2022-06-28,18.941150798040255,19.202409687113338,18.745208967057454,19.137094497680664,3099412
2022-06-29,18.94115062718826,19.039122476124746,18.614580288943436,18.810523986816406,7878700
2022-06-30,18.71255194392445,18.908493771108887,18.41863640016143,18.549264907836914,3678361
2022-07-01,18.61458118652945,18.810524893850726,18.353324155872865,18.77786636352539,2702703
2022-07-04,18.745207941058474,19.03912160577443,18.679892755200758,18.97380828857422,3364938
2022-07-05,19.16975098515419,19.235066173997712,18.745208797972886,18.810523986816406,3307368
2022-07-06,18.77786366833868,19.137092501095786,18.320664864640243,19.0064640045166,4207455
2022-07-07,19.267723062245786,21.45575295022017,19.071779362052588,20.802610397338867,44422764
2022-07-08,20.73729478073139,20.73729478073139,19.953523733412037,20.149465560913086,12937002
2022-07-11,19.79023949426067,20.312753550322853,19.79023949426067,20.116809844970703,6364545
2022-07-12,20.11680723762985,20.70463640884006,19.986178740545075,20.476036071777344,5026459
2022-07-13,20.60666447899207,20.802608158093395,20.182122332482418,20.345407485961914,3805644
2022-07-14,20.443380863249498,20.57400936959036,19.62695129712593,19.757579803466797,3003631
2022-07-15,19.92086597840722,19.92086597840722,19.496323778456755,19.790239334106445,2553355
2022-07-18,20.084152815246714,21.292467949220786,19.953524303627162,21.129180908203125,14520585
2022-07-19,21.194494823363076,21.194494823363076,20.116808265838003,20.63932228088379,13665511
2022-07-20,21.096524247462643,21.194496098341716,20.73729537334447,21.129180908203125,8262996
2022-07-21,21.19449567160071,22.468124101411846,20.9985519737878,22.010923385620117,23082639
2022-07-22,22.174210024536084,22.174210024536084,21.16183863091176,21.35778045654297,9422706
2022-07-25,21.42309556428545,21.455752223659253,20.900579671016867,21.22715187072754,5717253
2022-07-26,21.19449493695849,22.76203885915488,21.12917975039894,22.239524841308594,19947672
2022-07-27,22.14155277074427,22.59875159738389,21.78232391996188,21.912952423095703,10154839
2022-07-28,22.043581435675442,22.272181788607156,21.194495211353736,21.22715187072754,12594483
2022-07-29,21.521066665649414,21.81498222132653,21.32512483052232,21.521066665649414,5947774
2022-08-01,21.651695251464844,21.97826557247649,21.488408222301526,21.651695251464844,5884395
2022-08-02,21.749668004428194,21.880294643367414,21.423095801107422,21.619037628173828,6713988
2022-08-03,21.651696077753197,21.847637904106367,21.42309572312653,21.4884090423584,3105663
2022-08-04,21.651697030044804,22.043582568644737,21.031209258106188,21.455753326416016,5356450
2022-08-05,21.553723967174832,23.480494890861294,21.42309546164791,22.56609535217285,15755161
2022-08-08,22.827351473074227,23.023295158052555,22.500779287662834,22.664066314697266,7009050
2022-08-10,22.794695704009346,23.12126790215542,22.272181681901667,22.56609535217285,7049860
2022-08-11,22.37015116482244,22.37015116482244,21.717008651632533,21.782323837280273,6139429
2022-08-12,21.78232287103576,21.88029284217526,21.553722534395423,21.749666213989258,3691971
2022-08-16,21.717007624357596,21.880292777766854,21.619035784849075,21.684350967407227,3130084
2022-08-17,21.6843510562287,22.076236547210573,21.651694399144564,21.814979553222656,5426148
2022-08-18,21.81498167027807,22.500780878886022,21.81498167027807,22.14155387878418,5948079
2022-08-19,22.141551730036262,22.435465381108312,21.74966623905439,21.814979553222656,4399756
2022-08-22,21.749666885721258,21.782323543776346,21.32512285637517,21.39043617248535,2185753
2022-08-23,21.227150118393904,21.651694129836777,21.227150118393904,21.423093795776367,2785701
2022-08-24,21.39043631790522,21.749667033583304,21.39043631790522,21.586380004882812,2034885
2022-08-25,21.684354913277016,22.206868994193684,21.651698250384165,21.94561195373535,4220301
2022-08-26,22.10889529237054,22.500780820364067,22.010923443207762,22.07623863220215,3713077
2022-08-29,21.25980976707688,21.88029375137319,21.031207552279955,21.717008590698242,2809504
2022-08-30,21.912952824538248,22.696723857699773,21.912952824538248,22.56609535217285,8602144
2022-09-01,22.141552082205624,22.957979734239082,22.108893555944622,22.337493896484375,6471771
2022-09-02,22.402811957579416,22.794697505124883,22.272183441730924,22.370153427124023,5293308
2022-09-05,22.468122568040766,22.99063656833864,22.370150725820547,22.598751068115234,5169324
2022-09-06,22.79469660064025,22.860009921644043,22.272182557979445,22.468124389648438,3632119
2022-09-07,22.370152250030674,23.839724377492146,22.174210420897037,23.54581069946289,19927099
2022-09-08,23.807066928039593,24.003010619333903,23.578466577748742,23.839723587036133,9756868
2022-09-09,24.03566621700198,24.133638058323054,23.545808879054075,23.676437377929688,6450699
2022-09-12,23.709096787807077,23.90503860909475,23.415181252889294,23.578466415405273,4012464
2022-09-13,23.578469135345923,23.74175618535572,23.186583578906333,23.284555435180664,3242307
2022-09-14,22.860009183250774,23.18658138369409,22.66406735791083,22.82735252380371,3805191
2022-09-15,23.023295158052555,23.153923658485617,22.5660944722081,22.664066314697266,3627144
2022-09-16,22.86000789277098,23.023294918103634,22.206865397412724,22.337493896484375,4739934
2022-09-19,22.076236547210573,22.33749354119849,21.586379216318875,21.814979553222656,3238594
2022-09-20,22.076238689619917,22.3701523692151,22.043582029366586,22.14155387878418,3134269
2022-09-21,22.370154177315705,22.6967264122175,21.814983433506185,21.94561195373535,5381196
2022-09-22,21.88029500923607,22.468124237579744,21.814981688674333,22.206867218017578,2963668
2022-09-23,22.337493449701675,22.337493449701675,21.586379127898706,21.684350967407227,2749351
2022-09-26,21.684353111197545,21.749668300212985,20.443381337822615,20.541351318359375,3955495
2022-09-27,20.606666564941406,20.965895433885855,20.541351375743506,20.606666564941406,2704054
2022-09-28,20.57400877515285,20.639322092107435,20.24743658440745,20.31275177001953,2213499
2022-09-29,20.574008713199515,20.76995240078822,19.920864333675485,20.2474365234375,3703848
2022-09-30,20.116808881455032,20.5086944047319,19.46366634266025,20.084152221679688,7915375
2022-10-03,20.149464657204025,20.44338018825977,20.01883615517619,20.1821231842041,2677309
2022-10-04,20.41072193213688,20.802609312078737,20.378065273360896,20.63932228088379,3747415
2022-10-06,20.8352661939366,21.161838391165567,20.76995287568533,20.96589469909668,3242839
2022-10-07,20.90057945251465,21.031207957301767,20.769952816385057,20.90057945251465,2307825
2022-10-10,20.737294125869255,20.83526597085472,20.508693777122343,20.63932228088379,2108215
2022-10-11,20.639322006972776,20.769952377658104,20.051492813518774,20.1821231842041,2791750
2022-10-12,20.214779695860916,20.312751538835247,19.822894192621074,19.98617935180664,2511388
2022-10-13,20.01883687581536,20.149465382545564,19.790238390530668,19.822895050048828,1578844
2022-10-14,20.18212385056777,20.247437169409423,19.65960795654676,19.757579803466797,1718337
2022-10-17,19.888209334443133,19.986181186410654,19.69226749916574,19.855552673339844,4368778
2022-10-18,19.986178653381096,20.443379325512577,19.92086347079485,20.345407485961914,3794847
2022-10-19,20.47603664413794,21.684351677440862,20.247436300685223,21.325122833251953,17224561
2022-10-20,21.096524229682686,21.423096442785145,20.965895718173226,21.063867568969727,3197070
2022-10-21,20.998551438503103,21.71700915395908,20.998551438503103,21.09652328491211,4948872
2022-10-24,21.227150990535435,21.45575133398815,21.227150990535435,21.325122833251953,1169967
2022-10-25,21.423095644191744,21.749667845120502,21.22715194990298,21.35778045654297,3448432
2022-10-27,21.488409987468266,21.945610716830345,21.292468152497122,21.455753326416016,4778497
2022-10-28,21.553723176704665,21.945608678913256,21.25980951721259,21.325122833251953,3611779
2022-10-31,21.488409839547465,21.521066500374914,21.161839493957707,21.194496154785156,1985841
2022-11-01,21.292465565246825,22.043579890126438,21.227150382421133,21.814979553222656,7294548
2022-11-02,21.8802955260682,21.8802955260682,21.39043813565387,21.455753326416016,3317110
2022-11-03,21.32512483052232,21.847638882404773,21.161839656473465,21.521066665649414,3312906
2022-11-04,21.61903797144288,22.468124218632692,21.553724650936218,22.14155387878418,10231566
2022-11-07,22.33749387238762,22.533437555112446,22.174208715888565,22.272180557250977,5705608
2022-11-09,22.37015157949893,22.99063744569569,22.206866415339004,22.435466766357422,8644432
2022-11-10,22.40281179947229,22.729384021117585,21.684354033047242,22.043582916259766,3999952
2022-11-11,22.239524216153946,22.99063669420101,21.91295202985122,22.729381561279297,8744317
2022-11-14,22.72938230423433,22.925324127494736,22.337494920398452,22.435466766357422,4531600
2022-11-15,22.92532533740029,23.31721087326076,22.696724974317274,22.860010147094727,13267717
2022-11-16,22.92532401345395,24.46020940743164,22.72938219116825,23.709096908569336,43782336
2022-11-17,23.643782362779238,25.407268154428426,23.643782362779238,24.819438934326172,59708421
2022-11-18,24.982726922098603,25.276640609013175,24.231612505621232,24.78678321838379,20286010
2022-11-21,24.721469617364157,24.754126278062337,24.231612232260925,24.32958221435547,8541972
2022-11-22,24.460209973493335,25.015382531575344,24.231611486979343,24.623497009277344,9911868
2022-11-23,25.080696553699113,27.43201144683958,24.982724710514617,27.203411102294922,103898532
2022-11-24,27.432012007017452,27.791240860257943,26.386982106138515,26.58292579650879,25211668
2022-11-25,26.746212081920493,27.529985007639112,26.2890113643061,26.876840591430664,22028776
2022-11-28,26.94215481392178,27.6606125247807,26.68089780427445,26.84418296813965,16126029
2022-11-29,27.334039432287682,28.313754120675465,26.713553587552582,26.942153930664062,46633519
2022-11-30,27.040126331358913,28.57501171156342,26.811525983528984,27.791240692138672,57951918
2022-12-01,28.05249851231262,28.313755526365632,27.46466929636456,27.562641143798828,14207316
2022-12-02,27.595297024691355,28.215782882722433,27.399353335352064,27.85655403137207,13356717
2022-12-05,28.052498571955237,28.346412246225377,27.497326014419052,27.62795639038086,14135232
2022-12-06,27.693268764870737,27.954525770565695,27.46466841772327,27.660612106323242,7483381
2022-12-07,27.725925864655796,27.82389771051493,26.811526330171446,26.909496307373047,8162913
2022-12-08,26.77886872334943,27.138099460072414,26.615583553740656,26.811527252197266,6708204
2022-12-09,27.007467737216757,27.62795546188095,25.864467869553387,26.2563533782959,11418576
2022-12-12,26.25635432209154,26.582926525444496,25.831812139524516,26.223697662353516,7824652
2022-12-13,26.256354778276062,27.595298406031475,26.223698117970656,27.007469177246094,19693135
2022-12-14,27.268724832011706,28.575011734072795,27.170754855999572,27.85655403137207,26342545
2022-12-15,27.88921009242344,28.085153777563985,26.77886690349445,26.942153930664062,12340797
2022-12-16,26.909495168936697,27.2360673517653,26.22369601425132,26.615581512451172,10252272
2022-12-19,26.746213093847555,27.203413828759867,26.45229940349402,26.97481346130371,8644123
2022-12-20,27.334040551550814,27.954526421693313,27.007468352496716,27.17075538635254,20162976
2022-12-21,27.366694972899822,27.562638650040157,25.276637180918325,25.439922332763672,14743405
2022-12-22,25.733839006483734,25.864467507569707,24.16629512479459,24.264266967773438,13385830
2022-12-23,23.839722544419796,24.068322884712945,22.07623687452615,22.272180557250977,16219932
2022-12-26,22.468123410277542,24.100982525403715,22.174209741256746,23.905038833618164,12537045
2022-12-27,24.26426894918445,24.754126335422786,23.77441156294612,24.3948974609375,10335034
2022-12-28,24.39489766273748,24.884755053028023,24.06832544632457,24.72146987915039,7011391
2022-12-29,24.688811252321017,24.982724915630136,24.3948957203544,24.656152725219727,6079018
2022-12-30,24.917409251345397,25.799152092989278,24.819437409238866,25.34195327758789,10750003
2023-01-02,25.47258159242494,26.713553267004137,25.276637909635618,26.484952926635742,15334185
2023-01-03,26.452297453668656,27.007468132004846,26.256353762104393,26.84418296813965,10440742
2023-01-04,26.615584087130006,26.974812962394516,25.929782997445685,26.1257266998291,9469585
2023-01-05,26.256353210827026,26.35432505455214,25.570554042066185,25.99509620666504,6385383
2023-01-06,26.027754315459685,26.027754315459685,25.113354749936335,25.211326599121094,6857113
2023-01-09,25.407268599746143,25.73384080967297,25.080698258476925,25.53789710998535,5601412
2023-01-10,25.5378950302078,25.570553556601137,25.080696215933134,25.27663803100586,3116824
2023-01-11,25.374611939350743,25.63586895982916,25.276640089506934,25.53789710998535,3989130
2023-01-12,25.570553556601137,25.733838713937985,25.211324715534104,25.27663803100586,8259048
2023-01-13,25.341954480586875,25.962440351839838,25.243982633829553,25.766496658325195,10022995
2023-01-16,25.701184299856024,25.962441321865096,25.668527639269296,25.79915428161621,4678594
2023-01-17,25.603211191105093,25.70118303670783,24.721468317995498,25.309295654296875,9037234
2023-01-18,25.309294688741737,25.701182056202107,25.11335287366901,25.27663803100586,9665346
2023-01-19,25.14601032763331,25.47258252130511,24.884753320158875,25.048038482666016,5309964
2023-01-20,25.048039290402468,25.374611494605407,24.72146895485711,24.819438934326172,6321051
2023-01-23,25.015383377015983,25.015383377015983,24.3622408177785,24.4602108001709,4756276
2023-01-24,24.65615286850078,25.439923887651393,24.558181023942577,24.852096557617188,13552852
2023-01-25,24.8520971232793,24.8520971232793,24.100982745666034,24.231611251831055,6624796
2023-01-27,24.231612614351683,24.460211111501188,22.990638933018868,23.317211151123047,8137930
2023-01-30,23.186581756527072,23.90503948786041,22.957981399406684,23.41518211364746,6544629
2023-01-31,23.513153318704596,24.166295843560544,23.382524813733404,23.905038833618164,7801549
2023-02-01,24.16629650495297,24.68881240779568,22.99063805937886,23.41518211364746,9223854
2023-02-02,23.41518255261231,23.839724746182227,22.10889557400293,22.53343963623047,8750950
2023-02-03,22.729381584380253,23.023295244291194,21.978265368254842,22.794694900512695,10683105
2023-02-06,22.925323401435055,23.12126708714733,22.631409741524113,22.794694900512695,5210152
2023-02-07,22.860009921644043,23.055953621970655,22.402811068644645,22.468124389648438,5958219
2023-02-08,22.59875129848418,23.055951987734204,22.500779455265253,22.925323486328125,4283307
2023-02-09,23.055951902357414,23.12126708714733,22.664066399590336,22.794694900512695,4449952
2023-02-10,22.762038242446472,23.25189558806969,22.664066399590336,22.794694900512695,4325653
2023-02-13,22.92532337813495,22.95798003616798,22.5660945337992,22.729381561279297,3181590
2023-02-14,22.827351473074227,22.827351473074227,22.40280931383114,22.664066314697266,3160189
2023-02-15,22.664067138560913,23.08860931323657,22.37015160040927,22.50078010559082,5485360
2023-02-16,22.566096296814855,22.79469665822082,22.402811125235292,22.53343963623047,2376669
2023-02-17,22.468124237579744,22.664067936580167,22.076238708236495,22.206867218017578,3792577
2023-02-20,22.33749354119849,22.435465381108312,21.651694399144564,21.814979553222656,3937248
2023-02-21,21.912951367879174,22.010921339018672,21.68435103123884,21.749666213989258,3019972
2023-02-22,21.61903744927031,21.74966782444367,21.22715192972289,21.29246711730957,3391411
2023-02-23,21.29246554070859,21.814979528082258,21.096521861114756,21.749666213989258,4087663
2023-02-24,21.880294623304177,22.043581659143623,21.390437253100984,21.55372428894043,3343576
2023-02-27,22.07623743910913,22.14155262457361,21.423094927751833,21.717008590698242,8647558
2023-02-28,21.71700768828534,21.88029284217526,21.619035848488423,21.749666213989258,3088909
2023-03-01,21.782325902267747,22.20686810892386,21.68435404883705,22.108896255493164,3628803
2023-03-02,22.206866248473055,24.10098236058866,22.174209589617966,23.643781661987305,25076928
2023-03-03,23.839723232363554,23.872381759531752,23.18658071886212,23.251895904541016,6078094
2023-03-06,23.349867867756785,23.48049638157697,23.251897883884894,23.382526397705078,3525610
2023-03-08,23.970351033235453,24.03566621700198,23.57846553660862,23.676437377929688,11394012
2023-03-09,23.70909628276925,24.754124290462947,23.643781097959653,24.19895362854004,14818759
2023-03-10,24.46020901501487,25.1786685807279,24.264267195872677,24.590839385986328,21686170
2023-03-13,24.65615411924085,24.9500677991674,23.611126040695254,23.80706787109375,9048178
2023-03-14,23.807067540283597,23.905039388450284,23.05595315210163,23.219240188598633,6440349
2023-03-15,24.231611693554907,24.29692501349925,23.317210265073353,23.41518211364746,11993130
2023-03-16,23.186581443482314,23.317209950264964,22.696724075882987,22.892667770385742,5273430
2023-03-17,23.12126719575497,23.41518085704651,22.860008324025564,22.990636825561523,5506935
2023-03-20,22.86000789277098,22.957979734239082,22.239523923673723,22.337493896484375,6766578
2023-03-21,22.468124218632692,22.598752728303616,22.076238689619917,22.14155387878418,4735009
2023-03-22,22.206866313700054,22.4681233226232,22.043581150287473,22.239524841308594,6530830
2023-03-23,22.402811815785252,22.66406884582866,22.043582932311153,22.108896255493164,7905978
2023-03-24,22.23952329332677,22.37014992003855,21.259808643729247,21.423093795776367,7758040
2023-03-27,21.58638050414018,21.717009008927302,20.70463762966273,20.90057945251465,8007883
2023-03-28,20.900579097240755,20.965894282852837,20.21477992593016,20.31275177001953,10085763
2023-03-29,20.508692622824263,24.035665763188476,20.508692622824263,23.02329444885254,43782847
2023-03-31,22.990637905930402,23.611125653205843,22.598752382907158,23.1539249420166,15010779
2023-04-03,23.153926916367467,23.578469135345923,23.055955060093137,23.284555435180664,6032257
2023-04-05,24.166295039950477,24.65615238446743,23.80706619606088,24.133638381958008,27575293
2023-04-06,24.03566779150156,24.81943883609756,23.676438928897333,24.623497009277344,12370321
2023-04-10,24.623496850830687,24.75412535742279,24.264267990538016,24.362239837646484,4946698
2023-04-11,24.362241018545227,25.341955799803994,23.9703536111156,24.78678321838379,20990170
2023-04-12,24.59084044690745,25.080697818883067,24.492868598780813,24.819438934326172,7661313
2023-04-13,24.6888114175566,25.211325430784303,24.623496231574382,24.917409896850586,5262561
2023-04-17,24.852096822579973,26.027753363840255,24.62349647239276,25.309295654296875,20130867
2023-04-18,25.341953995562413,25.407267313045548,24.75412479492661,24.982725143432617,5103768
2023-04-19,24.982726029264285,25.439924873830034,24.721469012753122,24.884754180908203,8328676
2023-04-20,25.341953363039956,25.733838864130053,25.178668204750117,25.47258186340332,14134516
2023-04-21,25.472583402387116,25.472583402387116,24.75412567265262,24.884754180908203,6024222
2023-04-24,24.88475412262979,25.080697818883067,24.68881229503409,24.819438934326172,8530155
2023-04-25,24.884753481561713,25.70118303670783,24.786781635958974,25.309295654296875,9562726
2023-04-26,25.276639055044658,25.995096766285776,25.17866907786794,25.374610900878906,9373891
2023-04-27,25.374610840917878,25.603211191105093,25.243982336333403,25.309295654296875,4153545
2023-04-28,25.341955391768803,26.256354967513847,25.341955391768803,25.668527603149414,10394623
2023-05-02,25.79915359164289,26.5176113172822,25.79915359164289,26.158384323120117,15644386
2023-05-03,26.02775224589895,27.072782106346267,25.897123746925214,26.484952926635742,19676644
2023-05-04,26.550270383204992,27.366698104514235,26.321670023267973,27.072784423828125,20381466
2023-05-05,27.23606936265658,27.529984909499905,26.51761162858301,26.680898666381836,13813881
2023-05-08,26.876838914565763,28.08515395364041,26.7462104132056,27.203411102294922,35919451
2023-05-09,27.301383356040848,27.562640362689994,26.28901011945352,26.386981964111328,10520214
2023-05-10,26.48495592343807,26.876841464701556,25.570556327156595,26.71355628967285,13467993
2023-05-11,26.844184063891102,27.366698104514235,26.550270383204992,27.072784423828125,12069357
2023-05-12,27.236070490208554,27.432014196216024,26.84418494685129,26.97481346130371,9448746
2023-05-15,26.974811472963314,27.040126659703912,26.289010421145928,26.84418296813965,7116745
2023-05-16,26.8441832076189,27.856554596198134,26.811526548286036,27.236068725585938,22132935
2023-05-17,27.334042398837394,27.92187164939837,26.942156854682636,27.040128707885742,12358411
2023-05-18,27.268726042165216,27.49732640032023,26.550270176237788,26.746212005615234,8114338
2023-05-19,26.90949606111955,26.90949606111955,26.158383566159834,26.517610549926758,7084971
2023-05-22,26.582925569910078,26.615582228474246,26.125724875381728,26.2563533782959,4038837
2023-05-23,26.354326189769623,26.582926545422733,26.191041022299213,26.289011001586914,4521937
2023-05-24,26.15838288061922,28.379067385846906,26.060411038224224,28.281097412109375,59075245
2023-05-25,28.411727554754588,28.672984570471552,27.6279565076037,27.889211654663086,17954737
2023-05-26,27.954524576077382,28.085153073343147,27.301382089748564,27.366695404052734,8678551
2023-05-29,27.595296837405964,27.856553842313566,27.040126169141686,27.529983520507812,10499389
2023-05-30,28.346410403327567,28.86892439857408,27.66061125173088,27.823896408081055,38208063
2023-05-31,27.85655392626571,27.921869112018204,27.366696573423287,27.660612106323242,8564841
2023-06-01,27.660613377426504,28.411727770480255,27.660613377426504,28.215784072875977,16831465
2023-06-02,28.411727042317573,29.19549807533228,28.15047003131267,28.57501220703125,33083815
2023-06-05,28.738298921557366,28.93424262470676,27.791242672755686,27.921871185302734,11803050
2023-06-06,28.052496660033377,28.117811843562713,27.36669564193382,27.693267822265625,10869132
2023-06-07,27.6932688475462,28.24843951914102,27.660612188901215,27.791240692138672,11344987
2023-06-08,27.889211234419474,28.085154927583442,26.97481169318857,27.17075538635254,12102918
2023-06-09,27.301384841284495,27.725927033020827,27.04012782042251,27.138099670410156,7390641
2023-06-12,27.138097869793434,27.725925193401675,27.00746749937217,27.33403968811035,10680018
2023-06-13,27.497325797248013,27.725926150389355,27.17075546589542,27.30138397216797,7871617
2023-06-14,27.399354822614534,27.562641862146485,27.00746929132155,27.138099670410156,5310160
2023-06-15,27.138099460072414,27.52998498832803,26.71355540296896,26.811527252197266,8622319
2023-06-16,27.007468153232182,27.203411844950452,26.77886780244671,26.909496307373047,5065015
2023-06-19,27.007469100940835,27.23606945974803,26.648242101281067,26.876840591430664,6942667
2023-06-20,26.87683962718118,27.105439977786975,26.550269299450786,26.84418296813965,7169569
2023-06-21,26.942155684470844,27.399354531797808,26.55027015733733,26.680898666381836,12528415
2023-06-22,26.680896546037943,26.84418170220282,26.289009181390316,26.41963768005371,5827189
2023-06-23,26.419638308894694,26.484953494109746,25.831810985246662,25.929780960083008,6152473
2023-06-26,25.929780960083008,25.99509614529806,25.505238796486378,25.929780960083008,6100998
2023-06-27,26.060411307665493,26.223696467573735,25.76649577744167,25.86446762084961,4412409
2023-06-28,25.995094624442146,26.093066462204092,24.950064802743714,25.113351821899414,17284786
2023-06-30,25.211325112559148,25.995096122507704,25.14600992740136,25.86446762084961,14523754
2023-07-03,26.125726456693126,26.22369830697307,25.570555752869467,25.668527603149414,15550140
2023-07-04,25.70118270807505,26.582925569910078,25.407267175025037,26.2563533782959,16443058
2023-07-05,26.354324427662007,26.713553267004137,26.256352586267344,26.484952926635742,8637810
2023-07-06,26.550268022963973,27.007466833536775,26.256352499748484,26.354324340820312,10870609
2023-07-07,26.354326169963183,26.648241713578113,25.86446879926254,26.223697662353516,7569474
2023-07-10,26.19104044402133,27.562640678998566,26.12572525728073,26.84418296813965,23051683
2023-07-11,26.94215591367234,27.23606959435845,26.81152740351656,27.072784423828125,9324154
2023-07-12,27.236068316647174,27.562640511045128,26.452297292481113,26.58292579650879,18751497
2023-07-13,26.713554300536465,26.97481130859182,26.25635360211084,26.58292579650879,11745109
2023-07-14,26.68089876149421,27.170756139321746,26.615583572410323,26.876840591430664,13214821
2023-07-17,26.942155970434857,27.203412991296847,26.713555610016215,27.138099670410156,9879742
2023-07-18,27.203411102294922,27.334039603655086,27.00746741592593,27.203411102294922,8735053
2023-07-19,27.1707563308535,27.660613712134136,27.00746929132155,27.138099670410156,14235339
2023-07-20,27.170757167311177,27.33404234321229,26.876841608299976,26.97481346130371,7546129
2023-07-21,27.072785369400886,27.432014252040503,26.942156854682636,27.040128707885742,8189467
2023-07-24,27.0727826845828,27.725925193401675,27.04012602630623,27.33403968811035,14879670
2023-07-25,27.4973271180316,28.575013748037968,27.36669860548455,27.921871185302734,30518185
2023-07-26,27.791242672755686,28.41172857451857,27.36669860548455,27.921871185302734,22508554
2023-07-27,28.08515637617135,28.575013765689793,27.72592749928065,27.987184524536133,16544188
2023-07-28,28.085154625377093,28.640327170929446,28.052497966420344,28.24843978881836,20975938
2023-07-31,28.379067662488197,30.37115558174733,28.24843916090731,30.142555236816406,67618972
2023-08-01,30.338496733780175,30.338496733780175,29.260812074307594,29.685354232788086,22238860
2023-08-02,29.3914419917737,30.53444189079016,28.313755411677153,28.90158462524414,27396061
2023-08-03,28.803612618666193,29.58738552196678,28.313755254849905,28.64032745361328,16432258
2023-08-04,28.836268879796076,31.416184169029854,28.836268879796076,30.991641998291016,76671700
2023-08-07,31.25290020994097,31.938699415033902,30.371157307017153,31.41618537902832,40919418
2023-08-08,31.546814830646507,32.42855583902967,30.861013777027328,31.5141544342041,33465598
2023-08-09,31.644784129403966,32.23261519303507,31.122270119941867,31.873384475708008,21876988
2023-08-10,31.808071633246765,32.004011586731096,30.95898542087864,31.122270584106445,14765065
2023-08-11,32.265270873733186,33.44092549073976,31.612126513040188,31.840726852416992,68879868
2023-08-14,31.97135384773781,31.97135384773781,30.43646850673949,30.958984375,20857447
2023-08-16,30.958987605833187,32.526531636886325,30.599758726453143,31.644786834716797,23107651
2023-08-17,31.677440277664562,31.971353936089127,30.893669276094077,31.08961296081543,13295659
2023-08-18,31.089613782846694,31.612127797709324,30.730384930464258,30.926326751708984,11760831
2023-08-21,30.926326811977145,31.677441176970298,30.730384990350572,30.991641998291016,10417626
2023-08-22,31.122270133154558,33.571556889369845,31.089613474713687,33.34295654296875,85808199
2023-08-23,33.767500407083546,34.02875741060833,32.820442367813115,33.08169937133789,46704640
2023-08-24,33.310300687311404,33.6368710169055,32.7877866650348,33.114356994628906,17432170
2023-08-25,32.885759896217486,33.14701693320282,31.644788036208265,32.069332122802734,15952273
2023-08-28,32.297932189799425,33.571560700140324,32.004014755838476,33.21233367919922,21932815
2023-08-29,33.63687117865437,33.96344150981884,33.08170049448023,33.375614166259766,23287614
2023-08-30,33.50624562227616,34.29001668475026,33.310301922328826,33.538902282714844,29957388
2023-08-31,33.702187427723494,34.224701440000835,33.3756133670639,33.60421371459961,14136358
2023-09-01,33.96065407450387,35.18178574389683,33.89464797803851,34.81874465942383,35149191
2023-09-04,35.08277395295937,38.0860964390784,34.88475190154303,36.96397399902344,80946138
2023-09-05,37.19499880079772,40.36334026742829,36.33690828741676,39.373233795166016,125678907
2023-09-06,40.69337193875113,41.980513293269716,38.944184199611236,39.47224044799805,126720097
2023-09-07,39.47224171334153,40.13231393346278,38.614151226444605,38.91118240356445,37653733
2023-09-08,38.94418495200413,39.86828529301256,38.44913173745765,39.34022903442383,30560260
2023-09-11,39.60426043145653,40.528360848712275,39.40623837390793,39.7692756652832,33577183
2023-09-12,40.000304496770006,40.03330754349427,35.907862494699806,36.10588455200195,44286481
2023-09-13,36.27090134118124,37.624048976648155,35.34680466240028,37.1619987487793,29816404
2023-09-14,38.94418673381961,41.914506156999664,38.08609621859173,40.03330612182617,177127098
2023-09-15,40.429347577252116,40.92440082830809,39.373234982187796,39.83528518676758,38230165
2023-09-18,39.9342948013093,40.00030467200359,38.58115099490386,38.74616622924805,22419694
2023-09-20,39.241215512731195,40.396340920958636,38.94418434403163,39.10920333862305,40917372
2023-09-21,39.109209203211066,39.670268581216334,37.42602729223847,37.75606155395508,26712808
2023-09-22,38.21810763660999,39.274220180990326,37.55803918485047,38.48213577270508,46197421
2023-09-25,38.48213632323771,38.64715532701658,37.8880739527641,38.05309295654297,15267837
2023-09-26,38.05309368922774,38.4821370641834,37.723055675315365,37.921077728271484,21414324
2023-09-27,37.855072632919565,39.109207298718495,37.42602546971144,38.74616622924805,28325142
2023-09-28,40.231326192042665,40.561364216219,38.28411620183749,38.38312911987305,40518357
2023-09-29,38.64715404524647,39.1092042189378,38.15210082728523,38.61415100097656,15916612
2023-10-03,38.61415172923081,39.175211046313315,38.21810763660999,38.48213577270508,15736170
2023-10-04,38.51514314555864,39.10920551603225,37.52503667679833,38.05309295654297,18825472
2023-10-05,38.218107798426296,38.614151892723974,37.954079661213314,38.11909866333008,14392522
2023-10-06,38.28411669140992,40.82539289145603,38.020092311823156,40.29733657836914,63233376
2023-10-09,39.40623807647181,39.50525099297707,37.98708441453455,38.152103424072266,30255951
2023-10-10,38.54814576449453,41.650477317914685,38.35012371754175,40.82538986206055,88867260
2023-10-11,41.155424909548366,42.67358767152746,41.05641577257617,41.35344696044922,83380914
2023-10-12,41.51846943166765,43.13564146562096,41.05641919997904,42.07952880859375,72392391
2023-10-13,41.9805167637588,42.90461338635179,41.419453648628576,41.58447265625,32818482
2023-10-16,42.21153812205227,43.696697861019665,42.079525937409755,42.24454116821289,49761115
2023-10-17,42.739595606895804,43.20164581994805,41.71648603954726,42.70659255981445,38175690
2023-10-18,42.90461500903343,44.521790769407765,42.31055260225891,42.640586853027344,79187581
2023-10-19,43.96072926771298,47.78913923171281,43.33366006715906,46.70001983642578,262707238
2023-10-20,47.69012917429605,49.07627984153217,44.8848285690306,45.21486282348633,238158241
2023-10-23,45.412880922942875,45.874931105023485,40.726376789354944,41.18842697143555,116939676
2023-10-25,41.61747931339992,43.10263917998575,40.39634761574333,41.947513580322266,103287708
2023-10-26,41.58447345248702,42.57457996326052,40.09931368632677,42.11252975463867,77019291
2023-10-27,42.57458016880437,43.30065853200744,41.91450789944977,42.40956115722656,48669676
2023-10-30,42.57457902243409,45.18185742881099,41.683481671647044,44.29076385498047,82824481
2023-10-31,44.52178689665634,44.65379907469789,43.06963027646117,43.300655364990234,39692854
2023-11-01,43.5646841057618,44.653799697623285,43.30065596903913,43.531681060791016,35898247
2023-11-02,44.158748869200274,45.11585233319771,43.53168342676123,44.45578384399414,29043700
2023-11-03,45.148850843173385,45.148850843173385,44.09273834500602,44.22475051879883,26512872
2023-11-06,44.65380173669259,44.95083670890624,44.224754578567605,44.52178955078125,18084499
2023-11-07,44.58779716788196,45.445891513464176,43.960731709454976,44.91783142089844,29634207
2023-11-08,45.11585274329895,45.47889381492188,44.62079948341796,45.04984664916992,19900228
2023-11-09,45.148850843173385,45.21485693006979,43.828710220464174,44.22475051879883,17648554
2023-11-10,43.59768788262492,43.86171602377994,42.6735875001041,43.39966583251953,26835183
2023-11-13,44.15874965083881,46.43599768746533,43.76270930569781,44.98384094238281,45450697
2023-11-15,45.54490030122394,45.80892845697016,44.81882192868268,44.98384094238281,14255292
2023-11-16,45.14885573493154,45.14885573493154,44.25776213441379,44.389774322509766,14825616
2023-11-17,44.35676822850908,44.85182145377583,43.82871195848541,44.25775909423828,15538684
2023-11-20,44.521789937523174,45.44589035475609,44.224754962729314,44.45578384399414,14714959
2023-11-21,44.65380419828891,45.14885747665999,43.960732630134814,44.42277908325195,21355830
2023-11-22,44.58779360768172,44.6207966526525,43.43266814892226,43.531681060791016,12794328
2023-11-23,43.63069148925546,43.92772267975523,42.83860705560391,42.97062301635742,10422708
2023-11-24,42.970624285808455,43.2676554850832,42.27754896952962,42.40956115722656,12831351
2023-11-28,42.57457942330359,45.14885480788351,42.112529220541745,44.88482666015625,49349548
2023-11-29,45.21486099842036,46.56800856328774,45.1818579520026,46.2049674987793,63398823
2023-11-30,46.402989536526945,50.49543149902789,46.27097735090632,50.23140335083008,162324333
2023-12-01,50.82546545568553,51.485537710965474,49.04327452108188,49.27429962158203,64945312
2023-12-04,50.825467755845594,52.47564658024776,50.42942740631963,51.88158416748047,74179678
2023-12-05,51.81557230893338,51.9145852252371,50.09938745488673,50.891475677490234,34052143
2023-12-06,51.22151203613265,52.0135965145197,50.95748387667031,51.5185432434082,24254743
2023-12-07,51.78256575792551,53.76277862650359,50.59443728138741,53.53175354003906,63154572
2023-12-08,53.795786569680516,54.52186493941054,51.089495151042534,52.01359558105469,40356891
2023-12-11,52.27762132118535,54.653878380903244,52.046596224352875,52.772674560546875,41133766
2023-12-12,53.102709008964645,54.22483145196299,52.574652721773596,53.069705963134766,40147117
2023-12-13,53.20172269699519,53.43274779812008,52.508647393620535,52.93769454956055,16703028
2023-12-14,55.247940750734415,55.94101604114879,54.25783427213001,54.45585632324219,76028607
2023-12-15,54.95091108421618,56.70009899305779,53.82878861481161,54.191829681396484,52369857
2023-12-18,54.25783695121824,55.24794347871111,53.333736518369776,54.65388107299805,26843452
2023-12-19,54.78589094452341,55.214938095474224,54.125818695134186,54.38985061645508,14648830
2023-12-20,54.686883603898906,54.752889697920004,48.185181364991266,49.736351013183594,37826349
2023-12-21,48.81224942095308,51.88158181991945,47.85514597272467,51.617549896240234,39265756
2023-12-22,51.91458795709446,52.04660014983744,50.693456289438146,51.749568939208984,15326679
2023-12-26,51.81557160171903,52.2446187536139,51.48553736477648,51.68355941772461,9276162
2023-12-27,52.07959927004945,53.72977799357334,51.947587087263166,52.772674560546875,38630886
2023-12-28,53.06970632369618,55.87501056177335,52.50864698686336,54.68688201904297,100184920
2023-12-29,54.98391037983571,54.98391037983571,53.56475681083014,53.82878494262695,26330947
2024-01-01,54.09281578439975,54.85190095042058,53.86179446234047,54.02680969238281,15241587
2024-01-02,54.224830705881466,54.25783375125725,52.1456048545988,53.20172119140625,20800195
2024-01-03,53.20172028152919,58.44928372261894,52.64065718886699,58.08624267578125,188962468
2024-01-04,58.48228831625373,59.30737956621458,57.36016965512429,57.82221984863281,74899966
2024-01-05,58.05324108506825,59.04334756203434,56.60108441525713,57.162147521972656,32486044
2024-01-08,57.45917879827584,57.98723508321118,55.77599702944666,56.1390380859375,23156596
2024-01-09,56.502074710061336,61.05656294751502,56.04002452186347,60.2974853515625,143824681
2024-01-10,60.2974867179015,61.81564949812091,59.34038327451176,61.05656433105469,94315192
2024-01-11,61.41960405211687,61.78264510470579,60.594516587892905,60.95755386352539,28167439
2024-01-12,61.25458673801974,62.27770005638131,60.09946501163679,60.33049011230469,66959160
2024-01-15,60.660521089075495,60.89154617731769,59.4723926033951,60.56150817871094,42770850
2024-01-16,60.825544828311344,61.35360113488423,58.350278530653064,59.40639114379883,45491853
2024-01-17,58.71331398069583,60.52850794963882,57.42617630173784,58.05324172973633,39234153
2024-01-18,58.053242643865644,59.14236206394636,55.842008311093196,57.558189392089844,35530404
2024-01-19,58.05324000224452,63.30080725385102,58.020236957222096,62.40970993041992,162829722
2024-01-23,68.64738979646579,72.27777795187654,64.02688753985555,65.08300018310547,186775914
2024-01-24,65.64406672356883,69.90152031970666,63.69685668834151,69.47247314453125,133655227
2024-01-25,70.09954307284315,78.81247572201006,68.97741683568755,75.71014404296875,345517897
2024-01-29,77.22830287988326,84.78611341229852,77.03028461201275,83.82901000976562,191521422
2024-01-30,86.70032987915384,89.9676845405167,81.61778489829031,83.86202239990234,149753167
2024-01-31,84.22506208044656,86.20527516244425,82.21184595067646,85.44619750976562,90637747
2024-02-01,86.46930668757389,95.7102959903678,85.677218436974,93.49906158447266,254158333
2024-02-02,99.0106441927732,112.17906289197711,99.0106441927732,111.32096862792969,358171509
2024-02-05,115.1493861257445,116.73355497581048,106.46944916510243,109.63778686523438,164052258
2024-02-06,110.69391510637364,110.69391510637364,99.76973247463772,103.92818450927734,73660180
2024-02-07,105.84238921676545,108.81270879691465,101.41991289383799,104.32422637939453,50816668
2024-02-08,104.95128631519349,105.2153106796857,101.1888786898761,101.58492279052734,32226153
2024-02-09,102.07997736927898,102.07997736927898,92.17891249245439,97.65750122070312,53180316
2024-02-12,96.86541446289299,96.86541446289299,87.88844299316406,87.88844299316406,40895007
2024-02-13,82.07982807023785,87.65742585021088,79.70357102576779,82.11283111572266,86484798
2024-02-14,83.76300573369565,86.20526885986328,83.16894336331171,86.20526885986328,11595793
2024-02-15,90.49573516845703,90.49573516845703,90.49573516845703,90.49573516845703,1992426
2024-02-16,90.7597651833939,95.01722639895063,88.18548964664699,88.8455581665039,57440197
2024-02-19,90.0996905154636,93.26802825927734,89.0105748881472,93.26802825927734,12508702
2024-02-20,94.39016109113957,97.2944671158966,93.730085016224,94.12612915039062,41847199
2024-02-21,95.24823760558426,96.13933492264992,91.08979353116156,91.88188171386719,20995909
2024-02-22,95.6772898720105,96.4693780971885,94.06011792901137,96.37036895751953,44176891
2024-02-23,97.22845789251117,97.55849591935558,93.86210174513408,94.65418243408203,18920620
2024-02-26,95.24823956893819,95.31424565987213,91.48583950831387,92.2119140625,14391678
2024-02-27,92.3439255496437,93.10301069749893,91.08979472350833,91.32081604003906,9485179
2024-02-28,91.32081814333726,91.98089417073932,86.76632981304559,87.26138305664062,16314007
2024-02-29,87.1293764556314,89.76965807267936,84.918134463799,89.27460479736328,22817221
2024-03-01,90.95777974471584,92.04689531125595,87.26137836262501,87.75643157958984,15257412
2024-03-04,89.07657826720268,89.27459653744253,87.12936839419281,87.36038970947266,9489282
2024-03-05,88.6805352109306,90.06668578057473,87.32738768671278,87.5254135131836,11336502
2024-03-06,87.75644358624335,87.75644358624335,83.16895182909485,84.02704620361328,19782102
2024-03-07,84.2910705933644,85.80923349617427,83.8290203573863,84.02704620361328,7922532
2024-03-11,84.12605423457629,84.42308166910884,79.83558997277315,79.90159606933594,22885924
2024-03-12,79.86858561567887,80.1986236218054,76.3042038543812,76.83226013183594,20539009
2024-03-13,76.40321169229446,79.70356903576278,73.00384521484375,73.00384521484375,15586452
2024-03-14,69.96752550469259,76.63424682617188,69.3734630983017,76.63424682617188,33107566
2024-03-15,75.87515262496035,78.15240039211656,72.8058242612503,73.82893371582031,26993185
2024-03-18,73.59791564941406,75.84215291794226,71.9477331890004,73.59791564941406,19068784
2024-03-19,73.86194234796831,74.65403055836731,71.71671414618113,72.17876434326172,11294164
2024-03-20,72.67381758628284,74.19198036128674,70.23155441711778,72.17876434326172,13135987
2024-03-21,73.8949496225386,75.77615356445312,73.59792219207638,75.77615356445312,14926437
2024-03-22,75.3801027918237,77.42632179250941,74.38999633640074,75.941162109375,17335779
2024-03-26,76.70025401149583,77.72336360202593,75.1490881017861,75.77615356445312,13419940
2024-03-27,76.50222578294455,78.5154494072556,74.29099143175212,74.85205078125,18330669
2024-03-28,75.57813130780396,78.58145382598914,75.51211766169955,78.48243713378906,19599079
2024-04-01,79.80257867351501,82.3768539428711,79.47254067091094,82.3768539428711,10222204
2024-04-02,83.69700098666698,86.46930216484965,82.64088841038205,84.62110137939453,25851046
2024-04-03,84.48909315598664,85.31417689580627,83.39996992885028,84.25806427001953,14407707
2024-04-04,85.11615297107502,85.67721229422676,81.61777729725434,83.56498718261719,15348202
2024-04-05,83.92802060236303,91.71686013657602,82.67388977622767,91.32081604003906,56968839
2024-04-08,92.21191608827914,92.87199211994529,88.77954640691965,89.17559051513672,23038594
2024-04-09,89.67064653213049,93.43305434555535,88.38350502913954,90.69375610351562,31709079
2024-04-10,91.0237902589266,91.12279939635111,89.1095833864007,90.03368377685547,11639716
2024-04-12,89.10957855075652,90.49572906121747,87.85544021636446,88.18547821044922,10630602
2024-04-15,82.50887513425086,86.07325692049157,80.85869264598333,83.13594055175781,29369058
2024-04-16,82.40985572358612,84.81911573163887,81.65077814932746,82.93791198730469,11413062
2024-04-18,83.69700266771329,85.01714719154093,82.01382463181142,82.31085205078125,12996007
2024-04-19,80.52865957940772,83.76300325230217,78.4824330581715,81.91480255126953,27743692
2024-04-22,82.97092239620211,83.69699692444065,82.17883422547584,82.64088439941406,9251358
2024-04-23,83.13593647203228,90.23169665085152,82.8389015236249,88.6145248413086,48170127
2024-04-24,89.40661478417762,89.76964827357807,87.12936694473869,87.62442016601562,28913262
2024-04-25,87.7234307588252,88.77954330793008,86.96435316899293,87.36038970947266,13050303
2024-04-26,87.78944299018518,91.41983862984814,86.50230903575945,89.96768188476562,50509681
2024-04-29,91.08980315678221,95.51227961074197,90.85877426494953,93.82909393310547,72959778
2024-04-30,94.65417895669484,94.65417895669484,91.84887471636135,92.24491882324219,21127786
2024-05-02,92.50894685580798,93.5980624384983,90.52873395858458,91.58484649658203,19057068
2024-05-03,92.14591176198941,93.53206239035997,89.76965462105605,91.55184936523438,16195233
2024-05-06,92.21191001185062,92.27791609988506,87.49240673217503,88.18547821044922,16161703
2024-05-07,88.18548953902132,89.10958999804133,83.53199174957791,84.8851318359375,17277948
2024-05-08,84.78612175321128,90.59474882912792,83.6309999691717,89.70365142822266,26722183
2024-05-09,91.08979329892537,91.91488452431409,85.41317896313744,86.1722640991211,21215688
2024-05-10,86.40328799175221,88.02046744611067,83.76300656715617,87.39339447021484,15381604
2024-05-13,87.72343388595282,87.72343388595282,84.22505810961701,85.8092269897461,11754942
2024-05-14,86.53531156752764,90.99079091827538,86.2382765892458,90.396728515625,17797047
2024-05-15,90.75975939409193,90.990788271349,89.01057528417672,89.17559051513672,10324413
2024-05-16,89.86866347667038,92.0138992830321,89.34060717523823,89.93467712402344,14341312
2024-05-17,90.59474754800488,94.65418281259728,90.00068514043997,93.92810821533203,44961517
2024-05-21,96.04032636473394,99.86874001426847,94.48916058871184,98.18555450439453,59635603
2024-05-22,99.0106462512098,100.89185004076535,95.44626449694881,97.75650787353516,33863812
2024-05-23,97.9875345216131,100.82584166416414,96.76639921678466,98.15254974365234,33894519
2024-05-24,98.35058092685722,98.91164026629669,95.21523865975941,96.2053451538086,18609378
2024-05-27,96.70039719814504,98.21855996654446,94.75318728047205,95.74329376220703,16442554
2024-05-28,96.20534254077442,96.30435167670754,90.49573260892316,91.61785125732422,19090447
2024-05-29,95.0502252012169,96.23834999466682,92.87199389525429,93.89510345458984,44905830
2024-05-30,94.12612411188374,94.48916517826261,89.96767981051664,90.66075134277344,19542036
2024-05-31,91.45283779975144,94.39015421272792,89.10958376777752,93.99411010742188,28736523
2024-06-03,102.31100762953872,102.97107611228748,97.03043710580936,99.439697265625,53593824
2024-06-04,99.43969869299787,99.43969869299787,89.50563049316406,89.50563049316406,47218297
2024-06-05,89.4396242912372,89.47262733811282,80.56166871125605,85.84223175048828,64178449
2024-06-06,90.2647046699175,93.07000887380093,89.43962097470875,91.78286743164062,34878309
2024-06-07,92.73997662164388,95.71029623821518,90.8257696393317,95.1162338256836,28762384
2024-06-10,95.94132095953536,96.04033009833866,93.40004862735192,94.3637466430664,24256314
2024-06-11,97.96114342493901,105.28133120691415,97.85553216145578,103.35391998291016,175549021
2024-06-12,104.29121941170617,106.27143239070114,102.3440094787669,104.07339477539062,74847427
2024-06-13,104.93808377893352,105.21531238771594,102.04697463889813,102.43641662597656,37876414
2024-06-14,102.9710757338819,107.39355192604668,100.66082472188147,105.26152038574219,82746901
2024-06-18,105.9413985665622,108.34405667323378,103.8357754400538,104.41663360595703,42661993
2024-06-19,105.47934127322307,107.39354810740001,101.42650840865224,106.3308334350586,57428613
2024-06-20,106.76648603900935,110.23185876534909,105.31432934532994,107.8292007446289,79692765
2024-06-21,108.31765045453157,114.19228324477523,108.25164436303396,109.61798858642578,75084193
2024-06-24,108.91171248059682,110.36386915059897,106.43644628785599,107.59156799316406,34717533
2024-06-25,108.15262950775633,109.17573905116254,104.7928680268877,105.46614074707031,22475595
2024-06-26,105.47934715158544,107.26154190449607,103.96118432847807,104.36383056640625,22485079
2024-06-27,104.62125401037848,107.59157359635685,102.31101047944863,104.41663360595703,31522903
2024-06-28,104.95128940705519,105.37373444581827,102.70704447319139,103.60474395751953,16370133
2024-07-01,103.61794651738643,105.92818995294078,102.83906254555853,103.36711883544922,18291987
2024-07-02,103.82916465049422,107.72358434524197,103.18229288996658,107.11631774902344,41772646
2024-07-03,107.92160597511169,112.4826963776835,106.46944930549152,111.5718002319336,83248330
2024-07-04,113.21537714151113,125.34748298056616,112.6873208384014,123.22205352783203,216957328
2024-07-05,123.81611210857865,128.04716452320307,121.39365530908161,124.49598693847656,117370177
2024-07-08,125.09004940844889,130.03397970239607,122.24514757740236,126.22537231445312,73057750
2024-07-09,126.83264658093032,130.89207409863113,123.16924805959064,125.20226287841797,55332307
2024-07-10,125.54551030020772,126.53561682448724,118.28472660418684,123.77651977539062,39219685
2024-07-11,124.0933548958726,129.04388001660953,122.83921642646825,127.99436950683594,73131990
2024-07-12,128.25180096806443,130.03398056259573,124.68741156334973,125.27487182617188,46663893
2024-07-15,125.74352676255837,126.46960134468924,122.97122551315717,124.15275573730469,26551347
2024-07-16,124.35737957383625,127.98776769262416,122.1131421180481,122.4893798828125,41340081
2024-07-18,122.48937572482588,123.10324447652121,116.43652332293453,117.86888122558594,31610346
2024-07-19,116.37051845238356,119.76328303778799,112.87214260619513,113.43980407714844,37966545
2024-07-22,112.21206685522455,123.26825302930656,111.38697562889148,122.10652923583984,65763505
2024-07-23,122.74019934087119,123.3012586671686,99.10965622203345,117.00418090820312,92121924
2024-07-24,116.76655972133598,121.38705415644034,115.7632489913978,119.56526184082031,33580444
2024-07-25,117.61804800966254,120.13291931726006,114.8523490278918,115.74344635009766,29558314
2024-07-26,116.37051523465531,118.73356807359703,114.41010106724327,115.19558715820312,35797536
2024-07-29,115.84245731250022,124.62140338531718,114.7401374634865,123.82931518554688,77476035
2024-07-30,123.82931656043755,125.63791217866086,121.51906558038397,121.83589935302734,38516814
2024-07-31,122.27815547583165,123.03723311399939,119.01740305164131,119.61146545410156,22297161
2024-08-01,120.59497787376573,122.30455687322873,117.69066439066223,118.47615051269531,24024547
2024-08-02,116.50252460362503,121.12302646591917,115.05697007442151,120.00090026855469,30120447
2024-08-05,114.72034041646059,116.3309102123945,110.00743141879371,110.80611419677734,41287009
2024-08-06,112.21207760073219,115.41341857058076,107.59157535549973,108.113037109375,26369235
2024-08-07,111.38698187424166,113.8622481381137,109.05693203693419,113.07015991210938,21836148
2024-08-08,113.08995972912366,114.45630390831678,110.9975334591182,111.59819793701172,17733897
2024-08-09,112.5289013231951,124.3573693939014,111.91503260091307,121.97451782226562,145791906
2024-08-12,121.42666152030793,124.52239111045999,119.53885552446468,119.98770904541016,59803599
2024-08-13,120.6873797101089,121.09002593418063,113.62462214331924,114.39690399169922,34956403
2024-08-14,115.84245851681484,118.08669584964056,114.35729879224029,114.60152435302734,41584089
2024-08-16,116.5025236467952,122.26494291074864,114.4695088872131,120.65437316894531,35765364
2024-08-19,121.21543462515896,127.62471821449566,120.60816801290733,121.89530944824219,84199500
2024-08-20,122.56858192662224,125.20886332948969,120.13292091611837,121.3936538696289,38491776
2024-08-21,121.25503917889928,121.82930274277747,119.07680041885146,119.9811019897461,19625559
2024-08-22,120.46295667575852,122.56198520467994,119.09661240595621,120.06031799316406,24805288
2024-08-23,120.26494094644934,121.42006271923012,117.22861524651852,117.61805725097656,17377597
2024-08-26,118.87878318319247,119.34083337547776,115.88866495009891,116.1658935546875,14904096
2024-08-27,116.62133736578876,118.35072257523846,116.27810268254574,117.2550048828125,12746905
2024-08-28,123.49928568702965,138.44989294511967,122.90522327322137,129.1824951171875,446049436
2024-08-29,130.03397658834763,135.7633928329266,127.55871044067715,128.59503173828125,174557769
2024-08-30,129.6709425878374,130.95808407615965,122.24515129507584,123.0174331665039,95443672
2024-09-02,125.08345629723615,126.73363126975676,122.77320529257686,123.82271575927734,67436197
2024-09-03,124.34417494625652,124.39038223438673,122.68080322052923,123.2154541015625,18806166
2024-09-04,120.82598848562502,124.48937928482023,120.82598848562502,121.96131134033203,23794719
2024-09-05,122.60819166296125,122.64119470960794,120.0075077745048,120.3969497680664,12885960
2024-09-06,120.54929588236253,120.78774291162863,117.43620417652981,118.37013244628906,19506184
2024-09-09,117.73427005711041,117.89985722106923,114.2568865533139,115.03184509277344,23438521
2024-09-10,115.54848750197131,120.53604557721188,115.51536248956397,119.47627258300781,24638568
2024-09-11,119.68160294882763,119.6882279513517,115.68095797496265,116.383056640625,14743015
2024-09-12,117.24412740614508,121.64218923893075,117.24412740614508,119.44978332519531,34717224
2024-09-13,119.92005380154552,121.47659592016157,118.27740938765535,118.73443603515625,16969612
2024-09-16,118.89339730934444,119.44315883082945,116.58176407822236,116.80696868896484,11986888
2024-09-17,116.44266672424038,119.15834167708677,115.01859438263963,118.01245880126953,15524307
2024-09-18,117.63491979845014,118.86027999318131,115.78031320957577,116.03863525390625,10474980
2024-09-19,116.84008096834273,117.50243718588705,112.077719980153,113.74686431884766,15913452
2024-09-20,114.190650639344,116.8997005813864,113.071260196995,115.29679107666016,15027586
2024-09-23,115.9458987297749,118.23103950004895,114.99210301820938,117.09178161621094,14016858
2024-09-24,117.58192187283277,117.58192187283277,114.98547428552929,115.3961410522461,7796161
2024-09-25,115.39614781470797,115.58160999183262,113.92570798334826,114.12442016601562,7216053
2024-09-26,113.95882150700743,114.45559057648887,111.27627156384536,111.99824523925781,12461667
2024-09-27,112.56787308402093,118.82715875068182,112.24994118584222,117.50906372070312,20615419
2024-09-30,117.89985688266543,119.44315653467206,115.58822369598185,118.76092529296875,17611506
2024-10-01,119.22457336635411,120.35058120456677,117.70114876756809,119.35041809082031,11780326
2024-10-03,115.97901266210354,117.76738430486996,100.84411888275821,112.97853088378906,20916118
2024-10-04,113.72037312077087,115.5286122089291,108.05058382574822,111.94525146484375,19936246
2024-10-07,117.33685601394899,119.0258754460104,110.28273654383099,115.08152770996094,22149030
2024-10-08,114.40591869410778,115.25042459972481,109.66673750666274,114.54501342773438,7673783
2024-10-09,114.90268673966338,116.64137847456504,114.63442719856855,115.40939331054688,5609715
2024-10-10,115.64784424901433,117.23750380149018,113.29315606247235,116.2240982055664,9336602
2024-10-11,116.64138128997587,116.98911812933075,113.01496549648725,113.32295989990234,6953397
2024-10-14,113.33289395427865,113.84953044558128,111.27627033258554,112.48838806152344,4309825
2024-10-15,110.78943649622688,112.54799561136322,109.96479804773107,111.9320068359375,4192713
2024-10-16,111.27627332095643,112.91561279215016,110.80930917545514,112.03136444091797,4194334
2024-10-17,112.03136024453572,112.49832437254582,108.7924238592672,109.5872573852539,3361952
2024-10-18,108.04727452832296,108.8421080856266,105.91116597565214,107.2723159790039,4531607
2024-10-21,107.18289239800745,107.68959897459305,101.34089083183008,101.91714477539062,6793852
2024-10-22,100.50631826204057,100.84411757903251,95.4790103001883,96.02545928955078,15613437
2024-10-23,96.0254656980439,98.94646276494686,92.33943999497743,93.94896697998047,13709569
2024-10-24,93.93903275277641,94.88289093950866,91.107443032391,91.67375946044922,10529971
2024-10-25,91.3955716981027,91.94202070906528,86.89484512086459,87.3419418334961,12734279
2024-10-28,86.99419473081569,93.78999936399153,84.65938168176318,92.70703887939453,17785638
2024-10-29,94.08805628774215,94.73385757733922,90.5908054645293,93.36277770996094,10837160
2024-10-30,92.94549279455883,98.22117770873614,92.44872374184627,96.51229095458984,14376765
2024-10-31,96.17449430631538,97.3667370338761,94.91269663255413,96.56197357177734,7115804
2024-11-01,97.26738903339248,100.24800356405765,96.91965218750049,99.32401275634766,4001836
2024-11-04,100.14864775949499,101.04282602334314,95.82675077712142,97.17796325683594,8543836
2024-11-05,95.89630105097488,97.06867639744158,94.654378335654,96.2341079711914,8850092
2024-11-06,96.91964513116204,101.23159686647593,96.91964513116204,100.78450775146484,9457810
2024-11-07,101.14218236271284,101.14218236271284,98.6583370942778,98.9663314819336,6924509
2024-11-08,98.36027524641993,98.74775451219524,95.88636741567883,96.39306640625,3825063
2024-11-11,95.37966076913008,95.82674989694762,93.3031697095808,93.93903350830078,5097204
2024-11-12,94.08805661438319,95.77707596073876,91.52473403430695,92.85607147216797,5050522
2024-11-13,91.52473767194601,92.66730048742505,87.749289646597,88.93160247802734,9326900
2024-11-14,90.00461801733667,92.20034401511076,88.94153249239511,89.4184341430664,7851055
2024-11-18,89.69662000558374,91.4154442835349,88.44475985551907,89.40849304199219,6470782
2024-11-19,89.60720533856053,91.60421149919833,88.67327708148392,89.23959350585938,6571685
2024-11-21,88.92165993287274,89.41842898277706,86.20929758515375,87.6697998046875,6755138
2024-11-22,87.67974340050505,89.10050328515611,86.6862052316608,88.5540542602539,4919766
2024-11-25,92.39904534344875,95.67772417799594,92.16059831660174,94.14767456054688,13448148
2024-11-26,94.38612263611832,94.6841871080596,93.26342727464899,93.93903350830078,4314123
2024-11-27,93.88935412407128,96.22416723441818,92.99516828306123,95.06172943115234,7343971
2024-11-28,96.7706137316557,99.8505803662372,96.7706137316557,98.121826171875,16617968
2024-11-29,98.36027781391782,99.7313577455202,95.87643241457647,98.578857421875,8521514
2024-12-02,97.12829239169426,98.01254074538947,96.28378647390714,97.60518646240234,5289295
2024-12-03,97.664798751524,99.49290522624109,97.29718692384768,98.64839935302734,6176380
2024-12-04,98.857046769369,101.02296025807253,98.60866222974748,99.40349578857422,7546520
2024-12-05,99.35381262717821,102.73184377252115,98.40001693556863,102.16552734375,17659498
2024-12-06,102.68216465324986,104.2718241519463,101.60914164909434,102.95042419433594,9437700
2024-12-09,103.76512807621096,104.52021162174506,101.69856687980318,102.66230010986328,6547055
2024-12-10,102.33442713252197,103.9737665589162,100.99315217641555,101.99662780761719,7198737
2024-12-11,101.9370130305932,102.89080874831859,101.10244462011897,101.39057159423828,4650576
2024-12-12,101.34089354648742,103.09945277572892,98.27086423337752,99.99961853027344,10863440
2024-12-13,100.07909664982799,100.94346994989989,96.97925503345799,98.64839935302734,6941105
2024-12-16,99.10543057843522,101.3408914185503,98.85704604064466,100.41690063476562,7040415
2024-12-17,100.30760932960628,102.01649613682962,99.55251822360411,99.98967742919922,6681204
2024-12-18,99.35381588331238,99.84064745871413,97.56544416537491,98.09202575683594,5136529
2024-12-19,95.37965902813141,97.30712539662173,94.99217976973718,96.47254943847656,3981544
2024-12-20,96.4725540338182,97.26738759561783,92.69711356550648,93.81980895996094,5889049
2024-12-23,94.38612486215781,94.83321400051969,91.70357487179749,92.04137420654297,4662477
2024-12-24,92.04137647642948,93.38265150468762,91.58434982280569,92.5977554321289,3318049
2024-12-26,92.59775491868702,93.29323618954972,91.07764272308361,91.47505950927734,3163694
2024-12-27,91.90228117182403,93.3727210058149,91.52473939422254,92.78652954101562,4776354
2024-12-30,92.92561874816582,93.17400327708964,87.15316472160633,87.61019134521484,10407172
2024-12-31,88.22618809989625,92.89581423248617,88.04735093506844,92.349365234375,16003131
2025-01-01,92.00162840834712,93.86948492545854,91.57440671348593,92.349365234375,4220243
2025-01-02,92.34936363830408,93.91915566020704,91.65388999826817,92.74678039550781,5560559
2025-01-03,92.79646041141737,93.95889817364676,91.71349993662082,91.9221420288086,6325530
2025-01-06,92.61762838683437,92.61762838683437,86.98426884501127,87.2823257446289,7616604
2025-01-07,87.62013388314206,89.9152046366347,87.53071150594258,88.70308685302734,5570304
2025-01-08,89.41843427467417,91.77312243940797,88.04735434462988,89.2495346069336,13903442
2025-01-09,89.17998183997443,89.18991176329124,86.94452111844498,87.18296813964844,5630997
2025-01-10,87.0736851624009,87.41149208398393,83.49694924382707,83.94403839111328,8007873
2025-01-13,80.59581865792333,83.60623808447136,77.88345613276041,78.41996765136719,13526434
2025-01-14,79.48304797710837,84.39112861532494,79.18498351515656,83.56649017333984,10324827
2025-01-15,85.14621608771141,86.82529798023052,83.05978749694532,85.69266510009766,10993490
2025-01-16,87.41149104195323,88.51431143078548,86.74581471091199,87.26245880126953,6001575
2025-01-17,86.98426442161694,96.36325901035823,86.33846313514434,94.6941146850586,58881883
2025-01-20,96.3731969703981,98.53911036015307,94.99217959960096,98.121826171875,30958341
2025-01-21,98.0622093464024,98.20130407670186,94.00857958038414,94.4854736328125,17470432
2025-01-22,93.69064952455196,93.98870641814698,89.76616932808139,91.78305053710938,11402076
2025-01-23,90.90873995875451,93.78006458164532,90.51132318608533,91.44525146484375,9160862
2025-01-24,91.29622062097086,92.97530253157522,90.15365022464412,90.72990417480469,10328379
2025-01-27,89.3687526024344,89.3687526024344,85.941049053717,88.50437927246094,10177006
2025-01-28,88.51430743408484,89.51778305727738,84.37125529469876,86.44775390625,11728831
2025-01-29,86.72594595134126,92.0513110373418,86.72594595134126,91.08757781982422,10117561
2025-01-30,92.15065965269059,93.07465039769492,90.99815180726831,92.55801391601562,7405863
2025-01-31,92.69711083966789,100.04928695969166,92.10098189580053,99.1849136352539,26392481
2025-02-01,99.35381038349932,103.47699503043337,93.39258176048936,94.7139892578125,33787212
2025-02-03,93.16406726775887,93.29323207613125,89.71649631828001,90.17352294921875,12814367
2025-02-04,90.66035471438549,93.29323228512352,90.66035471438549,92.45865631103516,9370532
2025-02-05,92.39904509822624,94.93257033457017,92.37917767108102,94.4854736328125,8167629
2025-02-06,95.37966084842459,96.37319898226235,92.91568294126542,93.77012634277344,7507068
2025-02-07,92.94549362114525,93.59128733133942,91.25647427884515,91.88240814208984,6300526
2025-02-10,91.88241103043454,92.74678436575297,89.14024362644739,89.6270751953125,6021056
2025-02-11,89.61713934858706,90.16358837075067,84.4507439285268,84.80841827392578,10604130
2025-02-12,86.33846760350791,86.43781990347,82.39411989624708,85.31512451171875,22328417
2025-02-13,85.44427685973943,88.95146515058576,84.63951342192318,85.19589233398438,16913561
2025-02-14,85.60324672297659,86.4378150923193,80.57593875969489,81.57941436767578,13407240
2025-02-17,81.17206595063969,83.05979000113952,78.88693269379863,81.48999786376953,12459888
2025-02-18,82.0,82.5999984741211,77.20999908447266,77.79000091552734,14312121
2025-02-19,77.30000305175781,81.66000366210938,76.80000305175781,80.70999908447266,13030642
2025-02-20,80.30999755859375,83.25,79.25,82.70999908447266,10619188
2025-02-21,82.0999984741211,84.30000305175781,80.5,81.08000183105469,12310003
2025-02-24,80.0999984741211,81.16999816894531,78.83000183105469,79.94999694824219,7435359
2025-02-25,80.1500015258789,81.1500015258789,78.30000305175781,78.70999908447266,8145061
2025-02-27,78.80000305175781,79.33000183105469,75.4000015258789,75.75,8341332
2025-02-28,75.0,75.36000061035156,72.5,72.86000061035156,13837258
2025-03-03,73.06999969482422,74.48999786376953,70.80000305175781,73.68000030517578,13653700
2025-03-04,72.79000091552734,75.36000061035156,72.05000305175781,74.56999969482422,10040201
2025-03-05,74.75,79.2699966430664,74.70999908447266,78.98999786376953,15145124
2025-03-06,79.94999694824219,80.83000183105469,79.23999786376953,80.08000183105469,11056127
2025-03-07,80.19000244140625,82.30999755859375,79.45999908447266,80.76000213623047,8938596
2025-03-10,81.19999694824219,82.06999969482422,77.55000305175781,78.6500015258789,8875128
2025-03-11,77.30000305175781,79.56999969482422,76.56999969482422,78.87000274658203,7267789
2025-03-12,79.58999633789062,80.25,77.5,79.11000061035156,5345006
2025-03-13,79.73999786376953,79.73999786376953,77.75,77.88999938964844,4802499
2025-03-17,78.3499984741211,79.29000091552734,77.3499984741211,77.91999816894531,6690254
2025-03-18,77.91999816894531,77.91999816894531,77.91999816894531,77.91999816894531,0
2025-03-19,80.0,83.88999938964844,79.91999816894531,83.33000183105469,16189908
2025-03-20,83.98999786376953,84.27999877929688,81.80000305175781,82.9800033569336,11003307
2025-03-21,82.5,84.19999694824219,82.0199966430664,83.7300033569336,15715918
2025-03-24,84.38999938964844,86.30000305175781,84.16999816894531,85.36000061035156,12183787
2025-03-25,85.79000091552734,85.94999694824219,82.0199966430664,83.16000366210938,12488125
2025-03-26,83.5,84.5,80.86000061035156,81.06999969482422,10713993
2025-03-27,82.3499984741211,84.69000244140625,82.01000213623047,82.70999908447266,34327535
2025-03-28,83.0999984741211,84.80000305175781,81.0,81.88999938964844,13560542
2025-04-01,80.87000274658203,82.45999908447266,80.51000213623047,81.61000061035156,5645573
2025-04-02,81.61000061035156,83.19999694824219,79.9000015258789,82.88999938964844,7593537
2025-04-03,81.4000015258789,84.77999877929688,81.4000015258789,84.41000366210938,9282920
2025-04-04,84.33999633789062,85.68000030517578,81.69999694824219,82.7300033569336,12938267
2025-04-07,75.91000366210938,80.0999984741211,75.0,79.45999908447266,11518239
2025-04-08,84.5,84.5,79.72000122070312,83.06999969482422,17372693
2025-04-09,82.63999938964844,87.44999694824219,81.41000366210938,87.01000213623047,30465976
2025-04-11,89.0,90.19999694824219,86.08999633789062,89.0999984741211,27133267
2025-04-15,89.80000305175781,90.55999755859375,89.30000305175781,89.7699966430664,10715153
2025-04-16,90.01000213623047,96.5,89.7699966430664,95.80000305175781,56298845
2025-04-17,96.19999694824219,99.9000015258789,96.0,98.4000015258789,48187798
2025-04-21,98.69999694824219,100.54000091552734,96.69999694824219,99.9800033569336,18052626
2025-04-22,100.0999984741211,102.5,99.11000061035156,100.19999694824219,16900830
2025-04-23,100.75,101.62000274658203,97.6500015258789,100.80999755859375,14614747
2025-04-24,100.75,101.02999877929688,99.25,99.87000274658203,9680306
2025-04-25,99.87000274658203,100.0999984741211,94.8499984741211,95.48999786376953,15332890
2025-04-28,94.19999694824219,99.2699966430664,94.19999694824219,98.63999938964844,14383334
2025-04-29,99.19999694824219,100.19999694824219,97.0,97.30999755859375,8996893
