Date,Open,High,Low,Close,Volume
2010-01-04,,,,,
2010-01-05,,,,,
2010-01-06,,,,,
2010-01-07,,,,,
2010-01-08,,,,,
2010-01-11,,,,,
2010-01-12,,,,,
2010-01-13,,,,,
2010-01-14,,,,,
2010-01-15,,,,,
2010-01-18,,,,,
2010-01-19,,,,,
2010-01-20,,,,,
2010-01-21,,,,,
2010-01-22,,,,,
2010-01-25,,,,,
2010-01-27,,,,,
2010-01-28,,,,,
2010-01-29,,,,,
2010-02-01,,,,,
2010-02-02,,,,,
2010-02-03,,,,,
2010-02-04,,,,,
2010-02-05,,,,,
2010-02-08,,,,,
2010-02-09,,,,,
2010-02-10,,,,,
2010-02-11,,,,,
2010-02-15,,,,,
2010-02-16,,,,,
2010-02-17,,,,,
2010-02-18,,,,,
2010-02-19,,,,,
2010-02-22,,,,,
2010-02-23,,,,,
2010-02-24,,,,,
2010-02-25,,,,,
2010-02-26,,,,,
2010-03-02,,,,,
2010-03-03,,,,,
2010-03-04,,,,,
2010-03-05,,,,,
2010-03-08,,,,,
2010-03-09,,,,,
2010-03-10,,,,,
2010-03-11,,,,,
2010-03-12,,,,,
2010-03-15,,,,,
2010-03-16,,,,,
2010-03-17,,,,,
2010-03-18,,,,,
2010-03-19,,,,,
2010-03-22,,,,,
2010-03-23,,,,,
2010-03-25,,,,,
2010-03-26,,,,,
2010-03-29,,,,,
2010-03-30,,,,,
2010-03-31,,,,,
2010-04-01,,,,,
2010-04-05,,,,,
2010-04-06,,,,,
2010-04-07,,,,,
2010-04-08,,,,,
2010-04-09,,,,,
2010-04-12,,,,,
2010-04-13,,,,,
2010-04-15,,,,,
2010-04-16,,,,,
2010-04-19,,,,,
2010-04-20,,,,,
2010-04-21,,,,,
2010-04-22,,,,,
2010-04-23,,,,,
2010-04-26,,,,,
2010-04-27,,,,,
2010-04-28,,,,,
2010-04-29,,,,,
2010-04-30,,,,,
2010-05-03,,,,,
2010-05-04,,,,,
2010-05-05,,,,,
2010-05-06,,,,,
2010-05-07,,,,,
2010-05-10,,,,,
2010-05-11,,,,,
2010-05-12,,,,,
2010-05-13,,,,,
2010-05-14,,,,,
2010-05-17,,,,,
2010-05-18,,,,,
2010-05-19,,,,,
2010-05-20,,,,,
2010-05-21,,,,,
2010-05-24,,,,,
2010-05-25,,,,,
2010-05-26,,,,,
2010-05-27,,,,,
2010-05-28,,,,,
2010-05-31,,,,,
2010-06-01,,,,,
2010-06-02,,,,,
2010-06-03,,,,,
2010-06-04,,,,,
2010-06-07,,,,,
2010-06-08,,,,,
2010-06-09,,,,,
2010-06-10,,,,,
2010-06-11,,,,,
2010-06-14,,,,,
2010-06-15,,,,,
2010-06-16,,,,,
2010-06-17,,,,,
2010-06-18,,,,,
2010-06-21,,,,,
2010-06-22,,,,,
2010-06-23,,,,,
2010-06-24,,,,,
2010-06-25,,,,,
2010-06-28,,,,,
2010-06-29,,,,,
2010-06-30,,,,,
2010-07-01,,,,,
2010-07-02,,,,,
2010-07-05,,,,,
2010-07-06,,,,,
2010-07-07,,,,,
2010-07-08,,,,,
2010-07-09,,,,,
2010-07-12,,,,,
2010-07-13,,,,,
2010-07-14,,,,,
2010-07-15,,,,,
2010-07-16,,,,,
2010-07-19,,,,,
2010-07-20,,,,,
2010-07-21,,,,,
2010-07-22,,,,,
2010-07-23,,,,,
2010-07-26,,,,,
2010-07-27,,,,,
2010-07-28,,,,,
2010-07-29,,,,,
2010-07-30,,,,,
2010-08-02,,,,,
2010-08-03,,,,,
2010-08-04,,,,,
2010-08-05,,,,,
2010-08-06,,,,,
2010-08-09,,,,,
2010-08-10,,,,,
2010-08-11,,,,,
2010-08-12,,,,,
2010-08-13,,,,,
2010-08-16,,,,,
2010-08-17,,,,,
2010-08-18,,,,,
2010-08-19,,,,,
2010-08-20,,,,,
2010-08-23,,,,,
2010-08-24,,,,,
2010-08-25,,,,,
2010-08-26,,,,,
2010-08-27,,,,,
2010-08-30,,,,,
2010-08-31,,,,,
2010-09-01,,,,,
2010-09-02,,,,,
2010-09-03,,,,,
2010-09-06,,,,,
2010-09-07,,,,,
2010-09-08,,,,,
2010-09-09,,,,,
2010-09-13,,,,,
2010-09-14,,,,,
2010-09-15,,,,,
2010-09-16,,,,,
2010-09-17,,,,,
2010-09-20,,,,,
2010-09-21,,,,,
2010-09-22,,,,,
2010-09-23,,,,,
2010-09-24,,,,,
2010-09-27,,,,,
2010-09-28,,,,,
2010-09-29,,,,,
2010-09-30,,,,,
2010-10-01,,,,,
2010-10-04,,,,,
2010-10-05,,,,,
2010-10-06,,,,,
2010-10-07,,,,,
2010-10-08,,,,,
2010-10-11,,,,,
2010-10-12,,,,,
2010-10-13,,,,,
2010-10-14,,,,,
2010-10-15,,,,,
2010-10-18,,,,,
2010-10-19,,,,,
2010-10-20,,,,,
2010-10-21,,,,,
2010-10-22,,,,,
2010-10-25,,,,,
2010-10-26,,,,,
2010-10-27,,,,,
2010-10-28,,,,,
2010-10-29,,,,,
2010-11-01,,,,,
2010-11-02,,,,,
2010-11-03,,,,,
2010-11-04,,,,,
2010-11-08,,,,,
2010-11-09,,,,,
2010-11-10,,,,,
2010-11-11,,,,,
2010-11-12,,,,,
2010-11-15,,,,,
2010-11-16,,,,,
2010-11-18,,,,,
2010-11-19,,,,,
2010-11-22,,,,,
2010-11-23,,,,,
2010-11-24,,,,,
2010-11-25,,,,,
2010-11-26,,,,,
2010-11-29,,,,,
2010-11-30,,,,,
2010-12-01,,,,,
2010-12-02,,,,,
2010-12-03,,,,,
2010-12-06,,,,,
2010-12-07,,,,,
2010-12-08,,,,,
2010-12-09,,,,,
2010-12-10,,,,,
2010-12-13,,,,,
2010-12-14,,,,,
2010-12-15,,,,,
2010-12-16,,,,,
2010-12-20,,,,,
2010-12-21,,,,,
2010-12-22,,,,,
2010-12-23,,,,,
2010-12-24,,,,,
2010-12-27,,,,,
2010-12-28,,,,,
2010-12-29,,,,,
2010-12-30,,,,,
2010-12-31,,,,,
2011-01-03,,,,,
2011-01-04,,,,,
2011-01-05,,,,,
2011-01-06,,,,,
2011-01-07,,,,,
2011-01-10,,,,,
2011-01-11,,,,,
2011-01-12,,,,,
2011-01-13,,,,,
2011-01-14,,,,,
2011-01-17,,,,,
2011-01-18,,,,,
2011-01-19,,,,,
2011-01-20,,,,,
2011-01-21,,,,,
2011-01-24,,,,,
2011-01-25,,,,,
2011-01-27,,,,,
2011-01-28,,,,,
2011-01-31,,,,,
2011-02-01,,,,,
2011-02-02,,,,,
2011-02-03,,,,,
2011-02-04,,,,,
2011-02-07,,,,,
2011-02-08,,,,,
2011-02-09,,,,,
2011-02-10,,,,,
2011-02-11,,,,,
2011-02-14,,,,,
2011-02-15,,,,,
2011-02-16,,,,,
2011-02-17,,,,,
2011-02-18,,,,,
2011-02-21,,,,,
2011-02-22,,,,,
2011-02-23,,,,,
2011-02-24,,,,,
2011-02-25,,,,,
2011-02-28,,,,,
2011-03-01,,,,,
2011-03-03,,,,,
2011-03-04,,,,,
2011-03-07,,,,,
2011-03-08,,,,,
2011-03-09,,,,,
2011-03-10,,,,,
2011-03-11,,,,,
2011-03-14,,,,,
2011-03-15,,,,,
2011-03-16,,,,,
2011-03-17,,,,,
2011-03-18,,,,,
2011-03-21,,,,,
2011-03-22,,,,,
2011-03-23,,,,,
2011-03-24,,,,,
2011-03-25,,,,,
2011-03-28,,,,,
2011-03-29,,,,,
2011-03-30,,,,,
2011-03-31,,,,,
2011-04-01,,,,,
2011-04-04,,,,,
2011-04-05,,,,,
2011-04-06,,,,,
2011-04-07,,,,,
2011-04-08,,,,,
2011-04-11,,,,,
2011-04-13,,,,,
2011-04-15,,,,,
2011-04-18,,,,,
2011-04-19,,,,,
2011-04-20,,,,,
2011-04-21,,,,,
2011-04-25,,,,,
2011-04-26,,,,,
2011-04-27,,,,,
2011-04-28,,,,,
2011-04-29,,,,,
2011-05-02,,,,,
2011-05-03,,,,,
2011-05-04,,,,,
2011-05-05,,,,,
2011-05-06,,,,,
2011-05-09,,,,,
2011-05-10,,,,,
2011-05-11,,,,,
2011-05-12,,,,,
2011-05-13,,,,,
2011-05-16,,,,,
2011-05-17,,,,,
2011-05-18,,,,,
2011-05-19,,,,,
2011-05-20,,,,,
2011-05-23,,,,,
2011-05-24,,,,,
2011-05-25,,,,,
2011-05-26,,,,,
2011-05-27,,,,,
2011-05-30,,,,,
2011-05-31,,,,,
2011-06-01,,,,,
2011-06-02,,,,,
2011-06-03,,,,,
2011-06-06,,,,,
2011-06-07,,,,,
2011-06-08,,,,,
2011-06-09,,,,,
2011-06-10,,,,,
2011-06-13,,,,,
2011-06-14,,,,,
2011-06-15,,,,,
2011-06-16,,,,,
2011-06-17,38.25902312999283,39.07886072988878,34.61530664142209,35.480690002441406,80624.0
2011-06-20,33.7954704583116,34.61530809257707,31.928066374616897,32.70235824584961,12659.0
2011-06-21,32.38353213048474,33.47664785755188,31.427057172395646,32.24689483642578,3729.0
2011-06-22,31.518152186032136,33.20337346507631,30.151758244876067,30.8349552154541,3831.0
2011-06-23,31.017138767745926,32.24689528073516,31.017138767745926,31.973613739013672,1509.0
2011-06-24,31.882522208385947,33.24891601731677,31.47260337072287,31.973613739013672,3078.0
2011-06-27,31.836980626406564,32.33799106052944,31.836980626406564,31.882526397705078,2487.0
2011-06-28,30.288393716564233,32.29243850708008,30.288393716564233,32.29243850708008,425.0
2011-06-29,32.74790137428853,33.704376220703125,31.928063805979626,33.704376220703125,1317.0
2011-06-30,31.882528535758397,34.569770921613426,31.882528535758397,32.42908477783203,1001.0
2011-07-01,35.70842152499967,35.981699560857884,33.88656331938662,35.75396728515625,1320.0
2011-07-04,34.61531319523489,34.61531319523489,33.93211622427631,34.38758087158203,501.0
2011-07-05,33.704387309230306,34.47867589798793,30.151761310992146,32.42908477783203,3384.0
2011-07-06,33.70437976675974,33.70437976675974,32.201345225031204,32.33798599243164,95.0
2011-07-07,35.43515130228268,35.43515130228268,31.882525628046796,32.8390007019043,3138.0
2011-07-08,32.79344825226756,32.79344825226756,30.151752419756257,31.791427612304688,9325.0
2011-07-11,31.928065074888448,32.61126191732509,31.65478703289756,32.47462463378906,507.0
2011-07-12,30.789405822753906,32.747904964589466,30.789405822753906,30.789405822753906,1100.0
2011-07-13,32.5657223168179,32.5657223168179,30.789409495462117,31.518152236938477,2815.0
2011-07-14,36.3460732028974,36.3460732028974,31.10823077371578,31.791427612304688,1011.0
2011-07-15,37.25701077646205,37.25701077646205,30.65277317127665,31.199329376220703,1932.0
2011-07-18,30.060661432981043,32.29243850708008,30.060661432981043,32.29243850708008,213.0
2011-07-19,38.714495352823306,38.714495352823306,31.062687822532773,32.15580368041992,2311.0
2011-07-20,31.199324874044954,32.337986365798415,31.153779109358634,32.24689483642578,980.0
2011-07-21,30.151759289004673,32.56572339194162,30.151759289004673,31.882526397705078,1689.0
2011-07-22,31.882526369860575,31.882526369860575,31.199329376220703,31.199329376220703,650.0
2011-07-25,37.25701485834865,37.25701485834865,31.10824124192886,31.290424346923828,2327.0
2011-07-26,36.664900622129316,36.664900622129316,31.244871139526367,31.244871139526367,1226.0
2011-07-27,31.153777277137465,32.88454055786133,31.153777277137465,32.88454055786133,900.0
2011-07-28,32.88454055786133,32.88454055786133,32.88454055786133,32.88454055786133,0.0
2011-07-29,30.19730470645408,30.789406608100354,30.19730470645408,30.516128540039062,1596.0
2011-08-01,29.149733141117903,30.78940493532199,29.149733141117903,29.65074348449707,687.0
2011-08-02,29.605197971303404,32.337985476346795,29.605197971303404,31.745880126953125,2600.0
2011-08-03,29.149734980783975,32.24689571245995,28.46653806717185,29.741840362548828,616.0
2011-08-04,29.741842889068398,30.425039860716957,28.73981857903215,29.514110565185547,982.0
2011-08-05,28.23880679762837,29.14973604916477,23.77525381259195,27.828887939453125,7930.0
2011-08-08,24.777276754698196,27.327878007037853,24.595090206334067,26.23476219177246,10148.0
2011-08-09,24.367360221309966,27.19124156641169,24.367360221309966,25.369382858276367,1439.0
2011-08-10,25.551565241596514,28.0110749572138,24.595090206334067,26.23476219177246,1753.0
2011-08-11,28.739816229867508,29.013096038665154,27.100144326920052,27.51006317138672,833.0
2011-08-12,25.278286459017423,27.32787725299181,25.096099915680288,27.236783981323242,5309.0
2011-08-16,25.50602191970369,26.189218935410043,24.595092565428562,26.052579879760742,1690.0
2011-08-17,25.87038609235491,25.87038609235491,23.501970084877062,23.63861083984375,2567.0
2011-08-18,23.63861083984375,23.63861083984375,23.63861083984375,23.63861083984375,0.0
2011-08-19,21.862299734435915,22.682135626985367,20.404812737981626,21.589021682739258,2159.0
2011-08-22,21.862305946901326,25.87039502300791,21.862305946901326,25.460477828979492,9357.0
2011-08-23,27.96552790633982,27.96552790633982,25.05055369095405,26.69022560119629,15054.0
2011-08-24,28.603179137844403,28.603179137844403,25.506019923229864,26.781320571899414,18838.0
2011-08-25,23.77525381259195,27.828887939453125,23.77525381259195,27.828887939453125,501.0
2011-08-26,25.551565241596514,27.327878007037853,23.365335348525427,26.23476219177246,12376.0
2011-08-29,25.506018387643913,26.098122038436582,25.506018387643913,25.961483001708984,1150.0
2011-08-30,26.23476107516418,26.23476107516418,25.961483001708984,25.961483001708984,102.0
2011-09-02,26.23476219177246,27.510064555401982,26.23476219177246,26.23476219177246,197.0
2011-09-05,27.510064456765402,28.238807172689647,23.684160854513898,25.59711265563965,5332.0
2011-09-06,24.59509056449942,26.3258558493241,24.59509056449942,26.1436710357666,2514.0
2011-09-07,25.506019844666064,27.236785129490745,25.506019844666064,26.1436710357666,6100.0
2011-09-08,25.82484191383546,25.82484191383546,25.09609754673632,25.278284072875977,12525.0
2011-09-09,25.506020073458643,26.098123763386273,25.506020073458643,26.007030487060547,1200.0
2011-09-12,24.868369624729333,25.050556182861328,24.68618480405712,25.050556182861328,1356.0
2011-09-13,24.595091524991123,25.050556182861328,23.729707980053817,25.050556182861328,3430.0
2011-09-14,25.050556182861328,25.050556182861328,25.050556182861328,25.050556182861328,0.0
2011-09-15,24.595090866088867,25.733752480259646,24.412904312837647,24.595090866088867,1702.0
2011-09-16,24.595090866088867,25.050555511757178,24.139626220420556,24.595090866088867,2469.0
2011-09-19,24.2762652666291,26.28031040255357,24.139626220420556,24.595090866088867,3059.0
2011-09-20,24.595091336039946,25.096101760864258,24.595091336039946,25.096101760864258,250.0
2011-09-21,25.050551783931148,25.733748650765634,25.050551783931148,25.278284072875977,758.0
2011-09-22,25.278284072875977,25.278284072875977,25.278284072875977,25.278284072875977,0.0
2011-09-23,23.957441720924905,24.595092974507196,23.228698920367908,23.866350173950195,11413.0
2011-09-26,23.684161574752242,24.595090866088867,23.684161574752242,24.595090866088867,5139.0
2011-09-27,23.684160119819854,25.41492531954553,23.684160119819854,24.458450317382812,2031.0
2011-09-28,24.04853057861328,24.04853057861328,24.04853057861328,24.04853057861328,95.0
2011-09-29,25.050553048026245,25.050553048026245,23.684159245406633,24.04853057861328,1159.0
2011-09-30,26.23476051980975,26.23476051980975,21.13355834023422,24.00298500061035,3304.0
2011-10-03,23.41088145323196,23.684159521963082,22.90986934394545,23.228694915771484,142.0
2011-10-04,23.547521725055415,23.547521725055415,22.773231506347656,22.773231506347656,700.0
2011-10-05,21.953395864358058,22.773231863969002,21.86230258941024,21.907848358154297,1602.0
2011-10-07,22.181130089063647,22.181130089063647,21.953397750854492,21.953397750854492,200.0
2011-10-10,22.499953132681124,22.727685444803566,21.953395236095332,22.181127548217773,3520.0
2011-10-11,24.503997735638976,26.644681930541992,22.77323241926666,26.644681930541992,97232.0
2011-10-12,28.876458881100447,31.97361634923384,28.876458881100447,31.10823631286621,194959.0
2011-10-13,32.11025908872638,32.33799142268898,27.96553130559102,28.967552185058594,163208.0
2011-10-14,29.331923092406633,29.331923092406633,26.462494511386655,28.375446319580078,32399.0
2011-10-17,29.741843466738853,29.741843466738853,27.327879396726825,27.87443733215332,4207.0
2011-10-18,27.327878337261104,27.87443625149827,27.05460024887238,27.55561065673828,8826.0
2011-10-19,26.963506317834025,32.29244281149154,26.963506317834025,30.607221603393555,88688.0
2011-10-20,31.290417208163614,31.700336050721223,29.65074531285236,30.379487991333008,14991.0
2011-10-21,30.51613275098819,30.51613275098819,28.785367360364408,28.967552185058594,7126.0
2011-10-24,28.238809804562194,29.969576956745176,27.32788045602793,28.147716522216797,10036.0
2011-10-25,27.783340180381202,29.78738508509743,27.783340180381202,28.648723602294922,4499.0
2011-10-28,30.926048415174133,34.61531114483742,29.514108787144885,30.106210708618164,29223.0
2011-10-31,30.15175784027798,30.425039404777692,28.19326196918649,28.92200469970703,33736.0
2011-11-01,28.23881065780129,28.6487295720114,28.056624087605712,28.512088775634766,5431.0
2011-11-02,28.238804265772938,28.557629822717114,27.828885444350494,28.056617736816406,3917.0
2011-11-03,28.238804773502203,29.058640693628103,28.238804773502203,28.648723602294922,4808.0
2011-11-04,29.696289531083927,29.696289531083927,27.919978693312682,28.10216522216797,5297.0
2011-11-08,27.418969901787502,28.23880585326123,27.32787663218829,27.51006317138672,8472.0
2011-11-09,27.69224881471476,28.55763229601758,27.14569091796875,27.14569091796875,5121.0
2011-11-11,27.965529241581017,27.965529241581017,26.78132014990076,26.9635066986084,5385.0
2011-11-14,26.41694912483271,27.327878404999353,26.1436710357666,26.1436710357666,3708.0
2011-11-15,25.96148549860174,27.28233370140925,24.595091524991123,25.050556182861328,2566.0
2011-11-16,24.139624074568445,25.41492462158203,24.139624074568445,25.41492462158203,244.0
2011-11-17,24.822822360569507,25.961483936742418,24.822822360569507,24.913915634155273,2425.0
2011-11-18,24.13962788279305,25.870393308029637,23.09205947310721,25.369382858276367,4586.0
2011-11-21,24.595088536065465,26.416946946144385,23.000962427246407,23.274240493774414,2887.0
2011-11-22,21.95339655285388,26.644682116466242,21.95339655285388,23.092058181762695,4351.0
2011-11-23,23.13759842630952,24.59508531073376,22.7732271395683,23.775249481201172,4667.0
2011-11-24,24.23071593578452,24.50399398803711,24.139622672547162,24.50399398803711,600.0
2011-11-25,23.684160548903012,24.95946115404432,22.499953216441728,22.86432456970215,3252.0
2011-11-28,22.317766768219432,23.729706419796383,22.317766768219432,23.50197410583496,2260.0
2011-11-29,23.593067642217306,24.23071882340954,22.04448893247282,24.139625549316406,693.0
2011-11-30,23.365333677303475,24.04853057861328,23.365333677303475,24.04853057861328,600.0
2011-12-01,23.729708737901216,25.050556982892196,23.046511729276883,23.410884857177734,8160.0
2011-12-02,24.139624074568445,25.460472124575837,23.957437537512398,25.41492462158203,4342.0
2011-12-05,25.50601900633568,25.50601900633568,24.139625130996272,24.32181167602539,4493.0
2011-12-07,26.37140194135696,26.37140194135696,24.59508924532207,25.23274040222168,5192.0
2011-12-08,25.506017966379286,25.506017966379286,24.640634518964724,24.686182022094727,852.0
2011-12-09,23.684162990228906,25.323835117645434,23.228698317339887,24.777278900146484,700.0
2011-12-12,23.684158845999598,28.193259013587184,23.684158845999598,24.230716705322266,830.0
2011-12-13,25.961484081340288,25.961484081340288,22.864324924391628,24.139625549316406,3942.0
2011-12-14,23.228698920367908,24.54954720101984,23.228698920367908,23.866350173950195,4864.0
2011-12-15,25.50601916367935,25.50601916367935,22.181127727334513,23.50197410583496,1043.0
2011-12-16,24.412904652422696,24.412904652422696,23.046510696411133,23.046510696411133,1000.0
2011-12-19,27.32787758004126,27.32787758004126,20.2226301042144,22.818777084350586,16219.0
2011-12-20,22.636589833750264,22.636589833750264,21.862299705038264,22.317764282226562,742.0
2011-12-21,22.044493178123048,25.50602436065674,21.40684187412262,21.862306594848633,2413.0
2011-12-22,23.228693854007563,23.228693854007563,17.899757857655104,19.220605850219727,31594.0
2011-12-23,19.311701939947337,23.046510696411133,19.129515384161888,23.046510696411133,57610.0
2011-12-26,23.501973208698086,27.64670220705574,23.228695137360045,27.51006317138672,79286.0
2011-12-27,26.462497891334106,31.88252841725069,24.68618663627752,27.100149154663086,41279.0
2011-12-28,28.876455051546728,28.876455051546728,24.913912860173166,26.73577117919922,9361.0
2011-12-29,25.551564536563486,28.32989976642677,25.551564536563486,27.236783981323242,10104.0
2011-12-30,29.423013814070657,29.51410882319887,26.599134554562553,27.236783981323242,8127.0
2012-01-02,26.05257823513301,27.19123985609634,25.733752633771324,26.644681930541992,997.0
2012-01-03,27.32788044599442,29.286379934591896,26.599137662418507,27.464519500732422,33295.0
2012-01-04,27.510064607271616,27.510064607271616,26.9635066986084,26.9635066986084,334.0
2012-01-05,26.416949447467722,27.69225010778456,26.23476289422543,27.41897201538086,3569.0
2012-01-06,26.416947326335478,30.060664198933473,25.506018108185977,29.741840362548828,84286.0
2012-01-09,32.793453819983014,32.793453819983014,29.878479452111755,30.470584869384766,43392.0
2012-01-10,29.60519772144787,30.151753827876238,28.32989724401586,29.65074348449707,17851.0
2012-01-11,30.971597642164966,30.971597642164966,29.286379748662092,29.60520362854004,3924.0
2012-01-12,29.42301615983291,29.605202717694944,28.238808746109022,28.557634353637695,5212.0
2012-01-13,29.696289744254152,29.696289744254152,27.464514305783748,28.011072158813477,9082.0
2012-01-16,28.512082510572675,28.512082510572675,27.783339864839384,28.011072158813477,7790.0
2012-01-17,28.056617292672996,30.060662129632274,28.056617292672996,29.013093948364258,10968.0
2012-01-18,28.147712689170955,28.694270571355357,28.147712689170955,28.193260192871094,925.0
2012-01-19,28.147716522216797,28.147716522216797,28.011077467428628,28.147716522216797,1650.0
2012-01-20,27.4645195108161,29.51411228247804,27.4645195108161,28.147716522216797,14572.0
2012-01-23,27.555610532176694,28.284353256225586,27.555610532176694,28.284353256225586,1488.0
2012-01-24,29.14973551633168,29.37746782505302,28.694270898889,28.739816665649414,3521.0
2012-01-25,28.23880727702191,29.013097501464447,27.510064558405222,28.375446319580078,3044.0
2012-01-27,27.87443378161816,30.060663507391048,27.87443378161816,29.195280075073242,5960.0
2012-01-30,29.787385866902557,30.880501614066894,29.696290860936017,30.516128540039062,9305.0
2012-01-31,30.47058429998194,30.69831661392064,29.924024661577455,30.607221603393555,14066.0
2012-02-01,30.060659998355874,30.834948335618765,29.696286972044682,30.561670303344727,3680.0
2012-02-02,30.607227030123727,31.427064895629883,30.607227030123727,31.427064895629883,8017.0
2012-02-03,30.971599578857422,31.7458881783609,30.83495877898274,30.971599578857422,3736.0
2012-02-06,30.3339470589223,32.20135155599564,29.605204264322914,30.0606689453125,7155.0
2012-02-07,30.06066723047775,30.789409983505422,29.149737920463274,30.015121459960938,4870.0
2012-02-08,29.14973398129015,31.290416180573516,28.238804794374833,30.789405822753906,10334.0
2012-02-09,30.151755361214505,31.654789942706355,30.151755361214505,31.335966110229492,6173.0
2012-02-10,32.2469021279548,32.2469021279548,30.51613487916834,30.971599578857422,6601.0
2012-02-13,30.47058929826435,30.971599776129523,30.47058929826435,30.926054000854492,1759.0
2012-02-14,31.882522786516134,31.882522786516134,29.286375892438937,30.333942413330078,12229.0
2012-02-15,29.60519772144787,30.516126882107805,29.377465431282886,29.65074348449707,10757.0
2012-02-16,31.24487163580197,31.24487163580197,29.605199730336413,30.333942413330078,1646.0
2012-02-17,30.516128808008226,30.83495264439287,29.423013051244986,29.741840362548828,8976.0
2012-02-21,29.149737920463274,30.06066723047775,28.238808610448796,30.015121459960938,11387.0
2012-02-22,29.149732974188872,29.969570604055516,28.28434958153385,29.013093948364258,6983.0
2012-02-23,30.607222416105817,30.607222416105817,27.646703993751867,28.238807678222656,1769.0
2012-02-24,28.01107508097119,29.058643395044026,27.60115621407066,27.646703720092773,971.0
2012-02-27,27.145691937596467,27.145691937596467,26.781320571899414,26.781320571899414,1689.0
2012-02-28,26.69022687554694,28.23880732718278,26.46249455839224,26.9635066986084,4027.0
2012-02-29,26.508041486314784,29.37746827240677,25.50601896519037,27.14569091796875,6057.0
2012-03-01,26.644680789259613,27.783342361450195,26.599135021355863,27.783342361450195,1043.0
2012-03-02,26.872412241966824,30.060664541861193,26.872412241966824,27.373422622680664,3401.0
2012-03-05,26.416948508440232,26.735774096551275,25.733751564256433,26.371402740478516,1420.0
2012-03-06,26.599131025194502,28.648721547214166,24.595086264235956,25.688201904296875,4211.0
2012-03-07,25.73375191007342,25.73375191007342,25.050554956708638,25.506019592285156,5451.0
2012-03-09,25.050554359908652,26.9179586262998,24.367357422820238,25.73375129699707,4056.0
2012-03-12,27.191239091410225,27.191239091410225,25.506019592285156,25.506019592285156,2200.0
2012-03-13,25.733752395543096,26.416949361796455,25.506020073458643,26.007030487060547,7132.0
2012-03-14,27.7833452990637,31.199330376817432,25.32383534809707,25.369382858276367,2651.0
2012-03-15,25.050552774801087,25.050552774801087,24.868366241455078,24.868366241455078,375.0
2012-03-16,26.37140194135696,26.781319052969888,24.59508924532207,25.23274040222168,2852.0
2012-03-19,24.959462235131568,26.325856172136508,24.595090866088867,24.595090866088867,2011.0
2012-03-20,24.82282032898035,25.64265624923458,24.230716705322266,24.230716705322266,22138.0
2012-03-21,23.819250390568257,25.14508272264118,23.819250390568257,24.322153091430664,956.0
2012-03-22,25.968016036361885,25.968016036361885,24.50502884895779,25.14508628845215,20265.0
2012-03-23,22.310545651376767,27.43099918054913,22.310545651376767,24.59646224975586,2634.0
2012-03-26,25.2822385695009,25.2822385695009,23.179195885114574,23.36206817626953,3955.0
2012-03-27,25.145085352771687,25.145085352771687,23.773535242620504,24.2307186126709,4090.0
2012-03-28,23.590660201860942,25.09936665459788,22.85916753824358,24.642183303833008,168029.0
2012-03-29,23.316352314419216,25.09936818901069,22.40198555699101,24.687902450561523,18864.0
2012-03-30,24.322157577795807,25.09936971775108,24.27643819073003,24.73362159729004,1035.0
2012-04-02,25.602264991004585,28.802548114880157,24.77933539366833,27.11096954345703,17417.0
2012-04-03,26.516636123005142,29.25973641159188,25.876578691395093,26.745227813720703,20909.0
2012-04-04,26.608075460256543,27.20241355895996,26.150892039097553,27.20241355895996,682.0
2012-04-09,28.34536779149063,28.34536779149063,25.968014015014006,26.470916748046875,2906.0
2012-04-10,26.608071146899007,26.608071146899007,25.876576745215257,25.968013763427734,826.0
2012-04-11,25.693702074114952,26.379477031196227,25.602265064367604,25.785139083862305,4957.0
2012-04-12,25.785139083862305,26.059448369088454,25.785139083862305,25.785139083862305,2268.0
2012-04-13,25.73942311608157,25.968014798718205,25.73942311608157,25.830860137939453,1070.0
2012-04-16,28.116775302364324,28.2082123188175,25.373675272865366,25.51082992553711,10204.0
2012-04-17,25.510829797584798,26.24232418152525,25.510829797584798,26.059450149536133,4385.0
2012-04-18,26.059451418211474,26.059451418211474,25.876577377319336,25.876577377319336,200.0
2012-04-19,26.882381361172616,26.882381361172616,26.10516929626465,26.10516929626465,245.0
2012-04-20,25.73942380422874,26.51663589477539,25.73942380422874,26.51663589477539,450.0
2012-04-23,25.190798556059352,27.248123358990306,25.145080924711667,26.425193786621094,770.0
2012-04-24,26.05945306257768,26.05945306257768,25.14508628845215,25.14508628845215,25.0
2012-04-25,24.779333897815476,24.779333897815476,23.819247972200728,23.864967346191406,607.0
2012-04-26,22.950607328122913,24.413594576006307,22.950607328122913,23.453508377075195,2879.0
2012-04-27,26.47091767026579,26.51663530939968,22.859168370172135,22.950605392456055,5399.0
2012-04-30,22.859169886662407,24.13928305151225,22.539141159445883,23.773536682128906,2518.0
2012-05-02,23.773534936582536,23.773534936582536,23.22491455078125,23.22491455078125,563.0
2012-05-03,23.362068574453588,23.49922497517757,23.31635093688965,23.31635093688965,850.0
2012-05-04,23.31635257558905,23.31635257558905,22.081957090431093,22.310548782348633,4684.0
2012-05-07,21.944801636505176,22.85916837135956,21.944801636505176,22.676294326782227,1261.0
2012-05-08,21.716206414358957,23.72781360087434,21.670488782671914,22.401981353759766,1712.0
2012-05-09,21.03043532934484,23.27063457290326,21.03043532934484,23.13347816467285,514.0
2012-05-10,22.40198365811826,24.139280001169123,22.081954971341936,22.356266021728516,3776.0
2012-05-11,23.95640661705502,23.95640661705502,22.173390975062194,22.493419647216797,1238.0
2012-05-14,22.53914326914461,26.05945611000061,21.944805145263672,21.944805145263672,1319.0
2012-05-15,25.60226969735126,25.60226969735126,21.304745157689386,22.036239624023438,3693.0
2012-05-16,25.099367128466806,25.099367128466806,20.847560490867735,21.4419002532959,6934.0
2012-05-17,22.813454379870258,22.813454379870258,21.944805145263672,21.944805145263672,151.0
2012-05-18,21.944805145263672,21.944805145263672,21.944805145263672,21.944805145263672,50.0
2012-05-21,21.53333895297367,21.53333895297367,21.076155520901903,21.487621307373047,1680.0
2012-05-22,22.7677293192942,22.7677293192942,20.116066373419386,21.121870040893555,3382.0
2012-05-23,20.573254443229516,21.487621307373047,20.116071011157747,21.487621307373047,1700.0
2012-05-24,20.11607105037986,21.259029632787804,20.11607105037986,20.71040916442871,4615.0
2012-05-25,20.57325240104429,21.94480256111391,20.57325240104429,21.2590274810791,7196.0
2012-05-28,21.853363669336154,21.944800687671332,21.121871010686867,21.761926651000977,544.0
2012-05-29,21.16758626570201,21.350460281792202,21.16758626570201,21.30474090576172,2082.0
2012-05-30,21.121867742838408,21.899079662417755,20.61896509180904,21.167585372924805,1159.0
2012-05-31,21.487615821844862,21.487615821844862,20.207502887644527,20.66468620300293,4329.0
2012-06-01,19.933189492908557,21.853359538963137,19.521725604192692,19.65888023376465,2939.0
2012-06-04,19.293141219849414,20.71040916442871,19.293141219849414,20.71040916442871,101.0
2012-06-05,19.704598537954702,21.624768649851976,19.38457163931832,21.167585372924805,7844.0
2012-06-06,21.944803055651096,22.767732821434763,21.21331031806923,22.219112396240234,10054.0
2012-06-07,23.224913971190094,23.224913971190094,21.350462922497858,21.99051856994629,16690.0
2012-06-08,21.4419002532959,22.722013310802495,21.4419002532959,21.4419002532959,351.0
2012-06-11,21.94479931552547,22.767728941054482,21.94479931552547,22.493419647216797,1451.0
2012-06-12,21.53333730075114,22.356268810551057,21.259027960162,22.219112396240234,2941.0
2012-06-13,21.670490264892578,21.670490264892578,21.670490264892578,21.670490264892578,500.0
2012-06-14,21.944805145263672,21.944805145263672,21.944805145263672,21.944805145263672,200.0
2012-06-15,21.533336629029726,22.539140419841452,21.533336629029726,21.807647705078125,480.0
2012-06-18,21.853363983877177,21.853363983877177,20.390376901505398,21.213308334350586,4901.0
2012-06-19,21.213308334350586,21.213308334350586,21.213308334350586,21.213308334350586,0.0
2012-06-20,21.304744937664164,21.807647705078125,20.16178648083634,21.807647705078125,119.0
2012-06-21,21.716206611759276,21.716206611759276,21.03043166612477,21.579051971435547,710.0
2012-06-22,21.853364069628114,21.853364069628114,20.66468804154582,21.716209411621094,660.0
2012-06-25,21.487614015576984,22.081951926779144,21.030430738649812,21.167585372924805,12394.0
2012-06-26,21.94479821806153,21.94479821806153,21.259023273747104,21.30474090576172,471.0
2012-06-27,21.441899358680846,21.441899358680846,20.25322162743554,21.030433654785156,2403.0
2012-06-28,21.807649845859824,21.807649845859824,20.344662528700553,20.756128311157227,1250.0
2012-06-29,21.62477401256105,24.870777130126953,21.579056371137174,24.870777130126953,92288.0
2012-07-02,25.19079994867349,25.19079994867349,23.910687015996032,24.367870330810547,39311.0
2012-07-03,23.86496999717431,25.3736746261417,23.86496999717431,24.27643394470215,5479.0
2012-07-04,24.002125915155755,25.602267642832807,24.002125915155755,24.642183303833008,15721.0
2012-07-05,23.910688268938742,25.419392938081014,23.910688268938742,24.459308624267578,4348.0
2012-07-06,24.687900571219206,25.1908015519154,23.08775886752907,23.36206817626953,14383.0
2012-07-09,22.85916919175397,23.453507241936332,21.80764775773653,22.310548782348633,9357.0
2012-07-10,21.94479931552547,22.767728941054482,21.533333630752985,22.493419647216797,3098.0
2012-07-11,23.042043242894483,23.31635257558905,22.310548782348633,22.310548782348633,6427.0
2012-07-12,22.31055154888145,22.31055154888145,21.807650461909056,21.944805145263672,14686.0
2012-07-13,21.944800939778464,22.813450007917794,20.847560195183107,22.264829635620117,4818.0
2012-07-16,21.99051872763513,21.99051872763513,21.48761773360403,21.716209411621094,1706.0
2012-07-17,21.899082307212577,21.944799942820385,21.304742580215052,21.350461959838867,3291.0
2012-07-18,21.807644913350686,21.807644913350686,21.213306940688227,21.670490264892578,200.0
2012-07-19,21.213308334350586,21.487617649288254,20.116067586567727,21.213308334350586,10055.0
2012-07-20,21.030430738649812,21.487614015576984,21.030430738649812,21.167585372924805,3065.0
2012-07-23,21.030432141191998,21.030432141191998,20.57324883377478,20.98471450805664,1770.0
2012-07-24,21.53333384751826,21.53333384751826,20.847558862004735,21.39617919921875,65.0
2012-07-25,20.847561456044087,20.847561456044087,19.796040029553545,20.52753448486328,6921.0
2012-07-26,20.89327877286702,20.89327877286702,19.750320434570312,19.750320434570312,1787.0
2012-07-27,20.57324763094441,20.710402266347547,19.841755079450493,20.344655990600586,5016.0
2012-07-30,21.807648283315395,21.807648283315395,19.750323006474627,20.436098098754883,6451.0
2012-07-31,20.573247346011076,20.573247346011076,20.116064071655273,20.116064071655273,51.0
2012-08-01,20.344661070980933,20.756126823955587,20.161787015433035,20.436098098754883,1887.0
2012-08-02,20.11606851814653,20.29894256591797,20.11606851814653,20.29894256591797,260.0
2012-08-03,19.841761689565917,20.893283236649886,19.841761689565917,20.207508087158203,145.0
2012-08-06,20.20750682982355,20.984718966358358,20.20750682982355,20.893281936645508,3299.0
2012-08-07,19.887475303981617,21.121870671652648,19.887475303981617,21.030433654785156,1022.0
2012-08-08,21.030437670117426,21.030437670117426,20.25322549437503,20.756128311157227,3859.0
2012-08-09,20.756128554134865,21.030437916306216,20.253225731465534,20.71040916442871,1955.0
2012-08-10,21.67049452288322,21.67049452288322,20.573253631591797,20.573253631591797,3440.0
2012-08-13,20.481812551867385,21.944799536432765,20.390375538329053,21.39617919921875,4589.0
2012-08-14,21.716208016759566,21.716208016759566,21.0761506618171,21.121870040893555,401.0
2012-08-16,21.57905466893951,21.67049168859076,21.213308334350586,21.213308334350586,214.0
2012-08-17,21.213310692773437,21.487620038207872,20.116069823003116,20.61897087097168,6364.0
2012-08-21,21.350461176040533,21.350461176040533,20.618966825057523,20.66468620300293,2423.0
2012-08-22,20.298941625870235,21.213308334350586,20.116067586567727,21.213308334350586,684.0
2012-08-23,21.579058741645895,23.042046100133422,21.030438264211018,21.944805145263672,30063.0
2012-08-24,21.487618516131146,22.17339357515661,17.647277487982095,18.744518280029297,31050.0
2012-08-27,19.750320062132616,20.43609505217878,18.92739042288042,20.070348739624023,7072.0
2012-08-28,20.573248384013084,21.304740962282754,19.84175580574341,19.978910446166992,5067.0
2012-08-29,19.658882015434127,20.02462830877856,19.658882015434127,19.933191299438477,2368.0
2012-08-30,20.116063495014988,20.116063495014988,19.521725604192692,19.65888023376465,1501.0
2012-08-31,20.527532042216723,20.527532042216723,19.33885434778961,19.796037673950195,981.0
2012-09-03,19.201699583194614,19.887474568308708,19.201699583194614,19.293136596679688,1439.0
2012-09-04,20.29894118114847,20.29894118114847,19.4302921295166,19.4302921295166,170.0
2012-09-05,19.476012081988753,19.476012081988753,19.38457679748535,19.38457679748535,1458.0
2012-09-06,19.24742061392404,19.47601231596122,18.470210222210653,18.5616455078125,5854.0
2012-09-07,18.790235919691195,19.15598401305104,18.744518280029297,18.744518280029297,1866.0
2012-09-10,19.20169955773352,20.07034856866595,18.69879860025641,19.01882553100586,4250.0
2012-09-11,18.5616433937214,20.57325084014169,18.287334080125945,20.161785125732422,11015.0
2012-09-12,20.11606508659057,20.75612240058844,19.247416123881447,19.978910446166992,1389.0
2012-09-13,19.658883024905215,20.43609502818141,19.293136712779944,19.796037673950195,3790.0
2012-09-14,19.567449771910713,21.07615468942418,19.567449771910713,20.573253631591797,18143.0
2012-09-17,20.98471899023931,21.076154276039933,20.20750685282002,20.61897087097168,8663.0
2012-09-18,22.31055154888145,22.44770623223606,21.899087498817607,21.944805145263672,7855.0
2012-09-20,21.48761789162909,22.036238271707948,20.89327987321704,21.4419002532959,3951.0
2012-09-21,21.213308878582616,22.356267293505898,20.66468849061621,22.17339324951172,4715.0
2012-09-24,22.722014525406685,22.85916919175397,21.03043565641365,22.310548782348633,5094.0
2012-09-25,21.944800071249716,22.356265770192053,21.944800071249716,22.127674102783203,1072.0
2012-09-26,21.9448032618184,25.145087070833583,21.9448032618184,23.49922752380371,15115.0
2012-09-27,23.773534691714442,23.773534691714442,22.859167972802346,22.996322631835938,3766.0
2012-09-28,23.04204372798423,24.230719853373408,23.04204372798423,23.544944763183594,15433.0
2012-10-01,23.54494390133172,23.54494390133172,23.13347816467285,23.13347816467285,1950.0
2012-10-03,23.31635073065079,23.407787748985967,21.121871010686867,21.761926651000977,15404.0
2012-10-04,22.81345096651598,23.499226024699635,22.310548210771607,22.90488624572754,17015.0
2012-10-05,22.859167098999023,22.904884735590603,22.584857791417452,22.859167098999023,6220.0
2012-10-08,22.584855368539657,23.04203866147353,21.670488782671914,22.401981353759766,30951.0
2012-10-09,22.813453286960687,22.813453286960687,22.036241126496055,22.081958770751953,1647.0
2012-10-10,23.179194885963735,23.179194885963735,21.350461589146338,21.670490264892578,912.0
2012-10-11,21.304742704898526,22.767729725118375,20.847559370080823,22.127674102783203,5010.0
2012-10-12,22.401985003932367,22.676294326782227,22.03623865879384,22.676294326782227,1174.0
2012-10-15,22.31054872847589,22.676295085857554,21.121872630981432,21.807647705078125,14458.0
2012-10-16,21.396182014678473,23.224915550018792,21.396182014678473,22.310548782348633,11075.0
2012-10-17,21.990522791709736,22.219114511972897,21.121875301119566,21.944805145263672,4903.0
2012-10-18,21.624770861056593,22.401982860108447,21.0304328890814,21.39617919921875,18743.0
2012-10-19,21.944799922017985,21.944799922017985,21.03043325860057,21.07615089416504,3728.0
2012-10-22,21.944799561808797,22.127673589096926,21.030432913400098,21.670490264892578,939.0
2012-10-23,21.396180629637,21.396180629637,21.030434295048078,21.213308334350586,472.0
2012-10-25,21.167585372924805,21.53333164566338,21.076148368736213,21.167585372924805,2484.0
2012-10-29,22.539136154330855,22.539136154330855,20.573248329432683,21.30474090576172,3567.0
2012-10-30,21.03043616326119,21.03043616326119,20.436098098754883,20.436098098754883,402.0
2012-10-31,22.630575345910113,22.630575345910113,20.89327900149194,21.030433654785156,6990.0
2012-11-01,21.030432506486463,21.807644491398932,20.207502887644527,20.66468620300293,2173.0
2012-11-02,20.481817447947122,21.030437916306216,19.476013546624852,20.71040916442871,2104.0
2012-11-05,20.481813914583306,21.030434288298665,19.658884226018316,20.938997268676758,6165.0
2012-11-06,21.030432141191998,21.121869151478624,20.938995130905372,20.98471450805664,1150.0
2012-11-07,20.75612397685735,21.350461959838867,20.75612397685735,21.350461959838867,954.0
2012-11-08,21.670490357517757,21.670490357517757,20.847558975219727,20.847558975219727,230.0
2012-11-09,20.893282990637328,21.213311738768475,20.573254242506177,20.756128311157227,6463.0
2012-11-12,22.40198365811826,22.859166998079857,21.579053994990595,22.356266021728516,8539.0
2012-11-15,23.270634934812023,23.270634934812023,21.670493091389243,22.310548782348633,4290.0
2012-11-16,22.81345395798773,22.81345395798773,21.350466626554795,21.487621307373047,2781.0
2012-11-19,20.89327900149194,21.853363318560497,20.89327900149194,21.030433654785156,395.0
2012-11-20,20.11606587576966,21.030432506486463,20.11606587576966,20.66468620300293,18.0
2012-11-21,20.618967950889466,21.030433654785156,20.618967950889466,21.030433654785156,1497.0
2012-11-22,20.756123728361853,21.853362665956954,20.710404349285398,21.121870040893555,276.0
2012-11-23,21.39618298404176,21.48762001375461,20.618970847506954,20.893281936645508,7311.0
2012-11-26,21.030435331575163,21.030435331575163,20.527534314730925,20.801843643188477,2414.0
2012-11-27,20.39037628072876,21.030433654785156,20.39037628072876,21.030433654785156,2343.0
2012-11-29,21.03043300328951,21.03043300328951,20.39037564906126,20.847558975219727,2300.0
2012-11-30,21.899084740978374,21.899084740978374,20.8475615649772,21.533336639404297,3852.0
2012-12-03,21.807650461909056,21.944805145263672,21.533339351183407,21.944805145263672,780.0
2012-12-04,21.944799797345212,21.944799797345212,21.579053482859326,21.624771118164062,2350.0
2012-12-05,20.61896722400979,21.944799561808797,20.61896722400979,21.670490264892578,11475.0
2012-12-06,22.493424102107088,24.139283679132554,21.94480366175983,23.956411361694336,28265.0
2012-12-07,24.413594771314333,25.145087529099808,23.819254943595297,23.956411361694336,50012.0
2012-12-10,25.007928459561665,25.007928459561665,23.91068777172089,24.002124786376953,5587.0
2012-12-11,24.870776205688433,24.870776205688433,22.950605688981813,23.682098388671875,7710.0
2012-12-12,23.590659848225265,23.590659848225265,22.95060421315884,23.36206817626953,1534.0
2012-12-13,22.401983757019043,24.139280107739758,22.401983757019043,22.859167098999023,869.0
2012-12-14,23.45350509476979,23.499224475377414,22.859167098999023,22.859167098999023,3108.0
2012-12-17,24.139281699261346,24.139281699261346,22.90488624572754,22.90488624572754,400.0
2012-12-18,22.90488130440791,22.996318307909725,22.35626277142858,22.813446044921875,1709.0
2012-12-19,22.401983757019043,23.087758769989012,22.401983757019043,22.859167098999023,1715.0
2012-12-20,22.401982634598916,22.584856659834678,22.401982634598916,22.493419647216797,2132.0
2012-12-21,22.40198403533115,22.584858072001506,21.71620901384142,21.761926651000977,2117.0
2012-12-24,21.944800687671332,22.813449745831413,21.304743303341155,21.761926651000977,2076.0
2012-12-26,22.44769898544681,23.04203866147353,22.356263722072722,22.401981353759766,2600.0
2012-12-27,21.761926039716226,22.173391738658566,21.487616736432013,22.127674102783203,2190.0
2012-12-28,22.17339324951172,22.630576615481033,21.807646905539496,22.17339324951172,1253.0
2012-12-31,21.25902690662443,22.767731693130028,21.25902690662443,21.853364944458008,1124.0
2013-01-01,22.127675610521244,22.85916829846569,22.08195622751463,22.17339324951172,1327.0
2013-01-02,22.859167645602565,23.682097332041042,21.944800939778464,22.264829635620117,9289.0
2013-01-03,23.224910932237567,23.224910932237567,22.401981353759766,22.401981353759766,5031.0
2013-01-04,22.173395803280087,22.219113447535985,21.94480409396792,22.081958770751953,2787.0
2013-01-07,24.505029678344727,25.053650110191665,23.316353529356586,24.505029678344727,42932.0
2013-01-08,25.327961590554327,25.602270938719805,23.864974330967076,23.956411361694336,31452.0
2013-01-09,24.002126788680744,24.4135925169503,22.859168370172135,22.950605392456055,8029.0
2013-01-10,22.859165953672363,23.27063163844485,22.310545621981035,22.493419647216797,8405.0
2013-01-11,22.859172026316323,23.270637820396587,21.761931071446572,21.944805145263672,5175.0
2013-01-14,21.94480409396792,22.356269868336355,21.761930028911653,22.081958770751953,5017.0
2013-01-15,22.859170931216585,22.859170931216585,21.03043725671926,22.081958770751953,9327.0
2013-01-16,22.859164854483446,22.859164854483446,21.07614929822739,21.579051971435547,4392.0
2013-01-17,21.579054753614074,22.584858485692376,21.579054753614074,21.716209411621094,3823.0
2013-01-18,21.944801730518645,21.944801730518645,21.716210045825743,21.899084091186523,2545.0
2013-01-21,21.487618593792433,24.23071883980849,19.24741936193952,21.853364944458008,8434.0
2013-01-22,21.670493226706473,21.94480256111391,21.12187281387538,21.2590274810791,3975.0
2013-01-23,21.076153428796665,21.94480256111391,20.436097733840572,21.2590274810791,2460.0
2013-01-24,21.259024164165663,21.259024164165663,20.66468620300293,20.66468620300293,504.0
2013-01-25,20.29893904931326,21.4418972898373,20.116065033223066,21.30474090576172,3777.0
2013-01-28,21.07615217056592,21.4419002532959,21.07615217056592,21.4419002532959,778.0
2013-01-29,21.53333895297367,21.899087093844194,20.618972088830137,21.487621307373047,6284.0
2013-01-30,21.030434288298665,21.487617642392113,20.207504599733674,20.938997268676758,3082.0
2013-01-31,21.487616995106574,21.487616995106574,20.34465864430303,21.030433654785156,3756.0
2013-02-01,21.8076450065621,21.944799655606445,20.57324967713104,20.847558975219727,8145.0
2013-02-04,20.80184261125194,21.441900004589204,20.80184261125194,20.938997268676758,1144.0
2013-02-05,20.7561232148778,20.7561232148778,20.298939899519397,20.66468620300293,251.0
2013-02-06,20.573250934205216,21.533335280195022,19.88747590306504,20.938997268676758,866.0
2013-02-07,20.573253631591797,20.984719401830162,19.933196154335747,20.573253631591797,24.0
2013-02-08,20.573252364111838,20.756126416065985,20.116068978242687,20.481815338134766,3747.0
2013-02-11,21.030437917744944,21.030437917744944,20.116071051756034,20.207508087158203,4280.0
2013-02-12,20.116068753762494,20.298942803675903,20.116068753762494,20.253223419189453,394.0
2013-02-13,20.207505769666284,20.52753448486328,20.207505769666284,20.52753448486328,492.0
2013-02-14,21.396182744037535,21.57905680141191,19.88747787475586,19.88747787475586,892.0
2013-02-15,19.201701946050864,19.61316768535843,18.51592687654905,19.476011276245117,2571.0
2013-02-18,19.887471864389816,21.48761327876601,19.384570974620736,19.65888023376465,2515.0
2013-02-19,19.75031954318015,20.3903751373291,19.201699216755383,20.3903751373291,1157.0
2013-02-20,20.48181744934832,20.48181744934832,19.61316997306869,20.207508087158203,53.0
2013-02-21,20.116069779271836,20.116069779271836,18.2873361629744,18.5616455078125,3160.0
2013-02-22,19.15598245066903,19.15598245066903,18.378770431693834,18.424488067626953,397.0
2013-02-25,19.155982723195848,19.658883701678892,17.464404009364458,18.927391052246094,15768.0
2013-02-26,18.287337164197062,18.698802947998047,17.921590769716396,18.698802947998047,1364.0
2013-02-27,18.287335263873295,18.287335263873295,17.64727783203125,17.64727783203125,2939.0
2013-02-28,17.37297103867459,18.287337935446935,17.007224628768938,17.052942276000977,1288.0
2013-03-01,18.19589702499166,19.65888409731607,18.150179387488052,18.333051681518555,2621.0
2013-03-04,17.41868215152497,18.744514352083538,17.37296452144328,17.6929931640625,4207.0
2013-03-05,19.11026129583271,19.11026129583271,17.098655853333184,17.6015567779541,2438.0
2013-03-06,18.195895656744195,18.24161503482599,17.967303998383045,18.013023376464844,1762.0
2013-03-07,18.013022363452894,19.97891016599846,18.013022363452894,18.150177001953125,2900.0
2013-03-08,18.241618083070687,18.28733572477613,17.83015233165673,18.104461669921875,3811.0
2013-03-11,18.33305396670896,18.33305396670896,17.464406537752172,17.784435272216797,3057.0
2013-03-12,18.51592695467171,18.973110336268544,17.55584255092484,17.64727783203125,17331.0
2013-03-13,18.150176501350362,18.150176501350362,16.13856937877659,17.144372940063477,22654.0
2013-03-14,17.32725186372971,17.32725186372971,16.778631425233897,17.00722312927246,634.0
2013-03-15,16.96150159666887,17.32724967208174,16.732909921543868,16.778629302978516,7918.0
2013-03-18,16.915781021118164,17.007218024089525,16.915781021118164,16.915781021118164,1750.0
2013-03-19,16.915786098853776,17.647278854170665,16.138573956319398,17.00722312927246,2165.0
2013-03-20,15.772824506931803,18.19589574904857,15.635669860022544,16.41288185119629,3131.0
2013-03-21,15.544233877869273,17.14437560059111,15.544233877869273,15.589951515197754,1997.0
2013-03-22,17.29150977303433,17.29150977303433,15.543963852510425,15.681927680969238,2848.0
2013-03-25,14.992107622768916,16.09582182077261,14.946120262145996,14.946120262145996,618.0
2013-03-26,14.394262866627187,15.130072901573996,14.394262866627187,15.03809642791748,2152.0
2013-03-28,14.716178338559999,15.543963019242966,14.348274230957031,14.348274230957031,101.0
2013-04-01,16.095822998462086,17.19953727722168,14.808157509446216,17.19953727722168,9946.0
2013-04-02,17.107558144282667,19.68288872329072,16.555701090408025,17.383485794067383,1582.0
2013-04-03,15.681927863370785,18.30324765179869,15.681927863370785,16.969594955444336,2767.0
2013-04-04,16.555699277699674,18.855101955157963,15.681925558543517,16.04983139038086,10889.0
2013-04-05,16.049835634474388,17.19953727722168,16.049835634474388,17.19953727722168,501.0
2013-04-08,17.19953727722168,17.19953727722168,17.19953727722168,17.19953727722168,0.0
2013-04-09,17.19953727722168,17.19953727722168,17.19953727722168,17.19953727722168,0.0
2013-04-10,17.19953727722168,17.19953727722168,17.19953727722168,17.19953727722168,0.0
2013-04-11,17.19953727722168,17.19953727722168,17.19953727722168,17.19953727722168,0.0
2013-04-12,14.900132179260252,14.900132179260252,14.900132179260252,14.900132179260254,100.0
2013-04-15,14.900132179260252,14.900132179260252,14.900132179260252,14.900132179260254,0.0
2013-04-16,14.900132179260252,14.900132179260252,14.900132179260252,14.900132179260254,0.0
2013-04-17,14.716177940368652,14.716177940368652,14.716177940368652,14.716177940368652,100.0
2013-04-18,14.716177940368652,14.716177940368652,14.716177940368652,14.716177940368652,0.0
2013-04-22,14.716177940368652,14.716177940368652,14.716177940368652,14.716177940368652,0.0
2013-04-23,13.842406272888184,13.842406272888184,13.842406272888184,13.842406272888184,510.0
2013-04-25,13.842406272888184,13.842406272888184,13.842406272888184,13.842406272888184,0.0
2013-04-26,13.842406272888184,13.842406272888184,13.842406272888184,13.842406272888184,0.0
2013-04-29,14.072347640991211,14.072347640991211,14.072347640991211,14.072347640991211,100.0
2013-04-30,14.072347640991211,14.072347640991211,14.072347640991211,14.072347640991211,0.0
2013-05-02,12.876656532287598,12.876656532287598,12.876656532287598,12.876656532287598,50.0
2013-05-03,12.876656532287598,12.876656532287598,12.876656532287598,12.876656532287598,0.0
2013-05-06,13.382525444030762,13.382525444030762,13.382525444030762,13.382525444030762,210.0
2013-05-07,13.382525444030762,13.382525444030762,13.382525444030762,13.382525444030762,0.0
2013-05-08,13.382525444030762,13.382525444030762,13.382525444030762,13.382525444030762,0.0
2013-05-09,13.336538314819336,13.336538314819336,13.336538314819336,13.336538314819336,800.0
2013-05-10,13.336538314819336,13.336538314819336,13.336538314819336,13.336538314819336,250.0
2013-05-13,15.176061630249023,15.176061630249023,15.176061630249023,15.176061630249023,50.0
2013-05-14,15.176061630249023,15.176061630249023,15.176061630249023,15.176061630249023,0.0
2013-05-15,15.176061630249023,16.463727114681785,14.440252406079129,15.176061630249023,400.0
2013-05-16,15.176061630249023,15.176061630249023,15.176061630249023,15.176061630249023,0.0
2013-05-17,14.716177940368652,14.716177940368652,14.716177940368652,14.716177940368652,100.0
2013-05-20,13.796416847338413,14.716177970494307,14.164320945739746,14.164320945739746,50.0
2013-05-21,14.808155059814453,14.808155059814453,14.808155059814453,14.808155059814453,6.0
2013-05-22,14.026358604431152,14.026358604431152,14.026358604431152,14.026358604431152,40.0
2013-05-23,14.026358604431152,14.026358604431152,14.026358604431152,14.026358604431152,0.0
2013-05-24,14.072347640991211,14.072347640991211,14.072347640991211,14.072347640991211,500.0
2013-05-27,13.336538314819336,13.336538314819336,12.462765290313436,13.336538314819336,400.0
2013-05-28,13.520488739013672,14.71617841027939,13.520488739013672,13.520488739013672,655.0
2013-05-29,12.876656532287598,13.888394182114098,12.876656532287598,12.876656532287598,135.0
2013-05-30,13.796417236328125,13.796417236328125,13.796417236328125,13.796417236328125,50.0
2013-05-31,13.796417236328125,13.796417236328125,13.796417236328125,13.796417236328125,0.0
2013-06-03,13.796417236328125,13.796417236328125,12.876656087239583,13.796417236328125,2102.0
2013-06-04,14.716177940368652,14.716177940368652,14.716177940368652,14.716177940368652,700.0
2013-06-05,17.659412384033203,17.659412384033203,17.659412384033203,17.659412384033203,5.0
2013-06-06,14.256299018859863,14.256299018859863,14.256299018859863,14.256299018859863,478.0
2013-06-07,14.210310935974121,14.210310935974121,13.7964185547618,14.210310935974121,192.0
2013-06-10,13.336538314819336,14.762167570888213,13.336538314819336,13.336538314819336,52.0
2013-06-11,13.336538314819336,13.336538314819336,13.336538314819336,13.336538314819336,0.0
2013-06-12,13.336538314819336,13.336538314819336,13.336538314819336,13.336538314819336,0.0
2013-06-13,13.336538314819336,13.336538314819336,13.336538314819336,13.336538314819336,0.0
2013-06-14,12.876656532287598,12.876656532287598,12.876656532287598,12.876656532287598,100.0
2013-06-17,12.876656532287598,12.876656532287598,12.876656532287598,12.876656532287598,0.0
2013-06-18,13.47450065612793,13.47450065612793,13.47450065612793,13.47450065612793,550.0
2013-06-19,13.47450065612793,13.47450065612793,13.47450065612793,13.47450065612793,0.0
2013-06-20,12.922644464659776,12.968632698059082,12.048871538683334,12.968632698059082,500.0
2013-06-21,12.968632698059082,12.968632698059082,12.968632698059082,12.968632698059082,0.0
2013-06-24,12.968632698059082,12.968632698059082,12.968632698059082,12.968632698059082,620.0
2013-06-25,12.830668449401855,12.830668449401855,12.830668449401855,12.830668449401855,231.0
2013-06-26,13.796417236328125,13.796417236328125,13.796417236328125,13.796417236328125,10.0
2013-06-27,16.27977180480957,16.27977180480957,16.27977180480957,16.27977180480957,15.0
2013-06-28,13.060608863830566,13.060608863830566,13.060608863830566,13.060608863830566,3001.0
2013-07-01,13.060608863830566,13.060608863830566,13.060608863830566,13.060608863830566,0.0
2013-07-02,13.152585983276367,13.152585983276367,13.152585983276367,13.152585983276367,200.0
2013-07-03,13.152585983276367,13.152585983276367,13.152585983276367,13.152585983276367,2200.0
2013-07-04,15.635942459106445,15.635942459106445,13.152587067502441,15.635942459106445,505.0
2013-07-05,12.876656532287598,15.635940074920654,12.876656532287598,12.876656532287598,60.0
2013-07-08,15.176061630249023,15.176061630249023,12.876658352938565,15.176061630249023,15.0
2013-07-09,13.796417236328125,13.796417236328125,13.796417236328125,13.796417236328125,50.0
2013-07-10,12.876656532287598,12.876656532287598,12.876656532287598,12.876656532287598,100.0
2013-07-11,11.81893253326416,11.81893253326416,11.772944294867074,11.81893253326416,5.0
2013-07-12,13.47450065612793,13.47450065612793,13.47450065612793,13.47450065612793,500.0
2013-07-15,13.796417236328125,13.796417236328125,13.796417236328125,13.796417236328125,468.0
2013-07-16,13.796417236328125,13.796417236328125,13.796417236328125,13.796417236328125,10.0
2013-07-17,13.796417236328125,13.796417236328125,13.796417236328125,13.796417236328125,0.0
2013-07-18,13.796417236328125,13.796417236328125,13.796417236328125,13.796417236328125,0.0
2013-07-19,15.543963432312012,15.543963432312012,15.543963432312012,15.543963432312012,10.0
2013-07-22,13.060608863830566,13.796417999219464,13.060608863830566,13.060608863830566,1150.0
2013-07-23,13.934382438659668,13.934382438659668,13.06060943586943,13.934382438659668,450.0
2013-07-24,13.934382438659668,13.934382438659668,13.934382438659668,13.934382438659668,0.0
2013-07-25,13.796417236328125,14.026357523600261,12.876656087239583,13.796417236328125,649.0
2013-07-26,13.796417236328125,13.796417236328125,13.796417236328125,13.796417236328125,0.0
2013-07-29,12.78468132019043,14.210311466133907,12.78468132019043,12.78468132019043,250.0
2013-07-30,13.70444107055664,13.70444107055664,12.508752252289263,13.70444107055664,410.0
2013-07-31,13.014619827270508,13.014619827270508,13.014619827270508,13.014619827270508,300.0
2013-08-01,13.014619827270508,13.014619827270508,13.014619827270508,13.014619827270508,0.0
2013-08-02,12.738692283630371,12.738692283630371,11.818931133249913,12.738692283630371,3110.0
2013-08-05,13.612466812133789,13.612466812133789,13.612466812133789,13.612466812133789,1.0
2013-08-06,15.543963432312012,15.543963432312012,15.543963432312012,15.543963432312012,10.0
2013-08-07,12.600728034973145,12.922644799968591,12.46276420834802,12.600728034973145,4112.0
2013-08-08,12.92264461517334,12.92264461517334,12.92264461517334,12.92264461517334,100.0
2013-08-12,12.92264461517334,12.92264461517334,12.92264461517334,12.92264461517334,0.0
2013-08-13,12.92264461517334,12.92264461517334,12.92264461517334,12.92264461517334,0.0
2013-08-14,12.92264461517334,12.92264461517334,12.92264461517334,12.92264461517334,0.0
2013-08-16,12.92264461517334,12.92264461517334,12.92264461517334,12.92264461517334,0.0
2013-08-19,12.416776657104492,15.268036832930292,12.416776657104492,12.416776657104492,10.0
2013-08-20,12.416776657104492,12.416776657104492,12.416776657104492,12.416776657104492,0.0
2013-08-21,12.416776657104492,12.416776657104492,12.416776657104492,12.416776657104492,0.0
2013-08-22,14.716177940368652,14.716177940368652,14.716177940368652,14.716177940368652,10.0
2013-08-23,14.716177940368652,14.716177940368652,14.716177940368652,14.716177940368652,0.0
2013-08-26,14.716177940368652,14.716177940368652,14.716177940368652,14.716177940368652,0.0
2013-08-27,13.520488739013672,13.520488739013672,12.876656108994467,13.520488739013672,151.0
2013-08-28,13.520488739013672,13.520488739013672,13.520488739013672,13.520488739013672,0.0
2013-08-29,14.6242036819458,14.6242036819458,14.6242036819458,14.6242036819458,100.0
2013-08-30,13.796417236328125,13.796417236328125,13.75042900344318,13.796417236328125,367.0
2013-09-02,13.796417236328125,13.796417236328125,13.796417236328125,13.796417236328125,0.0
2013-09-03,13.796417236328125,13.796417236328125,13.796417236328125,13.796417236328125,0.0
2013-09-04,15.176061630249023,15.176061630249023,15.176061630249023,15.176061630249023,5.0
2013-09-05,17.4754638671875,17.4754638671875,13.796418842516447,17.4754638671875,51.0
2013-09-06,13.980369567871094,13.980369567871094,13.980369567871094,13.980369567871094,100.0
2013-09-10,12.784680287084472,13.336537356130222,11.772943496704102,11.772943496704102,1260.0
2013-09-11,12.876656532287598,12.876656532287598,11.956895351409912,12.876656532287598,6.0
2013-09-12,12.876656532287598,12.876656532287598,12.876656532287598,12.876656532287598,0.0
2013-09-13,12.876656532287598,12.876656532287598,12.876656532287598,12.876656532287598,0.0
2013-09-16,11.129109382629395,11.129109382629395,11.129109382629395,11.129109382629395,500.0
2013-09-17,11.129109382629395,11.129109382629395,11.129109382629395,11.129109382629395,0.0
2013-09-18,13.336538314819336,13.336538314819336,13.336538314819336,13.336538314819336,3594.0
2013-09-19,11.451027870178223,11.451027870178223,11.451027870178223,11.451027870178223,100.0
2013-09-20,11.451027870178223,11.451027870178223,11.451027870178223,11.451027870178223,0.0
2013-09-23,11.956896781921387,11.956896781921387,11.956896781921387,11.956896781921387,100.0
2013-09-24,11.956896781921387,11.956896781921387,11.956896781921387,11.956896781921387,0.0
2013-09-25,12.324800491333008,12.324800491333008,12.324800491333008,12.324800491333008,65.0
2013-09-26,12.324800491333008,12.324800491333008,12.324800491333008,12.324800491333008,0.0
2013-09-27,12.324800491333008,12.324800491333008,12.324800491333008,12.324800491333008,0.0
2013-09-30,12.324800491333008,12.324800491333008,12.324800491333008,12.324800491333008,0.0
2013-10-01,12.324800491333008,12.324800491333008,12.324800491333008,12.324800491333008,0.0
2013-10-03,12.324800491333008,12.324800491333008,12.324800491333008,12.324800491333008,0.0
2013-10-04,12.324800491333008,12.324800491333008,12.324800491333008,12.324800491333008,0.0
2013-10-07,14.716177940368652,14.716177940368652,14.716177940368652,14.716177940368652,1.0
2013-10-08,15.635942459106445,15.635942459106445,15.635942459106445,15.635942459106445,10.0
2013-10-09,15.635942459106445,15.635942459106445,15.635942459106445,15.635942459106445,0.0
2013-10-10,15.635942459106445,15.635942459106445,15.635942459106445,15.635942459106445,0.0
2013-10-11,15.635942459106445,15.635942459106445,15.635942459106445,15.635942459106445,0.0
2013-10-14,14.854143142700195,14.854143142700195,14.854143142700195,14.854143142700195,50.0
2013-10-15,14.854143142700195,14.854143142700195,14.854143142700195,14.854143142700195,0.0
2013-10-17,11.910908699035645,11.910908699035645,11.910908699035645,11.910908699035645,222.0
2013-10-18,14.256299018859863,14.256299018859863,12.692705108350927,14.256299018859863,30.0
2013-10-21,11.86491870880127,11.86491870880127,11.86491870880127,11.86491870880127,1000.0
2013-10-22,11.037134253556845,11.54300308227539,11.037134253556845,11.54300308227539,1000.0
2013-10-23,11.54300308227539,11.54300308227539,11.54300308227539,11.54300308227539,500.0
2013-10-24,11.497014045715332,11.956894607543944,11.497014045715332,11.497014045715332,515.0
2013-10-25,11.03713607788086,12.416778087615967,11.03713607788086,11.03713607788086,376.0
2013-10-28,13.244561195373535,13.244561195373535,13.244561195373535,13.244561195373535,330.0
2013-10-29,13.244561195373535,13.244561195373535,13.244561195373535,13.244561195373535,125.0
2013-10-30,12.876656532287598,12.876656532287598,12.876656532287598,12.876656532287598,100.0
2013-10-31,13.014619827270508,13.014619827270508,12.92264423922897,13.014619827270508,270.0
2013-11-01,12.876656532287598,12.876656532287598,12.876656532287598,12.876656532287598,625.0
2013-11-05,14.716177940368652,14.716177940368652,12.094858393879463,14.716177940368652,250.0
2013-11-06,14.716177940368652,14.716177940368652,14.716177940368652,14.716177940368652,0.0
2013-11-07,16.095823287963867,16.095823287963867,15.222049322037908,16.095823287963867,501.0
2013-11-08,16.095823287963867,16.095823287963867,16.095823287963867,16.095823287963867,0.0
2013-11-11,16.095823287963867,16.095823287963867,16.095823287963867,16.095823287963867,0.0
2013-11-12,16.095823287963867,16.095823287963867,16.095823287963867,16.095823287963867,0.0
2013-11-13,16.095823287963867,16.095823287963867,16.095823287963867,16.095823287963867,0.0
2013-11-14,16.095823287963867,16.095823287963867,16.095823287963867,16.095823287963867,0.0
2013-11-18,16.095823287963867,16.095823287963867,16.095823287963867,16.095823287963867,0.0
2013-11-19,12.876656532287598,12.876656532287598,12.876656532287598,12.876656532287598,200.0
2013-11-20,14.256299018859863,14.256299018859863,14.256299018859863,14.256299018859863,200.0
2013-11-21,14.256299018859863,14.256299018859863,14.256299018859863,14.256299018859863,0.0
2013-11-22,14.256299018859863,14.256299018859863,14.256299018859863,14.256299018859863,0.0
2013-11-25,14.256299018859863,14.256299018859863,14.256299018859863,14.256299018859863,0.0
2013-11-26,14.256299018859863,14.256299018859863,14.256299018859863,14.256299018859863,0.0
2013-11-27,14.256299018859863,14.256299018859863,14.256299018859863,14.256299018859863,0.0
2013-11-28,14.256299018859863,14.256299018859863,14.256299018859863,14.256299018859863,0.0
2013-11-29,14.256299018859863,14.256299018859863,14.256299018859863,14.256299018859863,0.0
2013-12-02,15.176061630249023,15.176061630249023,15.176061630249023,15.176061630249023,10.0
2013-12-03,14.670191764831543,14.670191764831543,14.670191764831543,14.670191764831543,499.0
2013-12-04,15.635942459106445,15.635942459106445,15.635942459106445,15.635942459106445,20.0
2013-12-05,15.635942459106445,15.635942459106445,15.635942459106445,15.635942459106445,0.0
2013-12-06,15.635942459106445,15.635942459106445,15.635942459106445,15.635942459106445,0.0
2013-12-09,15.635942459106445,15.635942459106445,15.635942459106445,15.635942459106445,0.0
2013-12-10,13.842406272888184,13.842406272888184,13.336537436088772,13.842406272888184,91.0
2013-12-11,14.716177940368652,15.176058501005173,14.716177940368652,14.716177940368652,1217.0
2013-12-12,14.716177940368652,14.946118220686913,14.716177940368652,14.716177940368652,1624.0
2013-12-13,14.716177940368652,14.716177940368652,14.716177940368652,14.716177940368652,0.0
2013-12-16,14.716177940368652,14.716177940368652,14.716177940368652,14.716177940368652,0.0
2013-12-17,14.716177940368652,14.716177940368652,14.716177940368652,14.716177940368652,0.0
2013-12-18,14.716177940368652,14.716177940368652,14.716177940368652,14.716177940368652,0.0
2013-12-19,14.716177940368652,14.716177940368652,14.716177940368652,14.716177940368652,0.0
2013-12-20,14.716177940368652,14.716177940368652,14.716177940368652,14.716177940368652,0.0
2013-12-23,14.716177940368652,14.716177940368652,14.716177940368652,14.716177940368652,0.0
2013-12-24,15.222044944763184,15.222044944763184,15.222044944763184,15.222044944763184,200.0
2013-12-26,15.222044944763184,15.222044944763184,15.222044944763184,15.222044944763184,1.0
2013-12-27,13.106595993041992,17.47546132405599,13.106595993041992,13.106595993041992,2721.0
2013-12-30,15.635942459106445,15.635942459106445,13.428515639270165,15.635942459106445,678.0
2013-12-31,17.4754638671875,17.4754638671875,17.01558323910362,17.4754638671875,200.0
2014-01-01,17.4754638671875,17.4754638671875,17.4754638671875,17.4754638671875,0.0
2014-01-02,17.4754638671875,17.4754638671875,17.4754638671875,17.4754638671875,50.0
2014-01-03,17.4754638671875,17.4754638671875,17.4754638671875,17.4754638671875,690.0
2014-01-06,16.095823287963867,16.095823287963867,16.095823287963867,16.095823287963867,425.0
2014-01-07,16.095823287963867,16.095823287963867,16.095823287963867,16.095823287963867,0.0
2014-01-08,16.095823287963867,16.095823287963867,16.095823287963867,16.095823287963867,0.0
2014-01-09,16.095823287963867,16.095823287963867,16.095823287963867,16.095823287963867,0.0
2014-01-10,19.314983367919922,19.314983367919922,19.314983367919922,19.314983367919922,150.0
2014-01-13,19.314984605476027,20.23474577716536,15.865880211641024,17.383485794067383,10773.0
2014-01-14,17.015580866071915,17.84336553031709,16.233783556499475,16.555700302124023,4704.0
2014-01-15,15.635941564836035,16.463726355642745,15.176060930576151,16.371749877929688,380.0
2014-01-16,15.865879523907596,16.41773655386106,15.451986312866211,15.451986312866211,2139.0
2014-01-17,17.015580758755537,17.015580758755537,15.222045868948447,15.773902893066406,1378.0
2014-01-20,15.222047195161272,16.18779751008447,15.222047195161272,15.406000137329102,3027.0
2014-01-21,15.405998781323433,15.451986135665038,14.716177940368652,14.716177940368652,2450.0
2014-01-22,14.716177561601256,15.084081649780273,13.84240469431169,15.084081649780273,5475.0
2014-01-23,14.026359991593795,16.417739750857766,14.026359991593795,15.176061630249023,7664.0
2014-01-24,14.992106972893888,14.992106972893888,13.198573671765326,14.854143142700195,1256.0
2014-01-27,14.992106437683105,14.992106437683105,14.992106437683105,14.992106437683105,140.0
2014-01-28,15.451989321804087,15.451989321804087,15.176061630249023,15.176061630249023,400.0
2014-01-29,15.635942459106445,16.0958231196684,14.762168502316532,15.635942459106445,763.0
2014-01-30,15.451989321804087,15.635942285711115,15.176061630249023,15.176061630249023,363.0
2014-01-31,16.555703446333514,17.429477385501077,14.854144685710365,15.72791862487793,620.0
2014-02-03,15.268038441158257,17.337501435325038,14.348277110417465,16.095823287963867,1161.0
2014-02-04,14.90013325174238,16.417738993938915,14.762167658020097,16.371749877929688,801.0
2014-02-05,16.555701677242155,16.555701677242155,14.992106928224953,16.18779754638672,150.0
2014-02-06,14.946121468263513,15.77390630641393,14.716181137982536,15.635942459106445,970.0
2014-02-07,16.095821039000555,16.095821039000555,14.900132177825478,15.406000137329102,351.0
2014-02-10,14.762166129884823,14.762166129884823,13.796417599632626,14.486238479614258,9780.0
2014-02-11,14.900131683089308,17.383485794067383,14.900131683089308,17.383485794067383,24915.0
2014-02-12,20.41870340260554,20.74061848318398,18.441215025877305,20.32672691345215,91212.0
2014-02-13,20.74061572677424,21.52241314921944,17.659416906916423,18.487201690673828,27755.0
2014-02-14,19.268994823487716,19.268994823487716,17.659412975607523,18.02731704711914,4316.0
2014-02-17,19.314982487605167,19.314982487605167,17.935340881347656,17.935340881347656,29223.0
2014-02-18,17.47546291011656,18.85510471880997,16.601689062888617,17.98133087158203,18204.0
2014-02-19,18.809115343600048,18.809115343600048,17.52144839010076,18.533185958862305,2385.0
2014-02-20,17.613426849395722,18.211271286010742,17.613426849395722,18.211271286010742,4089.0
2014-02-21,18.211271173030934,18.53318794592045,17.88935615444669,17.98133087158203,811.0
2014-02-24,17.475460345928486,19.314982487605167,17.475460345928486,17.935340881347656,2244.0
2014-02-25,17.475460770302902,18.073305130004883,17.475460770302902,18.073305130004883,2286.0
2014-02-26,17.659413261818163,18.993065761950746,17.567436803873324,17.935340881347656,3794.0
2014-02-28,17.015584354328638,18.855106987229032,15.727918862159461,18.671154022216797,40678.0
2014-03-03,19.406958276193553,19.406958276193553,16.78563896385399,17.015579223632812,5725.0
2014-03-04,17.10755844332566,17.61342639487537,17.10755844332566,17.2915096282959,1122.0
2014-03-05,17.061566573866592,17.337495938184155,16.87761541862651,17.015579223632812,7534.0
2014-03-06,16.693664744876962,17.79737884135858,16.693664744876962,17.705402374267578,5922.0
2014-03-07,18.579179842324116,19.17702436479921,17.751393229644947,18.809120178222656,10406.0
2014-03-10,17.751387824033976,20.234743397234794,17.475460206702778,18.25725746154785,6482.0
2014-03-11,19.17702263618923,19.223009997501435,17.93534458340043,18.487201690673828,5977.0
2014-03-12,17.65941574060336,18.763128127950278,17.567439269748135,17.75139045715332,8754.0
2014-03-13,17.613425480890253,17.659414590475304,17.4754616607454,17.56743812561035,823.0
2014-03-14,17.475464547228494,18.395225839187887,17.475464547228494,18.30324935913086,6588.0
2014-03-18,18.30324920582172,18.30324920582172,16.96959639623462,17.06157112121582,7701.0
2014-03-19,17.199534436724868,17.705402374267578,17.107557969633866,17.705402374267578,1082.0
2014-03-20,17.475464303916734,17.93534494349349,16.73965598231609,16.83163070678711,2695.0
2014-03-21,17.475465378707643,18.395226714429096,17.337501529210527,18.349239349365234,4402.0
2014-03-24,17.521448325428672,18.579174998228297,15.36001113497226,16.417736053466797,7893.0
2014-03-25,17.15354657707215,18.625164894940887,17.15354657707215,17.88935661315918,11196.0
2014-03-26,17.565775754589904,18.397838463975127,17.565775754589904,17.93558120727539,8209.0
2014-03-27,17.935578604907885,18.028030395507812,17.611998219493753,18.028030395507812,2152.0
2014-03-28,17.93558197405696,18.536516080783436,17.93558197405696,18.07425880432129,1213.0
2014-03-31,18.16670892397453,18.81386975622661,18.12048390597284,18.767642974853516,2591.0
2014-04-01,17.7044535385862,19.183677192880197,17.7044535385862,18.9987735748291,3556.0
2014-04-02,18.582741286119735,19.414803960316142,18.582741286119735,19.229900360107422,2292.0
2014-04-03,19.414803960316142,19.877061197466528,18.813869904694926,19.229900360107422,5855.0
2014-04-04,19.18367519035434,20.200641456734154,18.721417956851827,18.767642974853516,4693.0
2014-04-07,18.58274148922519,18.952546930313108,17.843128843677913,18.49028968811035,3303.0
2014-04-09,19.229900360107422,19.27612714184531,18.490289486015374,19.229900360107422,1220.0
2014-04-10,19.322350954855096,23.06663540022209,18.72141693672103,21.078927993774414,43106.0
2014-04-11,20.98648094117185,21.864768703590855,20.431771859797365,20.709125518798828,5872.0
2014-04-15,21.679866230077288,21.726091250794205,18.86009588205769,19.599708557128906,7776.0
2014-04-16,20.246865514282,20.293092293462227,19.09122248534614,19.137449264526367,3974.0
2014-04-17,18.53651374842883,20.0157371996589,18.53651374842883,19.091222763061523,1910.0
2014-04-21,18.675192938850138,19.4148038071056,18.444064322098882,18.767642974853516,2222.0
2014-04-22,19.41480367802675,20.801575369314374,19.229900080506507,19.276126861572266,5778.0
2014-04-23,19.18367895049203,19.96951675415039,19.18367895049203,19.96951675415039,1151.0
2014-04-24,19.96951675415039,19.96951675415039,19.96951675415039,19.96951675415039,0.0
2014-04-25,20.1544160890298,20.1544160890298,18.67519424876347,19.32235336303711,2397.0
2014-04-28,19.877057916977826,19.96950970182404,19.13744716495036,19.64592933654785,1443.0
2014-04-29,19.599708557128906,19.645933577845824,19.322353142712885,19.599708557128906,1600.0
2014-04-30,19.738382659185273,19.784607673524146,18.721416473388672,18.721416473388672,3303.0
2014-05-02,18.99877194918481,19.322352371401028,17.889355625921052,18.49028968811035,3058.0
2014-05-05,18.490288986086696,19.09122302546024,18.259160373760615,18.582740783691406,8310.0
2014-05-06,18.30538400393636,18.397835794536288,17.658224996479337,18.028030395507812,1656.0
2014-05-07,17.79690382480621,18.49028968811035,17.750678805934513,18.49028968811035,4450.0
2014-05-08,17.935580925772904,18.490289977780613,17.565775478891585,17.981807708740234,4599.0
2014-05-09,17.565774381097008,18.95254604276256,17.4733225843117,18.1204833984375,4340.0
2014-05-12,17.565774574310403,18.952546251229645,17.565774574310403,17.843128204345703,15581.0
2014-05-13,17.750678805934513,20.246866855806548,17.750678805934513,18.49028968811035,19979.0
2014-05-14,18.675189896167595,19.55347743870325,18.259157748449415,19.4148006439209,20522.0
2014-05-15,18.67519760131836,19.414808654225844,18.490293956405566,18.67519760131836,6106.0
2014-05-16,19.414806124530262,21.26383527924743,18.12048606890257,18.25916290283203,8587.0
2014-05-19,19.830833197549143,21.91099045197579,19.229897468906746,21.818538665771484,61535.0
2014-05-20,22.095895511775012,24.03737625421262,21.26383284026501,23.575119018554688,59748.0
2014-05-21,23.806249505222436,26.76469675102588,22.37325266753825,23.343992233276367,91133.0
2014-05-22,24.49963429470894,24.961891545552504,23.112862542178245,23.713796615600586,84436.0
2014-05-23,24.037377043865373,25.193020170974286,23.159087561914014,23.713796615600586,51690.0
2014-05-26,24.03737486815368,28.428818353681756,23.575117659150724,26.16375732421875,136424.0
2014-05-27,25.886402027027028,27.642978954758192,23.621341144313682,25.6552734375,38492.0
2014-05-28,25.886405222398267,28.47504503928953,24.638310332215497,25.008115768432617,59530.0
2014-05-29,25.239245261547936,26.20998654906684,23.343991233118583,23.94492530822754,23975.0
2014-05-30,26.1637593044842,26.1637593044842,22.789281776031643,23.528894424438477,21940.0
2014-06-02,22.37324969578987,27.04204681695906,22.37324969578987,26.394886016845703,58907.0
2014-06-03,27.73543583151906,29.214659428541044,24.961892248367153,26.25621223449707,64336.0
2014-06-04,26.949594829938334,28.659946849433634,25.886403605940057,26.6722412109375,87460.0
2014-06-05,26.810921264261882,27.504307159027274,26.348664001084952,27.226953506469727,25826.0
2014-06-06,27.458079807828764,27.64298163938493,25.56282413162128,26.071308135986328,46273.0
2014-06-09,26.810920884272733,27.31940316121207,24.45340958083183,25.840181350708008,101257.0
2014-06-10,27.689207881148313,27.689207881148313,25.424146822520665,25.886404037475586,33122.0
2014-06-11,25.932629053622545,26.441113048095758,25.470371838667624,25.886404037475586,37208.0
2014-06-12,25.840181633434383,25.840181633434383,25.516601197581902,25.793954849243164,12068.0
2014-06-13,26.16375907480861,26.16375907480861,24.037376476469493,24.268505096435547,28419.0
2014-06-16,23.944923958005436,27.642981766604617,23.944923958005436,25.562824249267578,16240.0
2014-06-17,25.5628233751347,25.5628233751347,24.68453573364868,25.193017959594727,7563.0
2014-06-18,25.93262974946341,30.231623374594584,23.205313166071075,23.6213436126709,3704973.0
2014-06-19,24.03737734551635,25.65527774377226,22.55815377157951,23.20531463623047,1299470.0
2014-06-20,23.57511867331331,25.193018974423044,23.34399005886906,23.85247230529785,1175722.0
2014-06-23,24.17605371949308,24.77698778926272,23.944925095476183,24.222280502319336,193119.0
2014-06-24,24.54585764465889,27.550529570742665,24.49963262806768,26.579790115356445,576243.0
2014-06-25,27.04204890999463,29.029754716516525,26.579791663669933,27.8278865814209,1168706.0
2014-06-26,28.105240081183084,29.44578679406762,26.94959697123829,27.365629196166992,742599.0
2014-06-27,27.73543323820091,29.260881713627686,26.99582239053076,28.012786865234375,615173.0
2014-06-30,28.937304339899608,29.30711156587158,27.735436145605327,28.613725662231445,377912.0
2014-07-01,29.029751942247618,29.21465552845551,28.059012523084416,28.891075134277344,222611.0
2014-07-02,29.214656948212298,29.445785560518768,28.38259429658327,28.706172943115234,211620.0
2014-07-03,29.02975378021513,32.26555616349458,28.65994834775706,31.29481315612793,773786.0
2014-07-04,31.98820508787542,33.83723436524957,31.525947768531886,32.9127197265625,998391.0
2014-07-07,33.28251843797592,34.253257853735036,30.92500742063447,32.3117790222168,785076.0
2014-07-08,32.26555528216651,32.26555528216651,27.735433127337622,28.521270751953125,509035.0
2014-07-09,28.336369633111065,29.39956097647765,26.02508333737001,27.966564178466797,532989.0
2014-07-10,29.122206224279186,29.95427066995574,26.81092001600306,28.336368560791016,256513.0
2014-07-11,29.584464309561966,29.584464309561966,26.81092078054053,27.042049407958984,204386.0
2014-07-14,25.932631675073793,27.042049808461858,25.28547256674035,25.793954849243164,101150.0
2014-07-15,26.071308717946877,27.226951803611698,26.071308717946877,26.949596405029297,170980.0
2014-07-16,27.319401934371765,28.382594987562243,27.042048298200328,28.151466369628906,217128.0
2014-07-17,28.38259730931743,28.891079605017104,27.642984613406057,28.5674991607666,167420.0
2014-07-18,28.75239848176143,28.75239848176143,27.180723280610717,27.41185188293457,114923.0
2014-07-21,28.336369268524383,29.02975514832533,27.41185476212312,28.24391746520996,84855.0
2014-07-22,28.84485027536523,28.84485027536523,27.180723280610717,27.41185188293457,149398.0
2014-07-23,27.642981017814527,28.01278643598292,26.394886188546284,26.85714340209961,54777.0
2014-07-24,26.626015048146527,27.134499045906217,26.209984610020975,26.348661422729492,82850.0
2014-07-25,26.209989758655976,26.76469888182728,24.961894672363464,25.701505661010742,124647.0
2014-07-28,25.51659942153297,26.53356567912553,24.638309980118628,24.823213577270508,75638.0
2014-07-30,24.86943817138672,25.377922173210038,24.12982732211635,24.86943817138672,34276.0
2014-07-31,24.592086969035787,27.55053242125184,24.037377895691673,25.285472869873047,55473.0
2014-08-01,26.67224378456553,26.67224378456553,24.73076297411059,24.915666580200195,50576.0
2014-08-04,25.56282214468234,25.793950738690988,24.68453454547221,25.10056495666504,20103.0
2014-08-05,25.516602169487467,25.6090539780198,23.667573052327093,24.96189308166504,24346.0
2014-08-06,25.28547216192332,25.74772941620575,24.49963447696889,25.3779239654541,27258.0
2014-08-07,25.100566164866905,25.747726964590342,25.05434114918865,25.193017959594727,31603.0
2014-08-08,25.331696470733732,25.331696470733732,23.852472945889634,24.4996337890625,31508.0
2014-08-11,24.222280502319336,25.424148641858615,23.62134466917824,24.222280502319336,21605.0
2014-08-12,25.331697116035723,25.377923899366476,23.251539477181797,25.14679527282715,53701.0
2014-08-13,25.33169794044443,25.609053359340912,23.62134569571648,24.31473159790039,32916.0
2014-08-14,24.314725487451476,24.314725487451476,23.66756653273801,24.129823684692383,42737.0
2014-08-18,24.54585802461497,25.377922443107444,23.85247218478549,24.3609561920166,56593.0
2014-08-19,24.453412066205715,24.684540718009657,23.436445645594038,24.08360481262207,66597.0
2014-08-20,24.45340884144899,25.331696544458087,24.407182059161286,24.730762481689453,34121.0
2014-08-21,24.96189161561195,25.19302024168243,23.76002346539404,23.94492530822754,73481.0
2014-08-22,24.360960252809804,24.592088904613746,23.85247616081813,24.08360481262207,24542.0
2014-08-25,24.360956270621287,25.47037255990534,23.6213436477272,24.592084884643555,61724.0
2014-08-26,24.545862116229955,25.239248071641782,24.037379787609954,24.08360481262207,30424.0
2014-08-27,24.638312359319155,24.638312359319155,23.71379781102672,23.806249618530273,19836.0
2014-08-28,23.991147553911706,24.129824350651138,22.327020702925097,23.066633224487305,120055.0
2014-09-01,23.112862466538473,24.96189146386155,22.32702479000187,24.45340919494629,210128.0
2014-09-02,24.82321755641769,25.146798021617542,23.390218857210247,24.08360481262207,160838.0
2014-09-03,24.12983011887445,24.499635586371788,23.112863760728104,24.037378311157227,41109.0
2014-09-04,23.99115239102718,23.99115239102718,23.020411091387228,23.436443328857422,50439.0
2014-09-05,23.343989951263588,27.411853194057027,23.343989951263588,26.533565521240234,396707.0
2014-09-08,27.55053217999636,28.47504670635022,26.0250835641868,27.226953506469727,222765.0
2014-09-09,27.504304909213563,27.966562134578496,26.071308215930816,26.30243682861328,119628.0
2014-09-10,25.93263179712171,26.810921303801756,25.424149512225803,26.25621223449707,38168.0
2014-09-11,26.718468882322174,28.937303345010907,26.579792059036283,28.24391746520996,290318.0
2014-09-12,28.983529404456906,29.307109826289853,27.319402276475234,28.336368560791016,336098.0
2014-09-15,28.42882014027497,28.567496959016662,26.025082149723776,27.642982482910156,165574.0
2014-09-16,27.596756263848842,29.58446194832785,26.071307797312457,26.348661422729492,340337.0
2014-09-17,27.64298233320609,27.64298233320609,25.932630208997402,27.18072509765625,71567.0
2014-09-18,27.50430451794314,28.844851157779665,27.226950892018305,28.521270751953125,318338.0
2014-09-19,30.04672000393044,30.83255588564381,29.12220554227104,29.86181640625,444915.0
2014-09-22,30.740109347745484,31.156141608176394,29.815594780895996,30.647659301757812,284309.0
2014-09-23,31.294811213244014,31.71084340103783,29.63068598881132,30.09294319152832,275322.0
2014-09-24,31.344886641296014,31.344886641296014,28.28458769641883,29.026477813720703,62838.0
2014-09-25,28.74826998670562,30.37115619563255,26.986279599346073,27.589065551757812,95595.0
2014-09-26,26.939908012496346,27.820904013788493,26.198017946317496,27.496326446533203,68576.0
2014-09-29,27.54270039640085,28.516431496061127,26.661704244284795,26.893545150756836,65254.0
2014-09-30,26.615333240945244,27.310855868125287,26.012545549011463,26.5689640045166,45015.0
2014-10-01,27.357222771015298,27.357222771015298,25.502495803488838,25.687969207763672,51969.0
2014-10-07,25.502498060449433,26.847175938431747,24.71423867572896,24.992448806762695,52187.0
2014-10-08,25.40975890616776,25.73433647675276,24.389658728102955,24.899709701538086,69863.0
2014-10-09,24.76060547492784,26.151650686579842,24.250554502705498,25.270654678344727,70053.0
2014-10-10,25.038815877620475,25.131552586483895,24.296925744324334,24.528766632080078,81234.0
2014-10-13,24.66786811045519,25.270653998868962,24.528763946791305,25.131549835205078,25782.0
2014-10-14,25.03881360601387,25.45612787363628,24.204186839574497,24.48239517211914,52904.0
2014-10-15,24.48239517211914,24.48239517211914,24.48239517211914,24.48239517211914,0.0
2014-10-16,24.853343011663878,24.94607972258615,23.6941385471496,23.87961196899414,15020.0
2014-10-17,24.34329206501656,24.34329206501656,23.369561089938102,23.55503273010254,34043.0
2014-10-20,24.111454010009766,24.62150329116076,23.508668013520666,24.111454010009766,17543.0
2014-10-21,23.833242771510058,24.71423703944031,23.833242771510058,23.92597770690918,29377.0
2014-10-22,24.01871331565858,24.528764281118708,23.740504984538827,24.065082550048828,42305.0
2014-10-27,24.111451870836586,25.0388154043303,23.36956175156384,23.694137573242188,94524.0
2014-10-28,23.786872450123642,24.25055418119352,23.740504984538827,24.065082550048828,27086.0
2014-10-29,24.575133353668857,24.99244764644206,24.204188298317984,24.76060676574707,44413.0
2014-10-30,24.667870059707965,24.899710940402954,24.15781906089566,24.76060676574707,33929.0
2014-10-31,24.992446057215474,26.429858718599593,24.29692345935759,25.966176986694336,103010.0
2014-11-03,25.96618024298162,26.33712532126308,25.03881666287513,25.456130981445312,39107.0
2014-11-05,26.151652478404227,26.29075665533929,25.03881552531255,25.224288940429688,58062.0
2014-11-07,25.038815376545,25.54886461187832,23.230455780716746,24.4360294342041,26914.0
2014-11-10,25.82707446318291,25.82707446318291,24.575133353668857,24.76060676574707,35240.0
2014-11-11,25.27065320981281,25.27065320981281,24.296922325764182,24.621498107910156,37205.0
2014-11-12,24.621498876696954,25.73433572361885,24.621498876696954,25.131549835205078,86326.0
2014-11-13,25.54886401923131,25.54886401923131,24.57513304025293,24.714237213134766,78017.0
2014-11-14,24.714238276659124,25.780706006387057,24.714238276659124,25.31702423095703,32901.0
2014-11-17,25.595235339112694,28.191852673582616,25.317025201901558,27.820907592773438,314063.0
2014-11-18,27.82090586177441,28.65553268386653,27.449960804045194,27.867273330688477,144762.0
2014-11-19,27.91364215045129,28.470060613116523,26.93990939858576,27.40359115600586,114633.0
2014-11-20,27.357223764059334,27.820905522772208,26.847174536997393,27.03264617919922,44551.0
2014-11-21,26.98627860893723,27.44996036589902,26.42986014682198,26.615333557128906,34630.0
2014-11-24,25.96617824748411,28.56279536471031,25.96617824748411,27.357223510742188,90196.0
2014-11-25,28.655532874912225,28.655532874912225,24.992447973306906,25.595233917236328,42902.0
2014-11-26,25.734338883962312,27.17175169968841,25.409761283016078,26.522598266601562,18321.0
2014-11-27,26.522597203695288,26.893542260422766,26.24438708454551,26.70806884765625,20587.0
2014-11-28,26.38349004822698,26.800802526603423,25.502494090312236,25.73433494567871,31124.0
2014-12-01,25.687972625086676,26.476230276104552,24.714239776314347,24.853343963623047,27301.0
2014-12-02,25.59523494916586,25.78070660234193,24.853343030044655,25.038816452026367,62266.0
2014-12-03,25.27065966341184,26.42986423512798,25.27065966341184,26.290760040283203,80194.0
2014-12-04,26.290756979269105,26.66170204526824,25.87344267451658,26.058916091918945,26279.0
2014-12-05,26.058914717153765,27.82090501429822,25.780704605727482,26.939908981323242,72268.0
2014-12-08,27.12538007787756,27.449957629151694,25.64159824977105,25.73433494567871,30415.0
2014-12-09,25.780703188571678,25.966176585993797,25.038813136494017,25.131549835205078,14751.0
2014-12-10,25.641599972292227,26.10528171417384,25.038814061607223,25.687969207763672,28442.0
2014-12-11,25.780707266719652,27.820907885872586,25.131553810666038,26.337125778198242,116829.0
2014-12-12,26.568964410227043,27.032646168760866,25.27065584009344,25.50249671936035,37773.0
2014-12-15,25.085183653586057,25.73433885474142,24.946079472997226,25.363393783569336,20752.0
2014-12-16,25.27065852972177,25.27065852972177,23.647772202124962,24.111454010009766,67450.0
2014-12-17,23.972348189165782,24.34329325645541,23.276825524695628,23.786874771118164,27414.0
2014-12-18,25.873440843233034,27.820904512896913,24.296923982118827,25.687969207763672,153049.0
2014-12-19,25.919811508215428,25.966178977438624,25.502497209984362,25.595233917236328,19641.0
2014-12-22,25.595235164700153,25.595235164700153,25.131553374646913,25.456130981445312,9915.0
2014-12-23,26.33712412471579,26.33712412471579,25.177919702247614,25.224288940429688,21449.0
2014-12-24,25.038813869272953,25.13155057069802,24.760605533803215,24.899709701538086,10426.0
2014-12-26,24.80697498986473,25.038815877620475,24.482397393245567,24.528766632080078,12205.0
2014-12-29,25.038813869272953,25.73433647675276,24.62149959726289,24.899709701538086,38133.0
2014-12-30,25.085182583675618,25.456129407832037,24.667870059707965,24.76060676574707,13933.0
2014-12-31,24.575131852814515,29.675630916606206,24.575131852814515,28.609163284301758,155010.0
2015-01-01,30.602992861664738,34.31244654186652,30.602992861664738,32.08677291870117,1685442.0
2015-01-02,31.530360184980978,32.828670548818764,29.907473998989307,30.556629180908203,376874.0
2015-01-05,31.02031325719282,31.34488910350505,28.980112621142133,29.490161895751953,103269.0
2015-01-06,28.74826980364071,29.119214866700766,26.893542719534857,27.54269790649414,230766.0
2015-01-07,28.284588616741587,28.330956087279574,27.542698475300124,28.05274772644043,60457.0
2015-01-08,28.74826745046226,29.3974225842852,28.37732241776577,28.609163284301758,35856.0
2015-01-09,29.304685883909716,30.324786050429143,28.470059118141254,28.609163284301758,117027.0
2015-01-12,28.748270696064697,29.39742590317551,28.42369309250929,28.887374877929688,43543.0
2015-01-13,28.748269773197084,30.324788500539803,28.470061418398057,29.072847366333008,60868.0
2015-01-14,29.907476276466078,30.092949705082724,27.96001235121412,28.701904296875,74409.0
2015-01-15,28.748268310112486,30.37115442439303,28.748268310112486,29.536527633666992,157995.0
2015-01-16,29.397422790527344,30.000206925183306,28.74826765215016,29.397422790527344,72544.0
2015-01-19,29.39742564483519,32.272251274133595,28.74827044342906,31.159414291381836,197639.0
2015-01-20,32.13314531184995,32.13314531184995,30.232047388299463,30.834835052490234,111123.0
2015-01-21,30.695727861979147,32.086772995379,30.463887006412506,31.34488296508789,142934.0
2015-01-22,32.735932320650164,32.735932320650164,30.927572706472517,31.7622013092041,134185.0
2015-01-23,31.7622013092041,32.55045890475302,31.15941359194116,31.7622013092041,161700.0
2015-01-27,32.59682532873567,32.59682532873567,30.185678336308737,31.252147674560547,55241.0
2015-01-28,31.159413176206698,31.43762506514605,30.278420653269148,30.51026153564453,48883.0
2015-01-29,31.020307182338875,32.225878923763275,30.371152079230136,31.34488296508789,46471.0
2015-01-30,31.901308997312896,32.643199163796865,31.344888719241396,31.715835571289062,185529.0
2015-02-02,31.994039451354777,32.45772118253383,31.48399025457999,31.623092651367188,72803.0
2015-02-03,34.034243562228475,37.09454262093322,32.92140657607823,33.84877014160156,561575.0
2015-02-04,34.63702915038906,34.77613510585705,32.87504042759248,33.338722229003906,111412.0
2015-02-05,34.63702377822116,34.776129712113956,31.99403933514484,33.060508728027344,136507.0
2015-02-06,33.80240180885039,33.80240180885039,31.530360423735456,31.7622013092041,115843.0
2015-02-09,33.19961292753079,33.19961292753079,29.25831801275494,29.62926483154297,90710.0
2015-02-10,30.510264385335788,30.602999331903035,29.211953907725626,30.324790954589844,63641.0
2015-02-11,31.5303646512838,32.27225487673285,29.953845711197282,31.43762969970703,57334.0
2015-02-12,32.27225283803631,33.1996164456673,31.576730132313063,31.854938507080078,75843.0
2015-02-13,31.06667781445172,31.06667781445172,28.191850558457766,30.046579360961914,168229.0
2015-02-16,30.04657792890453,30.04657792890453,28.79463511826048,29.397422790527344,44833.0
2015-02-18,29.629263393679402,30.04657766016154,28.887371560911767,28.9801082611084,55072.0
2015-02-19,29.490159142173887,29.953840900816907,27.91364222407094,29.3046875,123079.0
2015-02-20,29.07284933529093,30.046582180644727,29.07284933529093,29.490161895751953,47073.0
2015-02-23,29.49016055689607,31.53036110032147,29.351056376391067,30.00020980834961,49463.0
2015-02-24,29.397422790527344,30.37115372928767,28.980108520312662,29.397422790527344,58310.0
2015-02-25,29.072846307213574,29.675632233189123,28.9337421348816,29.258317947387695,13350.0
2015-02-26,29.721999266432206,30.602995292995175,28.284586558677358,28.794635772705078,75232.0
2015-02-27,28.70190018603984,30.04657792890453,27.960008346636567,29.397422790527344,83483.0
2015-03-02,28.980109250137275,30.139313620142765,28.7946358434142,29.16558265686035,64877.0
2015-03-03,29.026478776008986,30.41752411867023,28.377325344050448,30.00020980834961,64665.0
2015-03-04,30.973942110455912,35.98170285481214,28.79463577728402,29.536527633666992,138635.0
2015-03-05,30.69572952967081,31.483990603989856,28.37732261685125,29.397422790527344,71532.0
2015-03-09,28.562792366210303,31.623090916588072,28.562792366210303,31.252147674560547,378696.0
2015-03-10,32.08678042189568,36.39902274855221,31.62309860344279,34.405189514160156,776651.0
2015-03-11,35.657122118731685,37.836424613085214,33.941497769618245,36.862693786621094,561930.0
2015-03-12,37.2800184347585,38.949272252336335,35.42529118464725,36.630863189697266,376996.0
2015-03-13,36.167183714832916,37.00181244637374,34.77613818733934,35.564395904541016,127995.0
2015-03-16,35.28618015374928,35.28618015374928,31.994040465541808,33.29235076904297,387598.0
2015-03-17,35.23981343699166,35.23981343699166,32.08677608284798,33.477821350097656,45654.0
2015-03-18,33.52419472900246,35.147080989014256,32.59683115185286,34.68339920043945,69993.0
2015-03-19,35.33254850631492,36.67722631058178,33.477821476322305,34.2197151184082,155962.0
2015-03-20,35.14708315589115,35.14708315589115,32.04041285834176,33.57056427001953,101904.0
2015-03-23,33.33872635667746,33.43146131339672,31.25215799198764,32.59683609008789,96881.0
2015-03-24,32.3649884445214,32.78229920077248,30.788469744159325,32.040409088134766,239252.0
2015-03-25,32.96777693116402,36.39902313132035,32.96777693116402,35.23981857299805,686544.0
2015-03-26,34.868866103937606,34.868866103937606,33.43145338979964,34.126976013183594,102621.0
2015-03-27,35.10070408744001,36.81632853971835,33.47781809987469,34.31244659423828,132194.0
2015-03-30,35.147079176697424,35.239814114586096,33.616927938256474,34.35881805419922,135274.0
2015-03-31,35.23981344695161,36.86269959253491,34.82249915913655,35.74986267089844,97452.0
2015-04-01,35.286179057361736,35.61075839195741,34.35881559442129,34.63702392578125,39614.0
2015-04-06,34.8224993064745,38.43921843269302,34.77613183821243,37.28001403808594,119427.0
2015-04-07,37.88279729535885,40.80399371499982,36.30628218645901,40.15483856201172,329232.0
2015-04-08,41.22131192227432,48.17653878640571,39.41295223007789,42.47325134277344,299929.0
2015-04-09,42.9369289022282,46.27543959056372,40.7112586476155,40.896728515625,121821.0
2015-04-10,41.49951361514093,42.009562795626096,39.87662760784491,40.38667678833008,77607.0
2015-04-13,40.20120507895278,42.195037957943946,39.876629278936036,41.453147888183594,62838.0
2015-04-15,40.9431004785604,41.91683145884548,39.96936596066427,40.2939453125,45003.0
2015-04-16,41.035838879735905,41.035838879735905,39.22747917073375,39.459320068359375,24080.0
2015-04-17,39.22747704717406,40.711260834220994,38.949268692606246,39.0420036315918,35883.0
2015-04-20,39.088371133574455,39.87662865710072,36.21354229386813,36.81632995605469,71971.0
2015-04-21,37.79006013763392,41.26767303373521,36.6308558389335,39.69115447998047,81271.0
2015-04-22,39.73752038691626,40.29394055105035,37.65095273103735,39.3665771484375,50324.0
2015-04-23,39.737526099153484,39.87663204458603,37.83643155803847,38.20737838745117,51399.0
2015-04-24,37.88279908726257,38.20737844791512,35.93533707379186,36.723594665527344,64864.0
2015-04-27,37.0945462242205,37.0945462242205,34.40519020791988,35.33255386352539,54753.0
2015-04-28,35.147079646916524,36.63085989865293,34.31245104430781,35.98170471191406,39053.0
2015-04-29,35.6571231465352,37.00180077308382,34.544286368094596,36.306278228759766,34391.0
2015-04-30,35.98170274554177,37.46548645380171,32.73593052683754,37.094539642333984,71233.0
2015-05-04,37.140916635544855,38.30012129668928,37.094549156621454,37.46549606323242,23395.0
2015-05-05,37.28001705595301,37.92917227700517,36.723596778932006,37.14091110229492,19607.0
2015-05-06,37.3263767927338,37.51185017997137,35.47164999557932,35.610755920410156,40180.0
2015-05-07,35.47165079412815,35.703491648991736,34.5906548381244,35.05433654785156,11259.0
2015-05-08,34.63703112182125,35.74986821607019,34.31245525740397,35.33255386352539,27553.0
2015-05-11,35.51802429730731,35.65713024892427,34.45155830615206,34.68339920043945,16832.0
2015-05-12,34.31244659423828,35.19344255215302,34.17334066597411,34.31244659423828,45677.0
2015-05-13,34.82249493067934,35.05433578046763,33.84876406909064,34.17333984375,13366.0
2015-05-14,35.19344489813922,35.37891830231815,32.87503618992993,33.98787307739258,29644.0
2015-05-15,33.84876604528235,35.657125486730564,32.96777005712955,34.544288635253906,44888.0
2015-05-18,34.35881974842789,34.4051872196586,33.52419465344122,33.941505432128906,18731.0
2015-05-19,33.89514022138428,34.683401435321116,33.8487727470613,34.405189514160156,14107.0
2015-05-20,34.35881805419922,34.683397412031816,33.524193000367795,34.35881805419922,11749.0
2015-05-21,34.266079130687125,34.729760841420074,33.756029956403026,34.31244659423828,13852.0
2015-05-22,34.59065408089105,34.77612746824381,33.61692321930235,34.17333984375,9610.0
2015-05-25,34.358819217734805,34.77613352758811,33.43145565699912,33.80240249633789,9060.0
2015-05-26,33.66329904662759,34.72976863570174,32.92140885047717,33.52419662475586,18120.0
2015-05-27,33.477828791756345,34.08061662326703,31.99404825857721,32.59683609008789,28898.0
2015-05-28,33.70966031923145,33.84876625312425,32.36498613378506,33.060508728027344,15707.0
2015-05-29,34.31245230294608,34.31245230294608,30.69573294245589,33.15324783325195,29438.0
2015-06-01,26.986277737597643,32.875036214635784,26.986277737597643,31.391252517700195,95298.0
2015-06-02,32.17951818682639,32.17951818682639,29.76837066235201,30.324790954589844,13753.0
2015-06-03,29.675630859375,32.31861531774374,28.748267395019532,28.9801082611084,45666.0
2015-06-04,29.675630859375,30.139312591552734,28.2845856628418,28.9801082611084,44291.0
2015-06-05,28.470063722353295,31.437628001454062,28.19185357623438,30.324790954589844,20954.0
2015-06-08,31.437626073582745,31.437626073582745,29.211952116340854,29.582897186279297,9272.0
2015-06-09,29.30468879100285,30.973944256939227,28.052747633751967,28.42369270324707,28317.0
2015-06-10,28.70190199290461,29.443792110206484,28.70190199290461,29.026477813720703,18223.0
2015-06-11,29.1655829090256,29.629264661036782,27.728168416507625,28.09911346435547,32952.0
2015-06-12,27.91364139790777,28.655531482256585,26.429859460404657,27.63543128967285,28203.0
2015-06-15,28.284587920181394,30.0465800581224,27.032646789625364,29.44379234313965,156648.0
2015-06-16,30.37115519111784,30.37115519111784,28.47006068820367,29.3046875,62146.0
2015-06-17,29.582893870167368,30.13931229710579,29.211948841810226,29.675630569458008,14418.0
2015-06-18,30.371155936273798,30.371155936273798,29.675633281244625,29.814739227294922,14308.0
2015-06-19,29.675633895965312,30.371156565402,28.84100704640241,29.582897186279297,16392.0
2015-06-22,29.582893870167368,30.32478569568707,29.351053006343477,29.675630569458008,9005.0
2015-06-23,30.185683995612276,31.066680109216808,29.675634731192176,29.768369674682617,24736.0
2015-06-24,32.45772082532838,32.45772082532838,29.907471331909722,30.41752052307129,36365.0
2015-06-25,31.113046470945466,31.252152418829596,30.602997224722337,31.066679000854492,23694.0
2015-06-26,30.973942724549534,30.973942724549534,29.76836732852187,30.788469314575195,9857.0
2015-06-29,30.232052470411144,30.602999331903035,29.02648047697968,30.324790954589844,16129.0
2015-06-30,31.06667877443527,31.06667877443527,29.907474342553357,30.649364471435547,3718.0
2015-07-01,32.45772831749803,32.45772831749803,30.74210695004636,31.43762969970703,28812.0
2015-07-02,31.06667428474145,31.99403769622627,30.649360042051146,31.252147674560547,14396.0
2015-07-03,31.576728602115153,32.13314886229666,30.78847098887208,31.159414291381836,14331.0
2015-07-06,32.364986251342366,32.364986251342366,30.232047457830024,31.623092651367188,54269.0
2015-07-07,32.36498404548982,34.59065408089105,31.71582895856048,34.17333984375,71792.0
2015-07-08,34.17334241946586,37.001803830158536,32.04040714817193,36.16717529296875,174075.0
2015-07-09,36.49175660843483,39.59842682194592,36.07444581436727,38.068275451660156,567108.0
2015-07-10,38.94926274024396,38.94926274024396,35.37891507076584,35.610755920410156,146501.0
2015-07-13,37.92916833675406,38.0219032711515,35.332547722293945,36.3526496887207,100941.0
2015-07-14,35.378916246724856,36.53812053347717,35.378916246724856,35.84259796142578,35582.0
2015-07-15,36.95543322564911,38.67105778448375,35.239812204425405,37.74369430541992,141054.0
2015-07-16,37.8827980498559,39.691157605763806,37.09454047970655,38.02190399169922,573048.0
2015-07-17,38.02190498092425,39.32021534653685,38.02190498092425,38.995635986328125,193963.0
2015-07-20,38.94926461358495,40.61851810378786,38.94926461358495,39.73752212524414,98863.0
2015-07-21,40.711259591522364,40.711259591522364,37.697328177546204,38.02190399169922,127711.0
2015-07-22,38.578320712406395,39.36658182075027,38.578320712406395,38.81016159057617,237226.0
2015-07-23,40.34031658702497,40.34031658702497,38.300115960158905,38.763797760009766,150973.0
2015-07-24,38.53195208284643,39.13473976296277,37.836429469301876,38.57831954956055,101792.0
2015-07-27,38.485583900209,39.18110650081518,36.63085696525916,38.39284896850586,175182.0
2015-07-28,38.02189736139207,40.34030573708671,37.32637484868368,38.94926071166992,344635.0
2015-07-29,39.87663746097993,40.24758434077788,38.94927379909667,40.062110900878906,132636.0
2015-07-30,40.711252492242025,40.80398741222564,38.253738198961535,38.94926071166992,107827.0
2015-07-31,38.856531123115076,40.24757633939446,37.83642917527698,39.273841857910156,158561.0
2015-08-03,39.876632232906395,39.876632232906395,37.74369679773829,39.0420036315918,102645.0
2015-08-04,39.783896115964836,41.731358077888544,38.624691724912374,41.08220291137695,119673.0
2015-08-05,41.73135457994312,43.02966480414121,40.9894645393774,41.870460510253906,157622.0
2015-08-06,41.453152068371,43.67882250209142,40.47942103251761,40.75762939453125,88191.0
2015-08-07,40.52578364076283,42.195037150170485,39.59842018691293,39.78389358520508,89654.0
2015-08-10,40.57215482876033,42.33414696779667,40.293946474599636,41.31404495239258,115871.0
2015-08-11,41.26768002250144,41.499520921504256,40.015740582930775,40.247581481933594,63095.0
2015-08-12,40.80399189141284,40.80399189141284,37.92916660501672,38.30010986328125,161102.0
2015-08-13,39.691159747369866,39.78389822613963,36.30628486852642,36.9090690612793,40526.0
2015-08-14,37.743697740833035,40.34031501103241,36.862701648012376,39.22747802734375,76862.0
2015-08-17,38.94926576368383,41.08220103845863,38.94926576368383,39.969364166259766,101385.0
2015-08-18,39.69116114005926,40.062107992931665,38.85653602751338,39.50568771362305,39407.0
2015-08-19,41.22131080439378,43.16877285849283,39.50568610186726,42.24140930175781,1063194.0
2015-08-20,46.36817598269671,50.68041776413194,45.53354739996374,47.20280456542969,2313968.0
2015-08-21,47.20280236343202,47.20280236343202,43.95703019605762,45.30170440673828,355551.0
2015-08-24,41.453154040420095,42.56599107902689,36.259915706125554,38.068275451660156,623367.0
2015-08-25,38.06827523522534,41.36041532177746,35.88897218095305,40.34031677246094,177617.0
2015-08-26,39.87662887573242,42.47324586244399,38.76379201353865,39.87662887573242,111204.0
2015-08-27,40.52578325421414,42.93692679618125,40.52578325421414,42.7514533996582,64416.0
2015-08-28,44.09613985453739,48.87206395926879,43.307882184876405,45.25534439086914,310046.0
2015-08-31,45.255332351029594,48.22289588206329,43.67881389351695,45.85811996459961,176313.0
2015-09-01,45.39444463853853,45.62628551663361,41.82409299330769,42.56598663330078,172481.0
2015-09-02,42.56598745243954,44.7916578024164,42.56598745243954,43.493350982666016,60064.0
2015-09-03,43.49334454604086,45.394438794138,43.446973546303134,43.72518539428711,60966.0
2015-09-04,43.58608892355668,43.910664766453515,40.47942229830517,41.8240966796875,92710.0
2015-09-07,42.19504221294447,42.473250574958115,39.87663330014532,40.75762939453125,91347.0
2015-09-08,41.9632008642394,42.009568334467694,38.30011411442443,39.92300033569336,111515.0
2015-09-09,41.2676769699181,42.65872226103893,40.47941938666074,41.963199615478516,74346.0
2015-09-10,41.267673917371184,43.493347633577116,39.87662872914519,42.84419250488281,66963.0
2015-09-11,44.46707789548281,44.46707789548281,42.00956335117685,42.7514533996582,133370.0
2015-09-14,42.33415001585209,45.67265758137504,41.73136225709394,45.023502349853516,104541.0
2015-09-15,44.281607099147664,46.229069032966294,44.04976622428301,44.74528884887695,87164.0
2015-09-16,45.16261145107383,45.67266076221584,43.678827456028756,44.09614181518555,85403.0
2015-09-18,43.86429214477539,45.57991671505339,43.586083806722755,43.86429214477539,64569.0
2015-09-21,45.34807877516373,45.34807877516373,43.16877232138474,43.6788215637207,87946.0
2015-09-22,44.096131102436736,44.46707789548281,42.24140421242795,42.7514533996582,71914.0
2015-09-23,42.51860572259708,45.91822912638022,42.285754658515,45.54566955566406,63873.0
2015-09-24,45.63881042608343,46.94277785946741,44.800545139904386,45.77852249145508,78590.0
2015-09-28,47.920747003849726,48.33987960623239,45.40595494257881,46.19764709472656,232111.0
2015-09-29,46.43050318341337,54.67343341454496,46.01137408858036,52.53120422363281,802673.0
2015-09-30,52.71748224221395,56.21024838599205,51.227236775412145,52.53120422363281,397085.0
2015-10-01,52.53120301916007,54.021448451792466,49.83012917536029,50.482112884521484,135689.0
2015-10-05,51.599801275394945,53.83516953437462,50.80810546350638,52.25178146362305,591397.0
2015-10-06,52.81062161773871,54.02144643057765,51.73950531040509,52.62434005737305,373462.0
2015-10-07,53.55574435755448,55.791115978036416,52.67090960973766,54.53371810913086,308042.0
2015-10-08,54.487152099609375,55.41855640900441,53.602317295079,54.487152099609375,129949.0
2015-10-09,55.418558697070196,59.14417608846988,54.16116424868306,55.74454879760742,674491.0
2015-10-12,56.34995773957085,58.58532938516063,55.3719839770098,56.48966979980469,254287.0
2015-10-13,56.72252337510562,60.07557743885478,56.117109158000005,56.8156623840332,518931.0
2015-10-14,56.95537225408547,58.399048154943316,55.93082543026435,56.53623962402344,246370.0
2015-10-15,56.53623907495737,58.445617090001775,53.74202630571426,54.114585876464844,282946.0
2015-10-16,55.69797126972727,55.69797126972727,51.83264591461292,53.32289123535156,126470.0
2015-10-19,53.974884349184414,55.32542140622511,52.43806570616816,54.021453857421875,127099.0
2015-10-20,55.41855798439812,55.41855798439812,52.62434497678141,53.229759216308594,103439.0
2015-10-21,52.99690555506365,54.394011990929734,51.506656558324586,51.97235870361328,110433.0
2015-10-23,52.717481701915546,52.90376327161295,50.1095503852282,50.575252532958984,68655.0
2015-10-26,51.22723891188586,51.59980207063709,48.526164893503456,48.99186706542969,95806.0
2015-10-27,48.99186170352897,53.92830702809965,48.433020579589936,50.668392181396484,285247.0
2015-10-28,49.59727682709491,51.69293641133836,49.59727682709491,50.808101654052734,104241.0
2015-10-29,50.85467498018,50.85467498018,49.131578391453004,49.36442947387695,91642.0
2015-10-30,50.24926105910176,50.48211212651834,47.082485121026224,47.548187255859375,99857.0
2015-11-02,48.20017169794621,49.31785754937322,47.03591634292335,48.57273483276367,39423.0
2015-11-03,49.36443207925909,50.528687552826526,48.94529939816967,49.2247200012207,31967.0
2015-11-04,49.78356256644847,50.29583424163781,48.572737637903046,48.94529724121094,35367.0
2015-11-05,49.3178600859666,49.36442959195767,46.9427797501662,47.45505142211914,261786.0
2015-11-06,47.50161733133041,47.734468396680064,45.638808808533135,46.05794143676758,51982.0
2015-11-09,45.63880921364853,47.87418088205777,44.47455387656566,47.548187255859375,58377.0
2015-11-10,47.035913329193555,49.64384444674183,45.825088548155975,48.20016860961914,111522.0
2015-11-13,49.27129255715339,50.48211752663759,47.687904418739116,48.66587829589844,290798.0
2015-11-16,48.01389496876409,49.36443202728554,47.03592108260226,48.24674606323242,93541.0
2015-11-17,48.61930827770872,49.27129203997999,47.874185500695404,48.10703659057617,46825.0
2015-11-18,47.92075038493602,50.10954899744169,47.082485121026224,47.548187255859375,376645.0
2015-11-19,48.75901914981715,49.83013563610258,48.33989001025191,48.89873123168945,232434.0
2015-11-20,49.87670157901905,50.20269522906723,48.61930714418833,48.94529724121094,190888.0
2015-11-23,48.5261627343329,49.8301301789166,47.78104000301026,48.71244430541992,126985.0
2015-11-24,49.131578610493584,49.31786018786834,48.20017427664536,48.43302536010742,62488.0
2015-11-26,48.75901609506006,49.13157925469453,47.96732382211883,48.52616500854492,75572.0
2015-11-27,48.66588013058617,49.36443343389602,48.43302902948289,48.89873123168945,104555.0
2015-11-30,49.08500929543701,53.69546147653392,49.08500929543701,50.388973236083984,1172203.0
2015-12-01,51.22723560083768,52.53120301916007,50.10954974985069,50.482112884521484,457511.0
2015-12-02,50.90125136208074,51.18067196862583,49.83013489179447,50.249267578125,279421.0
2015-12-03,50.668397595122286,53.74203121124345,50.29583443733917,53.276329040527344,573796.0
2015-12-04,53.36946782931821,54.90628640743723,51.92579181676659,54.207733154296875,339720.0
2015-12-07,55.139137903267084,58.35248360229592,54.347442078651675,55.232276916503906,657094.0
2015-12-08,54.95285338686231,55.55826759962265,51.97235893324096,52.4846305847168,232840.0
2015-12-09,52.48463279113695,52.48463279113695,47.96732319318331,48.43302536010742,269643.0
2015-12-10,48.5727395217276,50.52868728577304,47.967325257461965,50.156124114990234,186048.0
2015-12-11,50.71496927706155,51.134101959290305,47.68790503755773,48.75901794433594,149422.0
2015-12-14,47.6879031158516,49.27129121100592,47.6879031158516,48.99186706542969,57000.0
2015-12-15,48.89872416691966,50.06297950422727,48.57273409368366,49.45756530761719,44969.0
2015-12-16,50.06297468706573,50.10954418547196,48.57272941991656,48.852149963378906,96637.0
2015-12-17,49.364427202777904,50.29583148962277,49.03843712359235,49.55070877075195,128559.0
2015-12-18,49.36442784013341,50.29583213900385,49.36442784013341,49.64384841918945,108195.0
2015-12-21,49.8301293213443,52.43806061260397,49.364427178154166,51.460086822509766,260699.0
2015-12-22,51.646368893949976,51.97235897615136,50.1095503852282,50.575252532958984,98441.0
2015-12-23,50.43554565771127,51.22723791334364,49.92327043615741,50.295833587646484,106005.0
2015-12-24,49.597277789135376,51.41351684131442,49.550708285853936,50.435543060302734,89760.0
2015-12-28,50.38896532011455,51.180661014408784,49.643842677797934,49.87669372558594,74634.0
2015-12-29,50.10955157951841,50.29583315365557,48.712445103027974,49.27128982543945,100503.0
2015-12-30,49.73699294740483,50.29583412761252,48.991866636427154,49.4109992980957,70849.0
2015-12-31,50.0629827211488,50.202694791813386,49.131578391453004,49.36442947387695,48557.0
2016-01-01,49.55070705021376,53.50917513185543,49.45756449294821,52.6709098815918,722404.0
2016-01-04,52.15864289849309,52.4380634891299,49.59728097044209,50.388973236083984,158527.0
2016-01-05,53.78859906403915,55.837689262798115,51.227237203846805,53.555747985839844,754511.0
2016-01-06,54.02144858503689,56.95537350698612,52.670911659805896,53.36946487426758,829210.0
2016-01-07,53.276328468854295,53.276328468854295,51.273807735052536,51.78607940673828,258986.0
2016-01-08,53.462608561046316,55.232274609817956,51.92579003564224,53.97488021850586,246132.0
2016-01-11,53.09004898363575,54.207734936001636,52.20521412330334,53.46261215209961,240253.0
2016-01-12,58.44562550481585,59.42359940425144,54.48715684512713,55.55827331542969,2514365.0
2016-01-13,56.396529530951064,59.3304544907393,49.59727886643873,51.553226470947266,604198.0
2016-01-14,50.7615442635136,51.180676990973524,45.3593989791027,49.92327880859375,343480.0
2016-01-15,50.9012459717086,52.15864034451807,47.5016188851861,48.153602600097656,204921.0
2016-01-18,46.15109005136013,47.920759937711495,42.6583233438451,43.403446197509766,344924.0
2016-01-19,43.775999979613765,46.38393118268783,43.0308772863105,46.01137161254883,196357.0
2016-01-20,44.89368657649887,45.59223977980635,43.86913974649938,45.1731071472168,136632.0
2016-01-21,46.43050561544809,46.896207792345365,44.986829577671664,45.68538284301758,91076.0
2016-01-22,47.40847595158394,47.501614951848104,45.96479657631356,46.709922790527344,133615.0
2016-01-25,48.43302243298383,48.43302243298383,46.89620395380401,47.12905502319336,59932.0
2016-01-27,47.40848069737888,47.96732186095653,46.80306647598186,47.315338134765625,53426.0
2016-01-28,47.87418163410794,47.920751137717744,45.173107788434685,45.2662467956543,88175.0
2016-01-29,44.940258145133214,46.570215694438566,44.940258145133214,45.91823196411133,64203.0
2016-02-01,45.173110926444025,47.73447288619085,45.173110926444025,46.61678695678711,69739.0
2016-02-02,46.709922249319305,47.874177504257226,45.82508754496147,46.19764709472656,51966.0
2016-02-03,45.638811795173176,45.638811795173176,42.9377378391466,44.055423736572266,69548.0
2016-02-04,45.21968070997207,45.6388133801912,43.77600467079564,44.24170684814453,28872.0
2016-02-05,43.496581617378425,44.80054550846428,43.07744897084083,43.915714263916016,46083.0
2016-02-08,44.47456071133643,44.707411814537146,43.170593112202084,43.636295318603516,36841.0
2016-02-09,43.35687160605552,44.05542486572244,42.89116943294423,43.2171630859375,44308.0
2016-02-10,44.008849616867366,44.008849616867366,42.099471666846405,42.51860427856445,28884.0
2016-02-11,42.844603951482675,43.31030616834662,37.25617734911537,37.90816116333008,89113.0
2016-02-12,38.187580364504846,39.11898476363911,34.92766496753492,36.278202056884766,151680.0
2016-02-15,36.324771322855135,40.98179328732375,36.324771322855135,38.18758010864258,96838.0
2016-02-16,38.93270268778652,38.93270268778652,36.417910130873764,36.69733428955078,37608.0
2016-02-17,36.32476936976553,37.768445390522885,34.974232362079384,37.44245529174805,50654.0
2016-02-18,38.14100730684067,39.86410386372659,36.743900838114094,37.30274200439453,38096.0
2016-02-19,36.790473307092604,37.67530818584303,36.32477111333194,36.69733428955078,60958.0
2016-02-22,36.790475139046436,38.04786970360093,36.790475139046436,36.9301872253418,30591.0
2016-02-23,37.349311713471664,37.395884771770724,36.13848681123172,36.371337890625,23992.0
2016-02-24,36.324767011182054,36.97675071942373,34.92766058767505,35.2536506652832,23433.0
2016-02-25,35.579647311725324,36.09191899982741,34.368822352658825,34.64824295043945,28258.0
2016-02-26,35.39336494091653,37.48902470715501,33.996258430090876,36.464481353759766,52621.0
2016-02-29,37.53559330073338,38.65327919281754,35.90563574440975,37.81501388549805,44306.0
2016-03-01,38.42042123567805,39.8640969593834,37.58215607841694,39.30525588989258,45506.0
2016-03-02,40.88865036038308,41.26120995010925,39.16555026643866,40.60922622680664,36383.0
2016-03-03,41.16807352385637,41.44749412193846,39.39840381429367,40.422950744628906,30421.0
2016-03-04,39.58468310341573,41.35435271042568,39.49154409379435,39.67782211303711,47172.0
2016-03-08,39.77096355858792,40.65579833723945,37.95472449778222,38.56013870239258,46897.0
2016-03-09,38.18757499086226,39.305260823151094,37.58216079540675,38.51356506347656,25065.0
2016-03-10,38.97926856764696,40.09695443922286,38.18757633316948,39.63125228881836,43798.0
2016-03-11,39.957248229339896,40.70237100233625,39.11898288907796,39.44497299194336,50979.0
2016-03-14,39.77096265321265,40.79550591904863,39.67782009530238,40.376373291015625,22171.0
2016-03-15,40.05038420084758,40.79550691723502,39.11897991710694,40.003814697265625,18495.0
2016-03-16,39.770961438275734,40.46951461264934,38.746414650712666,39.72439193725586,28846.0
2016-03-17,40.28719958960476,40.70930134117585,39.44299608646259,39.95889663696289,35109.0
2016-03-18,40.33409705711728,40.80309818568841,39.39609479997502,39.53679656982422,20479.0
2016-03-21,38.92708878035998,40.24029320663776,38.92708878035998,39.81819152832031,34178.0
2016-03-22,39.86509934753883,40.28720111509294,39.48989698122519,39.9119987487793,29391.0
2016-03-23,39.77130205455469,40.803103233786196,39.489898480041475,39.8651008605957,22327.0
2016-03-28,40.61549386057648,40.61549386057648,37.61388615547134,38.035987854003906,58947.0
2016-03-29,37.52008819580078,40.52169596710373,37.05108709335327,37.52008819580078,48237.0
2016-03-30,37.52008839211595,39.30229402201925,37.52008839211595,38.129791259765625,25468.0
2016-03-31,37.75459362799055,40.75620178734555,37.70769422732147,40.05270004272461,81842.0
2016-04-01,39.44299608646259,40.56859956458722,39.44299608646259,39.95889663696289,26618.0
2016-04-04,41.88180328019776,41.88180328019776,39.865096944660564,41.45970153808594,38724.0
2016-04-05,40.990700967461706,41.272100940050365,39.91199689797793,40.70930099487305,20806.0
2016-04-06,40.756198811750274,41.50659990225379,40.09959651573671,41.36589813232422,37032.0
2016-04-07,40.94379930183463,43.523305467791815,40.5685969736903,42.49150085449219,62104.0
2016-04-08,50.83972526309105,50.83972526309105,42.49150338029424,45.586910247802734,127248.0
2016-04-11,45.91521143152699,46.4311119598868,43.85160573989309,44.789608001708984,30855.0
2016-04-12,44.83650475481377,45.96210811824645,43.99230491588509,44.50820541381836,17286.0
2016-04-13,45.02411161390994,46.75941448441809,44.133008689245656,45.91521453857422,69156.0
2016-04-18,45.63380880249896,46.85321095597801,45.11790472608581,46.10280990600586,60305.0
2016-04-20,45.54000893716896,46.431111798434415,44.55510728132595,45.16481018066406,23156.0
2016-04-21,45.399308563905855,45.68070851231217,44.2737051920861,44.742706298828125,25176.0
2016-04-22,44.9303181177712,44.9303181177712,43.75781507271658,44.039215087890625,10920.0
2016-04-25,44.32060680531182,48.635415772011406,44.2268080105467,46.384212493896484,534878.0
2016-04-26,46.38421677572606,48.11951968643312,46.38421677572606,47.46291732788086,131404.0
2016-04-27,47.462912219201435,47.50981519405996,44.179904358002275,46.52490997314453,92220.0
2016-04-28,46.52490964801021,47.27531430216729,45.493108615836086,46.290409088134766,36582.0
2016-04-29,45.962113939199725,47.36911742713441,45.07101101453544,45.91521453857422,58516.0
2016-05-02,45.305508372530404,45.49310953988018,44.74270844867573,45.16481018066406,29676.0
2016-05-03,45.633805694544904,45.86830623032737,44.32060126288543,44.60200119018555,23925.0
2016-05-04,44.17990413954373,44.836506424175745,43.89850418275703,44.08610534667969,12456.0
2016-05-05,44.13300554933762,45.9621106691573,43.992307357471276,45.16481018066406,37528.0
2016-05-06,44.83650336284768,45.44620620941864,44.08610233658719,44.179901123046875,12898.0
2016-05-09,45.02410841060307,46.71251176036175,44.1799049466264,45.16481018066406,55768.0
2016-05-10,45.446205139160156,45.8214038543573,44.60200176812664,45.446205139160156,48609.0
2016-05-11,44.930309772259236,45.68071086607302,44.320606870801036,44.789608001708984,29603.0
2016-05-12,44.83650471701362,45.3993081873527,44.320604219515296,45.11790466308594,32348.0
2016-05-13,44.93030912435562,44.93030912435562,44.133005066392585,44.32060623168945,14430.0
2016-05-16,44.55510952247637,44.977211275696696,43.523308417444326,43.9923095703125,14879.0
2016-05-17,43.851605258859585,44.93030927939281,43.757806464984796,43.945404052734375,20704.0
2016-05-18,43.42950124872646,44.08610350594322,43.14810130368911,43.898502349853516,12226.0
2016-05-19,43.382605712573024,43.99230862954114,42.77290279560491,43.2888069152832,15466.0
2016-05-20,43.19500547307595,43.570207826731426,41.50660203801596,41.788002014160156,37769.0
2016-05-23,41.83489893508969,41.83489893508969,40.896896684722705,41.13139724731445,28788.0
2016-05-24,41.64730101923802,41.64730101923802,40.615496405051985,40.89689636230469,26634.0
2016-05-25,40.84999293082843,41.83489447302633,40.70929475519686,41.64729690551758,81455.0
2016-05-26,41.975595172435945,42.022494563135034,41.2251941866681,41.55349349975586,11030.0
2016-05-27,41.27209483428247,44.039201908128895,41.27209483428247,43.47639846801758,51828.0
2016-05-30,42.7260066993036,46.384217327470225,42.7260066993036,44.8834114074707,37788.0
2016-05-31,46.43110938439003,49.5265159610438,45.024106069711536,45.72760772705078,464004.0
2016-06-01,45.96210811824645,46.243508064556,44.1799024946285,44.50820541381836,52243.0
2016-06-02,44.133000692383646,44.41440062334218,42.491496920565595,43.47639846801758,91800.0
2016-06-03,44.0392027017024,45.024104266902015,43.61710100856133,44.93030548095703,70239.0
2016-06-06,45.024106717956855,46.90011116453839,43.241901062426585,46.19660949707031,93682.0
2016-06-07,46.196607261564566,48.77611325078898,46.00900611034574,47.74431228637695,181752.0
2016-06-08,47.8381163217489,49.151320946172845,47.8381163217489,48.3071174621582,104693.0
2016-06-09,48.729211966422376,48.96371250179669,47.08770821880214,47.55670928955078,46157.0
2016-06-10,47.5567156457728,48.682319081651585,46.10281284776858,46.61871337890625,32747.0
2016-06-13,45.63381291279908,47.8381168665484,45.02410999204555,45.35240936279297,50301.0
2016-06-14,45.11790625992164,49.01061698264391,45.02410746730924,47.885013580322266,167849.0
2016-06-15,47.838112081637036,50.55831988618436,47.838112081637036,48.44781494140625,257315.0
2016-06-16,48.44782524258003,48.729225246077306,45.96211745893119,47.509822845458984,63265.0
2016-06-17,48.16641030749118,48.40091085149687,46.52490649945134,46.75940704345703,30173.0
2016-06-20,45.586909136722234,46.90011375308654,45.02410920296308,45.258609771728516,93130.0
2016-06-21,45.399311063698946,45.68071102759981,44.27370762990081,44.414405822753906,84742.0
2016-06-22,44.695809364849445,45.024108726368006,44.039207063617646,44.414405822753906,57561.0
2016-06-23,44.32060601956079,45.868311153109005,44.226807226458604,45.30550765991211,35601.0
2016-06-24,44.55510494471527,44.55510494471527,41.647299526969526,44.13300323486328,60673.0
2016-06-27,44.08610661824544,46.337313493859256,44.08610661824544,45.02410888671875,39391.0
2016-06-28,45.63381318249739,45.63381318249739,43.89850678604802,44.36750793457031,54027.0
2016-06-29,45.44620758199902,46.33731039305673,44.367503614161606,45.11790466308594,47141.0
2016-06-30,45.72760656012838,47.650510325479516,45.49310601366618,46.00900650024414,65217.0
2016-07-01,46.43111052755478,47.838113876874615,45.72760885289485,46.055908203125,82663.0
2016-07-04,46.431113573969625,47.087715895705124,45.821410651316356,45.96211242675781,32881.0
2016-07-05,46.4311063309608,46.52490511449313,45.35240242936786,45.82140350341797,22821.0
2016-07-07,47.36911175172959,49.62031849398067,46.149709590591286,46.9470100402832,348679.0
2016-07-08,47.55671209687009,47.55671209687009,46.524907533398135,46.85321044921875,38392.0
2016-07-11,47.556712436007295,47.978814143247085,46.9470095724171,47.087711334228516,37355.0
2016-07-12,47.13461223812656,47.5098145628422,46.478009958971455,47.04081344604492,51285.0
2016-07-13,46.384214174887404,47.55671704291694,45.86831362859336,45.96211242675781,47041.0
2016-07-14,46.10281171405906,46.10281171405906,45.16480947025883,45.30550765991211,49721.0
2016-07-15,46.19661451432621,46.71251507752742,44.36750926461746,44.6958122253418,53854.0
2016-07-18,44.414403008807916,45.49310697664533,44.27370482486898,45.11790466308594,25942.0
2016-07-19,45.49310985893434,45.49310985893434,44.08610646123534,44.414405822753906,47451.0
2016-07-20,45.3524070564632,45.72760938526113,44.602005977061935,45.30550765991211,54534.0
2016-07-21,45.68070799826564,46.431109044969695,45.07100513508422,45.493106842041016,65040.0
2016-07-22,45.39930808346379,48.494714639564855,45.024105770762986,47.087711334228516,81590.0
2016-07-25,47.08771359428434,50.74592021682409,46.900112428929695,48.729217529296875,316839.0
2016-07-26,48.72921315551764,49.010613089194734,47.04080997526079,47.27531051635742,69963.0
2016-07-27,47.60361052841425,48.166410403876384,46.571809564002216,47.74431228637695,92377.0
2016-07-28,47.650516510009766,48.86991879423976,47.36911653337128,47.650516510009766,35026.0
2016-07-29,47.32221202060931,48.21331483217926,46.05590689526429,46.71250915527344,55770.0
2016-08-01,46.102810224018896,47.50981354424497,44.1330034287857,44.742706298828125,109612.0
2016-08-02,44.13300797205488,45.44621263739809,44.13300797205488,44.836509704589844,31587.0
2016-08-03,44.22680544122084,45.258606436474075,42.679100370146536,42.91360092163086,92661.0
2016-08-04,43.10119908745129,45.39930504815957,43.0542996960479,44.977203369140625,76581.0
2016-08-05,44.55510237600128,45.915206216802275,44.17990008260988,45.446205139160156,45349.0
2016-08-08,45.4931100209554,45.962111155192055,44.226808389794314,45.02410888671875,47248.0
2016-08-09,44.602006833706874,45.21170973516507,43.85160573989309,44.789608001708984,24907.0
2016-08-10,44.46130746773268,45.35240673038023,43.710902815532215,45.071006774902344,53325.0
2016-08-11,45.493105602648484,45.72760614699203,43.66400064112994,44.179901123046875,37850.0
2016-08-12,44.03920958125267,45.305511280295875,43.6171078221733,44.46131134033203,49539.0
2016-08-16,43.523300628912814,44.930303835732914,42.444596739073056,43.382598876953125,52190.0
2016-08-17,43.804701620959186,44.367501486109575,41.03759453121552,41.506595611572266,105819.0
2016-08-18,42.022502059685046,42.022502059685046,40.24029984782702,40.70930099487305,69479.0
2016-08-19,39.91199362587944,42.53839911837806,39.91199362587944,42.16320037841797,81768.0
2016-08-22,42.21010143837233,43.335704859034514,41.506599747732785,41.7411003112793,30309.0
2016-08-23,41.318999764650414,42.63220438939948,41.318999764650414,41.45970153808594,21592.0
2016-08-24,42.11629844731375,42.5852995276705,40.42789169547403,41.506595611572266,49889.0
2016-08-25,41.787992433079665,42.81979687996443,40.803090953294124,41.97559356689453,61408.0
2016-08-26,43.05430434670869,43.05430434670869,41.74109977639811,42.49150085449219,21223.0
2016-08-29,42.44459915161133,43.42950073672807,41.88179926817159,42.44459915161133,35684.0
2016-08-30,43.429504314675185,43.429504314675185,41.694201549277444,42.21010208129883,36755.0
2016-08-31,42.72600341675253,42.72600341675253,41.74110173197412,42.30390167236328,45337.0
2016-09-01,41.78800113064076,42.91360458961384,41.78800113064076,42.30390167236328,44137.0
2016-09-02,42.30390216543325,45.63381318249739,42.30390216543325,44.36750793457031,184611.0
2016-09-06,44.78961446252988,48.260224047516786,44.78961446252988,47.509822845458984,299274.0
2016-09-07,48.0726196816338,48.260220864323074,45.305512077003215,45.774513244628906,114062.0
2016-09-08,46.00901006644608,46.29041002837342,45.07100780789185,45.16481018066406,48928.0
2016-09-09,45.117909789433234,46.43111445790443,43.61710752106174,44.226810455322266,69842.0
2016-09-12,43.24190275059113,44.695809116007965,43.14810395587796,43.57020568847656,48414.0
2016-09-14,42.960502788256946,44.50820794838695,42.960502788256946,43.57020568847656,36295.0
2016-09-15,43.94539531711079,44.46129931545276,42.96049386442923,43.24189376831055,31562.0
2016-09-16,43.71090256802723,44.64890479977197,42.303899220410116,42.6322021484375,57677.0
2016-09-19,42.72600341675253,43.61710630419768,42.25700227369664,42.30390167236328,60442.0
2016-09-20,42.491493912270656,42.81979679030777,42.25699339004157,42.35079574584961,36497.0
2016-09-21,42.77290081150315,42.81980378616713,42.21010089748123,42.49150085449219,14896.0
2016-09-22,42.30389611832518,44.367501592481254,42.30389611832518,43.101200103759766,43990.0
2016-09-23,43.94540524700742,44.5551081583469,42.726003002523186,43.664005279541016,58745.0
2016-09-26,42.96050357177764,45.25860986611027,42.96050357177764,43.664005279541016,28416.0
2016-09-27,44.602002133221845,44.602002133221845,42.866699563019175,43.101200103759766,21740.0
2016-09-28,43.14809718086401,44.36749921164092,42.67909612455028,43.054298400878906,29091.0
2016-09-29,43.61710329431646,43.80470445423199,38.55188986756964,39.58369445800781,94344.0
2016-09-30,39.208493040593865,41.459699855004686,38.69259252259815,40.89689636230469,40056.0
2016-10-03,42.67910190062089,42.67910190062089,40.8968962141523,41.272098541259766,29717.0
2016-10-04,41.131397567904706,43.42950381485486,40.56859764457573,41.36589813232422,397027.0
2016-10-05,42.116300108840655,42.116300108840655,40.80309560075691,41.084495544433594,75144.0
2016-10-06,41.41280142690839,42.58530425804175,41.178300860681716,41.600399017333984,73327.0
2016-10-07,41.412801742475075,42.1163034465158,41.22520057242528,41.83489990234375,35677.0
2016-10-10,42.679098414787845,44.086101659231396,42.44459787404725,43.101200103759766,79884.0
2016-10-13,43.00739289969052,43.10119525234506,41.50659103915676,42.022491455078125,34579.0
2016-10-14,42.72599615820379,42.913597299194294,41.27209357736719,41.55349349975586,34172.0
2016-10-17,42.21009996244391,42.21009996244391,40.38099491509911,41.17829895019531,39642.0
2016-10-18,43.57020227194073,47.7443127168701,43.57020227194073,45.39930725097656,944667.0
2016-10-19,45.63380628781957,45.680705679946946,42.77289685152412,43.47639846801758,151451.0
2016-10-20,44.086105821741185,44.36750578156018,43.617104695977986,43.945404052734375,42688.0
2016-10-21,44.27370362792229,49.71411555828434,43.71090017279868,47.369110107421875,802027.0
2016-10-24,47.60361162531897,49.47961602434631,46.009007170506834,46.47800827026367,334627.0
2016-10-25,46.90011116453839,47.36911227618377,45.54000722512787,46.19660949707031,104328.0
2016-10-26,47.22841614862958,47.36911793019526,45.49311325969248,45.774513244628906,108419.0
2016-10-27,45.86831418178519,45.86831418178519,43.75780899387841,43.9923095703125,87615.0
2016-10-28,44.0861037052568,45.30550585806118,44.0861037052568,44.50820541381836,35784.0
2016-11-01,44.46130506461915,46.85320992419168,44.320603305387785,45.39930725097656,72937.0
2016-11-02,44.1799071689039,44.977211275696696,43.85160779317411,43.9923095703125,39365.0
2016-11-03,44.086108546103205,44.55510970084898,43.241905036282866,43.61710739135742,42174.0
2016-11-04,43.99230541758121,44.13300360324331,41.50659811074469,42.16320037841797,67092.0
2016-11-07,43.52330782760436,43.75780840086043,42.350804961324016,42.53840255737305,15648.0
2016-11-08,43.429507609021734,43.429507609021734,42.49150526939623,42.960506439208984,28760.0
2016-11-09,34.70608219134277,41.741098851750095,34.70608219134277,41.17829895019531,101979.0
2016-11-10,41.36590174620664,44.36750994864723,41.36590174620664,42.960506439208984,52614.0
2016-11-11,42.585306410624206,42.585306410624206,40.474801207903305,40.8031005859375,65623.0
2016-11-15,40.803099175022695,41.272100314965485,36.58208891553759,39.255393981933594,97350.0
2016-11-16,40.56859587830905,40.56859587830905,38.17669094100718,38.97399139404297,42017.0
2016-11-17,38.27049238860145,39.34919644414102,38.27049238860145,38.645694732666016,29433.0
2016-11-18,39.630595040857315,39.86509560322925,37.80148993871729,39.30229568481445,15110.0
2016-11-21,38.55188871076579,39.677492058289154,37.520087729482775,37.660789489746094,19405.0
2016-11-22,38.458091554628645,38.458091554628645,37.6607910878227,37.848388671875,14197.0
2016-11-23,38.45809324573161,39.16159495144622,37.332489800949304,38.41119384765625,30349.0
2016-11-24,37.895290008923915,38.97399038340067,37.895290008923915,38.27048873901367,14089.0
2016-11-25,39.16159908070284,40.14650085691383,38.55189610685099,39.8651008605957,13381.0
2016-11-28,39.48989141339788,41.97559868881795,38.7394903647674,41.31899642944336,46035.0
2016-11-29,41.27209377478774,42.06939415506847,39.9119899688434,40.193389892578125,18946.0
2016-11-30,40.70929650548118,40.70929650548118,39.95889189040578,40.24029541015625,8110.0
2016-12-01,41.131392382150516,41.318993525672724,39.86509092521547,40.42789077758789,9784.0
2016-12-02,40.33408898043346,41.22519166191903,38.270483712307374,38.927085876464844,34703.0
2016-12-05,39.91199005474087,39.91199005474087,37.56698472158108,38.59878921508789,25367.0
2016-12-06,41.31900127145966,42.8667065229127,40.33409955607812,41.412803649902344,276028.0
2016-12-07,41.4128052524262,41.92870583014239,40.2403023129826,40.38100051879883,30212.0
2016-12-08,40.193389892578125,40.896891491012006,39.95888935976683,40.193389892578125,37651.0
2016-12-09,40.09959915161133,41.31900145110907,39.958897372432986,41.037601470947266,42625.0
2016-12-12,41.97560552840136,46.80631910428869,41.97560552840136,44.8834114074707,299794.0
2016-12-13,46.52490547282253,47.36910884389238,43.05430036067691,43.47639846801758,132871.0
2016-12-14,43.5702039936662,43.99230570984573,42.25699944959531,43.00740051269531,29172.0
2016-12-15,41.50660037994385,43.101204951987405,41.50660037994385,42.21010208129883,30290.0
2016-12-16,42.86670609727353,42.86670609727353,41.600400837332415,41.788002014160156,25037.0
2016-12-19,41.45970145284091,42.39770373196313,41.45970145284091,42.069400787353516,11998.0
2016-12-20,42.585304337003436,42.585304337003436,40.70929980371156,40.990699768066406,16520.0
2016-12-21,41.27209554705875,41.88179838982711,40.38099276847202,40.756195068359375,21590.0
2016-12-22,40.70930238667647,41.178303549757096,39.91199826252246,40.05270004272461,13190.0
2016-12-23,41.27209973242125,41.27209973242125,40.380996863468674,40.990699768066406,10243.0
2016-12-26,40.99069468465423,44.50820274835692,40.19339070996507,41.64729690551758,22934.0
2016-12-27,42.11630247275548,42.11630247275548,40.66239612213096,41.13139724731445,18663.0
2016-12-28,41.13139447275297,41.787996719357,41.0844950790372,41.225196838378906,18240.0
2016-12-29,41.881802637018986,41.928702034712344,40.896897394485,40.990699768066406,7049.0
2016-12-30,40.84999730479664,42.39770244982233,40.80309790789775,42.116302490234375,14306.0
2017-01-02,42.6791053442222,42.6791053442222,41.08450069264526,41.412803649902344,37082.0
2017-01-03,41.74110094706217,42.91360378265381,41.6003991755133,42.21010208129883,19485.0
2017-01-04,42.58530361561251,42.67910240941029,42.116302490234375,42.116302490234375,7579.0
2017-01-05,42.35080308769518,44.4613081536296,42.21010131868837,43.945404052734375,50293.0
2017-01-06,44.273700431655804,44.836500267954655,42.772894904535384,43.054298400878906,78505.0
2017-01-09,42.585302876407546,44.50820674144079,42.585302876407546,43.85160446166992,17346.0
2017-01-10,43.24190243125169,44.22680765943984,42.96050247099563,43.3357048034668,8866.0
2017-01-11,43.804705065585125,45.30550720946606,43.24190157798385,43.85160446166992,46905.0
2017-01-12,44.22680765943984,44.273707056450085,43.14810363723121,43.3357048034668,8148.0
2017-01-13,43.804702543404915,43.804702543404915,42.86670036293883,43.19499969482422,9109.0
2017-01-16,43.710903880546326,44.13300561314493,43.14810395587796,43.57020568847656,8999.0
2017-01-17,44.0861083696082,44.273709546394436,43.14810606387186,43.9923095703125,21315.0
2017-01-18,44.695809931177465,44.695809931177465,43.38260531207461,43.664005279541016,11275.0
2017-01-19,44.46130977237977,44.46130977237977,43.195004539798624,43.2888069152832,10217.0
2017-01-20,43.14810313964748,43.617104260730606,42.16320150101184,42.49150085449219,70556.0
2017-01-23,42.81980610783616,43.52330782760436,40.52169977428772,42.53840255737305,23319.0
2017-01-24,42.86670119198139,43.14810113592462,42.39770009267786,42.679100036621094,9586.0
2017-01-25,43.148102808336986,43.148102808336986,42.21010057337314,42.25699996948242,25373.0
2017-01-27,43.10120259560994,43.10120259560994,42.02249861456138,42.16320037841797,19033.0
2017-01-30,44.086097058148404,45.586898930978016,42.67909396054792,43.24189376831055,160333.0
2017-01-31,43.10120374317809,43.570204864261214,41.60039800879534,42.49150085449219,42558.0
2017-02-01,42.303900011682714,43.42950342646915,42.303900011682714,42.72600173950195,14441.0
2017-02-02,43.28880523599248,43.33570463281803,42.303900011682714,42.72600173950195,16517.0
2017-02-03,43.24189958285003,43.24189958285003,42.21009860381237,42.44459915161133,25227.0
2017-02-06,43.476400813915454,43.476400813915454,42.25699866183587,42.91360092163086,20167.0
2017-02-07,43.52330179273169,43.52330179273169,42.679098414787845,43.101200103759766,44044.0
2017-02-08,43.42950391821214,44.555107345743544,42.726002223279345,43.57020568847656,50822.0
2017-02-09,44.226816290738434,44.226816290738434,43.00741026132536,44.039215087890625,46749.0
2017-02-10,43.75780432737066,46.806311495908744,43.75780432737066,45.11790466308594,169987.0
2017-02-13,44.836506424175745,46.806313278071805,43.19500250169299,44.08610534667969,58393.0
2017-02-14,44.133004743111705,44.836506424175745,43.710903018834365,44.08610534667969,16730.0
2017-02-15,43.14810668945312,43.14810668945312,40.33409973144531,41.037601470947266,90570.0
2017-02-16,40.896899872864566,41.506602814410705,40.19339813024743,40.66239929199219,32560.0
2017-02-17,41.17830029002111,41.50659964691092,40.099596269049535,40.521697998046875,19021.0
2017-02-20,40.193395062962445,41.17830029002111,40.099596269049535,40.521697998046875,30247.0
2017-02-21,40.849992455964305,40.849992455964305,40.099591460069675,40.42789077758789,39422.0
2017-02-22,40.80309964899431,40.89689844679455,39.865097358212836,40.0995979309082,29304.0
2017-02-23,40.33409199492388,41.17829535167672,39.91199031654747,40.42789077758789,17828.0
2017-02-27,40.334099124621794,41.17830263060111,40.334099124621794,40.568599700927734,33238.0
2017-02-28,40.42789578009818,41.08449807457616,39.91199525522071,40.1464958190918,40586.0
2017-03-01,40.99070082278956,40.99070082278956,39.16159564012673,40.0995979309082,39456.0
2017-03-02,40.75619723473675,40.75619723473675,39.39609329809228,39.58369445800781,34821.0
2017-03-03,39.77129431483133,40.803095293268406,39.48989079508086,40.24029541015625,18151.0
2017-03-06,40.33409351370133,40.33409351370133,39.6305918826484,39.77129364013672,14788.0
2017-03-07,40.334096727973126,40.334096727973126,39.16159391611344,39.30229568481445,33528.0
2017-03-08,39.818193787942825,39.818193787942825,37.613886488613595,38.27048873901367,87783.0
2017-03-09,39.16159322940843,39.16159322940843,37.33248815934206,37.848388671875,47932.0
2017-03-10,38.88019231196905,39.11469286441977,37.8952907073149,38.129791259765625,21280.0
2017-03-14,39.39609229597743,40.33409449350071,38.41119070421688,38.880191802978516,45683.0
2017-03-15,39.16159221864552,39.16159221864552,37.94219006280563,38.7394905090332,28909.0
2017-03-16,39.02089112420226,39.25539168042509,37.3793872306424,37.613887786865234,113783.0
2017-03-17,38.31738978839486,38.31738978839486,37.52008932158892,37.848388671875,24763.0
2017-03-20,38.31738978839486,38.36429276260249,37.52008932158892,37.848388671875,29679.0
2017-03-21,37.80149118467872,37.942192958017344,36.81658950589251,37.426292419433594,54493.0
2017-03-22,37.23868922552735,41.2720980966018,36.20688462619558,38.22359085083008,239395.0
2017-03-23,38.551894169123116,39.302298892514095,38.27049418694895,38.83329772949219,39854.0
2017-03-24,39.16159439086914,39.58369612389468,37.895292769987165,39.16159439086914,73065.0
2017-03-27,39.396092811326874,42.960500492903265,38.598792364280186,41.9286994934082,296419.0
2017-03-28,42.725996766492216,43.14809844518175,40.52169316850518,42.39769744873047,165880.0
2017-03-29,44.50820299075097,44.50820299075097,42.21009699431076,42.86669921875,283669.0
2017-03-30,43.5233039855957,44.93030730092926,42.679100565117785,43.5233039855957,98376.0
2017-03-31,43.61710260200938,44.83650475481377,42.913600947138264,44.50820541381836,153065.0
2017-04-03,44.17990264962666,46.14970943709322,44.17990264962666,45.72760772705078,166992.0
2017-04-05,45.30550839265538,47.369114078030286,45.30550839265538,46.99391174316406,345893.0
2017-04-06,47.41601100897853,47.65051156152362,46.33731061418779,47.32221221923828,188221.0
2017-04-07,47.60361283200646,48.4947156597716,45.49310782960224,46.19660949707031,261055.0
2017-04-10,47.79121180421599,48.54161283285311,47.134609562335626,47.369110107421875,156719.0
2017-04-11,46.90010922786801,48.40091129188204,46.57180989455068,47.97881317138672,158414.0
2017-04-12,48.21331651085481,48.77611642291834,46.05590849882391,47.885013580322266,149750.0
2017-04-13,47.838115207515735,48.6823186718674,46.90011294854484,46.99391174316406,83290.0
2017-04-17,47.369113425873586,47.369113425873586,45.49310893375978,46.52490997314453,85681.0
2017-04-18,46.85321095597801,47.369111454196705,45.96210814367601,46.10280990600586,73455.0
2017-04-19,46.14971561000744,46.243514412254605,45.49311325969248,45.774513244628906,47150.0
2017-04-20,46.431111068111306,46.4780104646624,44.226807226458604,45.30550765991211,49849.0
2017-04-21,45.8683123596226,45.962111155192055,44.836507717385146,45.02410888671875,81558.0
2017-04-24,45.0241074960852,46.90011197508875,44.97720809974903,46.290409088134766,141895.0
2017-04-25,46.85321329933257,47.55671498977842,45.77450927603775,46.14971160888672,68191.0
2017-04-26,46.47800857699566,46.52490797164198,44.977206479147,45.11790466308594,80052.0
2017-04-27,46.14971179650249,49.24511853140928,44.93030957707795,48.58851623535156,282212.0
2017-04-28,48.635416027952736,50.08932240182588,47.5098161720692,48.21331787109375,139356.0
2017-05-02,48.21331371752606,48.823012990571726,46.24350698303898,47.97881317138672,63331.0
2017-05-03,49.24512321849486,49.24512321849486,47.36911852445696,47.46291732788086,47722.0
2017-05-04,47.50981831078794,48.776119994758545,46.57181600319643,47.650516510009766,99831.0
2017-05-05,47.93191148876929,47.93191148876929,45.54000656945476,45.72760772705078,53319.0
2017-05-08,45.727613843505324,46.14971561000744,45.25861267587963,45.774513244628906,38323.0
2017-05-09,46.1497136012815,47.27531707022881,45.02411013233419,45.96211242675781,58928.0
2017-05-10,47.18151222008893,49.24511787526267,45.96211001691183,48.11951446533203,161702.0
2017-05-11,49.24511620623973,51.35562118650715,48.77611509951364,50.1362190246582,601323.0
2017-05-12,50.652118674674504,50.652118674674504,48.119512025301894,48.44781494140625,111925.0
2017-05-15,49.15131658966562,50.652118674674504,48.30711318047661,48.44781494140625,77386.0
2017-05-16,49.57341686506608,50.18311975126583,48.68231760119739,49.479618072509766,57162.0
2017-05-17,49.01061687048874,53.70062805426757,49.01061687048874,51.683921813964844,459233.0
2017-05-18,51.07422259332909,51.496324316221646,49.24511751292441,49.479618072509766,133264.0
2017-05-19,49.714120883386116,51.07422490621204,47.74431752494493,48.3071174621582,76556.0
2017-05-22,48.35401133242768,50.55831858725808,46.90010867901702,47.13460922241211,75117.0
2017-05-23,46.9939109831136,49.99551887891325,44.461307787408664,45.30550765991211,96330.0
2017-05-24,45.11790799919137,46.290410843018535,44.742709236083506,45.258609771728516,57515.0
2017-05-25,45.071008207298576,47.838115610193825,44.78960824287755,46.61871337890625,62179.0
2017-05-26,46.66560629282943,47.697407211744974,45.96210469042497,46.33730697631836,37572.0
2017-05-29,47.83811267748376,47.83811267748376,43.335702788183,44.13300323486328,74939.0
2017-05-30,44.414408361838305,44.64890894152741,42.86670668280715,44.46131134033203,57347.0
2017-05-31,43.61709965553804,47.838109299622374,42.397697585108084,44.60200119018555,80753.0
2017-06-01,44.36750463304935,45.77450797391684,44.179903471961445,45.211708068847656,38581.0
2017-06-02,45.49310931549833,46.66561213290808,44.97720879147697,46.14971160888672,44763.0
2017-06-05,45.96210944613336,47.3691127965252,45.91521005009254,47.04081344604492,31545.0
2017-06-06,46.90011626448952,46.90011626448952,45.68071395725177,45.91521453857422,15556.0
2017-06-07,45.962103987240035,46.853206718958006,45.54000231661635,45.86830520629883,20492.0
2017-06-08,45.962106439129144,46.29040576813091,44.133001487647384,44.93030548095703,67669.0
2017-06-09,46.71251176036175,46.71251176036175,44.695809051386945,45.16481018066406,41522.0
2017-06-12,45.39931323753473,45.77451201463647,44.55510972721483,44.836509704589844,17279.0
2017-06-13,45.21170706868948,45.30550585806118,44.273704862194656,44.50820541381836,19535.0
2017-06-14,45.02410587379332,45.49310697664533,44.60200416558761,45.11790466308594,18445.0
2017-06-15,44.36750474731297,48.682317150668986,44.36750474731297,48.02571487426758,145494.0
2017-06-16,48.35401622416005,49.901721398418886,47.74431689656922,47.83811569213867,97595.0
2017-06-19,47.46290820617345,49.24511375427247,46.14970731964277,46.900108337402344,45425.0
2017-06-20,46.33730697631836,47.181506752287206,46.055903472801226,46.33730697631836,28546.0
2017-06-21,47.275314004443565,47.416012192566015,46.14971060849118,47.04081344604492,17099.0
2017-06-22,47.22841614862958,47.2753191279481,45.49311325969248,45.774513244628906,19574.0
2017-06-23,45.774503869097856,45.962105013362674,44.32060126288543,44.60200119018555,63385.0
2017-06-27,44.13300838185036,44.883409521216514,43.52330902157561,44.46131134033203,26470.0
2017-06-28,45.02410570819733,45.11790449714497,43.288803065305004,43.898502349853516,34061.0
2017-06-29,43.66400213018207,44.789605497055874,43.66400213018207,44.13300323486328,22070.0
2017-06-30,43.71090292950488,47.838114214590526,43.382603576957095,46.290409088134766,54651.0
2017-07-03,48.02570894242959,48.02570894242959,46.102805324769164,47.2284049987793,62114.0
2017-07-04,48.3071167436271,48.776117877060365,46.33731341448522,46.61871337890625,59904.0
2017-07-05,47.134610277286505,50.27691619782784,46.57181039182055,49.432716369628906,219634.0
2017-07-06,50.3707155787923,56.655330625588086,49.620314583248216,54.685523986816406,1016668.0
2017-07-07,54.40413085827213,57.1243388324636,53.466128602095026,54.591732025146484,805292.0
2017-07-10,55.38903251161916,55.81113424253779,49.66722018021668,54.591732025146484,101314.0
2017-07-11,55.90493296565058,56.280135298921245,52.99712740648417,55.20143127441406,418554.0
2017-07-12,55.81113514205704,57.218138548999654,52.85642655619967,53.09092712402344,241991.0
2017-07-13,53.79442758699542,53.79442758699542,49.29201750424355,51.5432243347168,303981.0
2017-07-14,50.55832040034009,51.49632260755831,49.714116982565905,49.90171813964844,117418.0
2017-07-17,50.183115636352376,52.38741928442846,48.400910098363084,50.839717864990234,264294.0
2017-07-18,49.76101802837328,50.55832207788023,49.33891630548072,49.479618072509766,137495.0
2017-07-19,49.526521416390985,51.21492486434394,49.526521416390985,50.089324951171875,142176.0
2017-07-20,50.2300209206698,51.1211237941891,49.52651921708004,50.276920318603516,131815.0
2017-07-21,49.76101717390411,51.965324543072015,49.573416013818296,51.59012222290039,267990.0
2017-07-24,51.965325525220514,53.84133000514625,51.543223801598316,52.29362487792969,289489.0
2017-07-25,51.96532505612726,52.99712607949447,51.96532505612726,52.434326171875,112438.0
2017-07-26,52.43432380791791,53.13782544982275,50.23001651636614,50.79281997680664,196638.0
2017-07-27,51.590122897777384,52.340523969742506,50.08932075384714,50.46451950073242,86284.0
2017-07-28,50.183118419691915,51.1211206331441,49.85481907626144,50.1362190246582,71676.0
2017-07-31,50.980421786308106,56.98363772710852,50.13622189282331,55.060733795166016,925409.0
2017-08-01,55.38903078481921,57.124337051564,54.54483092749525,55.623531341552734,566873.0
2017-08-02,56.18633385887859,56.51463320138478,53.93512712165353,54.31032943725586,256515.0
2017-08-03,54.544833738030896,56.045635947179576,52.575026813054194,54.9200325012207,268982.0
2017-08-04,55.48283491980662,59.750744472516054,54.591732060226825,57.405738830566406,1142446.0
2017-08-07,56.467732339134656,58.672036045983404,56.467732339134656,58.15613555908203,306699.0
2017-08-08,58.15613908672271,58.71893900144542,54.49792890644135,56.32703399658203,291133.0
2017-08-09,56.28013002248737,56.28013002248737,53.466123521363,53.653724670410156,132552.0
2017-08-10,53.372324416482385,53.41922380891489,49.901715703563085,50.839717864990234,201821.0
2017-08-11,49.80791785928119,51.777724723903674,48.4947168610608,50.93352127075195,111558.0
2017-08-14,52.48122861129726,52.52812800995291,50.83972461098623,51.35562515258789,101233.0
2017-08-16,51.637018262150214,52.48122163856889,50.83971785635035,51.44941711425781,113113.0
2017-08-17,51.91843098336939,52.43433516169889,50.69902858899864,51.16802978515625,106831.0
2017-08-18,50.60521537509927,51.496318109764744,49.7141126404338,51.02731704711914,102124.0
2017-08-21,50.46451616518827,52.05912057408747,49.29201344955567,49.714115142822266,133920.0
2017-08-22,50.46451616518827,50.511415558174704,49.52651399268219,49.714115142822266,89310.0
2017-08-23,50.370721354113876,51.308723600640405,49.24511794264311,50.93352127075195,103187.0
2017-08-24,51.07422729096208,52.05912901616955,50.699024929837854,51.77772903442383,95659.0
2017-08-28,51.730822166013084,51.96532271331469,50.65211821714792,50.79281997680664,91145.0
2017-08-29,50.605220991684526,50.88662094486515,49.245117043417885,49.62031936645508,104986.0
2017-08-30,49.99551870533449,51.16802150601398,49.94861930894623,50.69902038574219,125852.0
2017-08-31,50.933516066703326,51.027318428688645,49.4327140568807,49.995513916015625,99203.0
2017-09-01,50.13621755492202,53.700625145911324,49.714115855603495,52.387420654296875,166281.0
2017-09-04,52.856422416485856,52.856422416485856,50.417618133403636,50.65211868286133,105043.0
2017-09-05,51.449421189366724,51.449421189366724,49.10441560045859,49.854820251464844,138618.0
2017-09-06,50.32381739184416,52.05911995920667,49.99551448842809,50.839717864990234,134992.0
2017-09-07,50.839723589186654,52.99712808773886,50.839723589186654,52.246726989746094,170000.0
2017-09-08,52.34052024519404,52.34052024519404,50.41761651693134,51.07421875,142240.0
2017-09-11,50.136221649420044,51.402523272596895,50.136221649420044,50.41762161254883,103325.0
2017-09-12,50.839721473104476,54.35722982809518,50.839721473104476,53.419227600097656,329212.0
2017-09-13,53.982028312168254,54.73242939013917,53.325426027120734,53.51302719116211,202949.0
2017-09-14,53.46612756105414,56.74913539375044,52.66882709010572,56.092533111572266,551306.0
2017-09-15,60.0321448417887,60.12594363682613,54.31033246783358,56.04563522338867,735399.0
2017-09-18,58.15613430403742,59.469338767986955,56.32702936431997,56.84292984008789,303906.0
2017-09-19,56.2801357891769,58.1561403154828,55.811134657600434,56.04563522338867,207896.0
2017-09-20,55.85739159176834,64.93951337694776,55.29270160718378,63.4807243347168,4005321.0
2017-09-21,74.77456425805723,76.13923970965739,68.7041334236193,74.82162475585938,8254962.0
2017-09-22,73.88048352447147,73.88048352447147,68.89237157357921,69.73941040039062,1477787.0
2017-09-25,69.97468850851749,74.25693535174206,65.1748120869362,69.78646087646484,2054607.0
2017-09-26,70.58643541837993,73.0334304101324,68.79824428502961,71.527587890625,1065478.0
2017-09-27,72.37463076596197,72.37463076596197,68.2335582108725,68.79824829101562,713363.0
2017-09-28,68.70412966803586,70.58643459044781,66.96299905088951,68.46884155273438,602382.0
2017-09-29,69.08058100365302,73.17459211687269,69.08058100365302,70.06878662109375,715945.0
2017-10-03,70.8217310847328,71.05701922787145,67.76298522393039,67.90415954589844,347039.0
2017-10-04,68.46885205965141,69.83352046564647,67.19829747813455,67.99827575683594,304565.0
2017-10-05,68.5159020367927,69.55116830786577,67.7629771957813,68.32766723632812,250363.0
2017-10-06,69.08060456758425,71.52759997266958,67.8100499515231,68.9394302368164,718714.0
2017-10-09,69.59823368607417,70.7746744663014,68.89236921793781,69.64529418945312,337904.0
2017-10-10,69.45705954533658,75.95100625417967,69.45705954533658,72.98638153076172,1623871.0
2017-10-11,74.35105274709895,76.23335787993689,69.22177413228523,72.23345947265625,907179.0
2017-10-12,73.12754095843138,74.53926960380977,72.04522140797985,72.42167663574219,574394.0
2017-10-13,71.7628812632545,73.40989821028002,70.77466822286958,71.29230499267578,281061.0
2017-10-16,72.13933924368455,72.4687411765843,69.17470748673955,69.83351135253906,186986.0
2017-10-17,70.53937686598809,75.1510255431265,70.0217473002465,72.18639373779297,1058470.0
2017-10-18,71.76287356912268,74.35104277981235,70.77466063469004,71.151123046875,665058.0
2017-10-19,71.95110561881566,73.88047111239156,71.80993848841759,72.32756805419922,374703.0
2017-10-23,72.56285095214844,74.16281439217923,71.5275847147304,72.56285095214844,418821.0
2017-10-24,71.99817418806117,73.22167544512615,71.5746583885365,71.90406036376953,255989.0
2017-10-25,72.8452164805378,73.08050464282609,70.11587236190873,70.44527435302734,244363.0
2017-10-26,69.3158746008919,71.95109697100153,68.75118460589862,69.40998840332031,225166.0
2017-10-27,70.11586387481117,73.40989774812445,69.26882515701725,71.85699462890625,564567.0
2017-10-30,72.37463904980548,73.78636800195868,71.7628884011208,72.13935089111328,303624.0
2017-10-31,72.65697085527326,72.93931948026963,70.1629224496418,70.91584014892578,278799.0
2017-11-01,71.1040701413974,71.6216996782536,67.57474847019151,70.72760772705078,501232.0
2017-11-02,71.05701572268195,79.24503982782805,69.83351456654567,77.31568145751953,1994873.0
2017-11-03,78.58623049788525,79.48032246371578,63.95130685634923,68.32766723632812,6325421.0
2017-11-06,68.32767049074748,70.58643794094239,66.35125166448584,67.15122985839844,827687.0
2017-11-07,68.51590664905119,68.51590664905119,64.04543215811454,65.03363800048828,619975.0
2017-11-08,66.25714743357577,67.7629902247065,64.32778164528573,64.6101303100586,294222.0
2017-11-09,65.22187566050252,65.41010330143047,61.17491675673353,62.82193374633789,383075.0
2017-11-10,63.24545234557186,66.72772130123202,61.17491948144657,64.37483978271484,626988.0
2017-11-13,64.9395127238422,64.9395127238422,62.58663182805082,62.868980407714844,161179.0
2017-11-14,62.63370703961478,64.93952798728337,62.35135839358729,63.574859619140625,366932.0
2017-11-15,63.621905284044836,64.37483012923352,62.39841138614259,63.292503356933594,221708.0
2017-11-16,63.90426397186599,64.56306792996193,62.5866488752495,63.810150146484375,154892.0
2017-11-17,64.61011925775259,65.03363500203982,63.43367865648405,63.62190628051758,293841.0
2017-11-20,64.09249196083027,67.52770045857072,63.339574173379745,66.72772216796875,490330.0
2017-11-21,66.6806597879522,68.89236694574856,64.51601313198266,65.64539337158203,349459.0
2017-11-22,65.69244309484917,68.70412802658497,65.0806925735963,67.10417175292969,430476.0
2017-11-23,67.62181673396096,68.70414372182816,66.11597392408807,66.53948974609375,227407.0
2017-11-24,66.82183121362773,67.29240748978003,65.64539052324696,65.97479248046875,121291.0
2017-11-27,65.88067775934763,68.13944529003865,65.88067775934763,67.24534606933594,255628.0
2017-11-28,67.66885643973094,68.18648593192246,65.36302883858534,66.7747573852539,166589.0
2017-11-29,66.8218345995779,67.33947140174443,64.46895309959277,65.22187805175781,119459.0
2017-11-30,65.22187281195544,66.35125296904623,64.51600841866771,64.89246368408203,119643.0
2017-12-01,64.46893719305683,65.69243814334233,62.680746258186765,63.4807243347168,98641.0
2017-12-04,64.23365502279421,65.88067181825046,61.50431146852487,64.56305694580078,243520.0
2017-12-05,64.93952554597321,65.41010181804548,62.77487182227114,63.198394775390625,94830.0
2017-12-06,63.716024366415674,64.46894927390093,62.82193232164799,63.198394775390625,113327.0
2017-12-07,63.6219143784816,64.84541563170076,63.057224254082186,63.33957290649414,155259.0
2017-12-08,63.85720108474377,64.18660305149295,63.29251097311313,63.574859619140625,79959.0
2017-12-11,64.1866137605219,68.46886158399342,64.09249992295203,65.73951721191406,364001.0
2017-12-12,65.97479534309647,67.62181238109316,65.12775657318473,65.64539337158203,329874.0
2017-12-13,65.88067469225862,67.15122912523886,63.24544483239879,63.95130920410156,225881.0
2017-12-14,64.09248922962523,64.93952798728337,62.58664653846875,63.574859619140625,106458.0
2017-12-15,63.057218607734235,65.17481176993427,62.35135422033422,63.99837112426758,331128.0
2017-12-18,63.99837941136853,63.99837941136853,51.528106952535694,61.41020965576172,365929.0
2017-12-19,61.645490690250135,63.10427998333404,61.645490690250135,62.72781753540039,255786.0
2017-12-20,62.586642239533454,63.71602238522016,61.97489166877656,62.257240295410156,225038.0
2017-12-21,62.30430073347734,65.59833491202365,62.30430073347734,62.963111877441406,420413.0
2017-12-22,63.52780258331079,64.93953152960658,61.55138349458162,61.83372497558594,302323.0
2017-12-26,61.88077729715597,62.351353550366284,60.751397161620744,61.0807991027832,237480.0
2017-12-27,61.080797505275335,61.26902512946704,58.77497320680898,59.292606353759766,265138.0
2017-12-28,59.763187175650074,60.70433972959732,59.3396678083314,60.18670654296875,138832.0
2017-12-29,60.23376837528726,62.351361794730956,59.9984802175713,61.83372497558594,245913.0
2018-01-01,61.83372497558594,63.29251442559482,60.79845851772063,61.83372497558594,170988.0
2018-01-02,61.92784314021109,61.92784314021109,59.05732487567771,60.421993255615234,154802.0
2018-01-03,60.986681551825384,65.88067141320869,60.56315864162932,65.12774658203125,805610.0
2018-01-04,65.78656483467444,67.24534698232574,64.0924873685497,66.3983154296875,436157.0
2018-01-05,67.10417832284962,68.5629604374361,63.99837209882527,64.46894836425781,297635.0
2018-01-08,64.61012744493411,65.88068201921988,64.61012744493411,64.93952941894531,197168.0
2018-01-09,70.58643581859297,74.72750815603514,68.23355462463988,70.82172393798828,2649122.0
2018-01-10,72.93932639383507,73.1275540413913,67.66887327759125,68.8453140258789,531282.0
2018-01-11,68.70413447439576,70.9629019753922,67.05711755206435,68.79824829101562,313831.0
2018-01-12,68.704138297426,69.6452908768428,65.03364180161563,66.91594696044922,255682.0
2018-01-15,67.57475119805991,67.99826694353185,65.3159838012212,65.50421142578125,170434.0
2018-01-16,66.8218272003062,68.09238163352306,63.621907278573,64.23365783691406,290863.0
2018-01-17,64.13954973077126,67.29240943609798,61.551380137075185,63.574859619140625,1201044.0
2018-01-18,64.37483096427208,66.06890111728603,61.17491110134765,62.021949768066406,546670.0
2018-01-19,62.2101826456596,63.33957002347679,61.269030087690695,61.92784118652344,286602.0
2018-01-22,62.11606456828567,63.24544468826685,61.645488321556236,62.35135269165039,142716.0
2018-01-23,65.08070373535156,65.59833335717057,63.99837680911256,65.08070373535156,500362.0
2018-01-24,64.70423123787461,66.25713422366827,62.163122483247435,64.42188262939453,380181.0
2018-01-25,64.3748402791987,65.17481856557937,63.010164679679086,63.810150146484375,169136.0
2018-01-29,64.28072650210878,65.31599294293355,63.104285732893196,63.245452880859375,181488.0
2018-01-30,63.33956626104611,64.93952264238463,61.7866631965565,63.668968200683594,219479.0
2018-01-31,63.998377797247606,64.8454165865314,62.77487652601273,63.810150146484375,123055.0
2018-02-01,64.51600731042217,64.56306062757872,62.21017935703705,62.539581298828125,127339.0
2018-02-02,61.692548919328466,62.351352793658016,56.46914969991669,57.73970413208008,376424.0
2018-02-05,55.198599820942036,57.786769395679585,54.82213735580444,56.469154357910156,188868.0
2018-02-06,51.29281170647707,54.539788578415695,51.29281170647707,52.42219543457031,588395.0
2018-02-07,53.175115918592404,54.72801896999887,50.77517777659211,51.386924743652344,365381.0
2018-02-08,51.81044002266064,55.433878995165536,51.81044002266064,54.5397834777832,278904.0
2018-02-09,51.76338408871191,55.99857005960652,51.76338408871191,55.01036071777344,138935.0
2018-02-12,55.99857170633768,59.57495035777573,55.7632835899245,58.68085479736328,283522.0
2018-02-14,59.76318035918993,62.30428909284443,57.64558735433675,58.77497100830078,401535.0
2018-02-15,58.774973660417274,60.04552808457604,55.998573099620614,56.42209243774414,106508.0
2018-02-16,55.90446522692519,57.222076697497805,54.6339070775515,54.91625213623047,81344.0
2018-02-19,55.43388622871807,55.43388622871807,52.70454241744419,53.22217559814453,93785.0
2018-02-20,53.69275260133965,54.68096206708954,53.22217632334331,54.2574462890625,80579.0
2018-02-21,54.680963949667394,58.163229244771514,53.833928774239176,56.93973159790039,154370.0
2018-02-22,57.03384212562051,59.292609643357004,54.82213510675469,58.11616897583008,278433.0
2018-02-23,58.49263766395431,59.104384722185934,57.22207945338885,58.210289001464844,153550.0
2018-02-26,58.6338005065918,59.245551072628594,57.64559109163472,58.6338005065918,71102.0
2018-02-27,58.11324902880137,59.012392479254395,57.640014113617305,57.781982421875,64864.0
2018-02-28,57.4507101791773,57.4507101791773,56.26762308162627,56.55156326293945,90522.0
2018-03-01,56.59889039933339,58.63380180859984,55.226508538002214,55.8890380859375,63300.0
2018-03-05,55.79439394871981,56.03101139242897,53.94877716568921,54.04342269897461,64941.0
2018-03-06,54.422008876652505,55.41580136012707,52.150480105428834,52.481746673583984,94643.0
2018-03-07,52.19780701577286,52.907659312757104,47.79672133027236,49.12178039550781,280084.0
2018-03-08,49.878959984108036,51.06204725313102,48.175315038814105,49.73698806762695,195427.0
2018-03-09,50.54148445633595,50.92007017777005,48.7905133092811,49.26374816894531,117674.0
2018-03-12,49.78430696077775,50.35219097199875,48.31727958349068,48.83783721923828,110424.0
2018-03-13,48.41193276086751,50.162900484525245,48.41193276086751,49.2164306640625,178042.0
2018-03-14,49.216427694701736,49.45304513554165,48.55389813825086,48.93248748779297,142905.0
2018-03-15,49.31106743977862,50.63612639717377,48.69586433209138,49.642333984375,219752.0
2018-03-16,49.64233757829335,51.58259978384341,48.93248528769,50.16289520263672,234062.0
2018-03-19,50.16289807136399,50.16289807136399,48.364604054796075,49.169105529785156,198670.0
2018-03-20,48.648548776082485,49.68966410357822,48.17531387985793,48.36460494995117,149173.0
2018-03-21,48.411929560279845,50.020925260296636,48.411929560279845,48.553897857666016,121547.0
2018-03-22,48.60122025603576,49.16910427277401,47.32348753674195,47.796722412109375,87378.0
2018-03-23,47.32348552976607,47.702074858202366,45.43054610857543,45.80913543701172,194127.0
2018-03-26,47.22884231325992,47.22884231325992,39.23117214539785,43.159019470214844,481251.0
2018-03-27,45.33590441137116,46.14040228913732,43.63225589999105,45.288578033447266,194018.0
2018-03-28,45.667164834154676,47.22884134522035,43.63225345434129,46.66095733642578,325895.0
2018-04-02,46.660961138823275,48.55390076806962,46.23504900014368,47.56010818481445,194735.0
2018-04-03,47.5127806801747,48.26995573429992,46.70827925163909,47.465457916259766,95389.0
2018-04-04,47.986023322629464,49.02713873958653,46.37702381510814,46.56631851196289,140359.0
2018-04-05,47.51278024822809,49.9736000543872,46.99222262890544,48.50657272338867,204062.0
2018-04-06,48.64855046880795,50.16290074522002,48.17531555611719,49.59502029418945,97749.0
2018-04-09,50.115577108008694,50.636134780852885,49.26375283572126,49.87895965576172,32702.0
2018-04-10,49.689659423261055,50.92006931545225,49.689659423261055,50.0682487487793,61720.0
2018-04-11,50.636130969894396,51.39330603799932,49.595015702562065,50.77810287475586,59405.0
2018-04-12,50.68345669775087,53.71216075773088,50.25754456876223,51.9611930847168,470078.0
2018-04-13,52.4344295327721,54.51666025078089,51.44063333222737,53.5701904296875,288888.0
2018-04-16,53.00230734588259,55.7943939013809,52.57639522546833,54.56398391723633,221626.0
2018-04-17,54.895250807963144,55.131868268342295,52.245135973815835,52.76569366455078,111824.0
2018-04-18,52.81301321298997,53.94877767562866,52.76569044589996,53.0023078918457,47695.0
2018-04-19,53.47554305663567,54.847924972223694,52.76569071517591,53.380897521972656,140277.0
2018-04-20,53.049629736790514,53.75948206228859,52.623717619392544,52.90766143798828,55715.0
2018-04-23,52.90766407596203,53.75948474273408,52.19781171507075,52.43442916870117,49980.0
2018-04-24,52.86033200689015,52.954981144451665,50.68345238991129,51.204010009765625,43462.0
2018-04-25,50.3521908559297,52.05583566467449,50.16289618595905,51.15668869018555,55069.0
2018-04-26,50.77810342881336,51.20401192705394,49.50036710260492,50.11557388305664,45321.0
2018-04-27,50.352188937670284,50.730774652693135,49.453041997436,50.0682487487793,46010.0
2018-04-30,49.97360197664607,50.82542619411836,49.50036710260492,50.11557388305664,28237.0
2018-05-02,50.210220910725425,50.588810265444515,48.74319347955636,49.547691345214844,97140.0
2018-05-03,50.02093134702278,50.02093134702278,47.60743389281898,47.844051361083984,34429.0
2018-05-04,48.222635703125114,48.88516526696552,46.85025380884761,47.370811462402344,45227.0
2018-05-07,48.175312936528435,48.175312936528435,46.708281898561935,47.370811462402344,28207.0
2018-05-08,46.992224255800984,48.31727973172407,46.992224255800984,47.93869400024414,33071.0
2018-05-09,49.121783312149304,49.121783312149304,46.37701948997303,46.708282470703125,38383.0
2018-05-10,47.93869783244762,47.93869783244762,46.70828417791623,47.03955078125,51843.0
2018-05-11,46.471666478780605,47.749402895506236,45.43055112633378,45.76181411743164,51003.0
2018-05-14,46.42434085360179,46.42434085360179,42.68578459176733,43.159019470214844,72859.0
2018-05-15,44.10548993281676,45.38322629136673,39.27849553961638,39.79905319213867,152298.0
2018-05-16,39.04187727069075,41.1241114472267,38.615965160184096,40.08299255371094,149669.0
2018-05-17,40.31961112275326,41.45537557913272,38.42667156561939,40.177642822265625,101875.0
2018-05-18,40.60355469275897,41.50269808842148,39.373141099860604,40.69820022583008,63806.0
2018-05-21,39.84637740452696,41.360731261037266,39.56243718471121,40.65087890625,72053.0
2018-05-22,40.69820375671742,40.74552652735859,39.751733901910036,39.9410285949707,77315.0
2018-05-23,40.366939305364966,40.55623038114727,38.805262656690076,39.089202880859375,39201.0
2018-05-24,39.27849664450161,40.50890666066396,38.23738131017095,38.99455642700195,43353.0
2018-05-25,38.805262066069105,39.988349324180966,38.426672699274995,39.751731872558594,46858.0
2018-05-28,41.833965822990024,41.833965822990024,37.85879194650758,38.99455642700195,308786.0
2018-05-29,39.08920228591679,40.982141898895776,39.04187951769148,39.751731872558594,88896.0
2018-05-30,39.65708284428055,40.17764046991523,39.278493510821434,39.60975646972656,33939.0
2018-05-31,40.22495967320033,44.29477840038981,40.22495967320033,41.40804672241211,279477.0
2018-06-01,42.1179017932561,42.1179017932561,39.94102219795093,40.41425704956055,61252.0
2018-06-04,39.988345876824674,41.786639798323854,39.84637397389219,40.50890350341797,75298.0
2018-06-05,39.89370106270968,40.508904228607676,37.95343520354342,38.42667007446289,65975.0
2018-06-06,38.00076281785123,41.78664190862612,37.0069666681263,40.69820022583008,151760.0
2018-06-07,40.69819515452666,41.40804739559398,39.751725499770224,40.22496032714844,48481.0
2018-06-08,40.13031707305302,40.887492117536105,39.27849289144992,39.893699645996094,41657.0
2018-06-11,40.65087657121833,40.93481677472424,39.751729584703305,40.08299255371094,52140.0
2018-06-12,40.08299690689423,40.224968829313724,39.373144515788695,39.9410285949707,31927.0
2018-06-13,39.79905463630697,41.17143657766151,39.56243718471121,40.65087890625,60690.0
2018-06-14,41.408054645244896,41.408054645244896,39.46779223539544,39.98834991455078,48928.0
2018-06-15,40.27228861239007,40.31961137952065,39.278496060665155,39.65708541870117,21595.0
2018-06-18,39.18385228496401,40.41426233805796,38.85258567919142,39.46779251098633,31680.0
2018-06-19,39.089203749768075,39.6097614407325,38.14273390783425,38.80526351928711,67856.0
2018-06-20,38.994552925419015,39.75172797425818,38.0480832117462,38.85258102416992,40276.0
2018-06-21,38.426672648155986,39.13652500207879,37.10161708713089,37.574851989746094,60610.0
2018-06-22,37.57485204878623,40.13032124902279,37.19626268190089,37.95343780517578,62547.0
2018-06-25,39.278492610212965,39.278492610212965,37.00696388253262,37.196258544921875,23176.0
2018-06-26,37.10161079950417,39.2784902605182,36.81767062815368,38.04808044433594,76107.0
2018-06-27,38.04808959286612,38.04808959286612,35.96585515147122,37.101619720458984,77576.0
2018-06-28,36.107817798424975,37.24357846507665,35.776551261905645,36.39175796508789,44500.0
2018-06-29,36.533730227882366,38.237378634665944,36.297112794773035,37.66949462890625,44490.0
2018-07-02,37.71682183482187,38.23738313735816,36.77035199093177,37.0069694519043,25008.0
2018-07-03,35.492616299356214,37.85879071931329,35.492616299356214,36.723026275634766,38184.0
2018-07-04,35.91853015525687,37.38555764452515,35.91853015525687,36.53373336791992,19502.0
2018-07-05,37.43287523135002,37.43287523135002,35.5872586278546,36.06049346923828,28747.0
2018-07-06,36.01316866920726,37.338227594294366,35.11402179936209,36.39175796508789,43195.0
2018-07-09,36.39176441347858,37.29091144264692,36.39176441347858,36.81767654418945,27384.0
2018-07-10,36.770347595214844,37.81146646533079,36.34443910477634,36.770347595214844,35861.0
2018-07-11,36.62838185809486,37.243585059714654,35.49261737984081,35.91852951049805,38597.0
2018-07-12,36.01317775232418,36.770352924562395,35.49262004706641,35.823883056640625,26700.0
2018-07-13,36.39176646589913,36.675706698888106,35.871208770336686,36.107826232910156,22718.0
2018-07-16,36.013174694011084,36.013174694011084,34.07291235164174,34.26220703125,20760.0
2018-07-17,34.92473574269528,35.01938127491572,33.74164853746164,34.546146392822266,31230.0
2018-07-18,34.35685289703817,37.38555696848277,34.35685289703817,35.01938247680664,46762.0
2018-07-19,35.066709854054956,35.634593973002964,33.126447237932446,33.45771026611328,29959.0
2018-07-20,33.173768238583015,34.07291533764793,32.74785607476321,33.647003173828125,43809.0
2018-07-23,33.41038276481769,34.45150169699638,33.1737653180265,33.363059997558594,37209.0
2018-07-24,33.1737656465767,35.63458928387435,33.1737656465767,34.120235443115234,98677.0
2018-07-25,34.35685435246543,34.97206119056096,33.93094220382206,34.072914123535156,64097.0
2018-07-26,33.64700106942711,34.68812002814875,33.64700106942711,33.978267669677734,46486.0
2018-07-27,34.12023212480652,36.34443809665794,33.599674509435474,35.776554107666016,74013.0
2018-07-30,36.81767592789115,37.38555635233595,35.11402743356537,35.68191146850586,70003.0
2018-07-31,35.96585227347709,35.96585227347709,34.54614757847141,35.01938247680664,54613.0
2018-08-01,35.303318220223964,35.3506409819618,34.35684854348608,34.78276062011719,45182.0
2018-08-02,36.628374031609916,36.628374031609916,34.072905404196206,34.498817443847656,60380.0
2018-08-03,34.83008440317488,36.486406386034375,34.59346697705209,35.776554107666016,66104.0
2018-08-06,35.44529003971005,37.38555215075125,35.39796727807398,36.20246505737305,46918.0
2018-08-07,36.43908898561996,37.05429582827685,35.30332445098197,35.7292366027832,50072.0
2018-08-08,36.20247065064099,36.48641087482136,35.587263822836995,36.01317596435547,28822.0
2018-08-09,35.91852714083931,36.675702206223534,35.39796950904363,35.8712043762207,25339.0
2018-08-10,35.539939281813744,36.10782331235475,34.87740971809706,35.303321838378906,21050.0
2018-08-13,34.07291043674961,36.391762008016386,34.07291043674961,35.8712043762207,26660.0
2018-08-14,35.871203244412364,36.439083622908896,35.49261391841775,35.776554107666016,22336.0
2018-08-16,34.26220673590123,34.26220673590123,32.558561855104124,32.98447036743164,101411.0
2018-08-17,34.12023300402653,34.12023300402653,32.22729354626644,33.173763275146484,48989.0
2018-08-20,33.126443990220935,34.072913818512966,33.126443990220935,33.315738677978516,36850.0
2018-08-21,33.3157372302995,33.69432297886799,32.9844706384944,33.363059997558594,20903.0
2018-08-23,33.78896909809571,33.78896909809571,32.937144921729576,33.07911682128906,29349.0
2018-08-24,33.07912179757477,34.07291441250704,32.65320964531925,33.5523567199707,25928.0
2018-08-27,33.647004148578056,37.3855609674192,33.03180088123466,36.297119140625,113519.0
2018-08-28,35.87120550688219,36.817675271069106,34.35685171788576,34.546146392822266,33009.0
2018-08-29,34.167559644494354,37.243586612312946,33.78897387629114,36.249794006347656,112512.0
2018-08-30,35.96585406372879,36.91232390751112,34.35685460719963,35.7292366027832,77111.0
2018-08-31,36.10782569720742,36.91232361382315,35.539941629158754,36.249794006347656,94742.0
2018-09-03,36.06049586146148,39.23117167536931,36.06049586146148,37.52752685546875,120931.0
2018-09-04,37.10161736480414,37.8587924925561,35.96585286792829,36.155147552490234,50790.0
2018-09-05,36.628382811241345,36.628382811241345,33.694324198526765,35.11402893066406,46061.0
2018-09-06,35.91852856122105,35.91852856122105,34.40417476007267,34.92473602294922,22251.0
2018-09-07,35.25599958607374,35.39797149840387,33.7889721374772,34.26220703125,48653.0
2018-09-10,34.83008659997922,34.92473574269528,32.60588409833822,34.546146392822266,24764.0
2018-09-11,34.35685615908734,34.49882808626589,33.59968097195931,33.88362121582031,17304.0
2018-09-12,33.64699667629902,34.07290875787148,32.93714441051003,33.22108459472656,59418.0
2018-09-14,34.07291143661726,34.07291143661726,31.99067723783597,32.74785232543945,93024.0
2018-09-17,33.55235115172529,34.26220341751428,31.375471592071452,33.22108459472656,97539.0
2018-09-18,33.978264307914245,33.978264307914245,32.274615927743824,32.416587829589844,51772.0
2018-09-19,32.321944065100354,33.079119158424994,32.17997215551014,32.227294921875,19744.0
2018-09-21,32.227296852306445,32.88982645258723,26.83241992740492,31.328149795532227,105736.0
2018-09-24,31.233502846771653,31.233502846771653,28.914651155745528,29.38788604736328,63005.0
2018-09-25,29.387884939964803,31.138856139267556,28.86732730090014,30.71294403076172,78593.0
2018-09-26,30.80759012897125,31.564765218879998,29.009297936502108,30.0504150390625,33655.0
2018-09-27,29.624503282706506,31.23350262487496,28.110153084486594,28.820005416870117,70209.0
2018-09-28,28.48874087059033,29.056623102261977,26.83241874794261,27.400300979614258,68284.0
2018-10-01,28.34677074639876,28.34677074639876,25.6020069292299,26.50115394592285,45364.0
2018-10-03,26.785093874082847,30.996885089221195,26.54847643065368,30.429004669189453,180332.0
2018-10-04,30.145065117298692,31.470122547732576,27.63692037304028,30.665624618530273,127873.0
2018-10-05,30.239708441558072,30.854911596626934,27.3056519324546,27.778886795043945,91485.0
2018-10-08,27.494946767100537,28.394093792633065,25.223419624739464,25.9805965423584,86925.0
2018-10-09,25.602008235607357,26.974390214219454,24.892155861548954,25.36539077758789,54398.0
2018-10-10,24.797507858524764,29.151267209271516,23.756390785640544,28.536062240600586,74544.0
2018-10-11,27.30565409888601,28.630711458216712,26.217214189623217,28.346771240234375,25353.0
2018-10-12,29.340562027448097,29.340562027448097,27.920857413216737,28.725357055664062,38845.0
2018-10-15,29.387883213283786,30.760264988726014,27.920855912843614,30.1923828125,37482.0
2018-10-16,30.050414258783515,32.0853256449151,29.766474058752383,31.233501434326172,35985.0
2018-10-17,31.422797697130655,32.13265003843408,31.138857482708428,31.37547492980957,39739.0
2018-10-19,31.517442652103544,31.517442652103544,27.400300592464518,27.731563568115234,80895.0
2018-10-22,27.92086045638375,28.25212526352603,26.974390610404637,27.211008071899414,30980.0
2018-10-23,26.50115348526155,27.25832857702704,25.791301159763474,26.45383071899414,21599.0
2018-10-24,26.595801586514384,28.015506278265175,26.548477013640635,27.06903648376465,35726.0
2018-10-25,26.5484777329729,27.400302015301886,26.027920053992222,26.595802307128906,25784.0
2018-10-26,26.453829540843333,29.671826245401316,25.79130001111916,27.778886795043945,86347.0
2018-10-29,27.826210762185795,28.44141574909892,26.785093658430146,28.25212287902832,20687.0
2018-10-30,27.58959346351524,28.678033339112314,27.44762335891524,27.731563568115234,16176.0
2018-10-31,27.731563207408488,32.84250134851257,27.44762300190173,31.47011947631836,73915.0
2018-11-01,32.463916987999916,32.463916987999916,31.280829607894262,31.754064559936523,27937.0
2018-11-02,32.795176326817526,35.96584835611939,32.274615106951096,32.70052719116211,27266.0
2018-11-05,32.65320491850051,35.01937918795707,32.605882155210466,34.356849670410156,46782.0
2018-11-06,35.44529610894339,35.44529610894339,33.505033665674596,34.072914123535156,12109.0
2018-11-07,34.12023511891988,34.924736604631065,31.65941511549959,34.26220703125,22960.0
2018-11-09,35.01938060769966,35.01938060769966,33.126441115391565,33.41038131713867,11945.0
2018-11-12,33.978269091270505,34.49882678716267,31.51744531265016,31.943357467651367,19310.0
2018-11-13,32.74785768914598,32.74785768914598,30.712949533574033,31.422801971435547,28161.0
2018-11-14,33.079118538349654,33.55235341411862,31.375473707680502,31.990676879882812,9360.0
2018-11-15,33.079118487673476,33.17376401848404,30.47632667493157,31.091529846191406,54606.0
2018-11-16,30.807587751224986,30.807587751224986,29.861118059264186,30.1923828125,15250.0
2018-11-19,30.429003313399946,31.044206472607506,30.192384075265714,30.85491180419922,9236.0
2018-11-20,30.854911636855732,31.65941307060381,29.813796381999957,31.18617820739746,12356.0
2018-11-21,31.99067684393155,31.99067684393155,29.86111990536442,30.00309181213379,23828.0
2018-11-22,30.19238364423888,30.665620308503666,28.867326400040657,29.908443450927734,13758.0
2018-11-26,29.482533949606733,30.239710873799602,29.245916499280437,29.435211181640625,15824.0
2018-11-27,29.577177206571857,30.28702945952958,28.725354864072113,29.76647186279297,14590.0
2018-11-28,30.57097368824124,30.57097368824124,28.58338856086942,29.056623458862305,10483.0
2018-11-29,29.71915065783866,30.09773820785773,28.53606343574916,29.00929832458496,41321.0
2018-11-30,30.145062010623217,30.145062010623217,28.772680145921846,29.29323959350586,16294.0
2018-12-03,30.239710736586975,30.239710736586975,28.914651576573874,29.24591636657715,6126.0
2018-12-04,29.103942245733542,29.38788242359287,28.394089995837604,28.867324829101562,24293.0
2018-12-05,28.536061700084414,29.151266657102433,26.78509235684257,27.58959197998047,26959.0
2018-12-06,27.826209003931204,27.873533572394415,26.311857112814682,26.832416534423828,23434.0
2018-12-07,27.305654699593866,27.636919498026135,25.554685169521512,26.78509521484375,53667.0
2018-12-10,27.11635832895453,27.35297576953048,25.83862378879483,26.264535903930664,32029.0
2018-12-11,26.4065071226432,30.097738990496914,25.460037320360303,29.62450408935547,80887.0
2018-12-12,29.76647580585163,31.044208586234124,28.82000600986586,29.056623458862305,53701.0
2018-12-13,29.482532366224262,30.47632668737093,28.67803271727157,30.00309181213379,65929.0
2018-12-14,30.334355848144696,31.233502864837646,30.00309286801894,30.287033081054688,29249.0
2018-12-17,31.091531698981445,31.138858077702544,29.24591665947567,29.813798904418945,23747.0
2018-12-18,30.2870339978671,30.996886357192107,30.2870339978671,30.38167953491211,28235.0
2018-12-19,31.706740077907263,33.97826916947811,30.61829830267624,33.03179931640625,138770.0
2018-12-20,37.85879136792247,39.6097590244906,35.539939674538076,38.757938385009766,1472104.0
2018-12-21,38.80526325201533,39.37314370906597,36.67570612233156,37.14894104003906,252583.0
2018-12-24,38.33202279468654,40.13031666628973,37.33823033321966,38.615962982177734,266963.0
2018-12-26,38.52131994330543,38.52131994330543,36.628380423835836,36.86499786376953,61853.0
2018-12-27,37.85879004696745,37.85879004696745,35.255998231238436,35.58726119995117,57724.0
2018-12-28,36.06049841529793,36.48641055306043,35.11402860271273,35.25600051879883,26329.0
2018-12-31,36.48641083799245,36.48641083799245,34.59347119803957,34.735443115234375,45186.0
2019-01-01,35.01938042473545,35.35064338996041,33.17376370727867,34.83008575439453,78203.0
2019-01-02,34.54614020147671,36.43907939059872,34.072905404196206,34.498817443847656,60760.0
2019-01-03,34.640792779970816,35.35064512063002,34.16755788619801,34.26220703125,16553.0
2019-01-04,34.92473963008692,34.92473963008692,32.74785604175667,33.26841735839844,72819.0
2019-01-07,34.0729092867193,34.120232049740665,32.84249939568684,33.07911682128906,17707.0
2019-01-08,33.17376811621499,35.965854945961176,33.17376811621499,35.44529724121094,98298.0
2019-01-09,36.107823852848355,36.107823852848355,34.68811917098793,35.161354064941406,25988.0
2019-01-10,35.01937895368385,37.858788058036595,34.30952667759566,37.196258544921875,89854.0
2019-01-11,37.76414572917007,37.81146849614984,36.202469145367694,36.581058502197266,16644.0
2019-01-14,37.6221726091739,37.6221726091739,35.01938079344489,35.58726119995117,12318.0
2019-01-15,35.82388302171292,36.48641265071141,35.019385078962195,35.44529724121094,17183.0
2019-01-16,35.01938247680664,36.43908717181232,34.8300877953734,35.01938247680664,29579.0
2019-01-17,35.161352075455085,36.15514457442785,34.78276273751522,35.8712043762207,20399.0
2019-01-18,35.87120940345968,35.87120940345968,34.8300903834632,35.44529724121094,19603.0
2019-01-21,36.581057491830634,36.62838025750336,34.546146073443275,34.68811798095703,9118.0
2019-01-22,34.68811885872442,34.68811885872442,32.70053015571474,32.98447036743164,31491.0
2019-01-23,32.70052660919479,35.96584771603954,32.17996900908801,34.78276062011719,39092.0
2019-01-24,34.830088062561934,35.161354660235254,33.221088673780066,33.59967803955078,19279.0
2019-01-25,33.457708477630874,34.35685557669579,33.22109101000832,33.647003173828125,12659.0
2019-01-28,33.88361757323313,33.93094034037328,31.70673779032489,32.0853271484375,23555.0
2019-01-29,32.65320475651668,32.98446770839913,30.42900239845935,30.760265350341797,29732.0
2019-01-30,31.28082630203494,32.65320824001895,29.766476059739617,31.80138397216797,40407.0
2019-01-31,32.13264802661215,32.65320565554346,31.04420639389584,31.56476402282715,12929.0
2019-02-01,32.41659239309806,32.46391516354353,31.280827849926816,31.943357467651367,12670.0
2019-02-04,31.37547477660337,31.37547477660337,30.097738402198956,30.287033081054688,30376.0
2019-02-05,30.618292267980117,31.186176234194015,27.873532401346296,28.867324829101562,55387.0
2019-02-06,28.820004221799348,30.76026646109221,27.589592480207003,30.145061492919922,40447.0
2019-02-07,29.86111902840704,30.192383792394054,27.589592055028227,28.488739013671875,63711.0
2019-02-08,27.87353650275977,29.00929918656495,27.589594477872556,27.82621192932129,32399.0
2019-02-11,28.394093868311085,28.583388549532305,26.264536828187754,27.258329391479492,21220.0
2019-02-12,27.447622030181858,28.20479708822571,27.447622030181858,27.778886795043945,9152.0
2019-02-14,27.305654414594365,28.394094336441714,26.879742277448578,28.20479965209961,22081.0
2019-02-15,28.299446832218752,28.441416942038416,27.116359574975093,27.82621192932129,24958.0
2019-02-18,27.494948589544798,28.299448328043532,27.21100835489724,27.968183517456055,5130.0
2019-02-19,27.494944383760703,28.441414094805793,27.447621620307533,27.920856475830078,19904.0
2019-02-20,27.49494566803656,28.772680198679343,27.02171079040944,27.684240341186523,15102.0
2019-02-21,27.589592099597695,29.387884214542307,27.447622002016125,28.67803192138672,42823.0
2019-02-22,29.009296038580494,31.564763153767966,27.920856241079477,30.760265350341797,68279.0
2019-02-25,30.28703201517696,31.233501765651237,29.10394482708411,30.00309181213379,17713.0
2019-02-26,29.813799512882966,29.813799512882966,28.725359574255872,29.151269912719727,17241.0
2019-02-27,29.198593002218413,30.050415441073287,28.867328218983786,29.00929832458496,8550.0
2019-02-28,29.624502995929618,29.624502995929618,28.299445682690354,28.441415786743164,19419.0
2019-03-01,28.536064304608555,29.861121672644263,28.488741536383237,29.813798904418945,17692.0
2019-03-05,29.387887374385244,32.7951809141882,29.387887374385244,31.328149795532227,93701.0
2019-03-06,31.848708350610753,33.12644106164751,30.807589465233075,32.511234283447266,44176.0
2019-03-07,32.274616149388955,32.51123358042698,31.56476385627487,31.89603042602539,25070.0
2019-03-08,31.990675954242413,32.0853250929549,31.328146425236838,31.89603042602539,13877.0
2019-03-11,31.990677161859352,32.747852247664575,31.51744228191914,32.369266510009766,29440.0
2019-03-12,32.463909663014434,32.93714450827848,31.706734632691028,32.32194137573242,29302.0
2019-03-13,33.126442467503615,33.41038268084022,31.70673779032489,32.0853271484375,41454.0
2019-03-14,32.22729995681345,32.22729995681345,31.28083003966476,31.422801971435547,30609.0
2019-03-15,31.517444482826143,33.26841582717506,30.807592113345844,31.328149795532227,107955.0
2019-03-18,31.94335697748283,33.883619419941866,31.612093978951737,32.79518127441406,102812.0
2019-03-19,32.70052980651485,32.74785257287971,31.70673727087029,32.227294921875,26636.0
2019-03-20,32.179970698031696,32.179970698031696,31.044206304237367,31.18617820739746,52302.0
2019-03-22,31.328148139284835,31.84870940444619,30.712944951223804,30.80759048461914,22982.0
2019-03-25,30.807587056266193,30.854909817697656,29.198589699377262,29.76647186279297,28345.0
2019-03-26,30.239712463454254,31.233505084967668,29.624505616067115,30.665624618530273,43916.0
2019-03-27,30.618296061180445,32.08532711444059,29.7664754220732,30.287033081054688,50906.0
2019-03-28,30.097738536714672,31.091531092029193,30.097738536714672,30.476327896118164,13603.0
2019-04-01,32.03800024591993,32.55856150742028,31.754060037235146,32.227294921875,37321.0
2019-04-02,32.9844741556364,32.9844741556364,31.801386795527545,32.60588836669922,22829.0
2019-04-03,32.55856431493044,33.410385014436905,31.51744531265016,31.943357467651367,51309.0
2019-04-04,32.27461747097486,32.51123491170194,31.37547408460847,31.659414291381836,15609.0
2019-04-05,31.612089157104492,31.94335210510747,31.23349983610508,31.612089157104492,27851.0
2019-04-08,31.943352889862354,31.943352889862354,30.76026574579338,31.517440795898438,24900.0
2019-04-09,31.375472420777225,31.517440711387565,29.62450128595293,30.61829376220703,132858.0
2019-04-10,30.80758964326413,31.280824518308116,30.00309179988759,31.091529846191406,14216.0
2019-04-11,30.949564133290934,31.42279904783515,30.05041707355775,30.23971176147461,18376.0
2019-04-12,30.47632775991042,30.618296061180445,30.145062974536813,30.287033081054688,6726.0
2019-04-15,30.57097254442925,30.760267218643097,29.71915012096254,29.861120223999023,34278.0
2019-04-16,30.57097465142844,30.760269338688772,28.914652456268275,29.151269912719727,57733.0
2019-04-18,29.151266783490446,29.719148979064464,28.062826961701422,28.67803192138672,37180.0
2019-04-22,28.4414159253154,28.82000527829788,27.684240829846093,28.63071060180664,14556.0
2019-04-23,28.58338681065082,29.056621679666573,28.252122041290235,28.536062240600586,14652.0
2019-04-24,28.488741349225545,29.340563808420434,28.204799325995328,28.346771240234375,49203.0
2019-04-25,28.394094467163086,28.91465214362858,27.968182328056475,28.394094467163086,12677.0
2019-04-26,28.536064447074345,28.536064447074345,28.157476883638033,28.20479965209961,12624.0
2019-04-30,29.009300125097333,29.009300125097333,26.264537960540853,26.643125534057617,55737.0
2019-05-02,28.11015251105372,28.11015251105372,25.743978118044073,26.075241088867188,55187.0
2019-05-03,25.88594995969495,26.217214758021534,25.08145025097266,25.6966552734375,51508.0
2019-05-06,26.07524198633864,27.447623903618716,25.554684324058805,26.879741668701172,18428.0
2019-05-07,27.352977441145878,27.352977441145878,26.264537509028514,26.595802307128906,22562.0
2019-05-08,26.45383221321939,26.832419780486372,25.460037818239645,25.6966552734375,27913.0
2019-05-09,25.885950268379485,26.21721507065633,25.081450550063703,25.36539077758789,37993.0
2019-05-10,25.602006451509723,25.88594846449511,25.034126036034582,25.554683685302734,18616.0
2019-05-13,25.60200480312856,25.980594129400323,25.08144718737643,25.223417282104492,12312.0
2019-05-14,25.176094783947473,25.507359545298307,24.229625068800935,24.892152786254883,26138.0
2019-05-15,24.892155556070907,25.55468515249399,24.22962776489574,24.60821533203125,13480.0
2019-05-16,24.84483104539396,25.933270901571184,24.56089084126,24.986801147460938,10180.0
2019-05-17,24.98680230123757,25.74397922263742,24.750184851784095,25.27074432373047,12755.0
2019-05-20,25.9332687103134,28.299442895656732,25.885945948705587,27.63691520690918,67862.0
2019-05-21,28.20479865074253,28.39409332836409,25.885948778741497,26.12256622314453,25127.0
2019-05-22,26.359181858145508,26.548474717525398,25.55468224134977,25.602005004882812,18664.0
2019-05-23,27.02170860753625,27.636915342951987,25.60200408934175,26.406503677368164,47956.0
2019-05-24,27.021713380604407,28.157477917878527,26.501155687415082,27.211008071899414,71293.0
2019-05-27,27.494946319260833,29.340563107819587,26.64312388040596,29.00929832458496,51067.0
2019-05-28,29.813797960107912,29.813797960107912,28.01550574578589,28.820005416870117,36459.0
2019-05-29,28.39409168035448,29.529856069667755,27.447621957676,28.488739013671875,18962.0
2019-05-30,28.394091950745143,28.820004052105418,27.92085708489939,28.157474517822266,17718.0
2019-05-31,27.447624344811754,27.447624344811754,25.554684734824736,25.838624954223633,52404.0
2019-06-03,27.258329936126145,27.258329936126145,25.885949788218408,26.217214584350586,18899.0
2019-06-04,26.359182209878128,26.92706440609095,25.270742386864736,26.16988754272461,51845.0
2019-06-06,26.45383174086613,28.204799433867063,25.460037363631336,25.64933204650879,36323.0
2019-06-07,25.64932957366357,26.406504621678554,25.55468224134977,25.602005004882812,17641.0
2019-06-10,25.838623893040307,26.40650611376326,25.460036347640937,25.554683685302734,25249.0
2019-06-11,25.507362696597923,25.79130292412211,25.081450550063703,25.36539077758789,18132.0
2019-06-12,25.365387376832555,26.027916892560444,24.844829761080426,25.223417282104492,11378.0
2019-06-13,25.270742494738148,25.933270222108128,24.41891829415886,24.560890197753906,15744.0
2019-06-14,25.412713546620605,25.412713546620605,24.608213885469166,24.655536651611328,10440.0
2019-06-17,24.655536136024757,25.22341834409444,23.661743625838643,23.70906639099121,38629.0
2019-06-18,24.324275742031574,24.418921282346556,21.768806438071785,22.85724639892578,58500.0
2019-06-19,23.188510430721983,23.661745337471412,20.82233589697484,21.153600692749023,42542.0
2019-06-20,21.200922060507157,23.188508898577656,20.822334521171772,22.100069046020508,46116.0
2019-06-21,22.242041098084467,22.242041098084467,21.058953805633166,21.200923919677734,88341.0
2019-06-24,21.200920019821808,22.00541959175261,21.200920019821808,21.721479415893555,52653.0
2019-06-25,22.194715695041534,22.809920653071416,21.95809826462637,22.57330322265625,29294.0
2019-06-26,22.715276970665208,23.61442407285325,22.431336730631102,23.283159255981445,23579.0
2019-06-27,23.3778037616499,23.425126527485094,22.147391992209077,22.478656768798828,17431.0
2019-06-28,22.336684333753247,22.478654421682773,21.43753743478689,21.721479415893555,14691.0
2019-07-01,21.484864163956928,22.10006914375352,21.011629286382966,21.390216827392578,18290.0
2019-07-02,20.91698239988824,21.958099514002175,20.91698239988824,21.43754005432129,9005.0
2019-07-03,21.43754001824178,22.14739234868189,20.916982364684827,21.248247146606445,18581.0
2019-07-04,22.10006918454836,22.10006918454836,20.86965741743615,21.579509735107422,11434.0
2019-07-05,21.863453824755368,21.863453824755368,20.49107182463136,20.68036651611328,15005.0
2019-07-08,20.680364566996126,22.242039306166784,18.408837509543545,19.781217575073242,60930.0
2019-07-09,19.402628879743755,19.402628879743755,17.982924327567382,18.598129272460938,53163.0
2019-07-10,19.307984298488673,19.307984298488673,17.935604119072224,18.124897003173828,16553.0
2019-07-11,18.2195437256719,18.266866493769296,16.657868910235315,16.79983901977539,70274.0
2019-07-12,17.36772186568487,17.840956784067302,16.610544913124208,17.036457061767578,35272.0
2019-07-15,17.13110320092819,17.793630956890826,16.468573639717736,16.563220977783203,26674.0
2019-07-16,16.279281616210938,16.94180940665976,15.711399363506294,16.279281616210938,38443.0
2019-07-17,16.56322128204807,17.79363128375821,16.326603835161666,17.131103515625,59040.0
2019-07-18,17.03645795761317,17.55701567310769,16.32660554271262,16.941810607910156,22168.0
2019-07-19,16.847163925620194,16.847163925620194,15.853371227488799,16.089988708496094,38305.0
2019-07-22,16.042662000834635,16.042662000834635,14.670280225392407,15.09619140625,64378.0
2019-07-23,15.238163948059082,15.664074269516224,15.143516608208209,15.238163948059082,33203.0
2019-07-24,15.285485493381152,15.853367681839885,14.95422163563344,15.569427490234375,9794.0
2019-07-25,15.569427583760362,15.758720444218552,14.575633296675903,14.954221725463867,40180.0
2019-07-26,14.906899161204956,15.616751502214715,14.480987937123885,15.238163948059082,33972.0
2019-07-29,15.995337952216811,15.995337952216811,14.007752076166318,14.244369506835938,58220.0
2019-07-30,14.291693522785952,15.143515932965718,13.62916397861959,14.007752418518066,28968.0
2019-07-31,14.05507557006909,14.19704566567631,13.155928622477173,13.960428237915039,44661.0
2019-08-01,13.534518528185274,14.19704721782568,12.68269515354136,13.108607292175293,44373.0
2019-08-02,12.63537074872622,15.427455256861977,12.588047083603414,15.09619140625,47419.0
2019-08-05,15.143514664446721,15.143514664446721,13.865780253584504,14.433662414550781,54151.0
2019-08-06,15.190839747897158,15.190839747897158,13.91310604433165,14.102399826049805,42200.0
2019-08-07,14.386339461293375,16.089985125717664,14.244369365351291,14.859574317932129,27818.0
2019-08-08,15.143515323941868,16.51589712227318,14.433663043132093,15.474780082702637,19366.0
2019-08-09,16.421253423579287,16.657870902866456,14.291696109994747,15.711400985717773,36448.0
2019-08-13,15.238163110925314,15.995338177639912,14.859574674944135,15.522103309631348,8453.0
2019-08-14,15.616750717163086,16.847160657628343,15.52210338207012,15.616750717163086,14111.0
2019-08-16,15.853368152271619,16.08998558738015,15.143515846946023,15.616750717163086,16437.0
2019-08-19,15.71139837506467,16.7998382378776,15.569428272132166,16.184633255004883,31508.0
2019-08-20,16.563219535076414,16.847159719292943,15.853367269287425,16.61054229736328,10586.0
2019-08-21,16.610546323860163,16.752518255630946,15.238166027143432,15.711400985717773,49006.0
2019-08-22,15.332811182483983,15.4747812886602,13.723811831825943,14.149723052978516,33670.0
2019-08-23,14.007752791281526,14.480987676780066,13.629164341308348,13.865781784057617,43301.0
2019-08-26,14.622957392245244,14.622957392245244,13.345223776975594,14.007752418518066,36122.0
2019-08-27,13.818458312155395,14.480986937505559,13.629163645520604,14.244369506835938,30712.0
2019-08-28,14.67028207382822,14.717605744913746,13.818459604784548,14.102399826049805,42604.0
2019-08-29,14.007752681909437,14.244370122811205,13.392546793990498,13.581841468811035,13342.0
2019-08-30,13.91310604433165,14.197047168220857,13.392547467638762,14.102399826049805,7899.0
2019-09-03,13.9131043937263,14.386339243190623,12.824664601007898,13.67648696899414,16389.0
2019-09-04,14.102397783596736,14.149721447828366,12.871987929317257,13.81845760345459,14206.0
2019-09-05,14.954222728307535,14.954222728307535,13.771135501425988,14.149723052978516,7816.0
2019-09-06,14.10239807295412,14.622956584935398,14.10239807295412,14.291692733764648,14361.0
2019-09-09,14.622958630769386,15.995339697906505,14.43366484609943,15.664074897766113,50092.0
2019-09-11,15.94801558374521,16.799837994234295,15.900691013288842,16.705190658569336,45998.0
2019-09-12,16.79983757532688,17.367719769908604,16.563220144688472,16.84716033935547,33061.0
2019-09-13,17.036455521135352,17.840955170682967,16.089985769961164,17.793630599975586,53896.0
2019-09-16,17.93560215178632,18.929394648746406,17.888277582015803,18.834747314453125,43909.0
2019-09-17,19.781218895653407,21.626835768497592,18.976719186843177,19.544601440429688,106698.0
2019-09-18,20.254453156205038,20.396423263734356,18.550808255357534,19.118690490722656,25990.0
2019-09-19,19.16660666567153,19.645771832313315,17.9207779635509,18.7353572845459,20595.0
2019-09-20,18.92702454090726,20.412435862336757,18.352025961432265,19.597856521606445,54552.0
2019-09-23,20.31660493602373,20.31660493602373,18.591609142661248,19.64577293395996,42300.0
2019-09-24,19.645770893540494,20.795767969676213,19.214521533022104,20.604101181030273,84512.0
2019-09-25,20.604102225530717,20.891600595204054,19.64577188945952,20.124937057495117,37290.0
2019-09-26,20.124937301236994,20.556186688840103,18.927024366639554,19.31035614013672,33137.0
2019-09-27,19.214520739578937,19.59785430104147,17.537442805724968,17.9207763671875,31661.0
2019-09-30,18.016609136072915,18.73535687013758,16.38744870224835,17.872859954833984,39111.0
2019-10-01,17.872859954833984,19.78952057900642,17.44161241111719,17.872859954833984,20477.0
2019-10-03,18.879107759389754,18.879107759389754,17.058278715689728,17.58536148071289,17062.0
2019-10-04,18.399941434882468,18.399941434882468,16.77077928725802,16.818695068359375,6918.0
2019-10-07,17.441612817963364,17.968693770757564,16.77078085270706,17.345779418945312,13664.0
2019-10-09,17.249945850273534,18.44785875654253,17.249945850273534,18.304109573364258,28657.0
2019-10-10,18.208278369903564,19.262442220050982,17.968695759773254,19.166608810424805,36602.0
2019-10-11,19.74160505191585,20.316603612237678,18.879108125368127,19.693687438964844,59022.0
2019-10-14,19.69368711561543,21.035351010294345,18.35202504880652,20.22076988220215,91375.0
2019-10-15,20.556183910609068,20.74784885751851,18.73535503381548,19.118688583374023,18906.0
2019-10-16,19.166606500303928,19.454104866660472,18.016609379137677,18.304109573364258,43380.0
2019-10-17,18.83119188621982,19.118692101289916,18.01661068532646,18.399944305419922,38733.0
2019-10-18,17.72910882943246,18.974937367379788,17.72910882943246,18.831188201904297,23283.0
2019-10-22,18.879108580403688,20.987434248573134,18.44785919280058,19.31035614013672,25892.0
2019-10-23,19.310353156313187,20.02910080601122,17.872857856917122,18.543689727783203,39160.0
2019-10-24,18.30410717788386,19.16660399194754,18.208273792350163,18.543689727783203,21221.0
2019-10-25,18.59160629244056,18.59160629244056,17.010361761843196,17.77702522277832,42797.0
2019-10-27,18.92702224205088,18.974938022908123,17.441611101037875,17.77702522277832,11567.0
2019-10-29,18.927022809339086,18.927022809339086,17.729109973304965,18.639524459838867,63161.0
2019-10-30,19.166607206141308,20.12493756644837,18.256192632701552,18.49577522277832,133802.0
2019-10-31,18.304110554583247,20.124937904146265,17.920778769602105,19.214523315429688,131338.0
2019-11-01,19.262441144725017,20.12493812747118,19.07077433617247,19.64577293395996,177010.0
2019-11-04,19.454106125407414,20.268687319950516,19.214523528651803,19.64577293395996,73372.0
2019-11-05,19.64577058209452,20.220769111046884,19.502021406823914,20.029102325439453,74263.0
2019-11-06,20.26868288641594,20.26868288641594,18.639522681559413,19.885351181030273,34811.0
2019-11-07,19.885353150168847,20.939516815269855,19.64577058209452,20.029102325439453,79917.0
2019-11-08,19.74160417128099,24.006172828704464,19.74160417128099,23.910341262817383,309056.0
2019-11-11,23.910342792706622,28.462411922662668,23.910342792706622,25.827003479003906,347560.0
2019-11-13,26.258248995464232,26.258248995464232,22.377012138575534,23.335342407226562,117491.0
2019-11-14,23.38326011338317,23.43117772748013,22.041597992459643,22.089513778686523,35564.0
2019-11-15,22.041597672028434,22.041597672028434,19.26244007025973,19.98118782043457,141541.0
2019-11-18,20.843681358429322,20.843681358429322,19.166603547980987,19.885351181030273,46069.0
2019-11-19,19.837438124238176,20.60410164016612,19.837438124238176,20.22076988220215,33311.0
2019-11-20,20.22077045667625,22.185346914474177,19.88535447347732,20.124937057495117,100935.0
2019-11-21,20.268685471169793,20.98743319587702,19.64577114199753,19.933269500732422,57388.0
2019-11-22,20.69993649555304,20.747852283224383,18.83119153044855,19.214523315429688,76639.0
2019-11-25,19.933268932635734,20.84368342246614,19.262438838749592,20.029102325439453,59822.0
2019-11-26,20.508265430765704,20.508265430765704,19.741602019994367,19.885351181030273,35611.0
2019-11-27,20.124936832717147,21.466598922657617,19.837438466254916,20.939517974853516,36278.0
2019-11-28,21.658266015645133,25.10825559981454,20.89160064812412,21.514516830444336,40547.0
2019-11-29,22.424929476120067,23.287426412149674,21.17910077161842,22.760345458984375,67199.0
2019-12-02,23.718674037584623,25.15616943380187,23.239508905512206,24.293672561645508,224719.0
2019-12-03,24.629089679044622,25.5874199883013,23.718675154102776,24.102006912231445,91709.0
2019-12-04,23.958255029189647,23.958255029189647,22.281177177146372,22.808258056640625,68618.0
2019-12-05,23.239510380315508,23.239510380315508,22.041597474113676,22.3290958404541,15246.0
2019-12-06,22.664512352759488,22.760345753083325,21.56243281871052,22.089513778686523,40804.0
2019-12-09,22.281178746136444,23.479091581950232,21.274932695200835,23.335342407226562,59455.0
2019-12-10,23.431176681792415,24.29367359047527,22.472846377062584,23.81450843811035,39776.0
2019-12-11,24.677004024046074,24.724919805566167,23.33534203491464,23.862422943115234,11335.0
2019-12-12,24.67700448328135,24.724920265693147,23.143675683794736,23.47909164428711,20462.0
2019-12-13,24.389505784544546,24.389505784544546,22.329094268621798,22.90409278869629,31864.0
2019-12-16,23.670759828160623,23.670759828160623,20.939518028315927,21.083267211914062,73502.0
2019-12-17,20.987430944443947,21.897845362556108,20.987430944443947,21.562429428100586,8424.0
2019-12-18,21.562432320768373,21.754099116989885,20.699935393511645,20.939517974853516,15351.0
2019-12-19,20.89160074751247,22.61659646173859,20.699935775622947,21.80201530456543,36622.0
2019-12-20,21.993681689013616,22.760345217834775,21.658265709703098,22.3290958404541,14238.0
2019-12-23,22.137431237901584,22.808261379734926,21.466599268198177,21.658266067504883,25821.0
2019-12-24,22.377012313308516,22.520761489154662,20.795767723261005,21.274932861328125,23361.0
2019-12-26,21.945761570566106,21.945761570566106,20.79576640862564,21.17909812927246,7937.0
2019-12-27,22.281177585044603,22.5207601397225,20.795766477189563,21.322847366333008,18924.0
2019-12-30,21.370762657591776,21.802011977301703,20.31660090340269,21.562429428100586,30891.0
2019-12-31,21.56243382287764,21.802016420909617,21.227017820058844,21.46660041809082,21707.0
2020-01-01,21.227015989581602,21.849930325174697,21.17910020525521,21.610347747802734,17175.0
2020-01-02,21.658265549800923,22.42492907296183,21.562432152438305,21.89784812927246,46071.0
2020-01-03,21.9457634582326,22.52076200259629,21.802014279109176,22.281179428100586,36112.0
2020-01-06,21.322849386104387,22.9999274277081,21.17910020525521,21.610347747802734,33697.0
2020-01-07,22.377011475241417,22.52076064570385,21.754097184657624,22.185344696044922,20776.0
2020-01-08,22.233264584318377,22.377013769519174,21.083267446971885,21.514516830444336,49752.0
2020-01-09,22.041595458984375,22.28117801832116,21.418681170282703,22.041595458984375,66223.0
2020-01-10,22.041596966772932,23.28742562939906,21.322849239595556,22.56867790222168,73309.0
2020-01-13,23.383257785088293,23.479091175869907,22.08951157921128,22.616594314575195,41288.0
2020-01-14,23.766588257808213,23.766588257808213,22.377010562837093,22.808258056640625,30240.0
2020-01-15,22.80826124459211,23.143677227456415,22.08951349325576,22.760345458984375,40802.0
2020-01-16,23.33534197132879,25.874916770241477,22.37701172057911,23.718673706054688,81467.0
2020-01-17,23.43117893355517,25.77908730905791,23.43117893355517,24.820756912231445,123708.0
2020-01-20,25.347837410987133,25.683251556930966,23.766590938417608,24.102006912231445,19815.0
2020-01-21,24.581171090587826,24.581171090587826,23.191593294076466,23.47909164428711,29160.0
2020-01-22,23.431176251973604,23.814508001259746,22.66451092553136,22.952011108398438,49328.0
2020-01-23,22.856179153407165,23.43117772748013,22.041597992459643,22.089513778686523,45935.0
2020-01-24,22.808259903167635,22.808259903167635,22.185345587552334,22.66451072692871,18994.0
2020-01-27,22.23326290409089,23.28742473447759,21.80201355320911,23.191593170166016,47965.0
2020-01-28,22.999928575880986,23.718676343877267,22.281180807884702,22.520763397216797,18712.0
2020-01-29,23.143676645853056,23.191594258126667,22.61659570593336,22.856178283691406,6633.0
2020-01-30,22.808261002934834,23.239510380315508,21.993681689013616,22.3290958404541,15348.0
2020-01-31,22.185346892341286,23.335344025627464,22.185346892341286,22.760345458984375,20471.0
2020-02-03,22.13742871186579,22.472844658444185,21.083265091706494,21.75409698486328,23586.0
2020-02-04,22.041597118220263,22.329095479918614,21.227015989581602,21.610347747802734,49641.0
2020-02-05,21.61034550040502,22.2332615990871,21.61034550040502,21.99367904663086,15099.0
2020-02-06,22.66451182936697,22.66451182936697,20.31660362893866,20.939517974853516,83792.0
2020-02-07,21.802014073830165,25.108254301888657,20.987432962640536,24.341588973999023,590935.0
2020-02-10,25.060338446738754,26.25825139187799,24.72492245652575,25.2999210357666,218889.0
2020-02-11,24.964502833491995,25.395752186677896,23.143675683794736,23.47909164428711,82950.0
2020-02-12,23.23951062654194,23.766591579707242,22.472847089597856,22.760345458984375,30707.0
2020-02-13,22.377012823472864,23.57492569595139,21.466598309241192,22.281179428100586,51621.0
2020-02-14,22.329092956056833,23.86242164349893,21.22701359028807,22.808258056640625,58368.0
2020-02-17,22.281177881008002,22.999925554588906,21.5624302074271,21.75409698486328,56397.0
2020-02-18,21.5624303403108,22.47284479693854,21.083265221637227,22.041595458984375,72578.0
2020-02-19,22.089511306446678,22.760343205764528,21.754097184657624,22.185344696044922,66032.0
2020-02-20,22.472846974992944,22.472846974992944,20.93951808105425,21.22701644897461,80095.0
2020-02-24,21.17909998694694,21.466598345681838,19.789520321364975,19.933269500732422,75954.0
2020-02-25,19.98118787265845,20.46035304069405,19.40618930544172,20.124937057495117,25632.0
2020-02-26,20.124936951533627,20.939518098479237,19.50202260194112,19.837438583374023,61878.0
2020-02-27,19.789520145734144,19.981186935103036,18.92702324931408,19.50202178955078,37907.0
2020-02-28,19.166607527758345,19.549939312739486,17.72911196317647,19.214523315429688,36639.0
2020-03-02,20.029103900895183,20.987434248573134,18.831190966297743,19.31035614013672,44008.0
2020-03-03,19.933270201150368,20.412435367792156,17.9207779635509,18.7353572845459,127336.0
2020-03-04,18.73535525435936,18.73535525435936,16.09994712340565,16.243698120117188,200147.0
2020-03-05,15.764533135508511,16.722863372855656,15.764533135508511,16.53119659423828,38348.0
2020-03-06,15.381200531824256,16.483281835392397,15.333284748134329,16.052032470703125,70701.0
2020-03-09,15.38119941786669,15.764532971103742,14.61453596713228,15.141617774963379,92088.0
2020-03-11,16.195780731838134,16.24369834068258,14.662452892278424,15.572866439819336,71330.0
2020-03-12,14.902036744409532,15.093702626723783,13.512457955212442,13.799956321716309,118468.0
2020-03-13,12.122878155530131,14.997869109151665,11.068715354229909,13.512457847595215,82920.0
2020-03-16,12.69787596678731,13.368706967151345,11.979128270554066,12.07496166229248,102672.0
2020-03-17,11.643712377439872,12.649959340487321,10.062467802604568,10.4937162399292,216627.0
2020-03-18,11.452047234593588,11.452047234593588,10.15830184040533,10.541633605957031,71221.0
2020-03-19,10.11038528007164,10.541633750723316,9.48747001007697,10.206217765808105,143586.0
2020-03-20,10.541633305046428,11.212464332580566,10.062468154817045,11.212464332580566,294456.0
2020-03-23,10.110383759074143,12.170793316629796,10.110383759074143,10.781214714050293,73477.0
2020-03-24,11.068716211864206,11.116632914257616,10.014552414949488,10.73330020904541,44454.0
2020-03-25,10.206216230393652,11.356213197706934,10.158300451701345,10.781214714050293,25557.0
2020-03-26,10.781216692239992,11.835380467721928,10.781216692239992,11.691630363464355,42786.0
2020-03-27,11.979128150954034,12.458293276992196,10.781215335858631,11.308297157287598,22790.0
2020-03-30,11.020799563504363,12.410378456115723,10.206218360627833,12.410378456115723,175393.0
2020-03-31,11.595796548488996,13.512457074590653,11.595796548488996,13.32079029083252,60733.0
2020-04-01,13.03329193397021,13.081207715941348,12.458293410966983,12.6978759765625,21548.0
2020-04-03,11.835379712350047,13.272875179569809,11.835379712350047,12.122878074645996,15640.0
2020-04-07,12.122877960104457,13.272875054162663,11.595797024918609,11.835379600524902,65033.0
2020-04-08,12.458294982910155,12.458294982910155,11.547881301561429,11.979129791259766,19683.0
2020-04-09,12.362460748915117,13.656207045075192,11.787463105904537,12.26662826538086,67915.0
2020-04-13,13.704122995394702,13.704122995394702,11.835379158280642,12.218710899353027,20396.0
2020-04-15,13.129125186864234,13.17704188559887,11.883295589438795,12.26662826538086,42641.0
2020-04-16,12.266628775141921,14.087456091245583,11.979129484721593,13.416625022888184,77289.0
2020-04-17,13.4645418585875,14.183289634875782,12.985376674395312,13.704124450683594,46821.0
2020-04-20,14.183288835858235,14.806203174642091,13.656206980153046,14.758286476135254,81557.0
2020-04-21,14.902035773227361,14.902035773227361,13.224957812888412,13.32079029083252,36000.0
2020-04-22,13.99162190931635,14.039537690304503,13.177040837428606,13.368706703186035,21701.0
2020-04-23,13.416623945159808,13.895789086058372,13.416623945159808,13.752039909362793,14150.0
2020-04-24,13.991623304067858,13.991623304067858,12.985376266115198,13.4645414352417,19343.0
2020-04-27,13.799955892564025,13.799955892564025,12.745793115650587,12.937458992004395,18935.0
2020-04-28,13.033293197014395,13.368708272991906,12.985376496464736,13.272875785827637,3133.0
2020-04-29,13.320791136402693,13.416624534365022,12.745793490433774,13.033292770385742,35656.0
2020-04-30,12.93745854215802,13.847872108634,12.410376715060886,12.6978759765625,87716.0
2020-05-04,12.602042700645422,12.602042700645422,11.54787995069147,11.739545822143555,100918.0
2020-05-05,11.883295672374476,12.410377534264034,11.452047208623027,11.787463188171387,37884.0
2020-05-06,11.691629506800128,12.218711355920973,11.64371280889187,11.835379600524902,28614.0
2020-05-07,11.835379442403024,12.07496201480847,11.45204677819332,11.547880172729492,31783.0
2020-05-08,12.07496201480847,12.170794495409659,11.499963475461406,11.547880172729492,13906.0
2020-05-11,11.59579579970175,11.883294128904106,11.356213249409853,11.404129028320312,30835.0
2020-05-12,11.883294128904106,11.883294128904106,11.260379863719134,11.404129028320312,34687.0
2020-05-13,11.883294997248878,12.266627654088014,11.499963254344706,11.739545822143555,45953.0
2020-05-14,11.88329601288077,12.218712002040204,11.020799060663714,11.116632461547852,63442.0
2020-05-15,11.212463170873775,11.54787910685639,11.164546478028416,11.404129028320312,11672.0
2020-05-18,11.595796940818113,11.739546119565325,10.877049219212074,11.06871509552002,26580.0
2020-05-19,11.260380461896792,11.499963024915873,11.020797898877712,11.308297157287598,16059.0
2020-05-20,11.356213916959032,11.931211523098568,11.212463829972933,11.452046394348145,32681.0
2020-05-21,11.643713862586385,11.739547267075316,11.164548668011882,11.356215476989746,16712.0
2020-05-22,11.260381648939012,11.595797638098448,10.924965659779577,11.116632461547852,20388.0
2020-05-26,11.116632223839698,11.452047291891873,10.589550358117682,10.685382843017578,31392.0
2020-05-27,11.068714765652016,11.068714765652016,10.349967065465975,10.4937162399292,74470.0
2020-05-28,10.637466263991247,10.924964611178883,10.06246774174606,10.349967002868652,95412.0
2020-05-29,10.0624680121729,12.410377032226247,10.0624680121729,10.924964904785156,356969.0
2020-06-01,11.69162948280995,11.787462878429823,10.972881757465874,11.212464332580566,84316.0
2020-06-02,11.212463990199096,11.979128389942403,11.116631511440536,11.739545822143555,106037.0
2020-06-03,12.41037676988922,12.458293466007008,11.835379158280642,12.218710899353027,92470.0
2020-06-04,12.362461441527833,12.6978774375271,11.404131068884277,11.691630363464355,68661.0
2020-06-05,11.739546188941368,12.649959792235537,11.691629491097466,12.458293914794922,62212.0
2020-06-08,12.841624930889337,13.799955176894063,12.314544026734692,12.889541625976562,162927.0
2020-06-09,13.320790820245188,13.320790820245188,11.979128764225887,12.458293914794922,103163.0
2020-06-10,12.937458476948674,12.937458476948674,12.122877392455703,12.554126739501953,41163.0
2020-06-11,13.12912508448683,13.12912508448683,11.979128893498022,12.122878074645996,22866.0
2020-06-12,12.122878169176955,12.937459305860708,11.308297946428214,12.26662826538086,42882.0
2020-06-15,12.458293419660759,13.416623682711586,11.88329489625628,13.32079029083252,105072.0
2020-06-16,13.656206170112489,13.79995534317127,12.218710783784859,12.554126739501953,86106.0
2020-06-17,12.793710123591817,13.224958584333505,12.027045685642697,12.26662826538086,100463.0
2020-06-18,12.458294363157432,14.710371017456055,12.027045894912064,14.710371017456055,425089.0
2020-06-19,15.381199700880117,17.585360361070244,15.381199700880117,16.818695068359375,740772.0
2020-06-22,16.147865351308536,16.627030484416384,15.141618388995056,15.668700218200684,254321.0
2020-06-23,16.29161396826105,16.435363137701145,15.908282240464175,16.387447357177734,147767.0
2020-06-24,17.058278075133842,17.058278075133842,15.668700280332843,15.81244945526123,96418.0
2020-06-25,15.95619863018962,16.339530372621965,15.237450927677745,15.81244945526123,53255.0
2020-06-26,16.291614525666905,16.291614525666905,15.524951043842314,15.668700218200684,61269.0
2020-06-29,15.764534320218008,15.812450104538303,14.902036493427644,15.237451553344727,58706.0
2020-06-30,15.381201063925728,15.477034462490849,14.85412011362262,15.189536094665527,69369.0
2020-07-01,15.9082835010489,15.9082835010489,15.141619070769133,15.237451553344727,177532.0
2020-07-02,15.33328586154514,15.716617642509744,14.902037379476194,15.093703269958496,25451.0
2020-07-03,15.093701752749356,15.81244945526123,14.710370010317009,15.81244945526123,52782.0
2020-07-06,16.435364102644478,16.435364102644478,15.429118029615823,15.764533996582031,21363.0
2020-07-07,16.291615664958954,16.291615664958954,15.045786048969205,15.333285331726074,20501.0
2020-07-08,15.33328387920673,16.099947342019117,15.045784623684616,15.572866439819336,47114.0
2020-07-09,15.045784996799503,16.147865351308536,15.045784996799503,15.668700218200684,35283.0
2020-07-10,15.812450026592394,16.243699394829278,15.333284874271413,15.7166166305542,25227.0
2020-07-13,15.524951626091848,16.09994834509007,14.949953079223633,14.949953079223633,94534.0
2020-07-14,14.374954162624523,14.374954162624523,14.231204986572266,14.231204986572266,21684.0
2020-07-15,13.56037425994873,13.608290960847128,13.56037425994873,13.56037425994873,25482.0
2020-07-16,12.937458321063787,12.937458321063787,12.889541625976562,12.889541625976562,26100.0
2020-07-17,13.512457847595215,13.512457847595215,12.314544950252909,13.512457847595215,55188.0
2020-07-20,13.656207612582616,14.183289492697376,12.841626442047527,13.416625022888184,59535.0
2020-07-21,13.416625157381269,14.087456232463321,12.745794082299216,13.704124450683594,56046.0
2020-07-22,13.129125684178664,13.608290861805148,13.081208983629006,13.272875785827637,25289.0
2020-07-23,13.272874508827945,13.60828955253476,12.937458551186172,13.32079029083252,37343.0
2020-07-24,12.745793266284847,13.752040271453257,12.745793266284847,13.224958419799805,13570.0
2020-07-27,13.656206713782417,13.656206713782417,12.793709813222787,12.937458992004395,8641.0
2020-07-28,13.320791621436392,13.560374211130823,12.362461262658664,13.416625022888184,44331.0
2020-07-29,12.841626257915722,13.89579000302994,12.793710471811925,12.985376358032227,23271.0
2020-07-30,12.554127239296779,13.320790744712012,12.554127239296779,12.937458992004395,11026.0
2020-07-31,12.93745912435725,13.081208304609442,12.554127367728071,12.602043151855469,14905.0
2020-08-03,12.697876547980263,12.889542426294852,12.362460575478483,12.602043151855469,17625.0
2020-08-04,12.362460019154792,12.889541846251925,12.266627541277558,12.6978759765625,40840.0
2020-08-05,12.458293844152381,12.937458992004395,12.362460449007981,12.937458992004395,39033.0
2020-08-06,12.64995906447538,13.033291711238236,12.602042369388156,12.889541625976562,11863.0
2020-08-07,12.841624930889337,13.368706748978925,12.74579245464983,12.889541625976562,25736.0
2020-08-10,12.937459372423413,13.177041953394218,12.266628328492166,13.033292770385742,32410.0
2020-08-11,12.937458489157937,13.22495774948177,12.6978759245439,13.177041053771973,21884.0
2020-08-12,13.177041975711239,13.799956321716309,13.177041975711239,13.799956321716309,38399.0
2020-08-13,14.470787161755867,14.470787161755867,13.895788645340224,14.135371208190918,66688.0
2020-08-14,14.37495596220461,14.614538561574685,13.79995735814239,13.943707466125488,81206.0
2020-08-17,14.374954283433022,14.614536854823573,14.135371712042472,14.51870346069336,31560.0
2020-08-18,15.18953565476289,15.237451438722745,14.374954532355417,14.949953079223633,46307.0
2020-08-19,15.189536672167176,15.477035050923103,14.758287276163173,15.093703269958496,31197.0
2020-08-20,15.333283706393392,15.764533041783649,14.374953474743805,15.285367012023926,100652.0
2020-08-21,15.28536694349235,15.764532971103742,14.902035218125146,15.141617774963379,43879.0
2020-08-24,15.71661763200716,15.860366821289062,15.62078422986252,15.860366821289062,53951.0
2020-08-25,16.195783125870793,16.627032529867975,15.860367125858557,16.57911491394043,94827.0
2020-08-26,16.770780507930777,17.05827887120444,16.0520327718766,16.627031326293945,110234.0
2020-08-27,17.249945451927374,17.441612243652344,16.914529480343678,17.441612243652344,93603.0
2020-08-28,18.01660863378188,18.01660863378188,16.627030816719373,16.866613388061523,97792.0
2020-08-31,17.24994534165112,17.63327709478048,16.052032470703125,16.052032470703125,111697.0
2020-09-01,16.770779242882362,16.770779242882362,15.3811996601813,15.572866439819336,46634.0
2020-09-02,15.812450104538303,15.812450104538303,14.806203096917047,15.237451553344727,44876.0
2020-09-03,15.333286530522576,15.956200930251017,14.94995473283355,15.908285140991211,51655.0
2020-09-04,16.627032529867975,16.674948317925374,15.572868741773869,16.57911491394043,47752.0
2020-09-07,17.058277629605918,17.3457777998237,16.004115822417035,16.818695068359375,160489.0
2020-09-08,16.8186962359682,17.154112210573008,16.4832820892334,16.4832820892334,40761.0
2020-09-09,16.19578126075865,16.57911300468366,15.81244951683364,15.956198692321777,26172.0
2020-09-10,15.381200544832671,16.722864423725103,15.285368063436778,15.429118156433105,38603.0
2020-09-11,16.14786458346222,16.14786458346222,15.2853668365197,16.099946975708008,25722.0
2020-09-14,16.77078019327192,16.77078019327192,15.572867322323928,16.052032470703125,63400.0
2020-09-15,15.956202468538192,16.818699553456675,15.956202468538192,16.722867965698242,67958.0
2020-09-16,17.202033215971884,17.202033215971884,16.579116928319852,16.722867965698242,47357.0
2020-09-17,16.579112374957692,17.010361712911855,16.339529815620903,16.53119659423828,38382.0
2020-09-18,17.209897372754178,17.209897372754178,16.77358937569226,17.112939834594727,57872.0
2020-09-21,17.54924793458485,17.694683318021408,16.7251116293627,16.82206916809082,122394.0
2020-09-22,16.434243007005943,16.870549214249536,15.997934950450876,16.094892501831055,39623.0
2020-09-23,16.191848584879846,16.67663444850725,15.561625482715174,15.707062721252441,44354.0
2020-09-24,15.707062599129388,15.804018291651987,14.931404113769531,14.931404113769531,47482.0
2020-09-25,15.65858268737793,15.65858268737793,15.028361448125253,15.65858268737793,12953.0
2020-09-28,16.337282805533953,16.434240341186523,15.997932355405538,16.434240341186523,16290.0
2020-09-29,17.161419528330065,17.209897372754178,15.707062003871966,17.112939834594727,127663.0
2020-09-30,17.112940561201746,17.355333492236646,16.725112241408166,16.773590087890625,38167.0
2020-10-01,17.403812449073083,17.403812449073083,16.628153993108693,17.112939834594727,42081.0
2020-10-05,17.11294045333007,17.74316170018594,16.919027219311264,17.209897994995117,45400.0
2020-10-06,17.209897887629793,17.597726202559194,16.822069572700393,17.500768661499023,39402.0
2020-10-07,17.597726202559194,17.985554517488595,17.16142004175535,17.500768661499023,57895.0
2020-10-08,18.276426551222933,18.276426551222933,16.967504412403823,17.403812408447266,37206.0
2020-10-09,17.694680615024,17.743158452327084,16.87054443569494,17.16141700744629,12428.0
2020-10-12,16.822068498164533,17.258374631098647,16.579675585652975,16.870546340942383,11848.0
2020-10-13,15.852498112462277,16.967505229082587,15.804018416506684,16.628154754638672,10093.0
2020-10-14,17.403812359861156,18.276426500200753,17.0644619026982,17.54924774169922,128080.0
2020-10-15,17.45228974715523,17.937075573465098,16.482718094535496,16.72511100769043,27025.0
2020-10-16,17.791640195434372,17.791640195434372,16.19184733847404,16.72511100769043,23803.0
2020-10-19,16.725111679693192,17.355332909355614,15.900975371990988,16.676633834838867,18704.0
2020-10-20,16.628154754638672,17.355333550170783,16.288804280194757,16.628154754638672,15074.0
2020-10-21,16.6766338273585,16.87054705600006,16.143368287643924,16.53119659423828,35466.0
2020-10-22,16.531195937442018,17.112939298876093,16.33728271650477,16.72511100769043,36109.0
2020-10-23,16.094889760629854,17.45228970083236,16.094889760629854,16.870546340942383,22880.0
2020-10-26,17.258378063304168,17.258378063304168,16.143370813869673,16.48272132873535,12956.0
2020-10-27,16.822067991199305,17.209896269667624,16.240324648841277,16.337282180786133,15168.0
2020-10-28,16.33728271650477,16.87054638572116,16.04641011113215,16.72511100769043,28096.0
2020-10-29,16.482718800261882,16.8220692630707,16.24032587672862,16.385761260986328,5511.0
2020-10-30,16.43424100689451,16.870547161037937,16.191848082599964,16.240325927734375,27082.0
2020-11-02,16.143368388154308,16.676633931189052,15.997933003439831,16.240325927734375,20862.0
2020-11-03,16.094889924063875,16.482718218158304,16.046410231482582,16.143367767333984,51553.0
2020-11-04,16.191847459915277,16.385760682306902,15.99793238821247,16.143367767333984,22086.0
2020-11-05,16.094890450030768,16.773589524547514,16.094890450030768,16.676633834838867,28061.0
2020-11-06,16.725111399611382,17.888598149743615,16.337283099337707,17.694683074951172,115328.0
2020-11-09,17.791641970788987,18.130992452930514,16.62815513182128,17.45229148864746,72312.0
2020-11-10,17.597726368639925,17.597726368639925,16.725112189485547,17.064462661743164,25658.0
2020-11-11,17.16141908461405,17.452289842260587,16.191847426710684,16.434240341186523,43621.0
2020-11-12,16.48272132873535,16.53119918115408,15.99793540730196,16.48272132873535,33869.0
2020-11-13,16.870546512252734,16.870546512252734,15.99793238821247,16.143367767333984,54270.0
2020-11-14,16.919026855483594,16.919026855483594,15.416189615270678,16.240325927734375,33197.0
2020-11-17,16.094890450030768,17.01598244744162,15.997932911010878,16.676633834838867,134662.0
2020-11-18,17.015982209211366,18.179468962538305,16.385760988372283,17.54924774169922,191366.0
2020-11-19,17.452291034512868,17.452291034512868,16.676634394925706,16.773590087890625,104713.0
2020-11-20,17.06446145596957,17.112939298876093,16.434240251628978,16.72511100769043,37758.0
2020-11-23,17.064461502057664,17.064461502057664,16.046410154470667,16.579675674438477,111785.0
2020-11-24,16.919027325960606,17.064462714719287,15.997933448303463,16.773590087890625,64201.0
2020-11-25,17.015982966099905,17.306855592025563,16.822069731460765,17.064462661743164,51234.0
2020-11-26,17.35533020596957,17.35533020596957,16.67663123717166,17.16141700744629,29025.0
2020-11-27,17.403811695934568,18.42186117927533,16.579675431210024,17.59772491455078,215584.0
2020-12-01,18.47033869470225,19.342954635620117,18.034032573554427,19.342954635620117,245104.0
2020-12-02,20.215570152826,21.233619689941406,19.34295599968262,21.233619689941406,237166.0
2020-12-03,21.233619689941406,22.25167107636805,20.748833843827168,21.233619689941406,264576.0
2020-12-04,21.572969663151518,22.057755498278517,20.215569694658157,20.700355529785156,98519.0
2020-12-07,21.088181919847095,21.524489871706276,19.68230238546621,20.55491828918457,128391.0
2020-12-08,20.554920234552693,21.18514145297528,19.876219322829165,20.264047622680664,80734.0
2020-12-09,20.361004530870165,20.797312510541843,19.87621870870659,20.167089462280273,45560.0
2020-12-10,19.876218247746362,20.748832337541298,19.3429545954581,19.48838996887207,58193.0
2020-12-11,19.876220645419078,20.457964058561906,19.633827710718847,20.021656036376953,56687.0
2020-12-14,20.991227130565747,20.991227130565747,19.439912026260775,20.07013511657715,91747.0
2020-12-15,20.070133910147423,20.74883295608227,19.19751794502793,19.730783462524414,96050.0
2020-12-16,20.167090001558737,20.700355529785156,19.876219240207018,20.700355529785156,59314.0
2020-12-17,21.669928322368584,21.669928322368584,20.89426983640574,21.330577850341797,78788.0
2020-12-18,21.62144555050962,21.62144555050962,20.409481072357487,20.55491828918457,35521.0
2020-12-21,20.40948518674,21.2336215678847,19.5368709564209,19.5368709564209,54144.0
2020-12-22,19.391432500386564,19.585347565114876,18.567296249257915,19.052082061767578,73775.0
2020-12-23,19.68230438232422,19.779261920275374,18.664254857115154,19.68230438232422,27456.0
2020-12-24,20.506440270606777,20.506440270606777,18.712732326991933,18.858169555664062,68196.0
2020-12-28,18.906646665161183,19.488390009336058,18.373383011765696,19.342954635620117,78312.0
2020-12-29,19.536871085508114,19.63382863380896,19.0520851933153,19.246000289916992,15649.0
2020-12-30,19.245997024043053,20.11861111205301,18.955124428498998,19.633825302124023,161484.0
2020-12-31,19.77926383195665,20.215571870250745,19.391435491979344,19.827743530273438,53443.0
2021-01-01,20.070134493933733,20.31252741367056,19.100562814986425,19.973176956176758,221956.0
2021-01-04,20.31252866760403,20.361006514819547,19.876220645419078,20.021656036376953,85464.0
2021-01-05,20.02165522114104,20.991226920463234,19.488391526238335,20.797313690185547,424059.0
2021-01-06,21.233619065776033,21.57296951794299,20.5064403179802,21.136661529541016,147126.0
2021-01-07,22.154714584350586,22.154714584350586,22.154714584350586,22.154714584350586,74982.0
2021-01-08,23.221242904663086,23.221242904663086,22.784934900879197,23.221242904663086,645081.0
2021-01-11,24.33625030517578,24.33625030517578,24.33625030517578,24.33625030517578,357213.0
2021-01-12,25.54821296879248,25.54821296879248,23.31819709724984,24.04537582397461,583504.0
2021-01-13,24.675599305398336,25.20886297475523,24.23929132188003,25.160385131835938,433982.0
2021-01-14,25.936042396767625,25.936042396767625,24.33624949729654,24.96647071838379,129693.0
2021-01-15,24.96646970632125,25.257340458320925,23.754505157470703,23.754505157470703,116667.0
2021-01-18,23.60907201086158,23.8029852474021,22.591020584106445,22.591020584106445,117570.0
2021-01-19,22.78493358699088,23.51211231849059,21.91231947905346,23.31819725036621,108146.0
2021-01-20,23.70602901139018,24.481685638427734,22.833412994333834,24.481685638427734,161635.0
2021-01-21,25.40277916889392,25.40277916889392,23.26972069847581,23.36667823791504,115907.0
2021-01-22,23.56059132289461,24.530163012714326,23.26972055567319,23.948421478271484,340627.0
2021-01-25,24.43320763072351,24.481685476100193,22.784934997558594,22.784934997558594,135890.0
2021-01-27,22.88189145153956,22.88189145153956,21.766884416998025,21.863840103149414,67699.0
2021-01-28,21.91231850064399,22.542539669941434,21.476010541501346,22.25166893005371,41844.0
2021-01-29,23.172762222041296,23.269719757560033,21.37905428753381,22.00927734375,62286.0
2021-02-01,22.784936227760276,23.075807014347564,21.815364473387497,22.978851318359375,140378.0
2021-02-02,22.203190430834496,23.996898354464808,22.203190430834496,22.44558334350586,121690.0
2021-02-03,22.4455846309462,23.07580587017792,22.203191704371594,22.3486270904541,79212.0
2021-02-04,21.476011735664898,22.784933836563773,21.476011735664898,22.300148010253906,34287.0
2021-02-05,22.687976095210985,23.65754773901753,22.39710534179348,23.172761917114258,134900.0
2021-02-08,23.172763410670015,24.09385727137802,22.251671399273274,22.3486270904541,123394.0
2021-02-09,22.348626428664293,22.833412267457973,21.427534444543024,22.54254150390625,91320.0
2021-02-10,22.348627307424124,22.687977777785385,21.52449282851843,21.76688575744629,69032.0
2021-02-11,21.8153615695897,22.34862522378856,21.76688372804839,22.203189849853516,29357.0
2021-02-12,23.124283920570118,24.384726309395777,21.86383968243332,23.899940490722656,293466.0
2021-02-15,23.899942096092314,25.693650115529252,23.027327933729044,25.06342887878418,293050.0
2021-02-16,24.28776916479932,25.257340817674525,23.948420565741937,25.160385131835938,134756.0
2021-02-17,25.111905173822752,25.111905173822752,23.31819726512588,23.463634490966797,72400.0
2021-02-18,22.63949833873802,24.190813344583173,22.39710542686569,22.88189125061035,97171.0
2021-02-19,23.51211535458428,24.142336633401584,22.784936529184765,23.80298614501953,71206.0
2021-02-22,23.8514655274326,23.8514655274326,22.784936227760276,22.978851318359375,37600.0
2021-02-23,22.833412005358113,23.99689874483202,22.833412005358113,23.70602798461914,70171.0
2021-02-24,23.899941208323995,24.287769505044903,22.300148328530767,23.70602798461914,76964.0
2021-02-25,23.609070448111115,23.948420901233604,23.318197838587043,23.70602798461914,43016.0
2021-02-26,23.706027230951957,24.19081304876847,22.978848504227187,24.04537582397461,56650.0
2021-03-01,24.0453772629535,24.19081449645095,23.172763108525015,23.512113571166992,41642.0
2021-03-02,23.75450829638412,23.948423389548545,22.97885162234919,23.80298614501953,62336.0
2021-03-03,24.142334706648686,24.239292245492905,23.366678094517408,23.948421478271484,51378.0
2021-03-04,23.948420268373578,24.045375953008264,23.51211229027292,23.60906982421875,50469.0
2021-03-05,24.190813207614777,24.190813207614777,23.172761873928497,23.31819725036621,67151.0
2021-03-08,23.80298299970027,24.093855601011086,23.512112247700593,23.754505157470703,45164.0
2021-03-09,24.093856141058836,24.43320659220553,23.706027846595976,24.142333984375,63896.0
2021-03-10,24.19081486561647,24.966471492654026,24.19081486561647,24.481685638427734,79148.0
2021-03-12,24.578642114568975,24.724077494675416,23.560590755201506,23.70602798461914,52434.0
2021-03-15,23.75450654636072,23.80298439142471,22.833412695654886,23.36667823791504,29131.0
2021-03-16,23.26971953974385,23.318197382393855,22.784933715999188,22.88189125061035,21551.0
2021-03-17,23.26972095116211,23.366678491654206,21.427535079057364,22.3486270904541,33459.0
2021-03-18,22.930371356214195,22.930371356214195,20.942750022431046,21.718406677246094,41535.0
2021-03-19,21.37905428753381,22.30014810099503,21.13666137339256,22.00927734375,21252.0
2021-03-22,24.045377805698866,24.045377805698866,20.603398955251887,21.621448516845703,47254.0
2021-03-23,22.154714125910555,22.300149513746646,21.136662712435346,21.47601318359375,27382.0
2021-03-24,21.282102055609325,21.718408262293426,20.60340104612987,20.894271850585938,32423.0
2021-03-25,21.330574862928277,21.330574862928277,19.92469532541995,20.118610382080078,45747.0
2021-03-26,20.40948357632326,20.942749121721242,19.585349109518557,20.506441116333008,76018.0
2021-03-30,20.942749425553586,21.76688575362592,20.457963567782954,21.621448516845703,79370.0
2021-03-31,21.6214459630208,22.397104353423412,21.427532752403447,21.81536102294922,28959.0
2021-04-01,22.34862782237419,22.687978300554658,21.960799497015653,22.154714584350586,61414.0
2021-04-05,21.960796447763247,22.009276137521248,20.991224844336074,21.379053115844727,56973.0
2021-04-06,21.476011130867192,22.542540288576024,21.476011130867192,22.203189849853516,53387.0
2021-04-07,22.44558275618229,22.494062447034715,21.718404037195967,22.203189849853516,40177.0
2021-04-08,22.930370382999907,23.07580576844122,22.348626991923393,22.784934997558594,79630.0
2021-04-09,22.83341407575437,23.560592891533954,22.54254328916708,22.978851318359375,251017.0
2021-04-12,22.784935319218786,22.784935319218786,21.379055591712685,21.76688575744629,82275.0
2021-04-13,21.86384058987061,22.68797688568211,21.815362745715728,22.54254150390625,51961.0
2021-04-15,22.78493425096902,22.78493425096902,20.118612157770517,20.700355529785156,189399.0
2021-04-16,21.233617108412023,22.1062311554652,20.2640455340616,21.572967529296875,112632.0
2021-04-19,20.50644127111476,20.99122712551138,19.6338271030631,19.924697875976562,172069.0
2021-04-20,20.11861163415252,21.03970543664541,19.924696565424178,20.31252670288086,175863.0
2021-04-22,20.31252745435111,20.409483142991043,19.5368690000531,19.68230438232422,62450.0
2021-04-23,19.5368695670257,20.457963430325574,19.5368695670257,20.07013511657715,58984.0
2021-04-26,20.554919599460057,20.554919599460057,20.02165408549343,20.167089462280273,21977.0
2021-04-27,20.31252799033868,20.74883414866487,20.16709075491868,20.2155704498291,76125.0
2021-04-28,20.651875922532163,20.748833459822837,20.118612241400253,20.264047622680664,96447.0
2021-04-29,20.506440541251752,20.554920234552693,19.973176860119843,20.264047622680664,67829.0
2021-04-30,20.2155704498291,20.60339876255614,20.02165536880995,20.2155704498291,89498.0
2021-05-03,20.264049029909074,20.264049029909074,19.73078531174489,19.876220703125,59051.0
2021-05-04,20.312528847149434,20.55492178399221,19.488392492021713,19.585350036621094,114807.0
2021-05-05,20.1670896746408,20.1670896746408,19.100562334099266,19.294475555419922,68486.0
2021-05-06,19.29447740376997,19.779263277479323,18.761213682414223,19.439912796020508,87110.0
2021-05-07,19.294475479964667,19.876218840273943,18.37338352134355,19.730783462524414,63411.0
2021-05-10,19.73078426692591,21.621447953372293,19.73078426692591,21.524492263793945,199292.0
2021-05-11,20.991227172050788,22.300149351685914,20.65187670335853,22.057756423950195,126275.0
2021-05-12,22.0577565842494,22.0577565842494,20.942749478424325,21.47601318359375,90976.0
2021-05-14,21.863841449568405,22.397107002796467,19.779262630651072,21.76688575744629,163413.0
2021-05-17,21.912317950181723,22.687974469937654,20.603395954946453,21.572967529296875,116776.0
2021-05-18,21.863840103149414,22.300148088075357,20.942748139533006,21.863840103149414,92135.0
2021-05-19,21.379054200540693,22.54254092340884,21.379054200540693,22.300148010253906,99750.0
2021-05-20,22.833411633917805,22.978848860969553,22.009277210284104,22.44558334350586,85244.0
2021-05-21,22.978850931557055,23.366679256915592,22.106234887861188,22.154714584350586,44045.0
2021-05-24,22.542541002076177,22.88189145153956,21.621447189148597,21.863840103149414,88071.0
2021-05-25,22.44558495902013,22.494064654630414,20.89426983640574,21.330577850341797,315960.0
2021-05-26,22.494066823028728,22.494066823028728,20.60340104612987,20.894271850585938,596968.0
2021-05-27,21.4275347681116,22.009278153310934,20.45796307588312,21.233619689941406,746938.0
2021-05-28,22.154713680041418,25.45125708499795,20.409483513197664,25.354299545288086,2759864.0
2021-05-31,25.305823231514672,26.85713841281924,23.560592959055274,24.675601959228516,994264.0
2021-06-01,24.67560061395147,25.645172318243297,23.996899681222686,24.77255630493164,543751.0
2021-06-02,24.917992132821738,28.89323441647393,24.724077063189903,28.16605567932129,1904605.0
2021-06-03,28.79628114144932,29.281067006798224,26.56626505125758,26.85713768005371,1101388.0
2021-06-04,27.632792670151282,29.087150179106615,26.71169884142176,28.117578506469727,649074.0
2021-06-07,28.31149498930188,28.79628084973985,27.487358656695076,27.729751586914062,207607.0
2021-06-08,27.681271583416407,28.117579592682546,26.17843617249754,26.46930694580078,283400.0
2021-06-09,26.663221762730526,27.0025722277548,24.33625005148175,25.208864212036133,385551.0
2021-06-10,26.129959049025388,26.954093545936466,23.366679229014423,26.275394439697266,233879.0
2021-06-11,26.275391214184427,27.14800530040671,26.275391214184427,26.517784118652344,124924.0
2021-06-14,27.05104976577688,27.148007304584073,25.402779003299592,26.372350692749023,130246.0
2021-06-15,26.517787431889104,26.808658213868707,25.693651083865127,25.984521865844727,199012.0
2021-06-16,26.178436333591506,27.92366468277309,25.742128321640465,26.033000946044922,299050.0
2021-06-17,26.27539393016769,26.66322224754241,25.596692987778457,25.88756561279297,104985.0
2021-06-18,26.372349913831012,26.46930560046334,21.91231990423017,24.142333984375,371069.0
2021-06-21,24.239292561820047,25.20886426429285,23.802984555982782,25.06342887878418,138913.0
2021-06-22,25.790607760394877,28.456929953025128,24.91799359448723,26.905614852905273,1086235.0
2021-06-23,29.184107816456816,29.959764417505607,27.438877690130212,27.82670783996582,508518.0
2021-06-24,28.117579597582107,28.31149467935891,26.226914022847765,26.614744186401367,276485.0
2021-06-25,26.663221260817856,27.584315098643327,26.27539295779548,26.954092025756836,142653.0
2021-06-28,28.117579961482956,28.117579961482956,26.808657765827526,27.58431625366211,120918.0
2021-06-29,27.92366352811351,28.359971522022967,27.293442308597466,27.82670783996582,165199.0
2021-06-30,28.408450046129907,28.408450046129907,27.05105003714587,27.632793426513672,223072.0
2021-07-01,27.148007202148438,29.86280718263879,25.305821369007752,29.08715057373047,1634782.0
2021-07-02,29.523456785021924,32.96543532151443,29.523456785021924,31.511077880859375,1386479.0
2021-07-05,31.94738630051214,32.96543578351385,30.589984524095005,32.6260871887207,613297.0
2021-07-06,32.5776052591753,32.62608679952938,30.63846385023498,31.074769973754883,334975.0
2021-07-07,31.850426709695547,31.850426709695547,30.25063573215389,30.49302864074707,212576.0
2021-07-08,30.783900826927123,31.220208822466326,29.62041407169673,29.814329147338867,158503.0
2021-07-09,30.977815953547307,30.977815953547307,29.18410797349501,29.668893814086914,107268.0
2021-07-12,31.51108024249604,31.51108024249604,29.814329767900098,29.911287307739258,107530.0
2021-07-13,29.523459369489423,35.29241179548984,29.523459369489423,35.00153732299805,2047639.0
2021-07-14,35.68023598197725,35.68023598197725,33.54717761215105,33.741092681884766,669204.0
2021-07-15,33.45022161499993,36.552851605970766,33.40174377267367,35.19544982910156,694453.0
2021-07-16,36.358937230603445,36.55285230222447,34.90457974137931,35.14697265625,277346.0
2021-07-19,34.90458040807354,36.310460080900995,33.9350087300715,35.09849548339844,236805.0
2021-07-20,35.09849456455888,36.01958837427209,32.62608759010302,33.45022201538086,431851.0
2021-07-22,33.547178279185545,34.90458009568908,33.547178279185545,33.6926155090332,164650.0
2021-07-23,33.74109352511176,34.61370951140994,31.850428020547312,32.81999969482422,204211.0
2021-07-26,33.450224359424325,34.32284038738008,31.94738893227616,32.14130401611328,193202.0
2021-07-27,32.14130208515555,32.965436518673435,31.51107902520255,31.850427627563477,112790.0
2021-07-28,31.995864374525443,32.91695817957715,30.493029060294923,31.462600708007812,144455.0
2021-07-29,31.559560790455112,37.570906583547234,27.244967466576536,33.40174865722656,974435.0
2021-07-30,33.54717795280266,33.886530252938165,31.559556789749223,32.28673553466797,178200.0
2021-08-02,32.77152308790584,33.886532034862995,32.6745673962672,33.013916015625,137679.0
2021-08-03,33.45022762367001,33.498705474704366,31.317168890551972,32.18978500366211,204928.0
2021-08-04,32.48064975148673,32.529127593480915,30.105198507549073,30.49302864074707,285398.0
2021-08-05,30.493031557845217,31.656518370121244,30.44455186190212,31.12325096130371,251374.0
2021-08-06,31.220207132452813,31.85042647089666,31.171729290822093,31.511077880859375,78471.0
2021-08-09,31.268686768919938,32.383695683539706,31.268686768919938,31.801950454711914,110844.0
2021-08-10,31.80194893974253,32.771520576311644,29.571934915358018,30.056720733642578,145886.0
2021-08-11,30.056720691475427,30.880856951265205,28.359970329859877,30.20215606689453,148499.0
2021-08-12,30.299118840023638,32.57761109734425,30.00824803888399,31.65652084350586,220921.0
2021-08-13,32.91695794120372,34.71066399703424,32.28673489530528,32.6260871887207,844916.0
2021-08-16,32.965438726663535,32.965438726663535,30.056723544899103,31.414125442504883,155144.0
2021-08-17,31.414123259938886,32.916958593046495,30.202156835763127,32.28673553466797,236664.0
2021-08-18,32.965438132495166,32.965438132495166,30.68694424465163,31.17173194885254,183012.0
2021-08-20,31.462600346392247,31.753471097638528,29.765849982396297,30.056720733642578,126987.0
2021-08-23,30.299116217571758,31.220210090310456,27.63279399042544,27.875186920166016,216520.0
2021-08-24,28.263014924717066,29.184108787249478,27.14800783012765,29.038673400878906,88293.0
2021-08-25,29.087151626278114,29.91128795888492,27.487358656695076,27.729751586914062,201700.0
2021-08-26,28.99019269150103,28.99019269150103,27.7297502546445,27.972143173217773,50365.0
2021-08-27,27.97214242892661,28.893234385409627,27.778227359503262,28.456928253173828,147962.0
2021-08-30,28.16605738403293,29.32954417362005,28.16605738403293,29.038673400878906,76186.0
2021-08-31,29.426501607715753,30.153680386245906,28.844758215029376,29.329544067382812,91556.0
2021-09-01,29.717373935050247,30.056724419324244,28.21453845380858,28.505409240722656,79048.0
2021-09-02,28.602364210149865,29.474978341614232,28.50540667347356,28.699321746826172,24920.0
2021-09-03,29.087149532108896,29.087149532108896,27.148006229968303,28.020620346069336,182376.0
2021-09-06,28.020623166154344,28.359973648044495,27.099531114522613,27.244966506958008,173867.0
2021-09-07,27.63279353113936,27.729751071286312,26.85713690858627,27.341922760009766,73033.0
2021-09-08,27.438879013061523,27.72975163946229,27.196486082383203,27.438879013061523,52692.0
2021-09-09,27.29344234678251,28.069100798227705,27.24496450264084,27.53583526611328,121600.0
2021-09-13,27.53583526611328,28.020621104774822,27.43887772851873,27.53583526611328,83535.0
2021-09-14,27.972143891087494,27.972143891087494,27.487358041499537,27.632793426513672,74541.0
2021-09-15,28.214535959302896,28.844757174771807,27.681270431359053,28.55388641357422,100961.0
2021-09-16,28.553886498880807,28.650842186695535,27.923663432217868,28.117578506469727,79497.0
2021-09-17,27.923664766389614,28.505408167629252,27.29344351892638,27.875186920166016,70228.0
2021-09-20,27.875184078644594,28.020619451801387,25.30581965517088,26.08147621154785,140020.0
2021-09-21,26.57358025365348,27.75462901581707,26.52437067074052,27.508577346801758,73021.0
2021-09-22,27.508578898688096,27.951470801566085,26.376739655585173,26.72121238708496,190567.0
2021-09-23,27.262525582443082,27.9514691269414,26.9180528715813,27.360944747924805,106794.0
2021-09-24,27.70541809128872,30.018304200191128,26.86884202501866,28.689624786376953,180908.0
2021-09-27,28.886468102064836,29.132519786277953,26.868843165182064,27.016475677490234,214714.0
2021-09-28,27.45936588666354,27.95146922469416,27.016474008771137,27.508577346801758,109431.0
2021-09-29,27.508577529072195,28.541993794893756,27.11489335425896,27.902259826660156,240950.0
2021-09-30,28.246732487064833,28.246732487064833,27.50857747653762,27.8038387298584,128959.0
2021-10-01,27.557787186919235,28.345151784226818,27.26252593223521,28.09910011291504,155493.0
2021-10-04,28.78804768410987,28.78804768410987,27.508579649039596,28.492786407470703,254716.0
2021-10-05,28.78804664582445,31.49461513389342,28.246733699100798,30.55961799621582,384732.0
2021-10-06,30.854880857150988,32.18356029640157,29.575411002706772,29.919883728027344,241759.0
2021-10-07,30.41198718589941,30.953302006692198,29.6738321480027,30.11672592163086,100219.0
2021-10-08,30.116726352720203,31.888299595365723,30.116726352720203,31.150142669677734,177945.0
2021-10-11,31.54382514072381,32.47882229089737,30.854881551797575,31.49461555480957,241854.0
2021-10-12,31.839086077064437,31.839086077064437,30.11672618418227,30.707250595092773,134694.0
2021-10-13,30.658038057544214,33.413817919428986,30.608828473870943,32.52803039550781,559312.0
2021-10-14,33.020133634455874,33.020133634455874,31.543823602324164,32.3311882019043,177017.0
2021-10-18,32.18355997909205,33.95513129580937,32.18355997909205,33.413818359375,297458.0
2021-10-19,33.90592174302469,34.250392588044065,32.28197917776049,33.56144714355469,298995.0
2021-10-20,33.70907929472776,33.75828887857447,31.937507995092037,32.77408218383789,163339.0
2021-10-21,33.75828649111902,33.75828649111902,31.740663660489595,31.98671531677246,88299.0
2021-10-22,33.413817776548555,33.807498198701886,31.740665657657875,32.18355941772461,124210.0
2021-10-25,33.16776753386269,33.16776753386269,30.51040861341688,31.002511978149414,87322.0
2021-10-26,30.70724930791644,32.183559334696554,30.70724930791644,32.08513641357422,54088.0
2021-10-27,32.13434960964305,32.42961086280682,31.34698313916424,31.740665435791016,154282.0
2021-10-28,31.740665328447825,31.986716997660597,31.002510320809503,31.5438232421875,76975.0
2021-10-29,31.98671881608137,31.98671881608137,31.051721669028847,31.248563766479492,65651.0
2021-11-01,31.05171827200751,32.281976553421835,31.05171827200751,31.98671531677246,67050.0
2021-11-02,32.47882078969442,33.807498320219864,32.035927028035736,32.42961120605469,169842.0
2021-11-03,32.970927930060235,33.61066385436419,31.839088603815078,32.23277282714844,221862.0
2021-11-04,31.98671735174406,32.823291534547906,31.83908484680194,32.281978607177734,31422.0
2021-11-08,31.9867175895413,33.80749847362726,31.59303340973594,32.82329177856445,176012.0
2021-11-09,32.97092544557623,36.21880690275777,32.57724125190846,35.48065185546875,376301.0
2021-11-10,36.71091025815662,38.679323717086746,35.0869714072097,35.43144226074219,1324561.0
2021-11-11,35.628287957139634,36.26802014325522,34.59487153768284,34.791709899902344,141890.0
2021-11-12,34.69329087440215,36.317233651154616,34.69329087440215,35.23460388183594,185730.0
2021-11-15,35.825126246675744,36.26801626880758,34.69328701257047,34.988548278808594,138761.0
2021-11-16,34.59486739471575,35.62828369041402,33.51223775990513,33.95513153076172,232248.0
2021-11-17,34.201182771918106,34.29960193998511,32.823291892276416,33.06934356689453,98807.0
2021-11-18,33.413817919428986,33.46302750310225,32.23276913901761,32.52803039550781,84869.0
2021-11-22,33.02013313179164,33.02013313179164,30.018303529710675,31.297771453857422,124515.0
2021-11-23,31.002510256184426,32.38040110268394,30.70724900463468,31.39619255065918,90437.0
2021-11-24,31.937505632759436,32.675660599212506,31.593031062411153,31.839082717895508,172838.0
2021-11-25,32.18355932325339,32.38040141097753,31.789875147805123,32.035926818847656,53560.0
2021-11-26,31.98671881608137,31.98671881608137,30.80566998582822,31.248563766479492,77611.0
2021-11-29,30.854881551797575,32.08513809468195,30.658039453689867,31.49461555480957,92683.0
2021-11-30,31.88829974208855,32.38040310999454,30.70725090822402,31.445405960083008,89262.0
2021-12-01,31.88829756206527,32.18355881173336,30.65803734918088,30.95330047607422,39700.0
2021-12-02,31.49461544061858,31.888299635406607,31.002512074358915,31.19935417175293,21040.0
2021-12-03,31.19935265017648,32.577239755834256,31.002510562382355,32.08513641357422,89747.0
2021-12-06,32.47882201176424,32.47882201176424,30.411987508297802,30.854881286621094,147530.0
2021-12-07,31.199354370343563,31.83908649788272,30.805670173049652,31.642248153686523,63773.0
2021-12-08,31.98671736285379,33.413817811471226,31.64224652380328,32.3311882019043,94223.0
2021-12-09,32.97092391969939,33.36460809514766,31.888298068892464,32.035926818847656,72897.0
2021-12-10,32.577239873926246,32.9709240509416,31.740665690831836,32.3311882019043,73268.0
2021-12-13,32.87250496771336,33.364608313011765,31.54382368273734,32.42961120605469,103278.0
2021-12-14,32.67566070525454,32.77407986598757,31.740663660489595,31.98671531677246,46260.0
2021-12-15,31.74066941449482,32.62645703947043,31.691459825207513,32.13435363769531,61600.0
2021-12-16,32.28198019278966,32.38040311906889,31.29777345670186,31.49461555480957,38333.0
2021-12-17,31.74066480742805,31.74066480742805,30.067512733355702,30.461196899414062,87944.0
2021-12-20,30.805669775232907,31.494615234375,29.526201782226565,30.756460189819336,105124.0
2021-12-21,31.346984430690785,31.44540547820884,30.116726029778473,30.362777709960938,103103.0
2021-12-22,31.199354066870054,36.41564898079674,31.199354066870054,35.382232666015625,1127420.0
2021-12-23,35.972754277364515,35.972754277364515,33.069343749912115,33.36460876464844,338179.0
2021-12-24,33.80749834326573,33.80749834326573,32.08513663354723,32.52803039550781,150484.0
2021-12-27,32.57724063353026,34.44723488628,32.33118895577112,33.95513153076172,126862.0
2021-12-28,35.431441701588,36.366438830714486,33.85671246107547,34.151973724365234,169510.0
2021-12-29,35.136180560460446,35.38223223979917,33.26618629570585,34.447235107421875,177891.0
2021-12-30,34.69328689575195,35.234599841107595,34.39802563050803,34.69328689575195,165678.0
2021-12-31,35.38223277131079,37.20301372398886,34.447235624887966,35.6282844543457,384897.0
2022-01-03,36.66169687616221,36.80932937207454,34.93933527795325,35.72669982910156,201445.0
2022-01-04,36.31723137657903,42.12404907678959,35.87433757843521,39.319061279296875,1813222.0
2022-01-05,40.79537094219626,41.77957770193826,37.695118147228605,38.18722152709961,621229.0
2022-01-06,38.38406103441686,41.484313619746146,37.44906392499608,40.746158599853516,583494.0
2022-01-07,44.28930096586735,48.865863567453864,42.91141010070458,48.37376022338867,2769812.0
2022-01-10,49.948489080999316,52.113744530967224,47.340339873511745,47.73402404785156,1424496.0
2022-01-11,47.73402277681695,47.93086485874546,44.73219322937113,45.175086975097656,404534.0
2022-01-12,45.42113814066955,46.01166062552717,42.862198612568925,44.240089416503906,320132.0
2022-01-13,45.42114182730454,45.81482226434614,43.305095868322155,43.69878005981445,276994.0
2022-01-14,43.99404166265422,45.51956134606461,43.30509619949931,44.53535461425781,286772.0
2022-01-17,44.53535091227497,46.159293386546935,44.19088008655688,44.73219299316406,232096.0
2022-01-18,44.78140552754372,53.54084679185452,44.78140552754372,51.32638168334961,1745759.0
2022-01-19,53.097952800810276,53.097952800810276,49.16112595744271,50.883487701416016,783932.0
2022-01-20,51.1787500424148,55.558470748857744,50.686646676622345,53.44242477416992,1142737.0
2022-01-21,52.901110697267555,52.901110697267555,49.604019718380904,50.83427810668945,465211.0
2022-01-24,50.0961235412284,53.097953285825824,42.714573142488504,43.30509567260742,777395.0
2022-01-25,41.68115091582053,47.24192009550968,38.18721799298022,46.45455551147461,520769.0
2022-01-27,46.15929441716588,48.81664942792406,44.387719404059766,46.848236083984375,243105.0
2022-01-28,47.34034285188991,47.881659564276276,45.27351019269917,45.814823150634766,249915.0
2022-01-31,46.25771270581563,47.1435001955795,44.83061230761846,45.076663970947266,197312.0
2022-02-01,45.66719021560666,46.01166104248682,42.911408582763684,45.076663970947266,185185.0
2022-02-02,46.01166575916464,49.70244108743988,45.17509151986925,47.09429168701172,409615.0
2022-02-03,47.43876233983658,47.43876233983658,45.37192607602961,46.848236083984375,208989.0
2022-02-04,46.848239480230134,47.881659564276276,45.371929365250814,45.814823150634766,144196.0
2022-02-07,46.651396446164924,46.651396446164924,43.84640525696523,44.240089416503906,113636.0
2022-02-08,45.322717028175944,49.111915012646584,43.403513244296064,47.93086624145508,659047.0
2022-02-09,48.32455088787963,51.17875202163583,45.61798227135082,48.865867614746094,742563.0
2022-02-10,49.06270180601384,49.899279741966524,47.340340105138424,48.22612762451172,190436.0
2022-02-11,47.24192550768905,53.14716619615018,46.25771872627886,50.53901672363281,1279811.0
2022-02-14,50.68664448550902,53.147161208106546,46.6513985622293,48.57059860229492,1515567.0
2022-02-15,48.22612784473619,50.48980248247655,45.17508860531883,48.66902160644531,491222.0
2022-02-16,49.35797043223386,51.47401270998161,47.24192440003528,47.586395263671875,775238.0
2022-02-17,47.4387621676759,48.32454591656384,45.3227163288399,46.40534591674805,443458.0
2022-02-18,45.913245666840915,46.99587157302561,44.19088388144207,44.879825592041016,278622.0
2022-02-21,44.73219701527631,47.241923447536536,43.94483237537418,45.224300384521484,337520.0
2022-02-22,42.56694019672482,43.84640816851082,41.87799474900909,42.32088851928711,312877.0
2022-02-23,42.51773168187876,47.04508115886114,42.51773168187876,44.879825592041016,321846.0
2022-02-24,42.370096398665666,43.0098322360373,37.59669555026362,38.82695388793945,415075.0
2022-02-25,41.63194249885682,42.17325543088304,40.35247454467198,41.041419982910156,179823.0
2022-02-28,41.04142324300829,42.22247212316805,38.531696719200596,39.66353225708008,297864.0
2022-03-02,38.03958965112921,41.23826135838365,38.03958965112921,39.56510925292969,146170.0
2022-03-03,39.90958422493394,41.385894396666025,39.90958422493394,40.35247802734375,159742.0
2022-03-04,39.909579760514404,40.45089267870624,38.63011183902902,38.97458267211914,121703.0
2022-03-07,38.38406350675967,38.679324782844574,37.399856750176085,37.793540954589844,89691.0
2022-03-08,39.3682673992135,40.254054917476026,38.384060714233165,40.057212829589844,130403.0
2022-03-09,40.94300059425622,41.23826563216337,39.46669042252413,40.35247802734375,67546.0
2022-03-10,42.66535857336608,42.714571911499945,40.35247435019605,40.69694519042969,202068.0
2022-03-11,41.33668213825456,43.797198932198285,40.40168500566581,43.108253479003906,252037.0
2022-03-14,43.30509477549758,43.501936866276324,40.844578026889764,41.38589096069336,246180.0
2022-03-15,42.22246875812367,42.27167834203115,40.45089370184949,40.992210388183594,81788.0
2022-03-16,41.33668124088349,42.12404584696258,40.647735802645315,41.041419982910156,122777.0
2022-03-17,44.28929948364459,47.2419194492209,43.79719615604854,45.175086975097656,2311915.0
2022-03-21,46.01166047828527,46.01166047828527,43.40351137720125,43.944828033447266,183802.0
2022-03-22,44.97824826883069,45.175090365532384,43.20667690741683,44.19088363647461,105961.0
2022-03-23,44.19088312100955,44.73219606478703,42.46852136524895,43.108253479003906,152708.0
2022-03-24,44.14166954554068,44.14166954554068,42.124046536185375,42.56694030761719,163785.0
2022-03-25,42.911410700050375,43.551146558050576,40.942997296296674,41.582733154296875,222625.0
2022-03-28,41.582736962978544,42.222472879573985,40.54932058224442,41.53352737426758,279365.0
2022-03-29,41.48431731393311,41.927207361747676,39.565113340416644,40.254058837890625,313129.0
2022-03-30,41.238262411432316,42.56693996044038,39.712739016225974,41.77957534790039,193909.0
2022-03-31,42.22246856576585,42.32088773313244,40.15563226101229,40.69694519042969,118567.0
2022-04-01,41.238263449301265,47.635607188176834,40.352475891368975,44.19088363647461,998519.0
2022-04-04,43.452728702233934,46.65140057995702,43.452728702233934,44.48614501953125,194228.0
2022-04-05,45.027458303204405,46.15929755468274,44.19088407694703,45.32271957397461,342558.0
2022-04-06,44.781406101712676,46.011664511100385,43.895618545173235,44.14167022705078,382402.0
2022-04-07,44.289302512301106,45.568770500655226,43.35430537504017,43.60035705566406,246185.0
2022-04-08,43.94482794589569,44.5845600087613,43.55114378840118,43.846405029296875,151231.0
2022-04-11,44.04325105608005,46.06087409658575,43.40351518141816,44.14167022705078,253543.0
2022-04-12,43.94482753850586,44.28929835728237,42.51772717388114,43.05904006958008,172039.0
2022-04-13,43.05904389401517,44.682986479798295,42.37009844082079,43.108253479003906,208801.0
2022-04-18,42.91140757327567,43.60035296527902,41.73036262064175,43.05904006958008,173593.0
2022-04-19,43.30509545337195,45.470350976930675,41.97641789010557,42.812992095947266,272414.0
2022-04-20,43.30509545337195,43.60035671693662,42.41930790822725,42.812992095947266,121247.0
2022-04-21,43.60035693766688,45.07666701741486,42.862201897792886,43.30509567260742,226559.0
2022-04-22,43.35430525770888,44.83061533745686,42.862201897792886,43.30509567260742,164507.0
2022-04-25,42.911411245812474,43.35430501818006,42.12404662518715,42.71457290649414,63622.0
2022-04-26,43.403510636313676,43.403510636313676,42.32088485120258,42.616146087646484,48562.0
2022-04-27,43.20667159303548,43.20667159303548,41.04141630454266,41.28746795654297,84599.0
2022-04-28,41.77957480371505,43.30509442460064,39.66352891527819,40.69694519042969,275791.0
2022-04-29,40.352474201421785,41.090629217301455,39.61431918554212,40.30326461791992,136169.0
2022-05-02,40.74615788371112,41.090628718493136,38.82695411483152,39.26984786987305,170045.0
2022-05-04,39.7619545003598,40.59852874236147,37.59669888321036,37.990379333496094,136971.0
2022-05-05,37.99037961028798,40.15563524321313,37.99037961028798,38.6301155090332,72766.0
2022-05-06,37.59669866054667,38.088802036327515,36.21880770657999,37.35064697265625,125175.0
2022-05-09,37.79354045941454,38.43327259014153,36.36643993017621,36.66170120239258,118581.0
2022-05-10,36.90774863897988,37.84274568872411,35.13617745519892,35.874332427978516,107543.0
2022-05-11,36.56328083840217,36.56328083840217,32.57724065278731,34.053550720214844,128428.0
2022-05-12,33.955135009018264,34.447238414946064,32.38040561182971,33.020137786865234,58959.0
2022-05-13,32.62645427555822,37.399855366623285,32.62645427555822,34.64407730102539,89343.0
2022-05-16,36.858542750280215,36.858542750280215,34.54565468456395,35.33302307128906,54596.0
2022-05-17,35.97275197459314,36.9077490343535,35.283806575061796,36.61248779296875,49677.0
2022-05-18,37.25222364206471,37.399856154983105,35.82512687129044,36.4156494140625,47866.0
2022-05-19,35.08697138905014,37.35064611475806,33.85671297785555,35.33302307128906,87994.0
2022-05-20,35.97275519243982,37.89195906479353,33.85671297785555,35.33302307128906,93967.0
2022-05-23,35.23459996923044,36.41564878895144,34.93933870291286,35.037757873535156,37453.0
2022-05-24,34.84091645429699,37.10459096868343,34.742493537919096,36.31722640991211,103505.0
2022-05-25,35.77591610917071,36.415652038657264,29.870677115262616,33.020137786865234,306271.0
2022-05-26,33.315398910068616,33.51224102232868,30.707253124588565,32.57724380493164,60410.0
2022-05-27,32.9709246915122,34.34881558338551,32.92171510704187,33.610660552978516,50907.0
2022-05-30,34.15197004601587,35.23459581295734,32.921711786105,34.39802169799805,85986.0
2022-05-31,33.51223784878025,35.28380918245419,31.29777274307516,34.10276412963867,87915.0
2022-06-01,34.447234987655,34.79170583575129,33.80749912181829,34.151973724365234,17885.0
2022-06-02,34.59486469791309,37.49827126557875,34.20118054240739,36.169593811035156,152966.0
2022-06-03,36.56328127962951,36.56328127962951,34.64407741792359,34.93933868408203,49737.0
2022-06-06,35.52986165897793,36.415649222937795,34.348816579632434,36.02196502685547,48932.0
2022-06-07,36.21880687467874,36.31722980024474,35.234600145723064,35.33302307128906,21646.0
2022-06-08,34.44723891349557,35.52986492042499,34.201187206970594,34.348819732666016,20661.0
2022-06-09,34.44723488628,34.988547826459985,33.90592194610002,33.95513153076172,24797.0
2022-06-10,33.85671227086546,34.44723479412739,33.21697640862284,33.807498931884766,26764.0
2022-06-13,32.57724155197074,33.70908080335266,31.150142907069135,31.642248153686523,80379.0
2022-06-14,31.888299847113938,32.47882238876574,31.346985014299282,31.691457748413086,37652.0
2022-06-15,32.183561011942,32.183561011942,31.396194496957186,31.445405960083008,20396.0
2022-06-16,31.44540506930564,32.577240530756626,28.640415576255435,29.476991653442383,39466.0
2022-06-17,30.510408302664036,31.34698438963376,29.378570950752213,30.313566207885742,54409.0
2022-06-20,30.70724969294741,31.051720535068455,27.65620855723384,28.78804588317871,78454.0
2022-06-21,29.083307478556282,30.51040795644124,29.034097894032797,29.526201248168945,55814.0
2022-06-22,29.526201187131218,30.21514663238774,28.88646720352177,29.378570556640625,25340.0
2022-06-23,29.772252686187986,29.821462270316356,28.64041535620772,28.984888076782227,25785.0
2022-06-24,29.034097722619318,30.215146516463445,28.049891020157645,29.132518768310547,78911.0
2022-06-27,29.62462195095546,29.7230429960866,27.06568416367229,28.78804588317871,133641.0
2022-06-28,28.246733111540102,29.280149398234734,27.853048928775188,29.132518768310547,86209.0
2022-06-29,29.230939976459474,30.01830459191465,28.443573483778984,29.476991653442383,41690.0
2022-06-30,29.526202752933198,29.919885080860556,28.148313666574733,28.492786407470703,62169.0
2022-07-01,28.492786460405167,28.935678376186733,28.14831371886923,28.640417098999023,15356.0
2022-07-04,28.68962522941062,30.215146756690114,28.68962522941062,29.673831939697266,88710.0
2022-07-05,30.215146642968257,30.608828950156134,29.2801495208249,29.427780151367188,47160.0
2022-07-06,29.72304101227521,29.72304101227521,28.3451502268547,28.738834381103516,78130.0
2022-07-07,29.230939865112305,29.476991541157943,28.93567672752235,29.230939865112305,34940.0
2022-07-08,29.23094147629403,31.445406682764023,28.345153891925705,28.492786407470703,137442.0
2022-07-11,28.738836797646524,31.396193798922365,28.295943025487887,29.919883728027344,98691.0
2022-07-12,30.805667287187696,30.805667287187696,29.4277783574152,29.62462043762207,55966.0
2022-07-13,29.624621832512087,30.313565391224984,27.656208446660457,28.541994094848633,135168.0
2022-07-14,28.738836523236174,30.904090146872264,28.689625061674366,29.280149459838867,65275.0
2022-07-15,29.772253046501664,30.70725017405879,28.984888427566958,29.821462631225586,150506.0
2022-07-18,35.23460028632976,35.77591323852539,34.644077748380106,35.77591323852539,183184.0
2022-07-19,38.33484995017266,39.958788677703076,36.612488304505284,37.645904541015625,1544344.0
2022-07-20,37.59669804750651,37.645907633392035,35.08697162283718,35.972755432128906,385873.0
2022-07-21,35.97275488144274,35.97275488144274,34.34881604537583,34.69328689575195,137305.0
2022-07-22,34.93933847597345,36.16959687301477,34.10276426776562,34.49644470214844,120762.0
2022-07-25,34.44723454228154,34.44723454228154,32.724872815167465,33.216976165771484,63193.0
2022-07-26,33.216975796268734,33.9551308139636,32.08513660068972,32.380401611328125,120059.0
2022-07-27,32.281979038459355,33.807498673956175,31.593033596942874,33.16776657104492,119586.0
2022-07-28,33.069343900582034,34.053550608985674,33.069343900582034,33.807498931884766,78037.0
2022-07-29,34.545653838017415,34.545653838017415,33.216976288266984,33.512237548828125,57377.0
2022-08-01,33.955131439925566,34.10276394796637,33.46302808572375,33.807498931884766,47561.0
2022-08-02,33.75828975108825,35.677493606318265,33.56144765616325,34.64407730102539,127245.0
2022-08-03,35.23459581295734,35.628279957908916,34.00433755304646,34.39802169799805,91804.0
2022-08-04,34.54565437633755,35.333022756037536,34.2503931111754,34.64407730102539,40106.0
2022-08-05,34.64407771343309,36.563281591509565,34.34881644475611,35.57907485961914,135346.0
2022-08-08,35.431442036241236,36.464858344741465,34.447235313012314,34.89012908935547,83019.0
2022-08-10,35.57907443608111,35.92354528636184,34.447235206100395,34.64407730102539,105694.0
2022-08-11,34.84091961991703,35.874335931852976,34.54565459840615,35.18539047241211,64144.0
2022-08-12,35.33302665935928,35.628287957139634,34.644081128237715,34.791709899902344,64441.0
2022-08-16,35.234600590608345,37.399856172540304,35.234600590608345,36.514068603515625,228534.0
2022-08-17,36.85854311100877,37.20301396773425,35.628284687773835,36.26801681518555,82218.0
2022-08-18,36.0711786662452,37.74432712733917,35.92354615287773,36.71091079711914,125166.0
2022-08-19,36.80933341902012,37.252223446549316,35.82512668326505,36.02196502685547,53075.0
2022-08-22,36.021960812627135,36.36643538251159,34.89012545159326,35.28380584716797,93280.0
2022-08-23,35.037757864106496,36.41564877915199,34.69328701257047,34.988548278808594,130050.0
2022-08-24,34.840919913164356,36.51406835873803,34.59486822946814,35.82512664794922,60226.0
2022-08-25,36.16959753899903,36.80933341902012,35.726703757019095,36.02196502685547,66207.0
2022-08-26,36.0219649913456,36.61249128488696,35.6282845501021,35.82512664794922,62111.0
2022-08-29,34.49644533732525,36.218807124896635,34.49644533732525,36.02196502685547,40395.0
2022-08-30,36.02196159564385,37.006168237649966,35.67749077272186,36.76011657714844,251103.0
2022-09-01,36.41564949967398,37.153804557099804,36.12038822759381,36.56328201293945,66259.0
2022-09-02,36.809333498410474,37.39985603935686,35.726703834074435,36.12038803100586,92767.0
2022-09-05,36.16959752122017,36.415649205037994,35.77591332533135,35.923545837402344,65145.0
2022-09-06,36.61249141758004,36.61249141758004,35.579075093200714,36.218807220458984,59415.0
2022-09-07,35.82512753483288,39.31906077892449,35.82512753483288,38.03959274291992,399695.0
2022-09-08,38.38405943078307,38.482478594210036,37.30143361528474,37.49827194213867,67112.0
2022-09-09,37.498275519891855,37.69511761997714,36.66170128759287,36.80933380126953,45853.0
2022-09-12,37.20301467847379,39.22063778023432,36.61249212581978,37.990379333496094,197714.0
2022-09-13,38.77774444887926,40.35247362515384,37.49827276939934,39.171424865722656,656840.0
2022-09-14,38.285640716552734,39.56510862836712,37.99037571390671,38.285640716552734,160532.0
2022-09-15,38.43327312521202,39.07300901929623,37.79354098557864,37.990379333496094,76517.0
2022-09-16,37.645908454795936,39.76195448410075,37.44906635250815,37.89196014404297,168161.0
2022-09-19,37.84274634190065,38.48247841001472,36.90774927601811,37.055381774902344,46475.0
2022-09-20,37.30143750126838,38.82695722001427,37.0553858126174,37.69511795043945,125764.0
2022-09-21,37.546517356210806,38.88392472029323,37.298849045890464,37.59605026245117,62512.0
2022-09-22,37.05118081999323,38.091386969885114,35.862372171923134,37.001644134521484,70035.0
2022-09-23,36.55584245143802,36.85304365447443,36.01096917023319,36.11003875732422,52506.0
2022-09-26,35.16890250014502,35.41657082761083,34.079163370942965,34.72309875488281,54504.0
2022-09-27,35.0698337251432,35.61470324382297,34.72309582844265,35.16889953613281,46776.0
2022-09-28,34.67356394289697,35.31750307062676,34.47542853597099,34.822166442871094,13845.0
2022-09-29,35.06983475674893,35.664237198408316,34.72309684984882,34.822166442871094,36616.0
2022-09-30,34.57449916781357,35.367037040211414,33.83149420385585,34.27729415893555,44193.0
2022-10-03,34.07916348930098,34.92123429396177,34.07916348930098,34.32683181762695,23245.0
2022-10-04,34.92123323168073,35.46610278159954,34.326830773427254,34.67356491088867,35280.0
2022-10-06,35.31750380599813,36.15957457906872,34.47542925380891,35.86237335205078,69542.0
2022-10-07,36.407238961610176,36.80350974086683,35.267963305585965,36.258636474609375,57274.0
2022-10-10,35.71376808038019,36.010969284358495,35.16889857656691,35.317501068115234,28815.0
2022-10-11,35.16889958694761,35.66423620084828,34.4258946660966,34.77262878417969,47177.0
2022-10-12,34.77262975680068,35.06983475674893,33.93055900126346,34.822166442871094,66297.0
2022-10-13,34.57449716191418,35.21843249251398,34.57449716191418,34.77262878417969,44970.0
2022-10-14,35.069836680806205,35.41657082761083,34.6735658452134,34.72309875488281,24793.0
2022-10-17,34.673564530944084,37.15024771172581,34.079162079203925,36.4567756652832,149529.0
2022-10-18,37.05118015156572,37.05118015156572,35.26796532207168,35.367034912109375,25724.0
2022-10-19,35.565170338328166,35.86237155041546,34.921231229540325,35.16889953613281,60058.0
2022-10-20,35.02029901171382,35.21843442396392,34.425896554082165,34.871700286865234,29444.0
2022-10-21,34.376362752795316,34.970765194986015,33.682890717493784,34.62403106689453,65942.0
2022-10-24,35.16890057065264,35.16890057065264,34.326829815115424,34.822166442871094,15597.0
2022-10-25,35.06983462957929,35.76330288262774,34.17822719120479,35.416568756103516,39662.0
2022-10-27,36.06050697741706,36.15957278847784,34.72309585338585,34.97076416015625,46580.0
2022-10-28,35.56517022800063,36.45677386149664,34.723095720727336,35.763301849365234,62055.0
2022-10-31,36.11004177882271,36.11004177882271,35.168901407859096,35.267967224121094,43153.0
2022-11-01,35.168901372491874,36.20910755867143,34.772630549605076,35.466102600097656,45610.0
2022-11-02,35.61470580880197,38.23998778028463,35.46610330249671,36.506309509277344,270858.0
2022-11-03,36.506307576367874,37.34838210231423,36.060507639293434,36.80351257324219,60320.0
2022-11-04,37.05118079155242,37.64558322557194,36.75397579542415,37.19977951049805,53649.0
2022-11-07,37.54651846238771,37.893252595404086,36.704443915018665,36.85304641723633,135320.0
2022-11-09,35.06983488433082,36.15957395771027,33.6828908099219,34.029624938964844,256357.0
2022-11-10,34.079162635198486,34.57449927943615,33.68289180816089,33.88102722167969,57091.0
2022-11-11,34.079162635198486,34.970766327355065,33.73242471676092,33.88102722167969,52760.0
2022-11-14,34.079160608125996,34.97076424724884,34.079160608125996,34.57449722290039,80914.0
2022-11-15,35.06983284838518,35.21843156115459,33.930557154894665,34.524959564208984,78291.0
2022-11-16,34.524962480254786,35.218434535772396,34.22776125049543,34.27729415893555,61306.0
2022-11-17,34.07916245263519,35.11936864413811,34.07916245263519,34.67356491088867,66253.0
2022-11-18,35.069832991049,35.069832991049,32.98941699174906,33.53428649902344,83918.0
2022-11-21,34.57449905804941,35.66423815674699,33.83149409645051,34.871700286865234,168465.0
2022-11-22,35.069836480494665,36.01097309619416,34.92123397321646,35.5156364440918,95893.0
2022-11-23,36.06050683964901,36.06050683964901,35.26796523771686,35.763301849365234,42583.0
2022-11-24,35.763303722179856,36.654911181485055,35.66423790630978,36.060508728027344,73855.0
2022-11-25,36.555845158432604,37.59605133564749,35.66423770418064,37.05118179321289,182738.0
2022-11-28,37.64558121425654,38.43811901031196,37.150244619332106,37.89324951171875,245580.0
2022-11-29,38.140921880734844,38.586725619580164,36.654911937329594,36.90258026123047,106255.0
2022-11-30,38.33905608184621,38.438121896622604,36.952112000265146,38.04185485839844,87976.0
2022-12-01,38.438120830475285,39.32972825520693,37.744648808919386,38.58672332763672,141941.0
2022-12-02,39.87459868224483,41.5092110715495,38.53719129399088,39.032527923583984,626070.0
2022-12-05,38.93345744885542,38.98299035486974,38.19045252128521,38.58672332763672,136744.0
2022-12-06,38.19045525484342,40.270871468421056,37.7941881992468,38.9334602355957,130486.0
2022-12-07,38.48765348466082,40.56806953571612,38.48765348466082,39.973663330078125,232049.0
2022-12-08,40.56806921644601,45.471902423553715,36.70444213712032,41.95500946044922,669118.0
2022-12-09,42.59895071438833,43.98589480743447,40.419468759223804,41.06340789794922,417499.0
2022-12-12,41.06340680855493,42.747552082826,40.469000593396515,41.80641174316406,115727.0
2022-12-13,42.20267785164101,42.20267785164101,40.86527051022643,41.55874252319336,97156.0
2022-12-14,42.15314786696135,42.450349099077336,41.11294166499603,41.509212493896484,85430.0
2022-12-15,41.955013528500444,42.20268185813532,40.815741479651294,40.96434020996094,109368.0
2022-12-16,40.56807222403979,42.20268089484833,40.320403900058004,40.9148063659668,136387.0
2022-12-19,41.11294254785567,43.04475626677144,41.11294254785567,41.75688171386719,150253.0
2022-12-20,41.756876049235494,42.202675956947154,41.212002776933204,41.261539459228516,57398.0
2022-12-21,42.05408173581115,42.1036146442748,37.992318996774614,38.48765563964844,171260.0
2022-12-22,38.487656022548585,38.78486103452461,36.2586411074407,36.90258026123047,100076.0
2022-12-23,35.3175012924572,36.159572005597745,33.1875523886993,33.53428649902344,122072.0
2022-12-26,33.5838252276605,38.14092073942486,33.5838252276605,37.64558410644531,152131.0
2022-12-27,38.33905656338807,41.21200679829251,37.64558451388747,40.270870208740234,220237.0
2022-12-28,41.06340906820921,41.410143211792956,39.82506744238335,40.12226867675781,71774.0
2022-12-29,40.32040230351735,40.32040230351735,38.636257011303485,39.428794860839844,52488.0
2022-12-30,40.17179964323498,41.112939989172276,39.57739720323172,40.22133255004883,78999.0
2023-01-02,40.96433742829845,41.21200574111554,40.12226667636778,40.61760330200195,59390.0
2023-01-03,41.212005615234375,42.054080143711495,40.46900067905261,41.212005615234375,317242.0
2023-01-04,42.05407826824743,42.20267698138568,40.27086725675984,40.71666717529297,59850.0
2023-01-05,41.0138752022609,41.80641306847801,39.428795690708036,40.07273483276367,106103.0
2023-01-06,40.07273576754852,40.61760532708816,39.87460035159264,40.12226867675781,63285.0
2023-01-09,41.558742765994324,41.558742765994324,39.131592595989034,39.973663330078125,78351.0
2023-01-10,41.162473713544536,44.5802972592436,40.02320171772393,41.06340789794922,873840.0
2023-01-11,41.21200771450995,41.55874563652819,40.12226859758116,40.51853942871094,111859.0
2023-01-12,40.419464988745695,42.10361015059307,40.1717966937422,41.261539459228516,127024.0
2023-01-13,42.40081414985341,43.09428617749894,41.16247259302873,42.004547119140625,238605.0
2023-01-16,42.10361204083936,43.98589267901838,41.21200462715068,41.55874252319336,356748.0
2023-01-17,41.16247545775222,42.896153757963,41.16247545775222,41.75688171386719,124882.0
2023-01-18,42.15314589712459,42.64848252054348,41.261542242441685,41.6082763671875,112418.0
2023-01-19,41.60827580898887,49.92993248243403,41.311074594748355,44.976566314697266,2319391.0
2023-01-20,46.51211119053962,47.552317377345325,43.78775967412921,44.28309631347656,695501.0
2023-01-23,44.7784340983083,46.56164528975164,43.2924241422524,43.54009246826172,221057.0
2023-01-24,44.18402304278163,45.37283163415047,43.14381694250327,43.29241943359375,152599.0
2023-01-25,44.13449130573247,44.13449130573247,41.36060703860762,41.95500946044922,121918.0
2023-01-27,43.441018486462944,43.441018486462944,39.67646106685174,40.71666717529297,131199.0
2023-01-30,41.11294174194336,42.40081626960218,40.469002588554595,41.11294174194336,79202.0
2023-01-31,42.35128239628142,42.59895071438833,40.419468759223804,41.06340789794922,98164.0
2023-02-01,41.60827356058609,43.54008701743695,40.419464988745695,41.261539459228516,131184.0
2023-02-02,40.17179868040618,41.26154149978484,40.07273286915287,40.36993408203125,116724.0
2023-02-03,41.21200679829251,41.261543485421484,39.18112733691968,40.270870208740234,58045.0
2023-02-06,41.11293989731613,41.95501064862579,40.17179955348157,40.815738677978516,135210.0
2023-02-07,40.91480239682166,42.797082988130654,40.32039998857585,42.10361099243164,198787.0
2023-02-08,44.58029686371026,46.06630675916727,42.153146611973426,42.84661865234375,419746.0
2023-02-09,46.115840330520456,46.26444283385323,43.88682545524066,44.481231689453125,348945.0
2023-02-10,44.43169436251712,45.125166402887444,42.301749113166565,42.84661865234375,113629.0
2023-02-13,43.34195439333255,43.34195439333255,41.9550103410985,42.400814056396484,38578.0
2023-02-14,43.04475227265006,43.04475227265006,40.22133132110638,41.95500946044922,89149.0
2023-02-15,42.69801638794664,42.69801638794664,40.766206536433906,41.65781021118164,40862.0
2023-02-16,42.59895040181183,43.39148825811484,41.90547836037722,42.450347900390625,50018.0
2023-02-17,42.99521959644508,42.99521959644508,40.32040112566854,40.766204833984375,94285.0
2023-02-20,40.072734868296735,41.45967519062684,39.52786532098425,39.87459945678711,61207.0
2023-02-21,40.36993541166827,40.36993541166827,37.843719350320114,38.4381217956543,99647.0
2023-02-22,39.626928576017306,39.626928576017306,37.29884803382365,37.94278335571289,72402.0
2023-02-23,38.04185598333371,38.487655942128825,36.75397767844521,37.298851013183594,72181.0
2023-02-24,37.54651762772084,38.14092006514055,35.66423694402753,36.01097106933594,83402.0
2023-02-27,36.06050978469939,36.85304767223942,34.92123397321646,35.5156364440918,51314.0
2023-02-28,35.51563424195139,37.84371862995128,35.51563424195139,37.19977951049805,41660.0
2023-03-01,37.64558527290015,37.64558527290015,35.565172861571575,36.704444885253906,68239.0
2023-03-02,36.555843353271484,37.447446984376626,36.407240858528084,36.555843353271484,22732.0
2023-03-03,36.95211219878567,37.44744883356596,36.506308471659686,37.05118179321289,38791.0
2023-03-06,37.54651744176256,37.74464906717548,36.70444291728359,37.001644134521484,50140.0
2023-03-08,36.80351347582275,37.348383018257344,35.81284020626217,37.05118179321289,40784.0
2023-03-09,36.80351436641684,37.64558515427284,36.55584604303347,37.298851013183594,42607.0
2023-03-10,36.70444316580733,37.74464932274239,35.614704102183644,35.81283950805664,133858.0
2023-03-13,35.86237353190381,36.11004185218061,34.67356483875146,35.0698356628418,63740.0
2023-03-14,35.06983284838518,35.96143646235666,33.682888854493974,34.524959564208984,59416.0
2023-03-15,34.67356217558968,34.67356217558968,33.33615486046428,33.732421875,65859.0
2023-03-16,33.73242365498943,35.119367726846505,33.18755411930221,34.42589569091797,65275.0
2023-03-17,34.57449905804941,35.46610274449689,34.57449905804941,34.871700286865234,24349.0
2023-03-20,34.029626800340765,34.87170138412033,33.88102807081645,34.32683181762695,30563.0
2023-03-21,34.82216847427889,34.87170138412033,34.07916348930098,34.32683181762695,43122.0
2023-03-22,34.37636173555468,35.664236174937045,34.12869342878428,34.97076416015625,61886.0
2023-03-23,34.97076621445316,35.367037040211414,33.98009292917619,34.27729415893555,37517.0
2023-03-24,34.17822557308126,34.62402927116251,33.68288897057283,33.732421875,24129.0
2023-03-27,33.73242518899796,33.93056060529056,31.255741933137337,31.899681091308594,51631.0
2023-03-28,31.602476453171207,33.286619852753546,29.422996426142422,29.918333053588867,153453.0
2023-03-29,30.116466400460432,31.503408571552566,30.116466400460432,30.809938430786133,164937.0
2023-03-31,31.10713853360801,32.49408065493591,31.10713853360801,31.751075744628906,75743.0
2023-04-03,32.39501736160761,34.07916271161583,32.39501736160761,33.48475646972656,69994.0
2023-04-05,34.178227071359714,38.239985878337656,32.79128301188901,36.01097106933594,165053.0
2023-04-06,35.66423794099928,36.952112444156086,35.66423794099928,35.86237335205078,63552.0
2023-04-10,37.05118387548129,37.49698384854252,35.763305529379174,36.35771179199219,54837.0
2023-04-11,36.45677530305624,39.18112677484754,35.961438671821455,38.239986419677734,102295.0
2023-04-12,38.23998542729953,38.98299035486974,37.29884887567205,38.58672332763672,121002.0
2023-04-13,39.37926510226342,39.676466347211445,37.843722187432896,38.38859176635742,50470.0
2023-04-17,38.38858974967033,39.13159471256718,37.44744937417726,38.88392639160156,81093.0
2023-04-18,39.37926116122125,39.577396564397,38.438120830475285,38.58672332763672,33596.0
2023-04-19,38.537192077067516,39.874599492497616,38.43812248166466,39.67646408081055,62073.0
2023-04-20,40.12226686477661,40.61760349273681,39.3792619228363,39.626930236816406,45646.0
2023-04-21,40.12226699704138,40.12226699704138,38.685790015397664,39.032527923583984,33830.0
2023-04-24,39.03252586725931,40.61760148680432,38.63625507281387,39.924129486083984,85663.0
2023-04-25,40.12226777639448,40.51853859941374,39.28019700137687,39.87459945678711,57021.0
2023-04-26,40.12226730392233,42.59895047083111,39.67646357805503,42.25221633911133,241652.0
2023-04-27,42.598949404134586,43.09428602511289,40.2213321117913,42.79708480834961,186594.0
2023-04-28,44.679361700596075,45.12516541530026,42.45034690619369,42.79708480834961,264843.0
2023-05-02,43.589623986815965,43.63915689461362,40.81573957984231,41.06340789794922,99763.0
2023-05-03,41.80641059142475,44.18402404920115,40.81573737257164,42.945682525634766,305086.0
2023-05-04,43.193350737053954,45.76910336797967,42.69801412869729,43.738224029541016,423412.0
2023-05-05,43.58962178919126,44.431692516653264,41.70734115482881,41.95500946044922,101761.0
2023-05-08,42.40081530407908,42.40081530407908,40.61760416953306,41.06340789794922,83423.0
2023-05-09,40.61760524693402,42.598951844345436,40.07273568846962,40.51853942871094,165869.0
2023-05-10,40.51853931506717,41.95501257086654,39.37926351310349,40.9148063659668,96307.0
2023-05-11,41.60827733734303,42.20267978765763,40.81573947721736,41.45967483520508,44899.0
2023-05-12,41.85594753366029,45.52143955278684,41.261545056664104,41.75688171386719,227140.0
2023-05-15,42.40081459756984,42.40081459756984,38.6857898878683,39.626930236816406,344611.0
2023-05-16,39.77553267517348,41.60827668413685,39.77553267517348,40.02320098876953,75460.0
2023-05-17,40.51853942871094,40.865273571610444,39.97366609112782,40.51853942871094,37096.0
2023-05-18,40.518540362452065,41.01387702321985,40.17180243244333,40.56807327270508,40173.0
2023-05-19,40.667135320874394,41.01387321871927,39.329727972508564,40.17179870605469,36474.0
2023-05-22,39.428793870194426,40.51853669265596,39.428793870194426,39.77553176879883,43989.0
2023-05-23,39.825063677031814,40.76620397950095,39.47832578711246,39.924129486083984,108538.0
2023-05-24,39.7259976550305,41.36061010495775,39.7259976550305,40.9148063659668,112663.0
2023-05-25,41.410138168759644,41.60827356058609,39.924128398738716,41.261539459228516,78193.0
2023-05-26,41.261541311669944,42.499882842282865,40.91480341562726,41.55874252319336,107895.0
2023-05-29,42.351284278367096,42.351284278367096,41.1624755427997,41.36061096191406,46358.0
2023-05-30,41.608276426178726,41.95501055141614,40.914804396585374,41.212005615234375,26410.0
2023-05-31,41.311075303247385,41.608276522584994,40.66713617875044,40.815738677978516,43901.0
2023-06-01,40.667136909332356,43.93635793901448,40.667136909332356,41.8559455871582,197111.0
2023-06-02,42.59894948964543,42.59894948964543,41.90547746306005,42.20267868041992,64721.0
2023-06-05,42.20267766993699,43.58962168989934,42.20267766993699,42.74755096435547,147640.0
2023-06-06,42.84662157990212,43.09428991273392,41.8559482485749,42.59895324707031,97884.0
2023-06-07,42.59895098387185,44.87749876904592,42.0540814364135,44.28309631347656,369632.0
2023-06-08,44.28309627804897,45.86817201104492,44.08496086664481,44.481231689453125,279263.0
2023-06-09,44.77843284583638,45.42236820797821,43.93635829348664,44.67936325073242,98494.0
2023-06-12,44.58029856307618,45.273770629881106,43.68869108016715,43.93635940551758,86098.0
2023-06-13,44.67936172445039,49.13739131563531,44.382160507528425,47.99811935424805,949215.0
2023-06-14,48.54299122582069,50.970141542935465,47.05698129033639,50.326202392578125,1202244.0
2023-06-15,50.32619999228389,50.32619999228389,47.10651195229669,47.799983978271484,262879.0
2023-06-16,47.50278343927822,49.979466582315474,47.10651262474483,49.2364616394043,266875.0
2023-06-19,50.02899745066212,50.47480115406596,48.19625351114661,49.929931640625,288343.0
2023-06-20,49.92993484247679,49.92993484247679,47.899051594415994,48.29532241821289,115419.0
2023-06-21,48.69159146715456,49.038325590999065,46.858843697797624,47.40371322631836,161707.0
2023-06-22,47.4037122877329,47.94858558458375,45.5709683337825,47.35417938232422,138630.0
2023-06-23,46.80931109866581,47.651381850168995,45.42236703594681,45.81863784790039,247684.0
2023-06-26,45.81863861549324,47.94858765196902,45.76910570794887,46.660709381103516,180776.0
2023-06-27,47.5523178644133,51.51501101978107,46.9579154027556,50.72247314453125,1523648.0
2023-06-28,51.217805960028166,52.20847917480968,49.73179613785589,50.52433395385742,488081.0
2023-06-30,51.06920362039702,51.61407313434873,49.13739008991514,49.533660888671875,143375.0
2023-07-03,47.84951976760336,51.019675092267,47.05698188121713,47.75045394897461,89749.0
2023-07-04,48.443922171666294,49.53366120656331,46.611174439552386,47.55231475830078,55790.0
2023-07-05,49.236457856844034,49.92992983944263,47.5523126931384,48.840187072753906,91724.0
2023-07-06,50.128066512695256,50.128066512695256,47.700919997262126,48.09718704223633,34868.0
2023-07-07,48.93925846965518,50.02899749755859,48.146716872141695,49.533660888671875,144160.0
2023-07-10,48.54299059597864,50.52433715091654,48.04765395724416,48.88972473144531,48691.0
2023-07-11,49.830864247426966,49.830864247426966,48.09718604154847,48.44392395019531,29844.0
2023-07-12,49.33552548929351,49.78132919311523,48.196253556325104,49.533660888671875,96538.0
2023-07-13,49.63272983506979,49.63272983506979,48.09718700631444,48.29532241821289,24883.0
2023-07-14,49.830865396713136,49.830865396713136,47.35418218833655,47.70092010498047,69144.0
2023-07-17,48.98879372324948,48.98879372324948,46.85884469127919,47.2551155090332,43578.0
2023-07-18,48.34485347747058,48.93925969043301,46.957913205461935,47.99811935424805,59536.0
2023-07-19,47.205581600760645,48.889723092712266,47.15604491525271,47.40371322631836,60412.0
2023-07-20,48.59252368279308,49.53366405567463,47.55231749344764,48.09718704223633,106629.0
2023-07-21,48.84019287198138,49.731800352493465,48.24579040438581,48.542991638183594,89360.0
2023-07-24,48.54299200826495,50.97014236450195,48.54299200826495,50.97014236450195,331449.0
2023-07-25,51.51500993074426,52.75335151561792,51.217808706198305,51.26734161376953,178440.0
2023-07-26,51.267340766991566,51.51500907987558,49.533662576803444,50.6234016418457,70143.0
2023-07-27,50.47480504931864,51.51501125145702,49.53366466486251,49.7318000793457,77438.0
2023-07-28,49.73179708744265,51.366405655572585,49.53366168487944,50.375732421875,60823.0
2023-07-31,50.3757339656012,52.852417125741255,50.3757339656012,52.25801467895508,163645.0
2023-08-01,54.437496088246846,54.833763122558594,53.001019113460195,54.833763122558594,192710.0
2023-08-02,56.468375282299405,57.45904853286606,53.99169215588277,56.0225715637207,199866.0
2023-08-03,56.022570797587015,57.45904774708791,54.0412243235495,54.982364654541016,53991.0
2023-08-04,54.982366930261705,57.70671844482422,54.982366930261705,57.70671844482422,141489.0
2023-08-07,60.57966897804775,60.57966897804775,57.75624803062181,60.53013229370117,251183.0
2023-08-08,60.133865761234524,60.133865761234524,57.50858019251401,57.55811309814453,146802.0
2023-08-09,56.716041564941406,58.647855090225974,56.66650866000968,56.716041564941406,13436.0
2023-08-10,55.5767707824707,56.616980773837426,55.5767707824707,55.5767707824707,18290.0
2023-08-11,56.46837615966797,56.66651156868351,54.4870296277498,56.46837615966797,86869.0
2023-08-14,55.5272331237793,55.725368523241166,55.47770021869343,55.5272331237793,54908.0
2023-08-16,54.437496185302734,55.378636534538735,54.437496185302734,54.437496185302734,36536.0
2023-08-17,53.39728927612305,53.44682218241853,53.39728927612305,53.39728927612305,28591.0
2023-08-18,53.39728927612305,53.39728927612305,53.00101846752221,53.39728927612305,29836.0
2023-08-21,54.437496185302734,54.437496185302734,54.437496185302734,54.437496185302734,31806.0
2023-08-22,55.477699279785156,55.477699279785156,55.477699279785156,55.477699279785156,28532.0
2023-08-23,56.567440032958984,56.567440032958984,56.567440032958984,56.567440032958984,6045.0
2023-08-24,57.65718078613281,57.65718078613281,57.65718078613281,57.65718078613281,19775.0
2023-08-25,58.79645538330078,58.79645538330078,58.79645538330078,58.79645538330078,57949.0
2023-08-28,59.935733795166016,59.935733795166016,59.935733795166016,59.935733795166016,58499.0
2023-08-29,61.124542236328125,61.124542236328125,61.124542236328125,61.124542236328125,109317.0
2023-08-30,62.313350677490234,62.313350677490234,61.42174321593406,62.313350677490234,168941.0
2023-08-31,61.075008392333984,61.421742523967005,61.075008392333984,61.075008392333984,157029.0
2023-09-01,59.935733795166016,60.6787387595689,59.935733795166016,59.935733795166016,36195.0
2023-09-04,61.124542236328125,61.124542236328125,61.124542236328125,61.124542236328125,2558512.0
2023-09-05,62.313350677490234,62.313350677490234,62.313350677490234,62.313350677490234,59591.0
2023-09-06,63.551692962646484,63.551692962646484,63.551692962646484,63.551692962646484,50490.0
2023-09-07,64.79003143310547,64.79003143310547,64.79003143310547,64.79003143310547,122169.0
2023-09-08,66.0779037475586,66.0779037475586,66.0779037475586,66.0779037475586,93110.0
2023-09-11,67.36577606201172,67.36577606201172,67.36577606201172,67.36577606201172,140120.0
2023-09-12,68.70318603515625,68.70318603515625,68.70318603515625,68.70318603515625,72934.0
2023-09-13,70.04060363769531,70.04060363769531,70.04060363769531,70.04060363769531,106942.0
2023-09-14,71.42753601074219,71.42753601074219,71.42753601074219,71.42753601074219,37946.0
2023-09-15,72.81448364257812,72.81448364257812,72.81448364257812,72.81448364257812,21444.0
2023-09-18,74.25096130371094,74.25096130371094,74.25096130371094,74.25096130371094,223088.0
2023-09-20,75.68743896484375,75.68743896484375,75.68743896484375,75.68743896484375,10847.0
2023-09-21,77.17344665527344,77.17344665527344,77.17344665527344,77.17344665527344,50241.0
2023-09-22,78.66905975341797,78.66905975341797,78.66905975341797,78.66905975341797,19395.0
2023-09-25,80.21451568603516,80.21451568603516,80.21451568603516,80.21451568603516,13250.0
2023-09-26,81.8098373413086,81.8098373413086,81.8098373413086,81.8098373413086,13388.0
2023-09-27,83.4051513671875,83.4051513671875,83.4051513671875,83.4051513671875,23792.0
2023-09-28,85.05032348632812,85.05032348632812,85.05032348632812,85.05032348632812,8719.0
2023-09-29,86.69548937934451,86.74534606933594,86.74534606933594,86.74534606933594,15679.0
2023-10-03,88.44036865234375,88.44036865234375,88.44036865234375,88.44036865234375,29577.0
2023-10-04,90.18524169921875,90.18524169921875,90.18524169921875,90.18524169921875,12231.0
2023-10-05,91.97998046875,91.97998046875,91.97998046875,91.97998046875,54160.0
2023-10-06,90.13539123535156,93.77470882375385,90.13539123535156,90.13539123535156,685402.0
2023-10-09,88.34066009521484,88.34066009521484,88.34066009521484,88.34066009521484,126356.0
2023-10-10,86.59577941894531,86.59577941894531,86.59577941894531,86.59577941894531,67220.0
2023-10-11,88.29080963134766,88.29080963134766,88.29080963134766,88.29080963134766,264082.0
2023-10-12,90.03569030761719,90.03569030761719,90.03569030761719,90.03569030761719,17224.0
2023-10-13,91.730712890625,91.83041866583264,88.24095750891644,91.730712890625,257794.0
2023-10-16,91.730712890625,91.730712890625,89.93597850863539,91.730712890625,186102.0
2023-10-17,93.52544403076172,93.52544403076172,91.68085302157543,93.52544403076172,363583.0
2023-10-18,94.223388671875,95.37002402368597,94.223388671875,94.223388671875,176257.0
2023-10-19,96.06797790527344,96.06797790527344,94.0239829072413,96.06797790527344,383906.0
2023-10-20,97.11490631103516,97.96241679240677,96.71607561184179,97.11490631103516,174538.0
2023-10-23,95.17060852050781,95.17060852050781,95.17060852050781,95.17060852050781,48083.0
2023-10-25,93.27617645263672,93.27617645263672,93.27617645263672,93.27617645263672,34531.0
2023-10-26,91.43158721923828,91.43158721923828,91.43158721923828,91.43158721923828,28574.0
2023-10-27,93.226318359375,93.226318359375,93.226318359375,93.226318359375,31827.0
2023-10-30,91.730712890625,95.07090580599059,91.730712890625,91.730712890625,444528.0
2023-10-31,93.52544403076172,93.52544403076172,90.73363677934148,93.52544403076172,225422.0
2023-11-01,95.37002563476562,95.37002563476562,95.32016894629847,95.37002563476562,271091.0
2023-11-02,97.26446533203125,97.26446533203125,96.71607218916456,97.26446533203125,134545.0
2023-11-03,99.20875549316406,99.20875549316406,99.15889880436252,99.20875549316406,96527.0
2023-11-06,101.15304565429688,101.15304565429688,101.15304565429688,101.15304565429688,41713.0
2023-11-07,103.1471939086914,103.1471939086914,103.04748813483911,103.1471939086914,235510.0
2023-11-08,104.69265747070312,104.69265747070312,104.59295169928643,104.69265747070312,149930.0
2023-11-09,106.18827056884766,106.58710127549536,104.6428044332364,106.18827056884766,71041.0
2023-11-10,108.28211975097656,108.28211975097656,107.38475258366022,108.28211975097656,108506.0
2023-11-13,112.619384765625,112.619384765625,112.619384765625,112.619384765625,64109.0
2023-11-15,114.86280059814453,114.86280059814453,114.86280059814453,114.86280059814453,58973.0
2023-11-16,112.56953430175781,117.05636244623571,112.56953430175781,112.56953430175781,127883.0
2023-11-17,114.81295013427734,114.81295013427734,114.66338767242249,114.81295013427734,91825.0
2023-11-20,117.10621643066406,117.10621643066406,117.10621643066406,117.10621643066406,31810.0
2023-11-21,119.39948272705078,119.39948272705078,119.39948272705078,119.39948272705078,26921.0
2023-11-22,121.74260711669922,121.74260711669922,121.74260711669922,121.74260711669922,23287.0
2023-11-23,123.53733825683594,124.135580496854,119.3496273625839,123.53733825683594,122468.0
2023-11-24,121.0945053100586,123.08865118659845,121.0945053100586,121.0945053100586,46858.0
2023-11-28,118.7015380859375,118.7015380859375,118.7015380859375,118.7015380859375,57468.0
2023-11-29,120.49626159667969,121.04465474885481,116.70738904177169,120.49626159667969,156818.0
2023-11-30,118.10328674316406,118.10328674316406,118.10328674316406,118.10328674316406,51656.0
2023-12-01,115.76016998291016,115.76016998291016,115.76016998291016,115.76016998291016,38352.0
2023-12-04,117.65460968017578,118.05344038694491,117.55490390524926,117.65460968017578,79294.0
2023-12-05,117.65460968017578,117.65460968017578,117.65460968017578,117.65460968017578,110739.0
2023-12-06,119.99772644042969,119.99772644042969,117.65460656001152,119.99772644042969,127727.0
2023-12-07,122.39070129394531,122.39070129394531,122.39070129394531,122.39070129394531,66462.0
2023-12-08,124.83352661132812,124.83352661132812,124.83352661132812,124.83352661132812,71088.0
2023-12-11,122.3408432006836,127.32620775828379,122.3408432006836,122.3408432006836,200249.0
2023-12-12,119.89801788330078,119.89801788330078,119.89801788330078,119.89801788330078,62669.0
2023-12-13,117.50504302978516,117.50504302978516,117.50504302978516,117.50504302978516,65297.0
2023-12-14,119.05050659179688,119.84816035298904,117.50504054345177,119.05050659179688,66279.0
2023-12-15,118.65167999267578,119.05051069053431,118.65167999267578,118.65167999267578,41728.0
2023-12-18,124.58425903320312,124.58425903320312,124.58425903320312,124.58425903320312,77741.0
2023-12-19,130.76611328125,130.76611328125,123.6370476667606,130.76611328125,449176.0
2023-12-20,133.35849835041384,137.29693320279733,124.23527993250575,130.11801147460938,755435.0
2023-12-21,123.63705021099453,136.5989990234375,123.63705021099453,136.5989990234375,246613.0
2023-12-22,143.428955078125,143.428955078125,143.428955078125,143.428955078125,172012.0
2023-12-26,150.55801391601562,150.55801391601562,150.55801391601562,150.55801391601562,134872.0
2023-12-27,158.08592224121094,158.08592224121094,158.08592224121094,158.08592224121094,150262.0
2023-12-28,154.94512939453125,154.94512939453125,154.94512939453125,154.94512939453125,160041.0
2023-12-29,151.85421752929688,151.85421752929688,151.85421752929688,151.85421752929688,29230.0
2024-01-01,148.81314086914062,148.81314086914062,148.81314086914062,148.81314086914062,44916.0
2024-01-02,145.8717803955078,145.8717803955078,145.8717803955078,145.8717803955078,24235.0
2024-01-03,148.76327514648438,148.76327514648438,143.57849905670614,148.76327514648438,280546.0
2024-01-04,145.82191467285156,151.70463882015747,145.82191467285156,145.82191467285156,193083.0
2024-01-05,142.93040466308594,144.57556884358715,142.93040466308594,142.93040466308594,168537.0
2024-01-08,140.0887451171875,140.0887451171875,140.0887451171875,140.0887451171875,58840.0
2024-01-09,137.29693603515625,137.29693603515625,137.29693603515625,137.29693603515625,188730.0
2024-01-10,140.0388946533203,140.0388946533203,134.85411828696107,140.0388946533203,71560.0
2024-01-11,142.83070373535156,142.83070373535156,140.03889636122452,142.83070373535156,50669.0
2024-01-12,139.98902893066406,139.98902893066406,139.98902893066406,139.98902893066406,53616.0
2024-01-15,139.98902893066406,139.98902893066406,139.98902893066406,139.98902893066406,0.0
2024-01-16,134.45529174804688,134.45529174804688,134.45529174804688,134.45529174804688,18453.0
2024-01-17,137.0975341796875,137.0975341796875,136.5491410001435,137.0975341796875,184500.0
2024-01-18,136.5989990234375,136.5989990234375,134.3555848058993,136.5989990234375,59149.0
2024-01-19,138.54327392578125,139.29107858736063,138.54327392578125,138.54327392578125,42250.0
2024-01-23,134.60484313964844,136.10045250786675,134.60484313964844,134.60484313964844,69528.0
2024-01-24,131.91275024414062,132.90982316327378,131.91275024414062,131.91275024414062,44653.0
2024-01-25,129.27049255371094,131.8130314355669,129.27049255371094,129.27049255371094,38703.0
2024-01-29,127.12680053710938,129.27050128404562,127.12680053710938,127.12680053710938,85137.0
2024-01-30,127.47577667236328,127.62533913807832,127.1268026570702,127.47577667236328,58844.0
2024-01-31,130.018310546875,130.018310546875,127.2763674580835,130.018310546875,64309.0
2024-02-01,132.61070251464844,132.61070251464844,132.61070251464844,132.61070251464844,36555.0
2024-02-02,135.25294494628906,135.25294494628906,135.25294494628906,135.25294494628906,26122.0
2024-02-05,141.98318481445312,141.98318481445312,141.98318481445312,141.98318481445312,28105.0
2024-02-06,149.0623966198748,149.0623966198748,141.98317303588965,145.37322998046875,434234.0
2024-02-07,147.56678793463908,147.56678793463908,138.14445215325907,141.5843505859375,155480.0
2024-02-08,143.32922725229574,144.5257116717508,134.60483950650382,140.73683166503906,128477.0
2024-02-09,140.73683840332282,145.472934834939,134.60484595119632,139.3409423828125,169242.0
2024-02-12,139.54035746713384,141.43480521632338,133.70748978972688,134.55499267578125,150780.0
2024-02-13,127.82474517822266,127.82474517822266,127.82474517822266,127.82474517822266,85791.0
2024-02-14,121.44348503477732,129.6194799585697,121.44348503477732,126.47869873046875,546162.0
2024-02-15,128.5226939741015,132.76025390625,128.5226939741015,132.76025390625,60163.0
2024-02-16,139.3907928466797,139.3907928466797,134.00659012063096,139.3907928466797,207184.0
2024-02-19,152.55215283846815,156.54044441594445,143.32922856555422,143.7779083251953,743577.0
2024-02-20,144.57557382012052,147.56679258881266,138.4435814299518,143.37908935546875,214182.0
2024-02-21,144.57558304371835,144.57558304371835,136.15031935054765,137.69578552246094,145832.0
2024-02-22,141.4846417774013,141.4846417774013,135.10338115182154,139.8394775390625,230555.0
2024-02-23,139.93919673781934,142.73098886880615,134.6048502888693,136.49928283691406,174379.0
2024-02-26,142.033038447574,142.93041322955148,136.05060075756072,139.68992614746094,225562.0
2024-02-27,141.5345025199719,141.5345025199719,122.14143664278015,123.33792114257812,711803.0
2024-02-28,122.49041073668188,128.57255422767773,116.40826724568603,123.88631439208984,611793.0
2024-02-29,126.62826486506813,126.62826486506813,117.85401984734061,122.78953552246094,185325.0
2024-03-01,125.58133010095686,128.92153043854557,121.1443586897142,125.88045501708984,192261.0
2024-03-04,128.9713926229238,130.31743198169465,122.63997328244788,124.43470764160156,99675.0
2024-03-05,122.63997211152177,132.6107015514829,122.63997211152177,130.66641235351562,359267.0
2024-03-06,131.9127501571338,136.89811474951128,125.0329454982403,135.45236206054688,533574.0
2024-03-07,137.5960647501118,141.08582001551318,134.0564527952367,139.3409423828125,337596.0
2024-03-11,143.57849616225084,144.42601420441412,135.65176972945156,136.94796752929688,401598.0
2024-03-12,136.94797094461364,139.04181493738946,129.42006739443383,136.79840087890625,432131.0
2024-03-13,135.20309616897075,137.695778508265,119.74845805828355,123.53733825683594,607687.0
2024-03-14,119.74845605540362,132.51098485488998,119.74845605540362,127.82474517822266,206847.0
2024-03-15,131.51391677840752,131.51391677840752,124.68397615996271,126.62826538085938,291744.0
2024-03-18,128.1238752498583,138.99196441886514,127.17665898149775,129.91860961914062,326483.0
2024-03-19,131.8130320908333,134.6048392060807,126.77781859588033,129.02122497558594,80356.0
2024-03-20,131.912749060457,133.1092335098554,122.34084303701958,125.33206176757812,326763.0
2024-03-21,129.5197755133214,135.5520701548671,127.92446785535883,130.61656188964844,229712.0
2024-03-22,132.36142481262323,133.50805253890942,128.82181304599555,130.36727905273438,277298.0
2024-03-26,132.51099138746082,136.10046015861315,127.22650922026533,128.3232879638672,152313.0
2024-03-27,128.37313806303936,132.06230481309387,124.88338285355867,126.17958068847656,179899.0
2024-03-28,126.2792886605817,132.11216380528947,125.63118973182243,127.07694244384766,163059.0
2024-04-01,132.01245069917744,135.50220597672197,129.71919511666295,133.35850524902344,274953.0
2024-04-02,135.95089985832038,145.27352260937914,133.35850415910994,139.5902099609375,595357.0
2024-04-03,141.48464602550155,148.56387008147732,140.68699983394868,145.173828125,488441.0
2024-04-04,149.06240229139826,149.06240229139826,139.1415297302139,140.93626403808594,227126.0
2024-04-05,142.5315735817963,142.5315735817963,135.70163307838183,140.18846130371094,323181.0
2024-04-08,142.28230976984597,146.27060164966855,134.6048509440127,136.25001525878906,162646.0
2024-04-09,137.39665955466728,138.29401915015362,131.7631880946102,134.6547088623047,160247.0
2024-04-10,136.2998614310152,136.2998614310152,130.3174240729827,132.0623016357422,256076.0
2024-04-12,131.61362496192197,139.29108337520904,130.41714050509322,137.8951873779297,245870.0
2024-04-15,137.3966562391041,137.3966562391041,126.92739021181144,131.2646484375,260474.0
2024-04-16,127.12679864844073,141.0858196765048,127.12679864844073,137.1473846435547,431676.0
2024-04-18,138.094599775179,138.79254777814907,128.22358392744093,130.5666961669922,386652.0
2024-04-19,123.63704225103851,133.258789856699,123.63704225103851,129.4699249267578,268634.0
2024-04-22,132.8599746787483,137.74562619854518,131.1649536543775,136.8482666015625,293413.0
2024-04-23,139.39079242840194,148.2647350232358,138.84239929858077,144.2764434814453,1561621.0
2024-04-24,145.42308930087407,146.2705921417712,139.59020672013276,140.8365478515625,329974.0
2024-04-25,143.4787862898772,145.52278880712777,138.74268994669615,140.3380126953125,239531.0
2024-04-26,141.48463919514546,141.93333417388996,135.70162851494018,137.29693603515625,221811.0
2024-04-29,139.64007480332705,140.38787954320836,134.70456656293572,137.69578552246094,216689.0
2024-04-30,139.09167795731813,143.07996979838816,135.60192259638183,136.74855041503906,226201.0
2024-05-02,137.59606218083925,142.5814267526088,135.85118458071992,140.3380126953125,225514.0
2024-05-03,140.986106297797,141.733910995729,136.29986656691486,137.1473846435547,113043.0
2024-05-06,138.0946059754033,138.0946059754033,130.71627210280116,132.95968627929688,163309.0
2024-05-07,133.8071892889395,133.8071892889395,124.63412102437103,128.3232879638672,337394.0
2024-05-08,128.82182726072628,131.3145097356402,125.73090251324565,128.42300415039062,237836.0
2024-05-09,126.03002276213819,128.6224109181456,121.34377531948738,123.88631439208984,121034.0
2024-05-10,128.57255110922458,128.57255110922458,122.7396759979152,126.77782440185547,175608.0
2024-05-13,124.83352891981957,127.32621126731647,122.93909642137218,126.27928924560547,83804.0
2024-05-14,126.12972554970177,128.77196272655522,126.12972554970177,127.32621002197266,77841.0
2024-05-15,127.32620328282432,131.2646381020692,127.27635420323806,128.17372131347656,84061.0
2024-05-16,131.01538058471053,131.01538058471053,128.17373178312118,128.8218231201172,70517.0
2024-05-17,130.51684078757293,131.61362709904856,124.63411657106872,130.0681610107422,183479.0
2024-05-21,132.0124465001668,132.41128479053256,128.12386825738267,129.12094116210938,310677.0
2024-05-22,130.96553146545568,132.41128412724217,129.12094051530136,129.37020874023438,169207.0
2024-05-23,131.51391305911042,133.75732714611354,127.92445964838072,130.3174285888672,200371.0
2024-05-24,117.15607345520307,124.63412069702456,117.00651098895405,119.8481674194336,775417.0
2024-05-27,122.49040496580042,123.43762879062285,117.45519135534994,118.50211334228516,267148.0
2024-05-28,120.49626537515316,120.49626537515316,108.68095235188802,112.17070770263672,466948.0
2024-05-29,108.73080462586034,112.51967714567166,108.53138547825175,109.82758331298828,340420.0
2024-05-30,110.92436667756412,111.27334069176634,106.28797589726908,108.08271026611328,175956.0
2024-05-31,110.62523546674686,110.62523546674686,106.18826409436147,108.68094635009766,181114.0
2024-06-03,117.55490044638718,117.55490044638718,108.6310931223656,113.16777801513672,307418.0
2024-06-04,115.16192308811455,115.16192308811455,96.76593062465642,108.23226928710938,549483.0
2024-06-05,108.2322672331481,109.62816321904525,99.45802259774044,108.43167877197266,233142.0
2024-06-06,113.16777634091216,117.35547955916049,111.27333627282356,115.56075286865234,199381.0
2024-06-07,117.2557726640928,119.34962425313573,113.16777525556849,117.15606689453125,179315.0
2024-06-10,117.15607080423271,129.32035766618748,115.00238959593068,127.00714874267578,559972.0
2024-06-11,128.6224121448991,136.59899584380756,127.40598191368548,133.20895385742188,2611667.0
2024-06-12,141.58435708049586,159.85074059253452,141.28523215651475,158.12579345703125,4604059.0
2024-06-13,168.385689514386,173.92941284179688,161.29650002713723,173.92941284179688,3276890.0
2024-06-14,176.48191168448457,180.1710785469283,165.22496480289297,166.5311279296875,1690081.0
2024-06-18,172.49361622782746,174.85667419433594,167.10942851214662,174.85667419433594,561023.0
2024-06-19,183.59104919433594,183.59104919433594,183.59104919433594,183.59104919433594,115183.0
2024-06-20,192.7641143798828,192.7641143798828,192.7641143798828,192.7641143798828,97922.0
2024-06-21,194.42922484256428,196.43333599077928,183.12242126464844,183.12242126464844,1354760.0
2024-06-24,173.95932006835938,173.95932006835938,173.95932006835938,173.95932006835938,132881.0
2024-06-25,173.38100423277766,175.56459629612812,165.2548662649631,165.75340270996094,1502461.0
2024-06-26,162.32347118237786,174.03907775878906,160.52873691933664,174.03907775878906,391250.0
2024-06-27,169.50239833512396,172.0947940423702,165.33464078472295,165.45428466796875,423746.0
2024-06-28,167.20912759722046,168.50532545120873,160.17976038616447,164.96571350097656,463130.0
2024-07-01,160.787971607693,172.28422101556293,160.787971607693,170.489501953125,232847.0
2024-07-02,167.55811260389817,177.4789854321392,167.5082559134797,174.0889434814453,364968.0
2024-07-03,176.47193977209005,179.27371221420137,171.5962538520231,175.73410034179688,203281.0
2024-07-04,175.48484211663654,178.97459749963784,170.94815707590965,171.5065155029297,146494.0
2024-07-05,171.51648481551328,173.8396665022387,167.70765902812545,171.10768127441406,102382.0
2024-07-08,170.89829829862603,179.47313179212222,163.51996452171136,175.3053741455078,306865.0
2024-07-09,172.4936117428785,178.87487221881474,168.28596288670258,170.4994659423828,311136.0
2024-07-10,169.81149204541632,172.4936207209443,162.67244605667372,171.52645874023438,198046.0
2024-07-11,169.95108312705779,174.43791145069798,165.5141114942832,170.05079650878906,102998.0
2024-07-12,170.05079682108314,176.48191438728617,170.05079682108314,173.82969665527344,202036.0
2024-07-15,178.27664616170932,178.27664616170932,170.79859905101787,174.3382110595703,79375.0
2024-07-16,171.50651302123626,175.494804829813,170.99801129272802,171.52645874023438,94769.0
2024-07-18,171.79567341804852,174.48776735730752,167.2091317332918,170.7886199951172,223794.0
2024-07-19,170.50943530759247,173.38101019809886,163.2706913542539,164.97569274902344,553230.0
2024-07-22,160.72815451762756,172.34406337054014,157.1387010703112,171.54640197753906,310089.0
2024-07-23,172.4836531814081,178.17693114274914,165.51410786124976,176.79100036621094,161802.0
2024-07-24,177.46901196901672,185.62506103515625,177.46901196901672,185.62506103515625,112388.0
2024-07-25,194.89784240722656,194.89784240722656,194.89784240722656,194.89784240722656,114365.0
2024-07-26,204.63925170898438,204.63925170898438,204.63925170898438,204.63925170898438,70821.0
2024-07-29,214.8692169189453,214.8692169189453,214.8692169189453,214.8692169189453,101819.0
2024-07-30,215.86628435393934,215.86628435393934,204.12076672723836,204.53953552246094,784019.0
2024-07-31,197.42043918307425,214.75953674316406,196.4233662579072,214.75953674316406,317326.0
2024-08-01,216.8633678976595,223.3343768582198,214.86922198595687,216.41468811035156,444291.0
2024-08-02,212.17711834022012,227.23291015625,205.5864657950208,227.23291015625,242517.0
2024-08-05,220.35311537251462,226.33555289394036,215.8662872314453,215.8662872314453,210600.0
2024-08-06,215.8662951100429,223.74316538175668,205.0679931640625,205.0679931640625,198495.0
2024-08-07,205.06799285001551,215.31790161132812,194.80811883623724,215.31790161132812,424638.0
2024-08-08,204.54949951171875,204.54949951171875,204.54949951171875,204.54949951171875,47812.0
2024-08-09,194.3195504089363,208.78707371867395,194.3195504089363,196.75241088867188,486222.0
2024-08-12,189.54357379623465,198.91605343641018,188.09780584807788,193.6116180419922,604545.0
2024-08-13,195.32657997470417,195.32657997470417,183.93004374165054,184.0098114013672,146905.0
2024-08-14,182.96288397478827,189.14473314255545,176.83089149670585,183.87022399902344,101131.0
2024-08-16,184.45849930486594,192.92365429059086,181.81626202209534,191.5078125,197401.0
2024-08-19,192.41513066344638,196.22395657648366,184.60804775965912,189.8526611328125,88555.0
2024-08-20,189.8526581660794,193.68141452380863,184.6579015636581,188.6561737060547,52034.0
2024-08-21,186.1036643225058,198.08848571777344,185.40571628423965,198.08848571777344,152663.0
2024-08-22,199.4145802385901,207.98941327449953,199.4145802385901,207.1119842529297,321212.0
2024-08-23,213.77242745606952,213.77242745606952,204.39994811591666,210.0134735107422,148901.0
2024-08-26,214.37068044572308,218.65809709746264,206.9923468323112,210.2328338623047,115644.0
2024-08-27,212.3665674307924,212.3765326829412,203.90141283409142,204.8785400390625,61041.0
2024-08-28,207.29145225720444,207.29145225720444,194.62862932141357,195.745361328125,134530.0
2024-08-29,197.0614925217372,197.0614925217372,185.9541007326521,187.6690673828125,130032.0
2024-08-30,189.42391322271675,191.43800482510272,182.46434834892602,188.8655548095703,228430.0
2024-09-02,189.8426865928464,189.8426865928464,183.46142569770703,186.02391052246094,82372.0
2024-09-03,188.93536204480745,188.93536204480745,176.72121819576742,180.41038513183594,181763.0
2024-09-04,175.4848304478832,184.9570230004678,171.64609369618574,183.19219970703125,140336.0
2024-09-05,179.47312843258885,183.152329999717,175.48483668964244,178.6256103515625,99939.0
2024-09-06,178.2666655386159,179.44321952767675,173.39097943529245,175.31533813476562,79456.0
2024-09-09,176.47193950600402,180.4701963909505,171.49654021681482,178.1769256591797,107704.0
2024-09-10,181.26785876176683,183.8602392090301,175.4947980712699,180.6097869873047,166861.0
2024-09-11,176.6813193186275,180.47019947755595,174.48776192581377,178.88485717773438,126238.0
2024-09-12,175.83382526620707,183.4514621883449,175.83382526620707,177.349365234375,72329.0
2024-09-13,174.63732334067367,181.96581570256433,174.63732334067367,179.5628662109375,51595.0
2024-09-16,183.46141773112694,183.46141773112694,173.09186542327865,175.10594177246094,71259.0
2024-09-17,181.43736495175733,181.43736495175733,172.4936194212811,174.09890747070312,53612.0
2024-09-18,171.50650799070996,174.48776150726204,168.5053239698702,169.492431640625,87545.0
2024-09-19,170.39975927586104,173.49069147397876,161.53578145222107,167.0296630859375,58335.0
2024-09-20,164.0184990254456,170.4994731510711,164.0184990254456,170.32000732421875,83684.0
2024-09-23,173.6999969482422,173.6999969482422,166.0,170.3699951171875,55099.0
2024-09-24,171.0,174.75,170.0,170.9499969482422,37156.0
2024-09-25,167.1999969482422,171.89999389648438,165.60000610351562,170.0800018310547,84127.0
2024-09-26,166.4499969482422,169.4499969482422,161.57000732421875,162.35000610351562,78931.0
2024-09-27,162.38999938964844,170.4600067138672,162.35000610351562,170.4600067138672,100252.0
2024-09-30,172.0,173.0,165.8000030517578,169.88999938964844,103940.0
2024-10-01,168.00999450683594,172.9499969482422,167.5,170.4199981689453,62091.0
2024-10-03,168.50999450683594,172.89999389648438,166.50999450683594,168.25999450683594,111412.0
2024-10-04,170.99000549316406,173.39999389648438,160.97000122070312,162.22999572753906,181488.0
2024-10-07,164.94000244140625,166.02000427246094,156.10000610351562,159.42999267578125,121734.0
2024-10-08,159.42999267578125,167.0,157.0399932861328,163.86000061035156,126559.0
2024-10-09,168.25,172.0500030517578,168.25,171.6999969482422,276987.0
2024-10-10,173.97000122070312,177.4499969482422,166.82000732421875,169.2100067138672,114500.0
2024-10-11,170.9499969482422,172.7100067138672,167.0,168.36000061035156,76410.0
2024-10-14,171.4499969482422,171.4499969482422,162.52999877929688,164.7100067138672,61973.0
2024-10-15,167.0,168.24000549316406,161.77000427246094,167.42999267578125,110793.0
2024-10-16,169.8000030517578,173.39999389648438,164.9600067138672,170.39999389648438,91258.0
2024-10-17,172.0,172.89999389648438,165.1999969482422,166.72999572753906,61619.0
2024-10-18,165.22000122070312,174.0,164.00999450683594,170.27000427246094,85047.0
2024-10-21,174.5,174.5,161.75,163.3800048828125,117068.0
2024-10-22,166.0,166.0,155.2100067138672,155.2100067138672,136562.0
2024-10-23,148.1999969482422,159.0,148.1999969482422,156.50999450683594,176308.0
2024-10-24,153.1999969482422,164.3300018310547,149.3000030517578,162.8800048828125,202493.0
2024-10-25,166.0,166.0,154.72999572753906,155.32000732421875,140289.0
2024-10-28,159.8000030517578,165.0,149.00999450683594,149.9600067138672,341980.0
2024-10-29,155.0,159.8800048828125,151.0500030517578,158.10000610351562,163632.0
2024-10-30,161.0,164.58999633789062,156.0,158.7899932861328,152952.0
2024-10-31,161.6999969482422,161.6999969482422,155.7899932861328,159.97999572753906,81374.0
2024-11-01,164.0,164.0,160.02000427246094,162.14999389648438,59032.0
2024-11-04,162.11000061035156,165.0,155.3300018310547,163.2899932861328,117095.0
2024-11-05,164.5500030517578,169.0,157.47000122070312,166.60000610351562,145334.0
2024-11-06,169.0,169.0,164.4199981689453,166.99000549316406,92993.0
2024-11-07,165.5,168.19000244140625,160.2100067138672,163.50999450683594,94946.0
2024-11-08,153.36000061035156,158.88999938964844,153.0,154.83999633789062,410433.0
2024-11-11,151.10000610351562,154.64999389648438,140.64999389648438,142.6999969482422,291857.0
2024-11-12,145.97000122070312,149.5,140.0500030517578,143.69000244140625,334682.0
2024-11-13,143.69000244140625,143.69000244140625,135.02000427246094,136.83999633789062,268428.0
2024-11-14,138.89999389648438,141.88999938964844,135.0,135.86000061035156,222428.0
2024-11-18,138.89999389648438,142.0,131.35000610351562,135.6300048828125,244761.0
2024-11-19,136.25,143.5,136.24000549316406,138.16000366210938,203695.0
2024-11-21,138.89999389648438,138.89999389648438,124.33999633789062,126.75,562220.0
2024-11-22,128.6999969482422,136.11000061035156,124.76000213623047,131.74000549316406,309354.0
2024-11-25,134.8000030517578,137.35000610351562,132.05999755859375,133.66000366210938,161508.0
2024-11-26,134.0500030517578,136.89999389648438,131.57000732421875,133.33999633789062,103006.0
2024-11-27,133.6999969482422,138.19000244140625,128.33999633789062,135.07000732421875,303972.0
2024-11-28,135.10000610351562,142.39999389648438,135.10000610351562,137.82000732421875,198009.0
2024-11-29,138.35000610351562,141.5,136.2100067138672,139.17999267578125,116000.0
2024-12-02,141.75999450683594,153.08999633789062,139.14999389648438,153.08999633789062,254970.0
2024-12-03,156.10000610351562,166.47000122070312,156.0,158.47000122070312,770466.0
2024-12-04,160.0,164.0,155.25999450683594,156.38999938964844,217569.0
2024-12-05,157.00999450683594,160.0,153.2100067138672,154.52000427246094,156993.0
2024-12-06,155.60000610351562,183.0,155.60000610351562,178.13999938964844,1869615.0
2024-12-09,179.0,184.97000122070312,173.4600067138672,177.1699981689453,616852.0
2024-12-10,175.05999755859375,176.4499969482422,168.10000610351562,171.77000427246094,316401.0
2024-12-11,174.6999969482422,176.0,169.8000030517578,172.44000244140625,142117.0
2024-12-12,174.89999389648438,174.99000549316406,165.10000610351562,169.5,123206.0
2024-12-13,171.0,171.0,162.0,168.47000122070312,144915.0
2024-12-16,169.88999938964844,170.75,165.47000122070312,167.5500030517578,87414.0
2024-12-17,168.75,180.89999389648438,168.00999450683594,178.52999877929688,567208.0
2024-12-18,185.99000549316406,186.0,172.33999633789062,174.1300048828125,465528.0
2024-12-19,174.1300048828125,179.77999877929688,170.00999450683594,171.8800048828125,385228.0
2024-12-20,172.25,177.50999450683594,166.0,166.61000061035156,255282.0
2024-12-23,172.0,173.9499969482422,163.22999572753906,170.22000122070312,208039.0
2024-12-24,174.0,174.77000427246094,168.0,169.6199951171875,138103.0
2024-12-26,172.39999389648438,172.39999389648438,161.0,163.27999877929688,172727.0
2024-12-27,164.0,164.50999450683594,157.00999450683594,160.3000030517578,161564.0
2024-12-30,160.50999450683594,164.8800048828125,155.6999969482422,156.91000366210938,132735.0
2024-12-31,157.10000610351562,160.8699951171875,153.16000366210938,159.8699951171875,178473.0
2025-01-01,161.7899932861328,163.4499969482422,158.0,161.17999267578125,100177.0
2025-01-02,162.0,163.5399932861328,158.42999267578125,161.3300018310547,128650.0
2025-01-03,162.0,174.8000030517578,161.5,170.66000366210938,504163.0
2025-01-06,171.63999938964844,173.60000610351562,157.0,158.69000244140625,268007.0
2025-01-07,161.0500030517578,167.89999389648438,160.0399932861328,164.6699981689453,184508.0
2025-01-08,166.0,166.36000061035156,159.10000610351562,160.92999267578125,123177.0
2025-01-09,161.5,163.99000549316406,155.10000610351562,156.27000427246094,107710.0
2025-01-10,157.85000610351562,159.38999938964844,148.0,149.55999755859375,143979.0
2025-01-13,146.10000610351562,152.1999969482422,137.3000030517578,139.2899932861328,175649.0
2025-01-14,141.0,147.0,139.85000610351562,145.0500030517578,170089.0
2025-01-15,145.0,148.0,141.9499969482422,143.99000549316406,175137.0
2025-01-16,145.19000244140625,153.0,145.19000244140625,148.50999450683594,122771.0
2025-01-17,149.3000030517578,152.0,147.50999450683594,149.58999633789062,267438.0
2025-01-20,151.85000610351562,159.7899932861328,150.61000061035156,155.4600067138672,143046.0
2025-01-21,154.9499969482422,159.0,152.00999450683594,156.08999633789062,93150.0
2025-01-22,154.3699951171875,156.00999450683594,148.02999877929688,151.64999389648438,107873.0
2025-01-23,152.38999938964844,152.38999938964844,148.61000061035156,149.80999755859375,61784.0
2025-01-24,151.9499969482422,151.99000549316406,143.8699951171875,144.83999633789062,72873.0
2025-01-27,143.99000549316406,143.99000549316406,135.30999755859375,138.25,92900.0
2025-01-28,136.50999450683594,144.52000427246094,132.39999389648438,139.42999267578125,133808.0
2025-01-29,139.64999389648438,145.47999572753906,139.5800018310547,142.8800048828125,64772.0
2025-01-30,143.89999389648438,147.75,138.0,141.11000061035156,75231.0
2025-01-31,142.50999450683594,145.0,141.30999755859375,143.4199981689453,87969.0
2025-02-01,145.5500030517578,159.88999938964844,143.0,145.4199981689453,292106.0
2025-02-03,147.99000549316406,147.99000549316406,140.5500030517578,144.14999389648438,65757.0
2025-02-04,148.5,149.89999389648438,143.5399932861328,145.61000061035156,128325.0
2025-02-05,147.64999389648438,149.7899932861328,143.0,144.86000061035156,60174.0
2025-02-06,145.89999389648438,147.0,144.00999450683594,146.0399932861328,68645.0
2025-02-07,146.8000030517578,149.25,139.97000122070312,141.19000244140625,136308.0
2025-02-10,137.99000549316406,137.99000549316406,121.23999786376953,124.44999694824219,610889.0
2025-02-11,126.29000091552734,126.29000091552734,113.5,116.66999816894531,426724.0
2025-02-12,116.66999816894531,119.7699966430664,108.0,109.5999984741211,671192.0
2025-02-13,112.0,117.61000061035156,109.20999908447266,113.61000061035156,334558.0
2025-02-14,113.19999694824219,113.6500015258789,105.0,108.54000091552734,249996.0
2025-02-17,108.54000091552734,111.88999938964844,104.70999908447266,108.37000274658203,294791.0
2025-02-18,107.01000213623047,111.11000061035156,101.91000366210938,103.3499984741211,149302.0
2025-02-19,103.94999694824219,117.41000366210938,103.94000244140625,114.52999877929688,929212.0
2025-02-20,115.69999694824219,123.01000213623047,115.69999694824219,118.8499984741211,538386.0
2025-02-21,117.6500015258789,121.51000213623047,116.01000213623047,116.87999725341797,232925.0
2025-02-24,115.0,117.36000061035156,111.83000183105469,113.8499984741211,101612.0
2025-02-25,114.19999694824219,116.58999633789062,113.0,113.37999725341797,68444.0
2025-02-27,113.80000305175781,113.80000305175781,106.0,107.43000030517578,173662.0
2025-02-28,106.01000213623047,108.91000366210938,103.73999786376953,104.76000213623047,475968.0
2025-03-03,105.0,108.2699966430664,100.70999908447266,103.8499984741211,211992.0
2025-03-04,102.80000305175781,110.4800033569336,101.05999755859375,106.93000030517578,165608.0
2025-03-05,105.3499984741211,116.27999877929688,104.1500015258789,107.62000274658203,266811.0
2025-03-06,116.0,124.4000015258789,115.0199966430664,117.19999694824219,1035866.0
2025-03-07,118.0,127.22000122070312,117.27999877929688,125.27999877929688,601447.0
2025-03-10,126.69999694824219,129.44000244140625,117.01000213623047,119.41999816894531,634993.0
2025-03-11,116.0999984741211,122.25,114.3499984741211,118.61000061035156,153018.0
2025-03-12,120.0,121.86000061035156,117.52999877929688,118.13999938964844,125944.0
2025-03-13,120.4800033569336,120.4800033569336,113.41000366210938,114.55000305175781,290780.0
2025-03-17,116.9000015258789,116.9000015258789,111.0,111.91999816894531,173663.0
2025-03-18,111.91999816894531,111.91999816894531,111.91999816894531,111.91999816894531,0.0
2025-03-19,117.5999984741211,123.36000061035156,112.80000305175781,116.26000213623047,375529.0
2025-03-20,116.8499984741211,122.94999694824219,116.8499984741211,121.94999694824219,356315.0
2025-03-21,120.11000061035156,128.60000610351562,119.62999725341797,121.77999877929688,606845.0
2025-03-24,122.63999938964844,128.72000122070312,122.58999633789062,125.31999969482422,346895.0
2025-03-25,126.6500015258789,129.00999450683594,119.5,120.08000183105469,293036.0
2025-03-26,119.1500015258789,121.98999786376953,116.33999633789062,118.02999877929688,170701.0
2025-03-27,117.44000244140625,120.0,115.33000183105469,117.01000213623047,202066.0
2025-03-28,118.0,121.58999633789062,113.80000305175781,114.44999694824219,222049.0
2025-04-01,112.44000244140625,118.87999725341797,112.44000244140625,117.33999633789062,97702.0
2025-04-02,118.5,118.94999694824219,114.0199966430664,117.66000366210938,99323.0
2025-04-03,116.0,122.63999938964844,114.11000061035156,119.75,147501.0
2025-04-04,119.80000305175781,119.80000305175781,113.5199966430664,115.86000061035156,139080.0
2025-04-07,104.98999786376953,113.0,100.30000305175781,109.88999938964844,195920.0
2025-04-08,115.0,118.5,111.77999877929688,116.5999984741211,122766.0
2025-04-09,116.9000015258789,116.9000015258789,113.54000091552734,115.61000061035156,53311.0
2025-04-11,120.0,120.0,116.0,117.16000366210938,77404.0
2025-04-15,120.44999694824219,123.54000091552734,117.61000061035156,121.43000030517578,149131.0
2025-04-16,121.9000015258789,126.01000213623047,121.20999908447266,122.41000366210938,163157.0
2025-04-17,123.0,132.60000610351562,120.0999984741211,130.2899932861328,485119.0
2025-04-21,130.9199981689453,131.60000610351562,124.75,126.08999633789062,251774.0
2025-04-22,126.08999633789062,134.49000549316406,126.08999633789062,127.27999877929688,379145.0
2025-04-23,128.80999755859375,133.1999969482422,121.5999984741211,124.58000183105469,279264.0
2025-04-24,125.58000183105469,127.38999938964844,124.62000274658203,125.5199966430664,111137.0
2025-04-25,126.69000244140625,126.69000244140625,117.08999633789062,119.02999877929688,264866.0
2025-04-28,119.02999877929688,119.37999725341797,116.30999755859375,118.62999725341797,131836.0
