Date,Open,High,Low,Close,Volume
2010-01-04,147.8927538807691,152.8060763048857,147.8927538807691,152.0830535888672,1832855
2010-01-05,152.82252890795993,154.88480690838873,152.49388332296806,154.43292236328125,1578660
2010-01-06,156.27335783556896,156.27335783556896,152.3049003350346,153.70167541503906,1799530
2010-01-07,147.89279844702745,154.46581171133977,147.89279844702745,151.59011840820312,873470
2010-01-08,156.10905429946948,156.10905429946948,149.5853370770305,151.81195068359375,406050
2010-01-11,150.37408208991488,157.80980425170145,150.37408208991488,156.076171875,2123740
2010-01-12,156.51986093502157,157.012841889785,151.83659201287506,152.1734619140625,1282760
2010-01-13,152.0009092231024,152.82253575944353,148.89516191869518,151.13819885253906,2398245
2010-01-14,148.80479045012194,153.5948749174086,148.80479045012194,151.67227172851562,745590
2010-01-15,149.8646868941091,153.59487868055965,148.39398079572462,149.28955078125,1744785
2010-01-18,149.86467521380519,151.99269747106837,147.5476949005768,151.13819885253906,1466775
2010-01-19,148.87870130233375,154.46576333460732,148.87870130233375,151.18746948242188,1197270
2010-01-20,148.8048042441533,153.2908913044519,148.8048042441533,152.56785583496094,1672810
2010-01-21,150.35766574198107,153.23335880262007,148.05710878606453,148.57473754882812,1235670
2010-01-22,147.07116422952953,150.1769118343194,145.44434704059844,147.8106231689453,2605130
2010-01-25,146.24950903961897,149.3716920770832,146.24950903961897,147.96670532226562,2293905
2010-01-27,146.2495290568427,147.72845938617112,139.69295255668425,141.45123291015625,3925665
2010-01-28,139.67652181022925,146.24953460129885,139.67652181022925,144.74595642089844,3966620
2010-01-29,144.24476282168737,148.0571097159691,140.82679318211703,147.6709442138672,2545225
2010-02-01,145.42789649490612,147.39158340937325,143.9489662265358,146.10984802246094,1824755
2010-02-02,147.89277749750056,148.97733055025475,141.97706890500575,142.7658233642578,2080580
2010-02-03,142.96302024190325,146.78357869907464,141.70593261860034,145.69082641601562,2828175
2010-02-04,147.08689288843019,147.21985583481685,143.84600032053342,145.29193115234375,1557995
2010-02-05,143.76289917532324,143.76289917532324,140.43890150652965,141.94300842285156,1569625
2010-02-08,141.60229375675345,147.80986033600988,141.0205967083719,147.0619659423828,1366435
2010-02-09,145.424899206622,148.2502921763327,144.59389978258415,147.63536071777344,1075170
2010-02-10,149.57986698288443,149.57986698288443,143.44708837897258,144.7683868408203,1373565
2010-02-11,147.03705116756,147.50240885118458,144.59391064848515,146.99549865722656,828285
2010-02-15,147.91791705894744,148.08411442974594,144.6437768660262,146.0232391357422,1408915
2010-02-16,141.26991296400016,148.46637157349494,141.26991296400016,147.61044311523438,1035165
2010-02-17,148.71567102447554,148.73228188427552,147.1783169299175,148.02593994140625,956210
2010-02-18,148.66579772464885,151.2335956825661,146.422101727673,148.91510009765625,1130035
2010-02-19,148.74888801374644,148.83199302320196,145.84869563234966,147.1450653076172,926525
2010-02-22,149.56324681350628,150.0452279173487,145.6575527348331,146.8375701904297,1604015
2010-02-23,147.11183488100698,147.91790537978363,146.25590644293212,146.79605102539062,790470
2010-02-24,147.0453613484858,147.36114522116765,144.33630749983283,144.7351837158203,1565240
2010-02-25,145.42490082309095,147.15338116590794,144.4360094686867,145.79054260253906,1936760
2010-02-26,141.26990215661226,153.22798336725546,141.26990215661226,149.74609375,2901400
2010-03-02,150.57709981494372,153.73490030312513,150.57709981494372,152.72938537597656,1520535
2010-03-03,153.44403351028882,155.39688716431812,152.9038889745162,154.6656036376953,2060120
2010-03-04,154.56589736870697,155.31379180008582,153.25291671891577,154.74871826171875,1288535
2010-03-05,154.89829751416343,156.5602964689508,153.25292209933676,154.19195556640625,1246125
2010-03-08,154.5908135620484,155.72927865440866,151.07568973699236,154.0922088623047,2054815
2010-03-09,152.16429378198276,155.23068345856404,152.16429378198276,153.14486694335938,976820
2010-03-10,154.13376280141023,154.5658860332058,153.16149503990343,153.88446044921875,732000
2010-03-11,152.52160651956834,154.53263599161127,152.52160651956834,153.41078186035156,929315
2010-03-12,152.90388591820403,155.03124230217196,152.90388591820403,153.3443145751953,903325
2010-03-15,154.06728496488702,154.06728496488702,152.2390888057439,153.43572998046875,614740
2010-03-16,151.28344975794693,154.5658949919278,151.28344975794693,153.62686157226562,661125
2010-03-17,153.73491337766905,156.0450910615892,153.46898744107992,154.84844970703125,788495
2010-03-18,155.56307987249775,156.69323952540233,154.31658081473728,156.07830810546875,940895
2010-03-19,157.64058332885295,160.88148859040083,156.44394216643803,159.9175262451172,1489860
2010-03-22,157.52424722735796,159.38569048353202,156.72649488902965,157.9646759033203,1586310
2010-03-23,149.57991760112634,161.9950527908273,149.57991760112634,161.3219451904297,1430000
2010-03-25,157.1004432909367,167.96159914463897,157.1004432909367,166.6569366455078,2770405
2010-03-26,166.19988693357897,169.1083849549166,165.4519925143959,166.5156707763672,2386800
2010-03-29,167.01427772993253,169.1915050654424,165.86750703020815,166.7899169921875,1156945
2010-03-30,166.216504293705,168.72611336347663,166.216504293705,167.4796142578125,1059235
2010-03-31,166.28300818999438,169.17488295467663,165.21101171374522,168.31895446777344,1587300
2010-04-01,168.55990101521604,170.18866528086053,168.06961445383928,168.84243774414062,1623495
2010-04-05,168.85909362282788,172.8478937058962,168.0447176740495,170.6125030517578,1533885
2010-04-06,170.44629588033732,173.47943876849646,169.03359936640084,172.1664581298828,1072540
2010-04-07,170.3964340640837,172.8312562847934,168.73443521962554,169.14161682128906,1235975
2010-04-08,167.0308844824611,170.0224874855082,166.90623964068618,167.37159729003906,1015445
2010-04-09,167.86189033550156,169.0252845034324,166.44919379442968,167.25526428222656,1238535
2010-04-12,166.19988929187576,168.60978261458988,163.92294624376078,164.496337890625,690805
2010-04-13,164.48802279553092,167.29680481713186,162.91743444121352,166.1915740966797,1144210
2010-04-15,166.19989153745084,167.86189045282535,162.91744621559525,163.74012756347656,1221295
2010-04-16,162.9174215495726,166.03366904409373,160.22497914949068,165.4353485107422,2206640
2010-04-19,162.88419407424894,165.83424459336433,161.3302291942834,164.91183471679688,1619700
2010-04-20,165.7012824003018,167.52949130280882,163.806604701381,164.87860107421875,1842540
2010-04-21,165.41876074740946,168.27740109607112,164.3218479857406,167.50457763671875,2388165
2010-04-22,167.51287620121232,170.52109025224027,165.51846984712347,170.00587463378906,2593995
2010-04-23,170.35487920889068,175.59848346207428,170.35487920889068,171.53489685058594,2635030
2010-04-26,174.46831907494237,174.46831907494237,170.18867729629852,171.16925048828125,697820
2010-04-27,167.29683446784435,171.42689054040747,167.29683446784435,170.21363830566406,744555
2010-04-28,167.86188578401368,171.18588352231097,166.90624150627124,169.5155792236328,1403635
2010-04-29,169.93936686197918,172.68166724955043,169.1914725199342,171.39361572265625,1458660
2010-04-30,170.35489236131346,174.1442479382017,170.35489236131346,172.76478576660156,1030260
2010-05-03,166.19986739218206,172.8146276936101,166.19986739218206,171.1609344482422,487015
2010-05-04,171.35208714230941,175.98906567848817,170.47122973824077,172.77310180664062,2577275
2010-05-05,166.19987586913194,174.260567312776,160.66541695947922,173.28829956054688,1037530
2010-05-06,190.2988730363207,190.2988730363207,170.48784929706045,173.49606323242188,3023450
2010-05-07,169.5238643822346,171.98362799366657,167.23031078187887,168.53497314453125,1106980
2010-05-10,182.30465547590381,182.30465547590381,167.7123077968745,168.87570190429688,3033940
2010-05-11,169.19149032922294,170.3548844682073,167.26356555028306,169.24134826660156,2033950
2010-05-12,169.35769432207175,170.2551752702177,168.05301906929012,169.5986785888672,1258285
2010-05-13,170.3548771334206,172.3908231290062,169.2745753765656,171.02798461914062,1862010
2010-05-14,170.85347559874538,171.0030493989721,165.96719524396607,167.87017822265625,1572435
2010-05-17,165.70127544546568,167.04750309717545,162.57672226331215,166.39100646972656,918390
2010-05-18,166.03370004765566,171.60139407484985,165.53509528341013,170.88673400878906,1139500
2010-05-19,169.52387048568588,172.0168685810636,166.20817845401763,167.42974853515625,1121275
2010-05-20,167.86189680656693,169.02529101934655,165.11959595639107,166.6237030029297,1322780
2010-05-21,164.37167422794147,165.67633661589772,163.1002462348189,164.57110595703125,995555
2010-05-24,165.86748427789928,168.1111801079018,162.87588138453293,163.32461547851562,708775
2010-05-25,162.87588612150836,163.87308288828413,155.10603648195928,156.1946563720703,1362895
2010-05-26,156.5603096125508,159.55191305433837,156.2445384070626,157.67385864257812,1168220
2010-05-27,149.57990917931963,166.14172303703,149.57990917931963,164.20550537109375,2222575
2010-05-28,166.19987314982157,166.19987314982157,163.2913753696997,164.15560913085938,1403455
2010-05-31,165.20267532790598,167.01424784654694,162.67643017231595,166.61537170410156,1126045
2010-06-01,165.36888863073662,166.6652457288839,163.91463961011456,165.69297790527344,1457290
2010-06-02,165.70130669204315,166.1999114985576,163.70691282607925,164.479736328125,1398135
2010-06-03,165.86750557600035,169.1915035820922,165.26918492050015,166.99766540527344,1458650
2010-06-04,167.19708233453764,169.32443884086265,166.53228025629983,168.8341522216797,1529735
2010-06-07,163.10025736963556,167.67075411394558,163.10025736963556,166.698486328125,888755
2010-06-08,167.67904484629662,168.67624151255197,166.19986704400844,166.8979034423828,1474260
2010-06-09,167.5294714093336,170.31331158022616,166.2497253295436,169.52386474609375,2241950
2010-06-10,168.7843133736052,171.14434897221662,167.86190339724027,169.37432861328125,1356975
2010-06-11,171.8507008331481,172.7647926841477,170.0557388522106,172.00027465820312,1763550
2010-06-14,172.34926329398866,175.50706341818852,171.35206659162137,174.45169067382812,1282115
2010-06-15,173.93649740312583,176.33808536928066,172.60690585635368,174.67608642578125,1214365
2010-06-16,174.9336618945778,175.6150874218646,171.56812480018888,173.1470184326172,817365
2010-06-17,171.68446101026302,172.78967892441884,170.3964095550662,171.8257293701172,1216940
2010-06-18,170.10557010867774,173.13040733682848,170.10557010867774,172.29940795898438,890135
2010-06-21,174.50991356307375,177.61785658849033,173.08059325662956,174.51821899414062,1073420
2010-06-22,174.3436755063646,174.47663845269852,173.10548184371336,173.8616943359375,761950
2010-06-23,174.16085139655297,175.307634597346,172.84787085594576,174.55142211914062,1303265
2010-06-24,175.17467857006372,177.65105326719143,174.50987650451376,176.7868194580078,2025870
2010-06-25,171.4102402848948,177.00286238640993,171.4102402848948,174.36029052734375,1221815
2010-06-28,173.67888079257955,176.91977349611685,173.66225725357435,174.5597381591797,1073325
2010-06-29,174.55973256388012,175.3408740315006,171.64292922419114,174.26889038085938,965000
2010-06-30,172.84788945534652,175.12483256394972,172.3492847022071,174.3353729248047,1249720
2010-07-01,173.67886729198264,174.1774719830203,167.08073030481032,169.58204650878906,2556910
2010-07-02,170.35486929575703,176.83666685862877,169.85626460628845,173.87831115722656,3599150
2010-07-05,171.51829312222804,182.48749675543192,170.3133463734424,178.6150360107422,2194990
2010-07-06,178.66486060448196,180.48475121339973,176.40454135359383,178.65655517578125,3186145
2010-07-07,177.833873447846,178.2327496135782,175.36580418979707,176.44610595703125,1188800
2010-07-08,178.1859406284412,180.35443144490148,177.17734352950822,177.86654663085938,2160555
2010-07-09,179.49712953936975,180.11069078289484,176.33685500866943,177.79931640625,993255
2010-07-12,178.18594334355282,179.02644307630544,176.87476581246005,177.4883270263672,1480575
2010-07-13,176.7066647037466,179.0264393002113,176.7066647037466,177.13531494140625,1864850
2010-07-14,179.5307582283581,180.27038931412432,175.6896680758207,176.9756317138672,3425220
2010-07-15,177.34545633188762,179.6484303818263,176.00906473895282,178.56417846679688,2070430
2010-07-16,178.18593208996376,180.28718128913786,177.7992965943125,179.6652069091797,1810930
2010-07-19,179.00963870596283,181.8841464009538,178.18595251646465,179.05166625976562,2094645
2010-07-20,179.86694618222896,181.54794567925913,177.51354432138504,178.36245727539062,843140
2010-07-21,179.78288857649386,179.86694368017947,177.69005243980916,178.4549102783203,1155200
2010-07-22,178.3540588803799,181.01004138424176,175.16015700580002,177.95062255859375,7464120
2010-07-23,178.18593430675222,179.48029818654325,176.00062998242112,176.6226043701172,4087670
2010-07-26,177.3454719909756,177.3454719909756,173.19340059473026,174.6306610107422,1040800
2010-07-27,175.832536559326,177.84974355594818,173.3614653628433,176.68984985351562,1312400
2010-07-28,177.51351838271262,179.36261499424998,176.00061649145238,178.89193725585938,1624235
2010-07-29,179.85855046012216,179.85855046012216,176.53016572679283,177.62281799316406,1001250
2010-07-30,176.5049553825274,181.1949457359785,175.91660809625412,179.94259643554688,2231805
2010-08-02,181.21174190657754,189.94453334677115,180.56455354137333,187.99456787109375,3174015
2010-08-03,189.7848436315561,197.92087494908736,186.75903944114717,188.0029754638672,2161300
2010-08-04,188.77624285415772,188.84347154596875,183.93495624325354,184.41404724121094,1004040
2010-08-05,184.5737303800172,187.38099616510772,182.38842613503243,185.84288024902344,1870650
2010-08-06,186.5909379888182,186.5909379888182,184.0862524122228,184.98558044433594,887790
2010-08-09,184.90994746909956,188.10384912674937,184.11147526093924,186.83468627929688,1338005
2010-08-10,187.9189392948961,187.9189392948961,181.60679066676647,185.45626831054688,929805
2010-08-11,185.4142425169928,186.4228396113946,183.74164346481268,185.23773193359375,555785
2010-08-12,184.23755069320706,191.96174578555036,183.4054641123185,190.56651306152344,2378985
2010-08-13,190.6253278549794,194.12180956263856,190.15465009144972,191.47422790527344,1327725
2010-08-16,191.97012220468073,198.35792491674846,190.45723303735548,196.81980895996094,1775580
2010-08-17,196.71057178694198,202.39235876535668,195.6095190772223,199.78680419921875,1748855
2010-08-18,197.9460907123942,201.21563421379392,196.9627075478353,198.92947387695312,882680
2010-08-19,199.5346215040014,201.5518284573109,198.28228517247516,200.48439025878906,717625
2010-08-20,193.70999231918134,204.69531817155396,193.70999231918134,200.9887237548828,822240
2010-08-23,199.53464908987917,203.4009533328208,198.5260518862885,201.8460235595703,845390
2010-08-24,202.560444058559,203.06474904928916,198.6941399963175,199.6775360107422,605200
2010-08-25,193.31495245230718,202.84621702999704,193.31495245230718,201.06436157226562,1095855
2010-08-26,201.71995594827868,206.00651014218334,201.55185854999033,204.7961883544922,1920480
2010-08-27,204.24144032742663,205.0819400818605,197.69395288339064,200.62728881835938,1370440
2010-08-30,201.7619716003905,202.5604438139083,198.86224996971595,199.9633026123047,1299360
2010-08-31,198.35795108305726,199.67754191363957,196.60130959426456,198.3999786376953,456675
2010-09-01,200.0389465937931,203.18242037155585,197.72757221088162,202.26626586914062,1378840
2010-09-02,203.40091716333762,205.4181112118142,201.71991784793812,203.8211669921875,1565620
2010-09-03,204.02292213351586,204.57764224380867,201.05595892274766,201.85443115234375,556290
2010-09-06,203.35050450369613,206.4939652515038,201.98889905999368,204.8045654296875,1012235
2010-09-07,204.29187849680903,205.92245015411243,202.50160982616015,204.8382110595703,564480
2010-09-08,203.40093263328941,208.57841399650232,202.05612794868597,206.62844848632812,1219380
2010-09-09,206.76296068696007,209.06593486608665,204.18262002156933,205.4853973388672,1466085
2010-09-13,206.74609757197024,212.61279428510974,206.01486699017767,209.44410705566406,1290480
2010-09-14,211.62102638579182,213.31883947465667,208.77173274148825,211.50335693359375,1674665
2010-09-15,210.96544508867115,216.8321427956613,210.6292503061828,214.03326416015625,1687950
2010-09-16,213.81474781882451,223.152701293681,212.05810628023997,216.57998657226562,2588630
2010-09-17,218.26095823833742,220.63117357330003,214.4955231336886,216.1513214111328,1343815
2010-09-20,216.84891624418412,219.03422053013617,215.84030637374025,216.9665985107422,1015955
2010-09-21,217.2523839799779,219.7906839835641,213.31883849245318,213.72227478027344,1554600
2010-09-22,216.59680348234258,218.0088369561929,212.6464442578614,213.5709991455078,1339375
2010-09-23,214.41989199578003,215.16793626118772,212.3438565847593,213.61300659179688,616430
2010-09-24,212.6716348239318,218.96696927298746,212.6716348239318,216.0672607421875,3034495
2010-09-27,218.49632321169946,220.37906022626902,216.3446457522073,218.76528930664062,992325
2010-09-28,218.5299287043904,219.71503639575073,217.04225342375474,218.7904815673828,922450
2010-09-29,219.4628942729403,221.02623726606862,217.0170623845294,218.08448791503906,696740
2010-09-30,217.78188160307207,218.88295989225674,213.36087028512344,217.38687133789062,1905275
2010-10-01,217.78189071965758,220.6143965897697,217.78189071965758,219.84112548828125,1087570
2010-10-04,221.0598336087141,222.21131409008473,217.78186426902676,220.14369201660156,1278115
2010-10-05,220.21094592233564,221.83310436797294,219.0258381353621,219.77389526367188,727595
2010-10-06,221.06824517425864,223.90913856386692,217.79030112856367,221.29519653320312,2397370
2010-10-07,220.71523463680344,222.14406879044017,218.21894940807928,221.00941467285156,1676010
2010-10-08,218.8661271733196,222.73243110745224,218.8661271733196,220.21934509277344,1364440
2010-10-11,220.54713739606402,223.36281679231118,220.471495493779,221.79949951171875,1039240
2010-10-12,221.90034813373808,223.4048242245194,219.2023254569399,219.7822723388672,1280325
2010-10-13,219.71503745779012,227.22069388933647,219.71503745779012,226.73321533203125,1962535
2010-10-14,227.78385103311643,228.6159375979859,222.2617613843962,223.16110229492188,1153520
2010-10-15,224.06883720725878,225.1446759185518,218.27780695936684,219.39566040039062,1250550
2010-10-18,220.0596339938456,220.41262949803644,215.36963138090613,218.60556030273438,2089320
2010-10-19,221.387630954728,222.59795265730648,217.68943715241244,218.54673767089844,1528680
2010-10-20,218.02562442081322,220.5134964349167,216.94978579444282,217.9331817626953,836595
2010-10-21,217.773514239459,222.53913398062213,217.19356729635157,221.69024658203125,1695965
2010-10-22,221.55574159748411,224.41343564801724,221.0514366120919,223.9679718017578,2465905
2010-10-25,224.58153463876855,227.75862254297644,224.41342443536496,227.07781982421875,1585280
2010-10-26,226.93491788132025,227.9435277763544,225.08580829042936,226.060791015625,790560
2010-10-27,226.09442465418923,227.8594791959909,222.97617787534963,225.0017852783203,1225425
2010-10-28,225.25393274651208,227.59052102288194,218.5383479595748,220.269775390625,5075835
2010-10-29,219.79907746916976,219.79907746916976,212.64641705125916,216.9833984375,2198455
2010-11-01,219.0342260865868,221.80786482564724,217.18511649386977,220.3369903564453,1116340
2010-11-02,220.8833070128677,222.39622183625244,218.53833135914581,221.14385986328125,1012745
2010-11-03,221.54732104508025,223.74103868128378,221.54732104508025,223.1694793701172,788110
2010-11-04,223.9091389486762,231.79303108367765,222.73244437256062,230.271728515625,2416075
2010-11-08,231.1374346820892,232.28050204705423,226.64075582281606,228.72520446777344,760570
2010-11-09,228.4478131486337,235.32312033757833,224.5311070338034,232.88565063476562,2458600
2010-11-10,231.39799476353153,231.96114090794052,228.2124933825113,229.80946350097656,669455
2010-11-11,229.59931183382582,231.29711197532504,225.6153258572157,226.8340606689453,1039145
2010-11-12,223.90910663442662,228.2797151721164,221.89191255934452,222.7239990234375,940555
2010-11-15,222.73243119441375,225.06901944660353,218.39544945617337,224.1528778076172,1997940
2010-11-16,225.06903187187206,225.06903187187206,218.6139996655802,221.86672973632812,1548500
2010-11-18,221.86672402560308,224.58154750095758,216.09249474320862,219.06787109375,1531035
2010-11-19,218.52992261626574,219.03422756769095,214.36945165453452,216.18492126464844,1033045
2010-11-22,217.68102295507745,221.6397952621495,213.18435696877245,219.7822723388672,1150800
2010-11-23,219.87473935343172,220.21093412285256,214.18455246467477,219.4292755126953,1093060
2010-11-24,218.86613982704384,222.71564322294054,210.1585615039244,212.7809295654297,1135980
2010-11-25,208.48598405862796,211.8059558008215,194.28994253402567,198.96311950683594,11155290
2010-11-26,198.1898472174185,205.1827985955222,189.32257212873995,193.55868530273438,7737660
2010-11-29,193.3149442531681,201.55184444287002,189.95294522267824,197.71075439453125,1648210
2010-11-30,199.1984142805035,205.9224113870184,193.81922172529428,204.84657287597656,1510695
2010-12-01,205.08195133368127,212.4783521435044,200.32471938457812,210.20059204101562,1552585
2010-12-02,212.81452956492427,215.60498200599648,211.805932451585,213.655029296875,1654355
2010-12-03,213.31883973519902,215.67224160704293,210.49476005398805,214.16773986816406,1184310
2010-12-06,216.68083007388088,216.68083007388088,202.49320270165163,206.27545166015625,1676885
2010-12-07,206.5948516225665,207.11595739006765,199.0303534878306,201.20724487304688,2459395
2010-12-08,199.1984371618692,199.87923989510466,196.69375154298805,198.41677856445312,1296220
2010-12-09,198.34956640797404,201.38377141296732,194.1722810813625,197.0383758544922,1333470
2010-12-10,199.61870603586488,204.24145501774805,195.08001216547422,201.5770721435547,1338950
2010-12-13,203.73713398039814,207.81356289210711,200.03894021565822,206.31747436523438,1352520
2010-12-14,207.5866473184153,210.07453249292772,206.1241858018188,207.72113037109375,919110
2010-12-15,206.01488609304397,208.2758323831845,200.39194093578183,201.8712158203125,1351710
2010-12-16,203.06475136344844,205.18280156863202,199.40017182073856,203.6614990234375,1559125
2010-12-20,200.45918664684734,205.0819351858732,200.3919451290969,202.63607788085938,787880
2010-12-21,202.56044019758804,207.9144195129158,202.56044019758804,204.3843231201172,1059150
2010-12-22,205.92244461682517,206.12416917957543,200.39195456525798,201.8040008544922,1229155
2010-12-23,202.56043632855193,203.23283868219607,200.10617863900782,202.20742797851562,602975
2010-12-24,201.71993653187286,205.08193547407075,200.37513182499043,204.31707763671875,640475
2010-12-27,204.74576846588843,206.4267681648694,201.75357822869393,203.0143280029297,725700
2010-12-28,202.05613667992498,205.56103195656226,201.71994190675045,204.5440216064453,621055
2010-12-29,204.9138473821562,206.59484692946674,203.90525021877164,205.73753356933594,966945
2010-12-30,205.92244081642897,208.44394009173217,203.40934192170704,204.40113830566406,1819455
2010-12-31,204.6701075251096,207.76315354643262,204.07335983207528,205.41815185546875,1244140
2011-01-03,207.6034418286986,207.93963660449063,205.08194253523266,205.54421997070312,1016990
2011-01-04,205.90562414053346,207.26724244977117,204.57763300313331,205.2080078125,1242250
2011-01-05,204.57762454913197,205.6870903237736,200.20702861646916,202.6444854736328,1367540
2011-01-06,202.57725553831867,203.400941711271,198.71095151628285,200.2322540283203,2199310
2011-01-07,200.3751389599251,200.3751389599251,195.34895395336974,196.4584197998047,2711630
2011-01-10,196.66011269003175,198.35792564460203,184.67459179986483,193.6175079345703,1598330
2011-01-11,195.3321435744483,200.03894746841456,192.49126304149112,197.38296508789062,959475
2011-01-12,199.6607210607686,201.21563792571783,193.81925027891455,200.35833740234375,1360925
2011-01-13,200.03894924933257,201.5182242570303,189.6167570234886,190.56651306152344,1170550
2011-01-14,191.12965012676204,193.28134039606405,186.25476152797765,188.1122589111328,1499500
2011-01-17,187.93573920187615,192.1214241425284,184.9099351333277,190.62533569335938,743635
2011-01-18,192.8106231689453,194.32352517134046,189.65034896117012,192.8106231689453,544765
2011-01-19,191.9869626718258,193.67636265189702,190.80185487647282,191.86929321289062,725560
2011-01-20,190.79345449548072,192.47445409455986,186.8851355576254,191.86929321289062,872460
2011-01-21,193.65114779089473,196.02136337067049,187.59955182711846,189.17129516601562,2988050
2011-01-24,189.11245917053404,194.054602207527,186.23795133014306,193.33177185058594,2185155
2011-01-25,194.15545096038642,194.97913716133706,190.12104941438957,191.26412963867188,1480735
2011-01-27,192.39880879506924,193.56710298281033,185.24614741921485,186.364013671875,1159615
2011-01-28,186.25473514896484,186.62454423700711,182.92635075652527,183.86770629882812,938505
2011-01-31,179.88377510028954,188.72582397429926,179.10210359854173,185.6580047607422,1298330
2011-02-01,186.75906366084598,191.46586793965616,183.39706426884152,185.07806396484375,924850
2011-02-02,186.91032811324266,187.76762857655444,180.7242497843056,181.53953552246094,1834585
2011-02-03,181.63200637298405,184.01902265421407,180.20314649653525,182.3800506591797,1522040
2011-02-04,185.70843136037388,185.70843136037388,176.68147156494683,178.0598907470703,1715030
2011-02-07,180.37127186711223,180.37127186711223,170.62146853510245,171.77294921875,1137115
2011-02-08,172.97485279775196,174.31124433525076,167.76375686205856,168.9152374267578,898180
2011-02-09,168.9152258913507,170.58782491290162,166.4189407540395,167.15858459472656,1725680
2011-02-10,167.93182859758653,169.44473049621476,164.43534705964726,165.40191650390625,1417860
2011-02-11,166.02389321720992,174.56337265582013,163.10735843419047,173.80691528320312,1213425
2011-02-14,175.68126189572126,179.02644732037663,172.48736027054383,178.25318908691406,1132850
2011-02-15,178.60621706276643,185.74206536383062,175.17697615616015,184.06106567382812,3199800
2011-02-16,183.73325809687506,187.0112021277626,181.85053396182155,185.38063049316406,1345260
2011-02-17,185.4142538134093,187.59954551358476,184.5737540460321,186.1538848876953,1742295
2011-02-18,186.08662885740546,189.44862766476604,182.76665760013842,184.0778350830078,1545070
2011-02-21,184.90995128563202,185.9185484549155,178.69025805420975,181.2873992919922,1584180
2011-02-22,180.77468549862937,182.2203460764738,178.19434514253214,179.75767517089844,686110
2011-02-23,179.02644433954777,181.2117487901277,177.00925009671107,177.9337921142578,436330
2011-02-24,178.85833414140922,182.22033285525146,170.1507569595575,174.4625244140625,1904720
2011-02-25,175.16014002396588,180.70744341700274,172.47054343113305,178.4549102783203,754985
2011-02-28,180.53936301482295,182.6742269041398,176.23599523653965,178.52215576171875,1472835
2011-03-01,179.02642727077622,185.9269351104604,177.34542795367972,183.87611389160156,1799525
2011-03-03,184.4056553676884,188.10386227048735,180.53936389091018,182.99362182617188,1585835
2011-03-04,185.7504547370328,186.41444393222906,180.70745596589165,181.78329467773438,1286800
2011-03-07,182.38844303418995,184.65778976039712,176.63942790779623,179.29541015625,1636215
2011-03-08,178.52214369997802,183.36343052032197,178.52214369997802,182.4893035888672,1184675
2011-03-09,183.56513949316098,184.69141890040103,179.8753461192763,180.9007568359375,884240
2011-03-10,180.70742993447118,181.21173486894236,177.64801163369717,180.203125,1360685
2011-03-11,179.02644980213628,181.346224534682,179.02644980213628,180.12750244140625,840070
2011-03-14,180.53935463672119,183.03564000002638,180.11910474828608,181.71604919433594,1088955
2011-03-15,179.86694228343916,182.3884414743285,174.47093555393695,181.245361328125,838355
2011-03-16,182.38843749030457,184.90993662611524,181.91775970362116,184.36361694335938,914895
2011-03-17,182.38844767174388,186.75904385279318,182.38844767174388,184.5485382080078,1211385
2011-03-18,184.9099254357242,185.90170887978516,181.8841215258641,183.06922912597656,831010
2011-03-21,184.8931146678085,186.15386417861956,181.3462050180595,182.54812622070312,387845
2011-03-22,183.22894252490053,184.57374723306822,182.3884427885478,183.6575927734375,459440
2011-03-23,182.80870531511835,187.41464059826222,182.3548410690641,186.64979553222656,1987715
2011-03-24,187.5995385573467,190.62534273771044,186.05302212072,188.8098602294922,1147485
2011-03-25,189.78484122456993,192.76861782518478,189.20489436001284,192.12142944335938,2059405
2011-03-28,192.97875601979598,194.9455224412804,192.44923705054674,193.609130859375,1880255
2011-03-29,193.39899372714643,198.13941170909564,193.39899372714643,196.878662109375,1380805
2011-03-30,197.14761951623575,206.76293871839326,197.14761951623575,204.6700897216797,1741975
2011-03-31,205.0819326030077,206.54440673939266,198.7361571234458,203.85479736328125,2811900
2011-04-01,204.24144890064917,204.60285765422213,197.8536453688146,198.27389526367188,1400540
2011-04-04,199.198419387235,201.68630402342887,197.1896257131657,200.76174926757812,1435040
2011-04-05,200.73654527833733,202.05612314088614,197.811609907681,201.3753204345703,1040230
2011-04-06,200.90463782098917,203.06472815821164,200.03892417513936,201.41734313964844,1570475
2011-04-07,201.38373265455218,203.38411321363228,200.19021179807447,201.62747192382812,635935
2011-04-08,203.05633572089238,203.0731493072422,199.1984448666666,199.82041931152344,1183005
2011-04-11,200.0389606722646,202.24106613532592,198.46723008527132,199.8540496826172,944730
2011-04-13,199.1984373587872,202.39233891941498,198.69413238736928,201.2240447998047,1824125
2011-04-15,200.90463944231462,204.1489687517325,198.19822942033872,200.30789184570312,2099285
2011-04-18,198.97149991918653,203.40093714132428,198.02174393370578,199.8456268310547,1134730
2011-04-19,198.95470942779173,200.3835564949734,197.85364393821936,199.0471649169922,435495
2011-04-20,201.55180924568657,203.69508581834316,198.8790138141955,202.7621307373047,770050
2011-04-21,203.40094356159764,205.40133711054503,201.08956920294312,201.93006896972656,1210910
2011-04-25,202.22424554371625,206.426744305431,202.22424554371625,204.24143981933594,1301215
2011-04-26,203.5690460762997,207.60344762345778,200.37514431709087,205.39292907714844,958645
2011-04-27,205.5862622107712,207.4185456722485,202.61088564991908,205.2752685546875,703165
2011-04-28,205.75434216397085,205.9224395496219,200.92146858270422,201.98890686035156,1178165
2011-04-29,201.6695134855672,201.6695134855672,197.18124786699826,199.2152557373047,1891320
2011-05-02,199.1984368299036,199.1984368299036,191.8104498157981,193.6931610107422,1160830
2011-05-03,192.9787278638298,195.33211666155373,182.05223223865664,183.4810791015625,3973690
2011-05-04,184.57375118791055,189.85208861930357,179.0264476791176,187.75083923339844,5241185
2011-05-05,188.26352900606267,188.26352900606267,176.8747557125833,179.27017211914062,2244595
2011-05-06,179.8669574793906,185.41426129801098,179.8669574793906,184.8931427001953,1038820
2011-05-09,186.13710391247486,187.73404851024108,180.3460604126664,181.30422973632812,1133125
2011-05-10,181.80009539731313,183.22894238300466,180.53934579376036,182.8170928955078,563905
2011-05-11,183.5651300602931,183.73324026094969,180.03503387163508,181.53953552246094,592870
2011-05-12,181.5227341167832,182.38844784321807,179.5307537904245,180.37965393066406,822170
2011-05-13,181.53954953347318,185.22934300252433,179.06847816319583,182.0774688720703,745870
2011-05-16,182.8927290450522,182.8927290450522,177.68162095290833,178.27838134765625,773900
2011-05-17,179.85854608829015,179.85854608829015,177.1773498342541,177.98422241210938,896115
2011-05-18,178.18593859047834,178.5221333446082,175.5131556676249,177.38746643066406,1481245
2011-05-19,178.1859287733669,178.52212350897418,173.47912552482228,174.14312744140625,1065565
2011-05-20,174.8239546519227,176.303229651205,172.6554636754122,173.73971557617188,1124565
2011-05-23,173.81534905933074,173.89939133845263,169.27664276147578,173.19337463378906,1430750
2011-05-24,170.9996688878951,177.83293585211916,170.9996688878951,176.3956756591797,946705
2011-05-25,177.12692212679187,177.87496639211417,175.66444794318056,176.71507263183594,774585
2011-05-26,176.84113607876702,187.43143768800266,175.61401366873343,181.89254760742188,3439070
2011-05-27,179.53076288656058,181.5983852180439,177.26140316052934,180.95960998535156,1275265
2011-05-30,180.87555171271202,182.89275889780342,178.54736371023523,179.94259643554688,1029135
2011-05-31,180.70745497175855,185.41425892893355,180.56457154636337,184.84271240234375,908795
2011-06-01,185.00240343653556,186.2967674291787,183.842509659031,185.27976989746094,547630
2011-06-02,183.9013515862577,183.9013515862577,180.72426349296978,182.3632354736328,914215
2011-06-03,183.22895309453253,184.2375502713355,180.72426732671985,181.58998107910156,721040
2011-06-06,181.5479523927482,183.20373798455313,179.11050816192318,181.98501586914062,338565
2011-06-07,180.7410638889237,184.18711805669176,180.53935215325518,183.7752685546875,196120
2011-06-08,184.05263661774578,185.50671045838797,182.3968510396799,183.79208374023438,844715
2011-06-09,183.5651504308004,184.72504425400618,182.59018041383968,183.3214111328125,430945
2011-06-10,183.56514397475107,183.81729646984175,181.27058320194405,183.34661865234375,1145480
2011-06-13,183.228935374153,183.228935374153,181.22014159566604,182.52291870117188,297495
2011-06-14,182.55652058818657,184.38040328142526,182.42203756679402,183.12806701660156,462670
2011-06-15,183.7164384692008,183.7416524359163,181.58997510946898,182.02703857421875,581580
2011-06-16,181.88119264744552,182.8334956420216,178.62964312382454,179.6248321533203,1989220
2011-06-17,179.65056010405246,181.36642032697932,178.4494631843935,180.13101196289062,705575
2011-06-20,180.16532618084733,182.2243532436671,178.44946593150593,180.2253875732422,968890
2011-06-21,181.02327068095428,182.1385825497904,177.41996648938638,178.38084411621094,603905
2011-06-22,179.65055758341336,179.65055758341336,177.8145876942807,178.75831604003906,346140
2011-06-23,178.44945707576298,179.49613282319683,177.46284271774337,178.5009307861328,1243480
2011-06-24,180.1567626062236,184.2834046636157,179.82217036078575,182.21578979492188,1899355
2011-06-27,181.5208640021689,183.94022023511192,180.8516795276756,182.83349609375,1209435
2011-06-28,184.4549907302539,185.73331142527533,183.02224888480112,184.23193359375,1132085
2011-06-29,185.7761771314418,186.60837037140809,183.3053473581061,186.21372985839844,658340
2011-06-30,186.5139911877937,188.57303120161464,185.01261357168366,186.9000701904297,1435360
2011-07-01,187.71509783813974,189.05346662357988,185.65605786048482,187.2861328125,749245
2011-07-04,188.74463731816073,194.20964830957894,187.71512373280223,193.20587158203125,566345
2011-07-05,193.54905365685335,196.4145373134427,190.4604997754557,194.6643524169922,682625
2011-07-06,194.6643454664351,194.6643454664351,191.8674978949587,193.33456420898438,602770
2011-07-07,192.4594965309282,196.98079266035774,192.00479454103427,196.28585815429688,844995
2011-07-08,196.3888151111874,200.70420318717103,195.53088486799422,197.8644561767578,753485
2011-07-11,196.98075522124924,197.23812377719563,193.06858298819768,193.67771911621094,554080
2011-07-12,192.81979732136807,193.8750477190999,189.66262071674845,192.03907775878906,1180785
2011-07-13,193.72062350988216,196.20861561886824,192.6053117368635,195.14479064941406,745825
2011-07-14,194.75013131610876,199.03978178562656,192.87984999506668,196.96359252929688,1353830
2011-07-15,197.04938292646398,197.9330629903907,194.9731936148987,195.62522888183594,569730
2011-07-18,194.2353882434618,198.7995831018334,194.2353882434618,197.392578125,341170
2011-07-19,195.9598233379682,200.72991274680746,195.9598233379682,199.00547790527344,759650
2011-07-20,199.49448629278686,200.72133315039375,196.17430097514236,199.06552124023438,1085625
2011-07-21,198.69663155206635,198.69663155206635,194.92173096954943,195.84829711914062,419525
2011-07-22,195.7796392848894,201.60499178902475,195.7796392848894,200.70416259765625,813205
2011-07-25,200.9100770622109,205.90323683923035,199.7261423522485,205.3884735107422,1012790
2011-07-26,204.4018447144493,206.24638917852576,197.70141278080018,200.00924682617188,2975375
2011-07-27,198.38776456932462,199.72613345460027,191.6615825164149,193.21444702148438,1167275
2011-07-28,189.63686767141593,196.12283036500136,185.7418706926701,188.8046875,5336155
2011-07-29,188.91621367727944,194.38981214416225,187.8867001303765,192.8455352783203,1688725
2011-08-01,194.92172210316784,196.44026209239436,189.45671138701974,191.6272735595703,1337490
2011-08-02,190.63205992541543,190.90660383290813,187.02875623090472,187.80088806152344,802795
2011-08-03,185.0555100229135,188.91619526577387,183.27101393974115,187.68936157226562,1281040
2011-08-04,187.20037735030277,189.35379064933872,184.11183631448276,184.86680603027344,818945
2011-08-05,180.33690693189462,186.97729071180862,178.69825727607082,184.54934692382812,1988085
2011-08-08,178.49237796043587,192.14205037261397,178.49237796043587,189.044921875,1603580
2011-08-09,182.05275700310838,192.86268104830293,182.05275700310838,191.1553955078125,2446930
2011-08-10,193.37744386909802,194.20106254457176,190.949513148834,192.98280334472656,1103365
2011-08-11,192.69113291696743,194.66436195293676,189.17361377367413,190.69215393066406,548360
2011-08-12,191.62726754274954,192.6911055788514,185.6560682903631,186.22230529785156,1695555
2011-08-16,187.02878508325307,187.44917559733838,182.09568639413058,183.29678344726562,1144465
2011-08-17,184.28339256292563,185.16705954005673,176.56202147585591,179.02427673339844,2396040
2011-08-18,179.79643743531142,179.79643743531142,170.11897278202954,173.56785583496094,2980365
2011-08-19,169.8701551884651,175.7126569163004,168.1628696230627,170.1446990966797,1893810
2011-08-22,171.53456302061406,171.53456302061406,163.52149824682664,168.17147827148438,1858130
2011-08-23,170.38491603027492,171.75759627876317,166.67007728041787,170.53933715820312,1112355
2011-08-24,171.0541123925842,172.4439550050051,166.6958257896999,167.23631286621094,1073970
2011-08-25,167.87119344094552,173.30189294422362,160.94770383211468,164.85986328125,2808415
2011-08-26,166.39554637851276,166.43844550328078,154.53037108950107,156.00601196289062,2282905
2011-08-29,157.41301493481086,162.14879286817984,157.387278078459,158.72564697265625,2451285
2011-08-30,161.016314321779,161.25654679263613,156.16043992188483,159.49778747558594,2380030
2011-09-02,159.74660035407047,161.06782019080265,155.30252820918716,156.15187072753906,1698595
2011-09-05,155.62852274099583,160.08976995844188,153.5694956336939,159.5406951904297,2229580
2011-09-06,158.03073523885834,161.03349084417695,155.88590980648792,160.45867919921875,1927470
2011-09-07,160.4329334598885,165.92368102640384,160.32998603394597,163.61585998535156,2102980
2011-09-08,163.86466171434577,165.9236888764605,163.13541583681848,165.10865783691406,1956315
2011-09-09,165.35747093614592,167.46797189050372,162.38045210431258,165.85507202148438,3490100
2011-09-12,162.6635620566926,163.34989570551707,159.59217054159475,161.4796142578125,1888555
2011-09-13,162.14881275284367,165.151568544563,159.58359666373767,163.3241729736328,1754190
2011-09-14,164.0362105781748,165.92365392772092,161.58253029647307,164.44801330566406,1836755
2011-09-15,165.5805024101737,167.27920027201782,163.00671221726944,166.61001586914062,1311360
2011-09-16,167.34784410848587,169.5098316375477,165.1515451352689,168.2572479248047,1806315
2011-09-19,167.2963642964779,168.06849612607203,165.96657006464443,167.66526794433594,619275
2011-09-20,167.81113543641064,173.11313725415454,166.95320532291362,172.11793518066406,803810
2011-09-21,173.3533389575857,173.81662850256694,170.38490839859503,171.54310607910156,1142470
2011-09-22,169.8701723254457,170.35061112231514,163.3927969746389,164.70542907714844,1118060
2011-09-23,163.0067151884051,167.78539201733278,161.6855086253277,166.46417236328125,1825870
2011-09-26,166.43846067234105,169.01225130129478,160.47584833346014,167.07333374023438,1760525
2011-09-27,169.87016077396203,172.0492974804275,169.01223066904302,170.0245819091797,1094290
2011-09-28,170.72810501771173,170.89968843471027,164.37942695193578,165.92369079589844,1749115
2011-09-29,165.64916898191817,167.2963934387052,162.32898320893935,166.52426147460938,1838760
2011-09-30,164.72258129387802,164.72258129387802,161.46244425424177,163.521484375,2530665
2011-10-03,160.4329348499754,162.14879511575052,158.82002201103478,160.33856201171875,1217320
2011-10-04,158.88866854854814,163.48717488997198,149.4514364598107,158.54550170898438,3583940
2011-10-05,157.859150938463,159.57501127475064,154.65907507675968,155.96311950683594,1651910
2011-10-07,158.79428210184483,162.0029454499156,156.73525505888503,158.71707153320312,1641495
2011-10-10,158.54548319715073,160.88762867659432,156.14327632775957,159.81521606445312,954830
2011-10-11,161.97720729252595,164.55099762103754,161.13643945068503,163.76170349121094,1785395
2011-10-12,164.0362371648125,171.00263867670682,163.06678502611678,169.1580810546875,1765645
2011-10-13,171.67180841690777,171.86912866313688,167.12477652906412,168.28297424316406,1421835
2011-10-14,168.15431162385522,168.8149215135649,166.14675818813922,166.86741638183594,637255
2011-10-17,168.15433152211924,168.83209066975508,165.64060213558503,166.40415954589844,708040
2011-10-18,164.72260370511657,166.43846416037817,164.13062975349507,165.649169921875,605205
2011-10-19,166.65292498927664,169.00365821925078,166.42986787192606,168.1028289794922,654925
2011-10-20,166.48993235160603,170.84821933418195,164.58532626222512,168.75486755371094,1893720
2011-10-21,170.0417371183567,171.2428470699702,167.46794691043718,168.5403594970703,1286095
2011-10-24,169.50984316936254,172.94156382121892,165.15155637058788,166.47276306152344,1695535
2011-10-25,165.58051652812503,167.78540326504321,158.0307287003575,159.46347045898438,4064990
2011-10-28,164.722581367328,171.75760566169603,163.86465125603982,165.13438415527344,879630
2011-10-31,165.76925197476223,167.9827131636944,162.80080812235653,167.51084899902344,1839275
2011-11-01,167.51086136780168,176.90519386856914,166.27543986034098,173.756591796875,12070160
2011-11-02,169.52700702910093,169.8358624143056,165.9236898380544,167.83688354492188,5570340
2011-11-03,167.81112493616922,170.84819158788522,167.2963616638908,169.49266052246094,2637490
2011-11-04,171.53457099945155,172.0836458189111,167.29639360035304,167.89694213867188,1564230
2011-11-08,169.42403282210276,169.42403282210276,165.68345705496657,167.85401916503906,1227680
2011-11-09,168.41168487480823,169.01223333954567,164.48236336127644,165.70062255859375,4325795
2011-11-11,164.97996939476687,165.529044163572,162.68929748001852,163.71881103515625,1056095
2011-11-14,164.3794278326052,165.07434918430658,157.91921462023032,159.98681640625,825765
2011-11-15,160.08976805287566,160.77610168649008,156.75242035917205,157.5331268310547,1407250
2011-11-16,156.82965443710648,156.9154396086795,152.8831699973952,153.72393798828125,1720350
2011-11-17,152.71154584919495,153.475103054802,146.2255968953242,149.73452758789062,1796930
2011-11-18,147.73556793439414,152.19680205762458,144.99019409632734,150.48094177246094,2254930
2011-11-21,150.30938135259933,150.30938135259933,147.57258168460214,148.833740234375,825495
2011-11-22,149.10824062112854,152.71154409966763,148.8336967300912,151.7249298095703,1518825
2011-11-23,150.63535586882077,153.53516355221925,146.86904356999813,151.57907104492188,2905465
2011-11-24,151.3045477151942,153.17482898469967,147.92430114380272,151.85362243652344,4225710
2011-11-25,150.82411167797943,153.22631853603434,148.97097955111073,151.0643310546875,2158920
2011-11-28,154.0842500869935,160.52730037885317,151.0557579030764,158.05645751953125,2798075
2011-11-29,158.54548253584258,158.83717562329448,151.21875226930874,152.98609924316406,2462370
2011-11-30,149.82893299073655,152.66010533292078,149.82893299073655,151.34747314453125,1638720
2011-12-01,155.28537551067276,156.48647262629834,152.720159346115,154.5904541015625,1953075
2011-12-02,155.26819697889786,158.03073314649237,152.74588020927027,157.2328643798828,1841650
2011-12-05,158.20229830608434,160.1240663590472,155.28534132965171,159.14602661132812,1354405
2011-12-07,159.91817491523855,161.94289059530377,156.50361657961997,158.03073120117188,1123235
2011-12-08,156.8296263142746,161.97720696075424,156.58081925208234,160.15838623046875,3710740
2011-12-09,157.02692134210707,161.95144408203888,154.81346044886828,159.06021118164062,2003400
2011-12-12,160.59594658223097,160.81900370807594,151.50188177230942,153.20916748046875,1156185
2011-12-13,152.5399866155567,153.5695001998185,148.62782714077662,152.5828857421875,2095665
2011-12-14,152.19680644362225,155.28536028231258,150.30936269374504,151.93943786621094,1177450
2011-12-15,151.6820526488558,151.91369745408153,148.50771372229153,149.0310516357422,1232665
2011-12-16,150.48093600801772,152.19679622745224,140.52895458988223,142.18475341796875,2091665
2011-12-19,141.5584794221654,141.5584794221654,134.24033604840665,137.10581970214844,1667895
2011-12-20,137.268815905381,138.8130927025114,132.29281871061605,133.51107788085938,2442655
2011-12-21,137.2688137430292,137.2688137430292,133.52823804489267,135.58726501464844,2123315
2011-12-22,134.71219792515512,141.67858666298616,134.71219792515512,141.10377502441406,2331230
2011-12-23,141.60136267358826,144.3724731733922,138.47849769827764,140.15145874023438,1655095
2011-12-26,140.15144504175015,141.5241382753784,138.7015412501107,139.43936157226562,970890
2011-12-27,138.9846718397615,139.84260191284642,137.79214956181235,138.70155334472656,1218825
2011-12-28,138.9675135214791,138.9675135214791,132.29281841049996,132.8676300048828,2064570
2011-12-29,131.26330469159424,135.20978836969206,129.16995316274102,133.99151611328125,2898255
2011-12-30,134.35187186816705,135.52723202953717,133.06497659391633,133.97438049316406,1092000
2012-01-02,134.67787432833612,134.67787432833612,129.81341183870472,131.47779846191406,1423160
2012-01-03,132.97915589656324,138.29831951423108,132.44724346208852,137.62913513183594,1187425
2012-01-04,137.95516103847265,138.54713489490658,135.60442788000324,137.02859497070312,1419345
2012-01-05,137.95518042378094,143.36014336644874,137.27740822674966,141.86734008789062,2077365
2012-01-06,141.52415880287796,141.52415880287796,137.7835829442073,139.37933349609375,1883455
2012-01-09,140.09998372741828,143.2228486736971,137.52619350495857,141.50698852539062,1102715
2012-01-10,142.75957558527548,148.95383248310898,142.20192620908108,147.52967834472656,2177180
2012-01-11,148.64496276711145,152.3683893090177,147.64977381127304,151.07290649414062,1625570
2012-01-12,150.97851893193385,155.97167785520145,150.11201433781187,154.9164276123047,2505625
2012-01-13,156.48642527784668,157.00976309651674,152.71153855007657,153.54373168945312,2292215
2012-01-16,153.36359088447816,153.36359088447816,148.42191786932574,152.0166473388672,2074365
2012-01-17,153.91266086361512,158.12510096504232,152.77162530500524,157.4473419189453,1506695
2012-01-18,157.34437352940526,157.84197455334376,153.57806095172558,154.7620086669922,825110
2012-01-19,155.97170878254488,157.3100777639865,155.43120858197204,156.44357299804688,1071670
2012-01-20,157.0012027827925,163.8646433416031,157.0012027827925,162.75791931152344,1662445
2012-01-23,162.66357346870635,166.78162801446507,161.56542384437387,164.91134643554688,1569675
2012-01-24,166.232534314843,174.06544045132242,163.34988860575442,172.0321502685547,3961170
2012-01-25,172.44397534324844,174.5030026482698,169.35542129474,171.74905395507812,2210870
2012-01-27,171.33720806810172,171.91201960392175,165.42607082246204,166.6357421875,1419770
2012-01-30,165.5805080613607,167.72533329531615,163.39278370453127,163.9075469970703,1510025
2012-01-31,166.4384503658891,168.5403766311808,157.85914880063712,161.48818969726562,10491405
2012-02-01,161.29087533052328,165.52905255344527,160.19272573725308,164.00193786621094,3862510
2012-02-02,166.42128690171893,167.07332219421806,157.85914766658072,163.48716735839844,4045305
2012-02-03,162.4490698946376,165.81215432034244,161.29085902165613,165.20301818847656,2196335
2012-02-06,165.5805123245388,168.41168432444866,165.46897722038966,167.2191619873047,2151240
2012-02-07,168.1543267858823,170.55653407244733,167.3135588174263,168.634765625,1823010
2012-02-08,169.02939676102258,171.0884238230253,167.30494883289487,168.2744140625,2082205
2012-02-09,168.15431118550595,172.2723785674277,167.83688121574747,171.68040466308594,1398515
2012-02-10,171.24286743482793,175.70410170757407,170.92542436957066,172.89866638183594,3017920
2012-02-13,173.3018854249379,173.3018854249379,168.36878720120825,170.68519592285156,2343565
2012-02-14,170.21331496955278,175.26652238952775,169.88731045569776,174.28848266601562,2831565
2012-02-15,175.7040892075744,181.50369204044955,175.01774250113974,180.216796875,3401820
2012-02-16,179.34171383970582,182.53321506355778,177.93470890915634,181.30638122558594,1998070
2012-02-17,181.88119959169097,186.9086710097041,181.88119959169097,184.71237182617188,2697195
2012-02-21,184.91823409545773,187.20891881034663,182.91068095417995,183.89730834960938,1294670
2012-02-22,185.99926300977145,187.0373511819332,174.72606112775867,176.18453979492188,2349735
2012-02-23,174.15981806623859,177.84892027894014,170.05891305264655,172.05789184570312,5007370
2012-02-24,172.95871511300183,175.01774213704786,164.89416423837667,165.6148223876953,3546480
2012-02-27,165.06575821426858,166.1553331873422,152.4027137142769,155.9545440673828,2833265
2012-02-28,158.54547609660446,166.42126768378017,156.52933523968326,163.22976684570312,3359015
2012-02-29,164.37942397465653,168.47174141440235,162.31180914618767,163.57296752929688,2111590
2012-03-01,164.01906618653445,164.6796760127042,159.78947718158344,162.7750701904297,1544975
2012-03-02,164.722573479419,167.12478029418867,160.69887935560027,163.64158630371094,1968305
2012-03-05,165.15155339104504,165.15155339104504,158.7513887307708,161.47103881835938,2524965
2012-03-06,161.46245732809746,166.06096361853844,157.9621006212565,160.14125061035156,2156385
2012-03-07,160.13264598916206,161.29085684652415,157.5159696886335,159.9696502685547,1138560
2012-03-09,161.97720652506322,164.72258024427288,161.64261430758103,164.3279266357422,1121265
2012-03-12,168.6519121125078,169.51841685975774,164.645379843618,166.61862182617188,1752390
2012-03-13,168.4631374278645,169.29533058553702,166.79875111251945,167.5194091796875,1597035
2012-03-14,169.3639893208536,177.54006237461434,168.36878723282814,176.14163208007812,3922720
2012-03-15,176.3904416941035,177.59153865149167,169.87016740577465,171.01979064941406,2585460
2012-03-16,172.56406696472746,175.01774767637843,163.95902875125017,165.31455993652344,2724385
2012-03-19,165.75210048116776,166.43844721157546,158.8028741995994,159.13746643066406,2227910
2012-03-20,160.3814541066903,165.40892498868547,158.442523713128,164.3965606689453,2396555
2012-03-21,163.54722106814958,167.69102507061325,162.68070327877427,167.29637145996094,1526215
2012-03-22,168.41168970430388,169.48410238315074,160.62168243424338,162.1916961669922,2118010
2012-03-23,162.66356287021523,164.81696284976846,159.92676357707322,163.25552368164062,1387375
2012-03-26,163.34988654902077,163.3927856724114,155.4569322111979,156.3749237060547,1710665
2012-03-27,159.04309862474142,161.11928805897176,154.80492150314893,158.7685546875,2742515
2012-03-28,159.23183336653426,159.23183336653426,155.4655207140346,156.53793334960938,1558880
2012-03-29,155.28535100918043,157.5760228481779,154.161464651681,156.06607055664062,2087625
2012-03-30,158.20230822697584,160.5358791908501,156.87252701934227,158.71707153320312,2163920
2012-04-02,159.883850616633,161.61687304787014,158.2023018957637,159.40341186523438,1457605
2012-04-03,159.40343817246725,161.29088204630318,158.8200388130772,159.7809295654297,1836725
2012-04-04,158.20231126550678,160.244189170858,158.20231126550678,159.45489501953125,1056960
2012-04-09,158.37391395458826,158.88866419984546,155.31967156577028,156.35777282714844,1624210
2012-04-10,156.7009357601002,157.43875620849684,154.42742611206268,155.6113739013672,1526605
2012-04-11,155.2853585060816,156.4864554901805,152.66866890753545,154.41885375976562,2697970
2012-04-12,155.5770491085051,158.4596949148238,154.444588126188,156.58082580566406,2609455
2012-04-13,157.85913965114267,159.7294210002982,153.74107252030925,154.85638427734375,1709610
2012-04-16,153.56949566955979,159.03450649393992,153.38074999073262,158.50259399414062,1592795
2012-04-17,159.57499138828697,161.4624349047924,155.5512973065749,159.38624572753906,3152015
2012-04-18,160.77610252414573,160.8876376311279,157.54171533141283,158.57980346679688,955390
2012-04-19,158.9315680049162,159.57501564866078,157.1728084938191,158.15084838867188,840535
2012-04-20,157.79051859263248,158.69992249727906,153.5695036389483,155.49127197265625,1102610
2012-04-23,155.45694311957328,156.8296366185486,151.85363904848234,152.4198760986328,1643935
2012-04-24,152.72872761133488,153.91266230595136,149.7860204156765,151.51904296875,1160270
2012-04-25,151.18446276951582,153.30355143712035,148.4219264439174,150.13778686523438,1085515
2012-04-26,150.99569331367903,151.424658351502,144.14941497549745,145.04165649414062,3892375
2012-04-27,145.84811101592157,147.54680887875196,141.91878974822282,143.1027374267578,1562285
2012-04-30,143.29149067185512,147.9071457628935,143.29149067185512,145.8738555908203,1465495
2012-05-02,146.01970111717674,149.96618483290092,146.01970111717674,148.75650024414062,1536000
2012-05-03,147.22083357455597,148.13023752917488,144.13227949191017,144.7843017578125,1187570
2012-05-04,144.13226991094612,144.54407273093278,136.44520975566638,137.98948669433594,2903230
2012-05-07,136.9256653339189,137.94659127682274,131.40916733345907,136.4795379638672,4006200
2012-05-08,137.6120060266379,140.78635840511254,133.15077137196698,134.51487731933594,3745175
2012-05-09,134.50628493337578,136.7540576881936,130.04505086896202,131.68370056152344,8417075
2012-05-10,131.2633019334924,132.9276883793618,128.17474841631469,129.23858642578125,4322965
2012-05-11,128.63802504839578,130.40535873671936,126.11570877827464,127.80583190917969,3243115
2012-05-14,128.74100548508923,129.71904540287892,123.74785845983959,124.20256042480469,2526385
2012-05-15,123.11297370039708,126.4417467951365,123.01860086242327,125.46370697021484,2251215
2012-05-16,124.07383856178569,124.42559302105722,121.31130277755656,121.71453094482422,2463740
2012-05-17,122.85558255480002,124.19395136017349,122.03197702425047,123.45613098144531,1922855
2012-05-18,121.82609420993822,125.9441619845258,121.21695797885883,123.8250732421875,4469525
2012-05-21,125.24064083911472,126.04709728244671,122.65827577546627,123.43899536132812,2233990
2012-05-22,124.72589339477246,125.58382357227734,123.1987787260918,123.53337097167969,3398625
2012-05-23,123.19877212104551,123.53336434869492,120.7107668850852,121.50006103515625,2139600
2012-05-24,122.4952518931268,125.12051576017375,121.42283932711261,124.32264709472656,1921675
2012-05-25,123.86795628973651,125.772562224557,123.82505716506536,124.54571533203125,3151355
2012-05-28,125.15486876863292,129.3758840179189,124.9146493464686,128.56942749023438,3808000
2012-05-29,129.54746744932532,130.06223083452124,127.98602811428053,128.56942749023438,2426280
2012-05-30,127.83157091038751,128.5179175334701,124.91461412600276,125.48942565917969,2915380
2012-05-31,124.22827764801055,131.05739372340025,123.61056694588824,129.63323974609375,5338965
2012-06-01,130.353893793762,130.353893793762,124.39985715667305,124.80308532714844,3489395
2012-06-04,123.54194919148013,127.64285451319701,122.36658900286794,126.93077087402344,2812350
2012-06-05,127.84874715770457,129.71902849189394,126.07282556717253,128.85252380371094,2322825
2012-06-06,129.0326713150986,132.4472422610444,129.0326713150986,131.9239044189453,2521200
2012-06-07,133.83708695438725,133.83708695438725,129.72760780088026,131.4606170654297,3086130
2012-06-08,131.93250958167866,135.14117335121452,129.35871889441847,134.18028259277344,3887075
2012-06-11,135.53579168074972,137.26023953641283,131.374838607184,132.45582580566406,2627685
2012-06-12,131.8810258783275,138.10959415720671,131.47779765390536,137.56910705566406,4235495
2012-06-13,138.46993033896564,140.35738726940315,138.12676349214576,139.69677734375,4065005
2012-06-14,140.3404357719855,141.06346945597738,135.26150726005343,135.69357299804688,4177130
2012-06-15,137.0250393168145,140.19937005844628,136.24027608548676,139.69676208496094,3236475
2012-06-18,142.13923890965708,143.1797192626501,133.1453193652946,134.0711669921875,4342490
2012-06-19,134.20340609957498,134.74127838126654,130.90564369289794,132.1665496826172,4389360
2012-06-20,133.26874986971393,134.46793990475118,132.45753505991578,133.01304626464844,2808080
2012-06-21,132.5016222190224,137.9067832376924,131.67276852344162,137.439453125,3286015
2012-06-22,134.4150396306605,138.2506745192894,134.06232875688985,137.55409240722656,2519095
2012-06-25,138.4358638116582,140.3933656374606,135.43789507271438,136.53126525878906,3288235
2012-06-26,136.4959989584646,138.2595131221281,135.61424187663286,137.73045349121094,1666125
2012-06-27,138.43587989405614,139.1412883423875,137.3601350376239,138.62986755371094,1633280
2012-06-28,139.14125323570985,139.53804118323686,137.95087593858514,138.947265625,1894930
2012-06-29,140.19935362993238,142.84462445313864,140.19935362993238,142.54483032226562,2577685
2012-07-02,144.4141823108456,144.50236340605227,142.58895204007365,143.55006408691406,2309380
2012-07-03,144.60815321005316,147.16524322036435,143.93802270954507,146.27467346191406,3350780
2012-07-04,147.2534208528783,149.71351699383408,146.3716638417832,149.2285614013672,2933230
2012-07-05,149.19329253620182,149.88988815129917,147.2534296863328,149.13157653808594,1842425
2012-07-06,149.36961351317007,149.36961351317007,146.4069097902944,148.2938690185547,1912970
2012-07-09,146.72436703577912,148.0999193290117,146.05423652462332,147.67666625976562,1200710
2012-07-10,147.9059164700567,153.20527092578195,147.01533333463072,152.49986267089844,3575575
2012-07-11,150.95680100486513,154.13113169804268,150.95680100486513,152.19126892089844,2238990
2012-07-12,150.78043666405577,152.1824269688593,148.15280475145133,148.94638061523438,1486190
2012-07-13,149.54599395569153,151.66220539331545,146.37166334471144,148.65541076660156,1630205
2012-07-16,149.19328934744445,151.65339903794109,147.3768719871751,150.36602783203125,1871405
2012-07-17,151.66221647593107,152.54397354846554,150.42776195620087,151.14198303222656,2026195
2012-07-18,151.22132469136278,151.3447701325209,146.40692557710778,146.73318481445312,3420305
2012-07-19,148.13515800311603,148.64657861552902,144.07025818877742,145.26063537597656,3352765
2012-07-20,145.31354938161002,146.03658309086865,143.55003546546072,144.50233459472656,1750830
2012-07-23,143.20614824167293,143.90273030615728,140.904762083869,142.02459716796875,1351690
2012-07-24,141.96287929697792,143.5147667984518,141.6718978677245,142.27149963378906,1384105
2012-07-25,142.66828573238877,142.67709845878016,138.61219813801978,139.70558166503906,1650955
2012-07-26,139.84667394182995,140.1993713810965,132.03430591662604,133.31285095214844,4083940
2012-07-27,135.77296060014103,137.20141631550865,124.85681636003524,126.0648193359375,16913790
2012-07-30,126.97301036327866,129.0892218208489,125.27122577978544,128.8423309326172,4658415
2012-07-31,129.24793897607162,129.61827529092903,126.09124739185614,128.22509765625,3996700
2012-08-01,128.42791034558738,130.05916628762301,127.8988641825681,128.9393310546875,3046160
2012-08-02,129.07160216830243,129.07160216830243,127.7048760405345,128.48963928222656,1640790
2012-08-03,127.67842532163954,131.08200812055765,126.10889882699001,130.58822631835938,9569910
2012-08-06,132.61625413595348,133.18057810635796,130.5882236968574,131.19662475585938,3749740
2012-08-07,131.20545398551235,133.48038882814967,130.03271547431493,132.6515350341797,3544125
2012-08-08,133.48038519274036,133.930076440084,130.1473446536069,130.74693298339844,2100570
2012-08-09,131.9108679423962,131.95494503389358,128.06640643653978,129.0363311767578,1973620
2012-08-10,128.38381981056529,129.9268945032185,126.72611240671819,127.20225524902344,2483555
2012-08-13,127.2022462398787,128.7276953724182,126.10887628885921,126.8230972290039,2410230
2012-08-14,126.1970565320119,129.5830136105667,126.1970565320119,129.1068572998047,2677465
2012-08-16,129.61829228338524,130.5000493737484,128.03995301163516,128.6219024658203,2476830
2012-08-17,129.0892231320515,129.86517361982953,127.67841996418943,128.26919555664062,1691735
2012-08-21,127.94293889659697,129.05394781056734,126.7878259896506,126.93773651123047,2386295
2012-08-22,126.26760285021093,127.49324457251907,124.91851568301364,125.13014221191406,4746880
2012-08-23,126.09125149314723,127.07881503155552,125.47402428164204,126.39987182617188,2028085
2012-08-24,126.21470224585265,126.21470224585265,125.03315104060911,125.41230010986328,1521470
2012-08-27,125.7385487735853,126.04715563905775,119.06364208065204,119.75141143798828,5636165
2012-08-28,119.56625050613361,120.95941467864571,118.15543397240684,119.18708801269531,4681115
2012-08-29,119.43398198124201,120.60672039618566,117.11497023931857,117.47649383544922,3941035
2012-08-30,117.45003915368514,120.55382781054465,116.25084899907203,119.80432891845703,4378730
2012-08-31,119.56625631385447,120.92415619352562,117.99672990748184,119.31053924560547,3412530
2012-09-03,119.74259274957465,120.80069836551732,117.46765827529933,118.01434326171875,1853885
2012-09-04,117.6263865883458,120.08649632376624,117.6263865883458,119.42517852783203,2814965
2012-09-05,118.15545053754242,119.18710472246656,117.5382232629569,117.95263671875,1406205
2012-09-06,117.62638962334674,118.96666415829448,117.10615617287955,117.51175689697266,1708625
2012-09-07,119.56626180497004,120.6949097567896,118.20834840839207,120.49209594726562,3509475
2012-09-10,120.44801149111315,122.6083134485775,120.44801149111315,121.04759979248047,3564105
2012-09-11,120.00713587292447,121.68246883007147,119.91895478905595,120.80952453613281,1502995
2012-09-12,121.373848491076,122.07044407182198,119.05483667623076,120.80952453613281,1518525
2012-09-13,121.5061209070883,122.12334813454898,119.95421992999351,120.2628402709961,1637300
2012-09-14,122.12334061607591,125.35057436252984,122.12334061607591,125.04195404052734,5354040
2012-09-17,126.47923915411153,134.0270776924875,126.47923915411153,131.8667755126953,7770815
2012-09-18,132.4399021032172,142.4654885992396,131.90202978125103,141.5749053955078,11488130
2012-09-20,139.6703109311108,144.20254161671974,136.7605234382273,140.26991271972656,8479985
2012-09-21,141.08110595559342,148.42614264895164,141.08110595559342,147.6501922607422,8131320
2012-09-24,149.26382792263706,151.2565939529244,144.35244829610062,144.8197784423828,5233525
2012-09-25,146.37165243016426,148.99928435109632,142.50955271721574,145.23419189453125,8513185
2012-09-26,146.01895154762053,147.2534058556109,143.5412032969766,146.9712371826172,3812000
2012-09-27,147.42975454896055,148.48786016360128,145.00492301541007,146.9712371826172,3919890
2012-09-28,149.0169335698812,149.87223893951563,146.72435997929614,148.18807983398438,2924285
2012-10-01,148.4878803649464,148.92875888557217,145.98369359688266,146.6714630126953,2597635
2012-10-03,147.60611827851125,148.22335894992577,145.13720941103,146.00132751464844,2722660
2012-10-04,146.56563990435433,148.1351661839879,146.35401339474166,146.83016967773438,4050505
2012-10-05,148.1351856743617,148.3115343949698,137.43065553345568,144.44944763183594,4574880
2012-10-08,144.5199560132929,144.78448578424135,139.9083710185367,140.4462432861328,2977640
2012-10-09,141.25749975100737,142.6683166428578,138.72686091034316,139.68797302246094,4057455
2012-10-10,139.31760200492116,141.61017552099685,138.55047774237337,140.56088256835938,5318100
2012-10-11,141.25746458053618,145.4899007477429,139.48513790597212,144.84622192382812,5388890
2012-10-12,145.45466126258543,147.83540280921855,144.1849288498355,144.66107177734375,6238170
2012-10-15,144.60815299717922,145.71916201193613,142.7211934901539,144.64341735839844,1474665
2012-10-16,145.22538080662957,146.01897020994397,141.4338228695797,141.9893341064453,1426965
2012-10-17,143.55005067363632,144.96085388329493,142.58011253517833,143.42660522460938,2259810
2012-10-18,144.27308431111518,147.14762090692804,143.20616581445356,146.65383911132812,3081790
2012-10-19,146.72435835003571,147.39450227606528,144.3436171582762,145.1019287109375,2092455
2012-10-22,143.408978274367,145.44583508042587,143.26789390527347,144.66107177734375,1521725
2012-10-23,143.90274281913833,145.96605101464027,143.90274281913833,144.35244750976562,1435920
2012-10-25,143.92038816194446,145.04022339349035,140.86069009264514,141.7600860595703,2853620
2012-10-29,132.54571352580683,134.5561183309906,131.02909046862698,133.20703125,4662335
2012-10-30,133.14532308236952,135.61424567149476,127.85478044333496,128.5337371826172,9743785
2012-10-31,127.76658165011227,131.0290932558325,126.43513344738356,130.21786499023438,5017995
2012-11-01,130.14732702435833,132.96894648288153,129.19502793437997,132.5545196533203,3631415
2012-11-02,133.62144334485566,134.55611702109962,132.02546540539976,133.24229431152344,3275825
2012-11-05,133.4098310767626,133.97415499441,132.3517254129917,133.1717529296875,1819495
2012-11-06,131.94612820127907,134.53849615522265,131.94612820127907,133.58619689941406,2116450
2012-11-07,132.96896916219356,138.1713305057109,132.96896916219356,136.79579162597656,4107960
2012-11-08,134.94408990700288,138.06551732672546,134.67074738051951,137.21902465820312,2501825
2012-11-09,137.20139150584015,138.54165242852054,134.37975840546432,135.66712951660156,2329255
2012-11-12,136.06391142508443,136.8486745644625,134.9352636168675,136.12564086914062,1276970
2012-11-15,134.90882480830302,135.52605203481772,133.70082198965676,134.60020446777344,1152915
2012-11-16,133.85071802494417,135.5525026115237,130.56176811503641,131.01145935058594,1899200
2012-11-19,131.38179965523892,132.2547439730944,129.8651764620498,131.19662475585938,1529195
2012-11-20,130.96737686010994,131.70804957168184,128.35738346089127,128.81588745117188,2096755
2012-11-21,129.08922207867644,130.1120634488475,127.85476763505228,128.3220977783203,2616340
2012-11-22,128.5601910909438,130.403060247011,128.5601910909438,129.39785766601562,1821350
2012-11-23,129.61829508975302,130.23552237546176,128.46319542909546,129.52130126953125,1441010
2012-11-26,129.14213096557606,131.20543903381355,129.08921424587928,130.51766967773438,1344325
2012-11-27,131.02028062038744,133.63910021100472,129.9886264565905,133.04832458496094,2569220
2012-11-29,133.23348454678018,136.14327180594054,133.14530346730223,135.21743774414062,1904545
2012-11-30,135.8346712865841,138.77092377048092,135.63187093975716,138.418212890625,2471275
2012-12-03,138.78853149800662,139.7320178447602,137.0338438675489,138.09194946289062,1301350
2012-12-04,138.08314963415484,139.47631383450548,137.28956027262197,138.84146118164062,1694485
2012-12-05,140.19936811520216,144.78450199158289,140.02301939967685,143.58531188964844,3686260
2012-12-06,144.60814745143932,145.66625315651666,141.44264306253802,145.13720703125,3165090
2012-12-07,146.1953254787262,146.6979200142629,144.07910042957712,144.7933349609375,2424555
2012-12-10,144.96084802005447,148.63778661604985,143.7616579403487,148.082275390625,2745430
2012-12-11,148.82295797367007,150.2337746748391,144.34363042018538,146.30113220214844,3686680
2012-12-12,146.72435225025302,148.12635603721438,144.82858017468484,145.56044006347656,2071515
2012-12-13,147.57086654963106,148.92876654297737,143.8851149313276,144.56407165527344,2636980
2012-12-14,142.7564485631096,147.50911810993807,142.22740245197565,146.44219970703125,4538135
2012-12-17,147.25343527723686,148.399722194855,147.06826036676844,147.6855010986328,1994640
2012-12-18,149.01694751211713,149.7223558717226,144.42298717473176,148.8846893310547,4372465
2012-12-19,149.8986874178779,152.01489879960687,148.62014248081064,150.0838623046875,4179230
2012-12-20,150.08385415438843,151.38002447349186,148.15280430979084,150.1103057861328,2842350
2012-12-21,149.54599957808404,149.70470938732785,146.01897141307776,146.6714630126953,2386865
2012-12-24,147.07705741687235,148.29387282127138,145.50753117062058,146.98887634277344,2025425
2012-12-26,147.25342946943968,149.61653193927063,146.38931131527485,148.57606506347656,2581825
2012-12-27,149.01694040052104,150.31312433125603,148.31153207458004,148.8582305908203,3942420
2012-12-28,149.3696397304578,150.07504806534448,147.95883651522936,148.611328125,1776980
2012-12-31,148.85822153706295,154.37801545183137,148.85822153706295,153.65496826171875,10739370
2013-01-01,155.1363434065707,157.99322774588592,154.31630232264274,157.38482666015625,11298970
2013-01-02,158.5399313259511,162.15512741008502,158.24013713715604,159.68621826171875,9276360
2013-01-03,160.25051767115076,160.99119030194316,157.3054391456871,158.1519317626953,2937485
2013-01-04,157.46417878923796,160.61204452505984,157.23492679523608,160.14471435546875,3445595
2013-01-07,160.83248225041612,161.29981241552775,158.8485288667948,159.21005249023438,2010250
2013-01-08,158.8926062384712,160.11824791123192,156.6617621395221,158.0284881591797,4681025
2013-01-09,158.07258448634968,159.88900179187718,155.96518575014872,156.6000518798828,3162925
2013-01-10,158.15195348366325,158.61928366879107,156.10627056008488,156.6353302001953,2586635
2013-01-11,156.79403343076615,157.56115770177232,154.70426022856068,155.3214874267578,1746450
2013-01-14,155.38320113157107,160.30340622079586,153.866578195629,159.67735290527344,3129360
2013-01-15,159.77437384099363,160.7972152421429,157.9403175731019,158.8661651611328,2621195
2013-01-16,157.83449488732484,158.85733618384148,155.18922402329144,155.70945739746094,1489375
2013-01-17,154.30747877703863,157.79924250250713,154.00768461879102,157.04974365234375,1998215
2013-01-18,157.1643745287918,159.5980190362052,156.78521201759142,157.7110595703125,2202420
2013-01-21,157.83450291437148,158.89260862288862,157.0056491820941,157.27899169921875,1115170
2013-01-22,157.30544517200545,159.91545184110421,155.04814937956556,155.54193115234375,2025795
2013-01-23,155.57720707428632,156.9527458401584,151.94437254344012,154.1752166748047,2255055
2013-01-24,153.4257264107867,154.56318708314282,149.73116222552392,150.27784729003906,2026230
2013-01-25,150.28666637978122,154.66017359861706,149.05219849763276,154.01649475097656,1968635
2013-01-28,155.21570181032024,155.89465854710247,153.26702614666337,153.87542724609375,1457665
2013-01-29,154.2104884897859,156.63532035454037,150.96562903440497,151.5299530029297,4901220
2013-01-30,152.45578976877346,152.92311993260543,146.7155561715169,147.01535034179688,4401250
2013-01-31,146.72434786157888,162.243275221063,145.52515789785016,160.85009765625,37322060
2013-02-01,160.83248253586984,161.53789087554063,157.5435324657906,158.6898193359375,10253135
2013-02-04,159.59800124894932,159.77434994063628,155.3655653757482,155.6653594970703,3651895
2013-02-05,155.19803722283885,156.65294427522335,153.71669199264016,155.2068634033203,3655510
2013-02-06,156.7763862971241,157.9755762712139,154.67780047883122,155.34793090820312,3352125
2013-02-07,155.36558055771388,156.95274584707627,153.9547774318149,154.7130889892578,2600025
2013-02-08,155.1892449902106,155.5154908020651,151.46822906237716,152.11190795898438,2950630
2013-02-11,152.6321639183247,153.94597342537824,151.0449984003461,151.47705078125,1565025
2013-02-12,152.0149117820328,153.05539210933208,150.33957874963204,151.78565979003906,2612620
2013-02-13,151.08023883564823,153.40807674179302,149.58125464952855,149.97804260253906,2711935
2013-02-14,150.0926763621865,151.66220273270798,148.66423433957667,149.92514038085938,2057890
2013-02-15,149.19329123493475,150.72755335653173,147.79130074450964,149.16683959960938,2487225
2013-02-18,148.84057470348503,150.78043728762182,148.84057470348503,149.93394470214844,2104805
2013-02-19,149.9868807683484,152.10309232320105,148.89349717409908,151.87384033203125,1617335
2013-02-20,152.5439581970496,154.0429423785974,151.36240706785082,152.75558471679688,2531050
2013-02-21,151.83854845983413,152.09426551722248,148.00291368990221,148.4878692626953,1852615
2013-02-22,147.8177497272886,151.11552590230656,147.1123414039985,150.4365692138672,1984720
2013-02-25,151.48585213493158,151.58284594109264,147.25341593219915,148.97283935546875,1805905
2013-02-26,148.4702436708418,148.89348325132696,145.26946154797272,145.92196655273438,2072955
2013-02-27,146.45984596463325,148.28507599419692,145.51635949788115,147.56204223632812,2861475
2013-02-28,148.3115372161966,149.81052155169706,136.67234652557298,139.39697265625,6419030
2013-03-01,139.49395567783534,141.94523907849526,137.75689329940843,139.07952880859375,3551225
2013-03-04,138.96489757874505,139.07070410491332,136.831033967703,137.86270141601562,1555685
2013-03-05,138.96489982784797,140.0759087342251,137.34245682459883,139.24705505371094,1982770
2013-03-06,140.37571451035433,143.19733427575227,139.72322292824177,142.72119140625,2997320
2013-03-07,142.72120271281344,143.77930852684418,141.27512162757753,142.95045471191406,3722690
2013-03-08,143.3913303127902,144.30836519946297,142.01579143732616,143.6646728515625,2513055
2013-03-11,144.25547248492896,144.98731906605053,142.13924729088427,143.55006408691406,2581315
2013-03-12,144.4317947003578,144.4317947003578,141.2574642194316,142.13922119140625,1747475
2013-03-13,141.08112763475336,141.96288468247056,138.47994703489655,139.1941680908203,1529710
2013-03-14,138.80618889757886,142.3155780806193,136.82223559652257,140.49916076660156,5407225
2013-03-15,141.90997632765638,143.14443076841167,140.19936556364954,140.55206298828125,3153335
2013-03-18,139.105973141071,141.73361856867206,138.49757214059636,140.11117553710938,2045590
2013-03-19,140.9929267342614,141.5131735447577,135.2967845410389,135.78175354003906,4202750
2013-03-20,135.65833565501927,135.93167820417494,130.5353155856527,131.20545959472656,3396845
2013-03-21,131.46998555134132,133.0218731630931,125.08605947076775,126.63794708251953,5080375
2013-03-22,126.81430159705309,130.429497321221,126.30288090880073,128.25155639648438,2783320
2013-03-25,130.50004109188947,131.29361704103582,126.57622497969766,127.69606018066406,2307635
2013-03-26,127.1934557504731,127.69606373224407,124.21311258583951,125.75618743896484,3046700
2013-03-28,125.80028942469403,127.50208769957304,124.15140787998145,126.60269165039062,3309780
2013-04-01,127.32569180688411,128.692417701688,126.29403784171468,127.83711242675781,1918795
2013-04-02,127.2463439404378,131.63748980620537,127.2463439404378,131.0731658935547,2359735
2013-04-03,131.02909289972712,132.77496795671772,127.52851660501838,128.1721954345703,2547710
2013-04-04,127.34334326070665,127.85476393097582,125.37702893441981,126.41749572753906,2416915
2013-04-05,126.09124289650089,128.56016502873962,125.29766702931921,126.92890930175781,2644900
2013-04-08,127.23753558060955,127.97820821865243,123.97503742819265,124.44236755371094,1977710
2013-04-09,125.54457241300152,126.5585876332603,121.15341264021457,121.62074279785156,3378290
2013-04-10,122.03516388323857,125.20949447715306,120.28047605745994,124.7862548828125,3691035
2013-04-11,125.20949633846041,125.99425954493519,122.74057400144106,125.13895416259766,3854555
2013-04-12,123.97504786720113,126.81430667331531,123.62233697090265,125.75618743896484,2098475
2013-04-15,125.54458154952971,131.11727948491585,124.87443753543532,129.52130126953125,2960185
2013-04-16,128.42790223723213,132.16655677743356,128.42790223723213,130.5793914794922,2864690
2013-04-17,132.26355613274717,134.46794873495963,130.32369333370914,131.8226776123047,3188690
2013-04-18,131.92848224267428,135.96693104603415,131.00264812677818,135.17335510253906,3618905
2013-04-22,135.96691519075472,138.95607062934886,134.82062849695274,137.80978393554688,3274740
2013-04-23,138.22424139258777,138.52404903907043,134.55614199605557,137.39540100097656,2083475
2013-04-25,138.08315279012973,140.44625511262717,137.5540932036825,138.55929565429688,3444955
2013-04-26,138.4446738953722,138.4446738953722,135.7288604821124,136.1873779296875,1573130
2013-04-29,136.86632691740755,139.31761037807595,136.31081568449642,138.4005889892578,1753220
2013-04-30,138.61219835908423,138.70919216772083,132.7926102045209,135.4202423095703,2736430
2013-05-02,134.92646707674103,137.55409930909087,133.780180224923,135.53488159179688,3506505
2013-05-03,134.39741574461942,135.24390848173536,130.67639970135068,131.1878204345703,4819275
2013-05-06,130.87036946169604,131.73448753551472,128.11046580663526,130.30604553222656,3964980
2013-05-07,130.51767185417563,132.5280766907843,129.7858119467502,131.9020233154297,3154625
2013-05-08,132.28117580859663,132.79259643250032,130.07678352687878,132.05191040039062,3009525
2013-05-09,132.7396856666286,139.97891616432273,129.30083893480273,138.13604736328125,31890190
2013-05-10,137.55410808673253,137.8186379085777,134.93528841410225,135.9581298828125,6603325
2013-05-13,135.5172449180361,136.79578996614526,132.91606427783924,133.69200134277344,3549965
2013-05-14,134.0711606462711,136.31964378957184,133.277571237406,135.04991149902344,3061535
2013-05-15,135.57897358654577,145.71036801240666,135.57897358654577,145.0402374267578,12328205
2013-05-16,144.00856598609005,147.20052216000772,143.12680894758952,144.07028198242188,4909565
2013-05-17,144.43179335477987,148.10871827911342,142.84462812910334,147.12115478515625,6049780
2013-05-20,148.3115384869087,150.36603410231214,146.81255413856513,147.34161376953125,4922310
2013-05-21,147.25341093591828,147.94999300777178,143.72638312906994,144.55523681640625,3816505
2013-05-22,144.8285978940375,146.3716727574443,141.27511799924147,142.24505615234375,3174625
2013-05-23,141.94525990804883,141.94525990804883,135.2791781162773,136.09039306640625,3962160
2013-05-24,137.9068081409703,139.67032238039215,135.49080224387174,138.88555908203125,3336485
2013-05-27,138.4358640922448,142.2450612057037,137.55410699611585,141.83944702148438,3437525
2013-05-28,141.98050121695513,143.55002743819722,141.36327407172666,142.93280029296875,2769845
2013-05-29,142.86227842833227,142.93282060560375,140.5697047579158,141.4514617919922,2082190
2013-05-30,140.55206190676253,145.1901123867921,139.75848598017544,140.72842407226562,5054910
2013-05-31,140.0141846489425,140.85186454187087,133.23348478837394,134.03587341308594,3518570
2013-06-03,134.87357052274297,136.14328943162008,132.1048537959365,133.91244506835938,3180915
2013-06-04,134.55612025567928,136.67233162155028,133.1453037087361,134.03587341308594,2802615
2013-06-05,134.20342169803368,135.4290634719454,133.50683954137602,134.87356567382812,2017140
2013-06-06,134.37978248764648,137.2895837347843,133.51566425943335,136.66354370117188,3635640
2013-06-07,135.9669316053978,138.19777581936924,134.07115936894675,134.54730224609375,2724810
2013-06-10,135.79059573800743,136.31082920687373,132.43991600940717,133.66555786132812,2113750
2013-06-11,132.61625567768826,133.62145818211175,130.23551432032153,131.7168731689453,3727230
2013-06-12,130.9497246990173,134.36213337224734,130.50003348133228,133.01304626464844,3399280
2013-06-13,133.15021191245646,134.3573356478069,131.3212255617582,132.0162353515625,3802750
2013-06-14,133.35141176841586,136.2594935914115,133.35141176841586,135.57362365722656,2958445
2013-06-17,135.93940962460601,136.7716017918625,132.05281349526544,135.71994018554688,2888985
2013-06-18,135.34499803570574,136.6252829760414,132.0528168261865,132.6289520263672,2753475
2013-06-19,132.601538350076,133.8635436631212,131.92480823434454,132.70213317871094,2022665
2013-06-20,130.77254812905468,131.321249716815,125.28558806769576,125.84342956542969,4357205
2013-06-21,125.87998922421097,127.04139954909851,120.63994685283376,121.99339294433594,4451115
2013-06-24,121.62759742253162,121.80135336578469,117.96962456771864,118.63721466064453,3916095
2013-06-25,119.06701423226286,121.99338974002123,117.05513194280768,118.28970336914062,4418065
2013-06-26,119.11273455946204,120.67652400901106,116.78992108666358,117.4483642578125,2260715
2013-06-27,118.95728224269251,119.62485840024522,115.79313647195644,116.27781677246094,3465475
2013-06-28,117.51237928916807,119.87177348167893,117.40264456758219,119.03958129882812,2471665
2013-07-01,119.21334489227456,122.8347444315937,119.12188998237949,122.3134765625,3844490
2013-07-02,122.35920935941503,123.45659855576525,119.45111333732322,119.84435272216797,4137625
2013-07-03,118.15252341794142,118.7012249417111,112.84846683008209,113.73551940917969,5755755
2013-07-04,114.36652411327944,115.48220699949093,110.47992778375603,113.40630340576172,9490600
2013-07-05,115.23529564712086,115.92116558022272,113.04965735179869,114.34823608398438,3809000
2013-07-08,113.58004711483726,114.3116444300009,111.56816496368087,113.44287872314453,3161315
2013-07-09,115.57366493754758,116.12236651908937,113.58006919209963,115.61939239501953,3410360
2013-07-10,116.14063572893222,116.81735873945384,113.39715614478422,113.7720947265625,3844150
2013-07-11,115.50049591373296,117.01855102347689,114.49454779501342,115.25358581542969,3947680
2013-07-12,115.87543411713847,116.30524704333266,114.54027486414921,115.86628723144531,2563595
2013-07-15,115.28101484673262,122.1945814632036,114.49455010732109,121.11548614501953,5417970
2013-07-16,116.32353736518472,117.96048807945199,113.76296047878628,114.45797729492188,6408650
2013-07-17,115.22615992266262,115.31760786052848,112.2723433880851,113.67152404785156,4818550
2013-07-18,114.31165320791531,117.2380287392261,112.66556261090949,116.48815155029297,5566680
2013-07-19,116.51558530191306,117.67698165229228,113.7812455320481,115.40904235839844,3388100
2013-07-22,115.22615839184388,118.50004615397243,114.54028840141623,118.03364562988281,4097220
2013-07-23,118.88412446741346,122.17630580351961,118.71036851438843,120.94173431396484,3934360
2013-07-24,117.85074080175693,117.96962938969678,114.22935534174195,115.45477294921875,4101365
2013-07-25,115.40903479460975,118.46343862103438,113.41543941302288,114.43053436279297,4954260
2013-07-26,114.87864195391518,115.43648338184138,106.64820289182586,108.62350463867188,23481690
2013-07-29,108.97101750917261,109.13561959394342,104.51743293164662,106.82195281982422,5595975
2013-07-30,107.19690354710059,108.36745383080473,102.73417186919102,103.50234985351562,7576935
2013-07-31,102.42324217961945,105.3038972613272,97.85077601088645,104.27051544189453,9049125
2013-08-01,106.08120544714373,106.4378572176399,98.39946158832406,99.51514434814453,6983485
2013-08-02,99.96326202728957,100.82288797601595,94.21109823885192,95.79317474365234,7254655
2013-08-05,94.92441028413742,99.31397407448912,92.58330261891943,98.2440185546875,6210650
2013-08-06,97.08260656292092,97.08260656292092,94.19280455008008,95.19874572753906,4296130
2013-08-07,95.7474434852966,99.4694308503774,95.10730098104389,97.43011474609375,5144295
2013-08-08,97.11917463188267,99.4054076220591,95.03413126116648,98.86585998535156,6146055
2013-08-12,98.43606022460445,100.57597821750298,95.10730510412259,97.85993194580078,5774565
2013-08-13,96.97286610325637,99.86266117607408,95.5828324412692,98.60980987548828,4755950
2013-08-14,98.76526364789044,100.94175490914118,97.16490057952184,98.35374450683594,7211360
2013-08-16,97.28378524423918,97.66787769528233,90.03185380417999,91.49504852294922,7470090
2013-08-19,89.98613228326072,89.98613228326072,86.55678278296136,87.71819305419922,5484925
2013-08-20,85.59656149261941,89.61118605281638,82.85308191287503,87.47127532958984,7453040
2013-08-21,92.54672105041688,95.61941915903908,86.9317326324415,87.663330078125,9426985
2013-08-22,86.87685723762056,90.23304573220783,85.97151088944946,89.10822296142578,7472745
2013-08-23,89.80323722625644,90.59884889088796,87.42555609575228,88.21202087402344,6046685
2013-08-26,88.77901227612215,89.80324031879384,87.05976038672848,87.65418243408203,4747780
2013-08-27,86.1361157651836,86.49276755098228,83.49323100527583,83.95047760009766,5642460
2013-08-28,82.46899607782214,82.7159061690033,78.50923889425827,79.4694595336914,7826815
2013-08-29,80.1278925337314,81.2069947327619,77.00032064964124,77.85079956054688,12529700
2013-08-30,77.90568439830783,81.20700568211909,77.18323387317986,78.61898803710938,8906885
2013-09-02,78.09773013986941,81.68254224381653,78.09773013986941,80.24678802490234,5875005
2013-09-03,80.65830600094488,81.3441759736639,74.52205681559565,74.88785552978516,7538140
2013-09-04,74.88784580845855,76.79914017904933,73.19603482410804,75.46397399902344,9264645
2013-09-05,78.37207282499949,82.25866934036938,77.90568626661683,80.9509506225586,15885990
2013-09-06,82.12150339347374,82.67019799318568,79.37802341788371,81.8380126953125,9277880
2013-09-10,84.1150952560113,85.7794727523023,83.6029742730548,84.81925201416016,9980620
2013-09-11,84.68208539165876,91.43105098534441,82.60618849387804,90.9097900390625,15559105
2013-09-12,91.81511815663978,93.3331732320073,88.90702951798964,90.38850402832031,12202990
2013-09-13,90.09586623056732,95.29018784162794,89.11735879394111,94.00990295410156,11284530
2013-09-16,96.20468174139081,97.26549720117629,91.83340536661353,92.93080139160156,8080475
2013-09-17,93.2325760674405,93.2325760674405,90.39764863047183,91.44017028808594,5167375
2013-09-18,91.4401841683051,93.90932029300768,90.71773361572713,93.12284851074219,5499120
2013-09-19,98.03368641193654,102.92623152000427,97.72276201530555,101.83798217773438,14100240
2013-09-20,102.05744144110989,102.78903880422646,91.44932153809658,94.29339599609375,15537970
2013-09-23,93.0954137539604,93.64410829743353,87.84621758188929,88.49551391601562,15055220
2013-09-24,86.8585731161792,89.25454099791385,85.11188763635197,88.4314956665039,13217215
2013-09-25,89.19966660100279,89.98613130266352,86.93172041962615,88.67840576171875,7216525
2013-09-26,88.41319950195829,89.25453153956322,86.5110520436113,87.06889343261719,7333955
2013-09-27,87.79134703818482,88.15714571291649,85.77946479270486,87.36153411865234,8276840
2013-09-30,86.209282970398,86.32817156835087,83.877329169953,84.39859008789062,7724745
2013-10-01,84.9107013331308,85.59657130670541,83.60297563776733,84.48088836669922,8433045
2013-10-03,84.78266388410702,87.21521914936625,84.78266388410702,86.15440368652344,9854995
2013-10-04,85.59656873500265,88.07484466115015,85.28564437196485,86.0172348022461,7554235
2013-10-07,85.98979876388037,86.73053606013615,84.142525477738,85.48683166503906,5196700
2013-10-08,88.52294363734907,88.52294363734907,84.90154446293216,85.53254699707031,5926720
2013-10-09,84.70036337857333,87.42554922940694,83.93218545632509,87.1329116821289,6520220
2013-10-10,86.88601259207182,87.97425490231511,86.2184293962327,86.70310974121094,4843940
2013-10-11,88.27602889273204,90.66285674110095,87.02317765397616,88.96189880371094,14138340
2013-10-14,89.6203369398612,91.72367416905757,88.72413050056954,89.10822296142578,10245855
2013-10-15,90.15075119489978,90.53483670643986,85.39538184834342,85.9349365234375,7903125
2013-10-17,86.41960660529638,86.78540527733843,84.21567466458933,84.80095672607422,6471410
2013-10-18,85.13932844691092,87.24266591696403,85.10274787611525,86.96831512451172,6588815
2013-10-21,87.59931004331455,89.78494837232734,86.9957411439069,88.55037689208984,7495285
2013-10-22,88.24859397911587,90.31535056887896,87.53529039799281,89.06249237060547,6971865
2013-10-23,89.620343635927,91.81512895711084,88.59610862549981,90.67201232910156,13804165
2013-10-24,90.71772767370044,93.3789063820672,90.02271782666766,90.47081756591797,13917825
2013-10-25,90.3062081062072,91.22984823888713,89.28197315823392,90.83660888671875,8644740
2013-10-28,91.63221128118401,91.94314258173891,87.30666256795563,87.77305603027344,7359725
2013-10-29,87.2426616485275,92.36382269984558,86.51106422246914,91.9980239868164,11689220
2013-10-30,92.71132132943289,93.44291870569485,90.99207656535584,91.4127426147461,7357555
2013-10-31,90.99207840674582,100.53939017272627,90.41595017077555,99.57002258300781,18706430
2013-11-01,100.77715266186307,107.53525717443814,100.06384904812353,104.4076919555664,27922070
2013-11-05,105.3496153240474,109.55628968456297,104.06018352205109,106.64820098876953,15592155
2013-11-06,106.77624156434887,107.62672062758583,101.78310889461356,102.46897888183594,8756735
2013-11-07,103.15483174091999,104.25222074744991,99.31395626400698,99.78034973144531,15539720
2013-11-08,99.29568348380423,100.57597549012426,94.49459369287666,95.5188217163086,28140300
2013-11-11,94.3756960641385,97.48497435980438,93.07711738616405,94.7597885131836,14004340
2013-11-12,95.10729585987895,96.18639814967798,91.81512162936599,92.3821029663086,10645785
2013-11-13,91.44932283743378,95.10729575093113,90.9006282958151,92.37296295166016,14183670
2013-11-14,94.37570437285046,95.80231864412349,94.10136057312764,95.26276397705078,8262815
2013-11-18,96.0400795936365,97.85077932772496,94.97012414837194,96.91799926757812,7810090
2013-11-19,97.21977449272876,101.17953191193313,96.12238539124027,100.40221405029297,13217435
2013-11-20,100.33820247418394,101.21611517415823,97.41181983057308,98.38118743896484,9309300
2013-11-21,96.98201559758002,97.3020868517013,94.21109508525282,94.65005493164062,7986435
2013-11-22,96.02180069664185,96.21384346079148,94.0099181395244,94.50373840332031,6155755
2013-11-25,95.10729780353483,97.87821122898613,95.10729780353483,97.62215423583984,6652870
2013-11-26,96.93628872127857,99.13107401226071,95.93034749787887,96.23213195800781,7009715
2013-11-27,96.7533928309159,97.1557651339612,94.9792736164345,96.47904205322266,5654525
2013-11-28,97.8050554871565,98.21658165771387,96.68937952365313,97.34780883789062,5548210
2013-11-29,97.88735362264188,101.0240655987888,97.51240805914968,100.57596588134766,8993675
2013-12-02,100.96005151691831,102.9719337828758,100.96005151691831,101.67335510253906,5281720
2013-12-03,101.21611570741575,102.69759732100688,100.44793773024739,101.79224395751953,5885335
2013-12-04,100.94176137259679,104.69118924019395,100.60340333891773,104.03275299072266,10259560
2013-12-05,106.51103735689892,109.51972119604424,105.98977644720082,106.47445678710938,8984495
2013-12-06,106.16351939589501,110.28788595950179,104.81922016197561,109.17220306396484,9682355
2013-12-09,113.85440772611022,115.59194626753711,111.22980963065314,111.78765106201172,8508110
2013-12-10,112.1168787896129,112.48267751025556,108.45890553724686,110.84573364257812,7356555
2013-12-11,109.79405828099559,110.27873859122613,108.12968083115096,109.0350341796875,5290020
2013-12-12,108.27600325446885,108.45889911544586,106.34642191993296,107.21519470214844,6540960
2013-12-13,105.39534874576383,105.74285367458307,102.9993738807671,103.35602569580078,5773915
2013-12-16,103.31945437708077,104.80092903302108,102.14889711193935,103.38346862792969,4413500
2013-12-17,104.28881376390244,105.18501326493931,102.72503110321034,103.48406219482422,4674040
2013-12-18,103.12738892766562,108.45888563935898,102.78903092919637,107.8553237915039,8683935
2013-12-19,108.64180567497043,109.22708082258126,103.68524673916039,106.06293487548828,9731495
2013-12-20,105.3679031092136,109.7208925084175,104.67288635340108,108.73323822021484,5757550
2013-12-23,109.19049221349309,115.13469816255144,108.82469352891435,114.19276428222656,9056740
2013-12-24,114.31165294751598,116.83565619816542,112.52839395234658,116.12235260009766,9048640
2013-12-26,115.65596435988749,117.95133743195329,114.31165814379172,114.75061798095703,7958280
2013-12-27,115.04324447270221,116.78077592760975,114.67744580644775,116.15892028808594,5298375
2013-12-30,117.05512821592241,117.42091990997369,113.83611525987745,114.35737609863281,4308805
2013-12-31,115.22615555427409,115.53707992663654,113.81783503803378,114.57686614990234,3218550
2014-01-01,114.77804644511014,117.01855205206961,114.49454880142017,116.12235260009766,3214905
2014-01-02,116.50643950228499,119.71631270981834,110.9646057553327,111.78765106201172,13867755
2014-01-03,109.80320742746484,113.67151705685407,109.80320742746484,113.07709503173828,9172505
2014-01-06,112.93991690894782,113.19597390383362,110.65368377313916,111.57732391357422,4859305
2014-01-07,111.5681714527511,112.64727371801463,108.44060635372664,110.15985107421875,7800805
2014-01-08,110.90974398989702,112.59241525478846,109.61116520552181,111.63219451904297,6543575
2014-01-09,111.58646053834224,112.08028771838572,109.83063521620738,110.68111419677734,6852175
2014-01-10,110.98289872952394,112.40950593282801,108.1388242317362,108.86127471923828,5276465
2014-01-13,109.1996414732127,110.77256399014517,107.66329254620653,109.98609924316406,5798525
2014-01-14,110.17814696205443,111.20237491009561,109.19049260327503,109.83063507080078,4067750
2014-01-15,110.47078998741016,112.84847109789122,110.1141381696895,112.58326721191406,5563700
2014-01-16,113.49776122728855,113.81783247900361,112.11687442471218,112.83932495117188,4269565
2014-01-17,112.29977532134824,113.34229708146606,108.9710204071071,109.17220306396484,4661220
2014-01-20,109.1905025515,110.28789173210593,107.9284973190699,109.86722564697266,4680295
2014-01-21,110.31532072563274,112.61984767478359,110.31532072563274,111.7327880859375,4859730
2014-01-22,111.38528595027553,113.46118265683533,110.1049939438412,112.99478912353516,5826925
2014-01-23,112.76615931886832,113.21426603043486,111.02862774253343,111.54988861083984,4087820
2014-01-24,110.83658266043888,111.38528420964334,106.15438153571824,106.41043853759766,6858510
2014-01-27,104.6180301660574,104.73691177792965,99.54258979065527,100.1827392578125,8200290
2014-01-28,100.22845745918868,102.97193717236188,96.87226895122724,100.1552963256836,10854440
2014-01-29,101.4538836782494,102.2403484336645,98.45434692598242,98.84757232666016,5188365
2014-01-30,96.93628121394933,97.30207989695505,94.22938212295429,94.6683349609375,11840875
2014-01-31,94.83294586108576,101.35328710447571,93.12284797364563,100.14615631103516,33373975
2014-02-03,100.14615667549867,101.40815483508807,98.98474635345151,100.5210952758789,8783790
2014-02-04,98.32631371258978,104.14249149114458,97.85078028018674,103.48406219482422,11517345
2014-02-05,103.52063251780554,104.06933404629481,101.70993980028616,102.58785247802734,5880415
2014-02-06,102.6061382477384,103.7949822448793,99.80779117933653,100.6308364868164,6991065
2014-02-07,101.95685102894555,102.20376811489004,100.67655907675854,101.63677978515625,5157855
2014-02-10,102.06659222582094,102.49640516979376,101.0332173646957,101.9934310913086,3244125
2014-02-11,102.32866109472666,102.7849430641261,101.51852171260869,101.79788208007812,3406145
2014-02-12,102.71976654321331,103.68820688055402,101.49990754249623,102.23554992675781,4263310
2014-02-13,102.29141314311713,102.79425754471157,98.46421445133946,98.88325500488281,5548625
2014-02-14,99.43265172625479,100.52214434456386,97.588896080567,99.95411682128906,5940150
2014-02-17,99.6747635786434,100.90393637741155,98.05449195854652,99.16260528564453,3787220
2014-02-18,98.73426355087705,102.30072978252178,98.73426355087705,101.12742614746094,5454330
2014-02-19,101.29504201597477,102.17036457403576,99.82375727927682,100.68976593017578,4017095
2014-02-20,99.63752497380807,100.01000312356807,98.25935795102497,98.92981719970703,4184905
2014-02-21,99.26504170587101,100.28935123657455,99.11605471630676,99.63751983642578,3418610
2014-02-24,99.26503904256926,101.22054029497849,98.55733132394609,100.41040802001953,5104190
2014-02-25,101.01568898264672,101.59302334834085,99.30229238664418,100.19623565673828,3420515
2014-02-26,100.62457571731447,101.49058430735302,99.82375026397006,101.13673400878906,4146175
2014-02-28,100.75494565359897,104.55420974185158,100.41040924901704,102.8408203125,7138530
2014-03-03,101.77926430139313,103.62302004560293,100.19623401420337,100.53146362304688,5842065
2014-03-04,101.12742552341629,105.78338440667146,100.7735752058835,105.37366485595703,8195415
2014-03-05,106.34209145372695,111.1097956119602,104.73113375855384,110.22516632080078,13441100
2014-03-06,110.94218144491182,112.2737858945999,109.40571367920573,110.77456665039062,9489575
2014-03-07,111.55677300995521,116.25928702233384,110.55108422825083,114.93699645996094,13618125
2014-03-10,114.51796287583569,118.87594048664702,112.76731786445569,118.00061798095703,10966435
2014-03-11,119.00630824766596,120.26340858227229,115.60745694625183,116.57589721679688,8212040
2014-03-12,115.93337683966047,116.74351624745995,113.4377825801396,114.37828826904297,6814560
2014-03-13,114.74145167495708,117.8423219913849,113.99649541303761,114.7693862915039,5573510
2014-03-14,113.9778733332519,116.9576841362479,113.08393009235311,116.38966369628906,5994140
2014-03-18,116.94836574938938,119.91886963614257,116.94836574938938,118.43827819824219,7106120
2014-03-19,119.7140224955266,121.37154285919678,118.44760100553434,120.91526794433594,7860030
2014-03-20,120.32859881331315,120.32859881331315,117.36740877049489,117.81437683105469,4046080
2014-03-21,119.17392806758629,120.08649914511213,118.35447474790688,119.5743408203125,3533635
2014-03-24,120.40310539517364,123.71814600721713,120.14237282178998,123.3177261352539,7402975
2014-03-25,123.31771852758746,125.13355383508284,122.66588713434079,124.64933013916016,5558990
2014-03-26,125.52464234432894,126.99592691596484,124.77968615239388,126.55826568603516,5099290
2014-03-27,126.6420907094969,132.54584358685736,126.19512260312062,131.2980499267578,11806100
2014-03-28,132.4154655328759,141.8298148021282,132.2292300225033,139.72532653808594,12822835
2014-03-31,143.3849036760002,145.0051824586708,136.3730308379184,138.54270935058594,13573085
2014-04-01,139.49251717050103,139.66012485344817,134.12884397447255,136.8851776123047,10217545
2014-04-02,138.3471711135592,141.72738765053012,135.80500729550664,141.03831481933594,11327455
2014-04-03,141.54114446574437,141.70875215867548,136.4195898962602,138.12367248535156,11504025
2014-04-04,138.00261159356688,141.31765188013475,136.51271335034912,139.995361328125,9456830
2014-04-07,139.88364079888981,141.09419304527395,137.56496797794313,140.1071319580078,6086360
2014-04-09,141.16867150924907,146.38333665559614,139.92086379622634,145.72219848632812,11094530
2014-04-10,146.70927693637177,148.01293982618512,143.5990996072029,145.74082946777344,11373610
2014-04-11,144.1577938617601,147.4542206438519,143.08692902301522,145.16348266601562,6695345
2014-04-15,145.45213991711213,145.8898011504704,141.22453587371288,142.230224609375,5105830
2014-04-16,141.91362128454617,145.5825191633066,141.16867922922864,142.3140411376953,5856775
2014-04-17,143.40351991456959,145.79668937235655,140.70306970361744,145.19140625,7465670
2014-04-21,145.80600143427986,150.25709672563136,145.6383795358304,149.9684295654297,7659830
2014-04-22,151.20693744416076,151.20693744416076,146.38335626316442,146.8396453857422,5387415
2014-04-23,146.64407702606547,150.6109630887431,146.4206000933122,149.93118286132812,7585490
2014-04-24,149.93118286132812,149.93118286132812,149.93118286132812,149.93118286132812,0
2014-04-25,149.73562730269893,152.09154115284446,146.75581672236245,147.4728240966797,8180245
2014-04-28,147.31454673059943,148.87895641555033,144.89345646395478,148.21780395507812,6439495
2014-04-29,148.31092502934646,149.36316212306681,145.13555751560085,146.11331176757812,4706070
2014-04-30,146.56956804812114,150.29433485197538,144.3347136493517,145.89910888671875,9088240
2014-05-02,146.92342877466533,148.5995767161991,143.85981426088648,144.5302734375,5113030
2014-05-05,144.3347165847019,147.68701245988981,143.64562959678605,146.41127014160156,4838250
2014-05-06,147.46353078649733,148.32022551867024,145.30315903756298,146.2716064453125,2985170
2014-05-07,145.65701363296387,147.8732545722325,144.70719405772607,145.0703582763672,4546945
2014-05-08,145.67564956323346,146.97931241846328,144.7351367380196,145.4149169921875,3687710
2014-05-09,146.00156446315404,153.06932143018446,145.15419067517493,152.482666015625,8750805
2014-05-12,153.64663867227432,157.46453052888634,152.86444101279605,155.53695678710938,6621520
2014-05-13,157.1851586573149,163.51726493241398,147.7894380024002,149.0372314453125,30180715
2014-05-14,148.62752468451868,157.26898350519357,147.32386184000885,155.3972930908203,18977550
2014-05-15,156.44021001532928,160.21153934854186,154.95029756973526,159.27102661132812,14423030
2014-05-16,165.75214536467416,180.6419078078476,165.75214536467416,170.95750427246094,19791780
2014-05-19,173.57414590655938,190.87569126261025,173.57414590655938,188.8270721435547,16237230
2014-05-20,190.7080806086309,191.63927239460187,182.56945928405517,185.64239501953125,8515310
2014-05-21,186.21973676827267,188.64084119139827,182.5694665275049,183.71482849121094,7584305
2014-05-22,184.41321481396662,187.87724939020782,182.71845315419986,183.46340942382812,5615990
2014-05-23,185.21403072583593,194.3583403994821,182.88605138434045,193.2874755859375,9679650
2014-05-26,195.64340121712016,198.89325147810135,183.81725408955487,190.49391174316406,12216785
2014-05-27,190.8943088682785,191.6392651105118,184.00349559755236,185.2978515625,4152605
2014-05-28,185.30715834453238,186.18248086339628,180.51152651312935,181.05160522460938,4128390
2014-05-29,182.0479847467726,187.48614108560392,177.76449706918757,178.85400390625,8234625
2014-05-30,179.53376627637348,182.40183847613858,175.064043183118,175.77174377441406,4958725
2014-06-02,176.55396888993434,182.8674480830744,175.05474954118816,182.1876678466797,5690550
2014-06-03,183.4447748435823,184.68326157677714,178.90055455442942,181.05160522460938,5922790
2014-06-04,181.11679676513353,186.89018281767457,181.11679676513353,185.7075653076172,6107245
2014-06-05,185.67963243754696,187.16954494653552,182.90468495363598,185.1209259033203,4486845
2014-06-06,186.23834947117712,190.89430820795656,185.66101513465117,190.14004516601562,6435100
2014-06-09,191.9837974390285,193.53888592444247,188.63151573337515,190.6149444580078,5195335
2014-06-10,190.70808361114882,191.01537861042038,184.1152439576131,186.15455627441406,5561585
2014-06-11,186.05211739095594,188.84569268448723,181.80588521820576,182.9419403076172,5242790
2014-06-12,183.44475611837407,185.64236899352713,180.70705037801267,182.4111328125,4781495
2014-06-13,182.88606232585067,184.33873345729364,176.06974579475903,177.83900451660156,4950745
2014-06-16,176.53533394860952,177.6713890221107,171.7676367279215,176.3025360107422,5499645
2014-06-17,175.06406005231383,183.25855081142808,173.93731171178115,182.50428771972656,6654375
2014-06-18,183.0909166452617,185.84725046672813,178.9750508309011,182.3273468017578,6944480
2014-06-19,182.6998185672233,184.74843757611313,179.17060808548143,180.1576690673828,3647470
2014-06-20,180.18561038402555,180.27873524606218,176.6377719568583,177.23373413085938,3402335
2014-06-23,177.85764172830594,179.7013975960139,174.70090195394326,177.6993408203125,4861930
2014-06-24,178.23008761805386,183.06297486657712,178.1369769723646,181.09815979003906,6583505
2014-06-25,181.20993069171357,182.30873019987652,179.25442222031188,179.83175659179688,3194235
2014-06-26,180.47428446335675,181.80589615532057,177.24304770941148,178.07180786132812,2879250
2014-06-27,178.04386219099376,179.53377469489513,175.99524315477345,177.20579528808594,2985765
2014-06-30,177.55963334484193,185.57719475765535,177.55963334484193,184.7856903076172,5300275
2014-07-01,185.42821644264157,187.54201147015277,184.20835753199069,185.58651733398438,6046310
2014-07-02,187.16953647497928,188.78981518950383,183.81724058591402,184.37596130371094,4645335
2014-07-03,185.30716529443558,186.98331334992588,183.47271634049048,184.5529022216797,3826565
2014-07-04,185.40029696364502,185.85657186157334,179.83175965212598,182.5229034423828,5043625
2014-07-07,183.3516454390401,183.46339810835013,179.90623888947826,180.62326049804688,2205075
2014-07-08,180.65121007939516,181.5358394519296,171.3392920340655,173.60208129882812,3954280
2014-07-09,173.2016678802901,176.0231777848571,169.70969876980038,172.06561279296875,4742730
2014-07-10,172.642952932167,179.20785792194724,167.41896639922723,170.22186279296875,9839440
2014-07-11,170.40809166022086,171.89800415609412,161.84113033109622,162.8654327392578,6246685
2014-07-14,162.07393213073783,169.06717728248418,160.72370689167653,167.63314819335938,5202885
2014-07-15,169.10444510902283,173.2016835525279,167.62383927346926,172.66159057617188,5345085
2014-07-16,174.13285273681123,175.06404446267655,171.05991719968412,173.70449829101562,4727270
2014-07-17,174.1328623860741,175.43652519098242,171.54415038142832,174.84988403320312,3181945
2014-07-18,173.2016774155718,174.02113075878157,171.33929378744736,173.01544189453125,3603885
2014-07-21,173.57414575583482,176.1349232046454,171.94456010659172,172.9036865234375,2870260
2014-07-22,173.85349140358682,174.49601596425262,169.66312866066173,171.42308044433594,3052820
2014-07-23,172.08422372552184,175.622754918799,170.42670368705146,171.2647705078125,4086045
2014-07-24,172.2611871112481,174.1328776326446,171.3393020556503,172.87576293945312,3637935
2014-07-25,171.3392942880475,174.28186383920766,169.0671839816798,172.02838134765625,15437645
2014-07-28,173.7790019336042,176.9078068196859,173.44377233120767,175.0268096923828,6046565
2014-07-30,175.02681796661184,183.14679743623773,173.8535071983274,182.206298828125,5869820
2014-07-31,181.2750972111204,182.3552830568697,177.29890443944072,178.1835479736328,4784535
2014-08-01,175.80901776208114,182.10386932518247,175.13855851762546,177.5689697265625,5380635
2014-08-04,178.43498107708652,181.00507972467642,178.43498107708652,180.20425415039062,3352435
2014-08-05,180.0366132515181,183.81724956114752,178.97505520295783,181.86175537109375,6089395
2014-08-06,181.07956375904905,181.39616556106122,176.51671541173906,176.8612518310547,4352050
2014-08-07,176.02317216341723,178.08111214537504,171.8235025625105,172.5218963623047,4540920
2014-08-08,170.79919397189164,171.24616204621313,167.2885969953623,168.42465209960938,4061060
2014-08-11,169.70969804561108,171.52551913354546,168.91817936706752,170.87368774414062,3905510
2014-08-12,171.80488233949512,172.08424271352624,169.68176623103284,171.19029235839844,3131065
2014-08-13,169.5234549398466,170.9295493174789,165.04442505401235,168.84368896484375,7146485
2014-08-14,169.4396673319726,170.20323722455754,167.05580437232217,169.54209899902344,3690220
2014-08-18,167.91249001364585,173.20165191865206,167.91249001364585,171.96316528320312,2697090
2014-08-19,172.4753487685447,174.97093600753695,170.84576309553037,174.5984649658203,4473790
2014-08-20,174.50533399825116,174.50533399825116,171.0785550659474,173.17373657226562,2983345
2014-08-21,172.82919182038114,180.80019080413692,172.31703352400137,179.841064453125,7862030
2014-08-22,180.46496704534533,185.42822086188954,180.46496704534533,183.34234619140625,9116475
2014-08-25,182.97917903231897,185.49339391770891,178.97505166210468,179.4685821533203,4207760
2014-08-26,178.4163689764019,179.66416267907516,174.84990238923197,177.9414520263672,3447230
2014-08-27,178.78881016819014,180.7629320669627,177.90418087631707,179.1333465576172,2806625
2014-08-28,179.90625658483302,179.98075363541443,175.5668992982679,176.5819091796875,2418550
2014-09-01,177.2896055253815,182.66258616839727,177.03817976190535,181.8990020751953,2982120
2014-09-02,181.2192273467037,183.63101057321464,179.76657048762928,180.55807495117188,4104940
2014-09-03,181.09817007141766,182.11317989171746,178.60258296708258,178.984375,3235050
2014-09-04,178.41636456936666,178.41636456936666,173.98388225911734,175.53897094726562,3682820
2014-09-05,175.45513728339674,177.83898574668717,173.78831040298678,174.25390625,3606840
2014-09-08,176.36773037570794,176.58191473118546,173.7790181742714,176.12562561035156,2989145
2014-09-09,176.1814723654222,178.32321618487114,174.52395222375452,177.1685333251953,4024210
2014-09-10,176.74019789141647,178.09972989637603,174.78468952291914,177.2989044189453,2993975
2014-09-11,177.34546992460622,181.21923110164298,177.34546992460622,179.7852020263672,5276010
2014-09-12,180.27874342427265,183.817261000443,178.5187914392697,183.32373046875,4550705
2014-09-15,182.14110902996003,188.07279583443764,180.6884379880753,186.17315673828125,6664750
2014-09-16,186.59220598436735,187.49546311166594,178.23009390296104,179.55239868164062,4574415
2014-09-17,180.65121226807918,181.48927921876873,177.29891604760195,180.24148559570312,3640000
2014-09-18,178.80745061082985,185.28853748024704,178.62121509552182,184.5529022216797,4748795
2014-09-19,185.12093050754436,185.98693205112082,181.07024054157563,182.1876678466797,3043365
2014-09-22,182.96986212862902,185.549252905566,181.61031599562,184.24559020996094,3943030
2014-09-23,184.91605501124852,185.67962483943688,178.807439550309,179.93417358398438,3436360
2014-09-24,179.1799335055681,179.8596995754386,169.99838132523558,172.66159057617188,5484255
2014-09-25,170.96680853240002,172.08423577460783,161.28240594592978,162.04598999023438,10997360
2014-09-26,161.46863871217457,169.29065769264528,155.92805081487742,166.67401123046875,12825130
2014-09-29,167.242055881269,167.8007624457007,162.95856784299505,165.20274353027344,4792395
2014-09-30,164.82092840948926,167.05578277217663,163.2565331973796,165.24928283691406,4461695
2014-10-01,165.24929559236932,165.37966187010798,162.0273658584585,163.7500762939453,3298265
2014-10-07,162.3253578799257,164.86750746037652,161.35691047194322,163.1820526123047,4328175
2014-10-08,161.78526355022242,165.17480103127247,161.65489727052275,163.47071838378906,4537055
2014-10-09,165.00717952255218,169.10443185375362,165.00717952255218,168.5177764892578,3975250
2014-10-10,166.6926442779646,169.16031115137193,163.88976198645395,167.5959014892578,5281345
2014-10-13,165.93835768480344,171.89799307527,165.37965119151005,171.3951416015625,4514425
2014-10-14,172.45669706888503,173.72311832772795,169.6631220163366,172.36358642578125,4059340
2014-10-15,172.36358642578125,172.36358642578125,172.36358642578125,172.36358642578125,0
2014-10-16,170.96681201374017,173.92799497633132,170.0356202581291,170.77125549316406,4244520
2014-10-17,171.35791696340598,173.18304491259886,170.96681811715035,171.3020477294922,3735185
2014-10-20,174.50535173337414,178.75159861983687,173.229623411153,177.9414520263672,6378450
2014-10-21,179.59893705747308,181.76861540451264,170.98541390799497,173.65794372558594,22074900
2014-10-22,174.87782963109126,175.49241965293726,171.36723243112098,173.7324676513672,5105380
2014-10-27,174.50531949573397,176.1628395907175,172.344962132921,173.6765594482422,4249160
2014-10-28,173.76038409354976,174.79400749167422,171.33927988982413,171.63726806640625,3104305
2014-10-29,172.54051648050122,172.92230851559512,167.47484519685764,168.5084686279297,4951525
2014-10-30,168.73194106093595,171.05992041941704,166.7298844961856,170.5570831298828,4914345
2014-10-31,171.33928565720532,174.13286096683368,170.78056491173612,173.35997009277344,4637305
2014-11-03,172.45671859361005,178.23010491436176,172.4008493590031,176.8612518310547,5107970
2014-11-05,176.72156982858783,178.8633137032407,175.8276337022591,176.89849853515625,3771380
2014-11-07,176.92643202779607,177.48515275984826,173.66726091149457,175.11061096191406,2872945
2014-11-10,174.69158718335095,177.48516258046942,171.33929102326513,171.81419372558594,3647905
2014-11-11,172.14942812544666,178.21149599932212,171.99112722027405,177.6807098388672,4710310
2014-11-12,177.8576116462492,180.93054704525957,176.51669334785507,177.60618591308594,6331815
2014-11-13,178.4163465164072,179.1612885557206,173.37859569549934,174.03973388671875,4371320
2014-11-14,175.06404675893796,177.662065456282,173.82556004222928,174.80331420898438,4338800
2014-11-17,174.1328620701004,180.1576739960794,173.76039104333358,179.5989532470703,4804210
2014-11-18,180.65120452036868,185.4933989131635,180.65120452036868,183.15611267089844,8742500
2014-11-19,184.37598064912083,184.37598064912083,178.32323380962947,179.3568572998047,3255175
2014-11-20,179.16128852387533,179.9435003991891,176.0138700444175,177.40133666992188,4087590
2014-11-21,178.78881254290218,184.245596660743,176.98229830941597,182.0107421875,6730315
2014-11-24,183.44478700078363,185.08367947504286,181.50790632637214,183.6962127685547,4275500
2014-11-25,183.81722982399046,184.375950509076,177.8762366362765,179.5616912841797,4122685
2014-11-26,178.04387094355386,181.58240265762825,177.44790875446782,180.5301513671875,3142505
2014-11-27,178.9284789313395,187.15090332258205,178.9284789313395,185.92173767089844,6862315
2014-11-28,187.9145080613576,201.71476314725157,187.5420228160825,199.70339965820312,16714480
2014-12-01,201.13742852057433,204.2103642980772,197.78513236168774,201.0908660888672,7160485
2014-12-02,199.3681544783545,208.177220260763,197.98998049171172,204.0520477294922,12124580
2014-12-03,203.97754329117865,207.4695121416022,202.68318740564263,204.00547790527344,5735455
2014-12-04,204.50834682138566,206.41729293018636,200.65321318217957,204.0148162841797,5979545
2014-12-05,204.02413574590167,210.18862111697075,202.86945276089327,208.95013427734375,8194960
2014-12-08,208.95941759058198,211.39914957425526,205.53263885981434,206.81768798828125,6307810
2014-12-09,206.2961968888545,207.4788142914961,201.18396370012394,202.00340270996094,5332955
2014-12-10,202.44109033611227,207.6557700661604,202.0127500678248,206.6221466064453,7675565
2014-12-11,207.65576390783986,209.51814744064558,202.06861330942263,205.19741821289062,6975940
2014-12-12,206.53834183941072,210.26310899897138,202.76701224858374,204.14517211914062,4599130
2014-12-15,202.62733869448957,208.27966545742902,202.31072268792707,204.23829650878906,4887535
2014-12-16,202.99979841912764,205.97960913213217,196.10898525725102,199.61956787109375,7799065
2014-12-17,198.58594148783217,203.88442465861038,194.06034915125744,202.26416015625,6300985
2014-12-18,207.65575044345013,212.125473474139,205.83992945847402,210.44932556152344,5505357
2014-12-19,215.05873179498434,215.05873179498434,207.2832892087302,208.63351440429688,3976054
2014-12-22,210.44935742293097,210.44935742293097,205.60716266028155,207.98170471191406,3937257
2014-12-23,209.84405661019576,211.38051724140294,206.72455871185662,207.2832794189453,3163984
2014-12-24,207.65578876842153,208.40074511250185,203.93102125688034,204.86221313476562,5343495
2014-12-26,206.39863099085525,208.86629747776303,203.97754113875743,206.9573516845703,4406793
2014-12-29,208.81973645464436,209.0525343771133,203.97754250906178,204.39657592773438,2565746
2014-12-30,203.46540046064715,205.70025501099636,201.27709413141707,203.511962890625,4675326
2014-12-31,204.30348559136786,205.7002733621626,203.69821657423412,204.02413940429688,2838870
2015-01-01,203.232592163019,206.63143624531784,203.18602973541397,204.5362548828125,3181076
2015-01-02,204.8621846045485,206.7245681009535,203.9775552855278,204.6759490966797,4451061
2015-01-05,206.21242035273676,206.72457868223486,201.37022585600582,202.7670135498047,3754758
2015-01-06,200.2062496180712,200.48561001744986,192.80327718326805,193.45510864257812,4896890
2015-01-07,192.94292433357322,194.1534764288581,185.8658756845029,189.8234405517578,5008202
2015-01-08,192.47735009412466,194.71221903088784,191.4995958223445,192.33767700195312,3214977
2015-01-09,194.61907076783908,195.03810420284032,189.45095384586887,192.38421630859375,3126189
2015-01-12,192.29110794145677,197.36610044244975,190.70808471300842,194.57252502441406,3567207
2015-01-13,194.89844751974042,196.48147074558702,191.82551172317974,193.08262634277344,2410981
2015-01-14,192.66357099008562,193.8741231294684,187.40234318785818,189.0784912109375,2935769
2015-01-15,197.41265336789908,199.13536380960582,192.89636764268434,195.59683227539062,5358144
2015-01-16,194.85187472136246,194.85187472136246,190.42871388539368,190.9408721923828,4167303
2015-01-19,191.31334896899895,194.1534867488231,191.31334896899895,193.5482177734375,2727640
2015-01-20,193.50165767476446,196.29523305733895,193.1291724317724,194.8518829345703,2995884
2015-01-21,194.89843868873626,202.0686124165853,194.24660729690612,201.13742065429688,6336999
2015-01-22,202.06861055605592,203.930994063485,196.2020996658826,198.15760803222656,3802533
2015-01-23,201.0908683249867,201.97549770182292,192.47734409117092,192.89637756347656,5986702
2015-01-27,194.57251734210618,194.6190797723402,188.6594581327116,190.56838989257812,4183250
2015-01-28,189.9631256998687,196.4814682483936,188.89226082186897,192.4773406982422,6508856
2015-01-29,191.82550122936328,193.03605335073777,184.6553275688724,185.40028381347656,8365165
2015-01-30,188.1007334356647,188.38009380234084,175.06404894012357,176.6005096435547,11653230
2015-02-02,176.9264368062989,180.18560801062546,175.01749083056444,178.6025848388672,5198700
2015-02-03,179.71999954788777,181.2099119634341,163.47070709374927,164.68125915527344,23151027
2015-02-04,164.82093764264727,167.4282773510823,161.51520413064173,164.9140625,6892060
2015-02-05,166.59018449047315,167.33514067008258,156.57987401327543,159.6062469482422,6474368
2015-02-06,158.8613212015577,163.56382825982809,156.71957729477168,158.7216339111328,6248611
2015-02-09,158.3025956143475,160.63057496161733,154.20535764669594,155.2296600341797,4991224
2015-02-10,154.11223720935655,161.00305059136738,152.94824750233724,154.76406860351562,7536862
2015-02-11,156.39364675858462,159.42001985296483,155.18309467906093,157.18516540527344,4871847
2015-02-12,157.74388743017317,158.6750792431231,153.6466491367373,154.71751403808594,5723454
2015-02-13,155.32278388246388,157.97667179579386,155.32278388246388,156.11428833007812,7293616
2015-02-16,157.46452122864673,158.25602564368305,154.7174943626957,155.18309020996094,3955417
2015-02-18,157.3248379584958,159.14065896733396,155.6952524515383,156.39364624023438,6204480
2015-02-19,157.83700485531236,158.76819662437026,151.039302099418,153.97256469726562,6211473
2015-02-20,154.76407492001195,158.2094817516372,152.48265784291277,155.6952667236328,7795303
2015-02-23,156.90581971344236,157.09205523334816,151.41179372749465,152.43609619140625,3782733
2015-02-24,152.71543981341816,153.0879108123468,148.99067298870065,150.24778747558594,5656000
2015-02-25,152.34297879891864,152.48265188045647,148.57164929995085,149.13035583496094,5538181
2015-02-26,150.34089857822823,150.48058585989477,147.547323451192,148.57164001464844,8905957
2015-02-27,150.20124227059446,155.1831099445609,149.03725250440706,154.71751403808594,6938775
2015-03-02,156.16085279931286,157.0920445443402,152.7154461844834,154.34503173828125,4472111
2015-03-03,155.4158959941391,158.95442745409648,153.64663736858958,157.6042022705078,4831921
2015-03-04,167.6145184227609,167.6145184227609,151.83082077972267,153.08792114257812,10791374
2015-03-05,153.46040150075493,153.83287251298583,150.94618664605053,152.06361389160156,5662205
2015-03-09,150.85305488145636,152.90167377264288,148.52507563945858,150.3408966064453,6243195
2015-03-10,150.66683988891785,152.90169458184587,150.10811911125603,152.15673828125,4688547
2015-03-11,152.20329531544525,153.646645432492,149.968440701789,151.92393493652344,4486358
2015-03-12,153.4604136159192,155.60215762747592,153.22761566268173,154.71751403808594,3243182
2015-03-13,156.81268168919104,157.65076277172363,153.6931979181956,154.6243896484375,5387958
2015-03-16,154.57782962151552,156.85924655427826,153.32071508261646,155.9280548095703,2366022
2015-03-17,157.04547367730672,157.46452130714042,153.73975452716178,156.06773376464844,2220029
2015-03-18,156.81267478184867,158.768183012763,155.50901210047752,156.95236206054688,3562679
2015-03-19,158.11636432479983,158.30259983577605,149.7822008810998,150.80650329589844,3507227
2015-03-20,150.43404008764537,152.52922166488594,148.38542094278202,151.64459228515625,4609429
2015-03-23,151.92394385505307,153.08793366150877,149.92188707149327,151.8773956298828,2575948
2015-03-24,151.6445789663562,152.34297276409714,149.0372392796851,150.57369995117188,3666174
2015-03-25,151.31866602269017,151.31866602269017,144.14849207446375,144.80032348632812,4061249
2015-03-26,143.4035480728607,144.8003358787652,136.69896944629124,137.95606994628906,6682880
2015-03-27,138.37509995010672,139.44596478073927,132.78794944136257,136.6523895263672,7981634
2015-03-30,139.12002610157734,139.67874677220894,135.3487113058132,138.32852172851562,4043714
2015-03-31,139.53910296657062,139.58565119150242,133.62602909652537,134.46409606933594,4878263
2015-04-01,134.09162604267138,142.1929922743108,133.16043419515285,141.49459838867188,6851445
2015-04-06,141.91361513435245,142.3326627833817,137.81637717223472,138.42164611816406,4912327
2015-04-07,139.86500255554336,140.84275676660397,137.81638348071,140.23748779296875,5130148
2015-04-08,141.261800834937,143.636342894742,139.49254200308386,142.28611755371094,5274757
2015-04-09,142.8448108741509,152.017055430532,141.07555220658867,150.80650329589844,10677889
2015-04-10,151.22553036534458,154.1122303946486,148.4319551920277,152.3429718017578,6720817
2015-04-13,152.3429693641251,155.41589063851754,151.59801315472234,154.20535278320312,3636655
2015-04-15,155.08998695688683,159.00098941852846,154.20535764669594,155.2296600341797,5842805
2015-04-16,155.60214940447395,156.30054322727884,149.1769177093537,150.80650329589844,5693105
2015-04-17,150.85305444971524,153.97255230860736,150.01498760853767,152.0170440673828,3221014
2015-04-20,151.87737242155055,155.5090143791983,145.82462635289912,149.45626831054688,4771231
2015-04-21,148.99068719844652,151.64458949771253,146.38334733070187,149.54940795898438,4368756
2015-04-22,149.92187301071343,151.27209821779596,147.22142259654836,150.1081085205078,4121436
2015-04-23,151.31867170333862,151.69114275014144,148.52509622573854,148.99069213867188,3630930
2015-04-24,149.45626377139547,149.45626377139547,145.73149707304293,146.7558135986328,3857199
2015-04-27,147.17486605745114,150.75994594327366,144.00880542879295,148.66476440429688,5782192
2015-04-28,148.52510246134693,151.3186780562312,147.50078572634527,149.92189025878906,3453682
2015-04-29,149.92188396453858,150.38747987747192,147.5007795337413,148.99069213867188,3438582
2015-04-30,148.7113263625666,150.24780134490877,147.2214280204623,148.7578887939453,3793999
2015-05-04,149.87530039290874,155.50901298658965,149.50282939863962,155.18309020996094,4247243
2015-05-05,155.1830981546055,156.71957305455564,153.73976232127734,154.4381561279297,3014633
2015-05-06,154.06568474787346,155.4624724866735,147.78013992327325,148.99069213867188,4239348
2015-05-07,148.05948266490964,148.9906743797833,142.00673651823095,145.21934509277344,4699564
2015-05-08,147.12831489868404,149.0372610666732,132.50860543723243,135.67465209960938,24007184
2015-05-11,135.39527733474515,140.37715897528895,132.60170203175431,138.8406982421875,16920116
2015-05-12,138.2819644640707,138.2819644640707,131.94985819902863,132.9276123046875,9420744
2015-05-13,133.2535473447236,135.86087292139138,132.648264171751,134.8831329345703,6265150
2015-05-14,135.0228081398848,141.4480257402392,132.46203074412836,140.23748779296875,7147050
2015-05-15,140.23748491492282,140.93587873579622,136.69895338072584,137.25765991210938,7265749
2015-05-18,137.58358857125947,139.2597366545086,136.1868008700284,138.281982421875,4215926
2015-05-19,137.86294010048888,139.9581215177946,136.97831078828702,139.21316528320312,4561243
2015-05-20,139.213164273317,140.60995187472153,138.42164561564448,140.09779357910156,3297364
2015-05-21,140.9358877055171,140.9358877055171,137.0714331254198,138.7941436767578,2773904
2015-05-22,138.93380096582067,143.1707261086951,138.74756546468663,139.58563232421875,5053228
2015-05-25,138.7475708634899,141.8670689120849,137.39734566665717,140.7030792236328,2644474
2015-05-26,140.98242488465024,142.37921250586749,139.35283932656347,139.91156005859375,2246754
2015-05-27,139.0269344999207,143.31040812884174,138.46821375278114,142.70513916015625,3523690
2015-05-28,142.65858043947816,147.87326018552184,139.77189439448117,145.49871826171875,10042433
2015-05-29,144.33472074279769,145.9643062995712,142.56546210755837,143.07760620117188,3279145
2015-06-01,143.21727729783547,145.17277121958077,142.70511905326285,143.2638397216797,2593483
2015-06-02,143.40354655484194,143.40354655484194,138.5613517207362,141.30836486816406,4215737
2015-06-03,140.70306734900632,141.44800931965955,137.9094923324849,139.53907775878906,2725092
2015-06-04,140.33059623817124,141.07555249244436,133.20698491467053,134.8831329345703,4081741
2015-06-05,134.09160094432474,136.88517596399817,133.30008233854102,133.81224060058594,2356297
2015-06-08,134.0916191516665,134.41754196509274,127.66640141752619,128.78382873535156,3844299
2015-06-09,126.92144035969032,130.04092424585733,125.61776336390491,126.8748779296875,4550384
2015-06-10,127.29393041691826,129.71503505051817,127.29393041691826,128.08544921875,2636899
2015-06-11,129.90124639943835,129.90124639943835,122.91730842097392,123.33634185791016,3884771
2015-06-12,122.68450753036892,124.91936194605071,122.21891167636373,122.82418060302734,3774860
2015-06-15,122.91731116721083,124.03473842695922,121.05492766467734,121.42739868164062,2757526
2015-06-16,121.52052614766622,124.03474108825996,120.58933437641974,123.56914520263672,3190856
2015-06-17,123.98817322746187,125.24528774712874,123.0104332775634,123.33634185791016,2298938
2015-06-18,124.31409703824004,125.71088464541127,121.66019490107136,122.45171356201172,3308221
2015-06-19,123.80194898595843,125.33842400631552,122.45172369572424,124.59346771240234,2459195
2015-06-22,126.16877282855754,133.5680012400795,125.11856850459434,131.80174255371094,5652399
2015-06-23,133.90216561327387,138.2939715248248,133.90216561327387,136.71864318847656,6896968
2015-06-24,137.3869578395747,137.3869578395747,130.89474327496347,131.80174255371094,4147880
2015-06-25,130.9902071486667,133.61573978475508,128.9852636947335,131.9449462890625,5649031
2015-06-26,131.8494918901185,131.8494918901185,129.17621916492885,129.74905395507812,3411146
2015-06-29,125.73915616348266,132.42233090562246,123.73421248173962,131.3243865966797,5778838
2015-06-30,130.79925843166257,133.1383663439977,129.27167002417366,132.51779174804688,3406724
2015-07-01,132.56553816338052,136.4799599776,131.22889459878377,134.42727661132812,4730525
2015-07-02,135.38201058646948,136.00258518929843,133.85442216204962,135.14332580566406,2833710
2015-07-03,135.477470624285,136.4799495793137,133.9498968259119,135.859375,2688959
2015-07-06,133.2338561768824,137.95981222887548,132.56554166103274,137.386962890625,3079695
2015-07-07,137.86432476201006,140.06022767810342,137.72111971954956,138.53265380859375,3577535
2015-07-08,136.81412812868317,137.48244264457261,133.28159605769844,136.00259399414062,2545136
2015-07-09,136.7186483747753,139.39192100633787,136.28901865516937,137.386962890625,3487397
2015-07-10,138.38943419797025,139.7260777229746,137.38695519625773,138.53265380859375,2912877
2015-07-13,139.10549897112477,140.8240324502522,137.57792498713914,138.48492431640625,2673162
2015-07-14,138.53264594898087,140.63306900549162,137.6256321709802,138.15074157714844,2157420
2015-07-15,138.43716413790287,139.53510823311112,135.95483674678604,137.05279541015625,1824927
2015-07-16,137.48243713378906,138.6281211962713,136.814122644688,137.48243713378906,2437394
2015-07-17,137.72113683666552,138.86682102323357,137.48245202412363,138.24624633789062,1773902
2015-07-20,138.2462505636662,138.53267526110457,133.80670417378462,134.9046630859375,3104291
2015-07-21,135.00011059984533,135.668439662431,131.03794893649888,131.6585235595703,3168580
2015-07-22,131.27663635283236,133.7589640311332,129.46263775049505,132.75648498535156,4024846
2015-07-23,132.7087405712917,135.0478485526207,132.3268507422367,133.32931518554688,3350378
2015-07-24,132.4700402184356,134.80914792487658,132.23135546128526,132.70872497558594,3770415
2015-07-27,131.75400188998995,132.7087410341203,128.2692098411794,129.03298950195312,5645768
2015-07-28,127.98278056603164,137.67337670200305,126.16876751674492,135.42974853515625,23448427
2015-07-29,136.2412656554777,136.2890055237595,129.17620219464587,131.41983032226562,7448459
2015-07-30,132.66100358574272,147.98457004248428,131.32437458681792,144.26109313964844,17601728
2015-07-31,142.73349499228775,147.74587525121424,140.34664724994178,144.1656036376953,10309473
2015-08-03,144.16560652282956,151.5648346721801,143.83144200494863,148.0323028564453,9160148
2015-08-04,148.8438292957359,153.2356352613323,146.21829660434236,151.9467315673828,9912356
2015-08-05,153.56980112149327,156.38627875568756,151.13521332753552,151.80352783203125,6021357
2015-08-06,151.32616305281311,155.52700970146157,149.46442452825676,154.62001037597656,5153544
2015-08-07,154.476778405974,155.43151743868313,150.99197219568865,152.6627655029297,2952255
2015-08-10,152.51957668514666,154.95416439093654,150.99198824319453,151.8990020751953,2300821
2015-08-11,152.3286222823246,153.522046125702,146.69565300068595,148.8915557861328,2801635
2015-08-12,146.60019987892227,151.32615577335332,145.12035127791611,145.78866577148438,4438186
2015-08-13,147.45945866327054,150.37141598162677,144.59524121600145,145.931884765625,3240640
2015-08-14,147.98455764655782,159.63237152833184,145.59770994258108,158.72537231445312,8118172
2015-08-17,159.9665486751629,172.37815771664242,159.9665486751629,165.456298828125,11270555
2015-08-18,165.1698777203978,167.84315033123931,160.491661577548,162.87850952148438,8272132
2015-08-19,162.06697273254395,162.73528723224135,158.9640704563686,160.39617919921875,3337718
2015-08-20,159.44144118207055,162.40113843247622,150.8965285353468,151.80352783203125,4320237
2015-08-21,147.9845740207803,153.378844601369,145.5977260527032,152.1376953125,5226166
2015-08-24,145.59772504947335,146.9820939477864,133.42480049615673,136.14581298828125,8034728
2015-08-25,141.1104474625663,141.1104474625663,131.46757634474469,137.62564086914062,6205792
2015-08-26,137.48243771167017,138.72360152131097,133.3770564497029,135.95484924316406,4762592
2015-08-27,139.7260767558509,139.964761537075,135.66843547504126,139.2964324951172,4916923
2015-08-28,141.68328890372817,143.06767237335313,135.09559436951216,136.76638793945312,4350664
2015-08-31,136.52770252262482,140.82402882578435,135.57296334414494,138.29397583007812,4882471
2015-09-01,136.52771139789635,137.19602595264473,127.45768861272141,128.6988525390625,8211414
2015-09-02,131.03794301575618,131.75399734917562,122.82718083194827,123.68645477294922,8014991
2015-09-03,125.8346219554577,127.21899079911374,124.16382845528173,124.8798828125,5099507
2015-09-04,124.11609131792991,126.21651456506217,118.00575921161547,124.83214569091797,9345495
2015-09-07,124.2115678673355,126.50293597470643,121.7292402775477,122.11113739013672,4013604
2015-09-08,123.68645517699844,128.69883552730852,122.39755154536789,126.83709716796875,6070006
2015-09-09,128.88977090780406,131.65850830744776,127.02803268610144,129.51034545898438,5098850
2015-09-10,126.02556778473704,128.74658018917282,124.11608948496828,127.8873062133789,3922991
2015-09-11,128.889784121602,130.60831749018934,126.74162105290864,128.41241455078125,3417864
2015-09-14,128.65109593585703,131.56305315453125,128.12598650820058,130.99020385742188,3010877
2015-09-15,130.6560471961904,132.47004559691942,128.12597992677544,129.08071899414062,3458527
2015-09-16,130.79926900898582,131.1811588576589,128.22147611003274,130.3218994140625,3301842
2015-09-18,132.2313738978127,136.33675520682874,131.56305939824344,132.27911376953125,7905173
2015-09-21,130.70377716229152,134.52273356812225,129.89225766695003,133.42478942871094,4789647
2015-09-22,134.90464362757606,135.52521824237778,127.8873051092458,128.41241455078125,4746097
2015-09-23,126.02555377651952,130.79924899532708,125.64366398627959,129.51034545898438,4059340
2015-09-24,129.0807352500515,130.75152882835363,128.41242073236344,129.70132446289062,3171277
2015-09-28,130.32189582383313,131.70626469734003,128.078252962238,128.74658203125,3171286
2015-09-29,127.45766677584902,131.03793831449647,124.83213431417423,128.93751525878906,7166090
2015-09-30,130.03545617609413,130.65604530178067,126.02555506493316,127.21897888183594,3907543
2015-10-01,128.74657517733974,128.74657517733974,125.78687810064764,126.45519256591797,2458691
2015-10-05,128.12598933925292,130.5128371830101,127.50541472714131,129.94000244140625,3236750
2015-10-06,130.46510252630787,131.563061319212,128.12599445958017,130.6083221435547,3489877
2015-10-07,130.79925714568722,133.52026941722386,129.987723080657,132.66099548339844,3551845
2015-10-08,132.32685527092048,135.1910727913459,131.18115660821937,132.75648498535156,4193643
2015-10-09,134.6182293883738,135.42976354883186,130.7992725262923,131.897216796875,3223252
2015-10-12,130.79927709616433,133.42481003057637,129.5103732829143,131.3243865966797,2638778
2015-10-13,131.18115753457695,132.5655410004229,129.08073425173188,130.46510314941406,2310932
2015-10-14,130.32190106158617,131.84948961191802,128.98527200616888,129.41490173339844,2413396
2015-10-15,129.89225909241424,131.9449423558098,129.89225909241424,131.1334228515625,2209698
2015-10-16,130.7992638596728,132.8519472097673,129.36715513128223,132.4223175048828,2750396
2015-10-19,132.37457266257962,132.7087371805872,130.799258947773,130.99020385742188,1561020
2015-10-20,131.08568688997156,133.47253474096098,131.03794701931915,131.9449462890625,2856456
2015-10-21,131.99269829007144,132.5178077791802,128.60337111654883,129.60585021972656,2267463
2015-10-23,130.94245341530842,131.65850769479752,129.36713982769703,129.653564453125,1391276
2015-10-26,130.79925377986063,130.84699364742733,127.64861190656731,128.17372131347656,1829042
2015-10-27,127.83958175045612,129.1284855854139,127.4576918717394,128.26922607421875,1257623
2015-10-28,127.83955956383704,128.60335375687868,124.02060316679143,124.59345245361328,4038959
2015-10-29,124.59345643707707,125.8823600895534,122.3498136548147,123.01814270019531,4731563
2015-10-30,123.16134608311005,124.59345475849504,121.8247098626011,122.540771484375,2623928
2015-11-02,122.73172111874169,124.25929502372601,121.34734497546182,123.59098052978516,3110192
2015-11-03,124.83215170949984,126.455205452893,124.02061755372115,124.35478210449219,3101756
2015-11-04,125.93007751411885,126.69387168380212,124.59344864329469,125.16629791259766,2731214
2015-11-05,125.07083621692252,125.83463049676557,123.3523027293167,123.73420715332031,2037926
2015-11-06,125.07082811024998,129.3194143957823,122.77945998740383,126.88482666015625,13582215
2015-11-09,123.16135890206215,129.98773847130607,122.92267409798839,129.12847900390625,5171021
2015-11-10,128.41241974162165,131.0379524872682,126.02557179103388,127.69636535644531,4403901
2015-11-13,127.21898504917489,131.56305086692555,126.31198581799151,130.6560516357422,2906613
2015-11-16,130.65605885251227,134.1408509320219,130.65605885251227,133.8066864013672,4746650
2015-11-17,134.61822641420315,135.33428081002336,132.8042277720575,134.4750213623047,3534112
2015-11-18,134.09312901152077,135.90714238508488,129.36717248742144,129.9877471923828,3956300
2015-11-19,131.563039775754,133.28157292415997,130.70376591747035,132.8519287109375,2932388
2015-11-20,132.9474418940937,134.37955078343762,130.8947583133001,133.18612670898438,3098405
2015-11-23,134.04536558737303,135.09558443854198,131.75399754430242,132.51779174804688,3433671
2015-11-24,132.1836274906325,133.66347603175953,131.37210798419446,131.75399780273438,2256924
2015-11-26,132.47005387622858,134.14084734854137,131.08568505565916,133.61573791503906,3584105
2015-11-27,134.42725800769378,139.296418307846,133.7589436019664,137.7688446044922,6935618
2015-11-30,138.38944357799735,139.63060744671205,137.48244425522418,137.8643341064453,3171552
2015-12-01,138.91454224111285,139.20096689132504,136.8141190864949,137.29148864746094,2615148
2015-12-02,137.38695221522036,138.15074641748382,132.89968130814628,133.28158569335938,3734515
2015-12-03,132.6132689828976,132.89969365637958,129.89227100522896,130.17869567871094,3903844
2015-12-04,128.9375239923167,129.2239486484418,127.55315515056918,128.41241455078125,3366987
2015-12-07,128.9852677508302,129.60584238433688,126.9803096656855,127.83956909179688,2442243
2015-12-08,127.45767264933079,128.88978133078396,125.26176975747005,125.93008422851562,3373870
2015-12-09,125.59593273573158,126.50293197588843,124.11608420275846,124.45024871826172,3016932
2015-12-10,124.87987697926079,125.78687620907131,122.3020843273184,123.2090835571289,2573019
2015-12-11,123.92514382792936,125.0230880164687,115.28475165948635,117.43291473388672,7896697
2015-12-14,116.47817644373293,119.43786635556883,115.18928004645878,119.05596923828125,5814037
2015-12-15,119.00823572623543,119.2469205121749,115.7143813098218,116.04854583740234,5102473
2015-12-16,116.76460228897561,117.4806566596339,114.75964422386706,115.3802261352539,6913584
2015-12-17,117.19423594572106,118.14897513876156,116.00081195442044,116.95555114746094,6864105
2015-12-18,116.86007706036402,118.38765829117571,115.90533788059646,116.47817993164062,7206068
2015-12-21,117.43291032476505,117.81480742491388,116.52591108548273,117.00328063964844,3217352
2015-12-22,117.38517328048145,118.10122762896121,114.80738053958694,115.18927764892578,4260147
2015-12-23,116.00080514325587,116.1440174706194,114.80738122202895,115.80986022949219,3614772
2015-12-24,116.28723022074155,116.38270267797049,113.99585482683935,114.66416931152344,3296574
2015-12-28,115.04607666689765,115.80987096089169,114.75965198562933,114.99833679199219,3212031
2015-12-29,115.38022955171327,115.90533901937742,114.09133310317993,114.5687026977539,2931351
2015-12-30,114.61644010694305,115.23701473928321,111.89542764909923,112.46827697753906,5194005
2015-12-31,112.4682759338641,112.4682759338641,109.93821570367244,110.46331787109375,8169315
2016-01-01,110.74973970205268,112.56374551605778,110.27237013437141,112.2773208618164,4070369
2016-01-04,111.70448163338298,111.70448163338298,107.40815541671441,107.694580078125,6341172
2016-01-05,107.88552210617095,108.21967934614368,105.21224961822615,105.59414672851562,7271156
2016-01-06,105.92830835327767,106.73984247776598,104.35299454475762,104.63941192626953,5910731
2016-01-07,103.20729911459301,103.54145635527895,99.77023968281475,100.29534912109375,7497260
2016-01-08,101.20235296047734,101.91840734463166,100.15214132053404,100.34308624267578,3802305
2016-01-11,98.33814061796907,99.53156465459492,97.0969767062453,98.24266815185547,5427630
2016-01-12,98.33812986048505,98.8154994229146,94.75785814226352,95.13975524902344,5896423
2016-01-13,96.23771043316395,96.61960027065861,91.27306242083432,93.56443786621094,8600712
2016-01-14,91.65495604049103,93.8508589425937,89.93642270109923,93.37348937988281,6363630
2016-01-15,94.32823126059107,94.32823126059107,87.11994773947322,88.02694702148438,7222691
2016-01-18,88.79074304593483,89.93642713934643,84.78084143491245,86.73805236816406,9931003
2016-01-19,87.16769595465112,89.17264691170253,86.88127126760847,88.26564025878906,6686327
2016-01-20,85.87877992380619,86.40388934728409,82.58493291204502,83.30098724365234,8017246
2016-01-21,84.63762939879405,86.26068308416144,83.39646555651414,84.58988952636719,11589718
2016-01-22,85.83104946344109,88.79073931719806,85.16272770028209,88.31336975097656,11244721
2016-01-25,89.74548555386373,89.98417035586868,87.45410999779973,87.69279479980469,5318999
2016-01-27,88.12242889833327,90.31832463367842,86.45163533957675,89.50679779052734,6478152
2016-01-28,89.65000860624338,89.69774119380789,86.97673604385248,87.2631607055664,7632697
2016-01-29,87.07220672106395,87.83600094728163,84.11251684161317,87.16768646240234,7763785
2016-02-01,87.6450596168499,87.6450596168499,85.40141671711642,85.9742660522461,5232221
2016-02-02,85.92651963899922,88.7907369602992,85.01952040088676,85.44915008544922,9705728
2016-02-03,84.160252926789,85.92651880087972,83.15777396047957,85.21046447753906,5636876
2016-02-04,86.69031703233476,87.45410397570697,85.16272857742716,86.7857894897461,5823104
2016-02-05,87.21542074438409,91.1775897122566,86.49936637491611,90.4137954711914,6770437
2016-02-08,90.84343296095588,93.37349320375195,89.12489955118602,90.03190612792969,7567138
2016-02-09,87.83600775129096,90.65248552098754,83.25325660715596,83.77836608886719,30890669
2016-02-10,82.3939814364326,82.72813864106465,75.61532847693297,76.33138275146484,26606824
2016-02-11,75.42439097036191,76.85649965967258,72.65564604754499,73.56265258789062,16421708
2016-02-12,73.61038292067023,73.65812278915195,69.21858453135889,70.31653594970703,12215510
2016-02-15,72.56017468022365,75.42439210181142,71.65317541035348,73.03754425048828,14695012
2016-02-16,73.89681316967331,74.46965521450701,68.88443253023534,69.21858978271484,10568003
2016-02-17,69.31406127602327,69.88690331286676,66.16342643134321,69.36180114746094,12451921
2016-02-18,70.60295368485154,71.50996020227205,68.12063347627148,69.17084503173828,7903275
2016-02-19,69.17084533575961,73.323966275307,68.59800332881278,72.70338439941406,16318164
2016-02-22,73.03754585967772,74.27870968334415,71.65317698904201,72.13054656982422,7213267
2016-02-23,70.84164709674604,71.50996892012346,69.12312087395166,69.40953826904297,7656415
2016-02-24,67.5000582588974,70.31654325818627,66.1156893380158,68.93216705322266,13589385
2016-02-25,68.9799025266428,69.8869017915612,67.88195106421212,68.50253295898438,5975910
2016-02-26,69.6004869072979,70.03011661990273,68.31159048540165,69.21858978271484,7290229
2016-02-29,69.79142678948037,72.03506221883097,67.30910658500564,67.7864761352539,18897468
2016-03-01,68.74121498286675,70.65069317683528,68.74121498286675,70.31653594970703,7025298
2016-03-02,73.61038430728674,75.75854731596678,73.32396694324488,75.0902328491211,14897378
2016-03-03,76.52234417733094,76.76102896435688,73.03754482993597,75.42439270019531,9360691
2016-03-04,74.94702111669334,80.62771598196936,73.99228199418769,79.24334716796875,20605169
2016-03-08,79.00466509391926,79.29108975411599,77.19065924219721,77.81124114990234,9177778
2016-03-09,76.37913165863043,79.24334909582907,75.94950195668329,78.95692443847656,8651489
2016-03-10,79.9116624021898,80.10261459896087,77.42934211681808,78.09766387939453,6709519
2016-03-11,78.00218866610679,79.10014018799907,76.80876468232866,78.14540100097656,6118213
2016-03-14,79.62524670522404,79.62524670522404,77.85898073147017,78.57503509521484,4796884
2016-03-15,78.95692818496885,80.62772176928024,78.38408612716418,79.52977752685547,7553332
2016-03-16,79.91166080330889,80.38903035956302,77.28612824391118,79.0046615600586,6788879
2016-03-17,81.15282456320217,81.15282456320217,78.57503187306241,79.0046615600586,6004065
2016-03-18,79.81619056137114,80.77092970034468,78.71823909473527,80.48451232910156,5210801
2016-03-21,81.53472465859059,83.53967541165396,81.24830000068941,82.48946380615234,9559481
2016-03-22,83.0145611749704,83.0145611749704,80.961877953466,82.05982208251953,5653763
2016-03-23,81.91662054619987,82.05982558892165,80.38903210573993,80.86640167236328,5714949
2016-03-28,81.05735642983021,81.39151368020532,78.00218673648783,78.43182373046875,6095882
2016-03-29,78.28860748416167,79.29108646923775,77.38160823791674,78.2408676147461,5203411
2016-03-30,78.76597557702031,82.29850732562994,78.57503067107217,81.67793273925781,8356521
2016-03-31,81.39151110928157,82.4894625693316,80.57998430283818,80.86640167236328,12485726
2016-04-01,80.67545457133032,84.11251390098492,80.43676979449206,83.6828842163086,10487538
2016-04-04,84.49441125977425,84.58988371398598,82.20303593828613,82.9190902709961,5271040
2016-04-05,82.87135499893571,83.44419698971375,78.38407695566532,79.05239868164062,10546767
2016-04-06,79.05240594787158,79.48203565942495,77.33387253349454,77.66802978515625,6204590
2016-04-07,78.19313661238813,78.81371850694708,76.61781558284054,77.33386993408203,7049389
2016-04-08,77.23839911359056,78.14539839741074,76.28365995837704,77.81124114990234,3862497
2016-04-11,78.19313287990727,79.62524151402981,76.570072057453,79.29108428955078,6957616
2016-04-12,79.57750880149693,80.43677551605154,78.9569268807585,79.67298126220703,5233194
2016-04-13,81.05735207647011,81.91661873420145,80.34129774237424,80.77092742919922,5928217
2016-04-18,80.48450925019146,80.57998170362023,77.19065497628921,78.76597595214844,5067674
2016-04-20,79.52977319012803,81.00961448508806,78.3363492664111,80.48451232910156,6313954
2016-04-21,81.24830241077868,87.35863459324261,81.24830241077868,84.58988952636719,19246303
2016-04-22,83.9215723381689,87.11994701846898,83.63514768091389,86.0219955444336,11826755
2016-04-25,86.30841868070534,87.02447302714248,84.4466730095199,85.16272735595703,6476934
2016-04-26,84.68535657894628,86.59483480876769,83.82609720279177,86.06973266601562,7516256
2016-04-27,86.06973541533664,87.9792137061524,85.49689338490823,86.0219955444336,6923537
2016-04-28,86.30842311495547,87.02447749818118,83.92157517086977,84.20799255371094,6551956
2016-04-29,84.30346816807885,85.11499497248882,80.38903190431047,83.01456451416016,9480942
2016-05-02,82.87136116977523,82.87136116977523,79.9116639762191,80.34130096435547,6845550
2016-05-03,80.91413880472882,82.2985075874604,78.86144828088995,79.14787292480469,6894167
2016-05-04,78.95692438880126,79.95940340482272,77.33387075570914,77.57255554199219,6401120
2016-05-05,78.76597536262808,78.76597536262808,77.1429218142428,77.76349639892578,5438243
2016-05-06,77.8112414452929,78.76598060413085,76.47460516610342,77.04744720458984,8653694
2016-05-09,77.81123766942326,79.1478738837511,77.62029276055416,79.0046615600586,5731887
2016-05-10,78.95692575009855,79.43429533089498,77.6202967511339,78.813720703125,5975377
2016-05-11,77.42934512920712,78.62276909015077,75.71081899589736,75.90176391601562,9023281
2016-05-12,76.76103160489586,76.85650406617411,74.70834090904502,75.75855255126953,9312004
2016-05-13,75.75854673426507,75.8540191882126,73.32396638023677,74.08775329589844,6032591
2016-05-16,73.46717170412917,73.51491157332882,70.3642695922679,71.55769348144531,8869168
2016-05-17,71.84412665932865,72.22602380602858,69.69596340373411,70.41201782226562,10832961
2016-05-18,69.60048664427619,73.65812809896349,68.83669239799646,72.7511215209961,53402234
2016-05-19,71.12807027738437,72.08280947573853,70.12559120547971,70.69844055175781,14829522
2016-05-20,70.88937988779224,71.2712769938357,69.40953133340442,70.03011322021484,7170774
2016-05-23,70.45975278353698,70.60295782999094,68.78895925681162,68.97990417480469,5762911
2016-05-24,68.78895175400154,69.40952631183382,67.83421270000613,68.5979995727539,5335725
2016-05-25,69.7914366613707,70.93712811447158,69.40953951033707,70.65070343017578,6753231
2016-05-26,70.8416396197234,71.70090628246987,69.6959555921157,71.1758041381836,7655312
2016-05-27,71.89185445118949,74.18322237810978,71.41448491906759,73.13301086425781,8606243
2016-05-30,74.46965052430347,75.32891717947709,72.94206940626223,73.70585632324219,8799323
2016-05-31,74.37418109409754,75.90176227424719,72.22601801086412,75.42439270019531,10240573
2016-06-01,75.42439578077555,76.14045017109937,72.79886301625488,73.2284927368164,8993217
2016-06-02,73.13301513596001,74.32643903597268,72.56017312077022,73.94454193115234,6057502
2016-06-03,74.51739015814675,75.1857046189045,72.03506265457501,72.70338439941406,7616323
2016-06-06,72.98979843873228,74.27870200080011,72.60790864087025,73.51490783691406,5897442
2016-06-07,73.99228571448222,75.09023721738444,72.8466016235036,74.135498046875,10613718
2016-06-08,74.23096959965058,77.71576898622544,73.89681235087365,77.04744720458984,17047951
2016-06-09,77.524816201124,80.5799858568836,77.2861314132091,78.57503509521484,22320765
2016-06-10,78.57503942508933,81.10509248914033,78.24087487632903,80.3890380859375,18694884
2016-06-13,78.81371747647378,79.67297685946372,78.04992326483669,79.24334716796875,8970712
2016-06-14,80.67545443057773,86.64257384112342,80.67545443057773,85.83104705810547,28103102
2016-06-15,87.02447275249094,87.40636985953509,85.4491517384847,85.92652130126953,18835068
2016-06-16,85.44915408056855,88.74300124043266,84.58988738718784,88.40884399414062,23936547
2016-06-17,89.36358208759559,90.65247847036214,88.83847993080707,90.31832122802734,15970335
2016-06-20,88.21789532015823,92.41874886570508,87.83599821891193,92.13232421875,17693806
2016-06-21,92.60969543457031,94.42370123495036,92.22779832647744,92.60969543457031,12387930
2016-06-22,92.51422297856747,93.46896210675892,91.65495630637886,92.60969543457031,10891950
2016-06-23,93.56444190191081,95.18749563351521,93.56444190191081,94.75786590576172,11372569
2016-06-24,91.46401244501124,98.33813133331938,89.31584938190474,97.76528930664062,26994254
2016-06-27,99.05418738246547,100.19987145542517,98.24266055711222,99.62702941894531,15188902
2016-06-28,100.15213430775927,100.72497631815526,98.62455318534285,99.57929229736328,10418872
2016-06-29,100.43855347340191,100.62950566968166,99.34060930213963,99.67476654052734,6618702
2016-06-30,100.72497546022214,101.67971456411051,99.9134486787333,101.10687255859375,8714879
2016-07-01,101.29782444482223,101.87066648980588,100.10440048273882,100.48629760742188,7061717
2016-07-04,101.39329671039695,108.50610788121347,100.82045466651259,107.5513687133789,22334797
2016-07-05,107.88551937531493,111.17936638951281,107.45588968966524,108.79251861572266,17612794
2016-07-07,111.70447636203302,113.51848213583958,111.13163435032605,111.56126403808594,16287980
2016-07-08,112.56374551605778,113.32753245389887,108.84026143132763,112.2773208618164,15826201
2016-07-11,115.52343260895441,122.63623608322855,114.47322104205291,121.53829193115234,28664551
2016-07-12,122.63624326411616,123.44777738450021,118.76955400264711,120.53582000732422,27472799
2016-07-13,121.1563949929957,121.44281235667496,117.95802041871505,119.39012908935547,14121570
2016-07-14,118.57859643623625,127.79183773531625,118.48312398053253,126.93256378173828,32394959
2016-07-15,127.93504503391222,131.27663203106664,127.64862037766635,129.79678344726562,28503057
2016-07-18,130.99021040816766,131.61079960576527,125.5482000861279,126.21651458740234,20155095
2016-07-19,126.02556914762295,128.36467717650297,122.92266687694284,125.21403503417969,33819095
2016-07-20,125.54820150281391,125.93009134551897,122.73172385041394,123.54324340820312,17487077
2016-07-21,123.16135030841201,123.35229522471488,116.95554583550754,118.05349731445312,16629689
2016-07-22,117.24196339133668,117.28969597547986,113.9958490222713,114.75963592529297,21835148
2016-07-25,114.04358424903774,125.50045361657264,113.75716688529819,124.3070297241211,32101748
2016-07-26,125.7391449603153,128.84204724270202,122.97040721252795,123.4477767944336,25554181
2016-07-27,124.11608755465387,127.26672961390462,122.77945859286898,126.78936004638672,18362804
2016-07-28,127.21899053375235,130.41737248325452,122.68397961416267,123.11360931396484,64858706
2016-07-29,122.68398274315672,123.59098203657459,117.33744487420127,117.76707458496094,22168964
2016-08-01,119.81976006318699,120.29712962519172,114.56869488113496,116.71685791015625,18871095
2016-08-02,116.95554708605,119.05597032416678,114.99832889465075,117.14649200439453,18591611
2016-08-03,117.05102214003536,118.7695555795599,115.2847561119074,116.09628295898438,12484041
2016-08-04,117.43291584438053,118.19671008057828,115.14154041986897,116.90780639648438,13542657
2016-08-05,118.29218306951839,119.53333960380311,116.52591708498284,117.91028594970703,10784130
2016-08-08,118.62634457213282,118.81728949684552,115.95307192166324,117.33744812011719,7678168
2016-08-09,117.4329220321502,120.15392730534703,116.52592270244527,118.19671630859375,15356570
2016-08-10,118.24444123342681,118.43539343220074,113.85264263876861,114.28227233886719,12995177
2016-08-11,113.61395887149277,113.61395887149277,109.41310515388174,110.9884262084961,12331905
2016-08-12,110.32011651773699,118.33991990098181,110.12916430894234,117.33744812011719,21812608
2016-08-16,118.1967091060812,118.1967091060812,115.61890904322826,117.05101776123047,10314844
2016-08-17,116.90780425799824,121.01318545532226,116.81233180124033,119.34239196777344,13020777
2016-08-18,120.34487007870081,122.30208820604535,120.01070555641164,120.8699722290039,10505709
2016-08-19,121.87245520216197,123.06587186779966,120.86997617076499,122.44529724121094,11746246
2016-08-22,122.20661274868564,123.543241748359,120.63129167440577,121.68150329589844,7084937
2016-08-23,121.63376727487898,122.0633969720637,119.39013176409365,121.10865783691406,7811577
2016-08-24,122.20661535840915,122.20661535840915,119.96297973637974,120.63129425048828,7590313
2016-08-25,120.72676328665098,121.63376985472965,119.43786688367781,120.0584487915039,4990619
2016-08-26,120.05844055732774,120.29712532980751,116.7645936107393,117.2896957397461,7612957
2016-08-29,117.24196885772574,118.19670799407828,116.1917499804727,117.57612609863281,5588874
2016-08-30,118.29218412295249,121.82471612348205,117.91028699974022,121.29961395263672,8091845
2016-08-31,121.63376521439976,124.02060572775916,120.96544346066749,121.7769775390625,12256198
2016-09-01,121.49055752460336,122.3020916339584,119.3423944249542,120.0584487915039,6989295
2016-09-02,120.34487330555251,121.06092767123232,118.67407978563296,120.44034576416016,6841019
2016-09-06,121.5860326659533,127.17125539145498,121.53830007757918,126.69388580322266,16168091
2016-09-07,127.93504798132903,135.95485113199769,127.93504798132903,132.89968872070312,32963976
2016-09-08,133.6634852913198,137.19601734610052,133.37706062349136,136.14581298828125,15259938
2016-09-09,136.19353798289137,139.20097513600126,133.90216978180513,138.29397583007812,21172922
2016-09-12,133.37705164843965,136.19352912820804,129.60583505226413,130.99020385742188,16293600
2016-09-14,131.84949580302606,135.95486290950632,131.56307111536898,135.4774932861328,11923165
2016-09-15,136.09805840503694,136.7186329781187,131.03793838088578,132.4700469970703,11864416
2016-09-16,134.57047661081126,136.90958455092033,131.03794476573194,131.6107940673828,14310678
2016-09-19,132.4223041470198,133.90215259737897,131.467565091067,132.13587951660156,6831658
2016-09-20,132.13588595185428,132.61325550307942,130.6560519975864,131.27662658691406,6289148
2016-09-21,131.75401348303694,132.6132729610953,129.1284806056576,129.60585021972656,8304597
2016-09-22,134.61822378390744,135.238798420894,131.41984171780445,134.7614288330078,10960659
2016-09-23,135.00010638453077,135.42975064510995,132.7087383128687,132.9951629638672,8968324
2016-09-26,131.27663347439866,135.09559008456299,131.27663347439866,133.8066864013672,10127982
2016-09-27,134.71370352345042,135.47748320950734,132.47006063320808,133.37705993652344,8289234
2016-09-28,133.13836439489626,140.53759240953303,132.80421445126177,139.86927795410156,21069168
2016-09-29,141.3013941349507,143.73598187996257,125.8823626968143,130.41737365722656,34985624
2016-09-30,130.79927024595716,135.52522636675857,130.32190064651937,134.33180236816406,15959086
2016-10-03,136.7186425700534,137.72112158534713,135.57295851035906,136.8618621826172,12933258
2016-10-04,137.48244553256265,140.4898682013218,134.9523924663471,139.10549926757812,27243314
2016-10-05,140.537581957432,141.20589636315938,137.00505046873454,137.7688446044922,14790271
2016-10-06,138.15075550570933,138.53265991604593,134.14085389023882,135.5252227783203,12147845
2016-10-07,135.47748711979506,137.95981487561855,134.23633781004744,137.10055541992188,11947869
2016-10-10,138.34169329095744,139.487391894707,136.8141194328962,137.9120635986328,7198394
2016-10-13,136.52770413235007,137.48244332208677,129.60584500675887,131.70626831054688,11908050
2016-10-14,132.56553031397067,134.80915846571813,132.04042089354888,132.66099548339844,11186258
2016-10-17,133.18611564029857,135.04785412808934,129.46263866471702,130.46510314941406,11933751
2016-10-18,133.23385266159718,134.9046461912205,131.08568955208145,134.42727661132812,10742701
2016-10-19,135.57296982831534,135.8116546343511,133.42480657399344,134.5227508544922,7757181
2016-10-20,135.47747191854796,139.72607255101218,134.76141759642422,139.2487030029297,12951807
2016-10-21,139.77380636832802,141.25365497119,136.5276990708323,140.87176513671875,11120267
2016-10-24,141.44459823751833,141.96970767990987,139.10549025031585,140.39439392089844,10264829
2016-10-25,141.0149737491815,141.7310281330482,139.3441801868259,139.6783447265625,5409087
2016-10-26,139.10549076965253,140.82402414745755,136.76638277371723,137.48243713378906,7700465
2016-10-27,137.4824423316247,138.19849671876858,134.76142983321245,135.38201904296875,7229997
2016-10-28,135.47747428781344,138.00754167779462,135.238789509598,137.4346923828125,6544009
2016-11-01,138.1507571522377,139.10549633721263,136.81412812053836,137.386962890625,4844200
2016-11-02,135.28652816300735,135.42974776954708,130.035463089461,130.51283264160156,10367286
2016-11-03,130.56058687838052,131.99269569240298,126.50294523865023,127.12351989746094,8462202
2016-11-04,126.93256238332447,127.0757819914244,122.87492114592645,125.69139862060547,10318429
2016-11-07,132.80422003437695,134.85690335553218,130.13094753210368,134.09310913085938,18907953
2016-11-08,133.6157389467371,134.80916286474684,131.89720559117046,134.236328125,9438660
2016-11-09,123.16136105396815,137.95981916510385,121.2996224632969,135.763916015625,18051951
2016-11-10,140.3466560215941,154.0948940495053,139.2964371220583,152.08995056152344,37273635
2016-11-11,150.32368669495517,156.91139602841812,147.36400386528138,148.65289306640625,27229891
2016-11-15,149.89405369811604,153.951695279116,144.45204319723126,147.69815063476562,20356688
2016-11-16,151.32616845354124,151.8512779454041,141.0627216972285,142.06520080566406,17007653
2016-11-17,142.87671356733685,145.7409311295407,139.86929095428835,140.9195098876953,14077616
2016-11-18,141.96970423785365,145.3590310276649,139.63059630736285,142.97218322753906,15123798
2016-11-21,144.1178723975119,144.35655718603647,129.0329908491254,130.27415466308594,19917880
2016-11-22,132.4700560133069,133.4725350264997,127.74410017187022,131.18115234375,17367369
2016-11-23,132.23136568936434,133.13836492305958,129.74903819572856,131.27662658691406,9296620
2016-11-24,129.65357594959906,132.80421797235306,128.88978173678552,131.6107940673828,11254248
2016-11-25,132.89968650530548,135.28653437561687,132.23137201525094,133.9499053955078,9294203
2016-11-28,128.60336214447648,133.47253769554555,127.5054179359822,130.89474487304688,11349555
2016-11-29,130.7992618378936,132.56553506953915,129.22394808827912,129.94000244140625,7979580
2016-11-30,130.60832759682108,132.32686109839062,129.27168395419395,131.897216796875,9497325
2016-12-01,132.66100885650528,133.18611832986156,129.55810645813932,130.17869567871094,6752406
2016-12-02,129.27167228880728,131.5153150700811,126.88482446539382,127.93504333496094,11985518
2016-12-05,127.45766234216178,129.84450995156556,126.98029282028104,129.51034545898438,6543450
2016-12-06,130.75152583942318,130.75152583942318,127.69636342257192,127.9827880859375,8168652
2016-12-07,128.7943077246069,129.84452663494912,122.82718793439786,125.45272064208984,10675568
2016-12-08,126.50292588126668,128.22145910875778,126.21650124865782,127.07577514648438,5657612
2016-12-09,127.88729515993414,129.9399928956665,126.50292642588703,129.08071899414062,7767465
2016-12-12,128.88978933426438,128.9375292069098,124.45025797334965,124.92762756347656,7027428
2016-12-13,124.92762686637727,125.35725658146139,122.0634020575164,123.54324340820312,9389839
2016-12-14,123.87740362696978,124.21156815380684,120.96544633135443,121.34734344482422,5545921
2016-12-15,119.81976289799555,122.63624046682574,119.05596866708484,120.58355712890625,8959317
2016-12-16,120.77450150358463,121.58602831774101,118.96049567635875,119.5810775756836,5403339
2016-12-19,119.43786373487906,119.81976084378711,117.95802245347242,118.72180938720703,5083897
2016-12-20,119.24691832072484,119.53333568813964,115.33248936007097,115.95306396484375,6513285
2016-12-21,116.19175526462863,116.81233718829685,114.42548923886667,115.09381103515625,6777947
2016-12-22,114.56869927834491,114.90285652775707,112.65922095703915,113.99585723876953,6499471
2016-12-23,114.04359323008975,116.00081148147582,113.70943597070436,114.5687026977539,6720177
2016-12-26,114.09132133019502,114.09132133019502,108.84025633173415,109.84273529052734,6426119
2016-12-27,109.41311188073325,111.46580263663982,107.55137333705177,110.74974822998047,8762885
2016-12-28,111.5135309051085,112.08637291400187,108.4583613842083,108.79251861572266,8946526
2016-12-29,108.31515731342718,109.79500595955834,106.93078841278725,108.02873992919922,14396639
2016-12-30,107.88552425275216,110.84521416924142,107.45589454767918,110.2246322631836,9685951
2017-01-02,111.70448760860255,112.22959708791686,108.07647569571596,110.36785125732422,9784247
2017-01-03,110.22463490179473,113.27980463395339,109.12669067719584,112.70696258544922,10254310
2017-01-04,113.04111346705218,113.51848302790623,109.65178667135595,110.03368377685547,8678158
2017-01-05,111.37032643594658,112.65922286787283,110.9406894359166,112.32506561279297,6286481
2017-01-06,112.80243070595958,115.85759303648489,112.42053359362353,113.66169738769531,11922173
2017-01-09,114.33000946044922,115.47569348921782,113.94811235616588,114.33000946044922,6694500
2017-01-10,115.47569856733244,115.61891089824672,112.94564561886772,113.99585723876953,6545625
2017-01-11,115.14154267710198,119.24692403000377,114.71191296336934,118.0057601928711,15259256
2017-01-12,118.62634086608887,120.67903152099046,118.38765607561385,120.29713439941406,16048380
2017-01-13,120.29712521849127,120.7744947630091,118.0057499479895,119.43785858154297,6583850
2017-01-16,118.72181729899827,123.30456105905097,118.38766003796557,122.87493133544922,8138804
2017-01-17,124.02061755372115,126.69389025539682,123.4000428944769,124.35478210449219,12895124
2017-01-18,124.92761827288771,125.78687764394944,123.63871464813246,124.45024871826172,7963577
2017-01-19,124.64119807890984,126.69388140986246,123.2568292346746,126.26425170898438,9142340
2017-01-20,125.83462616225584,126.98031025847399,121.20413533684301,122.15887451171875,7903538
2017-01-23,121.44281554170517,124.73666265693194,120.96544597230526,123.87740325927734,5153324
2017-01-24,124.49798147565639,125.78688517760696,124.11609163634843,125.45272064208984,5005743
2017-01-25,125.73913043524412,127.88729330566912,123.92513206081664,127.21897888183594,13157954
2017-01-27,128.12598590806905,132.42231191177737,127.93504099931455,131.1334228515625,11400945
2017-01-30,131.22888541730092,134.47500707435094,130.1786811559137,131.41983032226562,10399258
2017-01-31,131.6585301170035,132.13589971796168,128.22147773100295,129.41490173339844,8428944
2017-02-01,130.51283201298037,134.52273331801484,128.55561394499853,134.18858337402344,18070233
2017-02-02,134.23633462697669,137.86433185892434,132.99517077849598,136.14581298828125,12319698
2017-02-03,136.47996110651724,144.35655923989418,136.1935364425799,143.3540802001953,19284357
2017-02-06,145.5977247222353,148.27099733568616,141.82650788076754,142.44708251953125,18121892
2017-02-07,143.163125033608,148.6528748548593,140.96722219147497,144.7861785888672,49440931
2017-02-08,145.07260505477413,145.59771447964474,139.58285516455803,143.11538696289062,19165911
2017-02-09,143.2108881828717,144.1656274374242,137.57793240827806,138.10302734375,15635676
2017-02-10,138.72359872126208,140.63307698427144,137.95980450242573,138.53265380859375,9057524
2017-02-13,139.10550268447193,139.58287229874134,133.5202869384186,135.90713500976562,10159858
2017-02-14,136.43222308613184,138.19849639758058,135.23879911033234,137.53018188476562,9227243
2017-02-15,137.19601098430792,138.15075012068885,132.4700551728549,133.4725341796875,9307895
2017-02-16,134.33178032733454,135.9071084879017,131.80172769270465,134.57046508789062,8738826
2017-02-17,135.62070941678192,137.1960233060258,133.18612148672503,133.9021759033203,7242602
2017-02-20,133.90216689733518,136.95732928902495,133.09063278584355,136.575439453125,7037820
2017-02-21,137.19600890800257,138.5803777211715,136.62317417574107,137.29148864746094,8887995
2017-02-22,137.48244099782485,138.19849537802185,135.09559306383483,135.5252227783203,6822132
2017-02-23,135.76390457770907,137.00506838964515,133.28159152200027,133.8066864013672,7758688
2017-02-27,133.66347971209237,134.8569036380932,132.37457604474622,133.32931518554688,4881818
2017-02-28,133.66347786018676,135.9071206372479,133.52027281831602,135.00010681152344,5188965
2017-03-01,135.57296782122881,138.00755572038372,135.57296782122881,136.19354248046875,6092933
2017-03-02,137.14828012035943,137.6733895934854,131.80174934641832,132.9474334716797,5912934
2017-03-03,132.70873865798757,133.99764230675117,131.80173940093607,133.61573791503906,6415383
2017-03-06,134.2840518538668,135.38201058646948,133.94990190163693,135.14332580566406,3898856
2017-03-07,136.43222536139731,136.95733483313902,134.7137064621175,135.09559631347656,4555750
2017-03-08,135.0955878603775,135.6684371697362,132.61326027737385,134.85690307617188,5724981
2017-03-09,134.52274403906472,135.90712749846563,133.99764914692085,134.7614288330078,3555545
2017-03-10,135.76391441064956,136.90959856304437,134.42728532754967,135.2865447998047,4159067
2017-03-14,138.43717268014683,139.39191180207885,136.62317417574107,137.29148864746094,5530287
2017-03-15,136.52770824102674,140.06024043572813,136.3845031855222,138.81907653808594,6275582
2017-03-16,139.86928643537897,142.1606545838468,139.15323206796236,141.49234008789062,8592406
2017-03-17,142.06520333856074,142.20840839881993,137.62565708438282,138.24624633789062,7365829
2017-03-20,137.95979834437932,139.8215366540793,136.9095795193371,138.62811279296875,4685006
2017-03-21,138.77135432496152,139.24872394483663,135.09560242465727,136.38450622558594,7549120
2017-03-22,134.33179103453452,135.04784537327743,129.7013150515615,130.22640991210938,9415163
2017-03-23,130.3696389805787,131.1811585491414,129.22395486909002,129.70132446289062,8454835
2017-03-24,130.22642058374643,136.95733483313902,130.17869527844957,135.09559631347656,18367831
2017-03-27,134.9523871465284,141.5878214466833,134.85690740251783,140.58534240722656,16938800
2017-03-28,141.3968862560952,142.7335153552329,139.48740778980448,142.06520080566406,10298223
2017-03-29,142.25612007092954,144.30880322455403,140.06021731727608,142.1129150390625,12009076
2017-03-30,142.25612057232414,147.02981589354306,141.77875104020222,146.26602172851562,13801286
2017-03-31,145.59771447964474,145.88413912667986,142.73349714561894,143.11538696289062,11204474
2017-04-03,145.02488558805473,145.02488558805473,142.7335172257435,143.16314697265625,4498149
2017-04-05,143.87918256371373,145.59771589446126,141.8264992816471,144.35655212402344,8301745
2017-04-06,143.64050072305375,146.3615130997677,143.21087102361554,144.6907196044922,7704706
2017-04-07,144.02238862327312,145.6454420619989,142.06517069650315,142.6857452392578,6675203
2017-04-10,142.63802683225578,146.0750936874615,141.8265072748903,145.35903930664062,6333658
2017-04-11,145.50224848164282,152.662792492908,145.31130355497524,151.0874786376953,16514618
2017-04-12,150.84878511503234,152.75826340762768,147.60267784488553,151.61257934570312,8897267
2017-04-13,150.94427198349663,154.9541736736347,148.12777971441216,149.22573852539062,11314637
2017-04-17,149.22573147995894,152.04220904790444,147.02982852984164,151.61257934570312,7391840
2017-04-18,151.5648386737792,156.09984959472695,147.98456689408366,148.8438262939453,11678752
2017-04-19,149.5598685865243,151.3261416826401,142.59028507207424,146.26602172851562,11838556
2017-04-20,147.1253152352916,150.7055872033649,145.21583685231917,147.84136962890625,8232953
2017-04-21,148.8438229823148,150.08498675196057,145.64545567117858,147.8890838623047,7156933
2017-04-24,148.41418647730436,149.8940349590034,147.22076263208936,148.1277618408203,7810199
2017-04-25,149.51214581788798,154.6677310247825,148.7483516399356,153.8084716796875,14159303
2017-04-26,154.61999991720833,161.92376303696344,153.71300065307437,159.5846405029297,23060379
2017-04-27,158.2480081582178,160.30069142621767,155.28831107731486,157.2455291748047,12027538
2017-04-28,157.81839086080745,162.97397665432075,157.29328139320646,161.2077178955078,14727193
2017-05-02,162.30565402058372,166.36329537109833,162.16244897665436,162.97396850585938,12782804
2017-05-03,164.2151337530184,169.9435686513795,161.54186122015057,166.98387145996094,19280628
2017-05-04,170.42094259268472,172.2349411963778,167.46124532543425,171.32794189453125,15515354
2017-05-05,173.5238452060221,177.39054178174226,163.83324839867342,166.41104125976562,25487298
2017-05-08,166.55424922809976,169.27526175415548,164.2151411199656,168.12957763671875,11955725
2017-05-09,168.98882882645324,169.17977374200302,163.3081338219085,165.7427215576172,11702741
2017-05-10,166.12461064160308,167.50897948331712,163.0694483020568,164.35833740234375,6404722
2017-05-11,164.7879829837935,168.22503518011166,163.35587425995348,164.2151336669922,8622609
2017-05-12,164.2151378378832,166.17235605714185,159.53692171511594,161.49412536621094,8539232
2017-05-15,162.25791068484813,163.5468143253404,158.67763898143946,159.25048828125,7476618
2017-05-16,159.77560750022113,169.9435739335889,157.34101967911283,166.267822265625,51532461
2017-05-17,165.16988583504587,165.26536558475965,156.86365749570248,157.5797119140625,26536944
2017-05-18,156.00435693489757,156.95909599708952,150.75329209284195,151.32614135742188,13905573
2017-05-19,152.28088766827312,154.90642021427783,147.12530231429258,148.17550659179688,16311602
2017-05-22,150.37141859433345,150.8487881771726,143.4495596431657,144.1178741455078,11857847
2017-05-23,145.07260637801724,147.3639890070358,138.9622818369602,142.97218322753906,18177361
2017-05-24,142.9244385831135,145.45450590762064,139.8692764146512,140.77627563476562,12578488
2017-05-25,141.77877281667432,145.02488030642337,137.8166109187602,143.8791961669922,18805386
2017-05-26,144.16560066152147,146.36150345277971,142.82897178066628,143.83143615722656,9285518
2017-05-29,143.64049942124595,144.97714294625032,136.57543567537655,138.53265380859375,8154328
2017-05-30,137.38695175069657,141.30138791895982,135.95484308935573,139.72607421875,10767305
2017-05-31,140.20344058575225,144.73845124358553,138.437167449647,143.688232421875,16851657
2017-06-01,144.16561241388428,145.40677622909342,142.4948188925313,145.02487182617188,9103808
2017-06-02,146.45698322140066,147.07757242436946,144.07013529035981,146.12283325195312,7997880
2017-06-05,146.50471792047747,147.74588171442514,145.8841433075852,146.83888244628906,5133407
2017-06-06,147.12531123779726,147.50720107674996,142.30387553816075,142.73350524902344,6081488
2017-06-07,142.73351615168048,146.0751034863352,142.49483134206227,145.45452880859375,7023536
2017-06-08,145.88415040369313,146.21830037759534,143.92693216051438,144.45204162597656,5183430
2017-06-09,144.16562079856772,145.83641441709418,142.8767170370102,145.26356506347656,4215439
2017-06-12,144.16561627105204,144.16561627105204,140.82402913894157,141.68328857421875,6329251
2017-06-13,142.06519592833868,143.68824965533088,140.82403205422793,142.0174560546875,4610203
2017-06-14,142.82897801129576,145.7886605389174,141.5878142431228,145.12034606933594,8829217
2017-06-15,141.87423432704085,143.8791776712681,140.06022131864967,140.77627563476562,12486764
2017-06-16,141.77875819391323,142.1606480116149,140.0602248779302,140.96722412109375,6445657
2017-06-19,141.77876636654088,142.2561359502666,140.1557126955061,140.58534240722656,3972793
2017-06-20,140.25118044554975,140.91950952956327,137.00507304390055,137.386962890625,11058383
2017-06-21,137.5779268704409,140.01250021702046,137.005077513502,139.58287048339844,6615254
2017-06-22,140.29892460476182,141.20592394456534,138.19850124727887,138.96229553222656,4476023
2017-06-23,139.15323621009412,139.91703047170682,135.6684440122012,137.386962890625,6011716
2017-06-27,137.86431881204845,137.86431881204845,129.46262647193876,130.79925537109375,11185507
2017-06-28,128.31694128811907,131.99269299629407,126.64614770588749,130.3218994140625,10796349
2017-06-29,131.7540026825846,133.42479619486375,128.69884031662107,131.80174255371094,9372758
2017-06-30,130.65606363862625,132.32685721677663,129.3671599082161,131.085693359375,5476662
2017-07-03,131.27663987329234,133.66348787098855,130.41738042138732,132.9474334716797,4541871
2017-07-04,133.0906266397497,133.99764045241236,129.65357457088226,130.36962890625,4799590
2017-07-05,130.22641417278385,131.37211280678704,129.1284699780546,130.41737365722656,6423645
2017-07-06,134.09310513978153,137.67337680372103,133.42479067614536,136.81411743164062,16877517
2017-07-07,137.100550858101,138.246234950297,136.0025920699503,137.6733856201172,6501418
2017-07-10,143.0199344268108,147.26852093396334,142.25614015663234,146.31378173828125,6633454
2017-07-11,147.36398594773794,148.0800402729103,141.96970129054193,142.6380157470703,10977204
2017-07-12,143.0676807124118,145.97962373522205,141.68329716209456,145.45452880859375,7270322
2017-07-13,146.9343531171811,147.9368321639631,144.16561533860582,145.35903930664062,5383408
2017-07-14,143.2108714084742,147.88908738055238,143.2108714084742,146.69566345214844,7808933
2017-07-17,146.40925854176325,147.02983317921522,144.6429852379942,145.9796142578125,7437053
2017-07-18,145.979616550977,151.7557915731014,145.02487735949077,147.84136962890625,12397695
2017-07-19,149.5121545124502,151.6603175682718,148.60514067879504,151.1352081298828,6062912
2017-07-20,149.84630991071998,151.51710345925528,148.84383086796606,149.65536499023438,5441983
2017-07-21,150.8487938373198,152.47184756624043,148.89157556060783,151.0874786376953,6926819
2017-07-24,151.32616275896308,156.0043789980629,150.84879316035435,153.9994354248047,8443748
2017-07-25,154.90643826801363,156.8636565804103,154.04717879826111,155.5747528076172,6869914
2017-07-26,155.14510494379024,156.2907889589734,150.94425869873112,151.70803833007812,8868577
2017-07-27,152.71052467126964,153.6175239533585,146.5524600455299,147.17303466796875,11133709
2017-07-28,147.02984805378162,152.23317417841554,146.07510878070514,151.66033935546875,7759390
2017-07-31,147.8890843455954,156.0043668922017,147.36398948240412,154.95416259765625,13159766
2017-08-01,156.38627366558575,156.76816349339242,149.89404461573042,150.3714141845703,11446128
2017-08-02,151.80352295159034,154.85868527975072,150.22820920105605,151.7557830810547,31565886
2017-08-03,150.70557933747656,150.70557933747656,141.49233787960975,142.5425567626953,19702626
2017-08-04,142.3038701301477,145.4545121703452,141.2059113905985,144.21334838867188,12895805
2017-08-07,144.45204131120516,146.07509500878106,144.21335651543916,145.21583557128906,5372108
2017-08-08,146.0751026712417,146.0751026712417,138.91455842265142,142.06520080566406,11529949
2017-08-09,141.77875924131615,143.49729256999498,139.86928100237586,141.5878143310547,7478797
2017-08-10,140.82401941357216,141.58781361893932,133.80668109349514,136.6708984375,8506146
2017-08-11,132.7087313102945,138.05527595293813,131.22888283169115,133.9976348876953,14050916
2017-08-14,135.09558954922105,137.2914925049965,133.99764535541496,136.71864318847656,5282514
2017-08-16,137.3869584824743,142.35161373958073,134.3317961022142,140.87176513671875,8003091
2017-08-17,141.3968781614753,143.30635651845316,138.9145504701386,139.6783447265625,8384523
2017-08-18,137.48242915209218,137.95979869775917,134.3317872370576,135.71615600585938,9195713
2017-08-21,136.52768594042377,137.38694526942737,130.60830666642937,131.37210083007812,9064019
2017-08-22,132.70873691724694,133.18610647450325,129.51035505636474,131.75399780273438,9256850
2017-08-23,132.70875019120285,136.623186779504,131.99269578369635,136.19354248046875,9488136
2017-08-24,135.09557241342117,138.9145285240479,133.9021486288503,137.7688446044922,8742823
2017-08-28,137.76886636828144,139.34418018550775,137.434701828548,138.29397583007812,5356187
2017-08-29,136.7663882641082,138.81907168478565,133.90217070883892,134.61822509765625,6956667
2017-08-30,135.81163870828195,136.86185755895028,134.90463946533896,136.05032348632812,4286281
2017-08-31,136.14580461477505,138.43717268014683,135.0001060139263,137.29148864746094,8964249
2017-09-01,137.57791364600828,139.2009672437696,137.3869541666081,137.9120635986328,5319966
2017-09-04,137.95981584625045,138.81907530799253,135.19107796449103,136.19354248046875,4522734
2017-09-05,136.8141307453016,137.38696552637802,135.9548567214408,137.10055541992188,3193574
2017-09-06,135.81162681854028,136.14579130581532,132.08815043425963,132.70872497558594,12625243
2017-09-07,134.04536426948303,134.04536426948303,131.324366566109,132.66099548339844,8834660
2017-09-08,133.09062805501557,133.4725324455038,130.89473972440067,131.6107940673828,4807096
2017-09-11,132.6132712085153,133.18612056509323,131.51532693793257,131.897216796875,3593970
2017-09-12,133.09063817343144,135.5729659117574,131.75400912551072,135.09559631347656,7355454
2017-09-13,135.52521570853506,138.24622803860527,134.76142149586946,136.52769470214844,6517642
2017-09-14,136.5277095407299,139.20098229152393,136.5277095407299,138.67587280273438,6985935
2017-09-15,137.67339759283436,139.77382103921684,137.10056278100183,138.10302734375,5237646
2017-09-18,139.3919102169689,140.63307397499912,137.95980155035622,138.198486328125,4089953
2017-09-19,138.9145514138504,138.9145514138504,135.47748452067518,137.386962890625,3878878
2017-09-20,137.48245202412363,139.8215602734011,136.28902796141423,138.24624633789062,9509565
2017-09-21,137.67338725456364,139.1054960288514,134.9523893243152,135.38201904296875,4955855
2017-09-22,135.28654728905852,135.28654728905852,130.84701565378018,131.46759033203125,4339014
2017-09-25,131.2766252855827,132.23136437856874,127.31446387695553,131.41983032226562,5005117
2017-09-26,131.2766372798642,131.99269166502708,129.36715891942978,130.46510314941406,4156603
2017-09-27,131.08567099900787,131.94493029393442,126.0732911195598,126.64612579345703,5049669
2017-09-28,126.78936389071802,127.8395682302024,124.30703623709402,124.83214569091797,6456704
2017-09-29,125.93008124656046,126.74161530743238,122.5884944022967,123.2090835571289,5696269
2017-10-03,124.92763116302378,125.07083621692252,122.39756352155393,123.73420715332031,6869737
2017-10-04,124.02060424719949,126.21650710826287,123.16134487764377,124.06834411621094,4823213
2017-10-05,124.49798056606895,127.26673286939545,124.11609072955109,126.35973358154297,5435195
2017-10-06,126.98031855630148,131.6585349916362,126.93257868080528,130.84701538085938,7521348
2017-10-09,130.7992686894879,131.61080282614077,129.0329953653205,131.085693359375,4262474
2017-10-10,131.27662491624372,131.5630495569662,130.03546118522132,130.79925537109375,2373107
2017-10-11,131.7539949468729,132.5177891355597,124.87987638501635,125.7391357421875,5753051
2017-10-12,126.02557660373805,128.22147971576936,124.06835829588046,127.74411010742188,5371109
2017-10-13,127.74410169564223,130.56057928579827,126.40745813938686,128.88978576660156,5481433
2017-10-16,129.3194057607237,130.17867967553704,126.02555884101152,127.79183197021484,4427314
2017-10-17,127.74410553898474,130.60832308663836,127.31447582046945,128.3169403076172,4220328
2017-10-18,127.07578721951509,127.79184158498607,124.49797984928888,124.97534942626953,6126357
2017-10-19,125.07082357059424,125.5481931262072,122.97040043952978,123.68645477294922,1148287
2017-10-23,123.73420228778548,125.93009072476075,123.16135295838801,125.07083129882812,4381410
2017-10-24,125.54819696204348,135.28653328044769,125.0708273918456,131.9449462890625,13692564
2017-10-25,145.1203595591422,197.20138624876984,145.1203595591422,192.90505981445312,166547247
2017-10-26,202.40469307761052,220.97436601473044,191.99804251550793,203.93228149414062,124669249
2017-10-27,204.31418099834153,204.31418099834153,186.41282168189804,187.74945068359375,39213574
2017-10-30,187.89267578441817,203.3594477717342,185.9354575283814,194.71905517578125,46136900
2017-10-31,194.71905118150443,197.5355288247761,187.70172700943738,188.22682189941406,27023668
2017-11-01,192.85731075533693,196.9626920662367,189.27703889725518,189.89761352539062,28141909
2017-11-02,190.04083311541734,194.28941947281174,187.17661562933168,188.51324462890625,20686765
2017-11-03,190.23176831739397,202.40469201148068,190.0885632776698,198.39479064941406,96398855
2017-11-06,197.44005069821483,198.2038448992152,190.66139719556034,192.093505859375,21545767
2017-11-07,195.53059464994308,195.53059464994308,180.11154754702588,182.16424560546875,27782722
2017-11-08,184.12145039427688,186.03092868898273,177.62922127864434,180.49343872070312,22869578
2017-11-09,182.73707000637586,187.6539854376776,181.87781058677461,183.59634399414062,21212153
2017-11-10,181.40043090626287,187.12886556646066,178.536213576164,181.49591064453125,26367774
2017-11-13,183.30992053069525,183.73955024330635,178.05885509882637,179.15679931640625,13730302
2017-11-14,179.77738317069162,181.35269692613556,174.9082077241433,175.71974182128906,14459551
2017-11-15,176.53126383995877,178.63170163439153,171.04151370157837,172.5213623046875,15478328
2017-11-16,174.14442092435246,182.40292358740805,171.94853246085322,181.0185546875,22146185
2017-11-17,189.03836505756556,191.80710296094094,181.2095063880063,182.16424560546875,28196846
2017-11-20,182.06874943324655,182.06874943324655,178.05884799524364,178.77490234375,13291834
2017-11-21,180.3979575563577,183.0234901908773,176.91316552326063,177.86790466308594,13806005
2017-11-22,178.53621926073745,184.21691423267376,175.19463226922633,180.6366424560547,23941016
2017-11-23,180.73211022030972,181.01853485709063,176.57898940739219,178.058837890625,14256077
2017-11-24,178.5362155580609,180.63663870981725,176.67447718646233,177.6769561767578,11782239
2017-11-27,176.5790042158382,178.20205786949452,174.57406072655573,177.4382781982422,10556535
2017-11-28,178.24980722366885,179.34776605379017,174.5263301396572,175.38558959960938,13720114
2017-11-29,175.767478299688,176.34031303235602,172.33041163102837,173.38063049316406,9800911
2017-11-30,172.7123141064657,172.7123141064657,167.4135232423003,168.12957763671875,17254860
2017-12-01,169.08430746051621,169.94356685894223,162.40113348291737,163.73776245117188,13167162
2017-12-04,164.11964558164013,166.45876803286487,161.82827756724504,165.36080932617188,12795662
2017-12-05,164.59703158274158,169.75263198265412,162.92623798954256,167.98635864257812,17498518
2017-12-06,167.46123534263089,167.84313973043825,163.21264918439323,164.31060791015625,12381441
2017-12-07,164.31061024731275,167.84314211784155,164.26287037713743,166.0291290283203,11340699
2017-12-08,166.45876635147815,167.36576557434125,164.21512366025047,164.88343811035156,8766071
2017-12-11,166.17235022891063,167.36577415389826,164.07192703456502,165.12213134765625,7926307
2017-12-12,165.0743863401357,168.27276818683856,162.5920733943055,165.8381805419922,16854655
2017-12-13,165.16987133058186,165.83818581539666,158.91632704576244,160.20523071289062,11545396
2017-12-14,161.35091776754567,162.92623155162025,158.62990533887495,161.92376708984375,12678906
2017-12-15,164.3106215513938,166.07688032409004,163.0217178088024,163.833251953125,8768732
2017-12-18,160.39617638221154,172.4258954381427,154.52453646691373,170.6596221923828,27671940
2017-12-19,172.66458022442575,172.8077852689303,168.3682540713308,170.6596221923828,13603472
2017-12-20,164.11966434483557,164.97893837459324,161.73281632022676,162.7830352783203,63640511
2017-12-21,163.26038433151905,166.98386095392033,162.78301478669005,165.64723205566406,18059283
2017-12-22,166.02914037691218,169.1320427642818,164.35834678371313,167.98635864257812,22577624
2017-12-26,167.9386152001859,167.9386152001859,164.74024770207353,166.41104125976562,9993708
2017-12-27,166.31554268052167,169.65712941748805,164.88343407896468,166.22007751464844,14740959
2017-12-28,165.40855065270182,166.60197453908495,162.3056485481057,163.06944274902344,18945479
2017-12-29,164.0241773232001,165.79043588531613,162.9262186371863,163.64227294921875,9789074
2018-01-01,165.1221331936871,165.5517628978532,161.25543671986568,162.0669708251953,7869149
2018-01-02,162.78301207956946,163.16490188181677,157.9138369760242,158.8685760498047,13729132
2018-01-03,160.39618409389448,161.63734795587288,158.67765063639854,159.05955505371094,8534233
2018-01-04,159.77559735937643,171.56661673572745,157.9138444231753,168.46371459960938,31613344
2018-01-05,172.23495015112778,172.33042990077627,167.4612540319927,168.0341033935547,15500426
2018-01-08,169.03656908245634,170.08677340445422,167.17483065731912,167.74766540527344,7302294
2018-01-09,167.3657673794281,169.8480803020278,166.1723435027467,166.74517822265625,11152776
2018-01-10,166.55425089534197,166.98388062266093,162.3056643595627,162.92623901367188,9021131
2018-01-11,162.59207493264373,165.74271694000933,161.87602059315896,164.93118286132812,8683647
2018-01-12,165.64725248504976,166.98388154815336,163.69003419623334,166.31556701660156,11223630
2018-01-15,167.03160991250792,167.8908838808624,164.07192731438877,164.35833740234375,7104648
2018-01-16,164.4538330851649,165.12214763544844,157.62745338814085,158.0570831298828,11916843
2018-01-17,158.0093302430411,168.98883053183246,155.28831782246655,167.60446166992188,25299752
2018-01-18,172.52137230509138,174.47859059890345,161.01676191284412,162.7830352783203,32923946
2018-01-19,163.0694544535681,169.9435736189022,161.68508555963115,168.41598510742188,21519974
2018-01-22,168.12958314320315,169.2752672981627,164.40609142937913,168.0341033935547,11370450
2018-01-23,168.08184137841147,179.30002713223791,167.3180470943053,177.3905487060547,28176767
2018-01-24,176.865423825912,187.46303399578244,173.8580013937892,185.8399658203125,50753260
2018-01-25,188.08361732339068,188.08361732339068,171.85305136147372,172.71231079101562,45808402
2018-01-29,173.4761022608732,174.09669145506476,164.78798465566229,166.07687377929688,18481283
2018-01-30,165.45631312354405,167.93862640541366,163.64229982754523,164.83572387695312,16914910
2018-01-31,163.73776376064887,167.27029569199814,161.159970976592,163.5945587158203,15313331
2018-02-01,164.97891769910282,166.69745097508397,158.48668897215325,159.96653747558594,15801115
2018-02-02,157.53194305044914,161.064474617342,153.23561733089142,154.52452087402344,17622089
2018-02-05,150.84879154955755,158.67764996950942,149.79857261656724,156.29080200195312,20688955
2018-02-06,144.40429565459445,157.24553423884146,144.40429565459445,153.7607421875,27530912
2018-02-07,156.5294643904043,157.43646357459954,148.55740206092196,149.4644012451172,22887593
2018-02-08,149.89405239524197,154.19037873778075,149.5121625476152,152.1376953125,16358889
2018-02-09,148.93930028527512,150.8487784940607,148.2709858258327,149.70309448242188,9608396
2018-02-12,149.94178119176146,156.52947526974364,149.41667176394253,154.3335723876953,15391679
2018-02-14,151.75577642179366,151.75577642179366,138.1030044330017,139.2487030029297,68396778
2018-02-15,131.37211421237748,133.377057707008,119.58107976188437,122.44529724121094,177112217
2018-02-16,119.91523289107558,122.58849807615294,115.09380467030746,119.86750030517578,156691203
2018-02-19,116.4781771811293,117.91028591696285,108.41063421623294,111.22711181640625,130898125
2018-02-20,108.7447887770575,113.08884746461646,105.97604383271968,111.27484893798828,146638863
2018-02-21,112.80243258641028,114.09132898845938,110.32011224096725,111.99090576171875,67541786
2018-02-22,109.41310119628906,111.51353162116051,108.5538345353908,109.41310119628906,45302555
2018-02-23,109.2221616037634,111.6567420967297,107.21721082012006,108.31515502929688,45035931
2018-02-26,109.79500361851284,109.79500361851284,105.16452014011365,106.9307861328125,42608524
2018-02-27,101.96614822928143,101.96614822928143,91.70270195453215,93.89859771728516,202069429
2018-02-28,89.3635859717173,97.7652936863233,87.83600473744764,96.81055450439453,210781693
2018-03-01,96.14222251839664,99.05417962833185,94.32822409222702,96.47638702392578,122105493
2018-03-05,95.37844442312804,97.76529234520792,94.32823279422927,95.56938934326172,59237515
2018-03-06,96.4286563493756,97.38339552115158,92.41875474154914,93.42122650146484,43475662
2018-03-07,91.65495899460078,92.5142256919915,89.79322055365563,91.1775894165039,52573179
2018-03-08,91.79817362284368,93.03933018651661,90.03190759648636,92.27554321289062,34680221
2018-03-09,92.99159708804623,93.23028188176089,90.70022161156916,91.27306365966797,30239013
2018-03-12,91.84590239590183,91.94138213721027,87.1199465643973,90.31832122802734,45021305
2018-03-13,89.93642144491022,98.00397131248947,89.07716207129751,93.51669311523438,86099105
2018-03-14,89.74547526209236,95.80806708096,89.07716080675183,94.80559539794922,83449240
2018-03-15,94.80560056655074,96.42865420890962,93.37349184067584,94.08954620361328,42911688
2018-03-16,93.94633160993598,97.62207579427324,93.1825373942455,94.37596130371094,55339873
2018-03-19,94.08954729300142,95.90354587284715,91.75043197654068,92.18006896972656,33530881
2018-03-20,91.654957259241,93.08706596641665,90.93890290565318,92.46648406982422,27906714
2018-03-21,93.13480830583245,94.66238951049759,92.75291118364572,93.18254089355469,23276651
2018-03-22,93.23028059071139,93.7076501715301,91.36853485506936,92.18006896972656,16401398
2018-03-23,90.17510884286692,90.79569074056967,88.55205521879654,88.93395233154297,23075193
2018-03-26,89.17264420095186,92.08459443831428,88.83848693228171,91.46401977539062,26795299
2018-03-27,92.80064364784626,95.47391621551333,91.94138422917203,94.94880676269531,29403384
2018-03-28,93.51669376758892,94.6623850805336,90.27058659111589,90.98664093017578,30109801
2018-04-02,91.9413833618164,92.46648552559897,91.08211666716657,91.9413833618164,13543335
2018-04-03,93.13480261344442,94.42369894847589,90.36605775191822,91.12984466552734,25344799
2018-04-04,91.65495384903352,92.60969295162761,89.93642055073163,90.12737274169922,21491684
2018-04-05,91.55948385037603,93.65990701876461,90.84342950423243,92.60969543457031,25894057
2018-04-06,92.75290804322806,98.19491817686821,91.51174425916484,97.52660369873047,47882204
2018-04-09,99.19740118518817,100.7727222719546,96.71508080087106,100.48629760742188,50232626
2018-04-10,101.91840141117694,101.91840141117694,99.53155360295266,100.43855285644531,29470636
2018-04-11,98.81550466206782,99.43608658294549,96.71508138964694,97.5743408203125,24512955
2018-04-12,97.62207462640457,98.24265650871877,95.66485652466316,96.6673355102539,20289152
2018-04-13,96.90602518046568,98.33813392697502,96.23771067906068,96.71508026123047,15646434
2018-04-16,96.18997290199155,97.14471208712298,93.9940698625565,94.66239166259766,18763829
2018-04-17,95.28296629985938,95.80806844105811,93.18253588282039,93.51669311523438,17990215
2018-04-18,93.61218116267305,94.51918048602738,92.60970209237026,92.75291442871094,19430044
2018-04-19,93.42122069281687,93.42122069281687,91.4640098828186,91.75042724609375,15064019
2018-04-20,90.89116766781268,91.17759233747942,88.59979944680649,89.36358642578125,21889815
2018-04-23,89.65000510125081,91.0821137856667,89.02942321452097,89.84095001220703,15414423
2018-04-24,90.1273762563246,90.36606104128091,88.69526754658665,88.93395233154297,11744430
2018-04-25,88.8862158647025,89.55453765862168,87.83600422749448,88.12242889404297,12918338
2018-04-26,88.17015240208123,88.40883717159639,86.40388656448532,86.88125610351562,18724350
2018-04-27,87.11994731306861,90.31832200418411,86.97673498395683,89.17263793945312,25205308
2018-04-30,90.12738358527193,91.36854019752381,89.12490449330349,91.08212280273438,13703163
2018-05-02,91.55948226995844,91.65495472431331,88.36110770254085,88.59979248046875,10845584
2018-05-03,88.79074258166767,89.36358462537821,87.64505849424661,87.88374328613281,11643684
2018-05-04,88.55206386573866,88.93396101577663,86.97674267438346,87.40637969970703,11462253
2018-05-07,88.31337110723985,90.36606173033256,87.9314739915814,89.55453491210938,13839790
2018-05-08,89.93642238446759,91.32079848190419,88.17015646547193,88.45658111572266,18546850
2018-05-09,88.98168588320033,89.26811054188718,88.50431630811002,88.79074096679688,6730710
2018-05-10,88.88621436439405,89.41132381617568,86.92900345628797,87.2631607055664,11303169
2018-05-11,87.69278800094169,87.74052787127422,83.25324957103257,84.78083801269531,19914360
2018-05-14,84.97178456914426,86.73805054438319,84.01704541668197,85.25820922851562,15634508
2018-05-15,84.97177922812716,87.35862695925432,79.76845408790241,82.05982208251953,29556673
2018-05-16,75.56760285384323,76.37912964955345,70.79390725074613,72.17827606201172,98523673
2018-05-17,72.5601774131192,73.51491658960761,71.03259618755412,72.98980712890625,37034469
2018-05-18,72.94207370447782,73.51491574698866,71.12806783312539,71.36675262451172,25068232
2018-05-21,72.5601785444248,75.13797144750184,71.89186402409578,74.61286926269531,29693002
2018-05-22,74.5173986482074,79.76846433097691,73.13302241593706,77.8589859008789,47285396
2018-05-23,77.71576260136743,79.72071321339098,76.09270179423895,76.90423583984375,29450321
2018-05-24,77.0474427771116,78.76597607789826,76.42686818679319,78.38407897949219,19933989
2018-05-25,78.24087074679528,80.72319837414742,77.62029612403893,79.57750701904297,19102160
2018-05-28,79.91166778964602,85.54463050272699,79.81619532686472,84.68536376953125,34946952
2018-05-29,84.49441201419842,85.162726483729,81.39150987808378,81.77340698242188,27758350
2018-05-30,80.77093232172153,83.06230778643969,80.4845149411829,82.20304107666016,18814541
2018-05-31,82.72814714094586,83.06230437991081,79.48203263939742,79.86392974853516,17359606
2018-06-01,80.19808907343736,81.00961589891176,78.33635063357953,79.19561004638672,20636225
2018-06-04,79.81618511123074,81.1528212713396,78.47954895112187,79.43428802490234,15456025
2018-06-05,79.43429712658657,80.00714646375751,77.3816137100243,78.90919494628906,14615089
2018-06-06,79.0046632761648,81.63019589259325,78.5750335798364,80.86640167236328,18167507
2018-06-07,81.24830190670107,82.91909545412946,80.53224752923177,82.20304107666016,17624425
2018-06-08,82.10756898381523,87.07220977618061,81.53472693609334,86.35615539550781,39225458
2018-06-11,87.83599866568883,90.41379136507106,86.9767320045343,87.4541015625,37150478
2018-06-12,87.26316329743713,88.50431987220468,86.54710890596596,87.59732055664062,21847334
2018-06-13,87.97921327520766,88.98168500252659,86.7857893492935,87.16768646240234,19488548
2018-06-14,86.8812613244929,88.1224251141897,85.25820770788772,87.54957580566406,19136052
2018-06-15,87.93147299311792,88.93395199982797,85.54462515245739,85.78330993652344,21610044
2018-06-18,85.44915443894553,86.54710592486565,84.20799062284773,84.49441528320312,12204751
2018-06-19,84.30346949767684,85.59236588784194,82.53719625047404,82.8713607788086,16686961
2018-06-20,82.8713646614758,83.6351516435413,81.82114572450254,82.29851531982422,15014284
2018-06-21,82.3462491783993,82.63267382830456,79.43429194599435,79.625244140625,17947960
2018-06-22,79.62523908357336,79.91165643120665,77.90670586144982,78.19313049316406,26172821
2018-06-25,78.19313739216189,78.67050696441675,75.90176198852225,76.18818664550781,18367654
2018-06-26,75.90175890749744,77.47707988880893,75.28117703194063,76.23591613769531,24559936
2018-06-27,76.23591977045552,76.61781688777165,71.8441211315242,73.27622985839844,23005577
2018-06-28,73.27622921278275,74.94702271274849,68.40706104112752,69.50501251220703,48215340
2018-06-29,70.22106417992364,72.8943293070359,70.22106417992364,72.70338439941406,30436895
2018-07-02,73.32397281115679,76.14045051207734,71.03259729504278,74.61286926269531,27653723
2018-07-03,74.46965365120664,74.61286598042913,72.41696302323525,73.65812683105469,20767258
2018-07-04,73.41944150536374,73.65812629095718,72.17827770664512,72.65564727783203,15453638
2018-07-05,72.60791615060643,74.46965460202433,71.74864944838211,72.13054656982422,20437925
2018-07-06,72.51243914708706,74.46965741588085,72.03506954826732,73.46717834472656,20777411
2018-07-09,74.46965432960278,75.04249636762952,73.94454487903059,74.2787094116211,16419039
2018-07-10,74.70834367654503,75.32892562396535,73.94454938986122,74.32644653320312,13975359
2018-07-11,74.46965460202433,74.66059952070452,71.9395943670623,72.13054656982422,15332841
2018-07-12,72.65564727783203,74.18322844881384,72.32149003481751,72.65564727783203,15854520
2018-07-13,72.84659971288204,72.8943322997065,69.83916994783984,70.50748443603516,17764493
2018-07-16,71.79638082560136,71.98733302514404,70.17332719193749,70.50748443603516,19426203
2018-07-17,70.93712343848857,76.18818888783859,70.74617123351766,75.13796997070312,38586630
2018-07-18,76.3791297904128,78.24086816542155,71.12806461732193,71.79637908935547,50685774
2018-07-19,72.13054574959096,73.41944214622987,70.84164206887039,71.89186096191406,22782507
2018-07-20,72.0828066981133,72.7511211975757,71.31901245522907,72.13054656982422,14332633
2018-07-23,72.13054088308667,76.18818199983293,71.5576916040458,75.37664794921875,28920645
2018-07-24,75.8062955242649,76.66556227907509,74.75608383908897,75.71082305908203,25963685
2018-07-25,75.99722789366193,76.80875463970887,74.85154393266399,75.66307067871094,17521847
2018-07-26,76.47460420916755,78.04992525835434,76.09270709359475,77.19065856933594,46087316
2018-07-27,77.42934565123372,80.62772043130968,77.19066085743579,78.28861236572266,59634047
2018-07-30,79.4820324431337,83.01456430475149,79.4820324431337,82.01209259033203,81035764
2018-07-31,82.10757303038571,83.2532571822931,80.48451926783653,81.24830627441406,37202427
2018-08-01,81.24830319834503,84.68536280802195,80.6754611440792,83.44420623779297,42891508
2018-08-02,82.20304271186679,82.77588476842102,80.62772159328121,81.2960433959961,38618382
2018-08-03,81.82114020246827,85.25820688408541,81.63019529085909,84.1602554321289,60845280
2018-08-06,85.44915658973785,86.59484069183344,84.20799274239941,85.9742660522461,49669291
2018-08-07,86.1652151632032,87.4063790708767,78.76598616026885,79.10014343261719,139034363
2018-08-08,79.67297904268263,79.8161913717991,76.42687176447794,76.80876159667969,60658357
2018-08-09,78.00218326463089,80.05487383140147,77.4770811185798,79.625244140625,45391038
2018-08-10,80.1503472549564,80.9141414745434,78.86145088297467,79.4820327758789,51034567
2018-08-13,78.7659751120425,78.90918743269881,75.99723028765143,76.76102447509766,30972235
2018-08-14,77.33387251539796,78.14539935040986,75.90176376511282,76.28366088867188,20667786
2018-08-16,75.56761032794488,79.00467004530485,75.09024072042037,77.8589859008789,39893139
2018-08-17,78.7659819593383,80.10261826152525,78.5750370379181,79.67298126220703,25610532
2018-08-20,80.19809315871625,81.05735989937604,79.05240902722456,80.3890380859375,25753772
2018-08-21,80.43677177020099,81.05735366203962,79.48203263939742,79.86392974853516,16719748
2018-08-23,79.91166655679878,82.05982971460608,78.28861286231047,80.67546081542969,26998678
2018-08-24,81.34377663137431,83.92157683247515,81.20057157915927,81.9166259765625,62911086
2018-08-27,82.58494165146456,83.20552359467926,81.15283283669928,81.39151763916016,25336814
2018-08-28,81.63019313043439,81.91661777434912,78.76597582761212,79.14787292480469,24887374
2018-08-29,79.62524660154317,80.96188286894245,79.14787702633498,80.34130096435547,23031862
2018-08-30,80.29356705313052,82.0121005650738,79.81619744248873,81.24830627441406,40695329
2018-08-31,80.67545616465021,84.4466727995427,79.86392936418896,84.1602554321289,45793988
2018-09-03,84.30346465316804,85.258203744216,82.10756183012523,82.44171905517578,30610408
2018-09-04,82.48946857091518,82.91909829850162,79.1001414876637,79.38656616210938,25579702
2018-09-05,79.43429386871836,80.05487576914679,77.71576777993376,79.33882141113281,21704587
2018-09-06,80.19808712521115,80.86640160428864,79.10013566608541,79.4820327758789,25079939
2018-09-07,79.57750000601169,80.81866371030608,78.71823338642949,80.5799789428711,19594125
2018-09-10,79.95940345512874,81.15282738729483,78.2886099500962,78.95692443847656,21243030
2018-09-11,80.00714778117923,80.67546230677414,77.71577224701066,78.00218963623047,27909748
2018-09-12,78.09766318567901,78.62276533295173,75.61533563827545,77.47708129882812,35789023
2018-09-14,78.95691894644337,79.52976822130252,78.3363443721478,79.05239868164062,20505103
2018-09-17,78.67050515128166,80.24582616023226,77.33386892295746,79.24334716796875,26030699
2018-09-18,78.47956096979614,78.86145811460979,75.04250123463758,75.71082305908203,37211584
2018-09-19,75.90175544425892,77.09517927199884,75.13796128087299,75.66307067871094,24270870
2018-09-21,75.94950667832282,76.71329367194338,64.34942387969643,69.55274963378906,50163352
2018-09-24,70.65069014050655,71.03258721970386,65.5428376479753,66.06793975830078,37491629
2018-09-25,66.02021509126864,66.49758467647797,60.76914965396585,63.91978454589844,58214340
2018-09-26,65.0654703294569,66.06794200180016,63.25146460473138,64.0152587890625,43152887
2018-09-27,64.63583657611348,64.63583657611348,58.477772064208985,59.67119598388672,47047470
2018-09-28,59.71893377042911,60.53046424220857,55.80450466856867,56.997928619384766,68264539
2018-10-01,57.28434602176876,60.67366909964862,55.89997359783456,60.33951187133789,39640035
2018-10-03,60.91235792275266,63.3469420620633,59.86214629937658,61.7238883972168,42231670
2018-10-04,60.29178242703517,62.53541810846126,60.00535775107351,61.867103576660156,32208001
2018-10-05,62.05804206909185,63.34693840909517,60.14856385158132,60.96009063720703,31872123
2018-10-08,61.10330346114744,61.676145474279416,58.33455856624792,60.00535202026367,29733364
2018-10-09,60.578197916528794,61.007831249108,58.716455903379355,59.81440734863281,24773210
2018-10-10,59.957618872989926,63.91978422511893,59.480249290176246,63.29920959472656,30162010
2018-10-11,61.10330389549984,63.012782142234215,60.24403722765309,61.38972854614258,27655306
2018-10-12,62.15352171726868,64.5881096400247,62.10578912675479,63.49015808105469,22188888
2018-10-15,63.96752814630908,64.87452749743728,62.39220696648651,64.49263763427734,21390663
2018-10-16,65.1132106092978,67.16590134872858,64.77905334568861,66.78400421142578,21972857
2018-10-17,67.7864845677426,67.92969690744863,63.108260936532666,63.49015808105469,24801387
2018-10-19,63.203727964330355,64.34941929933451,62.29672869769009,63.01278305053711,18158920
2018-10-22,63.872051691214125,64.39715386230345,62.43994294156395,62.72636032104492,16020570
2018-10-23,62.48767330476108,63.25146752434808,60.960092149668604,61.819358825683594,16070344
2018-10-24,62.821842193603516,63.34694438248537,61.6761507846138,62.821842193603516,17199693
2018-10-25,62.248986235195545,63.681094881257536,62.05804132935311,62.67862319946289,23250113
2018-10-26,63.012782090080364,64.20620599330158,62.29672774814763,63.1559944152832,20915568
2018-10-29,63.824312917274675,68.55027624287341,62.63088893870154,67.69100952148438,36931154
2018-10-30,67.78647833683202,71.84411964572689,67.54779355395586,69.26632690429688,43626784
2018-10-31,70.45974827107092,70.88937795108133,68.45479034013897,70.31653594970703,28632204
2018-11-01,71.03259862377489,71.60544069249845,69.88690720224565,70.93712615966797,21269555
2018-11-02,71.55769073652388,75.13796226671849,64.96999694823066,65.92473602294922,91979581
2018-11-05,65.59057736358092,67.73874047309666,64.34942082630975,67.21363830566406,33569269
2018-11-06,67.97742116713619,68.31158568019151,66.73626470464957,67.40457916259766,18682517
2018-11-07,67.78648651903671,67.97743145475316,67.40458936352144,67.7387466430664,2459502
2018-11-09,67.78647683725453,69.12311304860822,67.0226826353149,68.40705871582031,16410330
2018-11-12,68.74122132646276,68.83669378815536,66.54531828712355,67.30911254882812,15610896
2018-11-13,65.39963259015765,67.11816599521055,65.35189271842995,66.83174133300781,16257056
2018-11-14,67.30911335759787,68.78896202590126,66.9272162221568,67.54779815673828,19262384
2018-11-15,67.54779040836615,68.35931717553736,66.59305132132211,67.9296875,13633606
2018-11-16,68.16837578077583,70.79390840529808,67.4045815581913,69.88690185546875,29393571
2018-11-19,70.55523346221891,70.69844580943881,69.21859702830412,69.98239135742188,17064185
2018-11-20,69.02764567479291,70.93712403609749,67.45232456990027,68.07290649414062,22772511
2018-11-21,68.12064178092663,69.69596294821646,67.78648451127901,69.40953826904297,15213307
2018-11-22,69.69595190906188,70.07784899277704,68.1683708582822,68.45478820800781,12316028
2018-11-26,68.83668853170484,68.93216098610704,66.68852552928914,68.02516174316406,14534558
2018-11-27,68.02516102288018,69.8391667736399,67.40457914971483,69.17084503173828,18202285
2018-11-28,69.64821910306844,69.69595897490314,65.97247477833167,66.44984436035156,21486398
2018-11-29,66.92721117434986,67.16589595548812,65.7337872686586,66.4975814819336,17242452
2018-11-30,66.83173954666553,67.309109114856,65.8770004102846,66.73626708984375,14026529
2018-12-03,66.83173388329044,68.7412119942416,66.3066244891465,68.21610260009766,15579155
2018-12-04,68.21611353714007,68.64575055143604,66.11569019196675,66.40211486816406,17168281
2018-12-05,66.35437122831819,66.92721326412043,65.3041596153338,65.82926177978516,15370028
2018-12-06,65.39963274448488,65.54284507592419,62.869572502662905,63.10825729370117,22242427
2018-12-07,63.394680162205155,63.967522187666454,61.53293447435399,63.01278305053711,21210644
2018-12-10,61.96256912284147,62.86956835532181,61.10330247497094,61.91482925415039,15452401
2018-12-11,60.62593554482875,66.02021315642116,60.48272321664669,65.590576171875,33859505
2018-12-12,65.97247433979263,68.74121935391962,65.92474175235698,67.59553527832031,29040526
2018-12-13,68.35932077064187,69.21858745098768,67.73873887460981,68.12063598632812,18076633
2018-12-14,67.78648008308006,70.07785551453573,67.59553516549279,69.36180114746094,21183370
2018-12-17,69.50501704398394,69.93464677264038,68.64575030258902,69.55274963378906,11039826
2018-12-18,69.31406036501528,72.36922999482871,68.88443066404979,70.8893814086914,33486536
2018-12-19,71.5099673600148,73.75360301765122,71.36675502355247,73.46717834472656,29772662
2018-12-20,72.94207193417682,74.5651255625797,72.22601757739645,72.65564727783203,28834262
2018-12-21,74.23096915696038,75.23344818139445,72.27375097938213,72.89433288574219,40025985
2018-12-24,73.2284927368164,73.84907466524677,72.41696588459914,73.2284927368164,20719115
2018-12-26,73.5149178949583,74.75608176006442,71.31901483641117,74.23097229003906,22820304
2018-12-27,74.89928271759874,75.28117983091592,73.80133853242403,74.42191314697266,24709123
2018-12-28,74.46965465342514,75.42439381564853,74.37418219401914,74.89928436279297,18081826
2018-12-31,75.13796653225356,75.85402087894244,74.32643972948912,74.56512451171875,13924275
2019-01-01,75.0424953016472,76.37913156077711,74.51739314261582,76.18818664550781,18609031
2019-01-02,75.94950757138567,76.76103444843585,73.8013443346799,74.32644653320312,27192314
2019-01-03,74.56513133728154,75.37665821433173,73.56265953060148,74.32644653320312,18780736
2019-01-04,74.46965800231492,78.19314235924708,74.13550073732607,77.62030029296875,35324306
2019-01-07,78.71823426533865,79.14787122196726,76.37912643199135,76.90423583984375,21061552
2019-01-08,76.90424538476483,78.24087443595465,76.14045111201465,78.00218963623047,17598981
2019-01-09,78.28861102471187,78.4318233553539,76.18818778890106,77.04744720458984,18063915
2019-01-10,76.66555626774924,77.95445265686139,76.47460406827382,77.57255554199219,15125630
2019-01-11,77.5725597739164,77.85898444671443,76.71329303960431,76.99971771240234,12150994
2019-01-14,76.71328542506407,79.1478730499448,75.51986154700121,78.76597595214844,22990328
2019-01-15,79.10013427565683,79.62524370290267,77.81123792633142,78.2408676147461,14499042
2019-01-16,78.28861207141367,81.15282958622149,78.14539973885691,80.43677520751953,30560868
2019-01-17,80.48451314983437,81.20056751136642,79.19560947181138,80.72319793701172,22181000
2019-01-18,80.72320448758116,81.00962188498734,78.76598616026885,79.10014343261719,16185024
2019-01-21,79.10013332440028,79.76845506777424,76.04497110466052,76.61781311035156,20063465
2019-01-22,76.57007691060782,76.85650156921895,74.7560783530096,75.04249572753906,17346423
2019-01-23,75.04249914764753,75.80629341603314,73.80134256662339,74.23097229003906,12687561
2019-01-24,74.23096727341357,74.99476149018098,73.75359770895432,74.56512451171875,13272022
2019-01-25,74.80380422668443,76.8087548047802,72.46469643291957,73.13301086425781,19763289
2019-01-28,73.51491396278479,74.61286543333101,72.32149003481751,72.65564727783203,19106196
2019-01-29,72.70338673155247,74.94702224644503,72.13054470623035,73.80133819580078,17793292
2019-01-30,74.23097066045965,74.70834024670054,73.22849161572103,73.75360107421875,11238545
2019-01-31,74.1832239560122,74.27870369173226,72.03506101577152,73.99227905273438,16757529
2019-02-01,74.46965849736445,74.85155563878274,70.2210719198015,70.55522918701172,25916009
2019-02-04,70.69843908073766,70.74617166921298,67.83422154527088,69.83917236328125,22905988
2019-02-05,71.12806962290108,73.03754800203936,68.74122164897823,70.0778579711914,70132820
2019-02-06,70.74616751155358,72.2260160648754,69.50501102290823,71.79637908935547,27503709
2019-02-07,72.22602081298828,73.13302012524267,71.46222655124001,72.22602081298828,23866199
2019-02-08,71.60543630816154,71.60543630816154,67.45232245910451,67.97742462158203,31290303
2019-02-11,68.16838188546458,68.21611447609975,67.11817019842229,67.64327239990234,18322730
2019-02-12,67.97742365892357,68.97990266667394,67.64326641770062,68.12063598632812,13405209
2019-02-14,66.35437148995054,69.36180129487255,65.59057724981481,68.97990417480469,18981245
2019-02-15,68.7412246718816,69.88690883611338,66.25890412665788,66.87948608398438,22508284
2019-02-18,67.0704227945079,67.88194958502731,65.59057425338086,65.87699890136719,17183987
2019-02-19,66.16342955790103,68.26385288694338,65.9724773472086,66.78400421142578,18800655
2019-02-20,67.21364345836187,68.21611528253781,67.07043111659894,67.8819580078125,14646666
2019-02-21,72.56017756515831,72.56017756515831,69.36180277403679,69.83917236328125,47884317
2019-02-22,69.64821707142127,70.60295620761119,69.21858737376843,69.88690185546875,17255280
2019-02-25,70.07785213077726,70.41200936246081,69.60048257577752,70.17332458496094,10143437
2019-02-26,69.5050060444981,69.5050060444981,66.92720622826194,68.5979995727539,24903931
2019-02-27,69.21858647486546,70.26879805421954,67.73873791935645,68.26384735107422,24053517
2019-02-28,68.31158695631666,69.40953111715895,68.21610721704218,69.02764129638672,16139027
2019-03-01,69.69596360744043,73.51492051743718,69.40953892555778,73.1807632446289,37660508
2019-03-05,73.5149171045299,79.5775094608793,72.79886271714813,78.90919494628906,50845208
2019-03-06,78.95691906275476,80.00713787882287,77.71576262825418,78.67050170898438,27381377
2019-03-07,78.71823364796317,82.29850517138323,77.62028954137921,81.58245086669922,48792690
2019-03-08,81.4869823777901,81.96435193745388,79.81618891896689,80.00714111328125,26190794
2019-03-11,80.2935544640695,82.53718982549444,80.2935544640695,81.96434783935547,23446148
2019-03-12,82.82361771498923,83.39645972363687,80.91413949677622,81.53472137451172,28275260
2019-03-13,81.34377027296102,82.0598246143923,79.52977176860026,81.00961303710938,26167126
2019-03-14,81.20057304940808,81.86888758545238,79.91166928347927,80.62772369384766,23309588
2019-03-15,81.43924961712247,83.34872785167089,81.24829742321879,82.15530395507812,47765635
2019-03-18,82.5371972122061,83.15777912109641,81.20056821961983,82.7281494140625,28960560
2019-03-19,83.68288741397572,87.78826136201832,83.53967508558411,86.40389251708984,76686943
2019-03-20,86.88126158783068,89.88869133037959,85.30594055277348,89.31584930419922,65416389
2019-03-22,91.60722649787786,91.60722649787786,86.49937305785656,87.40637969970703,69603817
2019-03-25,85.49688970254635,87.11994326620199,85.16272518878081,86.21294403076172,30226076
2019-03-26,87.07220596516807,88.88621177362606,86.59483639894658,88.31336975097656,24611358
2019-03-27,89.26811039750044,90.74795899151947,88.59979590708764,89.17263793945312,44404743
2019-03-28,89.6500091742271,91.4640150470507,89.1248997191186,91.03437805175781,43461013
2019-04-01,91.75042287054508,95.37843423832913,91.75042287054508,93.0870590209961,51690683
2019-04-02,93.23027869643161,95.28296930906127,91.70269752566591,93.85086059570312,52878919
2019-04-03,94.90107302934405,95.282970146412,89.65000770088426,90.17510986328125,52523325
2019-04-04,89.74548079563708,91.41627432108777,88.64752930781029,89.41132354736328,45741687
2019-04-05,90.03190658363378,90.46153629620999,87.83600358048885,88.88621520996094,30275193
2019-04-08,89.50679712685684,90.70022108854826,88.1224282449275,88.88621520996094,34248451
2019-04-09,88.98168416183323,90.36606027326309,87.45410300791193,90.07963562011719,35537791
2019-04-10,89.74548274044587,90.65248204599848,88.83848343489325,89.1249008178711,24772662
2019-04-11,89.17264002744803,89.31585235991315,87.83600373124318,88.50431823730469,20082380
2019-04-12,88.59979864037079,89.36358561239355,88.0269493062514,89.1249008178711,20151855
2019-04-15,89.5545318190392,90.17510641595868,88.79073761410254,89.60226440429688,17833602
2019-04-16,89.26810694503433,89.697736631672,88.17015550974972,88.59979248046875,16776973
2019-04-18,88.36111400168011,88.59979879662352,85.64010151205983,85.9742660522461,24453025
2019-04-22,85.83105167443237,85.92652413331973,82.25077983554405,82.7281494140625,22607916
2019-04-23,82.63267550812907,84.97178348827478,82.58493563748056,83.25325012207031,26099019
2019-04-24,83.73061443004117,84.78083324565317,82.82361521737384,84.3511962890625,20354853
2019-04-25,84.01703988990454,85.11499129982748,82.1553015787039,82.82361602783203,20631056
2019-04-26,83.49193367333382,84.39894021368113,82.53719454712494,84.1602554321289,20387608
2019-04-30,84.16026012114396,84.16026012114396,79.81619394122998,81.05735778808594,26321705
2019-05-02,80.43677506905222,83.87383462408854,80.19809027656245,82.20304107666016,27331709
2019-05-03,83.01456842426889,83.82610255098481,82.39399378724873,83.20552062988281,20112657
2019-05-06,82.44172490046401,83.58741626140217,81.7256705314083,82.34625244140625,17151414
2019-05-07,82.77587738402566,83.20551435117508,79.62524271200303,80.15034484863281,16356567
2019-05-08,79.95939994150949,81.53472091956145,79.48203038961988,80.15034484863281,23380690
2019-05-09,80.29356287496277,81.48698683946603,79.05240632232848,80.43677520751953,22934344
2019-05-10,81.15282849298008,83.3009916001472,80.57998645455186,82.34625244140625,21821500
2019-05-13,82.25077875632817,82.29851134310469,75.47213228712552,76.18818664550781,34293332
2019-05-14,75.6630780841656,79.81619195436656,74.70833892852944,79.19561004638672,31711482
2019-05-15,79.19560971652824,79.67297929235802,78.1931379777347,78.57503509521484,21976945
2019-05-16,79.19560833367731,79.19560833367731,75.80628877491647,77.33386993408203,23116401
2019-05-17,76.95197101134956,79.62524344000524,75.75854712071423,79.0046615600586,26209661
2019-05-20,82.58493044729497,85.30593536937805,81.67793123462764,84.3511962890625,34758878
2019-05-21,84.44667666924762,84.97178612635784,81.05735698634199,82.20304107666016,23867211
2019-05-22,81.72566654132706,81.82113899572357,78.90918907418246,80.77092742919922,31628934
2019-05-23,83.06230116402506,85.68783367208333,79.24334478866759,79.91165924072266,47589021
2019-05-24,80.57998804914978,84.82857447598958,80.24583079379416,84.20799255371094,32158634
2019-05-27,83.92156815234212,87.0722028045923,83.68288337789522,85.21046447753906,34857012
2019-05-28,86.11747208239763,86.78579388629714,81.24830366693293,82.29851531982422,86522613
2019-05-29,81.15282904482034,81.53472616772997,77.62029704709028,78.0499267578125,51078577
2019-05-30,78.62276304151615,79.2910847786781,77.04744207744734,77.76349639892578,37358698
2019-05-31,78.47955909764016,79.14788090614157,75.99723864169124,76.99971771240234,35572365
2019-06-03,77.0474458187907,78.67050673007138,75.7585494343583,78.33634948730469,29457340
2019-06-04,78.19313216861927,80.10261033007967,77.81123507951098,78.67050170898438,31249718
2019-06-06,77.33386986852506,78.62276624285084,75.61533651336967,75.94950103759766,35181677
2019-06-07,75.51986872402145,76.28366299220127,74.08775993424577,75.61534118652344,33275828
2019-06-10,76.76103277738028,77.04745016558991,73.2284933834723,73.84907531738281,29534574
2019-06-11,74.4219138232694,75.56760517363223,73.37170221516473,75.04249572753906,25936557
2019-06-12,74.89928679163559,76.28366299220127,74.61286940412964,75.61534118652344,23155948
2019-06-13,73.65812809896349,74.42191506116146,70.26880114670963,72.7511215209961,49608986
2019-06-14,72.94207261227744,74.27870888084307,72.75112041157855,73.27622985839844,22721581
2019-06-17,73.51491493953039,73.89681205837026,72.2260185370173,72.51243591308594,18921910
2019-06-18,72.03506469726562,73.84907050743789,71.17580530452014,72.03506469726562,26823879
2019-06-19,71.8441152578882,72.84659419837487,70.65069141639503,71.9873275756836,34490842
2019-06-20,72.36923409470675,73.75360301765122,71.60543982296235,73.46717834472656,22588627
2019-06-21,73.37170135257672,74.61286514652438,72.7988593261707,73.41944122314453,25095277
2019-06-24,73.51492407883622,74.08776618627037,72.84660950084347,73.37171173095703,17893572
2019-06-25,73.2284925786418,74.04002671318808,72.84660273189286,73.61038970947266,16276002
2019-06-26,73.6581324476195,75.85402828817273,73.18076283653198,75.32892608642578,21804139
2019-06-27,75.42439710176907,76.23592396819954,74.18323322317043,74.46965789794922,23598349
2019-06-28,74.94702203307676,78.00218434881798,74.4696524659871,75.94950103759766,47346971
2019-07-01,76.37913175129475,77.52481581393153,75.32892014653078,77.19065856933594,26338247
2019-07-02,77.23839678669623,77.47708156830895,76.09270546450622,76.71328735351562,17961136
2019-07-03,76.76102872544614,77.90671278597215,76.37913161057693,77.57255554199219,20020055
2019-07-04,77.81124004575591,79.52977341438684,77.81124004575591,78.33634948730469,26764988
2019-07-05,78.76597835788948,79.62524503315548,77.19065733391538,78.09766387939453,40061878
2019-07-08,72.8465995121385,74.4219132705552,69.12311539825569,69.50501251220703,87010832
2019-07-09,68.55026777727865,71.27127265557932,67.78647361168362,70.98484802246094,43627267
2019-07-10,71.41448578016218,71.50995823092154,68.74121345441365,69.45726776123047,24105866
2019-07-11,69.74369546163327,71.46222150304482,69.45727081269064,71.1758041381836,20781285
2019-07-12,71.22353340349554,72.46469711228086,70.26879433030102,71.9873275756836,22566078
2019-07-15,71.60543605549172,71.84412084234336,69.40953310282399,70.1255874633789,21449333
2019-07-16,70.55522897694392,72.7033921964336,70.26880430071246,72.32149505615234,17846669
2019-07-17,72.36923509884437,72.7033923658383,71.03259874678658,71.9395980834961,18013838
2019-07-18,71.93959245509336,72.32148956638564,69.17084750332631,69.88690185546875,19957328
2019-07-19,70.2210668693352,70.45975165504458,69.02764294078825,69.50501251220703,16487819
2019-07-22,69.40953470296547,70.22106882423516,68.21611074119454,69.21858978271484,16500579
2019-07-23,69.50501490148595,69.69595982298468,64.92226394469805,65.30416107177734,35441004
2019-07-24,65.30415715016831,66.64079337263799,64.68357526644151,65.11320495605469,25494368
2019-07-25,65.3041595401739,65.87700157531685,62.630886997397944,63.060523986816406,25800387
2019-07-26,63.49015533222872,66.49758519951908,62.96504587073543,64.9222640991211,58777562
2019-07-29,65.73379225119028,67.11816845717485,64.58810812851796,66.1634292602539,37353477
2019-07-30,66.06795088166011,66.49758789962215,63.29921298051038,63.87205505371094,27726952
2019-07-31,63.96751674883701,66.35436438871899,63.58561966963971,66.06793975830078,27462579
2019-08-01,65.87700161404081,66.06794653117346,63.394681270907775,64.44489288330078,21663053
2019-08-02,64.44489192029657,65.7815281724968,63.68109769501598,64.58810424804688,29730137
2019-08-05,63.96752564181137,65.16094962766607,61.48520520805001,63.585628509521484,32274653
2019-08-06,63.68110295452265,65.25642412172074,63.10826088029121,64.87452697753906,26632468
2019-08-07,65.16094835334923,65.59057806622211,60.67367352588256,61.15104675292969,40538912
2019-08-08,61.67614746529849,63.87205041795381,61.294250349521704,63.633365631103516,27336537
2019-08-09,63.728832472260756,64.49262663649702,62.58314850998734,63.53788757324219,21976833
2019-08-13,63.68109683413624,64.49263091905664,62.10578310242363,62.3922004699707,17405138
2019-08-14,62.91730617400487,63.34693584190106,61.9625671039413,62.58314895629883,18151481
2019-08-16,62.58315039857059,65.35188793829755,62.01030111606592,65.01773071289062,25110812
2019-08-19,64.87452668830322,65.97247824139966,63.87205488388815,64.25395202636719,20209221
2019-08-20,64.44489582445321,64.68358062380304,61.67615069517882,62.630889892578125,17727108
2019-08-21,62.77410042831812,63.39468234564257,60.387252503287016,61.15104675292969,19166301
2019-08-22,61.198780732911686,61.389732941706356,58.334563157729406,58.668724060058594,18829140
2019-08-23,58.71645807389692,61.10330596307973,58.19135226668488,60.72140884399414,20845415
2019-08-26,64.92226047298301,64.92226047298301,60.530461956626915,62.77409744262695,31694402
2019-08-27,63.77657579877637,65.11320473257715,63.29920624125284,64.11073303222656,22567673
2019-08-28,64.25394416694733,64.87451875297587,61.962568876431895,62.67862319946289,17166214
2019-08-29,62.58315110660963,63.155993111513986,60.86461780781527,62.10578155517578,14663681
2019-08-30,62.296731260050315,62.91731318152619,60.48272536807539,61.96257400512695,25573307
2019-09-03,59.1938261759382,59.57572328550249,56.377345008513636,56.71150588989258,68369998
2019-09-04,57.18887710571289,57.61850681381649,56.04318938600796,57.18887710571289,34213414
2019-09-05,58.85966983849434,59.09835462511915,57.76171836320389,58.33456039428711,30641680
2019-09-06,58.57324510947381,58.811929895807516,58.048139307947835,58.525508880615234,19597727
2019-09-09,58.52550630641787,60.00535118818886,57.90492807447036,59.766666412353516,21700960
2019-09-11,59.76666627651469,62.05804157614236,59.76666627651469,61.91482925415039,24414845
2019-09-12,61.628414154052734,62.53541341979113,61.34198949956611,61.628414154052734,21906448
2019-09-13,61.62841675020359,62.24899138759761,59.957619549464,61.96257400512695,21379499
2019-09-16,61.24651704276442,62.678625747034445,60.91235615987695,61.628414154052734,16196194
2019-09-17,61.77161731663579,62.05804196240249,59.33703696394418,59.575721740722656,16357780
2019-09-18,60.00535397812733,60.62593588096933,59.67119673323753,60.100830078125,16492807
2019-09-19,60.05309438807463,60.14856684688827,58.28682476369547,59.14609146118164,18163200
2019-09-20,59.14609208896037,63.77657923138713,58.620986275830155,62.72636032104492,47299267
2019-09-23,63.967518807856,64.92225789454042,61.96256818263496,63.82430648803711,33276056
2019-09-24,63.490151651368855,64.06299366809876,62.5831523985533,63.1559944152832,19184229
2019-09-25,62.53541292591804,62.63088538196573,59.81440786611042,60.43498611450195,18395852
2019-09-26,60.72140931543936,62.63088764161092,59.766670152353576,59.957618713378906,48382199
2019-09-27,60.053091889725245,60.81688245458145,59.52798246197345,60.00535202026367,22426450
2019-09-30,60.387251635963224,60.48272409477687,58.28682476369547,59.14609146118164,22597574
2019-10-01,60.10082738369266,60.10082738369266,53.799547105936455,56.04318618774414,34976291
2019-10-03,55.85224023510163,57.236612730020866,55.23165833122862,56.37734603881836,22655441
2019-10-04,56.9024544775063,57.23661538046601,55.08845219502598,55.3271369934082,25074289
2019-10-07,55.374871666254435,55.56582022799453,54.37239626967008,54.658817291259766,19987686
2019-10-09,54.658820415345794,56.13866547984214,53.8472935341178,55.804508209228516,26996456
2019-10-10,55.42260838392698,55.56582071700261,53.65634236687909,53.89502716064453,22677919
2019-10-11,54.085976457879006,54.897503310875564,53.178973500856344,54.32466125488281,24739349
2019-10-14,54.61107814339615,55.756765810580255,54.18144481294702,54.70655059814453,17778101
2019-10-15,54.706554179710324,55.51808466636422,54.1337121296354,55.27939987182617,14261673
2019-10-16,55.51808580626051,56.13866409957655,54.46787050350557,54.75429153442383,15653116
2019-10-17,54.802028627668186,56.61603082614785,54.467867740182406,56.37734603881836,21574463
2019-10-18,56.23413676086763,57.95266648317751,55.852239648336194,57.523033142089844,16943401
2019-10-22,57.52303477471748,59.432513107488184,57.18887752329896,58.000404357910156,19791117
2019-10-23,58.00040307908925,59.146090781899176,57.14113639147161,58.525508880615234,16038768
2019-10-24,58.811927826166205,59.05061260410039,56.47281991604377,57.04566192626953,17901412
2019-10-25,56.806979525885296,58.47777304135251,56.04318893293702,57.952667236328125,26581062
2019-10-27,58.23908907408755,58.6209861969635,57.95266805295104,58.19135284423828,2135895
2019-10-29,57.80945518554556,59.76666972755201,57.57077039647061,59.14609146118164,17171226
2019-10-30,59.09835338784657,61.2465164224963,59.05061351788843,60.8168830871582,23374034
2019-10-31,61.38972875743372,63.824309159950516,61.1987765616542,62.3922004699707,36722788
2019-11-01,62.630884490271065,64.68357504443853,62.153514932747534,64.11073303222656,29095991
2019-11-04,64.73131513599027,66.49758104807313,64.25394557682834,65.11320495605469,39302621
2019-11-05,65.8770001385663,66.40210957504256,61.3419892594621,61.819358825683594,80019705
2019-11-06,61.53293634415604,62.153518258964056,60.434988488318396,61.34199142456055,33999037
2019-11-07,61.34199079226304,61.67614804015164,58.955142901513504,59.14609146118164,30285269
2019-11-08,59.05061755152498,59.766671945320546,58.334563157729406,58.668724060058594,18136704
2019-11-11,58.52551252921029,59.33704303856175,58.33456395983106,58.90740966796875,15124948
2019-11-13,59.05061522411486,59.67119713109457,57.3320854751475,57.570770263671875,16397965
2019-11-14,57.66624636430613,58.1913521706516,56.18639776182231,57.570770263671875,18317596
2019-11-15,58.14361895078346,60.91236045574775,58.0481428452075,59.098358154296875,38997998
2019-11-18,59.432509417839306,60.24403620206984,59.00287609122993,59.575721740722656,18394808
2019-11-19,59.241562805655754,61.914831664602616,59.241562805655754,61.246517181396484,30508426
2019-11-20,61.580677442459866,62.29673183132567,60.53046579560639,61.007835388183594,21268472
2019-11-21,61.10330718873518,61.81936156985317,60.244040474577226,60.38725280761719,13725241
2019-11-22,60.33951263655622,61.77161766322158,60.33951263655622,60.76914596557617,14442645
2019-11-25,61.10330567204006,61.676147705899105,60.76914842596242,61.48520278930664,14112251
2019-11-26,61.819356748492126,62.39219875189356,59.95761477437651,60.33951187133789,19618525
2019-11-27,60.72140698928266,61.00783164086855,60.00535264439942,60.8168830871582,13339079
2019-11-28,61.38973157155436,64.44489400326144,61.151046778949684,63.91978454589844,45071597
2019-11-29,64.01526609925632,64.63584075030026,62.3922050932283,62.630889892578125,23394380
2019-12-02,62.678624986982975,63.39467933043499,62.15351555481891,62.77409744262695,12741871
2019-12-03,63.01278281370365,63.01278281370365,59.909880629695515,60.05309295654297,16420022
2019-12-04,59.957617296829284,61.05556876525424,58.6687209139311,60.864620208740234,26007180
2019-12-05,61.103304758617526,61.53293445656894,59.289298941779755,59.480247497558594,18691755
2019-12-06,59.718931506157205,59.86214383164152,57.18887501157992,57.47529602050781,22533285
2019-12-09,57.57077188896669,59.00288066054318,56.85471750317844,58.04814147949219,18832854
2019-12-10,57.95266299053313,58.33455643800813,56.71150291266838,56.95018768310547,15190374
2019-12-11,57.18887431465234,57.761716325527246,55.85223809988998,56.854713439941406,14808042
2019-12-12,57.23661463241522,58.28682627475493,56.95019360650811,58.04814147949219,13593777
2019-12-13,58.477773690484504,61.72388829909917,58.33456135932411,61.532936096191406,29859768
2019-12-16,60.24403742602717,61.38972874828924,59.766667862771676,60.8168830871582,22898690
2019-12-17,60.9123586318924,62.67862829073069,60.86462240155427,61.77162170410156,18888141
2019-12-18,61.7238842952721,61.7238842952721,59.86214232115648,60.33951187133789,15891877
2019-12-19,60.053094348655634,61.00783350432875,59.76666968832102,60.72140884399414,15124580
2019-12-20,60.960094152535056,62.392202898252,60.76914923340549,61.7238883972168,20145673
2019-12-23,61.19877565255544,61.77161766322158,60.38724886377162,60.76914596557617,13309646
2019-12-24,60.864619382723106,61.15104403462734,60.434986046907504,60.62593460083008,10561775
2019-12-26,60.5304643964549,60.864621646718575,59.766670152353576,59.957618713378906,16804192
2019-12-27,60.43498598873978,63.44241205247294,60.387249760815266,62.3922004699707,30080465
2019-12-30,62.29672961094709,62.344469482136034,60.816884655110535,61.48520278930664,12929929
2019-12-31,61.48520554105013,61.91483526465189,61.10330840669191,61.43746566772461,10660714
2020-01-01,61.58067678274903,62.10578624259125,61.05557096494773,61.77162170410156,8568946
2020-01-02,62.0580452826891,63.967523599079534,61.628415575133936,63.68109893798828,26059066
2020-01-03,63.53789020947732,63.53789020947732,61.67614458843655,62.10578155517578,14906983
2020-01-06,61.962574058766634,61.962574058766634,58.2390898107699,58.62098693847656,24078755
2020-01-07,59.28930201460138,60.244041200936614,58.23909036644902,59.05061721801758,20436567
2020-01-08,58.23908711314361,58.81192913612872,57.427560306907914,58.09587478637695,22182671
2020-01-09,59.480245409759235,60.14856351050633,59.00287585808855,59.766666412353516,18885640
2020-01-10,60.10082842302444,60.96009144709556,59.2415617569126,59.62345886230469,17939103
2020-01-13,59.909878547766496,60.48272055116793,59.766666225895825,60.33951187133789,13131132
2020-01-14,60.339515835429566,61.19877889698225,59.57572523336912,59.957618713378906,13837799
2020-01-15,60.00535472097742,60.81688519182047,59.09835543303646,60.53046417236328,13919689
2020-01-16,60.53046310685387,61.05556890695551,59.909881207253264,60.482723236083984,12146474
2020-01-17,60.053095553245164,61.00783472806915,58.525510688302234,60.38725280761719,18351080
2020-01-20,61.19877954301829,61.19877954301829,58.57324681681634,58.81193161010742,16226531
2020-01-21,58.76419652241494,59.480250916210515,58.47777549330491,58.668724060058594,13678963
2020-01-22,59.28930160674824,59.38477770994955,57.90493270971805,58.23908996582031,15241802
2020-01-23,58.28682571749327,59.52798591258504,58.2390894873053,59.00288009643555,14136138
2020-01-24,58.95514258525007,59.95761796557895,58.859670126948586,59.527984619140625,10845058
2020-01-27,59.14609168335346,59.432512702911126,58.334561212225736,58.573246002197266,11436816
2020-01-28,58.71645790289256,59.00287892035216,57.52303396177686,57.76171875,12294470
2020-01-29,58.3345615337861,58.71645865666204,58.04814051264958,58.19135284423828,11064733
2020-01-30,58.334558204634604,58.47777052805018,56.95018940780718,57.236610412597656,13591961
2020-01-31,57.61850933776704,58.43003984404212,57.09340350549552,57.713985443115234,15449355
2020-02-03,56.13866409957655,56.47282500401535,54.51560673498512,54.75429153442383,18930405
2020-02-04,55.27939845122438,56.28187383411377,53.75181362021313,54.229183197021484,48174279
2020-02-05,53.704079325856526,54.70655474486432,53.56086699083786,54.32466125488281,23905101
2020-02-06,54.754289066097016,56.61603114619971,54.32465936010787,55.995452880859375,26534154
2020-02-07,56.1386604309082,56.71150609735018,55.518082178147026,56.1386604309082,14094876
2020-02-10,56.090926041249105,56.2341383730644,54.37239626967008,54.658817291259766,12866342
2020-02-11,55.13618514269546,55.37486992686297,54.18144600602541,54.37239456176758,10942526
2020-02-12,54.84976388725792,54.84976388725792,52.6538646110472,52.98802185058594,16371273
2020-02-13,53.36991715751759,53.65633815916689,52.51065051052905,52.892547607421875,12379436
2020-02-14,53.17896916953071,53.51312640130318,51.55591195369155,51.74686050415039,15654307
2020-02-17,51.65138457064177,51.89006934895719,49.31227665678314,49.598697662353516,18893364
2020-02-18,49.55096232770582,50.123804349165695,47.64148406678522,49.64643478393555,22621843
2020-02-19,50.123805925578374,50.69664796505435,49.36001532559678,50.314754486083984,13554123
2020-02-20,50.12380479432032,51.2694924894558,49.69417145338942,50.45796203613281,14961174
2020-02-24,49.503226205232465,49.503226205232465,47.832432600438146,48.07111740112305,20135592
2020-02-25,48.118856717421366,48.40527774651677,47.49827478601384,47.64148712158203,15899668
2020-02-26,47.21185131211503,47.832429569345756,46.78221796969943,46.92543029785156,18056503
2020-02-27,46.87769159956535,47.06864016119708,44.6817922459027,44.82500457763672,26564325
2020-02-28,43.20194632970653,44.25215793283888,42.29494341316089,43.0109977722168,28222955
2020-03-02,44.204420992040845,44.49084200264208,40.19451591750125,40.81509780883789,24375256
2020-03-03,40.81509603007456,42.96325897902585,40.81509603007456,42.48588943481445,30389904
2020-03-04,42.72457714575001,42.91552570497718,41.10151985538039,42.43815612792969,24911682
2020-03-05,42.485891087849936,43.87026354833409,40.76736139023269,42.963260650634766,29076191
2020-03-06,39.76488635654155,41.2447312846658,39.09656823486071,40.43320083618164,23178204
2020-03-09,39.287518251081046,39.62167550332891,37.568984833689484,37.95088195800781,23193045
2020-03-11,37.950880763479155,38.810147445128955,36.184614813693294,36.709720611572266,29799814
2020-03-12,33.750027630956744,34.657030555500256,31.601864534846715,32.22244644165039,45668907
2020-03-13,29.787858363911926,36.42329532843384,26.78042897274203,35.70724105834961,46283310
2020-03-16,34.37060935527885,34.75250647159828,32.98623686117196,34.17966079711914,26750745
2020-03-17,34.84797723241654,35.516295332405264,33.368132352324785,33.70228958129883,28305181
2020-03-18,34.370607959980866,37.47351006747914,32.36565728579825,35.08666229248047,41726476
2020-03-19,33.41587316008797,37.616727242744055,32.747554968477985,35.516300201416016,38504085
2020-03-20,35.80271783901857,37.234826552579314,35.03892725352767,36.327823638916016,34438012
2020-03-23,34.32287344748332,35.802718413499804,33.129449500366654,33.797767639160156,18562456
2020-03-24,35.32534628887221,35.802715833316434,33.797765203466945,34.65702819824219,26934600
2020-03-25,34.37060819065568,34.704765424581886,31.64960316571172,32.74755096435547,24605185
2020-03-26,32.98624026165413,34.179664320628895,31.69734373477787,31.88829231262207,29576021
2020-03-27,32.93850297597699,34.322875568592934,31.74507895510826,31.93602752685547,30678500
2020-03-30,31.888290696193632,32.365660295585506,30.88581162383789,31.410921096801758,16722670
2020-03-31,32.17471092342589,32.17471092342589,30.74260216103638,30.88581085205078,18297010
2020-04-01,31.029022391458085,31.029022391458085,28.880859302818678,29.071807861328125,26645369
2020-04-03,29.119542514222612,29.310491062396135,27.9261186406889,28.308013916015625,20693435
2020-04-07,29.119542301058456,29.119542301058456,28.30801370879211,28.689908981323242,21958544
2020-04-08,28.546701110845532,30.169758444858548,28.06933152096176,29.119544982910156,29665371
2020-04-09,29.31049303514167,30.456178938232345,29.215018754629003,29.978809356689453,23013811
2020-04-13,30.312967524758573,30.312967524758573,28.928595051125225,29.931072235107422,16584216
2020-04-15,30.122020068192594,31.124495467722,29.215018949813718,29.6923885345459,22095245
2020-04-16,29.692387555126057,30.074282846110684,29.16727993662935,29.644649505615234,19994392
2020-04-17,30.790337770458144,31.267707348294703,29.596913825866743,30.36070442199707,28207182
2020-04-20,30.647125785697373,32.36565919891029,29.978809461806225,31.36318016052246,41209050
2020-04-21,30.83807444529087,30.88581067535591,29.549178023330334,29.6923885345459,21855708
2020-04-22,29.596914253395372,29.835599045761466,28.83312364623206,29.6923885345459,18792906
2020-04-23,30.074281874087358,30.31296665086583,29.596912320530418,29.787860870361328,19387746
2020-04-24,29.310491815090316,29.69238710022412,28.785384204638515,28.83312225341797,14350195
2020-04-27,29.02406961880532,29.501439190894292,28.928595340183445,29.35822868347168,11950694
2020-04-28,29.40596465245122,29.931072269721653,29.31049219569331,29.83559799194336,11779908
2020-04-29,29.8833345831351,31.02902228834364,29.692387846280614,30.83807373046875,18718847
2020-04-30,31.219970846218533,32.174709993552185,30.647125172593856,30.83807373046875,31458387
2020-05-04,29.501439497409073,29.692388056636744,28.54670034331156,28.785385131835938,21840848
2020-05-05,29.11954379095982,29.358228576131623,27.735171308555213,27.87838363647461,19121106
2020-05-06,27.878382592336777,28.260277870104336,27.210064490478302,28.02159309387207,18005225
2020-05-07,27.830645329805577,28.88085873906662,27.591960546838084,28.35575294494629,14824828
2020-05-08,28.498963713717213,28.833122777161815,27.735171308555213,27.87838363647461,14357669
2020-05-11,28.069330515360495,28.164804794120915,27.40101420607834,27.49648666381836,16324765
2020-05-12,27.210065769632433,27.878383902908762,26.637221915541353,27.40101432800293,21778045
2020-05-13,28.928594491265127,29.59691260098585,28.117067699344695,29.215017318725586,38941451
2020-05-14,28.785386565236628,29.167281881688456,27.782911131923015,27.973857879638672,22669889
2020-05-15,27.97385623660007,28.26027907288134,27.305539927317916,27.49648666381836,18837162
2020-05-18,27.591962814971527,27.639700868101446,25.53927387691862,26.112117767333984,28519760
2020-05-19,26.35080006312981,26.494010566854683,25.300586667446815,25.396060943603516,25287021
2020-05-20,25.396060943603516,25.682481951053262,25.109638115133414,25.396060943603516,17209079
2020-05-21,25.39606260763038,26.398538020410072,25.10963976039299,25.777957916259766,26589981
2020-05-22,25.49153611545144,26.39853721825833,25.205113276917352,25.443798065185547,27654790
2020-05-26,25.587007641780357,25.82569242135301,25.252850407194924,25.491535186767578,17284784
2020-05-27,25.491538467555074,26.398539654050943,25.348326124563624,26.255329132080078,27037903
2020-05-28,26.350800951510596,26.637221968616632,25.396061799796595,25.53927230834961,41838377
2020-05-29,25.443798028974125,26.112116163582098,25.157377011868093,25.53927230834961,35142537
2020-06-01,26.1598520906254,28.737648498889016,25.777956798554595,27.87838363647461,72815551
2020-06-02,27.973856988209242,28.35575411351185,27.305540660970586,27.92612075805664,40249766
2020-06-03,28.451226027790177,30.169757595609042,28.260279289823917,28.880859375,86251403
2020-06-04,28.59444073331073,31.124497513461392,28.35575592525645,29.59691619873047,127139095
2020-06-05,30.074283345540366,32.55660368867339,29.978809065953616,32.22244644165039,96114143
2020-06-08,33.893239519469816,33.893239519469816,30.79033730994089,31.124494552612305,103763917
2020-06-09,31.506392137212984,31.983761715049546,30.0742834037033,30.36070442199707,63883963
2020-06-10,30.55165100330487,32.55660164358051,30.21749195625216,32.31791687011719,83659985
2020-06-11,32.938502310276085,33.6068204768638,31.076760146939236,31.315444946289062,97137720
2020-06-12,29.59691408874498,31.697340978289898,29.50143980812559,31.554128646850586,51625110
2020-06-15,31.506394067165424,32.60434562026186,30.599391085308508,32.126976013183594,50672408
2020-06-16,32.93850121414386,33.272658465297084,30.456179019308642,31.64960479736328,62031926
2020-06-17,31.41092000595644,32.3656591715838,31.029022882889144,31.64960479736328,48129227
2020-06-18,31.60186359247882,32.652078815595246,31.410918681040137,32.365657806396484,41940209
2020-06-19,32.938499450683594,33.081711774676755,32.36565743879233,32.938499450683594,47807176
2020-06-22,34.227397026148864,34.37060935527885,33.415870206521106,34.17966079711914,89826409
2020-06-23,34.37060949489844,36.1846153417233,34.27513703645117,35.754981994628906,83901309
2020-06-24,36.28008928690871,36.66198642042941,34.60929570132739,34.84798049926758,70619520
2020-06-25,34.657031527480484,35.89819173385619,33.94097714202824,35.42082214355469,57452358
2020-06-26,35.9459299343664,36.23235094681522,34.75250601412901,34.943450927734375,37644978
2020-06-29,34.56155714654215,34.75250570046485,33.559081790998896,33.75002670288086,29067559
2020-06-30,34.179656495519815,34.5138173407545,32.986232709768146,33.177181243896484,22906001
2020-07-01,33.41586999931461,34.89571494230467,32.93850042789583,34.752506256103516,39413754
2020-07-02,34.94345214383693,35.37308549848265,34.46608255912855,34.60929489135742,26984117
2020-07-03,34.84797795051971,34.89571417820817,34.17965983675914,34.322872161865234,19474324
2020-07-06,34.60929529685852,35.611770708083476,34.37061050170777,35.42082214355469,36388175
2020-07-07,35.611772847743026,35.659509081233125,34.46608503377497,35.134403228759766,33765918
2020-07-08,34.99119147236596,36.99614224017866,34.94345160100403,35.56403350830078,81536214
2020-07-09,36.089140298384976,36.28008886291376,35.18213734840394,35.42082214355469,38093561
2020-07-10,34.22739450778905,34.4660792774167,33.03397065965079,33.46360397338867,101789230
2020-07-13,33.7977670268265,33.84550325543813,32.74755178716668,32.986236572265625,28822642
2020-07-14,32.843032334489116,32.89076856956585,31.888293064789334,32.03150177001953,22087745
2020-07-15,32.17470964966726,32.60434298978362,31.267706740986217,31.506391525268555,22966651
2020-07-16,31.50639423571135,31.936027612788358,30.790339821263366,31.745079040527344,17806805
2020-07-17,31.936026384746185,32.270183641822726,31.697341589108383,32.0792350769043,15740313
2020-07-20,32.365658316232846,33.17718512875293,32.079233660481485,32.986236572265625,19422869
2020-07-21,33.36812977802482,33.606814535175154,32.74754795261781,33.177181243896484,25336284
2020-07-22,33.27265584013717,33.51134061271216,32.36565661798469,32.69981384277344,26175681
2020-07-23,32.55660241266591,33.129448067734586,32.508866185253694,32.74755096435547,18325343
2020-07-24,32.55660763994616,32.6520837521409,31.649608247364387,32.03150177001953,20991861
2020-07-27,32.126973764593664,32.126973764593664,30.79033750151023,30.83807373046875,22869574
2020-07-28,30.885810031531253,31.17223469003267,30.31296799861007,30.647125244140625,24366835
2020-07-29,30.64712590724763,32.031498432474905,30.64712590724763,31.26770782470703,28066086
2020-07-30,31.315442655957625,31.601863665821114,30.217493023453752,30.31296730041504,26795059
2020-07-31,30.45617964222179,30.694866259530873,29.835599536075513,30.503917694091797,30715605
2020-08-03,30.55165436107998,31.840550822621637,30.40844384546652,31.410921096801758,36462460
2020-08-04,31.363179460776827,31.410919331666083,30.59938887307922,31.029022216796875,21120742
2020-08-05,31.172234423314613,31.649603994011372,30.981285866627754,31.124494552612305,17765292
2020-08-06,31.124495645782364,31.410920311893005,30.790338391374515,30.88581085205078,21224081
2020-08-07,31.02902391547747,31.45865728271536,30.790339116127644,31.315444946289062,18254674
2020-08-10,31.50639249230383,31.79281351382569,31.219971470781974,31.36318016052246,18269324
2020-08-11,31.315443930608964,31.60186495213082,31.029022909087107,31.36318016052246,16076250
2020-08-12,31.50638922305111,33.12944636598002,31.50638922305111,32.270179748535156,60046401
2020-08-13,32.46113345497533,32.7475544923463,31.410921770601387,31.745079040527344,24293216
2020-08-14,31.983762489732847,31.983762489732847,30.50391749100414,30.79033851623535,27201356
2020-08-17,31.07675946338703,31.124495693798806,30.40844313251984,30.981287002563477,21850726
2020-08-18,31.076759139000604,31.50639249230383,30.74260188756525,31.36318016052246,25200592
2020-08-19,32.69981676626335,33.03397402092705,32.17471094806001,32.65208053588867,64987250
2020-08-20,32.461133232492,33.65455724839245,32.079236090587436,33.51134490966797,45593468
2020-08-21,33.654556117993025,35.038928658347025,33.654556117993025,34.03645324707031,68760804
2020-08-24,34.80024100571177,34.94344968582608,33.320396125620015,33.70228958129883,38104044
2020-08-25,33.70229161199416,34.03645250314335,33.51134305162904,33.60681915283203,24142450
2020-08-26,34.03645242858349,34.084188658059986,33.60681907921332,33.797767639160156,18538663
2020-08-27,33.79776567674901,34.80024100571177,33.559080901184515,33.70228958129883,44653828
2020-08-28,33.89324005771982,35.707245911991585,33.89324005771982,35.373085021972656,85959987
2020-08-31,36.471033527513306,36.85292697369322,33.12944675272618,33.46360397338867,75996857
2020-09-01,33.606817493331654,34.13192327687545,32.27018127881956,33.12944793701172,42207150
2020-09-02,33.41587074139191,33.559083072814225,32.60434390877446,33.22492218017578,29193200
2020-09-03,33.320396553304896,33.46360523525737,32.843026996048614,32.938499450683594,13929020
2020-09-04,32.27018471008243,32.65208185256147,31.983763674243686,32.126976013183594,20522901
2020-09-07,32.31791597349531,32.50886451537645,31.9837587567337,32.270179748535156,16504375
2020-09-08,32.27018471008243,32.46113328132195,31.88829120964446,32.126976013183594,13245081
2020-09-09,31.506393559863728,31.79281459109065,31.07676019200284,31.410921096801758,14722712
2020-09-10,31.69734448244112,32.12697788221428,31.649608247364387,32.03150177001953,13592699
2020-09-11,31.792815981731266,32.317921835622634,31.792815981731266,32.174713134765625,11540634
2020-09-14,32.270183641822726,32.50886843746053,31.840550281266495,32.0792350769043,13826555
2020-09-15,32.41339618422157,32.41339618422157,31.506393226563812,31.792814254760742,23921967
2020-09-16,31.840550281266495,32.17471118038399,31.26770822855215,32.0792350769043,26126290
2020-09-17,31.745079040527344,32.03150007789832,31.50639423571135,31.745079040527344,14159296
2020-09-18,31.840548908657443,31.936025008021268,30.885809767263925,31.124494552612305,26475003
2020-09-21,31.076758452239662,31.12449468109824,29.024069653973918,29.262754440307617,28356034
2020-09-22,29.35822707401795,29.40596330020173,28.164803209220473,28.689908981323242,30887287
2020-09-23,29.119542700336428,29.119542700336428,27.59195976824586,28.02159309387207,37098972
2020-09-24,27.639698417381524,27.782908922032234,26.68495929168296,26.780431747436523,26290043
2020-09-25,26.97137980623964,27.92611891442511,26.398535977124286,27.735170364379883,31735862
2020-09-28,28.16480504587664,28.880859411449773,27.878384028055553,28.785385131835938,20887757
2020-09-29,28.833122813597686,29.02406954936419,27.40101410075715,27.782909393310547,30263021
2020-09-30,27.687434386871242,27.687434386871242,27.01911627671104,27.257801055908203,26580672
2020-10-01,26.54174797241493,27.68743569510324,26.446275513041268,26.732696533203125,62176969
2020-10-05,27.114591635041066,27.544224983155583,26.78043256662093,27.01911735534668,35375815
2020-10-06,27.16232875334698,27.3055392574642,26.82816969639322,27.06685447692871,25184933
2020-10-07,27.06685476896284,27.25780150283921,26.398536647844594,26.49401092529297,33248097
2020-10-08,26.780430913518586,27.401012782714595,26.49400991313605,26.541746139526367,31575254
2020-10-09,26.732697889238217,27.687437099568154,26.398538801418635,27.591962814331055,41073470
2020-10-12,27.973857480437964,28.403490843453007,26.971382061430166,27.162330627441406,33394203
2020-10-13,27.114590962215456,27.210065239540725,26.494010891131758,26.58948516845703,25015960
2020-10-14,26.5417469328199,27.066854543909653,26.255325923876665,26.875905990600586,32332343
2020-10-15,27.066853854631308,27.257800582057403,26.255325255264523,26.446273803710938,18354893
2020-10-16,26.541749276768382,26.684961614907696,26.11211772541201,26.207592010498047,17640916
2020-10-19,26.494010857215,26.780431867803767,26.350800351920615,26.684959411621094,23518488
2020-10-20,26.63722360461943,26.63722360461943,26.01664348209467,26.112117767333984,19887927
2020-10-21,26.255327427939037,26.541748453290186,25.82569406889185,25.96890640258789,22428270
2020-10-22,25.96890640258789,26.159853145815166,25.92116835101572,25.96890640258789,11303327
2020-10-23,26.159852981567383,26.255327263091807,25.96890623953899,26.159852981567383,10787905
2020-10-26,26.3030631819399,26.971381323678155,26.207590722566238,26.732696533203125,32461849
2020-10-27,26.73269788985874,26.73269788985874,25.82569491161604,26.112117767333984,37298613
2020-10-28,26.207589304868005,26.398536034306513,25.73021974974123,25.873430252075195,29350576
2020-10-29,25.777956227209962,25.777956227209962,25.109638115133414,25.396060943603516,33996026
2020-10-30,25.587008537527144,25.96890565502908,25.30058752042111,25.53927230834961,25772525
2020-11-02,25.87343078692575,27.114590927504246,25.53927172722527,26.684959411621094,53642960
2020-11-03,26.780430913518586,27.06685373492143,26.064376591541937,26.541746139526367,72403902
2020-11-04,26.637223561854416,26.684961614907696,25.730222406088394,26.207592010498047,46812632
2020-11-05,26.446273803710938,26.875905306184894,26.159850981041313,26.446273803710938,34167763
2020-11-06,26.49401092529297,26.923644263300467,26.3508004196306,26.49401092529297,32382743
2020-11-09,26.684960000846704,27.591961101752045,26.589485721535507,27.305540084838867,48174136
2020-11-10,27.591960580255673,28.451225435775257,27.30553956875594,28.260278701782227,46493213
2020-11-11,28.451226573817046,28.928596159424853,27.544225453774487,27.92612075805664,49278768
2020-11-12,27.92611990039052,28.164804685863945,27.59196083652365,27.782909393310547,27200167
2020-11-13,27.83064539744743,28.21254068691953,27.066854818503227,28.164804458618164,33735974
2020-11-14,28.642173990788667,28.642173990788667,28.164804424275523,28.260278701782227,5257310
2020-11-17,28.260279519529163,28.833123380124974,28.069330958990417,28.498964309692383,30880948
2020-11-18,28.451227576274192,29.835600151722314,28.26028082791548,29.453704833984375,78369100
2020-11-19,29.45370434941833,29.45370434941833,28.403490877151487,28.642175674438477,29648439
2020-11-20,28.59443760675169,28.833122388707814,28.2125404988056,28.45122528076172,23624084
2020-11-23,28.594436528955686,28.7853832547111,28.403487982179968,28.689908981323242,21909692
2020-11-24,28.9285964574369,29.21501930436448,28.4512268669114,29.024070739746094,30470938
2020-11-25,29.262754112452622,31.12449433238462,29.16727983478474,29.931072235107422,99621016
2020-11-26,29.978808057647896,30.742600447632135,29.50143849679038,30.599388122558594,48077667
2020-11-27,30.694867273560206,32.60434570695018,30.59939116666606,31.93602752685547,71951138
2020-12-01,32.36565655880485,33.08171087522053,31.792810920447955,32.89076232910156,58487858
2020-12-02,32.986233080056365,33.46360259971576,31.98375781717971,32.41339111328125,77155079
2020-12-03,32.79528830301224,34.418345584308575,32.60434338689335,34.17966079711914,90403528
2020-12-04,34.60929529864531,35.038928658347025,33.17718652766688,34.03645324707031,120208081
2020-12-07,33.98871135015213,34.75250556281771,33.79776643902646,34.13192367553711,82840809
2020-12-08,34.37061044366434,39.23977879970042,34.27513798258165,38.76240921020508,227310533
2020-12-09,40.28999086635106,40.71962419101688,37.37803733123488,37.616722106933594,216961308
2020-12-10,37.616722605437474,37.616722605437474,36.37555884172351,36.661983489990234,63379052
2020-12-11,36.85292915374624,39.52620164534712,36.85292915374624,38.666934967041016,116536838
2020-12-14,39.14430320046164,39.62167275168679,38.85788219813469,39.38298797607422,52117435
2020-12-15,39.382991133365394,39.43072736390674,37.90314613433803,38.76240921020508,56929480
2020-12-16,37.8076667178034,37.8076667178034,35.564031300620755,36.23234939575195,214696891
2020-12-17,36.423303292778705,36.61424822625437,35.08666690620216,35.32535171508789,66872650
2020-12-18,35.46856333574743,35.46856333574743,34.036454511564486,34.89571762084961,63979156
2020-12-21,34.37060825965896,35.18213505341796,31.50639090468738,32.556602478027344,73372682
2020-12-22,32.31792206022003,33.177188839498335,30.265234864008157,31.88829231262207,118459132
2020-12-23,30.647125440290836,31.267707348294703,30.265231963246098,30.36070442199707,178237037
2020-12-24,30.742600828427207,31.124494296619133,29.978808428982205,30.026546478271484,111190598
2020-12-28,30.408444131448245,31.410921392211463,30.07428504452717,30.933551788330078,145990073
2020-12-29,31.410918999494093,32.60434291828884,31.315442900766055,31.69734001159668,160162623
2020-12-30,32.17471076482427,32.17471076482427,30.885810699802647,31.26770782470703,92597922
2020-12-31,31.315443855812322,31.84054966768833,30.933550375375624,31.554128646850586,189388220
2021-01-01,31.792813434116127,33.3681345115981,31.6018648729,33.22492218017578,227528491
2021-01-04,33.79777030418446,34.13192757890978,32.699818729445035,33.94097900390625,213599078
2021-01-05,33.415870277142055,34.084188411093066,33.12944926031758,33.988712310791016,142225084
2021-01-06,34.17966119188655,34.752506872981925,33.17718580252071,33.60681915283203,202327890
2021-01-07,34.17966201792628,34.370610582906174,33.750028657231766,33.84550476074219,94883129
2021-01-08,34.03645242858349,34.27513721800682,33.511342978219474,33.797767639160156,80655853
2021-01-11,34.179659437825215,34.179659437825215,32.98623554933941,33.320396423339844,76603154
2021-01-12,33.129450682506416,35.277613863968114,32.74755354898572,34.84798049926758,183664727
2021-01-13,35.32534803902664,35.51629659467278,33.65455455069431,34.943450927734375,227452083
2021-01-14,35.08666690620216,36.089142375113994,34.7525096305786,35.32535171508789,184172283
2021-01-15,35.32534751148574,35.80271707245176,33.89323882858767,34.322872161865234,142841953
2021-01-18,34.370610582906174,34.89571640507016,33.51134386151714,33.84550476074219,113003034
2021-01-19,34.32287467220736,35.086665297207766,33.89324130750683,34.84798049926758,109008869
2021-01-20,35.08666602279671,35.61177186071607,34.657032649211395,35.27761459350586,132227405
2021-01-21,35.420822145383376,35.70724681321181,33.654556117993025,34.03645324707031,126279607
2021-01-22,34.17966049776033,34.41834528285928,32.65207932994342,32.986236572265625,133649890
2021-01-25,33.41587023461672,33.511342692756436,31.983761510276,32.60434341430664,83484252
2021-01-27,32.55660383764055,32.69981616818618,31.554128449943747,31.84054946899414,69780206
2021-01-28,31.50639076072097,31.601863215300817,30.456177371159534,31.076757431030273,130283571
2021-01-29,31.50639222044216,32.843028498731805,31.02902264134455,31.84054946899414,125606644
2021-02-01,32.22244542795461,34.37060845648492,31.601863540674014,34.13192367553711,200145354
2021-02-02,34.46608547423118,35.18213991185682,33.94097961504728,34.561561584472656,199832087
2021-02-03,34.800244098145775,36.99614350006396,34.084189707821956,36.6142463684082,260980002
2021-02-04,36.75745669706368,39.14430453453535,36.280087129569345,38.666934967041016,384813812
2021-02-05,39.430726785163685,40.81509930278928,37.903145578015994,38.33277893066406,329090924
2021-02-08,39.0965676464299,39.3352524261492,36.04140173761468,36.280086517333984,208191094
2021-02-09,36.51877168113272,39.192040513696384,35.65950500828977,37.282562255859375,376625747
2021-02-10,37.04388109198269,38.1418326543004,36.900672393881095,37.66446304321289,213081321
2021-02-11,37.66445761396129,38.28503583369536,36.852927206868245,36.99613952636719,151510830
2021-02-12,37.234825197884966,37.855407074665976,36.661983190118384,37.04387664794922,158520381
2021-02-15,37.47351244888619,38.23730305701582,37.23482765621813,37.75993347167969,127928424
2021-02-16,38.18956592414953,38.81014782723329,37.330299234039835,37.712196350097656,187520683
2021-02-17,37.712195275904605,40.57641263863154,37.52124672331467,39.8126220703125,466579666
2021-02-18,40.09904748401115,42.29494697496544,39.90809891044097,41.81757736206055,365119300
2021-02-19,42.24720483836071,44.252155475568365,39.33525133497221,40.14677810668945,429882183
2021-02-22,40.62414814570788,40.91056914849211,38.38051270818401,39.192039489746094,207909169
2021-02-23,39.43072720701066,40.2899939214996,38.81014892836058,39.14430618286133,217940163
2021-02-24,39.5739390630044,40.19451733417282,39.382990501859936,39.90809631347656,76642692
2021-02-25,40.33772779158899,40.71962489613629,39.86035823192521,40.003570556640625,133293103
2021-02-26,39.144307154766146,39.81262532240206,38.52372521866687,39.001094818115234,191695436
2021-03-01,39.5262033880069,39.57393961845281,38.71467290226273,38.9533576965332,120923262
2021-03-02,39.28751851595646,39.76488810355232,38.85788515871199,39.14430618286133,115358594
2021-03-03,39.52620464345077,41.913052661967335,39.38299230552336,41.57889175415039,238140740
2021-03-04,41.05378303366085,42.294943187665694,40.52867723489428,41.626625061035156,215065585
2021-03-05,41.62662421481513,41.62662421481513,39.430724965132626,39.8126220703125,129772294
2021-03-08,40.28998867853323,40.910566876427,39.71714306273846,39.860355377197266,89990535
2021-03-09,40.05130487349865,40.43319831778652,38.90561725655399,39.71714401245117,77359752
2021-03-10,40.099043145237204,40.33772792586361,39.430725031075106,39.621673583984375,48965330
2021-03-12,39.95583004451758,40.051306140139424,38.85788226017127,39.192039489746094,59205010
2021-03-15,39.19204249080368,39.239778721249586,37.9508822890054,38.9533576965332,83777448
2021-03-16,39.14430683738492,39.5262039706636,37.8076705129505,37.998619079589844,99770550
2021-03-17,38.04635229375617,38.14182839052531,36.327822614359285,36.661983489990234,89295594
2021-03-18,37.23482385458657,37.33029630508982,34.99118848939565,35.9936637878418,126241327
2021-03-19,35.51629668819242,36.99614162477528,34.704766235069656,36.709720611572266,135987432
2021-03-22,36.70971894341129,36.805191396126915,35.80271607445042,36.23234939575195,94389245
2021-03-23,36.13687289345469,37.42577284282344,36.08913666763523,36.99613952636719,108051825
2021-03-24,36.90067291055016,37.28256641954264,35.08666690620216,35.32535171508789,118077858
2021-03-25,35.325346718371755,35.325346718371755,33.224919968871255,33.89323806762695,190748444
2021-03-26,34.561557841207915,34.752506398968556,34.0841882678267,34.370609283447266,100724564
2021-03-30,34.752505428216715,35.0389264358366,34.17965977093624,34.51382064819336,94886069
2021-03-31,34.46608616693216,35.945934948066856,34.131928879474096,34.99119567871094,117399302
2021-04-01,35.32535102953384,36.75745985505549,35.13440245772274,36.471038818359375,100007430
2021-04-05,36.80519587509691,36.80519587509691,34.56156018487736,35.27761459350586,103941329
2021-04-06,35.277612563133445,35.8504546002504,34.60929442513644,35.373085021972656,94329535
2021-04-07,35.37308375577679,36.375559105867815,35.18213520289261,35.898189544677734,96171649
2021-04-08,36.04140301201156,36.375560258617845,35.6595058941408,35.754981994628906,68360846
2021-04-09,35.65950181616398,37.23482269467807,35.51629314487025,36.136871337890625,130289882
2021-04-12,35.0866596949658,35.18213214208152,31.79280928090787,32.41339111328125,184407237
2021-04-13,32.461133232492,33.702293480620256,32.12697596485631,33.51134490966797,147766538
2021-04-15,33.03396893279014,33.75002320424114,32.60433928355182,33.177181243896484,115658330
2021-04-16,33.41587074139191,33.79776786382417,32.938501159372024,33.22492218017578,100392762
2021-04-19,32.079234508262886,32.27018306979653,31.029022882889144,31.64960479736328,122301341
2021-04-20,32.46113417852081,32.65208275503799,31.888292091010438,32.174713134765625,117371947
2021-04-22,31.697339690238895,32.60434258773557,31.554127364619152,32.365657806396484,100459282
2021-04-23,31.98376246059642,33.129450202518505,31.888289999619968,32.46113204956055,122182836
2021-04-26,32.699813782982595,33.12944710124012,32.699813782982595,32.89076232910156,73069756
2021-04-27,32.843027748320516,33.70229078583889,32.79528787786885,33.368133544921875,97206393
2021-04-28,33.606819887368594,34.17966193894359,33.46360755345438,34.03645324707031,94894461
2021-04-29,34.17965828227163,34.561555370492094,33.320395296836416,33.46360397338867,127130844
2021-04-30,32.98623449141807,34.084185890428216,32.93849826581775,33.27265548706055,95008214
2021-05-03,32.938499450683594,33.12944800199425,32.46112989342731,32.938499450683594,105720320
2021-05-04,33.22492178332699,37.425775511742025,33.12944932487972,35.754981994628906,426069700
2021-05-05,36.80519360571225,36.94840593542399,35.468560977246256,35.754981994628906,178293892
2021-05-06,35.80271785640851,36.0414026421179,34.561557699127846,34.752506256103516,114302420
2021-05-07,34.991192015940484,35.27761303835733,34.322873868940576,34.60929489135742,110980908
2021-05-10,34.8957152324359,35.03892756186855,33.415870277142055,33.988712310791016,175653730
2021-05-11,33.272655429278444,33.750024968533744,32.222443899732994,33.46360397338867,231689524
2021-05-12,34.13192570655703,36.471037427442546,33.94097714202824,35.42082214355469,345869236
2021-05-14,36.08914246672629,36.661988194730895,34.847982185778044,35.134403228759766,185587845
2021-05-17,35.51629713473045,36.089139168338676,35.1821362467583,35.94593048095703,108033820
2021-05-18,36.6142430369974,36.6142430369974,35.516295256957484,35.65950393676758,91471489
2021-05-19,34.65703405267293,35.18213991185682,34.13192819348903,34.561561584472656,154514444
2021-05-20,34.84797622680664,36.1846123882127,34.32287046412588,35.80271530151367,339156585
2021-05-21,36.28008741020548,36.614244653220005,35.8504540677291,36.327823638916016,178307284
2021-05-24,37.4257770217128,38.28504010852837,36.99614365728453,37.998619079589844,277203783
2021-05-25,38.571464030223844,38.66693649066839,37.425776294684745,37.56898498535156,163516340
2021-05-26,37.712195523984875,38.42824986937699,37.28256218834146,37.4735107421875,155307751
2021-05-27,37.7121959894546,40.480940949294165,37.61672353237356,40.24225616455078,511815455
2021-05-28,40.86283622899288,40.86283622899288,39.144306431155236,40.337730407714844,335658662
2021-05-31,40.433201900908855,41.24473237076304,39.71714753211798,40.48094177246094,240394043
2021-06-01,40.62415185013472,40.719627954462815,39.23977929472565,39.764888763427734,172714836
2021-06-02,40.00357493516838,42.53363169308531,39.71715025438739,42.00852584838867,397167134
2021-06-03,42.485893738597916,42.96326333116643,41.43568209176357,41.722103118896484,265127956
2021-06-04,41.578891024109815,41.626627255233785,41.00604896654019,41.14925765991211,142152047
2021-06-07,41.053785783628555,41.14925824723918,39.955834241901144,40.19451904296875,157004801
2021-06-08,40.576411789982004,40.671884243259825,39.43072414044497,39.573936462402344,104992723
2021-06-09,39.66941215865441,40.433202773438765,38.23730339016839,38.76240921020508,149730470
2021-06-10,39.239775989257375,40.910569432824985,39.14430353501264,40.576412200927734,208415707
2021-06-11,40.9583085204473,41.14925342529328,39.908093333591374,40.14677810668945,91371585
2021-06-14,39.90809657588123,41.76983868570961,38.571463923163066,41.10152053833008,192209398
2021-06-15,40.95831135165486,41.29246860027426,40.38546567139764,40.48094177246094,72824813
2021-06-16,40.38546112681213,40.9583067426069,39.71714306273846,39.860355377197266,70156923
2021-06-17,39.239776611328125,40.19451573707373,39.00109182989172,39.239776611328125,79183021
2021-06-18,39.62167417316435,39.812622728913055,37.1393538745535,38.47598648071289,117416542
2021-06-21,37.712195275904605,40.00357062290244,37.42577426804006,39.8126220703125,116450769
2021-06-22,40.14677944074459,40.81509755603518,39.1920403166268,39.43072509765625,137367867
2021-06-23,39.62167602177908,41.00604856299642,39.43072745712135,40.337730407714844,205772277
2021-06-24,40.67188607837782,40.86283463558971,39.52620201918809,39.669410705566406,109853745
2021-06-25,40.09904270936939,40.76736081626702,39.812621704139175,40.38546371459961,111022988
2021-06-28,41.00604976931321,41.72210417631388,40.671888860821596,41.387943267822266,165596285
2021-06-29,41.483416762308224,41.91305010786841,40.958310958641704,41.05378341674805,137925510
2021-06-30,41.2924665995292,41.4834151503629,40.24225503300484,40.38546371459961,88216025
2021-07-01,40.48094070647658,40.815097946296625,40.242255923164905,40.43320083618164,79292862
2021-07-02,40.62415241329865,40.76736475075563,40.00357411574749,40.19451904296875,82307112
2021-07-05,40.480939811036805,40.528676038235055,40.051306482171135,40.38546371459961,50276083
2021-07-06,40.289990488429474,40.91056871420069,39.62167239433379,39.95582962036133,60698228
2021-07-07,39.90809452558711,40.146779305814356,39.669409745359864,39.8126220703125,41710161
2021-07-08,39.908093817726986,40.337727142923654,39.0488308093743,39.192039489746094,60454510
2021-07-09,39.23977864356413,39.33525474630786,39.0010938497662,39.14430618286133,45122471
2021-07-12,39.23977685238682,39.573937733675045,38.95335584131173,39.048831939697266,38587491
2021-07-13,39.19204062421443,39.38298917894474,39.00109206948412,39.048831939697266,33738717
2021-07-14,39.14430830776377,39.23978077364919,38.714674927197166,38.857887268066406,27627264
2021-07-15,38.95335695218017,39.04883305328848,38.475987372761196,38.52372360229492,32145976
2021-07-16,38.57146509224451,39.3352557229537,38.47598898713023,39.001094818115234,41560170
2021-07-19,38.666935036461595,38.8578835922103,38.285037924964186,38.47598648071289,31864818
2021-07-20,38.332779082326134,38.57146387451486,37.66446093578951,37.95088195800781,48757312
2021-07-22,38.61920092944274,38.76240962259035,38.09409510381956,38.18956756591797,53618639
2021-07-23,38.28503710020135,38.47598565183651,37.90314363897173,38.237300872802734,42958166
2021-07-26,38.141830674141566,38.33277923707157,37.47351252490702,37.56898498535156,39507185
2021-07-27,37.71219756954587,38.1895671590338,37.28256421059856,37.3780403137207,41915784
2021-07-28,37.42577405393988,37.521246508668334,36.37555884172351,36.661983489990234,57230970
2021-07-29,36.852927911065194,37.90314310936392,36.51877068190325,37.616722106933594,63854550
2021-07-30,37.712196350097656,38.18956592414953,37.473511563071725,37.712196350097656,45647205
2021-08-02,37.95088427399048,39.09657207482106,37.80767193312124,38.857887268066406,64896737
2021-08-03,39.62167417316435,39.62167417316435,38.2373016965372,38.47598648071289,100994147
2021-08-04,38.66693366319168,38.81014598542716,37.52124601142972,37.616722106933594,79555428
2021-08-05,37.712195661280006,37.759931889405124,36.471035519823246,37.09161376953125,62226173
2021-08-06,37.23482765621813,37.998618264347755,36.99614286355006,37.75993347167969,62616916
2021-08-09,37.80766629141966,38.38051192737485,36.900667074728275,36.99613952636719,55639684
2021-08-10,37.13935146291973,37.28256013890146,35.61176675816416,35.80271530151367,64226181
2021-08-11,35.89818595007312,36.089134483836986,34.94344692329415,35.70724105834961,60555697
2021-08-12,35.75498079560535,36.23235035591506,35.70724456798252,36.08913803100586,32721153
2021-08-13,36.136873362301415,36.32782191009722,35.85045236162803,36.04140090942383,31382550
2021-08-16,35.94593055356429,36.1846153417233,35.6595058941408,35.754981994628906,19259890
2021-08-17,35.65950430166388,35.70724417079639,35.03892606538863,35.08666229248047,25157898
2021-08-18,35.038929066027926,35.32535009514796,34.46608336574688,34.84798049926758,32386126
2021-08-20,34.32287319878694,34.65703044474203,33.70229129396654,33.988712310791016,38801065
2021-08-23,34.08418731574318,35.086662663433124,33.845502535719824,34.51382064819336,54815488
2021-08-24,34.466084329904305,35.03893004621019,34.27513939984343,34.704769134521484,55044654
2021-08-25,34.80024337768555,35.229876731393446,34.60929481581083,34.80024337768555,45499400
2021-08-26,34.75250647159828,34.991191258787715,34.08418833905969,34.17966079711914,35509249
2021-08-27,34.17965977093624,34.60929310338642,34.08418731574318,34.51382064819336,31396562
2021-08-30,34.51382028329706,35.22987461579666,34.51382028329706,35.08666229248047,31585995
2021-08-31,34.99119567871094,35.611774018567516,34.704770984271136,34.99119567871094,56641931
2021-09-01,34.94344961159521,35.75498003201494,34.89571338499184,35.65950393676758,41504907
2021-09-02,35.564033435693524,36.089139241235195,35.516297206469886,35.754981994628906,35910903
2021-09-03,35.80271783901857,36.80519321010293,35.80271783901857,36.327823638916016,53604232
2021-09-06,36.66198072542227,36.75745317295143,36.041398890361464,36.136871337890625,30264921
2021-09-07,36.04139826090611,36.23234679466997,35.468556301654864,35.70724105834961,30962650
2021-09-08,35.659505822112095,36.614244972819684,35.56403336385767,35.94593048095703,47139154
2021-09-09,35.94592851817762,36.184613292821446,35.75497997005442,35.8504524230957,20050778
2021-09-13,36.08913809756191,36.08913809756191,35.65950476408269,35.898189544677734,21274965
2021-09-14,36.04140180338303,36.6142438189384,35.945929348137376,36.08913803100586,31674866
2021-09-15,36.23234898713417,37.18708807168559,36.041400441815775,36.99613952636719,57565856
2021-09-16,37.043878822432205,40.05130864484513,36.757457801735946,39.90809631347656,190657378
2021-09-17,40.767363234242985,40.81509946427255,37.568984833689484,37.95088195800781,135078081
2021-09-20,37.71219704944669,37.71219704944669,36.280088300733524,36.37556076049805,49454941
2021-09-21,36.47103686230346,36.70972165375565,35.659506386141466,36.37556076049805,45279748
2021-09-22,36.42329788208008,36.8051913343421,36.28008556120644,36.42329788208008,27417221
2021-09-23,36.75745391845703,37.234823449865566,36.66198146899152,36.75745391845703,31335371
2021-09-24,37.23482772163541,37.23482772163541,36.04140375619838,36.18461608886719,33176080
2021-09-27,36.42330144462129,36.9006710381705,36.32782534068687,36.6142463684082,33799535
2021-09-28,36.66198592948882,37.90314613374923,36.61424605690728,37.3780403137207,87295894
2021-09-29,37.04388100732226,39.1443080197152,36.757459969732565,37.855411529541016,103695312
2021-09-30,37.998620767421194,39.38299338449657,37.80767219230025,38.28504180908203,83665464
2021-10-01,38.1418309290857,39.33525490282405,37.56898523646673,38.76240921020508,97922965
2021-10-04,39.048831699811586,39.62167371844266,38.90561937413346,39.239776611328125,62912144
2021-10-05,39.192039489746094,39.86035759093639,38.90561848696186,39.192039489746094,62599441
2021-10-06,39.43072593984302,39.81262305446323,37.9031447654438,38.094093322753906,76749025
2021-10-07,38.619199123826085,38.714671581460735,38.046353451895776,38.094093322753906,35042174
2021-10-08,38.285037924964186,38.666935036461595,37.71219589975884,38.47598648071289,63181834
2021-10-11,38.66693789210867,39.048835031810114,38.47598932225795,38.61920166015625,42779749
2021-10-12,38.666933649236505,39.47846042950299,38.237300324725744,39.38298797607422,67999277
2021-10-13,39.621672689041255,40.19451469278945,39.43072414044497,39.573936462402344,82798525
2021-10-14,39.908098721244365,40.767365477216,39.81262625593245,40.62415313720703,128521477
2021-10-18,41.00604925848925,46.018430045053286,40.81510069059289,43.91800308227539,405179433
2021-10-19,44.77727001788846,45.35011208210922,41.91305241270261,42.151737213134766,150882735
2021-10-20,41.91305192605957,42.4858939836292,40.719627937755384,41.14925765991211,115424264
2021-10-21,41.91305024991109,42.86778940237338,41.48341690289489,42.62910461425781,122750629
2021-10-22,43.154212731311716,44.15668816668777,41.67436769413363,41.96078872680664,102347062
2021-10-25,42.247208304383264,43.58384460020836,41.19699667340705,42.86779022216797,153458794
2021-10-26,43.29741833511504,45.445581389841514,43.154209650024406,43.77478790283203,214146592
2021-10-27,44.10894953871283,44.96821259005271,43.679316192022476,44.20442199707031,111681059
2021-10-28,42.96326155797962,42.96326155797962,39.1443049750481,39.47846221923828,321343621
2021-10-29,39.621676977222904,41.14925824723918,38.762410236563106,40.19451904296875,146781564
2021-11-01,40.62415241329865,40.719628518950316,39.90809801009583,40.19451904296875,42645900
2021-11-02,40.433203844036356,40.52867994968802,39.90809801009583,40.19451904296875,52725424
2021-11-03,40.289992678335715,40.71962602232367,39.28751730372435,39.47846221923828,64044920
2021-11-04,39.81262200436697,40.146779239315336,39.66940967965156,40.003570556640625,13072027
2021-11-08,40.33772944188642,40.67188669050582,40.00357219326701,40.48094177246094,55791255
2021-11-09,40.671888315687156,41.292470250253025,40.57641585284979,40.95831298828125,55276093
2021-11-10,40.86283622899288,40.95831233234222,40.14678184305712,40.337730407714844,41151809
2021-11-11,40.480939035605466,40.52867526188931,39.76488471522594,39.95582962036133,35549697
2021-11-12,40.28998867853323,40.33772490267268,39.66940683859901,39.860355377197266,28798008
2021-11-15,40.14677732406049,40.1945135493414,39.57393533660842,39.71714401245117,29300908
2021-11-16,39.95583095563733,39.95583095563733,39.09656792769072,39.239776611328125,37098708
2021-11-17,39.04883494777385,39.52620455035279,38.66693780889428,38.810150146484375,37455760
2021-11-18,39.00109449696688,40.28999459008883,38.95335826582332,39.764888763427734,123654620
2021-11-22,39.7648868256459,39.90809551209788,37.56898387964092,38.094093322753906,66795201
2021-11-23,37.80767106743577,39.00109507388313,37.66446237188671,38.810150146484375,54899992
2021-11-24,38.90562269391181,39.28751983361325,38.38051685835311,38.61920166015625,40887058
2021-11-25,38.61920002776432,38.71467248763364,38.04635434242573,38.14183044433594,44234204
2021-11-26,37.950877746978364,37.950877746978364,36.51876915275277,36.75745391845703,55545650
2021-11-29,36.47103520333026,36.709719983925304,35.420819983487654,35.898189544677734,47437170
2021-11-30,36.0414039886189,36.75745837249875,35.3730858352562,35.61177062988281,52315588
2021-12-01,35.707247054297476,36.805194934236084,35.46856225752287,36.6142463684082,40315749
2021-12-02,36.56650537748552,36.85292636792254,36.232348162315745,36.75745391845703,32390148
2021-12-03,36.80519014318979,37.33029589933108,36.61424160221828,36.75745391845703,29288326
2021-12-06,36.75745607677259,37.139353181139754,36.13687419268612,36.280086517333984,40915598
2021-12-07,36.56650537748552,37.091611133626806,36.47103292802001,36.75745391845703,31500355
2021-12-08,36.99614293860247,37.66446108783702,36.80519437567247,37.56898498535156,41296620
2021-12-09,37.712196350097656,38.09409346615548,37.378039105077676,37.712196350097656,35479922
2021-12-10,37.712196630934265,39.192041593107064,37.47351184213088,38.90562057495117,52245056
2021-12-13,39.382992383115784,39.52620472132535,38.332780709715784,38.428253173828125,46056603
2021-12-14,38.28503905878248,38.619199951749145,37.759933246453016,38.33277893066406,40950927
2021-12-15,38.237302980226104,38.61920010454443,37.85540949794868,37.95088195800781,30984077
2021-12-16,37.99861556282715,38.38051266076135,37.33029746246262,37.616722106933594,34881495
2021-12-17,37.4735104159305,37.61672274057836,36.18461406226255,36.280086517333984,47068060
2021-12-20,35.80271662498007,35.945928948296256,34.32287173288903,35.08666229248047,55096010
2021-12-21,35.229878361338834,35.89819289575926,34.943453684254585,35.27761459350586,60527831
2021-12-22,35.564033435693524,36.28008780017058,35.32534864753451,35.754981994628906,37841483
2021-12-23,36.04140173761468,36.518771297053284,35.898189412966815,36.280086517333984,35679028
2021-12-24,36.28008802479005,36.423300355388456,34.609294497332606,35.18213653564453,57414841
2021-12-27,35.13440016032924,35.659505966942966,34.609294353715526,35.56403350830078,42555204
2021-12-28,35.659506860399944,35.898191655026565,35.42082206577333,35.61177062988281,34060388
2021-12-29,35.70724788214231,35.802720346249224,35.32535074163257,35.468563079833984,32102072
2021-12-30,35.32535074163257,35.70724788214231,34.89571736906937,35.468563079833984,69851127
2021-12-31,35.564034399365674,35.898191655026565,35.3730858352562,35.61177062988281,31412356
2022-01-03,35.61176840571179,36.42329884198185,35.56403217817608,36.280086517333984,36560565
2022-01-04,36.3755615716336,36.9006710381705,36.18461664784669,36.6142463684082,40922358
2022-01-05,36.37555766459254,37.2825605233245,36.327821438773086,36.99613952636719,46559579
2022-01-06,36.47103464018264,37.33029765183251,36.47103464018264,37.04387664794922,43889477
2022-01-07,37.04387860477885,37.759932973332724,36.900669916292586,37.13935470581055,45764582
2022-01-10,37.18709096514631,38.90562072264645,37.139354735612585,38.52372360229492,77487214
2022-01-11,38.61920002776432,38.7624087175683,37.95088188255641,38.14183044433594,40117267
2022-01-12,38.23730379696717,38.61920092944274,38.04635523072938,38.18956756591797,27289110
2022-01-13,38.141827464482034,38.810145557477185,37.95087891762048,38.38051223754883,38374630
2022-01-14,38.141830369260376,38.52372385002686,37.9986180376974,38.33277893066406,28246979
2022-01-17,38.237300938437535,38.66693426984394,37.9508799315135,38.04635238647461,28509122
2022-01-18,38.1895660708519,38.38051462961433,37.23482691908061,37.330299377441406,44095230
2022-01-19,37.09161604158144,38.33277990110655,36.99614357948303,38.18956756591797,44886428
2022-01-20,38.09409510381956,38.61920092944274,37.95088276863098,38.18956756591797,38841491
2022-01-21,37.75993097867777,37.95087952861352,36.70971941709215,37.04387664794922,48283808
2022-01-24,37.043877084027606,37.28256186374691,35.61176840571179,36.280086517333984,51367085
2022-01-25,36.18461345274131,37.75993078712843,35.89818880827033,37.616722106933594,54401085
2022-01-27,37.23482691472303,39.57393856469713,37.04387835598295,39.28751754760742,120678533
2022-01-28,40.19451881673615,40.48094349003798,38.85788612350533,39.001094818115234,116265760
2022-01-31,39.239777362349855,39.95583172036384,39.001092576345194,39.669410705566406,65358800
2022-02-01,39.90809465971514,40.09904321294684,38.475985973538464,39.43072509765625,83578352
2022-02-02,39.43072620405913,41.053783489009525,39.33525374578473,40.86283493041992,111715210
2022-02-03,40.95831110350551,41.38794080854441,40.43320165594093,40.6718864440918,85013403
2022-02-04,40.576412706490025,40.95830981230857,39.478461258792244,39.621673583984375,57040478
2022-02-07,39.62167351772256,41.05378219908603,39.430724965132626,39.8126220703125,94193766
2022-02-08,40.00357234043103,40.28999336059289,38.71467228664135,40.09904479980469,82898920
2022-02-09,40.1945135493414,40.28998964194377,39.43072301872514,39.71714401245117,36405347
2022-02-10,39.81262441272328,39.9080968736151,38.85788523564138,38.9533576965332,34712483
2022-02-11,38.76240879463313,38.905621126762725,37.80766962587822,37.95088195800781,38771131
2022-02-14,36.37556132415768,36.661985991971335,35.325349682310765,35.42082214355469,68821970
2022-02-15,35.707244374542995,36.805192172082904,35.134398720050235,36.661983489990234,53556498
2022-02-16,37.04387965099537,37.330300678098034,36.70972239304909,36.80519485473633,58312435
2022-02-17,36.757456981392394,36.99614176698586,36.18461495278442,36.327823638916016,37538172
2022-02-18,36.136873362301415,36.661982779250025,35.89818858806682,36.04140090942383,39630801
2022-02-21,35.850451526840914,36.089136295517676,35.51629430750967,35.80271530151367,34670090
2022-02-22,35.13440305134141,35.659508901163136,34.847982009806024,35.516300201416016,37187228
2022-02-23,35.516295256957484,36.28008580873321,35.516295256957484,35.65950393676758,36877066
2022-02-24,34.322873292604754,34.752506640036245,30.312968119978905,30.551652908325195,189980575
2022-02-25,32.27018208126749,35.086663261999405,32.03149729717226,33.368133544921875,189336639
2022-02-28,32.60434209024836,33.559081201037,32.50886599394509,33.320396423339844,94949907
2022-03-02,32.84302744531932,33.94097525680356,32.747551347337605,33.75002670288086,69515457
2022-03-03,34.2751391934771,34.41834789016052,33.27266010648788,33.51134490966797,52337879
2022-03-04,33.177182194359496,33.797764037545,32.9384974303713,33.03396987915039,56689130
2022-03-07,32.41339574197434,33.129450123717334,31.840550051355393,32.65208053588867,62092259
2022-03-08,32.65207831737966,33.559081201037,32.413393539682495,33.320396423339844,64860676
2022-03-09,33.750027523097145,34.13192464022367,33.272657947709405,33.988712310791016,69650320
2022-03-10,34.65702939772516,35.134398958691186,34.08418738138222,34.322872161865234,70426564
2022-03-11,34.179661536711706,34.80024345364895,33.988712974420174,34.60929489135742,42340369
2022-03-14,34.657033609776505,35.229879337781114,34.179663990793244,35.134403228759766,54669854
2022-03-15,35.229875972349774,35.516296987970335,34.275136825587346,34.370609283447266,50789501
2022-03-16,34.179662749426704,34.70476858282881,34.036454054157595,34.27513885498047,48492102
2022-03-17,34.65703029906783,34.752506398968556,34.275136825587346,34.370609283447266,39001545
2022-03-21,34.46608000823262,34.561556103332485,33.9409742323256,34.08418655395508,28291811
2022-03-22,34.084188411093066,34.227397098484886,33.36813404801145,33.988712310791016,46470194
2022-03-23,34.22739523354392,34.80024087802119,33.988710458855216,34.08418655395508,46357008
2022-03-24,34.13192757890978,34.370612387153905,33.89324277066566,33.94097900390625,27969611
2022-03-25,33.98871255706614,34.22739734648947,33.654555308689815,33.797767639160156,29182192
2022-03-28,33.797768451907245,34.22739816956802,33.22492275829131,34.03645324707031,49502255
2022-03-29,34.3706089097137,34.3706089097137,33.27265744605932,33.368133544921875,47346926
2022-03-30,33.797764836091716,33.89323728712656,33.368131522353835,33.46360397338867,46240651
2022-03-31,33.55908006646406,33.702288743016325,33.368131522353835,33.46360397338867,33939694
2022-04-01,33.51134511143559,34.80024524159301,33.41587264640515,34.704769134521484,53967690
2022-04-04,34.80024410918506,35.42082239577131,34.60929554329661,35.22987747192383,56228869
2022-04-05,35.32535082567288,35.802720431425215,35.03892979062969,35.27761459350586,40801381
2022-04-06,35.134398975181746,36.18461419502436,35.03892651976002,35.898189544677734,44241731
2022-04-07,35.993666782787926,36.75745737648861,35.61176966491716,35.754981994628906,61740174
2022-04-08,35.89818858806682,36.23234945721963,35.802716135189236,36.04140090942383,28343556
2022-04-11,35.94593055356429,36.28008780017058,35.70724576540527,35.754981994628906,28770137
2022-04-12,35.65950430166388,35.70724417079639,34.609292737480736,35.08666229248047,39061333
2022-04-13,35.1821406189491,35.46856531338889,34.943455801610114,34.99119567871094,22607254
2022-04-18,34.752510162914405,34.752510162914405,34.084191959388896,34.561561584472656,29188725
2022-04-19,34.75250465149158,34.94344955761004,33.60681700457767,34.08418655395508,31729898
2022-04-20,34.22739523354392,34.41834378170301,33.84550177926637,34.08418655395508,24765890
2022-04-21,34.370608389553695,34.513820714659786,34.17965983675914,34.322872161865234,19283074
2022-04-22,34.22739734648947,34.4660821359128,33.750027767642806,33.797767639160156,29066596
2022-04-25,33.51134133186503,33.654553655299594,33.22492032703657,33.320396423339844,38812926
2022-04-26,33.750027523097145,34.084188411093066,33.60681883570532,33.988712310791016,22211380
2022-04-27,33.654555308689815,33.98871255706614,33.463606748742976,33.797767639160156,23588728
2022-04-28,33.893239028833065,33.94097525680356,33.46360569301718,33.75002670288086,26935411
2022-04-29,33.988714516028146,34.179663086980426,33.41587244521236,33.51134490966797,25617648
2022-05-02,33.320395296836416,33.60681629198149,33.08171052720876,33.46360397338867,20822885
2022-05-04,33.65455477094824,33.84550332784405,32.65207939979624,32.7952880859375,35664306
2022-05-05,33.08171093570966,33.46360438660528,32.60434139055968,32.69981384277344,26554780
2022-05-06,32.41339296472688,32.60434151190566,31.8882871915157,32.31791687011719,36331439
2022-05-09,32.22244561608158,32.31791807220182,31.601863725177783,31.983760833740234,32033408
2022-05-10,31.983762820905685,32.365659953195575,31.554129457589806,31.792814254760742,29295243
2022-05-11,31.888290439393945,32.07923536398019,30.93355124829881,31.601865768432617,36363537
2022-05-12,29.596913683205536,29.931072750284518,27.162329576382277,27.305540084838867,203441446
2022-05-13,28.117070216701055,28.642176049194756,27.639700615881143,27.973857879638672,63258378
2022-05-16,28.451224447819918,28.451224447819918,27.878382444712116,28.212539672851562,34445098
2022-05-17,28.308015712419998,28.737649062564454,28.069330922566504,28.594438552856445,32624448
2022-05-18,28.785384461675548,28.833122510881275,28.260278667555216,28.35575294494629,31734195
2022-05-19,27.973856093727015,28.021594143373612,27.448750294757208,27.87838363647461,30284209
2022-05-20,28.40348999256548,28.689911011981497,28.212541432274513,28.594438552856445,24793799
2022-05-23,28.737647760645167,29.453702097765795,28.546699209004863,29.215017318725586,42055819
2022-05-24,29.1195450614588,29.5491784219213,28.78538598343469,28.92859649658203,56809933
2022-05-25,28.976332893677412,29.40596440858621,28.403489052778642,28.45122528076172,40570359
2022-05-26,28.642174586776857,29.07180793398668,27.591961154390958,28.880859375,43717993
2022-05-27,29.310492648954725,29.35822887807188,28.737648794446798,29.071807861328125,30100376
2022-05-30,29.31049197765523,30.3607035623429,29.215017700587158,30.217493057250977,35988041
2022-05-31,30.122018969422804,30.456178030750205,29.83559795743954,29.931072235107422,22186702
2022-06-01,29.93107312694334,30.217494147460897,29.74012456591801,29.978809356689453,19112886
2022-06-02,29.883334772547414,30.694865238149305,29.835598543286324,30.551652908325195,28608162
2022-06-03,30.647124607021787,30.790336933295272,30.074282586009335,30.122018814086914,17378205
2022-06-06,30.07428270654038,30.122018934809276,29.549176911501,30.026546478271484,17746776
2022-06-07,29.883334220322315,30.12201900425786,29.596913208007813,29.83559799194336,15036787
2022-06-08,29.88333425510323,30.31296759509541,29.69238752034478,29.740123748779297,20451354
2022-06-09,29.74012476461094,29.883335275826504,29.40596569109432,29.6923885345459,15900909
2022-06-10,29.405965766821378,29.59691432961417,29.262755255237014,29.501440048217773,16223346
2022-06-13,28.880858514717858,29.167279523645757,28.546699456955064,28.737648010253906,21124501
2022-06-14,28.642173800799185,28.976332859345916,28.451225247052378,28.54669952392578,20714804
2022-06-15,28.64217478241897,28.833123342709936,28.49896427271096,28.594438552856445,11190067
2022-06-16,28.78538374758797,28.880858022610585,27.59195986235613,27.735170364379883,24073157
2022-06-17,27.687434137378744,27.973855141426252,27.210064583286005,27.735170364379883,25315923
2022-06-20,27.926121249445394,28.021595532451013,26.78043349541893,27.162330627441406,25688389
2022-06-21,27.401012834910883,28.642172933626576,27.2578005134265,28.403488159179688,24011383
2022-06-22,28.637666231802605,28.83281104947588,28.344946213707715,28.588878631591797,24515377
2022-06-23,28.637665806176503,28.88159822043515,28.003441901315348,28.54009246826172,20714754
2022-06-24,28.637664641406303,29.076741852579453,28.540091307460088,28.832809448242188,18924714
2022-06-27,29.076741852579453,29.223102784027052,28.784023711797353,28.832809448242188,15645270
2022-06-28,28.735237869210277,29.125529342496936,28.735237869210277,29.027956008911133,18553627
2022-06-29,28.735237869210277,29.174315078761563,28.588876938303304,29.027956008911133,17307144
2022-06-30,28.97917124113306,29.17431605376987,28.198586407415984,28.296159744262695,21893458
2022-07-01,28.344945678835685,28.881598104687974,28.05222752732107,28.735239028930664,17767070
2022-07-04,28.735238183896094,29.369462067564502,28.735238183896094,29.271888732910156,19169426
2022-07-05,29.32067564633951,29.515822323479384,28.88159841435975,28.979171752929688,15961683
2022-07-06,28.881598718861717,29.320675955470715,28.832811118534053,29.22310447692871,14801245
2022-07-07,29.36946330221385,30.345192967662438,29.271889963457664,30.24761962890625,32993224
2022-07-08,30.3451936824644,30.442767023518996,29.662182156138925,29.90611457824707,20754742
2022-07-11,29.759755213143297,30.393979132359608,29.759755213143297,30.296405792236328,20450726
2022-07-12,30.052473068237305,30.442766424779506,29.906113990062302,30.052473068237305,15414252
2022-07-13,30.052473068237305,30.296405485547854,29.906113990062302,30.052473068237305,14450589
2022-07-14,29.954901874432636,30.198834294058123,29.369463695120128,29.662181854248047,16034640
2022-07-15,29.662180957350454,29.808540032488946,29.320675207989574,29.564607620239258,12066316
2022-07-18,29.75975411082298,30.73548375380078,29.613395036587626,30.58912467956543,21452288
2022-07-19,30.393978315340892,30.97941647928677,30.345192577118993,30.833057403564453,25007755
2022-07-20,31.076989932757588,31.17456327062212,30.540337505030976,30.637910842895508,20054939
2022-07-21,30.589125296239267,31.272134943459175,30.54033769647286,31.076990127563477,21957903
2022-07-22,31.125775393880073,31.467281142835343,30.930630580946065,31.028202056884766,20272480
2022-07-25,30.833057403564453,31.028202217508667,30.589124990341723,30.833057403564453,21587323
2022-07-26,30.73548406606404,31.028202217508667,30.68669832784214,30.833057403564453,19540357
2022-07-27,30.735484213639715,31.32092051933993,30.735484213639715,31.27213478088379,22430650
2022-07-28,31.320922054577093,32.638159390138625,31.320922054577093,31.857576370239258,52325898
2022-07-29,31.41849524830788,31.808784872231083,30.540337080782578,30.58912467956543,49931761
2022-08-01,30.784272304513916,32.93087845963902,30.589127474720488,32.58937454223633,70456056
2022-08-02,32.443009288564554,33.76024276331518,32.15029115218808,33.36995315551758,64390245
2022-08-03,33.27237997953489,33.51631239499222,32.44301125582527,33.174808502197266,32209696
2022-08-04,33.27238237704171,33.36995758352358,32.19908116053593,32.58937454223633,36881278
2022-08-05,32.58937200238316,33.07723683043013,32.491796803505814,32.7357292175293,30539905
2022-08-08,32.6381597691504,32.93087793974768,32.443013081381054,32.540584564208984,19970390
2022-08-10,32.58937480575476,32.68694629091205,32.00393472847028,32.19908142089844,22044563
2022-08-11,32.39422785138613,32.93087845963902,32.34544210920196,32.58937454223633,21927939
2022-08-12,32.54058414165937,32.73573082689468,32.44301266009844,32.491798400878906,14138000
2022-08-16,32.58937200238316,32.78451495591135,32.44301106512376,32.7357292175293,17673451
2022-08-17,32.73572959734653,33.71145926476141,32.58937238050227,33.613887786865234,40936919
2022-08-18,33.46752419744097,33.85781752234289,33.22359179990552,33.3211669921875,26013767
2022-08-19,33.321171315286385,33.418742798114316,32.39422733996708,32.540584564208984,28981855
2022-08-22,32.24786571551252,32.39422665879027,31.564854183738717,31.613643646240234,24893422
2022-08-23,31.36970932919678,32.29664950697541,31.36970932919678,32.24786376953125,25441848
2022-08-24,32.247864389482324,32.78451495591135,32.15029291271823,32.7357292175293,20360378
2022-08-25,32.784514801048324,35.223838929760646,32.73572906289672,34.39447021484375,111083657
2022-08-26,34.63840282368801,35.61413248069331,34.58961708526039,34.83354949951172,62782884
2022-08-29,34.00417686540448,34.54083115141178,33.613887238078455,34.39447021484375,33867475
2022-08-30,34.78476502868027,35.41898709557753,34.687189826156036,34.97990798950195,33807116
2022-09-01,34.589617926757214,35.61413334711455,34.49204272541492,34.931121826171875,38437795
2022-09-02,35.223838929760646,35.27262839002548,34.24810927827572,34.39447021484375,24622506
2022-09-05,34.394470409436686,35.077481913763044,34.394470409436686,34.83354949951172,33308634
2022-09-06,34.8823370239845,36.58986401117255,34.784765542133414,36.29714584350586,92981035
2022-09-07,36.00442359566607,37.028938927453815,35.906848402759174,36.68743133544922,48254482
2022-09-08,37.02894177944606,37.56559235437156,36.83379510071497,37.41923141479492,51627315
2022-09-09,37.56559054056803,38.63889163859615,37.56559054056803,38.0534553527832,65772741
2022-09-12,38.44375077894061,39.32190525534484,38.102243158577856,39.12675857543945,61436082
2022-09-13,39.27311846443723,39.80976902822428,38.49253548782758,38.59010696411133,67593580
2022-09-14,37.85831073922446,39.419480456354194,37.760739260328435,39.12675857543945,65760110
2022-09-15,39.37069033407541,39.712197948706994,38.88282550355595,39.468265533447266,50606061
2022-09-16,39.419480361773104,39.614623319096935,37.955885849164396,38.68768310546875,59732960
2022-09-19,38.88282508463701,40.34641956042681,38.687682132222285,39.41947937011719,83681824
2022-09-20,39.809771223962905,40.639143706572334,39.1755491489111,39.663414001464844,85095486
2022-09-21,39.71219913869647,40.10248878153924,38.73646944841947,39.1755485534668,46208645
2022-09-22,39.02918686101466,40.20006321126776,38.88282592144053,39.517051696777344,76924094
2022-09-23,39.46826415930749,39.61462137009974,37.07772582856921,37.22408676147461,69527571
2022-09-26,36.93136479584306,36.93136479584306,34.93111981018349,35.12626647949219,65861997
2022-09-27,35.418987030356355,36.1507842984303,35.22384034778062,35.80928039550781,41297271
2022-09-28,35.418985842072246,35.418985842072246,33.711458940519464,34.00417709350586,85338288
2022-09-29,34.39447096818761,34.882335804615806,33.41874129533122,34.0529670715332,116839087
2022-09-30,34.7359741755774,35.90685050419407,34.150537872325685,35.66291809082031,90405745
2022-10-03,35.71170560697563,35.858066551131735,34.49204347938611,34.58961868286133,47921973
2022-10-04,35.46777437210662,35.76049627024548,35.27263140283211,35.56534957885742,38320151
2022-10-06,35.95563719033062,36.10199813105863,35.56534755191151,35.760494232177734,27448412
2022-10-07,35.614133291449726,36.004426651982186,35.22383993091727,35.760494232177734,28687877
2022-10-10,35.27262846269025,36.101997179315724,35.22383900232491,35.66291809082031,32747438
2022-10-11,35.858064894944626,35.906850633372244,34.73597430054323,34.83354949951172,35436582
2022-10-12,34.97990816588039,35.56534821763757,34.73597574150992,35.41898727416992,36192793
2022-10-13,35.51656282099286,35.56534856191653,34.5896188549894,35.0286979675293,30733961
2022-10-14,35.76049472124225,35.90685194185852,34.88233650909111,34.97990798950195,26022043
2022-10-17,34.979909659725756,36.34593278338289,34.638405739868254,36.00442886352539,42448068
2022-10-18,36.297145112014576,38.15102928461818,36.150784170074104,37.90709686279297,93855098
2022-10-19,38.0534584037057,39.12675958778536,37.71195449662037,38.394962310791016,104078804
2022-10-20,38.1510286677965,39.76098411465868,37.663163832033824,39.517051696777344,121051376
2022-10-21,39.51705389666411,40.78550179583804,39.41948241292516,39.760986328125,113842537
2022-10-24,40.34641806030022,40.590350463862165,39.9073427115792,40.10248565673828,17217018
2022-10-25,40.20006500401241,42.932107461697754,39.5170534590627,42.24909591674805,169573666
2022-10-27,42.444239949071125,42.541811425625994,41.51729603334692,41.95637512207031,96348564
2022-10-28,42.24909412789827,43.71268863848675,41.6636578125082,42.05394744873047,118353597
2022-10-31,42.541812189003906,42.68817312857578,40.73671378555517,41.614871978759766,82205500
2022-11-01,42.15152280868957,42.541812446387006,38.9316156176474,39.12675857543945,146126391
2022-11-02,38.98040150534057,39.029187244974125,38.05345756384977,38.29738998413086,64972626
2022-11-03,38.053456656124986,40.59035227768801,37.95588517918535,40.29763412475586,104226875
2022-11-04,40.73671383354358,41.1270071914528,40.34642047563437,40.785499572753906,61162545
2022-11-07,41.85880097030158,42.4930229716013,40.639138980748655,40.83428192138672,109584009
2022-11-09,41.56608010765518,44.883562287300926,41.078215300184524,43.859046936035156,299263769
2022-11-10,43.90783613307292,44.054197075695186,42.49302733547345,42.980892181396484,97489239
2022-11-11,43.95662043627687,44.10298137411451,43.029676514902725,43.663902282714844,76514774
2022-11-14,43.81026378811913,43.85904952732594,42.639387436588926,42.88331985473633,39354002
2022-11-15,43.12725227288373,43.22482375129737,42.54181223606197,42.88331985473633,38499635
2022-11-16,42.88332163570875,43.85905134882106,42.78574643112944,43.078468322753906,60764292
2022-11-17,43.07846578297689,43.66390208748332,42.29787908081732,43.224822998046875,71836182
2022-11-18,43.27360725731988,45.566574102842274,43.078464310563184,44.73720169067383,172405604
2022-11-21,44.68841993399399,46.63987935226546,44.44448750671006,46.444732666015625,172492290
2022-11-22,46.68866282579408,47.22531711744607,45.85929410215363,47.03017044067383,123475904
2022-11-23,47.37167426381664,49.66464119882224,47.12774184873817,49.127986907958984,252150630
2022-11-24,49.323134198640446,49.95735997458747,49.07920178052441,49.61585235595703,104180912
2022-11-25,50.25007586692912,54.299355313983234,50.00614345980811,52.29910659790039,374685764
2022-11-28,53.030905966173044,53.030905966173044,51.42095424726475,52.103965759277344,124868210
2022-11-29,52.15275111208681,52.78697315831336,50.88430329752044,51.225807189941406,110088137
2022-11-30,51.22580799639381,51.61610135568785,49.66464200344428,50.054931640625,72720109
2022-12-01,50.49400899108027,52.29910734056347,50.05492990760476,51.957603454589844,106625627
2022-12-02,52.00639200296185,52.93333595770377,51.46974141509445,52.68940353393555,96833859
2022-12-05,52.98211670923833,54.006632048173806,52.494251907639246,53.81148910522461,99638073
2022-12-06,53.81149174898425,55.95809400379241,53.27483746316898,54.104209899902344,225788957
2022-12-07,54.44571378895458,54.98236435265662,52.73818689946694,54.104209899902344,111738442
2022-12-08,54.34814317529978,56.54353492520056,54.104210758644136,56.29960250854492,150791474
2022-12-09,57.08018402099609,57.95834218708747,53.66513027615017,54.88479232788086,242993671
2022-12-12,55.37265826168246,57.12897090705766,54.884793431183056,56.68989181518555,128901863
2022-12-13,57.37290407932878,58.64135191094143,56.98261444304744,58.44620895385742,148851940
2022-12-14,58.98285751422584,59.1780041867537,56.7874658230421,57.811981201171875,175015067
2022-12-15,57.81198162653933,60.49523815772892,57.47047773868776,57.86076736450195,229821550
2022-12-16,57.860767645174164,58.54377914630369,55.07993962457004,55.372657775878906,150603662
2022-12-19,55.66537346921717,55.90930587155565,54.25056479123141,54.68964385986328,85831831
2022-12-20,54.59207173981963,54.88478987472891,52.982116414649035,54.201778411865234,88046715
2022-12-21,54.64085907410589,55.71416017421629,51.27459111886781,51.86003112792969,154435087
2022-12-22,52.59182983953343,53.860277645312905,51.32337831164071,52.44546890258789,193777944
2022-12-23,52.0063881212054,52.15274905338731,48.103469632227686,48.4937629699707,174132546
2022-12-26,48.49376603173283,52.64061718809236,47.95711545003839,52.2015380859375,169993660
2022-12-27,53.274837817034644,54.201781736193304,52.00639000655539,52.88454818725586,124352547
2022-12-28,52.83576482711812,54.49450234204167,52.103967550964754,53.567562103271484,125697410
2022-12-29,53.128479830861885,54.54328855830265,52.15275018740111,54.055423736572266,130252482
2022-12-30,54.640861698541066,55.909309529263105,54.44571501948076,55.07994079589844,115251538
2023-01-02,55.4214432869947,56.20202626132442,54.98236420077386,55.7629508972168,72924744
2023-01-03,56.05567093559246,56.885039675859296,55.7629527756226,56.39717483520508,78566820
2023-01-04,56.689890675597,56.93382308594314,54.348141769541996,54.88479232788086,96809213
2023-01-05,55.323872037679635,55.76295112569956,54.10420997213164,55.372657775878906,82173647
2023-01-06,55.61659094312436,56.20202725368035,54.64086127745551,55.03115463256836,88223106
2023-01-09,55.61658944409771,56.34838667362531,55.372657034255184,55.71416091918945,56732510
2023-01-10,55.519019312966854,55.56780505169369,53.323627571239726,53.76270294189453,82014187
2023-01-11,53.95784976706466,55.2262975880115,53.2748382566738,55.03115463256836,75395366
2023-01-12,55.03115348920155,55.12872496489591,53.9578486459976,54.49449920654297,58123134
2023-01-13,54.640860955693164,56.0068839684308,54.34814280213889,55.421443939208984,98864358
2023-01-16,55.56780448984647,58.007128622657,55.421443553032546,57.47047805786133,166603280
2023-01-17,57.76319744355686,58.00712986204983,55.37265899790314,56.348388671875,116738590
2023-01-18,56.445958904715845,56.5923198414269,55.07993962457004,55.372657775878906,68557704
2023-01-19,55.32387223260873,55.95809427566037,54.83600740467058,55.811737060546875,59090340
2023-01-20,56.055671085858506,56.68989314714111,55.37265956268901,55.567806243896484,60893155
2023-01-23,55.86052303059703,56.104455445577806,55.226297262801715,55.421443939208984,48030932
2023-01-24,55.61659055142789,55.958094443161535,53.95784938705037,54.15299606323242,51548951
2023-01-25,54.104209619908865,54.20178109567221,51.86003217833298,52.39668273925781,83514024
2023-01-27,52.44546944618931,53.03090575581308,48.835268944540594,49.56706619262695,111244364
2023-01-30,49.85978349164596,51.95760372233188,47.90832419691049,49.4694938659668,148179904
2023-01-31,49.762214279705006,52.68940335498177,49.32313517399081,52.25032424926758,114490184
2023-02-01,52.933333613937315,53.079694550563076,47.12774144088928,49.079200744628906,159606635
2023-02-02,48.78648320575749,50.981874950016575,47.42046018715097,49.56706619262695,121217105
2023-02-03,50.00614273050879,51.03065808105269,48.00589776571106,50.54279327392578,114130816
2023-02-06,50.64037262919193,51.03066227369149,49.859785895966006,50.15250778198242,57728571
2023-02-07,50.29886405965544,50.83551463709976,49.46949532379726,50.054931640625,54786770
2023-02-08,50.39643808096026,50.73794197076434,49.90857325431829,50.34764862060547,43092026
2023-02-09,50.29886525079743,50.29886525079743,49.12798886730075,49.76221466064453,48710526
2023-02-10,49.56706638233992,51.37216850112976,49.3231339653775,50.00614547729492,56528450
2023-02-13,50.15250472430883,50.34764767360453,48.59133507515101,48.98162841796875,53678758
2023-02-14,49.17677656024886,49.90857380833523,48.29861837369992,49.56706619262695,44481427
2023-02-15,49.225563232384644,49.81099955310872,49.03041655143883,49.664642333984375,26711967
2023-02-16,49.71342713108954,50.006145285901425,49.17677656024886,49.56706619262695,25514798
2023-02-17,49.32313166003322,49.32313166003322,48.298616301099194,48.4937629699707,37386646
2023-02-20,48.54255073239105,49.274347979613026,48.10347163963521,48.29861831665039,52556924
2023-02-21,48.49376479921026,48.786482952502624,47.61560661721991,47.85953903198242,51854291
2023-02-22,47.566821247034135,47.6643927248494,46.34715916377685,46.63987731933594,50161602
2023-02-23,46.83502039143459,47.42045665748232,46.10322319781842,47.07895278930664,59329147
2023-02-24,47.42046194353024,47.957116256361026,46.200799818211934,46.39594650268555,43992957
2023-02-27,46.34715800286237,47.12774097217215,46.054439854635355,46.932594299316406,60479465
2023-02-28,47.07895364389204,47.42045751826676,46.49351736721737,47.1765251159668,45553040
2023-03-01,47.17652962714104,49.71342908691509,47.03017240503376,48.93284606933594,54733648
2023-03-02,48.93284247447409,49.03041394871084,48.201045251359005,48.54254913330078,39689768
2023-03-03,48.93284164367481,50.640368468619016,48.93284164367481,50.54279327392578,75460112
2023-03-06,50.78672889771634,51.177022257010385,49.90857442247473,50.054931640625,47324177
2023-03-08,49.76221525321886,50.39644105411507,49.42071134326765,50.25008010864258,37125655
2023-03-09,50.25007865470845,50.49401107536238,49.469495653038564,49.664642333984375,26784782
2023-03-10,49.22556200563033,49.22556200563033,48.15225714823297,48.68891143798828,32660079
2023-03-13,48.68891116996831,49.03041505964792,46.835023340559204,46.98138427734375,44252288
2023-03-14,47.03017001556752,47.66439205670298,46.444729990542584,46.98138427734375,57868867
2023-03-15,47.66439576220541,47.85954245238472,46.24959063316084,46.54230880737305,39104721
2023-03-16,46.54230382974977,47.274101048072524,45.664145678917215,46.83502197265625,56323397
2023-03-17,47.32289021190066,47.56682263567335,46.34716051680992,46.78623962402344,43994185
2023-03-20,46.68866362927068,46.835024569896945,44.98113669182652,45.85929489135742,51001675
2023-03-21,46.249587264650074,46.88380930889843,45.7129329752149,46.59109115600586,40735601
2023-03-22,46.78623868348158,47.17652832040386,46.54230626461266,46.688663482666016,28630222
2023-03-23,46.493519283899715,46.73745169625572,45.566575372524255,45.71293258666992,30619961
2023-03-24,45.85929300496866,46.00565393957448,44.00540520315657,44.39569854736328,41476341
2023-03-27,44.39569897272839,44.88356379660453,43.90783414885225,44.44448471069336,42307425
2023-03-28,44.444482782967505,44.639629448476356,43.322395969989486,43.81026077270508,38272734
2023-03-29,43.8102617311222,45.51778857798155,43.51753986539866,45.1762809753418,49229088
2023-03-31,45.56657697165421,45.908080872092185,45.37143029049821,45.46900177001953,32435561
2023-04-03,45.71293320337427,46.29837323419468,45.469000787727424,46.20079803466797,20028650
2023-04-05,46.200799985571855,46.29837518921883,45.32264548542966,45.56657791137695,24882531
2023-04-06,45.566578501165765,46.639879700380696,45.32264607206114,46.054443359375,33990957
2023-04-10,46.05444199666497,46.29837441855185,45.664148632800625,45.9080810546875,20735073
2023-04-11,46.493519054698666,46.93259441708437,46.005654232391706,46.10322570800781,36635159
2023-04-12,46.39594589846125,46.39594589846125,45.76172383482339,45.9080810546875,24089807
2023-04-13,45.95686538964424,46.78623783197199,45.664147236751674,46.59109115600586,32614533
2023-04-17,46.49351757823016,47.76196533152424,46.200795716451225,47.615604400634766,45304745
2023-04-18,47.664392778387054,48.29861855123853,47.42046036146161,47.9083251953125,35880230
2023-04-19,47.810752669247044,48.44497842819458,47.22531637030563,47.371673583984375,30538280
2023-04-20,47.42045974731445,47.66439216108071,47.1277415952176,47.42045974731445,23270861
2023-04-21,47.3228851871787,47.42045665748232,46.63987372871434,47.07895278930664,20293450
2023-04-24,47.322886471820965,48.15225515825506,47.07895406732705,48.054683685302734,31327255
2023-04-25,48.298617149239924,48.884053444021795,48.10347047694157,48.59133529663086,31449334
2023-04-26,48.49376402184655,49.27434699215106,48.1034706756377,49.03041458129883,30000936
2023-04-27,49.03041594655428,49.32313410330507,48.78648352890973,49.17677688598633,27678355
2023-04-28,49.371917199477124,51.22580496318032,49.27434572648774,50.98187255859375,58579598
2023-05-02,51.274591336077826,51.811241888406386,51.12823412477721,51.4697380065918,31570025
2023-05-03,50.68915704081107,51.66488670965396,50.54279610163931,51.274593353271484,30999962
2023-05-04,51.46973947511766,52.20153671883971,51.225807060543644,52.05517578125,31540665
2023-05-05,52.05517451990718,52.54303933723382,50.93308767332382,51.079444885253906,41383424
2023-05-08,50.25007775832274,51.42095410099758,49.371919570788286,50.835514068603516,64119087
2023-05-09,51.17702054122112,51.27459201671673,48.835267908194396,49.03041458129883,51516931
2023-05-10,48.44497799266973,48.786481876963194,46.73745112697601,47.3228874206543,94616408
2023-05-11,47.61560556749344,48.054684648808745,47.22531594574564,47.3228874206543,44557782
2023-05-12,47.32288784609146,47.61560599556216,46.88380876082879,47.371673583984375,20165979
2023-05-15,47.32288762213753,47.90832391830838,47.07895521171414,47.761966705322266,22303027
2023-05-16,48.10347101934389,48.64012158263061,47.615606194153564,47.810752868652344,34288935
2023-05-17,47.957112637905595,48.29861651838223,47.32288689174825,48.10346984863281,31020370
2023-05-18,48.39618809711798,48.49376329326079,47.176526061181406,47.27410125732422,32314683
2023-05-19,47.664390349267215,48.396187562748985,47.17652554027937,48.054683685302734,46965076
2023-05-22,48.640123844525604,49.51828205955018,48.493766623430446,49.32313537597656,59690876
2023-05-23,49.51828248376907,49.71342916901449,49.07920337249523,49.37192153930664,30905073
2023-05-24,49.030415329547786,49.567065897189835,48.59133623889038,48.68891143798828,25931404
2023-05-25,48.83527026426316,48.83527026426316,48.15225873650222,48.44498062133789,27256728
2023-05-26,48.54255060061596,49.27434784585137,48.49376486202292,49.127986907958984,24170849
2023-05-29,49.42070897627765,50.10371676346763,49.07920136056938,49.56706619262695,33668195
2023-05-30,49.56706814975035,50.29886542673125,49.420710927622224,50.2012939453125,31271579
2023-05-31,50.15250408482591,50.68915463277273,49.66463927358096,50.59157943725586,36101259
2023-06-01,50.59157815365789,50.98187148159667,50.29886001876033,50.445220947265625,29135650
2023-06-02,50.54279390867004,51.225805391647974,50.54279390867004,51.03065872192383,25135897
2023-06-05,51.27458983945647,51.51852223995066,50.73793930279186,50.884300231933594,19034598
2023-06-06,51.07944605796719,51.07944605796719,50.298863076746095,50.78672790527344,18736434
2023-06-07,50.884301936013784,51.17702008198714,50.78672673928055,51.079444885253906,16129252
2023-06-08,51.1770203989616,51.37216707152357,50.49400890605131,50.68915557861328,31319973
2023-06-09,50.88430452914801,50.93309026894423,49.95736058456642,50.10371780395508,20964121
2023-06-12,50.15250904738509,50.591584443261276,49.71342992939541,50.298866271972656,17394733
2023-06-13,50.640370265900295,50.93308841614271,50.29886265552312,50.73794174194336,17963382
2023-06-14,50.93308660847255,51.03065808105269,50.39643606505556,50.54279327392578,16336696
2023-06-15,50.54279619152782,50.786728609172364,48.98163020744803,49.17677688598633,33888122
2023-06-16,49.46949749963598,51.17702450795201,49.274350811405725,50.298866271972656,96884339
2023-06-19,50.10371556092738,51.225806136573794,49.95735834809079,50.68915557861328,34057742
2023-06-20,50.59157995596797,50.981873297810836,50.20129033623827,50.6403694152832,23194150
2023-06-21,50.786727360405386,51.95760368073184,50.542794948758754,51.56731033325195,52583478
2023-06-22,51.86003500283079,51.908820743369525,49.51828223583745,49.76221466064453,53046985
2023-06-23,50.20695846239658,50.30579332137794,49.564548844757425,49.91046142578125,28505207
2023-06-26,49.9598767486797,50.00929229286909,49.11980118696689,49.71279525756836,23362169
2023-06-27,49.95987732043692,50.40462476356003,49.811630686172144,50.25637435913086,19597683
2023-06-28,50.30579323256468,50.50345540984969,49.71279539021657,49.81163024902344,38263938
2023-06-30,49.959874444438505,51.14586630110568,49.959874444438505,51.047035217285156,29580748
2023-07-03,51.392950099224635,53.36960202611789,51.392950099224635,53.221351623535156,68566621
2023-07-04,53.46843273086538,56.927573578116004,53.12252015420604,56.383995056152344,177088979
2023-07-05,56.68049370344748,58.41006417633586,56.13691516600117,57.91590118408203,141211050
2023-07-06,57.66881634505373,59.05247415122339,57.322903778593414,58.31122970581055,75478926
2023-07-07,58.21240013911996,60.28788313233121,56.878157840486175,59.694889068603516,101329144
2023-07-10,60.28788331256233,61.622121845020516,59.348972900382996,59.89255142211914,103004929
2023-07-11,60.04080168906842,60.38671426480802,59.44780762489643,59.74430465698242,41506545
2023-07-12,59.89255230246259,60.979713132079056,59.7443056689906,60.6832160949707,51755516
2023-07-13,61.07854164429515,61.47387352387105,57.47115426636298,58.41006088256836,98250294
2023-07-14,59.29955748883824,60.28788344698554,58.41006261843993,59.99138641357422,50708803
2023-07-17,60.09021547414859,61.9186206971375,59.69488736632486,61.62211990356445,60868223
2023-07-18,62.16570522993469,62.51161781253116,60.584381410523015,60.88087844848633,97038714
2023-07-19,61.127958887230854,63.74702417941195,60.88087739816336,63.4011116027832,104017013
2023-07-20,63.54936164512025,64.38943719513603,62.8575289554442,63.104610443115234,97828765
2023-07-21,63.055193529234884,63.549360264001514,61.57270463542765,61.86920166015625,56213660
2023-07-24,62.36336794346921,63.05519688476159,61.1773797814416,61.37504196166992,56162634
2023-07-25,61.720956840332,62.264535363280146,59.84313601178639,59.99138641357422,61394039
2023-07-26,60.28788229880236,63.00577863194509,59.44780675844213,62.412784576416016,166000733
2023-07-27,63.055193341305,63.154028196029444,61.325622970351375,61.671539306640625,95604140
2023-07-28,61.77037373133608,62.1162863161658,60.7820477516347,61.2267951965332,51987753
2023-07-31,61.27621060978045,61.770373598569,60.9797135705402,61.127960205078125,37185529
2023-08-01,61.27621007982946,61.47387602766823,60.33729965521855,60.63379669189453,30729374
2023-08-02,60.534963607788086,60.68321400632184,57.866482825330294,58.80539321899414,74149795
2023-08-03,58.90422425886972,59.29955614121015,58.064148721601605,58.755977630615234,48284251
2023-08-04,59.003059657602975,59.89255074580949,58.55831222841758,59.25014114379883,42677862
2023-08-07,59.39838826657535,60.28788313233121,59.1513067783281,59.694889068603516,31910875
2023-08-08,59.74430643925131,61.622123545257125,59.59605603370361,61.424461364746094,63023357
2023-08-09,61.424460705772006,61.57270733956486,60.189053240009606,60.83146286010742,50984674
2023-08-10,60.83146255138207,61.37504107952593,59.99138698699286,60.53496551513672,54154278
2023-08-11,60.63379420358028,62.51161497573932,60.43613203401761,61.819786071777344,63803349
2023-08-14,61.81978584255842,61.86920138476586,59.84313399294719,61.62211990356445,39105535
2023-08-16,61.17737938906637,61.572707517151905,60.83146303555658,60.979713439941406,32860991
2023-08-17,60.831460899846185,63.154029122734606,60.831460899846185,62.51161575317383,86494044
2023-08-18,62.90694713338235,63.25285970181094,61.67153971733136,62.06686782836914,52249781
2023-08-21,62.26453326275379,62.31394880496123,61.424457734734695,61.62211990356445,22537361
2023-08-22,61.62212004022127,62.01745191908591,61.57270449790424,61.72095489501953,16228098
2023-08-23,61.77037138713235,62.956363271798146,61.67154030097865,62.61044692993164,35562766
2023-08-24,62.906947179734665,63.45052191900055,61.720955305418975,62.11628341674805,40679832
2023-08-25,61.72095769906451,61.77037324362654,60.43613468962996,60.782047271728516,44154787
2023-08-28,61.029126037597656,62.51161492919922,60.63379415843822,61.77037048339844,51611750
2023-08-29,61.968036924270756,62.363365036464,61.770370983092015,62.215118408203125,22724327
2023-08-30,62.21511894922475,63.10461003701773,62.21511894922475,62.70928192138672,36758499
2023-08-31,62.80811250759871,63.00577844892229,61.86920211393486,62.26453399658203,47388258
2023-09-01,62.31395207834478,65.42717664292321,61.77037354518007,64.63652038574219,120297728
2023-09-04,65.27893583591842,67.00850634969021,64.93301570090082,66.61317443847656,78454936
2023-09-05,67.1073335093041,67.79915865813388,65.87192607187335,66.56375122070312,70525265
2023-09-06,66.56375329224034,66.71200369741146,64.73535173600668,64.93301391601562,57072136
2023-09-07,65.08126526929965,66.36609207906183,64.9330148619688,65.822509765625,39914471
2023-09-08,66.21783810686928,66.51433890556876,65.47659365044909,66.06958770751953,38692009
2023-09-11,66.4155027376896,68.68865550432393,66.21784055812523,68.34274291992188,97021497
2023-09-12,68.6886529616032,68.9851537603027,65.47659365044909,66.06958770751953,106038890
2023-09-13,66.02017465068516,72.24662343932778,65.52601168934868,71.70304870605469,196952754
2023-09-14,72.14779732020871,73.33378549290249,71.01122092285196,72.8396224975586,110388816
2023-09-15,73.13612002236036,73.97619556860553,72.04896298955315,73.28437042236328,85659070
2023-09-18,73.28436960818875,78.1271681990677,72.93845703891064,76.00226593017578,196740035
2023-09-20,75.90343812994972,76.79292547792673,74.42094916288296,75.5575180053711,87014740
2023-09-21,75.95284447480381,77.38592156471529,73.67969941200533,74.12444305419922,82446210
2023-09-22,74.91510953232346,76.84234210598854,74.17386507470941,76.59526062011719,96312592
2023-09-25,76.99059531090431,79.60966066463789,75.65635674664874,79.26374053955078,132629554
2023-09-26,79.26373580262299,80.400312119187,78.12716702638733,78.42366027832031,81418694
2023-09-27,78.8684175474415,80.94390063230492,78.57191673232002,80.54856872558594,87175092
2023-09-28,80.6968132880805,81.68513921312662,78.2754102475205,78.72016143798828,153076293
2023-09-29,79.26374053955078,80.05440433928014,78.5719153700342,79.26374053955078,50000692
2023-10-03,79.26373621262118,82.52521478305285,78.8684118746657,82.22871398925781,67592455
2023-10-04,81.73455108091568,82.32755266890064,78.42366073619893,78.8189926147461,103799902
2023-10-05,79.75790015111632,80.10382026155182,75.35985274476627,76.1999282836914,134330537
2023-10-06,76.54584433673199,77.33650813894862,75.16219399334614,75.85401916503906,66525708
2023-10-09,75.11277098262964,75.11277098262964,71.99954278252073,72.49370574951172,73864732
2023-10-10,73.18554048745915,74.71744120405272,73.13612117323764,74.37152862548828,45297302
2023-10-11,74.91511180497295,76.9411755263842,74.61861099680118,75.16219329833984,59870131
2023-10-12,75.80459879292636,76.29876177734003,74.47036024307519,74.86569213867188,28874895
2023-10-13,74.22327432479135,74.86568767428653,73.72911136984557,74.32210540771484,33454518
2023-10-16,74.27269753737397,75.21160418495298,73.92678495880952,74.37152862548828,31664409
2023-10-17,74.86568841493599,75.31043206265574,74.37152545510142,74.91510772705078,25571754
2023-10-18,75.85402032092402,76.3481833197574,73.18554314335535,73.33378601074219,79079912
2023-10-19,73.03729256575556,74.22328074406549,72.54312956807159,73.13612365722656,40169623
2023-10-20,73.03728681848752,73.72911194467412,71.01121567128223,71.40654754638672,47312964
2023-10-23,71.6536339851454,72.83962215221626,68.29332412467281,68.83690643310547,64052095
2023-10-25,69.18281500288052,70.5664728110038,67.74974542252365,68.68865203857422,56157100
2023-10-26,68.54040579238568,69.4793200056303,66.56375381544403,69.0345687866211,96629399
2023-10-27,70.96180489656068,73.2843693274784,70.07231005016092,72.2960433959961,97582651
2023-10-30,72.69137527665471,72.79020636173725,71.50537963467887,72.2960433959961,45878932
2023-10-31,72.54312853142301,73.38320410741518,71.95013445074198,72.14779663085938,44305596
2023-11-01,72.2466276339811,73.4820351090503,71.80188395908773,72.04896545410156,39344724
2023-11-02,72.98786971207022,74.51977794676915,72.6419571385239,73.3832015991211,44074000
2023-11-03,73.97619619970692,74.51977849091219,73.63028362363477,73.87736511230469,33999204
2023-11-06,74.42094374796034,74.61860591305566,73.87736148345577,74.0256118774414,22781133
2023-11-07,74.3221102750149,75.85401855180169,73.67970442377732,75.26102447509766,45263683
2023-11-08,75.60693285468783,75.95284541850634,74.6186069350187,74.91510772705078,28074631
2023-11-09,75.1127700805664,75.65635235385976,74.71743820365565,75.1127700805664,25406922
2023-11-10,75.01394306840452,75.50810605628554,74.61861117003394,75.35985565185547,19806827
2023-11-13,75.40927415816313,78.52249491616752,75.21160444093306,78.17658233642578,61511606
2023-11-15,79.16490425175539,79.85673691617554,77.83066577510496,78.02832794189453,56335226
2023-11-16,78.27541395281159,79.36257855408769,78.17658286369434,78.67074584960938,36649274
2023-11-17,77.04000472980952,77.48475593118017,75.35985363217445,76.99059295654297,52680056
2023-11-20,77.28708675430065,78.57191351341883,76.8917624041061,77.48475646972656,29074574
2023-11-21,77.88009185140999,78.42366662745883,76.5952650346964,77.13884735107422,23914987
2023-11-22,77.08942619857191,77.38592700777487,75.11277424476238,75.45868682861328,35533376
2023-11-23,75.85401899146086,76.24935089166453,75.40927531643725,75.65635681152344,15646955
2023-11-24,75.8540182852335,76.05168046333061,74.86569231409038,75.0633544921875,17112957
2023-11-28,75.06334983699017,78.670740916009,74.71743727660827,77.63300323486328,43966316
2023-11-29,78.02832821698989,78.3742483205837,77.13884092297253,78.22599792480469,38404432
2023-11-30,78.22600002721593,78.91782517234043,76.34817922431276,76.694091796875,57665048
2023-12-01,77.18825799724313,80.5485678576527,77.13884622214128,79.75790405273438,84958693
2023-12-04,82.1793066410313,83.61237629408559,81.33923106716057,82.77230072021484,98320541
2023-12-05,83.21704191292417,84.79836946402895,82.52521676456227,84.00770568847656,84479543
2023-12-06,84.50186529551249,85.49019120540152,83.85945194601895,84.45244598388672,74935960
2023-12-07,84.84778319007656,86.18202174424135,83.51354463591177,85.78669738769531,52407229
2023-12-08,86.13260586328181,87.07151247580742,83.61237173865015,85.53961181640625,64205639
2023-12-11,85.58902556770327,88.30692192403542,85.53961379451256,87.41742706298828,58983764
2023-12-12,87.96100907763781,88.80108462256077,86.7256016467721,87.12093353271484,50356234
2023-12-13,87.56567782181985,88.15867188483686,86.92326444508114,87.71392822265625,45083954
2023-12-14,88.7022516175971,89.6411582286158,88.20808865593918,88.85050201416016,46901038
2023-12-15,90.92599027450771,90.92599027450771,88.55400641145478,90.18474578857422,57382725
2023-12-18,90.1353265599372,91.12365254213093,89.34467029837951,90.28357696533203,35997452
2023-12-19,90.38240432658475,91.32131849512938,88.99875404086175,90.33299255371094,43084144
2023-12-20,90.87656607188057,91.12364755390344,85.19369198535453,85.83610534667969,75353864
2023-12-21,85.04545228388366,89.09758723134128,83.76062551356185,88.80108642578125,58814452
2023-12-22,89.39407986909782,89.39407986909782,87.269185092038,88.20809173583984,32589619
2023-12-26,88.94933926857124,89.19642076653949,87.21976878279347,87.46685028076172,35937581
2023-12-27,88.1092596242702,91.07423746328998,88.01042853770191,90.72832489013672,62043155
2023-12-28,91.71665468497973,96.55944599298985,91.71665468497973,94.3851318359375,178967353
2023-12-29,95.27462315384126,95.42287355450932,93.69330314081527,94.63220977783203,65556029
2024-01-01,95.12637120420081,98.0913490079681,94.63220823690627,96.65827941894531,55329198
2024-01-02,96.65827850239909,97.7454355120726,94.97811990533235,95.86761474609375,50741670
2024-01-03,94.87929197950876,96.80652458171107,93.69330384589637,95.32403564453125,73009456
2024-01-04,95.37345223752357,96.70769073485329,95.32403292489606,96.26294708251953,37426897
2024-01-05,96.75711370417656,96.75711370417656,94.53338027781038,96.11470031738281,42729858
2024-01-08,96.11470178302966,96.11470178302966,93.69330614241649,93.8909683227539,47101702
2024-01-09,94.87929035941802,95.62053481535096,93.4956325336108,93.84154510498047,33881561
2024-01-10,93.84154839535897,94.0886298893334,92.26022834198835,93.2979736328125,54772377
2024-01-11,94.08863032918242,94.82987481457093,93.10030434866441,93.69330596923828,28709414
2024-01-12,94.28629549168272,97.44893546032675,93.59446281456601,96.55944061279297,78525419
2024-01-15,97.20185452478886,98.4372619476772,96.6582797829151,97.05360412597656,46701350
2024-01-16,97.25127774852378,98.9314288950831,95.66995769170404,97.10302734375,60660256
2024-01-17,95.91703424280462,98.78317339918023,95.27462088211308,96.06527709960938,98759165
2024-01-18,96.16411717139246,97.84426825663765,93.19913934543375,97.35010528564453,60733225
2024-01-19,98.23960400913366,101.30341304184567,97.74544101868564,101.00691223144531,104194911
2024-01-23,105.40496763355405,105.4543794085248,97.00419677498255,97.5971908569336,83723415
2024-01-24,97.99252251390965,101.45166344704585,96.65828394776574,101.00691223144531,65088374
2024-01-25,101.55048943478525,104.7625487113113,99.47500648724949,103.28005981445312,111791532
2024-01-29,106.24504089355469,108.2216928171557,104.21896965573217,106.24504089355469,108149443
2024-01-30,106.7392019450801,109.65476046355965,105.65204491481629,107.974609375,75911884
2024-01-31,108.22169256248084,113.60806602548655,107.7769488968487,113.06449127197266,113135172
2024-02-01,113.65748620787117,118.25320346260303,112.37265943460723,117.46253967285156,134380980
2024-02-02,120.27926283291649,126.75280069959234,118.69794285077283,123.93607330322266,167566465
2024-02-05,124.43023596722755,125.31973081137937,119.38977523747174,120.22985076904297,92993076
2024-02-06,120.97109932159645,121.41584298860296,117.70962062911978,120.47693634033203,53028325
2024-02-07,122.25592067292884,124.28199194744819,121.41584509824843,122.4535903930664,65831369
2024-02-08,124.18316129876379,125.76448136383863,121.61351525047608,122.84892272949219,83500656
2024-02-09,123.04658447282146,123.14541556272584,116.42480342495377,122.4535903930664,69128606
2024-02-12,123.39249482272777,124.08432752018534,115.73296861877382,116.86954498291016,65062679
2024-02-13,116.91896455492227,122.05825655148489,114.34931101631226,120.67459869384766,76885208
2024-02-14,119.48860767256699,123.0465795490522,118.10494984828705,121.5146713256836,57158902
2024-02-15,123.44191035347338,127.79054596017633,122.15708362638098,127.3458023071289,102510609
2024-02-16,128.13645226370025,131.05202585520692,127.79054723262216,128.630615234375,111266944
2024-02-19,129.37185784698124,129.76719726628215,126.70338085949184,126.9504623413086,44582022
2024-02-20,127.49404960249382,128.97653855136002,126.70338581363369,127.98821258544922,32539004
2024-02-21,128.43295122914054,129.61893932570118,125.71505492922137,126.85163879394531,54001521
2024-02-22,127.44462975804412,127.79054987693725,124.18315860829965,127.49404907226562,41873541
2024-02-23,127.98821474668084,129.2730415401922,125.51739979018122,126.45630645751953,48191136
2024-02-26,126.40689138611091,126.75280396293428,122.84891944960306,123.39249420166016,41091685
2024-02-27,123.39249652816892,124.28199141414906,121.16876308338294,121.95942687988281,37510230
2024-02-28,122.55242199631212,123.98549165675036,118.74736846658917,119.34036254882812,52883269
2024-02-29,119.3403561070815,124.08432358958135,117.3142849334386,120.4275131225586,356428226
2024-03-01,121.61351200357055,123.54074460324979,119.5874407759458,123.39249420166016,52161604
2024-03-04,124.97381556564731,125.22089705750533,123.29366443714437,124.5784912109375,43386707
2024-03-05,124.38081407011128,128.482368098236,124.03490151022015,128.1858673095703,60554186
2024-03-06,128.08704838859904,129.17419787872305,124.13373707184036,128.8282928466797,82989654
2024-03-07,129.02596214584597,130.1131116960164,127.98821683108399,128.33413696289062,38719979
2024-03-11,128.87769920674606,131.39793342195324,126.6045615623017,127.39521026611328,55291160
2024-03-12,127.29638744022091,128.5812142121856,123.3924953502228,124.47965240478516,43724417
2024-03-13,124.82556859636288,125.36914333637108,115.53530330006143,117.41312408447266,69647674
2024-03-14,115.6341400255991,120.87227075229197,114.9423148535433,119.24153137207031,54520717
2024-03-15,119.19210893990899,119.83452232020674,113.55865399954413,116.37538146972656,61465003
2024-03-18,116.57304225987464,119.09327643712362,115.88121711413066,118.59911346435547,31528977
2024-03-19,119.093276562697,119.29093873588126,114.59639048963386,115.18939208984375,33325451
2024-03-20,115.88121732694667,116.91896258779703,112.81740839822317,115.28822326660156,43979002
2024-03-21,117.16604126987046,120.13101904094779,117.01779087325092,119.63685607910156,38099730
2024-03-22,119.58743857948942,121.86059125456978,118.69794372661758,121.31700897216797,35001868
2024-03-26,121.36642954305985,123.14541172691213,120.7240161681985,122.50299835205078,30860596
2024-03-27,122.55241639550981,123.68899273305,120.77342668976617,121.31700897216797,42673023
2024-03-28,121.46526493038765,123.63957907885423,121.46526493038765,122.94775390625,29453142
2024-04-01,123.98548525874646,124.62789862315867,123.4419105198811,124.13373565673828,24639923
2024-04-02,124.03490574536175,125.51739465865293,123.49132346102358,125.22089385986328,29181379
2024-04-03,125.2208988387457,135.10415865365312,124.13374176717164,133.57225036621094,100643107
2024-04-04,135.45007500124447,135.74657580355276,132.43567782564864,133.52284240722656,81127069
2024-04-05,133.5228476847,135.89482403560376,132.73218387417947,134.95591735839844,44560290
2024-04-08,134.90649014080108,135.20299093746172,130.9531864004113,131.3485107421875,41839925
2024-04-09,131.94151196749706,133.17691938292305,129.71777861973024,130.95318603515625,25963967
2024-04-10,131.20027160196125,135.3018183165769,130.80494724898287,134.70883178710938,48720465
2024-04-12,134.01700127867207,136.68547825638515,133.02867535502597,133.2757568359375,40533614
2024-04-15,130.6566818952299,133.76991755081585,127.74112348557817,131.29910278320312,45918093
2024-04-16,130.8543469244703,130.95318554960068,126.7033810401615,127.04930114746094,45007324
2024-04-18,128.33412897110432,130.85434804630955,127.29638372096612,128.03762817382812,37211719
2024-04-19,126.50571850633528,127.83996453846952,123.78782221030073,126.75279998779297,35611955
2024-04-22,129.27303568140266,132.33683704021288,128.33412905661655,131.5461883544922,37568034
2024-04-23,133.42399745108744,133.42399745108744,130.95318268347472,131.29910278320312,28249840
2024-04-24,131.69443867618875,132.1391823572751,130.60727405072632,131.44735717773438,18644765
2024-04-25,131.39793325781804,135.400656408658,131.00260890640607,134.31349182128906,59269785
2024-04-26,134.95590954869368,136.48781776530456,134.412327267876,134.85707092285156,33021444
2024-04-29,135.8948170813055,137.22906313582115,133.27575936618317,135.64773559570312,51158461
2024-04-30,136.29014548788774,141.23177534721154,134.80765653009058,139.40338134765625,95390289
2024-05-02,139.4527974289809,140.83644772524676,135.74657512042177,136.4384002685547,58420041
2024-05-03,137.52554337121202,137.67380130505703,132.68275247873854,134.21466064453125,61353686
2024-05-06,135.30181594040567,135.30181594040567,124.92440105039809,125.61622619628906,144404671
2024-05-07,126.40689257915412,126.45630435326457,119.34036041308772,120.87226867675781,86243645
2024-05-08,121.06992596675369,124.67731710566551,120.67459408818432,123.34307861328125,70886836
2024-05-09,124.47964830524037,125.17148098287105,119.29093715448847,120.72401428222656,82730547
2024-05-10,122.4535903930664,123.29366596774682,119.09328055401596,122.4535903930664,45163174
2024-05-13,122.45358951443428,122.55242060362953,117.61079074057994,121.66292572021484,41922266
2024-05-14,122.10767594523169,125.12206561313285,121.61351296292048,124.28199005126953,32083064
2024-05-15,125.27031837223218,126.25864435544507,122.55242191839677,122.84892272949219,47253149
2024-05-16,123.78782644922984,124.77615240890434,120.97109897222329,123.68899536132812,33690165
2024-05-17,123.83724185344579,124.47964767468866,123.1454091793196,123.63957214355469,20071553
2024-05-21,124.92440032958984,126.50572032559407,124.33140627362933,124.92440032958984,30284178
2024-05-22,125.51739759621631,125.51739759621631,122.05825671758042,124.38082122802734,30665828
2024-05-23,125.02323549696695,126.505724455429,124.57849182555984,125.1714859008789,24483383
2024-05-24,125.17148563620965,125.86331079923094,123.83724708448074,124.97381591796875,23179947
2024-05-27,124.7761495651039,129.47069776656326,124.43023699516735,128.03762817382812,57820057
2024-05-28,128.5812127620794,130.01428238052313,125.36914586839252,126.70338439941406,44999618
2024-05-29,125.76447387863394,129.02595244525247,125.46797308518556,126.55513763427734,46255738
2024-05-30,126.50572524864523,128.48237720565533,125.51739927014019,125.96214294433594,26985052
2024-05-31,127.0987213706761,128.4823716484738,124.57848721836311,127.93878936767578,74303548
2024-06-03,133.42399819924015,136.98197751681587,131.10142627239813,135.40065002441406,95948403
2024-06-04,134.8076514856342,134.8076514856342,102.98355939856704,114.0033950805664,169672083
2024-06-05,117.61078572871801,121.16875757042867,109.16059600686782,120.4275131225586,104945370
2024-06-06,121.76175768307814,125.02323643222422,120.57576952356803,122.4535903930664,59619303
2024-06-07,122.55241513030317,124.13373510778978,121.61350851438786,123.63957214355469,28076164
2024-06-10,124.3808183615224,126.8516407582194,123.54074281842284,123.87677001953125,36182690
2024-06-11,124.72673183645988,125.83365961464618,123.93607560089418,124.66743469238281,22932643
2024-06-12,124.82557345070835,126.48596138755578,124.52907264257071,125.9917984008789,29332963
2024-06-13,126.80222206263734,127.29638503631818,124.3314071942331,125.09241485595703,23810879
2024-06-14,125.09241814658674,128.03763286494478,124.9244045407944,127.43475341796875,38637971
2024-06-18,127.49404796927507,128.38353529493736,126.8318713902763,127.12837219238281,20304777
2024-06-19,127.49404593194286,128.6701562104217,125.48774548535788,126.79232788085938,60954903
2024-06-20,126.80222115160936,128.3341293751452,126.30805818147888,126.99000549316406,22469105
2024-06-21,127.45999908447266,127.80000305175781,125.5,125.80000305175781,24071503
2024-06-24,125.69999694824219,126.68000030517578,122.9000015258789,125.06999969482422,29824639
2024-06-25,125.0999984741211,125.93000030517578,123.75,124.12999725341797,19684789
2024-06-26,124.12999725341797,126.0,123.0,124.36000061035156,36345676
2024-06-27,124.30000305175781,124.5,117.80999755859375,119.19999694824219,136068914
2024-06-28,120.1500015258789,124.98999786376953,120.1500015258789,123.26000213623047,121916127
2024-07-01,123.1500015258789,123.61000061035156,121.76000213623047,122.45999908447266,44039186
2024-07-02,122.5,123.12999725341797,119.9000015258789,120.62999725341797,41519074
2024-07-03,121.3499984741211,122.44999694824219,120.33999633789062,121.63999938964844,37154088
2024-07-04,122.19999694824219,122.37999725341797,120.48999786376953,121.52999877929688,20117728
2024-07-05,122.97000122070312,123.94999694824219,122.11000061035156,122.80000305175781,33669963
2024-07-08,122.6500015258789,123.38999938964844,121.12000274658203,121.36000061035156,23249946
2024-07-09,121.94999694824219,124.13999938964844,121.63999938964844,122.38999938964844,30994243
2024-07-10,122.80000305175781,122.94999694824219,118.54000091552734,119.22000122070312,48724410
2024-07-11,120.4000015258789,120.5999984741211,119.06999969482422,119.4000015258789,25511815
2024-07-12,119.80000305175781,119.80000305175781,117.5,117.73999786376953,26896471
2024-07-15,118.0999984741211,121.3499984741211,117.5,120.93000030517578,32712545
2024-07-16,121.41000366210938,122.1500015258789,119.19999694824219,119.86000061035156,29031539
2024-07-18,119.98999786376953,120.9000015258789,118.1500015258789,118.83999633789062,21826818
2024-07-19,119.3499984741211,119.79000091552734,116.19999694824219,116.51000213623047,32480581
2024-07-22,116.4000015258789,118.69000244140625,114.76000213623047,118.16000366210938,20931256
2024-07-23,118.4000015258789,118.94999694824219,112.5199966430664,117.75,28867094
2024-07-24,117.51000213623047,119.12999725341797,115.76000213623047,116.55000305175781,39917998
2024-07-25,116.05000305175781,117.94999694824219,115.33999633789062,117.72000122070312,22543073
2024-07-26,117.25,120.30000305175781,117.02999877929688,119.94999694824219,24356026
2024-07-29,124.86000061035156,128.8000030517578,123.54000091552734,127.0,144104708
2024-07-30,127.0,127.69999694824219,124.9000015258789,125.51000213623047,33365327
2024-07-31,126.0,126.0,122.7300033569336,123.94999694824219,47960947
2024-08-01,124.5,125.69999694824219,121.87999725341797,122.94999694824219,23162046
2024-08-02,121.0,121.6500015258789,119.55999755859375,120.26000213623047,29241484
2024-08-05,117.97000122070312,117.97000122070312,113.19999694824219,113.94000244140625,51711021
2024-08-06,116.0,117.80000305175781,113.48999786376953,113.80999755859375,27461434
2024-08-07,116.0,116.25,114.02999877929688,115.93000030517578,28249277
2024-08-08,116.25,116.30000305175781,113.80000305175781,114.0199966430664,27941633
2024-08-09,115.75,116.48999786376953,113.8499984741211,115.2699966430664,22149553
2024-08-12,114.94999694824219,115.88999938964844,113.80999755859375,114.5999984741211,15808638
2024-08-13,115.31999969482422,115.98999786376953,113.5999984741211,114.30000305175781,17938540
2024-08-14,114.55000305175781,115.0999984741211,112.5199966430664,113.56999969482422,20442740
2024-08-16,112.0,113.55000305175781,111.9000015258789,113.04000091552734,27059803
2024-08-19,114.33999633789062,115.87000274658203,113.8499984741211,115.20999908447266,16314063
2024-08-20,115.5,117.9000015258789,114.97000122070312,117.3499984741211,24197410
2024-08-21,117.38999938964844,117.75,115.2699966430664,116.41000366210938,31985161
2024-08-22,116.63999938964844,117.9800033569336,116.55000305175781,117.36000061035156,18399460
2024-08-23,117.68000030517578,117.9000015258789,116.11000061035156,116.2699966430664,10286090
2024-08-26,116.31999969482422,116.83999633789062,115.80999755859375,116.16000366210938,11190669
2024-08-27,116.25,116.6500015258789,115.69999694824219,115.95999908447266,9861808
2024-08-28,116.05000305175781,116.33999633789062,114.51000213623047,114.75,14645860
2024-08-29,114.75,115.88999938964844,114.5,115.52999877929688,14852490
2024-08-30,115.83000183105469,117.55000305175781,115.83000183105469,116.56999969482422,26208535
2024-09-02,116.94000244140625,117.48999786376953,115.62000274658203,116.5199966430664,14419150
2024-09-03,116.58999633789062,117.19999694824219,115.30000305175781,115.58999633789062,10681101
2024-09-04,114.05000305175781,114.52999877929688,112.73999786376953,112.94000244140625,26202729
2024-09-05,113.66999816894531,113.87999725341797,112.1500015258789,113.4000015258789,18290375
2024-09-06,112.9000015258789,113.12999725341797,109.75,110.0,29092655
2024-09-09,109.4000015258789,110.19000244140625,107.19999694824219,109.62999725341797,27017545
2024-09-10,110.19000244140625,110.62999725341797,109.37000274658203,109.58999633789062,12498926
2024-09-11,109.72000122070312,110.48999786376953,106.8499984741211,107.45999908447266,22838612
2024-09-12,108.69999694824219,109.47000122070312,107.0,108.72000122070312,20816903
2024-09-13,109.5,112.5999984741211,108.81999969482422,111.11000061035156,28921320
2024-09-16,111.30000305175781,112.19999694824219,110.26000213623047,110.80999755859375,12834170
2024-09-17,110.80999755859375,110.9000015258789,107.81999969482422,108.02999877929688,18548760
2024-09-18,108.30000305175781,109.9800033569336,107.77999877929688,108.75,24775806
2024-09-19,109.8499984741211,110.1500015258789,105.5999984741211,107.25,21178477
2024-09-20,108.0,109.16000366210938,106.30999755859375,108.41000366210938,23196144
2024-09-23,108.58999633789062,111.9000015258789,108.51000213623047,111.51000213623047,35372759
2024-09-24,111.0,111.23999786376953,107.5999984741211,107.83000183105469,79101837
2024-09-25,107.4800033569336,107.4800033569336,103.62000274658203,105.05000305175781,71227249
2024-09-26,105.19999694824219,107.48999786376953,104.55999755859375,107.29000091552734,34719895
2024-09-27,107.80000305175781,109.5999984741211,107.29000091552734,109.22000122070312,40191522
2024-09-30,108.88999938964844,109.26000213623047,106.80999755859375,107.20999908447266,30911908
2024-10-01,104.0,106.16999816894531,103.86000061035156,105.20999908447266,120187762
2024-10-03,103.25,106.75,103.0,105.05999755859375,99417000
2024-10-04,104.19999694824219,107.4000015258789,104.1500015258789,105.8499984741211,79454589
2024-10-07,106.16000366210938,107.4000015258789,100.80000305175781,102.06999969482422,83307848
2024-10-08,102.06999969482422,103.30000305175781,101.1500015258789,102.48999786376953,28947367
2024-10-09,103.55000305175781,105.41999816894531,102.55999755859375,104.0999984741211,43366313
2024-10-10,104.8499984741211,105.3499984741211,103.12999725341797,103.69000244140625,18521599
2024-10-11,104.0,105.30999755859375,103.30000305175781,104.91000366210938,16201817
2024-10-14,105.0,105.69999694824219,104.76000213623047,105.01000213623047,15757325
2024-10-15,105.19999694824219,105.5199966430664,104.5,104.9800033569336,15017858
2024-10-16,104.66000366210938,105.33999633789062,104.4800033569336,105.05000305175781,14270009
2024-10-17,105.06999969482422,105.23999786376953,102.0199966430664,102.45999908447266,18076891
2024-10-18,102.75,104.12000274658203,102.41999816894531,103.2699966430664,18567809
2024-10-21,103.27999877929688,104.44999694824219,101.76000213623047,102.29000091552734,17438662
2024-10-22,102.29000091552734,103.12999725341797,94.4000015258789,94.94999694824219,51355704
2024-10-23,96.0,97.26000213623047,92.4000015258789,96.68000030517578,38207629
2024-10-24,96.18000030517578,100.5999984741211,96.12999725341797,98.75,55363485
2024-10-25,98.9000015258789,99.37000274658203,93.2300033569336,95.72000122070312,39756124
2024-10-28,96.25,101.94999694824219,95.9800033569336,98.63999938964844,70816541
2024-10-29,102.44000244140625,102.61000061035156,97.30000305175781,101.33000183105469,94263912
2024-10-30,101.4000015258789,101.9000015258789,99.80000305175781,99.95999908447266,47768641
2024-10-31,100.0,100.44000244140625,96.5999984741211,97.9000015258789,93367752
2024-11-01,98.69000244140625,101.16999816894531,98.61000061035156,100.9800033569336,23647421
2024-11-04,100.79000091552734,103.9800033569336,99.1500015258789,103.6500015258789,132269383
2024-11-05,103.7300033569336,105.16999816894531,102.31999969482422,104.70999908447266,79179075
2024-11-06,105.76000213623047,107.25,105.20999908447266,106.9800033569336,59984748
2024-11-07,106.38999938964844,107.9000015258789,106.04000091552734,106.70999908447266,42209575
2024-11-08,106.94999694824219,106.94999694824219,104.12000274658203,104.79000091552734,31981183
2024-11-11,103.61000061035156,106.0999984741211,103.25,105.13999938964844,29852507
2024-11-12,105.5,106.33999633789062,103.3499984741211,103.7300033569336,26013763
2024-11-13,103.30000305175781,103.80000305175781,100.0,100.55999755859375,38963115
2024-11-14,101.0999984741211,102.4800033569336,99.30000305175781,99.48999786376953,25816807
2024-11-18,100.69999694824219,102.27999877929688,97.93000030517578,100.52999877929688,32300511
2024-11-19,101.1500015258789,103.72000122070312,100.44999694824219,100.86000061035156,25456236
2024-11-21,100.05000305175781,100.30999755859375,94.80999755859375,96.37000274658203,62222678
2024-11-22,97.0999984741211,100.25,97.05000305175781,99.81999969482422,38066845
2024-11-25,103.0999984741211,105.4800033569336,102.98999786376953,104.11000061035156,57404398
2024-11-26,104.47000122070312,105.44999694824219,104.11000061035156,105.11000061035156,22370887
2024-11-27,105.0999984741211,105.44999694824219,103.8499984741211,104.37999725341797,25139229
2024-11-28,104.9000015258789,107.25,104.30999755859375,106.29000091552734,30202813
2024-11-29,106.8499984741211,107.13999938964844,103.68000030517578,104.9000015258789,30163680
2024-12-02,104.73999786376953,105.44999694824219,104.06999969482422,105.0,14773753
2024-12-03,105.45999908447266,108.30000305175781,105.30999755859375,107.97000122070312,38169064
2024-12-04,108.75,110.5,107.81999969482422,110.01000213623047,48997721
2024-12-05,110.56999969482422,110.5999984741211,108.30000305175781,109.08000183105469,20568682
2024-12-06,109.69999694824219,111.12999725341797,107.18000030517578,110.0999984741211,51861042
2024-12-09,110.0999984741211,110.5,108.51000213623047,108.7699966430664,28843979
2024-12-10,109.0,111.04000091552734,108.61000061035156,110.47000122070312,28453790
2024-12-11,110.88999938964844,110.91999816894531,108.4000015258789,108.58000183105469,23295859
2024-12-12,109.0,109.12000274658203,107.2300033569336,107.81999969482422,18431604
2024-12-13,107.0,108.1500015258789,104.16000366210938,107.7300033569336,32663054
2024-12-16,108.0,108.9000015258789,107.6500015258789,108.18000030517578,12188756
2024-12-17,107.98999786376953,108.37999725341797,105.66000366210938,105.98999786376953,18985400
2024-12-18,105.61000061035156,105.95999908447266,102.72000122070312,103.02999877929688,23131600
2024-12-19,100.01000213623047,104.36000061035156,99.55999755859375,103.5199966430664,28868334
2024-12-20,103.05000305175781,103.9000015258789,100.5,100.7699966430664,31121919
2024-12-23,101.48999786376953,102.44000244140625,100.0,101.37999725341797,23843994
2024-12-24,101.41999816894531,102.20999908447266,100.7699966430664,101.63999938964844,15719911
2024-12-26,101.69999694824219,103.29000091552734,101.63999938964844,102.16000366210938,13150281
2024-12-27,102.25,103.19999694824219,101.19999694824219,101.44000244140625,12621977
2024-12-30,101.63999938964844,103.30000305175781,100.73999786376953,101.76000213623047,78383603
2024-12-31,101.0,103.04000091552734,101.0,102.77999877929688,17390282
2025-01-01,102.3499984741211,103.30000305175781,101.7699966430664,102.66000366210938,10563476
2025-01-02,102.66000366210938,105.91999816894531,101.44999694824219,105.4800033569336,30428278
2025-01-03,105.44999694824219,107.25,105.22000122070312,106.4000015258789,34674507
2025-01-06,106.37000274658203,106.37000274658203,101.27999877929688,101.73999786376953,44287969
2025-01-07,102.0,104.58999633789062,102.0,103.11000061035156,21097404
2025-01-08,103.23999786376953,103.45999908447266,101.06999969482422,101.97000122070312,23423194
2025-01-09,101.9000015258789,102.30000305175781,100.75,102.02999877929688,25169272
2025-01-10,101.7300033569336,101.87999725341797,98.31999969482422,98.63999938964844,32253243
2025-01-13,98.0,98.5,94.6500015258789,95.41999816894531,32108507
2025-01-14,95.44999694824219,99.18000030517578,95.44999694824219,98.41000366210938,26803252
2025-01-15,99.0,99.94000244140625,97.5,98.25,22113146
2025-01-16,99.5,101.9000015258789,99.33000183105469,100.22000122070312,22309415
2025-01-17,100.13999938964844,100.69999694824219,99.33000183105469,100.12999725341797,16236187
2025-01-20,100.80000305175781,102.75,99.44999694824219,101.0,28247505
2025-01-21,101.6500015258789,101.8499984741211,99.4800033569336,100.31999969482422,21920285
2025-01-22,100.31999969482422,100.79000091552734,96.25,98.19999694824219,34811690
2025-01-23,97.88999938964844,100.0,97.20999908447266,99.43000030517578,18589650
2025-01-24,99.25,99.79000091552734,96.51000213623047,97.62000274658203,26893329
2025-01-27,97.0,97.19999694824219,94.66000366210938,95.51000213623047,35584897
2025-01-28,97.5,100.1500015258789,95.75,99.77999877929688,41891053
2025-01-29,100.30000305175781,100.4000015258789,97.30000305175781,97.7699966430664,34295362
2025-01-30,98.27999877929688,98.54000091552734,96.0,96.5199966430664,31403759
2025-01-31,96.98999786376953,101.87000274658203,96.36000061035156,101.19999694824219,57911997
2025-02-01,101.98999786376953,101.98999786376953,97.86000061035156,99.3499984741211,29973719
2025-02-03,98.1500015258789,99.33999633789062,97.29000091552734,98.31999969482422,27155760
2025-02-04,99.3499984741211,100.7300033569336,98.70999908447266,99.05000305175781,21734744
2025-02-05,100.19999694824219,101.19999694824219,99.94999694824219,100.26000213623047,27382286
2025-02-06,100.80000305175781,101.01000213623047,99.4000015258789,99.72000122070312,22650204
2025-02-07,99.9000015258789,100.2699966430664,98.16999816894531,99.2699966430664,29397431
2025-02-10,99.25,99.83999633789062,97.8499984741211,98.30999755859375,17224807
2025-02-11,98.26000213623047,98.73999786376953,95.01000213623047,95.22000122070312,23377744
2025-02-12,95.4000015258789,96.30999755859375,91.9000015258789,95.66999816894531,28356228
2025-02-13,95.66999816894531,96.66000366210938,94.5,94.63999938964844,13174852
2025-02-14,95.3499984741211,95.48999786376953,91.01000213623047,92.25,21224323
2025-02-17,92.2300033569336,93.48999786376953,90.16000366210938,93.18000030517578,19598957
2025-02-18,93.0,93.44000244140625,91.30000305175781,91.86000061035156,12784429
2025-02-19,91.0,93.58999633789062,90.58999633789062,92.86000061035156,14782674
2025-02-20,92.6500015258789,96.08000183105469,92.0,95.6500015258789,21619032
2025-02-21,95.54000091552734,96.29000091552734,93.80999755859375,94.25,12976716
2025-02-24,93.5,94.63999938964844,92.77999877929688,93.98999786376953,12552679
2025-02-25,94.0,94.79000091552734,92.66000366210938,93.12000274658203,17127179
2025-02-27,93.5,93.8499984741211,91.5999984741211,91.95999908447266,27169438
2025-02-28,91.29000091552734,91.29000091552734,87.0,87.38999938964844,39944640
2025-03-03,87.80000305175781,88.69999694824219,85.48999786376953,87.29000091552734,29508306
2025-03-04,86.5,88.55000305175781,85.45999908447266,87.08999633789062,19363016
2025-03-05,87.0,90.12999725341797,87.0,89.73999786376953,26622932
2025-03-06,90.51000213623047,92.0,90.5,90.98999786376953,25378584
2025-03-07,90.91000366210938,91.76000213623047,90.5,91.16999816894531,16424249
2025-03-10,91.0,91.48999786376953,88.27999877929688,88.5999984741211,20754269
2025-03-11,87.80000305175781,88.88999938964844,86.75,88.16999816894531,11731107
2025-03-12,88.54000091552734,88.98999786376953,85.69999694824219,86.9000015258789,20128306
2025-03-13,87.44999694824219,87.8499984741211,86.33999633789062,87.19999694824219,14771127
2025-03-17,87.4000015258789,87.94999694824219,86.62000274658203,87.47000122070312,15182408
2025-03-18,87.47000122070312,87.47000122070312,87.47000122070312,87.47000122070312,0
2025-03-19,89.5,91.33000183105469,89.0999984741211,91.0199966430664,20155513
2025-03-20,91.66000366210938,92.83000183105469,90.91000366210938,91.30000305175781,16000840
2025-03-21,91.30000305175781,93.43000030517578,91.0,93.13999938964844,22838586
2025-03-24,94.19999694824219,96.29000091552734,93.6500015258789,95.93000030517578,25103209
2025-03-25,96.5,96.5999984741211,93.51000213623047,93.80999755859375,20148506
2025-03-26,93.86000061035156,94.73999786376953,92.69000244140625,92.86000061035156,19904559
2025-03-27,92.69000244140625,96.76000213623047,91.91999816894531,96.41000366210938,62010832
2025-03-28,96.41000366210938,97.9800033569336,95.5,96.12999725341797,21712434
2025-04-01,95.0,97.19999694824219,94.95999908447266,96.23999786376953,13402932
2025-04-02,96.69999694824219,97.5999984741211,94.7699966430664,97.33999633789062,14393929
2025-04-03,96.55000305175781,99.9000015258789,96.36000061035156,99.0,25310675
2025-04-04,99.08999633789062,99.33999633789062,96.02999877929688,96.61000061035156,21189363
2025-04-07,90.9800033569336,95.29000091552734,90.08000183105469,94.91999816894531,28484870
2025-04-08,96.5,97.56999969482422,94.95999908447266,96.91000366210938,22062343
2025-04-09,96.69999694824219,97.06999969482422,94.55000305175781,95.76000213623047,17823534
2025-04-11,97.4000015258789,97.4000015258789,95.9000015258789,96.08000183105469,11396866
2025-04-15,98.4000015258789,98.4000015258789,96.18000030517578,96.58999633789062,23242204
2025-04-16,96.9000015258789,99.0999984741211,96.41000366210938,98.83000183105469,29347045
2025-04-17,98.77999877929688,100.0999984741211,98.44999694824219,99.5,24865290
2025-04-21,100.0999984741211,102.88999938964844,99.91000366210938,102.30000305175781,28222350
2025-04-22,102.8499984741211,104.75,102.66000366210938,103.37999725341797,31806010
2025-04-23,104.19999694824219,104.44000244140625,101.41999816894531,103.01000213623047,34299231
2025-04-24,102.9000015258789,103.91999816894531,102.44999694824219,102.69999694824219,25468633
2025-04-25,103.38999938964844,103.38999938964844,98.52999877929688,99.29000091552734,31662135
2025-04-28,99.29000091552734,102.94999694824219,99.2300033569336,102.16999816894531,24194152
