Date,Open,High,Low,Close,Volume
2020-01-01,0.6156958916793975,0.6323366798579034,0.6003870164139367,0.6223523616790771,513600
2020-01-02,0.6349994848252722,0.6369963724236831,0.601717965340877,0.617692768573761,451650
2020-01-03,0.6323367056949005,0.6503083363249985,0.5691033029243628,0.5904027223587036,1268550
2020-01-06,0.615695904853976,0.615695904853976,0.5604499342236918,0.5611158609390259,343725
2020-01-07,0.5850781328341017,0.6230183390375063,0.5664404574803347,0.5830812454223633,668100
2020-01-08,0.552462524249282,0.6043807081074943,0.5371536480761239,0.5671064853668213,279825
2020-01-09,0.5990561260758583,0.5990561260758583,0.5617808336718739,0.5644436478614807,606675
2020-01-10,0.5724311041871349,0.5990561527009529,0.5724311041871349,0.5884059071540833,1243425
2020-01-13,0.5990561573160879,0.5990561573160879,0.5677714066881279,0.5784216523170471,1708875
2020-01-14,0.5850781607262409,0.5857430757646848,0.5604499409849198,0.5724310874938965,432225
2020-01-15,0.6057116285363207,0.6110371972684988,0.5378185867806401,0.5697682499885559,734250
2020-01-16,0.5631127570528432,0.579752534157557,0.5591190415368182,0.5691033005714417,196950
2020-01-17,0.6043807056202539,0.612368136799686,0.5857430884841428,0.5983901619911194,2149650
2020-01-20,0.612368099727242,0.6243492457710579,0.5997210269859127,0.6010529398918152,640050
2020-01-21,0.5923996203761299,0.6090404095294008,0.5897368060789504,0.5950624346733093,105900
2020-01-22,0.5904027347113923,0.6256801890031426,0.5884059066587844,0.6163618564605713,325350
2020-01-23,0.6170277915045174,0.6516392600088367,0.6123681490835027,0.6243492960929871,730650
2020-01-24,0.6017179286344685,0.6629553946739215,0.6017179286344685,0.6549680233001709,1756350
2020-01-27,0.6849207828545438,0.6855857573772607,0.6396581201966856,0.6636203527450562,728850
2020-01-28,0.6529711609733337,0.6922423306849086,0.6523052342344351,0.6789302825927734,692700
2020-01-29,0.6915763195076398,0.7188673531320657,0.6589617403710603,0.7075511813163757,3236625
2020-01-30,0.7075511983144593,0.7295165445628472,0.6789302744316027,0.6955700516700745,443325
2020-01-31,0.7321793633918193,0.7321793633918193,0.6809271066990041,0.6855857968330383,474750
2020-02-03,0.6409900706101663,0.6629554170168532,0.585743086605934,0.6017179489135742,1579200
2020-02-04,0.625015185733418,0.625015185733418,0.5857430654549302,0.5990561246871948,426675
2020-02-05,0.5557903088503554,0.6323367124987153,0.5557903088503554,0.6296738982200623,942600
2020-02-06,0.6256801737363461,0.6523052215780925,0.6190246556618859,0.6250151991844177,506850
2020-02-07,0.6130340823548135,0.6316706865688695,0.5930655057317595,0.6077084541320801,83175
2020-02-10,0.5997210397139354,0.6403240612416873,0.5990561246871948,0.5990561246871948,576150
2020-02-11,0.6449837701614064,0.6449837701614064,0.5804184553102616,0.6103712916374207,489450
2020-02-12,0.5857430696487427,0.6496423980076678,0.5724310815169494,0.5857430696487427,641175
2020-02-13,0.5797525322656354,0.587074988722298,0.5651095832112798,0.5724310874938965,402825
2020-02-14,0.5943964202579385,0.5950624064773538,0.5657745451618589,0.5744279026985168,192150
2020-02-17,0.5651095917657398,0.5651095917657398,0.5205128533452436,0.5245065689086914,686325
2020-02-18,0.5324939725440997,0.5331598992431676,0.5078657537014646,0.5318280458450317,451725
2020-02-19,0.5198468997732482,0.567771365038631,0.5058689257782719,0.5318280458450317,481575
2020-02-20,0.5484688200409334,0.5637776965322274,0.5125254978603847,0.540481448173523,362100
2020-02-24,0.5404814292092328,0.5404814292092328,0.5198469247331163,0.5278343558311462,64800
2020-02-25,0.5198468945963772,0.5444751131937533,0.5058689207405999,0.5138563513755798,55875
2020-02-26,0.5065348509274091,0.5451410436468905,0.5058689242303788,0.5072008371353149,449175
2020-02-27,0.5012102273633214,0.5311630622774236,0.5012102273633214,0.523840606212616,72975
2020-02-28,0.5065348882888708,0.5218437645902948,0.45261984617585443,0.4626041352748871,587700
2020-03-02,0.46327004717470427,0.4925569272762226,0.4273266968363767,0.4539507329463959,333525
2020-03-03,0.4898940987780998,0.4978814998133816,0.4366449866679135,0.4419696033000946,366000
2020-03-04,0.4399727499638778,0.4526198229807492,0.4393078051813239,0.4459633231163025,125550
2020-03-05,0.46460097122462896,0.46460097122462896,0.4406387082703612,0.44263556599617004,51525
2020-03-06,0.48257264535175576,0.48257264535175576,0.3807331066467776,0.41268277168273926,948375
2020-03-09,0.39937074907619685,0.39937074907619685,0.3341395364928409,0.3667551279067993,2033550
2020-03-11,0.3900514393322198,0.3900514393322198,0.3541080587044729,0.3707488477230072,566700
2020-03-12,0.32282433663582094,0.3647582591106959,0.32282433663582094,0.34811750054359436,134550
2020-03-13,0.3194965835791285,0.3847268134613189,0.2928715360118018,0.36276140809059143,326700
2020-03-16,0.3794021944350233,0.4286575918661153,0.3194965816552366,0.35211119055747986,1237800
2020-03-17,0.3481174935116303,0.3807330832801509,0.3001929988989446,0.30551859736442566,837825
2020-03-18,0.3055186147951385,0.3381332244949754,0.268243351127873,0.30418673157691956,1115850
2020-03-19,0.2802244764296509,0.3061835687794515,0.2742339326787801,0.2842181921005249,860175
2020-03-20,0.2842181874944693,0.2928715454473414,0.2575941209988648,0.28355324268341064,733275
2020-03-23,0.2595909829543689,0.306183568715149,0.2555972970397738,0.2735689580440521,255825
2020-03-24,0.24894074694756294,0.27756265132484026,0.24627794769839556,0.25027164816856384,165525
2020-03-25,0.22697536428545506,0.2389564958271348,0.22564446302271612,0.23363187909126282,1691250
2020-03-26,0.22630942935398182,0.24161930227530826,0.222315713763237,0.222315713763237,762000
2020-03-27,0.22764132926273875,0.23296594619750977,0.21432829915381998,0.23296594619750977,1830975
2020-03-30,0.22165076293659153,0.2442810982465744,0.22165076293659153,0.2442810982465744,988500
2020-03-31,0.25626224487643,0.25626224487643,0.24295021125906996,0.2529344856739044,1188975
2020-04-01,0.26558154821395874,0.26558154821395874,0.2476098580122041,0.26558154821395874,232200
2020-04-03,0.27822760119357387,0.27822760119357387,0.2575941090632491,0.2715721130371094,879150
2020-04-07,0.28488412499427795,0.28488412499427795,0.28488412499427795,0.28488412499427795,277875
2020-04-08,0.298862099647522,0.298862099647522,0.28022445387718586,0.298862099647522,411225
2020-04-09,0.31284008052891893,0.31350603699684143,0.31284008052891893,0.31350603699684143,70650
2020-04-13,0.32881492376327515,0.32881492376327515,0.31350604771249635,0.32881492376327515,384450
2020-04-15,0.344123786957657,0.3447897434234619,0.3348054548609085,0.3447897434234619,713400
2020-04-16,0.3514462603367467,0.36143051962867345,0.34745254471780007,0.36076459288597107,655725
2020-04-17,0.36076459659400306,0.3787362575531006,0.36076459659400306,0.3787362575531006,592050
2020-04-20,0.39737388491630554,0.39737388491630554,0.392714212984162,0.39737388491630554,679425
2020-04-21,0.41667649004055957,0.41667649004055957,0.37807032465934753,0.37807032465934753,1079100
2020-04-22,0.36009861749214744,0.3847268069007592,0.3594336727138505,0.3620954751968384,496875
2020-04-23,0.3461206425714645,0.3594336719419765,0.34412378487106177,0.3514462411403656,490050
2020-04-24,0.34612066418885784,0.34612066418885784,0.3341395469935841,0.340130090713501,293625
2020-04-27,0.32349031341374274,0.3394651462772372,0.32349031341374274,0.32615211606025696,304800
2020-04-28,0.32016151678324356,0.3261520897826929,0.3101772582062657,0.3194965720176697,336075
2020-04-29,0.3221584003507835,0.3221584003507835,0.3101772831440585,0.31550291180610657,248475
2020-04-30,0.3115091778909255,0.3308117687702179,0.3115091778909255,0.3308117687702179,506850
2020-05-04,0.3461206617340902,0.34678661823272705,0.3321426868128325,0.34678661823272705,318975
2020-05-05,0.36409232020378113,0.36409232020378113,0.36409232020378113,0.36409232020378113,180000
2020-05-06,0.38206401467323303,0.38206401467323303,0.37274571183330185,0.38206401467323303,482325
2020-05-07,0.39670793692958745,0.39670793692958745,0.36342737078666687,0.36342737078666687,478275
2020-05-08,0.34678660734318173,0.35943368055498515,0.34545567631721497,0.34545567631721497,271125
2020-05-11,0.3454556677970921,0.35011432797150216,0.32881490925464,0.33413952589035034,500100
2020-05-12,0.32082748062877203,0.3467866011359726,0.32082748062877203,0.3447897434234619,73725
2020-05-13,0.35943368500011685,0.35943368500011685,0.3301458227178001,0.33547142148017883,259275
2020-05-14,0.3461206489813036,0.3514462476488299,0.3461206489813036,0.3487834334373474,249150
2020-05-15,0.3334745559868243,0.35876772020817704,0.3334745559868243,0.35211119055747986,93750
2020-05-18,0.33613636004640446,0.3667551230477786,0.3348054587841034,0.3348054587841034,225675
2020-05-19,0.3228243589401245,0.3294808889682027,0.31949659976856976,0.3228243589401245,161925
2020-05-20,0.31949659770472155,0.3301458316588936,0.3128400974750825,0.31550291180610657,120975
2020-05-21,0.3301458188165514,0.33081177529464295,0.3161678443265281,0.3281489610671997,90450
2020-05-22,0.3434588359585242,0.3441237807273865,0.31616783276924865,0.3441237807273865,214650
2020-05-26,0.3441238055936376,0.3600986384033998,0.3294808857876148,0.3574368357658386,143925
2020-05-27,0.37341166438554924,0.3747425656893958,0.340796042630135,0.36409232020378113,648000
2020-05-28,0.37940221228211163,0.37940221228211163,0.354108064941449,0.3574368357658386,106575
2020-05-29,0.3574368276130477,0.37474256134686323,0.3461206555196079,0.36009863018989563,424275
2020-06-01,0.3760734645893048,0.378070322374784,0.35277715740913373,0.3707488477230072,523125
2020-06-02,0.38539278307606567,0.3887205421924591,0.3794022096555864,0.3887205421924591,840300
2020-06-03,0.39204828686226334,0.4080231189727783,0.3760734547517484,0.4080231189727783,1093125
2020-06-04,0.42732670299259096,0.42732670299259096,0.3907173956466107,0.39870479702949524,98025
2020-06-05,0.4253298408273531,0.4379759024540524,0.3860577196114319,0.4366450011730194,912000
2020-06-08,0.4586104049382696,0.4779129962607199,0.4273266968363767,0.4539507329463959,715125
2020-06-09,0.45395074818330305,0.47258839533600755,0.41401368099285624,0.43464818596839905,298875
2020-06-10,0.4519539068629144,0.4552826478379004,0.433317242186227,0.4506229758262634,738225
2020-06-11,0.4646009708691035,0.4646009708691035,0.428657591342926,0.428657591342926,697350
2020-06-12,0.411351855173985,0.43265130376700983,0.4073581397533417,0.4073581397533417,665700
2020-06-15,0.42200111016338765,0.4273267090320587,0.3947110870388399,0.4273267090320587,1695300
2020-06-16,0.43597907638378897,0.4486261497516458,0.412682769350463,0.41933926939964294,2271000
2020-06-17,0.4126827593041181,0.43797589373916124,0.4060262594169839,0.428657591342926,499875
2020-06-18,0.43930781737154223,0.4446324342042576,0.42599478751779113,0.43331724405288696,391650
2020-06-19,0.4273266883464025,0.45128892142921445,0.4180073743032469,0.44929206371307373,795825
2020-06-22,0.469925567167406,0.469925567167406,0.4299885011534335,0.4366450011730194,181875
2020-06-23,0.4552826350055073,0.4552826350055073,0.4399727478763412,0.4526198208332062,507225
2020-06-24,0.472588375256602,0.47525118946890177,0.4459633276992332,0.4639350175857544,2206275
2020-06-25,0.4619381598477588,0.4745852329945976,0.4459633276992332,0.4639350175857544,309975
2020-06-26,0.4526198444854368,0.4772480352218436,0.4426355851791327,0.4519539177417755,457800
2020-06-29,0.45128894485763626,0.4705915367986732,0.43930782769423704,0.4626041352748871,248925
2020-06-30,0.45594759878212554,0.4772480301673446,0.4406387227000115,0.4652669131755829,760275
2020-07-01,0.465266900778924,0.472588375256602,0.4472952406478415,0.4639350175857544,508800
2020-07-02,0.4646009734685446,0.4646009734685446,0.44662928360490434,0.4532857835292816,1256550
2020-07-03,0.4406387249995298,0.47125748900848896,0.433982224854583,0.4586104154586792,310275
2020-07-06,0.4586103962184792,0.473919271738227,0.4452983784165777,0.46327003836631775,451875
2020-07-07,0.45994129738318834,0.4606072538506488,0.44330152061627365,0.4459633231163025,45750
2020-07-08,0.4333172480272587,0.4679287157738872,0.4333172480272587,0.4652669131755829,618825
2020-07-09,0.48257262932175826,0.48257262932175826,0.4459633231992553,0.46327003836631775,498300
2020-07-10,0.47258839461847973,0.47258839461847973,0.45261984617585443,0.4626041352748871,394800
2020-07-13,0.4532857859580361,0.48257263616242285,0.4406387127595348,0.46060726046562195,583050
2020-07-14,0.46060726046562195,0.4672637604256655,0.44463242825184,0.46060726046562195,432375
2020-07-15,0.45395071973073636,0.461273205745494,0.4413046585241323,0.4419696033000946,240300
2020-07-16,0.4413046644029026,0.44263556565745316,0.4213361169155331,0.428657591342926,112425
2020-07-17,0.4246638824864341,0.4492920725189611,0.4160105247406928,0.43997275829315186,203100
2020-07-20,0.42799163487319575,0.4386418502088915,0.4266607336186452,0.428657591342926,145125
2020-07-21,0.4439664646986374,0.44463242116504753,0.4213361148149889,0.4353140890598297,59325
2020-07-22,0.44729524846469576,0.44729524846469576,0.4166764848962476,0.41933926939964294,907200
2020-07-23,0.4333172511608598,0.4333172511608598,0.39937075773128555,0.4026985168457031,443625
2020-07-24,0.40269849288347326,0.4033644493407101,0.3833959022279533,0.38605770468711853,495450
2020-07-27,0.3847268223762512,0.3953770380358656,0.3827299645912374,0.3847268223762512,68850
2020-07-28,0.3794021886349658,0.38738961941973116,0.3680860169887224,0.3827299475669861,585375
2020-07-29,0.36941794642766806,0.39138332255706054,0.368751989937528,0.3707488477230072,274725
2020-07-30,0.3674210756472722,0.3714147910769813,0.3541080461804103,0.35876771807670593,670350
2020-07-31,0.35876771958788956,0.3674210771949051,0.34146198630332947,0.34146198630332947,830925
2020-08-03,0.3414619866355531,0.358101763466911,0.3381332159702654,0.3554399609565735,1631850
2020-08-04,0.3581017802589205,0.37274571173665966,0.3507803054848099,0.37141481041908264,1631250
2020-08-05,0.3847268285716177,0.3880545877052483,0.37274571142403906,0.38539278507232666,1260750
2020-08-06,0.39604197657997386,0.40203254984031167,0.3794021995133133,0.3980388343334198,563025
2020-08-07,0.39803882395843,0.41534556873836725,0.39338016377843527,0.4106858968734741,677250
2020-08-10,0.42399792780061757,0.42932355629384633,0.4020325519104847,0.4226670265197754,701025
2020-08-11,0.44130467554731273,0.44130467554731273,0.4140136710138902,0.4299885034561157,825825
2020-08-12,0.4499570626185537,0.4499570626185537,0.4126827799711414,0.42067018151283264,2725350
2020-08-13,0.402032542238601,0.4379758918546869,0.402032542238601,0.43198534846305847,1012275
2020-08-14,0.4319853485607936,0.45328577914535517,0.4193392574818396,0.44929206371307373,1453725
2020-08-17,0.4652669047338253,0.4712574779987335,0.44929207244950903,0.4712574779987335,646425
2020-08-18,0.47391927070284795,0.49455374479293823,0.47391927070284795,0.49455374479293823,776400
2020-08-19,0.5185160400292755,0.5191819667816162,0.5185160400292755,0.5191819667816162,526425
2020-08-20,0.5451410412788391,0.5451410412788391,0.5198468959244087,0.5451410412788391,1158300
2020-08-21,0.5458060622260175,0.571765124797821,0.5458060622260175,0.571765124797821,750000
2020-08-24,0.5717651231009654,0.5923996281275282,0.543809173022986,0.5504657030105591,1101450
2020-08-25,0.5291662002613373,0.5711001830548194,0.5231756567955017,0.5231756567955017,1254900
2020-08-26,0.5238406575461131,0.5324940156603696,0.5065348934916885,0.515853226184845,814875
2020-08-27,0.5065348955661101,0.5391505478977425,0.5065348955661101,0.5125254988670349,468300
2020-08-28,0.507865788610675,0.5324940091461821,0.4912260407791194,0.5045380592346191,437775
2020-08-31,0.492556940651378,0.5291662187086211,0.47990986704826355,0.47990986704826355,619200
2020-09-01,0.45661354310807634,0.46593187532374997,0.4559475866337722,0.4639350175857544,4217400
2020-09-02,0.48656636476516724,0.48656636476516724,0.46593188978150235,0.48656636476516724,54000
2020-09-03,0.5098626696100241,0.5105285963462823,0.48723231886706087,0.4932228624820709,208050
2020-09-04,0.49255694039050535,0.5171851310853602,0.49255694039050535,0.49388784170150757,95025
2020-09-07,0.49255693975455334,0.518516031726894,0.48257265072254557,0.5111945867538452,97050
2020-09-08,0.4932228626949292,0.5358217318468962,0.4932228626949292,0.5178501009941101,447825
2020-09-09,0.5178501068571238,0.5411473665396712,0.49255694153503227,0.5324940085411072,390000
2020-09-10,0.5065348438540608,0.5571221819022539,0.5065348438540608,0.523840606212616,377475
2020-09-11,0.5238406151305094,0.5497996756863935,0.5238406151305094,0.5318280458450317,172350
2020-09-14,0.5564561996353481,0.5577871008462192,0.5058689207405999,0.5138563513755798,989925
2020-09-15,0.5145222848816932,0.539150503805214,0.48922915094180747,0.5285002589225769,384750
2020-09-16,0.5391505148813617,0.550465675012819,0.5058689378321037,0.5298311710357666,363825
2020-09-17,0.5065348617777715,0.5458060298614934,0.5038720475957434,0.5085317492485046,1139100
2020-09-18,0.5191819452288082,0.5191819452288082,0.48323859489649823,0.48523545265197754,1123200
2020-09-21,0.5091976650523977,0.5091976650523977,0.46659778674331304,0.5072008371353149,1796325
2020-09-22,0.5078658015079576,0.5324940226688997,0.48656638100344257,0.502541184425354,573975
2020-09-23,0.50121025762156,0.5271693788135515,0.482572640762383,0.49255692958831787,134475
2020-09-24,0.4825726426604655,0.5125254795006432,0.46859466800461685,0.5032071471214294,310275
2020-09-25,0.5191819501761316,0.5278343558311462,0.4872323150503296,0.5278343558311462,272400
2020-09-28,0.5032071452459737,0.5524625138806778,0.5032071452459737,0.5344908237457275,337275
2020-09-29,0.5091976827850382,0.5604499383366318,0.5091976827850382,0.5511316061019897,3085875
2020-09-30,0.5544593833379386,0.5784216162335787,0.545806025829391,0.5777556300163269,624000
2020-10-01,0.5784216394962551,0.5810844537657036,0.5724310959091395,0.5804184675216675,171900
2020-10-05,0.5810844283633588,0.5923995883097859,0.5524624939494975,0.584412157535553,245175
2020-10-06,0.5844121807865984,0.5923996118786141,0.5557903047448818,0.5591190457344055,356550
2020-10-07,0.5657745599746704,0.5844121767789995,0.5657745599746704,0.5657745599746704,361950
2020-10-08,0.5857430497682451,0.5857430497682451,0.5391504977795775,0.5764247179031372,411150
2020-10-09,0.5850781587437259,0.5857430737799169,0.5604499390858568,0.5757588148117065,257850
2020-10-12,0.5537934045707008,0.5970592405214595,0.5537934045707008,0.5611158609390259,396825
2020-10-13,0.5777556685434865,0.5850781848124771,0.547137915727582,0.571765124797821,213000
2020-10-14,0.5790875751397528,0.5963933389451026,0.5591190565348619,0.5604499578475952,99375
2020-10-15,0.5591190282477538,0.5884058779299977,0.5331599077660231,0.5431442260742188,425325
2020-10-16,0.5218437523592544,0.5691033048439859,0.5218437523592544,0.5591190457344055,121950
2020-10-19,0.5837462368936539,0.5837462368936539,0.5364876974832797,0.5677713751792908,246750
2020-10-20,0.5770907534776696,0.5777556685434865,0.5431442595710586,0.571765124797821,139875
2020-10-21,0.5784216548051491,0.5963933455530256,0.5497997183825408,0.571765124797821,54900
2020-10-22,0.5458060208878837,0.5824153263617117,0.5458060208878837,0.563112735748291,122775
2020-10-23,0.546471943945846,0.5904026936454985,0.546471943945846,0.5730969905853271,81150
2020-10-26,0.5957273546053794,0.5957273546053794,0.561780860965791,0.5817493796348572,277650
2020-10-27,0.5657745376562114,0.6043806710198473,0.5657745376562114,0.5943964123725891,460575
2020-10-28,0.597059252141242,0.597059252141242,0.5677713899568965,0.5904027223587036,109800
2020-10-29,0.5890718102455139,0.5890718102455139,0.5644436502856901,0.5890718102455139,345150
2020-10-30,0.561780831791843,0.593065521172759,0.561780831791843,0.5677713751792908,86775
2020-11-02,0.591068732288123,0.591068732288123,0.5724311146718501,0.589736819267273,570375
2020-11-03,0.5923996227735402,0.5930655495163276,0.563777686694554,0.5884059071540833,74400
2020-11-04,0.5624467546292344,0.5930655170883173,0.5624467546292344,0.5777556300163269,51225
2020-11-05,0.5917336260305693,0.5923996122724309,0.5837462544441223,0.5837462544441223,113250
2020-11-06,0.5644436524514269,0.5904027137689194,0.5557902947839573,0.5824153423309326,226800
2020-11-09,0.5857430646462364,0.5857430646462364,0.5591190290991537,0.5711001753807068,260100
2020-11-10,0.559784000854875,0.57176508756603,0.5444751254437952,0.5464719533920288,78450
2020-11-11,0.551131586192516,0.5730969908062473,0.5231756383244491,0.5697682499885559,673875
2020-11-12,0.5817493416398404,0.5963933019103652,0.5597839963428128,0.5877399444580078,266700
2020-11-13,0.5624467771435332,0.6170277746830902,0.5611158758515289,0.6083744168281555,616800
2020-11-14,0.5870749892762025,0.6383272451183343,0.5870749892762025,0.6283429861068726,2090925
2020-11-17,0.6383272409439087,0.658961745066764,0.6330026241980242,0.6383272409439087,799950
2020-11-18,0.6216864541016973,0.6642863042251136,0.6176927386094913,0.6349994540214539,731400
2020-11-19,0.6216864582176989,0.6556329508598835,0.6150309401432387,0.6250151991844177,271275
2020-11-20,0.6103712789003094,0.6376612409336836,0.6063775635059697,0.612368106842041,367275
2020-11-23,0.6343335490937968,0.6343335490937968,0.5983901679399067,0.6130341291427612,257850
2020-11-24,0.6283429666164767,0.6356644111680214,0.5990561172145281,0.6156958937644958,262800
2020-11-25,0.5997210369669419,0.6363303428943085,0.5990561219432469,0.6336675882339478,624825
2020-11-26,0.6483115148624353,0.6483115148624353,0.6123681342174369,0.6330026388168335,1194975
2020-11-27,0.6263461252579964,0.664286334920798,0.619024680167718,0.6489774584770203,2000550
2020-12-01,0.6636203994974776,0.6809271154830252,0.6409900782591131,0.6656172275543213,1668150
2020-12-02,0.6922423244674806,0.6922423244674806,0.6323367100852569,0.6363303661346436,1288575
2020-12-03,0.636330342611542,0.6622894630382019,0.632336686709788,0.636996328830719,529575
2020-12-04,0.6509743402403179,0.6509743402403179,0.6330026496113496,0.6343335509300232,308025
2020-12-07,0.6369963252110199,0.6549680147102958,0.635664412291111,0.6436518430709839,932025
2020-12-08,0.6629553897465024,0.6629553897465024,0.6283429712971575,0.636996328830719,537375
2020-12-09,0.6775983527102711,0.678264279432567,0.6263460969989868,0.6596266627311707,641325
2020-12-10,0.6602926443435649,0.6602926443435649,0.6349994502706355,0.6416549682617188,673950
2020-12-11,0.6656172231792689,0.6656172231792689,0.6303398285554392,0.6509743332862854,866775
2020-12-14,0.6782642704402908,0.6782642704402908,0.6423209504694963,0.6516392230987549,452175
2020-12-15,0.6376612840680131,0.652971172149772,0.636996369002681,0.6523052453994751,550875
2020-12-16,0.6636204086841482,0.6636204086841482,0.6356644584360563,0.645648717880249,1140450
2020-12-17,0.652305213169192,0.6609585708209137,0.6369963375288066,0.6449837684631348,765150
2020-12-18,0.6523051984294634,0.6582957417394064,0.6276769794655938,0.6503083109855652,250725
2020-12-21,0.63433354053103,0.652305230865378,0.6130341208675117,0.6296738982200623,372975
2020-12-22,0.5937305173490721,0.6183587375291902,0.5790875680338254,0.6050466895103455,406200
2020-12-23,0.6163618171030826,0.6163618171030826,0.5923995844474879,0.5943964123725891,534750
2020-12-24,0.6123681107999468,0.6310057866556243,0.5990561228052841,0.6023838520050049,304350
2020-12-28,0.6283430060371953,0.6283430060371953,0.5837462668351565,0.5850781798362732,570000
2020-12-29,0.5877399386813916,0.615695886521821,0.5850781362473788,0.6043806672096252,1002600
2020-12-30,0.6136990355134148,0.6483115148624353,0.5930655425989597,0.6330026388168335,677850
2020-12-31,0.6622895009060006,0.6622895009060006,0.6170277870474311,0.6343335509300232,880425
2021-01-01,0.6369963259133293,0.6383272271498104,0.6057116368007192,0.612368106842041,642225
2021-01-04,0.6356644575474876,0.6736046671867371,0.6356644575474876,0.6736046671867371,1498275
2021-01-05,0.7408326864242554,0.7408326864242554,0.7321793289501639,0.7408326864242554,1445250
2021-01-06,0.8147162795066833,0.8147162795066833,0.8147162795066833,0.8147162795066833,950475
2021-01-07,0.8553183674812317,0.8553183674812317,0.8553183674812317,0.8553183674812317,126375
2021-01-08,0.8979182243347168,0.8979182243347168,0.8653026328177968,0.8979182243347168,7338300
2021-01-11,0.9398521417625327,0.942514955997467,0.9398521417625327,0.942514955997467,479775
2021-01-12,0.9891074895858765,0.9891074895858765,0.9891074895858765,0.9891074895858765,268200
2021-01-13,1.0383639335632324,1.0383639335632324,1.0383639335632324,1.0383639335632324,451800
2021-01-14,0.9871107301272377,1.0902821853185634,0.9864457555444294,1.0743073225021362,24190425
2021-01-15,1.0916129876679905,1.1175721076352043,1.0263827599995783,1.076969027519226,5854125
2021-01-18,1.1035941693781905,1.1302192183385762,1.0303765047101827,1.0317074060440063,5484975
2021-01-19,1.0250509075341125,1.0643229674448558,1.0024204688549847,1.0110728740692139,1489875
2021-01-20,1.0110728840539944,1.0596632763559346,0.985113823317809,1.0470162630081177,1457625
2021-01-21,1.0643229961353196,1.0916130180818937,0.9950980990222487,1.0037513971328735,1675425
2021-01-22,1.0117388107576877,1.051675964607687,0.9990917974098706,1.0470162630081177,1293750
2021-01-25,1.078300998841929,1.078300998841929,0.9997577123233202,1.01772940158844,462900
2021-01-27,1.0117388252771675,1.0303764417253911,0.979789220760411,0.9824520349502563,392250
2021-01-28,0.9471735891458767,0.9977609301280014,0.9465086741044518,0.991770327091217,537000
2021-01-29,0.9977609498693542,1.0117388652027381,0.9591547546860713,0.9731327295303345,1022475
2021-02-01,0.9331956286968808,0.971801823700404,0.9325307136453961,0.9584897756576538,946050
2021-02-02,0.9584897694604646,0.9844488908157607,0.945176769329726,0.9718018174171448,482625
2021-02-03,0.984448908272677,0.9964300551516281,0.9465086990889847,0.9598206877708435,948675
2021-02-04,0.9970949367767353,0.9970949367767353,0.9518332841129012,0.9524992108345032,114600
2021-02-05,0.9331956412149653,0.9584897885150395,0.9318647398983204,0.9564929604530334,384150
2021-02-08,0.9970949038715718,1.0037513738566686,0.9598206239117552,1.0010886192321777,499875
2021-02-09,1.0037514165249344,1.0037514165249344,0.9718018113036995,0.9851138591766357,510600
2021-02-10,0.9591547334472234,1.005082313052061,0.9358584266139979,0.9391862154006958,562050
2021-02-11,0.9005810468946873,0.9451767737500302,0.9005810468946873,0.9338616132736206,261675
2021-02-12,0.9451767547544708,0.9804551601409912,0.9318647070030713,0.9804551601409912,1899075
2021-02-15,0.9451767832209024,1.0290446325863172,0.9451767832209024,1.0190603733062744,1318500
2021-02-16,1.0450195257012345,1.0649880448471443,0.9718018602097569,1.057666540145874,2256000
2021-02-17,1.0696477013316434,1.1102506646570378,1.0649879995262528,1.108253836631775,2611875
2021-02-18,1.108253793880037,1.136874716753963,1.0583323810436778,1.0929439067840576,759150
2021-02-19,1.0649879711017656,1.13155005404431,1.0649879711017656,1.1222317218780518,2494050
2021-02-22,1.1222317562354664,1.154846455413772,1.0916130519379563,1.0982695817947388,1021425
2021-02-23,1.0982695693701385,1.1441972087206769,1.0649879916585587,1.1248935461044312,1131975
2021-02-24,1.078965927665931,1.111581579281465,1.0689816683981084,1.0783010721206665,1559625
2021-02-25,1.078301033242695,1.078301033242695,1.025050938270345,1.0563355684280396,1045875
2021-02-26,1.0057483866883339,1.0503451257652132,1.0037514396109002,1.0157326459884644,13641150
2021-03-01,1.0250509334132827,1.0250509334132827,1.0050822966704633,1.0070792436599731,347625
2021-03-02,0.9984268459324456,0.9984268459324456,0.9658112549065816,0.9904394149780273,680175
2021-03-03,0.9904394256367464,0.9904394256367464,0.9584897609861212,0.963814377784729,543750
2021-03-04,0.9784583366936649,0.9911043982710643,0.9338615988425393,0.9671421647071838,750825
2021-03-05,0.9811201561618348,0.9811201561618348,0.945176775440839,0.9584897756576538,1004850
2021-03-08,0.9704708780548805,0.9984268263357597,0.9451767322499512,0.9777923226356506,1032675
2021-03-09,0.9451767715836896,0.9851138677230266,0.9351925124265751,0.9651452898979187,849300
2021-03-10,0.9824520627934511,0.9824520627934511,0.935192510196421,0.9718018174171448,741150
2021-03-12,0.9718017893561375,0.985113836928429,0.9451767420375233,0.9511672854423523,1051350
2021-03-15,0.9811201611267315,0.9811201611267315,0.9365244339659383,0.9451767802238464,834975
2021-03-16,0.9338616132736206,0.9505024023055583,0.9052396775191577,0.9338616132736206,1548900
2021-03-17,0.9292019299762899,0.9478395462177538,0.9185526967048645,0.9185526967048645,2154675
2021-03-18,0.9451767761279574,0.9451767761279574,0.8985841616128672,0.9272050857543945,1016625
2021-03-19,0.9318646978038595,0.9691389786398877,0.8819434033999685,0.9132270812988281,3507825
2021-03-22,0.9318647320674786,0.9411830645756017,0.895921410677257,0.9205495715141296,3018450
2021-03-23,0.9345275422021855,0.9451767759683517,0.8985841614611293,0.9025778770446777,1132200
2021-03-24,0.9278710036457379,0.9318647191918878,0.8992491276030031,0.9225464463233948,704550
2021-03-25,0.9185527075646156,0.9411830277867421,0.8945904744041412,0.9198836088180542,3592275
2021-03-26,0.9298678636550903,0.9398521224695447,0.8892648421755401,0.9298678636550903,2594325
2021-03-30,0.929867895432638,0.9318647234594184,0.9052396753123882,0.9125621318817139,2349675
2021-03-31,0.9185527143108995,0.9411830346992337,0.8919276667630917,0.93119877576828,1816800
2021-04-01,0.9311987649027744,0.9564929108922292,0.8992491009899944,0.9298678636550903,251775
2021-04-05,0.9311988111535726,0.9757955502761115,0.9311988111535726,0.9598206877708435,973125
2021-04-06,1.006414245528775,1.0077451467514038,0.9584897208063866,1.0077451467514038,1160475
2021-04-07,1.0117388985015765,1.057666540145874,0.9984269094695909,1.057666540145874,2618775
2021-04-08,1.0576665122087827,1.091613065273226,1.057000585464926,1.0683168172836304,3553425
2021-04-09,1.0683167747602096,1.0709785772815346,1.0516759861752505,1.053006887435913,391725
2021-04-12,1.0010886192321777,1.0916129927682467,1.000423644706564,1.0010886192321777,5405175
2021-04-13,1.038363865153441,1.0510099264179116,0.9684740537029034,1.0303764343261719,2191950
2021-04-15,1.0816288301807953,1.0816288301807953,0.9817861158313202,1.0150667428970337,2919525
2021-04-16,1.0430226470979858,1.0430226470979858,0.9817860722541809,0.9817860722541809,95325
2021-04-19,0.9851138717431542,1.0090761057201918,0.9418490461068268,0.9584897756576538,641325
2021-04-20,0.9851138238375988,0.9857797505416435,0.9338615695310022,0.9531641602516174,702300
2021-04-22,0.9584897377869744,0.9950980916239092,0.9385212201802281,0.9611515402793884,147225
2021-04-23,0.9365244316258842,0.9937672321880334,0.9365244316258842,0.9518333077430725,138375
2021-04-26,0.947839554138559,0.9584897396730057,0.947839554138559,0.9578238129615784,57525
2021-04-27,0.9844488427750162,1.005082275081908,0.9485054640404389,1.0010886192321777,1374525
2021-04-28,1.0510098934173584,1.0510098934173584,1.0510098934173584,1.0510098934173584,1118400
2021-04-29,1.1029281616210938,1.1029281616210938,1.047682191844101,1.1029281616210938,3017550
2021-04-30,1.0649880399045688,1.150187744857931,1.0649880399045688,1.1202349662780762,2015775
2021-05-03,1.158175105672052,1.158175105672052,1.0916130224874625,1.1122474670410156,1428525
2021-05-04,1.1541814905424848,1.1541814905424848,1.0656539393894735,1.0749722719192505,517500
2021-05-05,1.0749722545395757,1.1029282038509989,1.0516760070156204,1.062326192855835,530325
2021-05-06,1.07830103545262,1.07830103545262,1.0283796217893453,1.0496790409088135,397800
2021-05-07,1.0776349776485021,1.0916130114046991,1.0403608160740776,1.0796319246292114,483675
2021-05-10,1.0909471605311911,1.0916130872884777,1.044354544590577,1.0709786415100098,757425
2021-05-11,1.0709786202785134,1.084956535707532,1.037032067202418,1.0649880170822144,2054700
2021-05-12,1.1049249642917673,1.1049249642917673,1.0323733523872465,1.0443544387817383,714525
2021-05-14,1.0403608085497047,1.0649879564595317,1.028379602839117,1.0370320081710815,1051725
2021-05-17,1.0257168813033892,1.0297105373213506,0.9857797855258703,0.988442599773407,1628475
2021-05-18,0.983117017174756,1.0317074134951767,0.9524992639917725,1.0150667428970337,4365225
2021-05-19,1.027047791746941,1.0383639043699069,0.979789250728707,0.9931012392044067,1449375
2021-05-20,1.0177294221519408,1.018395348861236,0.9604866240687892,0.9957640171051025,599925
2021-05-21,1.0090760646054544,1.0097419913147494,0.9851138316047564,0.9957640171051025,265650
2021-05-24,0.9684740578144242,1.0317073399490517,0.9604866269532455,1.0170634984970093,2221950
2021-05-25,1.0004237082626026,1.0170635452877541,0.9871107079357703,0.9944331645965576,774450
2021-05-26,1.0217231559218531,1.0217231559218531,0.9651453280623586,1.011738896369934,1674450
2021-05-27,0.9824520273585414,1.0117388174591444,0.9824520273585414,0.9990918040275574,474300
2021-05-28,1.003751455749797,1.0490131701235956,0.9824520950055274,1.0317074060440063,6756525
2021-05-31,1.0516759502146091,1.0636570366947615,1.0010886116461855,1.024385929107666,4380975
2021-06-01,1.015066691580589,1.0243859760575567,0.9864457084358531,0.9950981140136719,544650
2021-06-02,1.0097420171798137,1.0104079439061668,0.9851138568389576,0.991770327091217,452850
2021-06-03,1.0243859844447898,1.03836389958976,0.983782961764293,1.0064142942428589,8945775
2021-06-04,1.011738831506228,1.0563355688486253,0.9851138435203293,1.053006887435913,3648000
2021-06-07,1.0636570531398768,1.0836255705894458,1.0250509194764696,1.0436885356903076,3152925
2021-06-08,1.0636570310157005,1.0643229577067246,1.0317073085435455,1.0376979112625122,474525
2021-06-09,1.0629911345087755,1.0723104187734873,0.978458314634623,1.0237200260162354,4553850
2021-06-10,1.064323060466819,1.064323060466819,1.005748404916835,1.0283796787261963,6849150
2021-06-11,1.037697997791446,1.063657119709248,1.0257169103762143,1.0583324432373047,2051100
2021-06-14,1.104924977271658,1.104924977271658,1.0516759550498558,1.073641300201416,2304600
2021-06-15,1.0909471130342823,1.1808054447174072,1.059663315502282,1.1808054447174072,16223325
2021-06-16,1.2107583612285249,1.2986198663711548,1.2100933866631556,1.2986198663711548,17103675
2021-06-17,1.3312355407644076,1.3312355407644076,1.239380258934267,1.2520272731781006,14586975
2021-06-18,1.288635564703359,1.3046104265749114,1.1921216569740762,1.2866387367248535,10637175
2021-06-21,1.2886356309086218,1.3505381345748901,1.2866388028275266,1.3505381345748901,11009175
2021-06-22,1.4177660942077637,1.4177660942077637,1.3977975761096164,1.4177660942077637,4153725
2021-06-23,1.4883209466934204,1.4883209466934204,1.4883209466934204,1.4883209466934204,2053125
2021-06-24,1.5622045993804932,1.5622045993804932,1.5622045993804932,1.5622045993804932,3744075
2021-06-25,1.6400818824768066,1.6400818824768066,1.6400818824768066,1.6400818824768066,5019450
2021-06-28,1.7219528034875022,1.7219528034875022,1.5582107693854206,1.5835049152374268,33670200
2021-06-29,1.5442328696271221,1.662047266960144,1.5442328696271221,1.662047266960144,7718025
2021-06-30,1.722618738174821,1.7445842027664185,1.717294181014324,1.7445842027664185,4405950
2021-07-01,1.8317798376083374,1.8317798376083374,1.7738711108218235,1.8317798376083374,9260850
2021-07-02,1.922970175743103,1.922970175743103,1.922970175743103,1.922970175743103,2651400
2021-07-05,2.0188190937042236,2.0188190937042236,2.000181477675141,2.0188190937042236,3849675
2021-07-06,2.1193265160577397,2.1193265160577397,1.9183103251379943,2.0687403678894043,18631725
2021-07-07,1.9842066353383263,2.0501027905108002,1.9655689001083374,1.9655689001083374,5572350
2021-07-08,1.8677232265472412,1.8677232265472412,1.8677232265472412,1.8677232265472412,1131000
2021-07-09,1.7745369672775269,1.7745369672775269,1.7745369672775269,1.7745369672775269,699300
2021-07-12,1.6860094333223423,1.8630645275115967,1.6860094333223423,1.8630645275115967,12107775
2021-07-13,1.9555846452713013,1.9555846452713013,1.8257891626085225,1.9555846452713013,15824400
2021-07-14,2.052099609867661,2.0527656556299334,1.9555847466309844,1.998850703239441,5566650
2021-07-15,2.035458938285101,2.0980272485834663,1.899007871260863,1.9462664127349854,4413975
2021-07-16,1.9555847346338873,1.9569167071285019,1.8903545030557427,1.9169795513153076,1583250
2021-07-19,1.8703859246143568,1.9436035850046076,1.8211305569427527,1.8331116437911987,32102100
2021-07-20,1.8477547286632814,1.86239857080409,1.7419214135520376,1.768546462059021,2828250
2021-07-22,1.770543207470263,1.8564079999923706,1.770543207470263,1.8564079999923706,2203500
2021-07-23,1.930291574354768,1.9489291906356812,1.930291574354768,1.9489291906356812,3294150
2021-07-26,2.046109200951781,2.046109200951781,1.8517483392880827,1.98686945438385,15787575
2021-07-27,2.076727675907072,2.0860461267549093,1.9302915272575287,2.0753958225250244,10743000
2021-07-28,2.0973614804849383,2.178567409515381,2.0973614804849383,2.178567409515381,4596375
2021-07-29,2.287062644958496,2.287062644958496,2.287062644958496,2.287062644958496,1746675
2021-07-30,2.4008829593658447,2.4008829593658447,2.356287175523404,2.4008829593658447,12160125
2021-08-02,2.5206944942474365,2.5206944942474365,2.5206944942474365,2.5206944942474365,2310000
2021-08-03,2.646496057510376,2.646496057510376,2.646496057510376,2.646496057510376,2829900
2021-08-04,2.7782883644104004,2.7782883644104004,2.6624709148450787,2.7782883644104004,33890475
2021-08-05,2.8887814115998527,2.916737480534009,2.641171637531056,2.8728065490722656,18600300
2021-08-06,3.004598802920637,3.015913963317871,2.8754694802412093,3.015913963317871,7875825
2021-08-09,3.166344165802002,3.166344165802002,3.0884668011288934,3.166344165802002,6903600
2021-08-10,3.294808532549283,3.318104898612729,3.035217563028273,3.172334671020508,13406100
2021-08-11,3.194965925058593,3.2988021694409135,3.019242683729269,3.218928098678589,12051375
2021-08-12,3.2482150964966703,3.3793413639068604,3.2195932209572926,3.3793413639068604,7475250
2021-08-13,3.4865065931605357,3.5397554972237186,3.368026151021936,3.3939852714538574,3231150
2021-08-16,3.3280890945786457,3.447900199148683,3.2482150248652877,3.3287551403045654,9438900
2021-08-17,3.4612125242992327,3.4612125242992327,3.162350313668719,3.2834925651550293,5992500
2021-08-18,3.194966038859078,3.3147771492700793,3.1490383989261574,3.2814955711364746,9608925
2021-08-20,3.2242526930314286,3.2242526930314286,3.117753454700176,3.1290698051452637,3227250
2021-08-23,2.972649271579093,3.2854893856259615,2.972649271579093,3.2442212104797363,11991750
2021-08-24,3.18364998309755,3.3280893163225143,3.0911296079934396,3.155029058456421,4030575
2021-08-25,3.1150917456189298,3.2615270720108,3.1144259379001205,3.129734754562378,2914500
2021-08-26,3.1949659792275558,3.1949659792275558,2.9919517604239503,3.085803985595703,951225
2021-08-27,3.1550289093510764,3.1576907118712634,2.9952805287867843,3.0505263805389404,2761875
2021-08-30,3.1284038554811526,3.1936342065329653,3.0511925361350154,3.1264071464538574,4601025
2021-08-31,3.1683408215318405,3.261527001225187,3.1550289522278856,3.180988073348999,1373475
2021-09-01,3.2615270716473734,3.2615270716473734,3.0225706571546,3.133063554763794,3754275
2021-09-02,3.1789911386751015,3.1789911386751015,3.035882711035475,3.1510350704193115,2272575
2021-09-03,3.15103498295204,3.237564749840684,3.0771515154046027,3.1304006576538086,2392350
2021-09-06,3.208277835588543,3.208277835588543,3.057847905229136,3.1157567501068115,2769975
2021-09-07,3.0618414842474477,3.261526896759816,2.9600019500509256,3.196962594985962,4641600
2021-09-08,3.1949660959740243,3.2475491955170113,3.119085677081874,3.155029058456421,1435125
2021-09-09,3.1949659555400802,3.221589931917671,3.0951231280911187,3.1423816680908203,1835100
2021-09-13,3.177659242331996,3.2215899340913334,3.051192438420115,3.1390540599823,1905375
2021-09-14,3.128403761240163,3.2615269760801224,3.095123136062806,3.2375648021698,9738975
2021-09-15,3.24821511648356,3.3414012957340242,3.1816529137579836,3.3294200897216797,9377925
2021-09-16,3.3613697671288545,3.4718626602954745,3.1843156243334034,3.4459035396575928,15005475
2021-09-17,3.567711758843261,3.567711758843261,3.3147771893609,3.4086294174194336,10153725
2021-09-20,3.409294187408811,3.48783759673929,3.2382308819180845,3.272843360900879,4291800
2021-09-21,3.2615269634772583,3.354714094266135,3.155028915712533,3.270846366882324,2565300
2021-09-22,3.314777125458894,3.3414013403830554,3.1550289793917514,3.338073492050171,12846900
2021-09-23,3.338739537803777,3.4445727321819617,3.2615270293059693,3.338073492050171,4847025
2021-09-24,3.3813383967061426,3.3813383967061426,3.221590011659754,3.2914798259735107,1386750
2021-09-27,3.380673281679634,3.394651434888537,3.1949660143580028,3.2295775413513184,1460400
2021-09-28,3.288152181162543,3.3280892174942074,3.1816529415244106,3.2628588676452637,797925
2021-09-29,3.3121143226951113,3.3121143226951113,3.183649857167342,3.224252700805664,887475
2021-09-30,3.253539608892068,3.3840010189814604,3.234902944717888,3.2555363178253174,2866200
2021-10-01,3.3414012271941584,3.3414012271941584,3.2415584012408236,3.262192964553833,2117325
2021-10-04,3.3274232358316085,3.3274232358316085,3.194966062635564,3.2282466888427734,1336500
2021-10-05,3.2615269760801224,3.281495494012643,3.128403761240163,3.2375648021698,2090550
2021-10-06,3.290815023745654,3.290815023745654,3.1949660863824496,3.2801647186279297,5603625
2021-10-07,3.2908150236758216,3.4079633810543903,3.2814956198772904,3.3853321075439453,5522400
2021-10-08,3.487837526512425,3.5543994903564453,3.487837526512425,3.5543994903564453,8669850
2021-10-11,3.732119560241699,3.732119560241699,3.6875228216617066,3.732119560241699,6555075
2021-10-12,3.8872082742874574,3.8872082742874574,3.7008349585309186,3.7707247734069824,13197300
2021-10-13,3.776715325293544,3.830630515043508,3.7540850044485303,3.782041072845459,5721150
2021-10-14,3.8499339155501766,3.8499339155501766,3.6815324126464404,3.723466157913208,7888050
2021-10-18,3.727459967922483,3.7620722080764977,3.6076486237439025,3.696176052093506,6937500
2021-10-19,3.727459981913751,3.727459981913751,3.5277745662289224,3.541086435317993,5416275
2021-10-20,3.5943366793872005,3.5943366793872005,3.3680263259104413,3.42526912689209,4226475
2021-10-21,3.444572703990836,3.456553672021708,3.3181049466356916,3.4046356678009033,6069225
2021-10-22,3.4738593399523183,3.5244466795481686,3.345394877142922,3.397313117980957,5782950
2021-10-25,3.511799718552896,3.5224500232149767,3.2748400210728628,3.3893256187438965,6210525
2021-10-26,3.4439065876162913,3.459215403638864,3.2755050885413426,3.337407350540161,6194250
2021-10-27,3.337407311637978,3.3746827821149994,3.262858751118985,3.3154420852661133,5318775
2021-10-28,3.311448181435927,3.4132877153574763,3.2362338134586794,3.342067003250122,6693825
2021-10-29,3.3280891618370485,3.352051335626614,3.2362338845929526,3.2775018215179443,5496750
2021-11-01,3.2275805852558603,3.4106260494860727,3.2275805852558603,3.3646984100341797,6008775
2021-11-02,3.450563367572334,3.461212482337261,3.3294201653806237,3.3766796588897705,5945775
2021-11-03,3.4212754029469465,3.5450804062049293,3.3680262591310317,3.473193645477295,6496725
2021-11-04,3.6209608353963127,3.634938750573705,3.4944940291329587,3.5583932399749756,1065675
2021-11-08,3.619629902333096,3.650248487173441,3.508471913513014,3.631610870361328,5305575
2021-11-09,3.6475857021779703,3.6908505863050443,3.565048875769566,3.589677095413208,6137925
2021-11-10,3.594336596834631,3.5956674981160184,3.4885034031126234,3.4998185634613037,1393275
2021-11-11,3.578361925075855,3.5943365489358325,3.4472344674495234,3.497821807861328,4792050
2021-11-12,3.567711562665165,3.567711562665165,3.4745253854971145,3.5191211700439453,5329050
2021-11-15,3.487837515914823,3.536427908862469,3.394651338120756,3.4592154026031494,5160300
2021-11-16,3.471196750987876,3.541086565736383,3.3054579998327127,3.3533823490142822,6376200
2021-11-17,3.341401316920253,3.374682894581086,3.224918770651246,3.279498815536499,5474250
2021-11-18,3.2794988194844112,3.3280892135580538,3.1463756032464882,3.272843360900879,5485725
2021-11-22,3.13173154101713,3.3027960311872655,3.13173154101713,3.1769940853118896,5367225
2021-11-23,3.115091650053047,3.245552110018021,3.047863639910145,3.132397413253784,6769800
2021-11-24,3.2408937092537187,3.2408937092537187,3.1769942593324365,3.2149345874786377,6046575
2021-11-25,3.254871609660956,3.3753478142335687,3.128403849756315,3.3567111492156982,5819700
2021-11-26,3.394651286876068,3.394651286876068,3.188975272230038,3.2235867977142334,1517100
2021-11-29,3.0631736650178474,3.163016255163532,3.0625076192718885,3.085803985595703,1857675
2021-11-30,2.9327123084996596,3.12840383655846,2.9327123084996596,3.0611767768859863,2235225
2021-12-01,3.0292270447495993,3.1190856154316284,2.9087498888077823,2.9659926891326904,7907175
2021-12-02,2.9939486502040604,3.113759756088257,2.9147403873043136,3.113759756088257,4691475
2021-12-03,3.268849419937052,3.268849419937052,2.989289931913568,3.037214517593384,5861925
2021-12-06,3.1011136985424317,3.1843156174642506,3.0052647661096743,3.1071043014526367,2656200
2021-12-07,3.138388114815651,3.3959823847801687,3.06184165101308,3.23490309715271,10689525
2021-12-08,3.2482151194232762,3.27217729342614,3.1996244876287294,3.2076120376586914,879975
2021-12-09,3.218262216282056,3.2615271020973196,3.1550290498062585,3.171668767929077,1606275
2021-12-10,3.2595303629849255,3.2595303629849255,3.0878007704532844,3.129734754562378,1989750
2021-12-13,3.285489500710401,3.285489500710401,3.067167411363732,3.09645414352417,905775
2021-12-14,3.0252333338540565,3.1150916648639155,3.0245675261525076,3.0957882404327393,6522225
2021-12-15,3.1550288547420644,3.1550288547420644,3.039876261320195,3.0651702880859375,7716225
2021-12-16,3.1397190616232895,3.1397190616232895,3.0085927879408483,3.026564359664917,2793375
2021-12-17,3.0285611601663085,3.047863632283363,2.942030440031069,3.0338857173919678,6192000
2021-12-20,2.943362316649433,2.943362316649433,2.7316959304777964,2.862156391143799,6359400
2021-12-21,2.882125000337294,3.103775652528349,2.882125000337294,3.086469888687134,7868775
2021-12-22,3.128403795739164,3.1982936092737075,3.0012711824856866,3.154362916946411,15705225
2021-12-23,3.154362810137002,3.4638750690674307,3.0984509135938887,3.4305946826934814,28202925
2021-12-24,3.458550622471764,3.501149461261353,3.1057725169374777,3.167675018310547,13284675
2021-12-27,3.231574298812446,3.231574298812446,3.053189485362028,3.119750499725342,12455475
2021-12-28,3.220258965418403,3.4312595382034843,3.220258965418403,3.4305946826934814,62084175
2021-12-29,3.4618784559965734,3.7733876705169678,3.4618784559965734,3.7733876705169678,52569675
2021-12-30,3.883214684076831,4.150126934051514,3.782041188371951,4.150126934051514,98536800
2021-12-31,4.259954049215007,4.564807819763603,4.196054598031103,4.514220714569092,116870625
2022-01-03,4.616725869052793,4.739864826202393,4.552826420571827,4.739864826202393,80578500
2022-01-04,4.868994380984363,4.9768242835998535,4.853019280838385,4.9768242835998535,44235225
2022-01-05,5.198475349433537,5.225100517272949,5.111945577325378,5.225100517272949,25690875
2022-01-06,5.32361157829984,5.486021995544434,5.292326948891109,5.486021995544434,30489150
2022-01-07,5.7030139690351005,5.760256767272949,5.51264724380313,5.760256767272949,52393350
2022-01-10,5.977248258474007,6.04780387878418,5.9759171191654605,6.04780387878418,81104925
2022-01-11,5.745613098144531,5.849449585552086,5.745613098144531,5.745613098144531,24298950
2022-01-12,5.4587321281433105,5.4587321281433105,5.4587321281433105,5.4587321281433105,1009425
2022-01-13,5.185828685760498,5.185828685760498,5.185828685760498,5.185828685760498,732150
2022-01-14,4.926903247833252,4.926903247833252,4.926903247833252,4.926903247833252,1137225
2022-01-17,4.6806254386901855,4.6806254386901855,4.6806254386901855,4.6806254386901855,5110425
2022-01-18,4.486264324532647,4.914257049560547,4.4729524548753625,4.914257049560547,109349400
2022-01-19,5.098632502751952,5.159870147705078,5.062024267536752,5.159870147705078,10675200
2022-01-20,5.417464448392626,5.417464448392626,4.937553474148062,5.205132007598877,69086025
2022-01-21,5.058695505337514,5.251725464611658,5.058030411767376,5.063354969024658,40103325
2022-01-24,5.05869537604916,5.135907643437667,4.825729338951381,4.905603408813477,46276125
2022-01-25,4.6872806135621685,4.885635134912736,4.660656874454877,4.7837958335876465,15058650
2022-01-27,4.566804141233131,5.0227517146282326,4.544838915041023,5.022087097167969,35118675
2022-01-28,5.125257881798571,5.245068993716372,4.783129833805142,4.894288539886475,33504675
2022-01-31,4.9095973878818295,5.138569535022452,4.685949797954742,4.695933818817139,9283125
2022-02-01,4.725220899699255,4.791783103401362,4.61938770518258,4.6599907875061035,14240400
2022-02-02,4.649340147039367,4.775807902942203,4.606075739127644,4.665981292724609,5590875
2022-02-03,4.75850235829327,4.792449268702081,4.606075950643809,4.614063262939453,5490825
2022-02-04,4.547500856768524,4.705252291011444,4.547500856768524,4.646012783050537,8298375
2022-02-07,4.7511797355107115,4.7511797355107115,4.55282618000934,4.641352653503418,7913700
2022-02-08,4.6327006839414056,4.707249250094665,4.4609713256517605,4.524204730987549,9894900
2022-02-09,4.51288927978657,4.550829606198986,4.29856014251709,4.29856014251709,13749900
2022-02-10,4.313204203787984,4.512889385223389,4.100205724749499,4.512889385223389,20159325
2022-02-11,4.3251850206052564,4.738533782950234,4.3251850206052564,4.737202167510986,25292400
2022-02-14,4.68594975607879,4.779135695614133,4.500908064125564,4.562144756317139,14113275
2022-02-15,4.553491403333022,4.789785766942557,4.459639417970429,4.789120197296143,21274425
2022-02-16,4.78912005736834,4.894288151908231,4.632700245029939,4.651337146759033,11803425
2022-02-17,4.646012793073787,4.77647396740902,4.576122742226478,4.622716426849365,6394275
2022-02-18,4.619387686351282,4.7258869261882825,4.42103411973658,4.479608058929443,3676500
2022-02-21,4.393078177439294,4.49624861414756,4.266610422624298,4.288575649261475,4919625
2022-02-22,4.074246718036573,4.502905490722406,4.074246718036573,4.230001449584961,9312525
2022-02-23,4.419701840394557,4.419701840394557,4.133486901067744,4.231332778930664,3321000
2022-02-24,4.039999961853027,4.152666091918945,4.019999980926514,4.019999980926514,3455700
2022-02-25,3.9200000762939453,4.22066593170166,3.9200000762939453,4.22066593170166,23235750
2022-02-28,4.119999885559082,4.431333065032959,4.053999900817871,4.431333065032959,9466725
2022-03-02,4.3906660079956055,4.652666091918945,4.293333053588867,4.652666091918945,16199925
2022-03-03,4.6519999504089355,4.863999843597412,4.440000057220459,4.522665977478027,11607150
2022-03-04,4.546666145324707,4.616000175476074,4.373332977294922,4.412665843963623,3161850
2022-03-07,4.25333309173584,4.559332847595215,4.208000183105469,4.24733304977417,12934050
2022-03-08,4.199999809265137,4.373332977294922,4.066666126251221,4.237332820892334,12749025
2022-03-09,4.358665943145752,4.426665782928467,4.202000141143799,4.280665874481201,8003325
2022-03-10,4.373332977294922,4.435332775115967,4.231332778930664,4.2733330726623535,6341700
2022-03-11,4.2733330726623535,4.486666202545166,4.263999938964844,4.486666202545166,18891300
2022-03-14,4.460000038146973,4.50666618347168,4.321332931518555,4.379333019256592,4927350
2022-03-15,4.437333106994629,4.437333106994629,4.266665935516357,4.302000045776367,1993050
2022-03-16,4.3333330154418945,4.3893327713012695,4.293333053588867,4.303999900817871,1709175
2022-03-17,4.370666027069092,4.480000019073486,4.294665813446045,4.437333106994629,10050075
2022-03-21,4.402666091918945,4.626666069030762,4.402666091918945,4.46999979019165,6425625
2022-03-22,4.4466657638549805,4.585999965667725,4.400000095367432,4.414000034332275,2951475
2022-03-23,4.415999889373779,4.511332988739014,4.350666046142578,4.4019999504089355,2192925
2022-03-24,4.466666221618652,4.492000102996826,4.296666145324707,4.4120001792907715,11824950
2022-03-25,4.426665782928467,4.513332843780518,4.296666145324707,4.346665859222412,24351450
2022-03-28,4.3333330154418945,4.426665782928467,4.266665935516357,4.331333160400391,3530775
2022-03-29,4.28000020980835,4.400000095367432,4.133333206176758,4.2733330726623535,5727450
2022-03-30,4.2733330726623535,4.3306660652160645,4.201333045959473,4.255332946777344,3035775
2022-03-31,4.331999778747559,4.331999778747559,4.0806660652160645,4.164000034332275,4633950
2022-04-01,4.133333206176758,4.3333330154418945,4.133333206176758,4.277332782745361,3313500
2022-04-04,4.290666103363037,4.490665912628174,4.290666103363037,4.490665912628174,29611275
2022-04-05,4.5960001945495605,4.71466588973999,4.533332824707031,4.710666179656982,45858225
2022-04-06,4.865333080291748,4.906665802001953,4.688665866851807,4.865333080291748,14239500
2022-04-07,4.933332920074463,5.107999801635742,4.770666122436523,5.090665817260742,36487425
2022-04-08,5.093332767486572,5.3306660652160645,5.093332767486572,5.276000022888184,16967475
2022-04-11,5.4506659507751465,5.466000080108643,5.184666156768799,5.347332954406738,17313225
2022-04-12,5.3333330154418945,5.396666049957275,5.146666049957275,5.199999809265137,10018050
2022-04-13,5.266665935516357,5.460000038146973,5.248000144958496,5.421999931335449,37912950
2022-04-18,5.25933313369751,5.413332939147949,5.199999809265137,5.4033331871032715,12511575
2022-04-19,5.453332901000977,5.673333168029785,5.434000015258789,5.638666152954102,38864475
2022-04-20,5.639999866485596,5.8480000495910645,5.6306657791137695,5.682665824890137,26260800
2022-04-21,5.866665840148926,5.866665840148926,5.533332824707031,5.568665981292725,14183025
2022-04-22,5.558000087738037,5.613333225250244,5.440000057220459,5.464000225067139,4033650
2022-04-25,5.440000057220459,5.482666015625,5.3333330154418945,5.372665882110596,9228225
2022-04-26,5.426665782928467,5.460000038146973,5.266665935516357,5.336666107177734,5153550
2022-04-27,5.3333330154418945,5.370666027069092,5.199999809265137,5.2733330726623535,7107975
2022-04-28,5.199999809265137,5.392000198364258,5.088665962219238,5.22066593170166,5150700
2022-04-29,5.380000114440918,5.380000114440918,5.199999809265137,5.199999809265137,3861675
2022-05-02,5.199333190917969,5.279333114624023,5.097332954406738,5.1539998054504395,6313575
2022-05-04,5.173333168029785,5.2646660804748535,4.920666217803955,5.00666618347168,6538050
2022-05-05,4.986666202545166,5.2133331298828125,4.986666202545166,5.1020002365112305,6889575
2022-05-06,5.1020002365112305,5.1020002365112305,4.933332920074463,5.0106658935546875,9211350
2022-05-09,5.053332805633545,5.053332805633545,4.853332996368408,4.918000221252441,5418150
2022-05-10,4.97599983215332,4.97599983215332,4.672666072845459,4.708000183105469,10755225
2022-05-11,4.573332786560059,4.943333148956299,4.571332931518555,4.742665767669678,28243950
2022-05-12,4.733333110809326,4.846665859222412,4.50600004196167,4.533332824707031,5534700
2022-05-13,4.546666145324707,4.665332794189453,4.320000171661377,4.443999767303467,4804575
2022-05-16,4.400000095367432,4.665999889373779,4.255332946777344,4.414666175842285,11374350
2022-05-17,4.46466588973999,4.635333061218262,4.425333023071289,4.578000068664551,8178825
2022-05-18,4.662665843963623,4.806665897369385,4.605999946594238,4.804666042327881,9545700
2022-05-19,4.606666088104248,4.8480000495910645,4.602665901184082,4.706665992736816,4921200
2022-05-20,4.676000118255615,4.941999912261963,4.676000118255615,4.941999912261963,11917125
2022-05-23,5.077332973480225,5.103332996368408,4.800000190734863,4.889999866485596,6375900
2022-05-24,4.917333126068115,4.934000015258789,4.760000228881836,4.851333141326904,7631400
2022-05-25,4.906665802001953,4.906665802001953,4.642665863037109,4.670000076293945,2916750
2022-05-26,4.663332939147949,4.72933292388916,4.448666095733643,4.544000148773193,5806125
2022-05-27,4.537333011627197,4.661333084106445,4.493332862854004,4.543333053588867,4080000
2022-05-30,4.639999866485596,4.769999980926514,4.53000020980835,4.739999771118164,6939225
2022-05-31,4.800000190734863,4.95866584777832,4.693333148956299,4.72333288192749,3587775
2022-06-01,4.724666118621826,4.811999797821045,4.559999942779541,4.596665859222412,1144950
2022-06-02,4.599999904632568,4.760000228881836,4.596665859222412,4.7046661376953125,6025125
2022-06-03,4.8906660079956055,4.933332920074463,4.706665992736816,4.785333156585693,4761225
2022-06-06,4.798666000366211,4.932000160217285,4.563333034515381,4.623332977294922,4534500
2022-06-07,4.573332786560059,4.853332996368408,4.435332775115967,4.53000020980835,4722750
2022-06-08,4.646666049957275,4.646666049957275,4.4679999351501465,4.577332973480225,4071375
2022-06-09,4.576000213623047,4.6406660079956055,4.480666160583496,4.532666206359863,5095050
2022-06-10,4.50666618347168,4.639999866485596,4.434000015258789,4.602665901184082,5211375
2022-06-13,4.599999904632568,4.781332969665527,4.473999977111816,4.674665927886963,6928275
2022-06-14,4.666666030883789,4.858665943145752,4.572666168212891,4.727333068847656,5292300
2022-06-15,4.800000190734863,4.9633331298828125,4.733333110809326,4.962666034698486,23560575
2022-06-16,5.1966657638549805,5.210666179656982,4.8866658210754395,5.013332843780518,20952150
2022-06-17,5.039999961853027,5.263999938964844,5.015999794006348,5.254000186920166,16924725
2022-06-20,5.320000171661377,5.466666221618652,5.1346659660339355,5.219333171844482,16702275
2022-06-21,5.24399995803833,5.426665782928467,5.158666133880615,5.210666179656982,11811075
2022-06-22,5.252665996551514,5.252665996551514,5.122000217437744,5.190000057220459,6472875
2022-06-23,5.1479997634887695,5.291333198547363,5.026000022888184,5.248000144958496,7484025
2022-06-24,5.373332977294922,5.373332977294922,5.008666038513184,5.1479997634887695,5524350
2022-06-27,5.173333168029785,5.237332820892334,5.02400016784668,5.124666213989258,6699450
2022-06-28,5.124666213989258,5.146666049957275,5.004665851593018,5.100666046142578,6211650
2022-06-29,5.146666049957275,5.219333171844482,5.066666126251221,5.108665943145752,4629375
2022-06-30,5.170666217803955,5.199333190917969,5.030665874481201,5.102665901184082,4353975
2022-07-01,5.085332870483398,5.170000076293945,5.013999938964844,5.119999885559082,3805125
2022-07-04,5.266665935516357,5.292665958404541,5.066666126251221,5.144000053405762,6241500
2022-07-05,5.25333309173584,5.361332893371582,5.146666049957275,5.275332927703857,10838550
2022-07-06,5.266665935516357,5.3373332023620605,5.173333168029785,5.23533296585083,5857200
2022-07-07,5.239999771118164,5.297332763671875,5.146666049957275,5.234000205993652,5526750
2022-07-08,5.173333168029785,5.231332778930664,5.093332767486572,5.115333080291748,4137450
2022-07-11,5.278666019439697,5.278666019439697,4.888666152954102,4.946000099182129,6821850
2022-07-12,4.866665840148926,5.001999855041504,4.826665878295898,4.955333232879639,12169125
2022-07-13,4.955999851226807,5.025332927703857,4.9019999504089355,4.909333229064941,4148250
2022-07-14,4.853332996368408,5.01200008392334,4.802666187286377,4.916666030883789,6606000
2022-07-15,4.918000221252441,5.1620001792907715,4.866665840148926,5.1579999923706055,13291575
2022-07-18,5.25333309173584,5.3866658210754395,5.173333168029785,5.328000068664551,19669050
2022-07-19,5.373332977294922,5.435999870300293,5.24399995803833,5.279333114624023,6649125
2022-07-20,5.357999801635742,5.426665782928467,5.2133331298828125,5.405333042144775,8385675
2022-07-21,5.46133279800415,5.613333225250244,5.4466657638549805,5.521999835968018,13863300
2022-07-22,5.599999904632568,5.72933292388916,5.573332786560059,5.6433329582214355,9398325
2022-07-25,5.666666030883789,5.8933329582214355,5.626666069030762,5.693333148956299,13074525
2022-07-26,5.733333110809326,5.840000152587891,5.544000148773193,5.570000171661377,5913750
2022-07-27,5.533332824707031,5.691999912261963,5.418665885925293,5.524665832519531,6140100
2022-07-28,5.50666618347168,5.705999851226807,5.487332820892334,5.629333019256592,10563600
2022-07-29,5.733333110809326,5.813333034515381,5.630000114440918,5.76200008392334,12553350
2022-08-01,5.76200008392334,6.050000190734863,5.687333106994629,6.050000190734863,31050675
2022-08-02,6.199999809265137,6.331333160400391,6.094666004180908,6.165999889373779,21997950
2022-08-03,6.165999889373779,6.199999809265137,5.96133279800415,6.059332847595215,7887975
2022-08-04,6.131999969482422,6.159999847412109,5.75933313369751,6.116000175476074,12451875
2022-08-05,6.182665824890137,6.421332836151123,6.120666027069092,6.416666030883789,26112975
2022-08-08,6.478665828704834,6.599332809448242,6.3420000076293945,6.452000141143799,13187550
2022-08-10,6.466666221618652,6.5,6.239999771118164,6.283999919891357,11553225
2022-08-11,6.395999908447266,6.5980000495910645,6.281332969665527,6.388666152954102,25357800
2022-08-12,6.439332962036133,6.706665992736816,6.346665859222412,6.670666217803955,26034450
2022-08-16,6.577332973480225,7.004000186920166,6.533332824707031,6.846665859222412,21698250
2022-08-17,6.918665885925293,7.090665817260742,6.780665874481201,6.95266580581665,12879375
2022-08-18,6.99733304977417,7.300000190734863,6.826665878295898,7.300000190734863,50958600
2022-08-19,7.3333330154418945,7.664666175842285,7.300000190734863,7.662665843963623,51402675
2022-08-22,7.559999942779541,7.778666019439697,7.3866658210754395,7.563333034515381,46986900
2022-08-23,7.544000148773193,7.732666015625,7.185332775115967,7.25666618347168,14936475
2022-08-24,7.099999904632568,7.360000133514404,7.099999904632568,7.300000190734863,24410325
2022-08-25,7.3333330154418945,7.663332939147949,7.300000190734863,7.663332939147949,17474220
2022-08-26,7.733333110809326,8.043333053588867,7.730000019073486,8.043333053588867,5916255
2022-08-29,8.066665649414062,8.44333267211914,7.673333168029785,8.44333267211914,35026005
2022-08-30,8.600000381469727,8.863332748413086,8.34333324432373,8.50333309173584,31465275
2022-09-01,8.5,8.65999984741211,8.079999923706055,8.10666561126709,11561610
2022-09-02,8.133333206176758,8.236665725708008,7.703332901000977,7.703332901000977,15753165
2022-09-05,7.703332901000977,8.086666107177734,7.533332824707031,7.823332786560059,11883075
2022-09-06,7.996665954589844,7.996665954589844,7.566666126251221,7.590000152587891,4716810
2022-09-07,7.466666221618652,7.966666221618652,7.416666030883789,7.913332939147949,9639345
2022-09-08,8.133333206176758,8.133333206176758,7.7733330726623535,7.869999885559082,6078630
2022-09-09,7.869999885559082,7.986666202545166,7.47666597366333,7.536665916442871,10454460
2022-09-12,7.613333225250244,7.72666597366333,7.543333053588867,7.590000152587891,3812130
2022-09-13,7.730000019073486,7.966666221618652,7.563333034515381,7.786665916442871,21665205
2022-09-14,7.633333206176758,7.993332862854004,7.633333206176758,7.846665859222412,4787910
2022-09-15,7.933332920074463,7.933332920074463,7.573332786560059,7.72666597366333,5345280
2022-09-16,7.663332939147949,7.853332996368408,7.533332824707031,7.606666088104248,4912365
2022-09-19,7.613333225250244,7.673333168029785,7.433332920074463,7.586666107177734,5752425
2022-09-20,7.626666069030762,7.9633331298828125,7.586666107177734,7.7733330726623535,14309205
2022-09-21,7.699999809265137,7.920000076293945,7.533332824707031,7.686666011810303,7031190
2022-09-22,7.666666030883789,7.6966657638549805,7.533332824707031,7.563333034515381,2773500
2022-09-23,7.590000152587891,7.613333225250244,7.420000076293945,7.4633331298828125,3029820
2022-09-26,7.4633331298828125,7.4633331298828125,7.093332767486572,7.093332767486572,4692015
2022-09-27,7.00666618347168,7.266665935516357,6.809999942779541,6.926665782928467,9534015
2022-09-28,6.6533331871032715,6.916666030883789,6.6533331871032715,6.760000228881836,2775615
2022-09-29,7.0,7.026666164398193,6.746665954589844,6.809999942779541,2556975
2022-09-30,6.733333110809326,7.150000095367432,6.71999979019165,7.150000095367432,4645515
2022-10-03,7.099999904632568,7.373332977294922,6.9633331298828125,6.986666202545166,5092875
2022-10-04,7.1533331871032715,7.3333330154418945,7.130000114440918,7.3333330154418945,13299990
2022-10-06,7.566666126251221,7.576665878295898,7.233333110809326,7.289999961853027,5256000
2022-10-07,7.289999961853027,7.329999923706055,7.00666618347168,7.203332901000977,3714945
2022-10-10,6.966666221618652,7.266665935516357,6.966666221618652,7.206665992736816,2103600
2022-10-11,7.239999771118164,7.263332843780518,7.033332824707031,7.079999923706055,2077965
2022-10-12,7.079999923706055,7.260000228881836,6.943333148956299,7.033332824707031,3493290
2022-10-13,7.133333206176758,7.736666202545166,6.863333225250244,7.736666202545166,24201705
2022-10-14,7.989999771118164,8.363332748413086,7.693333148956299,8.063332557678223,29173050
2022-10-17,8.09666633605957,8.866665840148926,7.813333034515381,8.866665840148926,29392590
2022-10-18,8.893333435058594,9.333333015441895,8.533332824707031,8.786665916442871,62711130
2022-10-19,8.666666030883789,9.023332595825195,8.50333309173584,8.59333324432373,10883730
2022-10-20,8.529999732971191,8.770000457763672,8.34000015258789,8.390000343322754,6441705
2022-10-21,8.520000457763672,8.573332786560059,8.119999885559082,8.236665725708008,5637225
2022-10-24,8.380000114440918,8.979999542236328,8.35666561126709,8.489999771118164,9839085
2022-10-25,8.526665687561035,8.666666030883789,8.279999732971191,8.353333473205566,3987735
2022-10-27,8.493332862854004,9.186665534973145,8.300000190734863,9.186665534973145,39526110
2022-10-28,9.833333015441895,9.933333396911621,9.529999732971191,9.683333396911621,23379945
2022-10-31,9.763333320617676,10.649999618530273,9.739999771118164,10.600000381469727,48658560
2022-11-01,10.800000190734863,10.850000381469727,10.300000190734863,10.436665534973145,31166805
2022-11-02,10.206665992736816,10.5,10.016666412353516,10.116665840148926,13510995
2022-11-03,9.899999618530273,10.306666374206543,9.899999618530273,10.113332748413086,9441450
2022-11-04,10.133333206176758,10.289999961853027,10.066665649414062,10.09000015258789,3805455
2022-11-07,10.226666450500488,10.423333168029785,9.586666107177734,9.643333435058594,6801045
2022-11-09,10.0600004196167,10.0600004196167,9.6899995803833,9.930000305175781,6612840
2022-11-10,9.899999618530273,10.423333168029785,9.733332633972168,10.423333168029785,8770620
2022-11-11,10.793333053588867,10.94333267211914,10.539999961853027,10.9399995803833,62339130
2022-11-14,11.133333206176758,11.486665725708008,10.676666259765625,11.41333293914795,55022430
2022-11-15,11.473333358764648,11.666666030883789,11.130000114440918,11.566665649414062,40245375
2022-11-16,11.553333282470703,11.646665573120117,11.043333053588867,11.173333168029785,13100430
2022-11-17,11.15999984741211,11.729999542236328,11.0,11.729999542236328,28190070
2022-11-18,11.733332633972168,12.10666561126709,11.573332786560059,11.720000267028809,27518535
2022-11-21,11.866665840148926,11.986665725708008,11.600000381469727,11.680000305175781,8456610
2022-11-22,11.773332595825195,11.906665802001953,11.353333473205566,11.819999694824219,10986720
2022-11-23,11.993332862854004,12.066665649414062,11.473333358764648,11.633333206176758,12089595
2022-11-24,11.619999885559082,11.796666145324707,11.5,11.586666107177734,6505545
2022-11-25,11.466666221618652,11.666666030883789,11.010000228881836,11.079999923706055,8412165
2022-11-28,11.133333206176758,11.34666633605957,11.0,11.039999961853027,8432805
2022-11-29,11.066665649414062,11.19333267211914,10.739999771118164,10.783332824707031,4630500
2022-11-30,10.829999923706055,11.170000076293945,10.829999923706055,10.936665534973145,5701215
2022-12-01,11.0,11.483332633972168,10.956665992736816,11.483332633972168,11788335
2022-12-02,11.600000381469727,11.953332901000977,11.483332633972168,11.609999656677246,11719365
2022-12-05,11.866665840148926,11.996665954589844,11.510000228881836,11.643333435058594,7916325
2022-12-06,11.619999885559082,11.66333293914795,11.333333015441895,11.416666030883789,2918970
2022-12-07,11.489999771118164,11.853333473205566,11.223333358764648,11.326665878295898,12007500
2022-12-08,11.44666576385498,11.44666576385498,11.010000228881836,11.203332901000977,3271500
2022-12-09,11.59333324432373,11.59333324432373,11.00333309173584,11.043333053588867,10143135
2022-12-12,11.126666069030762,11.976666450500488,11.046666145324707,11.569999694824219,26588730
2022-12-13,11.66333293914795,11.863332748413086,11.473333358764648,11.520000457763672,15060105
2022-12-14,11.600000381469727,11.800000190734863,11.493332862854004,11.550000190734863,15609885
2022-12-15,11.649999618530273,12.313332557678223,11.50333309173584,11.550000190734863,24784065
2022-12-16,11.526665687561035,11.903332710266113,11.403332710266113,11.766666412353516,9850650
2022-12-19,11.866665840148926,12.143333435058594,11.850000381469727,11.94666576385498,14171010
2022-12-20,11.9399995803833,12.100000381469727,11.550000190734863,11.619999885559082,16263360
2022-12-21,11.720000267028809,11.869999885559082,11.186665534973145,11.430000305175781,12375630
2022-12-22,11.436665534973145,11.546666145324707,10.510000228881836,10.786665916442871,26761050
2022-12-23,10.403332710266113,10.600000381469727,9.710000038146973,9.710000038146973,10178010
2022-12-26,9.333333015441895,10.680000305175781,8.84000015258789,10.680000305175781,17682915
2022-12-27,10.800000190734863,11.09333324432373,10.510000228881836,10.899999618530273,10984020
2022-12-28,11.029999732971191,11.600000381469727,10.979999542236328,11.029999732971191,21004755
2022-12-29,11.029999732971191,11.699999809265137,10.886666297912598,11.44666576385498,25686045
2022-12-30,11.5600004196167,11.766666412353516,11.0,11.083333015441895,43241880
2023-01-02,11.273332595825195,11.899999618530273,11.213333129882812,11.766666412353516,32637645
2023-01-03,11.866665840148926,12.333333015441895,11.640000343322754,12.19333267211914,37144575
2023-01-04,12.333333015441895,12.533332824707031,12.073332786560059,12.260000228881836,32146185
2023-01-05,12.286665916442871,12.319999694824219,11.35666561126709,11.569999694824219,19808505
2023-01-06,12.716666221618652,12.716666221618652,12.716666221618652,12.716666221618652,964671
2023-01-09,13.983332633972168,13.983332633972168,13.983332633972168,13.983332633972168,4255956
2023-01-10,13.983332633972168,15.366665840148926,13.666666030883789,14.266666412353516,36453384
2023-01-11,14.516666412353516,14.733332633972168,14.016666412353516,14.350000381469727,9109680
2023-01-12,14.633333206176758,14.75,14.083333015441895,14.366665840148926,5615802
2023-01-13,14.666666030883789,14.800000190734863,13.466666221618652,13.983332633972168,8172576
2023-01-16,14.233332633972168,14.233332633972168,13.516666412353516,13.649999618530273,3022881
2023-01-17,12.966666221618652,12.966666221618652,12.966666221618652,12.966666221618652,1246965
2023-01-18,12.5,13.600000381469727,12.316665649414062,13.583333015441895,73633632
2023-01-19,13.333333015441895,14.116665840148926,13.149999618530273,13.533332824707031,12631380
2023-01-20,13.633333206176758,13.75,12.949999809265137,13.466666221618652,7692357
2023-01-23,13.566665649414062,13.733332633972168,12.916666030883789,13.116665840148926,8325834
2023-01-24,13.300000190734863,13.300000190734863,12.533332824707031,12.600000381469727,5415285
2023-01-25,12.566665649414062,12.75,11.983332633972168,12.0,5736369
2023-01-27,12.033332824707031,12.5,11.399999618530273,12.316665649414062,8051835
2023-01-30,12.166666030883789,12.600000381469727,11.933333396911621,12.033332824707031,3861063
2023-01-31,12.233332633972168,12.633333206176758,12.066665649414062,12.633333206176758,9861960
2023-02-01,12.649999618530273,12.833333015441895,12.033332824707031,12.199999809265137,3641838
2023-02-02,12.533332824707031,12.533332824707031,11.75,11.833333015441895,3062874
2023-02-03,11.75,12.083333015441895,11.366665840148926,11.616665840148926,6404586
2023-02-06,12.0,12.0,11.383333206176758,11.433333396911621,1906398
2023-02-07,11.399999618530273,11.583333015441895,11.066665649414062,11.516666412353516,4488330
2023-02-08,11.566665649414062,11.666666030883789,11.149999618530273,11.233332633972168,2792007
2023-02-09,11.333333015441895,11.783332824707031,11.216666221618652,11.783332824707031,14688396
2023-02-10,11.800000190734863,12.366665840148926,11.666666030883789,12.050000190734863,17144289
2023-02-13,12.183333396911621,12.433333396911621,11.933333396911621,12.116665840148926,3889239
2023-02-14,12.116665840148926,12.316665649414062,11.816665649414062,11.866665840148926,1075455
2023-02-15,12.100000381469727,12.100000381469727,11.616665840148926,11.766666412353516,1764114
2023-02-16,11.899999618530273,11.899999618530273,11.466666221618652,11.583333015441895,2414016
2023-02-17,11.550000190734863,11.716666221618652,11.183333396911621,11.266666412353516,2209200
2023-02-20,11.333333015441895,11.5,10.949999809265137,11.016666412353516,2978298
2023-02-21,11.0,11.566665649414062,10.983332633972168,11.516666412353516,14381685
2023-02-22,11.333333015441895,11.766666412353516,11.083333015441895,11.216666221618652,2085621
2023-02-23,11.216666221618652,11.466666221618652,10.883333206176758,11.016666412353516,6038334
2023-02-24,11.083333015441895,11.166666030883789,10.516666412353516,10.649999618530273,3535638
2023-02-27,10.566665649414062,10.566665649414062,10.25,10.333333015441895,2462943
2023-02-28,10.399999618530273,10.850000381469727,10.366665840148926,10.583333015441895,5049207
2023-03-01,10.649999618530273,11.100000381469727,10.600000381469727,11.100000381469727,8613219
2023-03-02,11.166666030883789,11.433333396911621,10.899999618530273,10.933333396911621,4315818
2023-03-03,11.033332824707031,11.133333206176758,10.649999618530273,10.75,1969929
2023-03-06,10.866665840148926,10.883333206176758,10.550000190734863,10.616665840148926,3134604
2023-03-08,10.649999618530273,10.916666030883789,10.533332824707031,10.75,1422807
2023-03-09,10.899999618530273,11.050000190734863,10.716666221618652,10.783332824707031,1525386
2023-03-10,10.783332824707031,11.0,10.616665840148926,10.699999809265137,2228751
2023-03-13,10.766666412353516,10.766666412353516,10.166666030883789,10.216666221618652,1444455
2023-03-14,10.316665649414062,10.333333015441895,9.850000381469727,9.983332633972168,3349692
2023-03-15,10.066665649414062,10.466666221618652,9.949999809265137,10.133333206176758,5384133
2023-03-16,10.050000190734863,10.166666030883789,9.783332824707031,10.100000381469727,1277130
2023-03-17,10.183333396911621,10.350000381469727,9.916666030883789,9.983332633972168,1690284
2023-03-20,9.983332633972168,10.133333206176758,9.699999809265137,9.949999809265137,2313153
2023-03-21,10.0,10.183333396911621,9.733332633972168,9.833333015441895,3287565
2023-03-22,9.916666030883789,9.983332633972168,9.800000190734863,9.833333015441895,777984
2023-03-23,9.866665840148926,10.0,9.666666030883789,9.75,4853844
2023-03-24,9.800000190734863,9.816665649414062,9.266666412353516,9.266666412353516,4219389
2023-03-27,9.266666412353516,9.716666221618652,8.983332633972168,9.600000381469727,6753366
2023-03-28,9.649999618530273,9.783332824707031,9.133333206176758,9.199999809265137,5761758
2023-03-29,8.916666030883789,9.283332824707031,8.816665649414062,8.850000381469727,10568571
2023-03-31,8.850000381469727,9.283332824707031,8.850000381469727,9.283332824707031,2218566
2023-04-03,9.733332633972168,9.733332633972168,9.733332633972168,9.733332633972168,568854
2023-04-05,10.216666221618652,10.216666221618652,10.216666221618652,10.216666221618652,526503
2023-04-06,10.716666221618652,10.716666221618652,10.433333396911621,10.716666221618652,5701761
2023-04-10,11.066665649414062,11.066665649414062,10.350000381469727,10.399999618530273,6438255
2023-04-11,10.483332633972168,11.033332824707031,10.300000190734863,10.733332633972168,4191540
2023-04-12,10.783332824707031,10.899999618530273,10.5,10.75,6772467
2023-04-13,10.766666412353516,10.833333015441895,10.533332824707031,10.616665840148926,3640071
2023-04-17,10.633333206176758,10.833333015441895,10.350000381469727,10.550000190734863,2262828
2023-04-18,10.633333206176758,10.649999618530273,10.166666030883789,10.300000190734863,2967465
2023-04-19,10.333333015441895,10.383333206176758,9.966666221618652,10.033332824707031,4320081
2023-04-20,10.033332824707031,10.416666030883789,9.883333206176758,10.216666221618652,3089409
2023-04-21,10.033332824707031,10.350000381469727,9.966666221618652,10.016666412353516,1180704
2023-04-24,10.066665649414062,10.766666412353516,10.033332824707031,10.366665840148926,11461284
2023-04-25,10.433333396911621,10.449999809265137,10.0,10.083333015441895,12612579
2023-04-26,10.149999618530273,10.399999618530273,10.050000190734863,10.316665649414062,9126492
2023-04-27,10.333333015441895,10.916666030883789,10.283332824707031,10.550000190734863,11139231
2023-04-28,10.566665649414062,10.816665649414062,10.399999618530273,10.533332824707031,2201313
2023-05-02,10.583333015441895,10.75,10.366665840148926,10.449999809265137,2354895
2023-05-03,10.366665840148926,10.833333015441895,10.016666412353516,10.483332633972168,8271225
2023-05-04,10.333333015441895,10.583333015441895,10.316665649414062,10.350000381469727,1569885
2023-05-05,10.399999618530273,10.483332633972168,10.183333396911621,10.416666030883789,2315088
2023-05-08,10.5,10.5,10.316665649414062,10.366665840148926,1061946
2023-05-09,10.366665840148926,10.433333396911621,10.199999809265137,10.283332824707031,5128029
2023-05-10,10.350000381469727,10.666666030883789,10.233332633972168,10.316665649414062,14612673
2023-05-11,10.366665840148926,10.800000190734863,10.266666412353516,10.433333396911621,20618178
2023-05-12,10.466666221618652,11.466666221618652,10.383333206176758,11.466666221618652,26080608
2023-05-15,12.0,12.600000381469727,11.766666412353516,12.100000381469727,23610966
2023-05-16,12.166666030883789,12.333333015441895,11.733332633972168,11.916666030883789,6462213
2023-05-17,12.300000190734863,12.300000190734863,11.666666030883789,11.766666412353516,5002062
2023-05-18,11.783332824707031,12.166666030883789,11.683333396911621,11.833333015441895,7072674
2023-05-19,11.933333396911621,12.266666412353516,11.75,11.949999809265137,10572696
2023-05-22,11.949999809265137,12.016666412353516,11.550000190734863,11.649999618530273,2830707
2023-05-23,11.350000381469727,11.816665649414062,11.350000381469727,11.633333206176758,4152702
2023-05-24,11.633333206176758,11.899999618530273,11.550000190734863,11.666666030883789,2631441
2023-05-25,11.666666030883789,12.033332824707031,11.566665649414062,11.75,14104848
2023-05-26,11.949999809265137,12.916666030883789,11.833333015441895,12.850000381469727,31427865
2023-05-29,13.033332824707031,13.300000190734863,12.899999618530273,13.0,20991708
2023-05-30,13.066665649414062,13.416666030883789,12.866665840148926,13.183333396911621,24676503
2023-05-31,13.666666030883789,13.666666030883789,13.116665840148926,13.350000381469727,20883804
2023-06-01,13.483332633972168,13.633333206176758,13.333333015441895,13.533332824707031,13687209
2023-06-02,13.633333206176758,13.766666412353516,13.566665649414062,13.683333396911621,25131954
2023-06-05,13.766666412353516,14.433333396911621,13.733332633972168,14.0,15394323
2023-06-06,14.300000190734863,14.300000190734863,13.649999618530273,13.699999809265137,13128126
2023-06-07,13.783332824707031,13.783332824707031,12.883333206176758,13.25,14448159
2023-06-08,13.316665649414062,13.533332824707031,12.75,12.983332633972168,15503793
2023-06-09,13.100000381469727,13.100000381469727,12.600000381469727,12.683333396911621,19248945
2023-06-12,12.800000190734863,12.983332633972168,12.633333206176758,12.683333396911621,6071232
2023-06-13,12.633333206176758,13.199999809265137,12.5,12.949999809265137,19728687
2023-06-14,13.066665649414062,13.183333396911621,12.699999809265137,12.783332824707031,5612637
2023-06-15,12.783332824707031,13.133333206176758,12.616665840148926,12.699999809265137,6853236
2023-06-16,12.699999809265137,13.066665649414062,12.699999809265137,12.916666030883789,6588927
2023-06-19,13.166666030883789,13.166666030883789,12.649999618530273,12.733332633972168,12538560
2023-06-20,12.699999809265137,12.916666030883789,12.699999809265137,12.766666412353516,6402426
2023-06-21,12.816665649414062,12.833333015441895,12.566665649414062,12.600000381469727,9094785
2023-06-22,12.633333206176758,13.033332824707031,12.266666412353516,12.733332633972168,13733505
2023-06-23,12.716666221618652,12.75,12.333333015441895,12.383333206176758,2516889
2023-06-26,12.366665840148926,12.600000381469727,12.266666412353516,12.433333396911621,2896320
2023-06-27,12.433333396911621,12.5,12.333333015441895,12.333333015441895,2921103
2023-06-28,12.433333396911621,12.733332633972168,12.416666030883789,12.449999809265137,3956055
2023-06-30,12.550000190734863,12.633333206176758,12.216666221618652,12.300000190734863,2799216
2023-07-03,12.300000190734863,12.449999809265137,12.066665649414062,12.166666030883789,3042285
2023-07-04,12.199999809265137,12.766666412353516,11.949999809265137,12.083333015441895,11817816
2023-07-05,12.5,12.5,11.866665840148926,12.066665649414062,7347870
2023-07-06,12.116665840148926,12.166666030883789,11.766666412353516,11.800000190734863,6029529
2023-07-07,11.800000190734863,11.816665649414062,11.533332824707031,11.600000381469727,3677301
2023-07-10,11.666666030883789,11.733332633972168,11.449999809265137,11.550000190734863,5797170
2023-07-11,11.633333206176758,11.633333206176758,11.399999618530273,11.449999809265137,3393921
2023-07-12,12.0,12.0,11.366665840148926,11.416666030883789,4684371
2023-07-13,11.5,12.033332824707031,11.466666221618652,11.800000190734863,28194753
2023-07-14,11.883333206176758,13.033332824707031,11.566665649414062,12.816665649414062,61189194
2023-07-17,12.916666030883789,13.533332824707031,12.800000190734863,13.066665649414062,38050296
2023-07-18,13.199999809265137,14.083333015441895,12.683333396911621,13.383333206176758,143752305
2023-07-19,13.5,13.766666412353516,13.199999809265137,13.5,32162673
2023-07-20,13.516666412353516,13.516666412353516,12.899999618530273,13.0,10054059
2023-07-21,12.983332633972168,13.166666030883789,12.800000190734863,12.866665840148926,8995842
2023-07-24,13.516666412353516,13.616665840148926,12.966666221618652,13.533332824707031,34443822
2023-07-25,13.600000381469727,13.666666030883789,13.216666221618652,13.333333015441895,13031271
2023-07-26,13.399999618530273,13.399999618530273,13.133333206176758,13.166666030883789,8157960
2023-07-27,13.166666030883789,13.399999618530273,12.933333396911621,13.0,5383440
2023-07-28,13.033332824707031,13.166666030883789,12.800000190734863,13.0,5787738
2023-07-31,13.033332824707031,14.233332633972168,12.933333396911621,13.850000381469727,49873257
2023-08-01,13.933333396911621,15.066665649414062,13.516666412353516,14.600000381469727,200301207
2023-08-02,14.600000381469727,14.766666412353516,13.649999618530273,14.0,41685702
2023-08-03,13.966666221618652,14.166666030883789,13.533332824707031,13.699999809265137,18840435
2023-08-04,13.766666412353516,14.100000381469727,13.600000381469727,13.666666030883789,9858768
2023-08-07,13.766666412353516,14.149999618530273,13.566665649414062,13.800000190734863,10681527
2023-08-08,13.816665649414062,13.883333206176758,13.366665840148926,13.600000381469727,8811939
2023-08-09,13.649999618530273,13.883333206176758,13.433333396911621,13.666666030883789,4961241
2023-08-10,13.666666030883789,13.949999809265137,13.466666221618652,13.516666412353516,7278762
2023-08-11,13.583333015441895,13.633333206176758,13.216666221618652,13.300000190734863,5719320
2023-08-14,13.300000190734863,13.716666221618652,12.733332633972168,12.949999809265137,10860651
2023-08-16,12.899999618530273,12.983332633972168,12.5,12.666666030883789,12897708
2023-08-17,12.733332633972168,12.966666221618652,12.600000381469727,12.649999618530273,8639067
2023-08-18,12.600000381469727,12.850000381469727,12.5,12.666666030883789,6230784
2023-08-21,12.733332633972168,13.166666030883789,12.600000381469727,12.666666030883789,11793690
2023-08-22,12.716666221618652,12.899999618530273,12.633333206176758,12.666666030883789,5952822
2023-08-23,12.716666221618652,13.283332824707031,12.616665840148926,13.033332824707031,14488818
2023-08-24,13.116665840148926,13.266666412353516,12.75,12.850000381469727,5036646
2023-08-25,12.766666412353516,12.966666221618652,12.300000190734863,12.683333396911621,13639527
2023-08-28,12.716666221618652,12.783332824707031,12.533332824707031,12.566665649414062,3371124
2023-08-29,12.600000381469727,12.766666412353516,12.5,12.616665840148926,4551663
2023-08-30,12.716666221618652,12.916666030883789,12.483332633972168,12.583333015441895,12608901
2023-08-31,12.600000381469727,12.883333206176758,12.600000381469727,12.633333206176758,5358795
2023-09-01,12.649999618530273,13.083333015441895,12.633333206176758,12.933333396911621,9051414
2023-09-04,12.949999809265137,13.166666030883789,12.649999618530273,13.0,12811440
2023-09-05,13.0,13.25,12.833333015441895,13.0,8443107
2023-09-06,13.100000381469727,13.233332633972168,12.850000381469727,13.100000381469727,10886613
2023-09-07,13.100000381469727,13.5,12.933333396911621,13.0,22553178
2023-09-08,13.083333015441895,13.75,13.033332824707031,13.333333015441895,38475795
2023-09-11,13.433333396911621,13.600000381469727,13.016666412353516,13.066665649414062,10638132
2023-09-12,13.199999809265137,13.300000190734863,12.0,12.199999809265137,21783732
2023-09-13,12.266666412353516,12.483332633972168,11.899999618530273,12.316665649414062,18802149
2023-09-14,12.316665649414062,12.633333206176758,12.283332824707031,12.383333206176758,6366618
2023-09-15,12.5,12.550000190734863,12.233332633972168,12.433333396911621,6531378
2023-09-18,12.433333396911621,12.5,12.283332824707031,12.316665649414062,3572982
2023-09-20,12.266666412353516,12.466666221618652,12.199999809265137,12.283332824707031,3095718
2023-09-21,12.233332633972168,12.483332633972168,12.183333396911621,12.333333015441895,7051446
2023-09-22,12.283332824707031,12.433333396911621,12.199999809265137,12.25,3458673
2023-09-25,12.266666412353516,12.533332824707031,12.25,12.350000381469727,20733708
2023-09-26,12.383333206176758,12.433333396911621,12.0,12.0,77922147
2023-09-27,12.0,12.016666412353516,11.533332824707031,11.766666412353516,23349162
2023-09-28,11.766666412353516,11.933333396911621,11.533332824707031,11.733332633972168,7235088
2023-09-29,11.733332633972168,12.100000381469727,11.699999809265137,11.833333015441895,15889893
2023-10-03,11.833333015441895,11.866665840148926,11.600000381469727,11.733332633972168,6700155
2023-10-04,11.649999618530273,11.733332633972168,11.483332633972168,11.550000190734863,4899333
2023-10-05,11.649999618530273,11.933333396911621,11.633333206176758,11.666666030883789,8544552
2023-10-06,11.699999809265137,11.983332633972168,11.649999618530273,11.933333396911621,7014276
2023-10-09,11.699999809265137,12.033332824707031,11.516666412353516,11.949999809265137,6284622
2023-10-10,12.0,12.75,11.899999618530273,12.466666221618652,23423724
2023-10-11,12.566665649414062,12.616665840148926,12.283332824707031,12.399999618530273,25938477
2023-10-12,12.350000381469727,12.466666221618652,12.266666412353516,12.316665649414062,12108675
2023-10-13,12.300000190734863,12.633333206176758,12.216666221618652,12.383333206176758,12633831
2023-10-16,12.383333206176758,12.516666412353516,12.333333015441895,12.333333015441895,5390157
2023-10-17,12.399999618530273,12.733332633972168,12.399999618530273,12.5,10211178
2023-10-18,12.550000190734863,12.683333396911621,12.199999809265137,12.25,4768068
2023-10-19,12.316665649414062,12.399999618530273,12.116665840148926,12.199999809265137,3438645
2023-10-20,12.199999809265137,12.283332824707031,11.866665840148926,11.983332633972168,4790457
2023-10-23,12.083333015441895,12.149999618530273,11.399999618530273,11.733332633972168,13676571
2023-10-25,11.733332633972168,11.949999809265137,11.083333015441895,11.316665649414062,6665445
2023-10-26,11.233332633972168,11.233332633972168,10.683333396911621,10.816665649414062,11514252
2023-10-27,10.883333206176758,11.449999809265137,10.883333206176758,11.149999618530273,8869509
2023-10-30,11.149999618530273,11.333333015441895,10.983332633972168,11.050000190734863,5086983
2023-10-31,11.133333206176758,11.466666221618652,11.016666412353516,11.066665649414062,3776529
2023-11-01,11.050000190734863,11.149999618530273,10.983332633972168,11.033332824707031,3869325
2023-11-02,11.133333206176758,11.333333015441895,11.083333015441895,11.166666030883789,3140997
2023-11-03,11.166666030883789,11.600000381469727,11.149999618530273,11.149999618530273,8852505
2023-11-06,11.233332633972168,12.133333206176758,11.199999809265137,12.066665649414062,22359897
2023-11-07,12.066665649414062,12.416666030883789,11.783332824707031,12.350000381469727,11539752
2023-11-08,12.333333015441895,13.433333396911621,12.25,13.350000381469727,65504139
2023-11-09,13.416666030883789,13.483332633972168,12.883333206176758,13.166666030883789,25323606
2023-11-10,13.149999618530273,13.266666412353516,12.933333396911621,13.166666030883789,21062334
2023-11-13,12.666666030883789,12.666666030883789,12.300000190734863,12.350000381469727,4599369
2023-11-15,12.433333396911621,12.649999618530273,12.233332633972168,12.350000381469727,4896927
2023-11-16,12.350000381469727,12.633333206176758,12.266666412353516,12.333333015441895,3780966
2023-11-17,12.316665649414062,12.416666030883789,12.033332824707031,12.133333206176758,4903725
2023-11-20,12.316665649414062,12.883333206176758,12.100000381469727,12.666666030883789,10704336
2023-11-21,12.699999809265137,12.916666030883789,12.416666030883789,12.783332824707031,12126603
2023-11-22,12.833333015441895,12.833333015441895,12.449999809265137,12.550000190734863,6882354
2023-11-23,12.633333206176758,12.733332633972168,12.416666030883789,12.516666412353516,8878854
2023-11-24,12.449999809265137,12.533332824707031,12.166666030883789,12.333333015441895,4334859
2023-11-28,12.333333015441895,12.5,11.699999809265137,12.316665649414062,17001024
2023-11-29,12.416666030883789,12.5,11.800000190734863,12.350000381469727,8565882
2023-11-30,12.333333015441895,12.683333396911621,12.25,12.616665840148926,12491355
2023-12-01,12.616665840148926,12.816665649414062,12.399999618530273,12.466666221618652,4543254
2023-12-04,12.649999618530273,12.816665649414062,12.316665649414062,12.649999618530273,22529880
2023-12-05,12.666666030883789,12.916666030883789,12.600000381469727,12.733332633972168,13158879
2023-12-06,12.766666412353516,13.016666412353516,12.666666030883789,12.899999618530273,19824273
2023-12-07,12.916666030883789,13.116665840148926,12.733332633972168,13.016666412353516,17503413
2023-12-08,13.066665649414062,13.149999618530273,12.616665840148926,12.949999809265137,18309606
2023-12-11,12.983332633972168,13.216666221618652,12.75,12.816665649414062,11536047
2023-12-12,12.816665649414062,12.899999618530273,12.716666221618652,12.800000190734863,6552621
2023-12-13,12.800000190734863,13.333333015441895,12.666666030883789,12.800000190734863,24414918
2023-12-14,12.866665840148926,13.183333396911621,12.649999618530273,12.666666030883789,21250017
2023-12-15,12.699999809265137,13.0,12.516666412353516,12.583333015441895,7654155
2023-12-18,12.633333206176758,12.683333396911621,12.433333396911621,12.516666412353516,5701425
2023-12-19,12.516666412353516,12.600000381469727,12.283332824707031,12.316665649414062,9838512
2023-12-20,12.383333206176758,12.516666412353516,11.699999809265137,11.933333396911621,16297575
2023-12-21,11.666666030883789,12.133333206176758,11.583333015441895,12.0,5059638
2023-12-22,12.300000190734863,12.533332824707031,12.166666030883789,12.300000190734863,7933740
2023-12-26,12.366665840148926,12.483332633972168,12.233332633972168,12.300000190734863,4752279
2023-12-27,12.366665840148926,12.416666030883789,11.983332633972168,12.050000190734863,10009305
2023-12-28,12.149999618530273,12.333333015441895,12.016666412353516,12.050000190734863,7162644
2023-12-29,12.133333206176758,12.366665840148926,11.949999809265137,12.0,11287836
2024-01-01,12.050000190734863,12.333333015441895,11.983332633972168,12.100000381469727,7186089
2024-01-02,12.183333396911621,12.666666030883789,12.016666412353516,12.433333396911621,24708948
2024-01-03,12.550000190734863,12.666666030883789,12.333333015441895,12.566665649414062,18882573
2024-01-04,12.816665649414062,12.833333015441895,12.600000381469727,12.633333206176758,11507133
2024-01-05,12.699999809265137,12.75,12.366665840148926,12.649999618530273,12558348
2024-01-08,13.033332824707031,13.033332824707031,12.466666221618652,12.5,8905377
2024-01-09,12.533332824707031,12.983332633972168,12.333333015441895,12.433333396911621,15850470
2024-01-10,12.433333396911621,12.666666030883789,12.350000381469727,12.516666412353516,11442792
2024-01-11,12.600000381469727,13.716666221618652,12.5,13.550000190734863,73322913
2024-01-12,13.566665649414062,13.600000381469727,12.933333396911621,13.0,25724061
2024-01-15,13.133333206176758,13.966666221618652,12.75,13.399999618530273,45247035
2024-01-16,13.566665649414062,13.649999618530273,12.883333206176758,13.133333206176758,20413224
2024-01-17,12.933333396911621,13.116665840148926,12.666666030883789,12.916666030883789,13266963
2024-01-18,12.933333396911621,13.166666030883789,12.466666221618652,12.933333396911621,11083341
2024-01-19,13.233332633972168,13.833333015441895,13.066665649414062,13.550000190734863,36836928
2024-01-23,16.816665649414062,16.833332061767578,14.800000190734863,15.199999809265137,114392226
2024-01-24,15.433333396911621,16.083332061767578,14.75,15.350000381469727,162861927
2024-01-25,15.666666030883789,15.933333396911621,14.899999618530273,15.083333015441895,100595442
2024-01-29,16.03333282470703,16.03333282470703,15.0,15.133333206176758,108367227
2024-01-30,15.266666412353516,15.266666412353516,14.666666030883789,14.699999809265137,44040237
2024-01-31,14.666666030883789,15.75,14.600000381469727,15.033332824707031,63026529
2024-02-01,15.033332824707031,15.300000190734863,14.683333396911621,14.716666221618652,48419094
2024-02-02,14.833333015441895,15.149999618530273,14.666666030883789,14.699999809265137,46948698
2024-02-05,14.833333015441895,14.949999809265137,14.399999618530273,14.483332633972168,20764596
2024-02-06,14.583333015441895,15.166666030883789,14.116665840148926,14.833333015441895,19532508
2024-02-07,14.899999618530273,15.100000381469727,14.566665649414062,14.666666030883789,33511155
2024-02-08,14.666666030883789,14.766666412353516,14.366665840148926,14.399999618530273,9727842
2024-02-09,14.416666030883789,14.75,13.783332824707031,14.216666221618652,18684426
2024-02-12,14.300000190734863,14.516666412353516,13.416666030883789,13.566665649414062,17623971
2024-02-13,13.566665649414062,13.699999809265137,13.133333206176758,13.366665840148926,15618705
2024-02-14,13.183333396911621,14.216666221618652,13.050000190734863,14.100000381469727,11864034
2024-02-15,14.283332824707031,14.433333396911621,13.283332824707031,13.399999618530273,35651940
2024-02-16,13.5,13.766666412353516,13.0,13.133333206176758,44464041
2024-02-19,13.199999809265137,13.5,12.850000381469727,13.066665649414062,37877547
2024-02-20,13.149999618530273,14.883333206176758,13.0,14.433333396911621,99457011
2024-02-21,14.566665649414062,15.100000381469727,14.333333015441895,14.449999809265137,42340959
2024-02-22,14.550000190734863,14.916666030883789,14.050000190734863,14.699999809265137,28254357
2024-02-23,14.833333015441895,15.0,14.166666030883789,14.199999809265137,35465211
2024-02-26,14.300000190734863,14.466666221618652,14.0,14.083333015441895,10704660
2024-02-27,14.133333206176758,14.366665840148926,14.0,14.050000190734863,8910717
2024-02-28,14.149999618530273,14.199999809265137,13.516666412353516,13.550000190734863,11600823
2024-02-29,13.583333015441895,13.600000381469727,12.933333396911621,13.350000381469727,27087033
2024-03-01,13.449999809265137,13.75,13.383333206176758,13.466666221618652,21653721
2024-03-04,13.516666412353516,13.733332633972168,12.466666221618652,13.066665649414062,10187199
2024-03-05,13.0,13.233332633972168,12.883333206176758,13.183333396911621,10990179
2024-03-06,13.199999809265137,13.666666030883789,12.633333206176758,13.416666030883789,24536166
2024-03-07,13.833333015441895,13.983332633972168,13.600000381469727,13.899999618530273,15482001
2024-03-11,14.133333206176758,14.300000190734863,13.550000190734863,13.633333206176758,13960002
2024-03-12,13.666666030883789,13.766666412353516,12.666666030883789,12.783332824707031,21056436
2024-03-13,12.966666221618652,12.983332633972168,11.016666412353516,11.25,27288660
2024-03-14,11.25,13.5,10.833333015441895,13.399999618530273,37952406
2024-03-15,13.366665840148926,13.466666221618652,12.550000190734863,12.783332824707031,27542826
2024-03-18,12.966666221618652,13.133333206176758,12.550000190734863,12.75,35627754
2024-03-19,13.649999618530273,15.300000190734863,13.649999618530273,15.25,91409658
2024-03-20,15.149999618530273,15.149999618530273,13.149999618530273,13.350000381469727,35203803
2024-03-21,13.949999809265137,14.649999618530273,13.550000190734863,14.100000381469727,48151794
2024-03-22,14.050000190734863,14.350000381469727,13.25,13.25,43209274
2024-03-26,13.350000381469727,13.5,12.800000190734863,12.949999809265137,30106749
2024-03-27,12.850000381469727,14.75,12.600000381469727,14.149999618530273,73266743
2024-03-28,14.199999809265137,14.550000190734863,13.699999809265137,14.399999618530273,36677025
2024-04-01,14.399999618530273,14.699999809265137,14.100000381469727,14.300000190734863,7771270
2024-04-02,14.300000190734863,14.449999809265137,13.899999618530273,14.0,9324784
2024-04-03,14.149999618530273,14.300000190734863,13.800000190734863,13.850000381469727,16428285
2024-04-04,13.5,13.649999618530273,13.100000381469727,13.350000381469727,12920256
2024-04-05,13.25,13.300000190734863,13.0,13.149999618530273,8426575
2024-04-08,13.25,13.699999809265137,13.0,13.300000190734863,10731991
2024-04-09,13.300000190734863,13.300000190734863,12.800000190734863,12.899999618530273,14855482
2024-04-10,13.050000190734863,13.050000190734863,12.699999809265137,12.800000190734863,6938081
2024-04-12,12.899999618530273,12.899999618530273,12.449999809265137,12.649999618530273,10949095
2024-04-15,12.399999618530273,12.399999618530273,12.0,12.149999618530273,8543042
2024-04-16,12.100000381469727,12.399999618530273,11.699999809265137,12.0,14712593
2024-04-18,12.100000381469727,12.649999618530273,12.0,12.25,12473548
2024-04-19,12.25,12.449999809265137,11.949999809265137,12.25,5684018
2024-04-22,12.300000190734863,13.100000381469727,12.149999618530273,12.800000190734863,31407547
2024-04-23,13.350000381469727,13.800000190734863,13.300000190734863,13.649999618530273,50395206
2024-04-24,14.399999618530273,14.399999618530273,13.850000381469727,14.0,33035959
2024-04-25,14.0,14.149999618530273,13.649999618530273,13.75,19929073
2024-04-26,13.850000381469727,13.949999809265137,13.649999618530273,13.699999809265137,12543383
2024-04-29,13.850000381469727,13.899999618530273,13.449999809265137,13.5,13118197
2024-04-30,13.600000381469727,13.600000381469727,13.149999618530273,13.300000190734863,9357875
2024-05-02,13.350000381469727,13.399999618530273,12.850000381469727,12.949999809265137,20244742
2024-05-03,13.0,13.199999809265137,12.899999618530273,13.050000190734863,9593075
2024-05-06,13.199999809265137,13.199999809265137,12.699999809265137,12.800000190734863,9870997
2024-05-07,12.800000190734863,12.850000381469727,12.149999618530273,12.25,13794493
2024-05-08,12.300000190734863,12.75,12.050000190734863,12.600000381469727,9990204
2024-05-09,12.600000381469727,12.699999809265137,12.199999809265137,12.300000190734863,5706210
2024-05-10,12.350000381469727,12.449999809265137,12.050000190734863,12.300000190734863,6649504
2024-05-13,12.399999618530273,12.399999618530273,12.0,12.100000381469727,5343592
2024-05-14,12.25,12.649999618530273,12.149999618530273,12.350000381469727,7227486
2024-05-15,12.449999809265137,12.600000381469727,12.399999618530273,12.5,5563266
2024-05-16,12.600000381469727,13.100000381469727,12.5,12.800000190734863,10073204
2024-05-17,12.899999618530273,13.25,12.800000190734863,12.850000381469727,8671292
2024-05-21,13.100000381469727,13.100000381469727,12.649999618530273,12.699999809265137,6106780
2024-05-22,12.75,12.850000381469727,12.5,12.649999618530273,4861059
2024-05-23,12.600000381469727,12.800000190734863,12.600000381469727,12.649999618530273,4405775
2024-05-24,12.699999809265137,12.75,12.399999618530273,12.449999809265137,4517797
2024-05-27,12.5,12.600000381469727,12.199999809265137,12.25,6140903
2024-05-28,12.350000381469727,12.350000381469727,12.100000381469727,12.199999809265137,4514646
2024-05-29,12.199999809265137,12.350000381469727,11.949999809265137,12.0,16781114
2024-05-30,12.0,12.0,11.75,11.850000381469727,6350770
2024-05-31,11.850000381469727,12.25,11.800000190734863,11.899999618530273,7824152
2024-06-03,12.5,12.550000190734863,11.75,11.850000381469727,8162558
2024-06-04,11.850000381469727,11.850000381469727,9.899999618530273,10.850000381469727,13116418
2024-06-05,11.100000381469727,11.699999809265137,10.5,11.050000190734863,14333197
2024-06-06,11.199999809265137,11.800000190734863,11.149999618530273,11.649999618530273,6988748
2024-06-07,11.75,11.899999618530273,11.600000381469727,11.699999809265137,5469061
2024-06-10,11.850000381469727,11.890000343322754,11.569999694824219,11.630000114440918,4011013
2024-06-11,11.720000267028809,12.479999542236328,11.609999656677246,12.40999984741211,16063800
2024-06-12,12.489999771118164,12.59000015258789,11.760000228881836,12.15999984741211,6891149
2024-06-13,12.199999809265137,12.350000381469727,12.119999885559082,12.15999984741211,3946282
2024-06-14,12.25,12.300000190734863,12.050000190734863,12.109999656677246,4531160
2024-06-18,12.199999809265137,12.25,11.850000381469727,11.890000343322754,7269039
2024-06-19,11.979999542236328,12.100000381469727,11.770000457763672,11.890000343322754,5285275
2024-06-20,11.930000305175781,12.039999961853027,11.859999656677246,11.930000305175781,4634751
2024-06-21,11.989999771118164,12.079999923706055,11.84000015258789,11.90999984741211,6309495
2024-06-24,11.930000305175781,11.970000267028809,11.770000457763672,11.829999923706055,4818048
2024-06-25,11.869999885559082,12.0,11.720000267028809,11.75,4176605
2024-06-26,11.800000190734863,11.8100004196167,11.569999694824219,11.609999656677246,3782119
2024-06-27,11.600000381469727,11.680000305175781,11.369999885559082,11.449999809265137,3851324
2024-06-28,11.539999961853027,11.59000015258789,11.369999885559082,11.430000305175781,2896023
2024-07-01,11.5,11.670000076293945,11.359999656677246,11.399999618530273,4659206
2024-07-02,11.5,11.640000343322754,11.399999618530273,11.40999984741211,4624549
2024-07-03,11.479999542236328,11.75,11.390000343322754,11.449999809265137,6344864
2024-07-04,11.520000457763672,11.539999961853027,11.0,11.25,40646823
2024-07-05,11.1899995803833,11.229999542236328,10.75,11.029999732971191,31411765
2024-07-08,11.09000015258789,11.34000015258789,10.920000076293945,11.239999771118164,11987737
2024-07-09,11.239999771118164,11.449999809265137,10.539999961853027,10.699999809265137,62646712
2024-07-10,10.760000228881836,10.880000114440918,10.600000381469727,10.819999694824219,8941686
2024-07-11,10.899999618530273,11.029999732971191,10.609999656677246,10.649999618530273,16961877
2024-07-12,10.720000267028809,11.069999694824219,10.619999885559082,10.84000015258789,11949283
2024-07-15,10.90999984741211,10.930000305175781,10.510000228881836,10.600000381469727,14139467
2024-07-16,10.6899995803833,10.789999961853027,10.489999771118164,10.510000228881836,12102735
2024-07-18,10.579999923706055,10.789999961853027,10.390000343322754,10.510000228881836,19498656
2024-07-19,10.569999694824219,10.569999694824219,10.3100004196167,10.359999656677246,5958158
2024-07-22,10.300000190734863,10.479999542236328,10.0600004196167,10.180000305175781,9528961
2024-07-23,10.199999809265137,10.399999618530273,10.0,10.199999809265137,17172477
2024-07-24,10.279999732971191,10.529999732971191,10.229999542236328,10.25,13049157
2024-07-25,10.199999809265137,10.470000267028809,10.170000076293945,10.210000038146973,10382626
2024-07-26,10.210000038146973,10.539999961853027,10.1899995803833,10.199999809265137,23344538
2024-07-29,10.279999732971191,10.520000457763672,10.210000038146973,10.449999809265137,11982498
2024-07-30,10.520000457763672,10.720000267028809,10.479999542236328,10.680000305175781,12171195
2024-07-31,10.779999732971191,10.829999923706055,10.289999961853027,10.300000190734863,36378356
2024-08-01,10.34000015258789,12.359999656677246,10.34000015258789,11.100000381469727,178218384
2024-08-02,11.140000343322754,11.789999961853027,10.90999984741211,11.619999885559082,47981424
2024-08-05,11.300000190734863,11.350000381469727,10.850000381469727,11.020000457763672,24229935
2024-08-06,11.140000343322754,11.350000381469727,10.579999923706055,10.699999809265137,19340631
2024-08-07,10.880000114440918,11.149999618530273,10.619999885559082,11.079999923706055,18698506
2024-08-08,11.180000305175781,11.199999809265137,10.90999984741211,10.979999542236328,18129580
2024-08-09,11.0,11.09000015258789,10.720000267028809,10.850000381469727,11817030
2024-08-12,11.0,11.100000381469727,10.710000038146973,11.020000457763672,16666564
2024-08-13,11.09000015258789,11.100000381469727,10.8100004196167,10.890000343322754,9489813
2024-08-14,10.979999542236328,10.989999771118164,10.609999656677246,10.729999542236328,7615356
2024-08-16,10.510000228881836,10.729999542236328,10.5,10.5600004196167,8477248
2024-08-19,11.100000381469727,11.350000381469727,11.0,11.210000038146973,19897788
2024-08-20,11.479999542236328,11.479999542236328,11.029999732971191,11.130000114440918,10703252
2024-08-21,11.229999542236328,11.25,11.079999923706055,11.170000076293945,11083198
2024-08-22,11.239999771118164,11.479999542236328,11.170000076293945,11.199999809265137,16396011
2024-08-23,11.399999618530273,11.609999656677246,11.199999809265137,11.289999961853027,14689931
2024-08-26,11.369999885559082,11.420000076293945,9.989999771118164,10.079999923706055,271655779
2024-08-27,10.180000305175781,10.649999618530273,10.140000343322754,10.399999618530273,53490863
2024-08-28,10.699999809265137,10.770000457763672,10.34000015258789,10.5,80028997
2024-08-29,10.539999961853027,10.59000015258789,10.399999618530273,10.489999771118164,20920099
2024-08-30,10.5,10.529999732971191,10.34000015258789,10.369999885559082,12952445
2024-09-02,10.649999618530273,10.6899995803833,10.399999618530273,10.520000457763672,39215026
2024-09-03,10.550000190734863,11.050000190734863,10.369999885559082,10.539999961853027,112299722
2024-09-04,10.539999961853027,12.470000267028809,10.5,11.5600004196167,281449233
2024-09-05,11.890000343322754,13.869999885559082,11.84000015258789,13.869999885559082,404376437
2024-09-06,14.739999771118164,16.639999389648438,14.4399995803833,16.520000457763672,454938464
2024-09-09,16.850000381469727,17.549999237060547,14.859999656677246,14.859999656677246,229728507
2024-09-10,14.300000190734863,14.739999771118164,13.5600004196167,14.079999923706055,133967538
2024-09-11,14.359999656677246,15.479999542236328,14.359999656677246,15.479999542236328,170156909
2024-09-12,16.15999984741211,16.780000686645508,15.5600004196167,15.970000267028809,137025210
2024-09-13,16.190000534057617,16.959999084472656,15.5,16.25,220076175
2024-09-16,16.469999313354492,16.93000030517578,15.899999618530273,16.139999389648438,151172744
2024-09-17,16.3799991607666,16.469999313354492,15.5,15.65999984741211,113353160
2024-09-18,15.890000343322754,16.31999969482422,15.279999732971191,15.989999771118164,135064838
2024-09-19,16.09000015258789,16.219999313354492,14.949999809265137,15.399999618530273,101693024
2024-09-20,15.5,15.720000267028809,15.010000228881836,15.239999771118164,60060102
2024-09-23,15.380000114440918,15.380000114440918,14.75,14.890000343322754,46284312
2024-09-24,14.949999809265137,14.949999809265137,14.600000381469727,14.84000015258789,34534960
2024-09-25,14.899999618530273,14.949999809265137,14.0,14.289999961853027,36515993
2024-09-26,14.180000305175781,15.710000038146973,13.869999885559082,15.3100004196167,90301289
2024-09-27,15.489999771118164,15.489999771118164,14.75,14.899999618530273,40008466
2024-09-30,14.899999618530273,14.9399995803833,14.300000190734863,14.479999542236328,27085903
2024-10-01,14.5,15.029999732971191,14.479999542236328,14.84000015258789,25374046
2024-10-03,14.350000381469727,14.920000076293945,14.149999618530273,14.619999885559082,32458754
2024-10-04,14.619999885559082,14.739999771118164,14.020000457763672,14.279999732971191,23512984
2024-10-07,14.289999961853027,14.609999656677246,13.34000015258789,13.720000267028809,36905647
2024-10-08,13.699999809265137,14.5,13.40999984741211,14.3100004196167,31909902
2024-10-09,14.579999923706055,14.699999809265137,14.279999732971191,14.430000305175781,22873125
2024-10-10,14.479999542236328,14.579999923706055,14.15999984741211,14.260000228881836,14222965
2024-10-11,14.34000015258789,14.579999923706055,14.210000038146973,14.359999656677246,18085138
2024-10-14,14.550000190734863,14.569999694824219,14.050000190734863,14.199999809265137,14234783
2024-10-15,14.199999809265137,14.279999732971191,14.0,14.050000190734863,13225103
2024-10-16,13.989999771118164,14.09000015258789,13.800000190734863,13.930000305175781,12598019
2024-10-17,13.819999694824219,14.039999961853027,13.609999656677246,13.710000038146973,14160756
2024-10-18,13.600000381469727,13.899999618530273,13.3100004196167,13.739999771118164,15217423
2024-10-21,14.0,14.0,12.550000190734863,12.960000038146973,21901802
2024-10-22,12.859999656677246,13.119999885559082,12.260000228881836,12.40999984741211,27356368
2024-10-23,12.40999984741211,12.789999961853027,12.130000114440918,12.5600004196167,23428286
2024-10-24,12.699999809265137,12.75,12.199999809265137,12.270000457763672,14681399
2024-10-25,12.319999694824219,12.399999618530273,11.699999809265137,11.9399995803833,22046646
2024-10-28,12.0,12.220000267028809,11.670000076293945,12.100000381469727,22931544
2024-10-29,12.25,12.430000305175781,11.859999656677246,12.34000015258789,24533138
2024-10-30,12.59000015258789,13.569999694824219,12.270000457763672,13.569999694824219,44242738
2024-10-31,13.569999694824219,14.399999618530273,13.5,13.65999984741211,49168325
2024-11-01,13.880000114440918,14.350000381469727,13.770000457763672,14.039999961853027,9757650
2024-11-04,14.050000190734863,14.149999618530273,13.210000038146973,13.319999694824219,20292900
2024-11-05,13.449999809265137,13.649999618530273,13.109999656677246,13.430000305175781,19066469
2024-11-06,13.890000343322754,13.890000343322754,13.5,13.75,17225149
2024-11-07,13.850000381469727,14.399999618530273,13.800000190734863,13.890000343322754,24035613
2024-11-08,13.9399995803833,14.010000228881836,13.449999809265137,13.59000015258789,13304367
2024-11-11,13.539999961853027,13.649999618530273,13.069999694824219,13.199999809265137,13031858
2024-11-12,13.199999809265137,13.350000381469727,13.0,13.069999694824219,12964827
2024-11-13,13.050000190734863,13.199999809265137,12.510000228881836,12.619999885559082,17080841
2024-11-14,12.65999984741211,13.0,12.65999984741211,12.84000015258789,14443803
2024-11-18,12.380000114440918,12.449999809265137,11.680000305175781,12.09000015258789,20758421
2024-11-19,12.149999618530273,12.600000381469727,12.109999656677246,12.289999961853027,14320014
2024-11-21,12.220000267028809,12.220000267028809,11.949999809265137,11.979999542236328,11791684
2024-11-22,12.069999694824219,12.289999961853027,11.890000343322754,11.970000267028809,13417859
2024-11-25,12.300000190734863,12.399999618530273,12.100000381469727,12.170000076293945,10343621
2024-11-26,12.1899995803833,12.34000015258789,12.079999923706055,12.229999542236328,7492402
2024-11-27,12.289999961853027,12.710000038146973,12.149999618530273,12.40999984741211,15149255
2024-11-28,12.40999984741211,12.699999809265137,12.300000190734863,12.420000076293945,12438937
2024-11-29,12.40999984741211,12.479999542236328,12.25,12.300000190734863,8108967
2024-12-02,12.289999961853027,13.529999732971191,12.0600004196167,13.529999732971191,42989909
2024-12-03,13.890000343322754,14.1899995803833,13.5,13.670000076293945,38158446
2024-12-04,13.75,13.75,13.3100004196167,13.420000076293945,14407134
2024-12-05,13.529999732971191,13.5600004196167,13.319999694824219,13.399999618530273,12894813
2024-12-06,13.489999771118164,13.850000381469727,13.300000190734863,13.6899995803833,16240159
2024-12-09,13.699999809265137,13.880000114440918,13.420000076293945,13.470000267028809,10657094
2024-12-10,13.510000228881836,14.199999809265137,13.029999732971191,13.520000457763672,26333572
2024-12-11,13.539999961853027,13.550000190734863,13.329999923706055,13.359999656677246,7511709
2024-12-12,13.359999656677246,13.489999771118164,13.079999923706055,13.239999771118164,9080062
2024-12-13,13.0,13.199999809265137,12.90999984741211,13.119999885559082,8844191
2024-12-16,13.09000015258789,13.210000038146973,12.850000381469727,12.970000267028809,8121529
2024-12-17,12.970000267028809,13.0,12.800000190734863,12.84000015258789,6882409
2024-12-18,12.800000190734863,12.829999923706055,12.550000190734863,12.600000381469727,7880469
2024-12-19,12.380000114440918,12.600000381469727,12.359999656677246,12.5600004196167,6695636
2024-12-20,12.5600004196167,12.680000305175781,12.029999732971191,12.220000267028809,8943224
2024-12-23,12.220000267028809,12.40999984741211,12.0600004196167,12.239999771118164,8178856
2024-12-24,12.329999923706055,12.329999923706055,12.100000381469727,12.149999618530273,6127332
2024-12-26,12.149999618530273,12.25,12.0,12.039999961853027,5707550
2024-12-27,12.079999923706055,12.239999771118164,12.039999961853027,12.170000076293945,5526205
2024-12-30,12.170000076293945,12.1899995803833,11.949999809265137,12.020000457763672,6181184
2024-12-31,12.020000457763672,12.119999885559082,11.850000381469727,12.039999961853027,5584446
2025-01-01,12.1899995803833,12.5600004196167,11.930000305175781,12.359999656677246,7289296
2025-01-02,12.420000076293945,12.5,12.130000114440918,12.319999694824219,7385365
2025-01-03,12.34000015258789,12.470000267028809,12.220000267028809,12.270000457763672,5265242
2025-01-06,12.239999771118164,12.239999771118164,11.529999732971191,11.670000076293945,11082181
2025-01-07,11.739999771118164,12.100000381469727,11.699999809265137,11.989999771118164,7068342
2025-01-08,12.100000381469727,12.100000381469727,11.800000190734863,11.859999656677246,6921649
2025-01-09,12.050000190734863,12.65999984741211,11.819999694824219,12.0600004196167,23092075
2025-01-10,12.0600004196167,12.0600004196167,11.619999885559082,11.670000076293945,8191455
2025-01-13,11.779999732971191,11.779999732971191,10.899999618530273,10.979999542236328,9107580
2025-01-14,11.100000381469727,11.489999771118164,11.050000190734863,11.390000343322754,7155109
2025-01-15,11.470000267028809,12.25,11.300000190734863,11.829999923706055,14818086
2025-01-16,11.850000381469727,12.100000381469727,11.640000343322754,11.779999732971191,6835370
2025-01-17,11.779999732971191,12.0,11.729999542236328,11.779999732971191,5662675
2025-01-20,11.779999732971191,12.0,11.760000228881836,11.890000343322754,5988744
2025-01-21,11.9399995803833,13.449999809265137,11.890000343322754,12.800000190734863,99000049
2025-01-22,12.710000038146973,12.720000267028809,12.039999961853027,12.170000076293945,16165432
2025-01-23,12.170000076293945,13.199999809265137,11.899999618530273,12.699999809265137,64026127
2025-01-24,12.699999809265137,12.930000305175781,12.180000305175781,12.289999961853027,11438413
2025-01-27,12.050000190734863,12.130000114440918,11.699999809265137,11.779999732971191,8558961
2025-01-28,11.800000190734863,12.119999885559082,11.399999618530273,11.699999809265137,11167772
2025-01-29,11.739999771118164,12.350000381469727,11.729999542236328,11.979999542236328,23115510
2025-01-30,12.109999656677246,12.260000228881836,11.75,11.850000381469727,8480532
2025-01-31,11.890000343322754,12.109999656677246,11.75,12.050000190734863,7149228
2025-02-01,12.170000076293945,12.199999809265137,11.609999656677246,11.979999542236328,13304636
2025-02-03,11.90999984741211,12.069999694824219,11.699999809265137,11.770000457763672,5865340
2025-02-04,11.800000190734863,11.9399995803833,11.739999771118164,11.84000015258789,7338782
2025-02-05,11.850000381469727,11.979999542236328,11.75,11.779999732971191,6729623
2025-02-06,11.859999656677246,11.899999618530273,11.760000228881836,11.800000190734863,7146111
2025-02-07,11.800000190734863,11.869999885559082,11.5600004196167,11.770000457763672,5600994
2025-02-10,11.75,11.829999923706055,11.550000190734863,11.609999656677246,4210860
2025-02-11,11.550000190734863,11.59000015258789,11.09000015258789,11.180000305175781,6527071
2025-02-12,11.1899995803833,11.270000457763672,10.649999618530273,11.109999656677246,9850179
2025-02-13,11.239999771118164,11.350000381469727,10.899999618530273,11.130000114440918,7228913
2025-02-14,11.210000038146973,11.25,10.59000015258789,10.670000076293945,8271084
2025-02-17,10.739999771118164,10.8100004196167,10.180000305175781,10.390000343322754,9055903
2025-02-18,10.390000343322754,10.510000228881836,10.050000190734863,10.239999771118164,9094818
2025-02-19,10.1899995803833,10.789999961853027,10.050000190734863,10.699999809265137,7520265
2025-02-20,10.699999809265137,10.920000076293945,10.5,10.850000381469727,5530244
2025-02-21,10.850000381469727,11.149999618530273,10.75,10.819999694824219,5312809
2025-02-24,10.699999809265137,10.699999809265137,10.390000343322754,10.510000228881836,4987377
2025-02-25,10.550000190734863,10.680000305175781,10.449999809265137,10.489999771118164,4333837
2025-02-27,10.489999771118164,10.550000190734863,10.100000381469727,10.180000305175781,3867911
2025-02-28,10.130000114440918,10.199999809265137,9.899999618530273,10.029999732971191,6318073
2025-03-03,10.050000190734863,10.229999542236328,9.359999656677246,9.619999885559082,8568039
2025-03-04,9.5,10.239999771118164,9.489999771118164,9.9399995803833,7083991
2025-03-05,9.949999809265137,10.25,9.949999809265137,10.069999694824219,5728179
2025-03-06,10.09000015258789,10.380000114440918,10.079999923706055,10.3100004196167,5729212
2025-03-07,10.350000381469727,10.550000190734863,10.25,10.350000381469727,6406234
2025-03-10,10.350000381469727,10.470000267028809,9.90999984741211,9.970000267028809,5625242
2025-03-11,9.989999771118164,10.119999885559082,9.800000190734863,9.90999984741211,5040386
2025-03-12,9.90999984741211,10.039999961853027,9.859999656677246,9.890000343322754,3418043
2025-03-13,9.970000267028809,10.010000228881836,9.649999618530273,9.729999542236328,4265782
2025-03-17,9.920000076293945,9.920000076293945,9.600000381469727,9.680000305175781,5123330
2025-03-18,9.680000305175781,9.680000305175781,9.680000305175781,9.680000305175781,0
2025-03-19,10.130000114440918,10.239999771118164,9.989999771118164,10.079999923706055,8183211
2025-03-20,10.149999618530273,10.460000038146973,10.149999618530273,10.199999809265137,10169273
2025-03-21,10.25,10.399999618530273,10.199999809265137,10.25,5172416
2025-03-24,10.289999961853027,10.479999542236328,10.210000038146973,10.25,7465931
2025-03-25,10.380000114440918,10.40999984741211,9.800000190734863,9.869999885559082,8102753
2025-03-26,9.960000038146973,10.029999732971191,9.630000114440918,9.649999618530273,7301875
2025-03-27,9.529999732971191,9.75,9.5,9.520000457763672,7634804
2025-03-28,9.619999885559082,9.75,9.359999656677246,9.380000114440918,10177830
2025-04-01,9.40999984741211,10.020000457763672,9.260000228881836,9.829999923706055,10603868
2025-04-02,9.920000076293945,10.0,9.710000038146973,9.84000015258789,5012157
2025-04-03,9.75,9.989999771118164,9.649999618530273,9.960000038146973,5224121
2025-04-04,9.960000038146973,9.960000038146973,9.569999694824219,9.630000114440918,4007541
2025-04-07,8.739999771118164,9.489999771118164,8.5,9.260000228881836,7861592
2025-04-08,9.5,9.649999618530273,9.319999694824219,9.369999885559082,3920337
2025-04-09,9.399999618530273,9.479999542236328,9.109999656677246,9.199999809265137,3091379
2025-04-11,9.699999809265137,9.699999809265137,9.15999984741211,9.279999732971191,6620970
2025-04-15,9.470000267028809,9.8100004196167,9.399999618530273,9.739999771118164,6191346
2025-04-16,9.779999732971191,9.84000015258789,9.649999618530273,9.760000228881836,4549348
2025-04-17,9.720000267028809,9.979999542236328,9.670000076293945,9.850000381469727,4795856
2025-04-21,10.0,10.75,9.859999656677246,10.180000305175781,16941019
2025-04-22,10.289999961853027,10.600000381469727,10.1899995803833,10.420000076293945,9026969
2025-04-23,10.489999771118164,10.75,10.199999809265137,10.359999656677246,22179970
2025-04-24,10.350000381469727,10.600000381469727,10.25,10.4399995803833,12234138
2025-04-25,10.449999809265137,10.520000457763672,9.930000305175781,10.300000190734863,12840103
2025-04-28,10.270000457763672,10.279999732971191,10.010000228881836,10.09000015258789,4474345
2025-04-29,10.180000305175781,10.350000381469727,9.75,9.9399995803833,13133493
