Date,Open,High,Low,Close,Volume
2020-01-01,19.238915980059296,19.447581019287654,19.15545123795828,19.19718360900879,3128543
2020-01-02,19.238914631952312,19.94837603401301,19.113715935585788,19.823177337646484,7744461
2020-01-03,19.697979320658522,21.11690058173037,19.697979320658522,20.908235549926758,17976269
2020-01-06,20.57437230186515,20.699571005497567,19.739712154998507,19.906644821166992,7947042
2020-01-07,20.15704202474339,20.90823583093492,20.031843322376115,20.49090576171875,8533366
2020-01-08,20.031843033083867,21.36729955368703,20.031843033083867,21.033435821533203,11722066
2020-01-09,21.200366619844864,21.78462933761518,21.075167920890603,21.45076560974121,11073581
2020-01-10,21.450767083809602,21.617698163223952,20.86650432588952,20.991703033447266,4860518
2020-01-13,21.0334396878067,21.701167274853074,20.99170571862371,21.20037078857422,5131600
2020-01-14,21.28383322265161,21.534230623770018,20.949969490497782,21.033435821533203,3928384
2020-01-15,21.075170516967773,21.24210319746174,20.657840407720887,21.075170516967773,4155222
2020-01-16,21.20036663906699,21.53423036724367,21.075167939999215,21.325565338134766,3815379
2020-01-17,21.24210319746174,21.49250062621466,20.99170417672079,21.075170516967773,2151335
2020-01-20,21.11690058173037,21.45076590620643,20.866503180361175,20.908235549926758,2491306
2020-01-21,20.86650462843494,21.033437302257603,20.36570819895491,20.574373245239258,3180114
2020-01-22,20.657839966467506,20.991703728336052,20.407442543063098,20.74130630493164,1924584
2020-01-23,20.616104313540653,22.327156815908648,20.574370354953786,22.243690490722656,11935052
2020-01-24,22.368889848749244,22.535822504093197,21.826361106863075,21.99329376220703,7161131
2020-01-27,21.86809730529785,22.410626102721892,21.617698296648946,21.86809730529785,4842561
2020-01-28,22.03502853992758,22.95315506075539,21.784631121514526,22.619291305541992,14421129
2020-01-29,22.95315353701309,24.37207639245995,22.744488504858424,24.12167739868164,31156514
2020-01-30,24.03821158139667,24.45554165462917,22.78622136169918,22.99488639831543,17407115
2020-01-31,23.370484020916816,23.412216391301868,22.368891211796655,22.82795524597168,7518586
2020-02-03,20.824770948309684,21.075168351332348,19.906644483913475,20.031843185424805,8842216
2020-02-04,20.365707786709727,20.657839163992048,20.240509079870996,20.53264045715332,4282295
2020-02-05,20.78303912209735,21.3673019118382,20.61610803359141,21.075170516967773,4220226
2020-02-06,21.158634522092406,21.492498254246232,20.991701860021568,21.033435821533203,3176136
2020-02-07,21.033436579404185,21.158635284474514,20.783037577275618,20.949970245361328,1873970
2020-02-10,20.949969769932157,21.1169008422417,20.53263970117649,20.616106033325195,2429681
2020-02-11,20.824772255973254,20.991703337807955,20.532640872777574,20.574373245239258,2179747
2020-02-12,20.82476974585499,20.949968440137155,19.405846965356403,19.948375701904297,7029501
2020-02-13,19.364115935568755,20.15704211545512,19.030250605103042,19.3223819732666,13161671
2020-02-14,19.531046928164002,19.781445924979312,19.11371685879303,19.15545082092285,5603644
2020-02-17,19.23891466387001,19.40584732062752,18.57118722081558,18.654653549194336,3797942
2020-02-18,18.654653219093355,19.1554495885163,18.2790555440292,18.77985191345215,5523476
2020-02-19,18.82158779250116,19.739714375742498,18.445991639348836,19.489316940307617,11473042
2020-02-20,19.697980880737305,20.365708398597697,19.531048205278218,19.697980880737305,9653258
2020-02-24,19.656245630577722,19.864910665263206,18.98851815637931,19.15545082092285,4677013
2020-02-25,19.07198443102769,19.40584816711817,18.73812069493721,18.863319396972656,3921926
2020-02-26,18.821585774251115,19.030250812067592,18.61292073643464,18.738121032714844,2658612
2020-02-27,18.738121326687057,18.738121326687057,18.279057281096062,18.320791244506836,5259383
2020-02-28,17.861724335300615,17.945190656752814,17.277463269110566,17.527860641479492,5855450
2020-03-02,18.1538591031675,18.23732544043023,16.442806353227358,16.90186882019043,6582003
2020-03-03,16.901869168412144,17.068801846376846,16.35934035300886,16.776670455932617,6739498
2020-03-04,16.901867585839767,17.027066286596565,16.150673789311128,16.651470184326172,3499500
2020-03-05,16.776667388786336,17.152263457557638,16.484536051750183,16.693201065063477,3229172
2020-03-06,15.942008351807464,16.275872075994403,15.608144627620527,15.81680965423584,5867345
2020-03-09,15.691609919821227,15.691609919821227,14.773485043822266,14.982150077819824,6152773
2020-03-11,15.107349966843403,15.399481355791059,14.85695095117913,14.940417289733887,3406637
2020-03-12,13.271096229553223,13.688426309677462,13.020698818273845,13.271096229553223,6059064
2020-03-13,11.685241923612706,14.731751106728446,10.641916751861572,14.18922233581543,7225815
2020-03-16,13.93882536378022,14.10575644124597,13.062431237130323,13.563227653503418,2622898
2020-03-17,13.73015988187253,14.064023618066503,13.104163983519443,13.31282901763916,2821154
2020-03-18,13.56322751610087,13.56322751610087,11.852174039486277,12.019105911254883,5142938
2020-03-19,11.685241498473504,11.893906525231959,11.351377774057537,11.601775169372559,4452318
2020-03-20,11.685242038403397,12.352970314082379,11.267911965603275,11.560043334960938,6691900
2020-03-23,10.641916463459584,11.059246520850156,9.264727592468262,9.264727592468262,7943671
2020-03-24,9.765522971044694,9.974187995195196,8.346600966020063,9.18126106262207,4680658
2020-03-25,8.889131784736723,9.807258423645886,8.763933059428238,9.72379207611084,3132468
2020-03-26,9.974189465376133,10.683650970458984,9.640325695921858,10.683650970458984,5289293
2020-03-27,11.05924731609868,11.560043739376209,10.558450892821151,10.64191722869873,7236014
2020-03-30,10.433251759069538,10.808848663197253,9.807256653525366,10.391518592834473,3425619
2020-03-31,10.60018463009841,11.059247910093548,10.60018463009841,10.683650970458984,4045070
2020-04-01,10.600183689924291,11.726975204882198,10.516718152960634,11.560043334960938,6632915
2020-04-03,11.935640506022539,12.686834335327148,11.518310423965765,12.686834335327148,10235316
2020-04-07,13.855358323151092,13.938824653625488,13.145896902100482,13.938824653625488,6364057
2020-04-08,14.523086741713321,14.606553077697754,14.272689325747965,14.606553077697754,2258328
2020-04-09,15.316014289855957,15.316014289855957,15.316014289855957,15.316014289855957,737109
2020-04-13,16.067207795806965,16.067207795806965,14.564820171176013,14.648284912109375,14742490
2020-04-15,14.230953336723191,14.648283365272116,13.93882359032912,14.02228832244873,8163400
2020-04-16,13.980557222679371,14.690018653869629,13.81362455934477,14.690018653869629,6841223
2020-04-17,15.232548148403916,15.399480819702148,14.439620347719222,15.399480819702148,7166862
2020-04-20,15.775076942141263,15.775076942141263,14.898684397795392,15.399480819702148,6369807
2020-04-21,15.023881620250567,15.023881620250567,14.731750270348138,14.773484230041504,3726834
2020-04-22,14.773485749666621,14.8986844576493,14.189222989763532,14.606553077697754,2962148
2020-04-23,14.856951108796254,15.023883787676755,14.648286056189631,14.731752395629883,2193313
2020-04-24,14.356156224411858,14.731752363081117,14.356156224411858,14.439620971679688,1926076
2020-04-27,14.606552833559494,14.606552833559494,13.813625042942524,14.230955123901367,2293709
2020-04-28,14.272687583544885,14.606551294741424,14.10575493195274,14.397886276245117,2363634
2020-04-29,14.606551836521598,14.773484494305542,14.230954152501633,14.356154441833496,3470020
2020-04-30,14.397887793080072,14.564820462258776,14.189222752600651,14.230955123901367,2861235
2020-05-04,13.897091377531877,14.564820462258776,13.646693965751739,14.230955123901367,4273248
2020-05-05,14.39788708325291,14.439619452496187,13.855358323151092,13.938824653625488,2107324
2020-05-06,13.980558132505186,14.147490806703418,13.646694376096685,13.7301607131958,2327943
2020-05-07,13.771892963508213,13.980558008409853,13.60496029079172,13.81362533569336,1819152
2020-05-08,13.938825563076447,14.022290307008735,13.604960219395522,13.64669418334961,1952530
2020-05-11,14.189222000816544,14.31442070007324,14.189222000816544,14.314420700073242,1157404
2020-05-12,15.023881912231445,15.023881912231445,14.397886832555134,15.023881912231445,12232577
2020-05-13,15.775076866149902,15.775076866149902,15.524679452396702,15.775076866149902,10291017
2020-05-14,15.900274386983154,15.942008347487596,15.023881912231445,15.023881912231445,7924364
2020-05-15,14.856949725216365,14.856949725216365,14.35615491918829,14.690018653869629,3463158
2020-05-18,14.690020283104344,14.856951372965007,14.064025114153774,14.147491455078125,2465703
2020-05-19,14.272688754270478,14.397887457240207,13.521494944464218,13.68842601776123,4350525
2020-05-20,14.189221784049554,14.356154441833496,14.105755455157583,14.356154441833496,8132039
2020-05-21,14.564821308737393,14.940417448236504,14.39788862985689,14.731752395629883,4899684
2020-05-22,14.898683419254938,14.898683419254938,14.105755670649469,14.314420700073242,3636983
2020-05-26,14.439620514099008,14.523086850709861,13.813625377499548,14.105756759643555,2341740
2020-05-27,14.147490723942958,14.189223096254407,13.688426668577248,14.105756759643555,4185932
2020-05-28,14.105756759643555,14.230955468565854,13.938825678409806,14.105756759643555,1987420
2020-05-29,14.022289671540099,14.230954705890326,13.938824931390306,14.18922233581543,2359283
2020-06-01,14.397886679667971,14.856949096427483,14.356154311594485,14.5648193359375,4076173
2020-06-02,14.606553077697754,14.85695049366311,14.481354369715078,14.606553077697754,3476068
2020-06-03,14.731751245030626,14.898683910873125,14.606552541642694,14.648284912109375,3703641
2020-06-04,14.731750400219234,14.731750400219234,14.314420351533206,14.5648193359375,2593706
2020-06-05,15.023880906948817,16.275870982527884,14.940414583512672,15.900273323059082,16952620
2020-06-08,16.77666578684569,17.15226181975274,16.317601846198105,16.56800079345703,13278505
2020-06-09,16.8601336545932,16.90186602031742,15.858540957334863,15.900273323059082,6897426
2020-06-10,15.983738143293571,16.0254720970806,15.441209479962664,15.566408157348633,4043680
2020-06-11,15.649877888671755,16.275873004218624,15.441212850156132,15.524679183959961,4306254
2020-06-12,14.481354337952602,15.399480847791718,14.439620374057949,15.274280548095703,5464606
2020-06-15,15.52467933033904,15.649878036231307,15.149081620674322,15.316014289855957,3290129
2020-06-16,15.566410097213698,15.77507511618972,14.773483980297467,15.190814018249512,3867368
2020-06-17,15.02388328167113,15.357747036199564,14.856950608412934,15.0656156539917,2773024
2020-06-18,15.065615144032849,15.649877888671755,15.065615144032849,15.524679183959961,5519815
2020-06-19,15.900275573026503,16.108940615150146,15.649878159273303,15.775076866149902,5335041
2020-06-22,15.983739646495229,16.108938335655594,15.858540957334863,15.900273323059082,4652693
2020-06-23,16.06720863153905,17.77826138147919,15.900275957013587,16.90186882019043,24144843
2020-06-24,17.319194451258692,17.402660767011668,16.484534477704056,16.56800079345703,8697051
2020-06-25,16.568003031092577,16.77666805266304,16.0672066609259,16.44280433654785,3971732
2020-06-26,16.44280736344972,16.56800608104186,16.10894199388659,16.234142303466797,5306156
2020-06-29,16.19240465909174,16.275870982527884,15.733342268174496,15.900273323059082,4008143
2020-06-30,15.983740516337111,16.31760423626299,15.691609164406541,15.733343124389648,3224501
2020-07-01,15.775076866149902,16.025475871891036,15.608145787643746,15.775076866149902,2883464
2020-07-02,17.86172614599994,17.86172614599994,16.77666863308868,16.943599700927734,19578897
2020-07-03,17.444397582905452,17.444397582905452,16.484538686638047,16.609737396240234,9067068
2020-07-06,16.693202303175237,17.277465020581502,16.526269643348353,16.943599700927734,11569374
2020-07-07,17.06880107412565,17.06880107412565,16.734935733301455,16.860136032104492,6618529
2020-07-08,16.943598444244344,16.98533240209963,16.609734741340617,16.693201065063477,4616051
2020-07-09,16.693201065063477,16.943598444244344,16.609734741340617,16.693201065063477,2743393
2020-07-10,16.65146861095492,16.818399665528315,16.275870952186313,16.40106964111328,4247609
2020-07-13,16.776670421832875,16.860136760645577,16.40107269316972,16.484539031982422,3563639
2020-07-14,16.484537191556072,16.52626956030919,15.90027447708554,15.98374080657959,2852697
2020-07-15,16.108938335655594,16.234138616803666,15.858540957334863,15.900273323059082,2507985
2020-07-16,15.900271827707073,15.983738143293571,15.274276848789667,15.566408157348633,3573303
2020-07-17,15.942007966381178,17.110531768778234,15.775075312329694,16.44280433654785,15923222
2020-07-20,17.027069078844036,17.027069078844036,16.6097389465587,16.73493766784668,6345758
2020-07-21,16.860135237815363,16.860135237815363,16.40107121180279,16.526269912719727,3585301
2020-07-22,16.52626907158582,16.60973539861156,16.150672987951644,16.44280433654785,3135147
2020-07-23,16.359340998917624,16.568006058618135,15.733345819816092,15.942010879516602,5047000
2020-07-24,15.816808059185293,16.77666676642094,15.816808059185293,16.06720542907715,13233898
2020-07-27,16.234137641045848,16.40106868589699,15.942006322571833,16.02547264099121,4928646
2020-07-28,16.15067229336752,16.19240465909174,15.816808591610643,15.900273323059082,3858631
2020-07-29,15.900273323059082,16.025473604207153,15.816808591610643,15.900273323059082,3611093
2020-07-30,16.693204798634007,16.86013748341557,16.10894199388659,16.234142303466797,8609779
2020-07-31,16.234137641045848,16.35933632268111,15.983738685787717,16.02547264099121,2604230
2020-08-03,16.108939504826754,16.234139795061743,15.90027447708554,15.98374080657959,2968581
2020-08-04,16.025477221794418,16.067209596939296,15.858544537238785,15.942010879516602,2608904
2020-08-05,16.025474767320528,16.06720713607364,15.942008437826475,15.98374080657959,2185970
2020-08-06,16.025474767320528,16.192405834320805,15.942008437826475,15.98374080657959,2798660
2020-08-07,15.98374080657959,16.06720713607364,15.90027447708554,15.98374080657959,2335537
2020-08-10,16.067209596939296,16.067209596939296,15.900276912383662,15.942010879516602,2252036
2020-08-11,15.942009774706642,16.359339865185937,15.90027581046594,16.15067481994629,5923255
2020-08-12,16.06720747869501,16.776668906541452,15.983741147421103,16.526269912719727,11710055
2020-08-13,16.69320255391582,16.901867585839767,16.52626989158152,16.651470184326172,4358341
2020-08-14,16.776667576255974,19.322380130329947,16.693201251600424,18.445987701416016,61660652
2020-08-17,19.113716523564893,19.61451291642436,18.65465409210329,19.280649185180664,31892449
2020-08-18,19.489314152451698,19.614512852260045,18.905051430695625,18.98851776123047,12610309
2020-08-19,19.197184370235533,19.572782092535327,18.905052985334354,19.113718032836914,11591096
2020-08-20,19.113716523564893,19.44758025480859,18.988517823346985,19.280649185180664,9595404
2020-08-21,19.5310465217252,19.572780482986545,18.821585100160778,18.98851776123047,7290411
2020-08-24,19.11371562907152,19.11371562907152,18.612919259648574,18.77985191345215,5933852
2020-08-25,18.77985342837803,18.98851846647112,18.529456019461485,18.6129207611084,4723074
2020-08-26,18.654654991853427,18.69638736327628,18.23732490967321,18.320791244506836,6180862
2020-08-27,18.362524379799634,18.571189429570083,18.11212695687029,18.23732566833496,5395794
2020-08-28,18.27905579718638,18.529454781359657,18.27905579718638,18.36252212524414,5367852
2020-08-31,18.44598915080455,18.52945548201844,17.19399895855973,17.98692512512207,8225145
2020-09-01,17.903459899930873,17.945192268411123,17.360929557760752,17.653060913085938,3304353
2020-09-02,17.56959531390385,17.81999431114929,17.40266424106143,17.694795608520508,1704775
2020-09-03,17.527865241555606,18.15386042875402,17.527865241555606,17.736530303955078,2633757
2020-09-04,17.611328457551885,17.694794786087616,17.110532078325292,17.486129760742188,3607801
2020-09-07,17.611329739488145,18.487722272936818,17.235732029731327,18.02865982055664,6270612
2020-09-08,18.19558802912174,18.32078830729387,17.444394320027296,17.527860641479492,2757708
2020-09-09,17.23573188260486,17.360930587459112,16.943600509952997,17.152265548706055,3170964
2020-09-10,17.277467375974673,17.69479749044761,17.277467375974673,17.402666091918945,2401252
2020-09-11,17.402663910614837,18.36252273519328,17.235731248954306,17.81999397277832,6635884
2020-09-14,17.903459548950195,18.195589306560635,17.694794526664005,17.903459548950195,4199248
2020-09-15,18.028658259496122,18.028658259496122,17.694794541947406,17.77825927734375,1429461
2020-09-16,17.86172551389118,17.903459473364894,17.569594165526286,17.611328125,1296920
2020-09-17,17.61133114915541,17.653063523807486,17.360932125278826,17.402666091918945,1659450
2020-09-18,17.486130241445103,18.02865900386006,17.36092994920578,17.81999397277832,2961124
2020-09-21,17.903458870687764,17.986923602850002,16.943598530944833,16.985332489013672,3558268
2020-09-22,16.901865004425645,16.901865004425645,15.733341322517196,16.02547264099121,6586762
2020-09-23,16.40106911959551,16.442803075902585,15.900272787824143,16.06720542907715,2285523
2020-09-24,15.983741908273547,16.06720824352059,15.691610530902858,15.775076866149902,2320278
2020-09-25,15.858543438213193,16.52627094618488,15.858543438213193,16.15067481994629,2435538
2020-09-28,16.359338760375977,16.526269830101416,16.234140060084936,16.359338760375977,1676071
2020-09-29,16.52627211385244,16.52627211385244,16.150675961076015,16.234142303466797,1514876
2020-09-30,16.359338358293986,16.484537055507875,16.108939371878396,16.192405700683594,1591410
2020-10-01,16.23414115643974,16.401072237438683,16.108940855705587,16.15067481994629,1352875
2020-10-05,16.19240837444789,16.44280740221051,16.067209656560618,16.10894203186035,1488191
2020-10-06,16.23414115643974,16.275873528692486,16.108940855705587,16.15067481994629,1088429
2020-10-07,16.19240714909316,16.19240714909316,15.775077059724842,15.858543395996094,2024452
2020-10-08,16.025475871891036,16.025475871891036,15.691610530902858,15.775076866149902,1882255
2020-10-09,15.775076791522606,15.858543126374796,15.482945415533907,15.608145713806152,2932124
2020-10-12,15.77507549238496,15.983740516337111,15.691609164406541,15.733343124389648,1712710
2020-10-13,15.775073150321102,15.816807104108129,15.524675795549163,15.566408157348633,1381492
2020-10-14,15.608147080480121,15.73334579772704,15.357748053998222,15.649879455566406,1891057
2020-10-15,15.733344022724308,15.733344022724308,15.399480283735642,15.44121265411377,1150947
2020-10-16,15.482943534851074,15.608143817915487,15.399478802125106,15.482943534851074,926014
2020-10-19,15.566408157348635,15.649874472935132,15.524675795549163,15.566408157348633,770697
2020-10-20,15.566410751097159,16.275872163814856,15.441212052849993,15.98374080657959,3803903
2020-10-21,16.067206091260143,16.067206091260143,15.649876062915723,15.691608428955078,1704281
2020-10-22,15.566411750386097,15.775076791522606,15.482945415533907,15.608145713806152,1762780
2020-10-23,15.691608428955078,15.775074753021505,15.566409738849297,15.691608428955078,1576788
2020-10-26,15.85854292718738,15.85854292718738,15.482945221064094,15.524679183959961,1599518
2020-10-27,15.52467749320179,15.566409859564773,15.357744843774393,15.482943534851074,1184199
2020-10-28,15.524679555499793,15.608145891301156,15.107349468480917,15.274280548095703,1612904
2020-10-29,15.19081580428228,15.44121321969843,15.065615504586264,15.274280548095703,1250523
2020-10-30,15.274278752249716,15.441211404225635,15.149080059261653,15.190814018249512,920484
2020-11-02,15.274281438775203,15.316015405103462,15.06561638309801,15.10735034942627,826311
2020-11-03,15.190815192377132,15.232547562602809,15.107348859937897,15.149081230163574,682219
2020-11-04,15.190816690094755,15.232549064434979,15.06561638309801,15.10735034942627,802493
2020-11-05,15.149081812754801,15.482945563363327,15.149081812754801,15.399480819702148,1054935
2020-11-06,15.482945563363327,15.566411899012442,15.357746855883622,15.399480819702148,1314557
2020-11-09,15.357747077941895,15.524679751653812,15.316014705507895,15.357747077941895,1209835
2020-11-10,15.52467829857684,16.06720704937909,15.357745640489464,15.81680965423584,3865356
2020-11-11,15.983739767193715,16.025473725220788,15.524677372809942,15.691608428955078,2255739
2020-11-12,15.691610456670418,15.733344420090473,15.482945415533907,15.608145713806152,1558613
2020-11-13,15.482945221064094,15.733344222475585,15.482945221064094,15.524679183959961,1656933
2020-11-14,15.691608428955078,15.775074753021505,15.608143696876368,15.691608428955078,704070
2020-11-17,15.858543201396946,15.94200953664399,15.691610530902858,15.775076866149902,1535122
2020-11-18,15.73334468758319,15.983742104409,15.566412015040681,15.858543395996094,2659665
2020-11-19,15.858544596085803,16.609738495397515,15.816812220786069,16.10894203186035,4749393
2020-11-20,16.234138070330154,16.442803075902585,15.983739108450646,16.06720542907715,1670326
2020-11-23,16.3593393327425,17.52786322965527,16.234140628071117,17.2774658203125,10870645
2020-11-24,17.61133114915541,17.69479749044761,17.360932125278826,17.402666091918945,6492165
2020-11-25,17.569592476676544,17.653058795613127,17.068797747032296,17.19399642944336,4918036
2020-11-26,17.31919975062675,17.486132433211143,17.152267068042356,17.402666091918945,2736410
2020-11-27,17.52786418071783,18.445990718105413,17.40266546925316,18.23732566833496,11083800
2020-12-01,18.73812075155188,19.280649523336567,18.36252305232285,19.15545082092285,12326236
2020-12-02,19.44758025480859,19.44758025480859,18.9050514925391,19.280649185180664,8449551
2020-12-03,19.447579656559117,19.90664366588677,19.405847288432874,19.823177337646484,10253193
2020-12-04,19.990113131507382,20.44917562089553,19.90664679016734,20.073577880859375,11524622
2020-12-07,20.490906908327926,20.824772255973254,20.19877711712021,20.574373245239258,13845177
2020-12-08,21.440755342720323,21.440755342720323,19.99678643919014,20.43435287475586,10368696
2020-12-09,20.21556664155925,20.39059218816812,19.909269848514686,19.953025817871094,6352783
2020-12-10,19.95302633385178,19.99678397352299,19.077893570626998,19.165407180786133,6259013
2020-12-11,19.252921850301007,20.65313468234139,19.20916587740549,20.478107452392578,14279268
2020-12-14,20.696892730600666,20.82816233163354,20.17181265728563,20.346839904785156,7742390
2020-12-15,20.303080759756647,20.478106310764637,19.99678395901356,20.259323120117188,5296862
2020-12-16,20.390594813000128,21.35324128540939,20.215569243860642,20.828161239624023,18363754
2020-12-17,20.959429941070024,21.44075228385051,20.7844027241408,20.915672302246094,12463920
2020-12-18,21.090702999440836,21.35324219897412,20.34683970851851,20.740650177001953,6719658
2020-12-21,20.609379304437674,21.046945758197992,18.815357511693783,19.2529239654541,8502194
2020-12-22,18.946623977090717,19.909270349819757,18.027735244003118,19.427947998046875,8791034
2020-12-23,19.73424263272258,20.171809003019607,19.42794750886125,19.953025817871094,5141955
2020-12-24,20.390594901718586,20.478108521260825,19.909272498011475,19.99678611755371,3553197
2020-12-28,20.21556789911115,20.784403882046274,20.04054067243111,20.303081512451172,7610135
2020-12-29,20.47810904219792,20.565622663966394,19.778003406417145,20.040542602539062,4443030
2020-12-30,20.0405420927331,20.128055712275337,19.734245258927,19.99678611755371,2263079
2020-12-31,20.12805438041687,21.353239965388184,20.12805438041687,21.00318717956543,24236553
2021-01-01,21.265725066921288,21.265725066921288,20.828158693781482,20.915672302246094,6360470
2021-01-04,21.221972819527696,21.221972819527696,20.653136768511086,21.046945571899414,10546369
2021-01-05,21.04694591424292,24.853774424018763,21.04694591424292,23.978641510009766,101612674
2021-01-06,24.284937365997727,26.078959098334973,23.409804487943756,24.59123420715332,66776302
2021-01-07,25.24758186166696,25.99144508280539,24.853771430127974,25.422607421875,29604400
2021-01-08,27.129116718034098,29.667003165712995,26.91033351869511,29.09816551208496,119562396
2021-01-11,30.498377833740104,31.110971483288957,29.754516262523737,30.542137145996094,70283770
2021-01-12,29.754515800511648,29.929543031717422,28.310545316022463,28.748111724853516,27717844
2021-01-13,28.87938169353864,29.88578572426618,28.48557127549888,28.923137664794922,19659683
2021-01-14,28.923136768239782,29.404459113872143,27.129115295410156,27.347898483276367,23848133
2021-01-15,27.304144154461493,28.04800570256897,26.516523295457457,27.61043930053711,24564078
2021-01-18,28.004248046875,28.17927526484127,27.129115295410156,27.347898483276367,10982020
2021-01-19,27.39165584990184,27.82922224794617,27.21663029219411,27.30414390563965,6375511
2021-01-20,27.39165587327642,28.004249498734577,26.779063917001608,27.041603088378906,8254166
2021-01-21,27.30414502851606,27.39165697637716,26.078957728259724,26.297740936279297,6927933
2021-01-22,26.078961863830724,26.21023314480604,25.160072912105555,25.335100173950195,8443130
2021-01-25,25.64139089408361,26.647794969908833,24.810015718676606,25.16006851196289,7791406
2021-01-27,25.203826036401857,25.291339657405484,23.716101156074174,24.022397994995117,9193158
2021-01-28,23.27853477900352,26.385255813598633,23.234777133799508,26.385255813598633,19446679
2021-01-29,27.12911769462604,28.004250523484945,27.041604077903468,27.39165687561035,21967367
2021-02-01,27.916736185016557,28.004249799476593,25.903931398352523,26.516523361206055,18860591
2021-02-02,26.472771054025316,26.822823891150914,25.641394105316373,25.947690963745117,8858670
2021-02-03,26.253984095686572,26.472767296483962,25.553878520808272,25.816417694091797,6332124
2021-02-04,26.078956655768845,27.522927104661814,25.81641748461558,27.30414390563965,12772981
2021-02-05,27.74171032735728,27.872979913045928,26.866577530521823,27.041603088378906,7596565
2021-02-08,27.304145399579397,28.13552226902555,26.69155174112608,27.697954177856445,12914228
2021-02-09,27.829225524677895,27.872983171144547,26.95409262554735,27.129119873046875,4401352
2021-02-10,27.085360994186495,27.52292739687653,26.51652333534276,26.779064178466797,5001834
2021-02-11,26.779066434947584,28.441818571441296,26.38525597166961,27.916738510131836,20274284
2021-02-12,28.61684599030949,28.83562921143056,27.654199483540076,28.48557472229004,16102288
2021-02-15,28.616842986512985,28.616842986512985,26.910333373220773,27.17287254333496,8506387
2021-02-16,27.129118756550113,27.347901972328742,26.647796349510514,26.910335540771484,5108907
2021-02-17,26.954091005091215,27.39165742835038,26.60403820032057,26.866579055786133,4362819
2021-02-18,26.86657830606706,27.085361511591437,26.73530704740572,26.82282066345215,4502865
2021-02-19,26.77906469002063,27.697953485549665,26.47276786844982,26.82282066345215,7377848
2021-02-22,26.866579419220226,27.085362633809368,25.99144656086365,26.07895851135254,4565682
2021-02-23,26.122715644326117,26.429012472590653,25.86017479044933,26.035202026367188,3252373
2021-02-24,26.03520299788395,26.604039032068243,25.203826100026024,26.385255813598633,2540952
2021-02-25,26.64779401381628,29.010653204792924,26.56028040133875,28.660598754882812,23234319
2021-02-26,27.96049438021123,28.66059997138076,27.260387119858304,27.78546714782715,11987441
2021-03-01,28.004249419830995,29.273192639340422,27.785466221238565,28.398059844970703,13888775
2021-03-02,28.66060247763429,29.27319617536401,28.179280050263465,28.52933120727539,9770561
2021-03-03,28.74811164218229,28.74811164218229,27.785466880868967,28.048006057739258,5847792
2021-03-04,27.82922396497304,29.273194502957107,27.697954371297243,28.26679039001465,9778352
2021-03-05,28.310544349831098,28.61684282857944,27.43541323121913,27.566682815551758,5169059
2021-03-08,27.8292236328125,28.310546026939985,27.304145264376487,27.8292236328125,4138640
2021-03-09,28.091761307917945,28.179276590200455,26.735306147022428,27.17287254333496,3568993
2021-03-10,27.39165620452768,28.135521093853495,27.216630644553987,27.741710662841797,4518363
2021-03-12,28.04800649725453,28.179277756930087,27.12911769462604,27.39165687561035,4645742
2021-03-15,27.610441163589712,27.610441163589712,26.691552324992852,26.910335540771484,2986207
2021-03-16,27.041603352407474,27.17287293937781,26.69155056409212,26.779064178466797,2215539
2021-03-17,26.86657830606706,28.354304771306193,26.47276786844982,26.82282066345215,9556830
2021-03-18,27.08536477088281,27.172876728276513,25.422610873464922,25.947690963745117,5509050
2021-03-19,25.728905512170588,25.772663156275907,24.503719853340264,25.510122299194336,11191993
2021-03-22,25.510120967874037,27.479169781899735,25.37885138077566,26.516523361206055,13424210
2021-03-23,26.822818364067523,27.129115159381055,26.297738381984786,26.64779281616211,12741431
2021-03-24,24.766256071941463,24.8537696804764,24.153664150563415,24.197420120239258,45408429
2021-03-25,24.197422776259742,24.459963630682243,23.847369972879847,24.241180419921875,12484312
2021-03-26,24.897531033381362,25.77266391091064,24.678747813999042,25.55388069152832,20773206
2021-03-30,26.21022940130022,26.604038180428958,25.816418952988045,25.903932571411133,9457623
2021-03-31,26.03519987276477,26.122713483484674,25.422606266908755,25.46636390686035,5900206
2021-04-01,25.641394105316373,26.42901507532846,25.553882147922668,25.947690963745117,19400812
2021-04-05,25.99144492240305,26.429011323997827,25.203824064185767,25.816417694091797,10008653
2021-04-06,26.078959115244896,26.385255956599092,25.685150321375357,26.253986358642578,7526846
2021-04-07,26.253984928866583,26.779064961280596,26.078957695000774,26.56028175354004,7340079
2021-04-08,26.733043738728227,27.051294610422268,26.68758007176953,26.77850914001465,6043737
2021-04-09,26.778509358173483,27.005831163474355,26.369329414900825,26.46025848388672,4463852
2021-04-12,25.82376018321516,25.914689264341604,24.55075825042889,24.596221923828125,7631551
2021-04-13,24.596219848155982,25.18725795843623,24.41436343557791,24.959936141967773,4279166
2021-04-15,24.823539838092316,25.18725610514163,24.4598253053707,24.778076171875,3583495
2021-04-16,24.869004995976056,25.596434054321346,24.732612264327276,25.187255859375,4171809
2021-04-19,24.27796925549182,24.55075472537602,23.95971838440844,24.32343292236328,5172192
2021-04-20,24.45982565730538,24.869005596459402,24.141574786221998,24.32343292236328,4191324
2021-04-22,24.41436217104514,24.41436217104514,24.05064763039963,24.096111297607422,3388238
2021-04-23,24.277969435094043,24.45982583825293,23.95971856165632,24.096111297607422,5838338
2021-04-26,24.323434873705246,24.550756694954828,24.14157672297444,24.232505798339844,3507322
2021-04-27,24.323434362124964,25.18725795843623,24.232505288672016,24.959936141967773,5573757
2021-04-28,25.09632679349992,25.41457765689886,25.00539772762484,25.187255859375,3163806
2021-04-29,25.414579750958715,25.414579750958715,24.732614302195902,24.82354164123535,2941550
2021-04-30,24.778078187126884,25.14179274943015,24.59622003881133,24.732614517211914,2713152
2021-05-03,24.596219636958136,25.278185080507747,24.45982689511378,25.05086326599121,4196004
2021-05-04,25.369115672837026,26.55119021972816,25.187259250926942,25.505508422851562,8103547
2021-05-05,25.914686281579932,26.005615352240504,25.550971733265417,25.73282814025879,3842164
2021-05-06,25.823759078979492,26.505724556774695,25.596437253047757,25.823759078979492,4084294
2021-05-07,25.869226615758127,26.096548460415654,25.550975686371977,25.596439361572266,2880473
2021-05-10,25.687365999702994,26.642116962597974,25.596436923634933,26.323867797851562,7756528
2021-05-11,26.187472971373406,26.9149038360008,26.005616555962447,26.68758201599121,4887029
2021-05-12,26.778510896596348,27.642332765769492,26.642116418117787,26.91490364074707,9573148
2021-05-14,27.142225811144918,27.46047670784291,26.460260347218302,26.551189422607422,4269850
2021-05-17,26.778511025767344,27.005832845224358,26.55118920631033,26.64211654663086,2031310
2021-05-18,26.64211654663086,27.005832845224358,26.596652876470596,26.64211654663086,2670874
2021-05-19,26.596652748176826,27.369547277468044,26.596652748176826,26.91490364074707,4263034
2021-05-20,27.051296126635663,27.64233250186466,26.7330452371038,27.096759796142578,5305157
2021-05-21,27.278619876954046,27.596870789050765,27.142227124434864,27.233156204223633,5490947
2021-05-24,27.505939632479905,28.051512335692173,27.187688744412092,27.36954689025879,8379948
2021-05-25,27.642332416806312,27.778725159235183,27.187688785824868,27.27861785888672,3293049
2021-05-26,27.369548956742815,27.596870789050765,27.187690797165278,27.233156204223633,2848226
2021-05-27,27.233154533317318,27.369547277468044,26.86943823647827,26.91490364074707,2503440
2021-05-28,26.96036583899746,27.09675857570289,26.051078615190953,26.278400421142578,4319903
2021-05-31,26.823972702026367,26.960365436696552,26.50572183157746,26.823972702026367,3363671
2021-06-01,27.142225590032997,27.142225590032997,26.55118920631033,26.64211654663086,1990782
2021-06-02,26.823974523988085,27.32408182985673,26.73304544992256,27.00583267211914,3564556
2021-06-03,27.233154273318963,27.36954701616753,26.9149033837871,27.096759796142578,2988320
2021-06-04,27.233155534908757,28.96080107112289,26.82397555307977,27.86965560913086,13357394
2021-06-07,28.27883484014499,29.18812038855924,28.187905765005212,28.688013076782227,16364717
2021-06-08,28.960800521747302,29.006264192497916,28.18790597869179,28.59708595275879,5962924
2021-06-09,28.73347894534091,29.55183716615343,27.86965531906066,28.27883529663086,12323327
2021-06-10,28.59708595275879,28.869871445918207,28.415227801100595,28.59708595275879,4748100
2021-06-11,28.778941956916537,29.415442009926387,28.68801288239289,28.915334701538086,9754526
2021-06-14,29.051730013561528,30.64298279320795,27.915120885242658,30.370197296142578,33929394
2021-06-15,30.73391064594032,30.91576880321984,29.59730149876312,29.73369598388672,13441049
2021-06-16,29.915552524065387,30.23380168060954,29.279050742321424,29.460908889770508,5766470
2021-06-17,29.369976471383552,29.87008374795627,28.77894012607187,28.960798263549805,5454871
2021-06-18,29.188118633397977,29.188118633397977,27.687796788285382,28.460689544677734,5955946
2021-06-21,28.142441738000933,29.506372644831455,27.824190846208243,29.279050827026367,5174210
2021-06-22,29.55183835176609,29.91555467278865,29.142658357779688,29.23358917236328,4531770
2021-06-23,29.415439888515408,29.73369249356005,28.960798017341155,29.142654418945312,4812799
2021-06-24,29.324516185949847,29.915554333749167,29.188121699948198,29.369979858398438,5580231
2021-06-25,29.50637415445128,30.279266987069438,29.46091048229536,29.73369598388672,7471074
2021-06-28,29.915552197531692,30.188337681399982,29.551835906603554,29.597299575805664,3527284
2021-06-29,29.779157425073418,30.46112286228884,29.597299281418188,29.870084762573242,10139559
2021-06-30,30.46112433048952,31.370411623936967,30.370196988607074,30.642982482910156,35820998
2021-07-01,30.915768672066378,30.915768672066378,29.50637402927687,29.642765045166016,8615644
2021-07-02,29.642763654321108,29.870085472126195,29.188120018710933,29.279050827026367,4071458
2021-07-05,29.506372536344646,29.551836206007373,29.188119911394253,29.324514389038086,3366371
2021-07-06,29.369982158666232,29.460912979341025,28.9153384612607,29.006267547607422,3001697
2021-07-07,29.051727085307093,29.551834357628174,28.68801081344334,29.142654418945312,4725073
2021-07-08,29.09719435505101,30.41566166799543,28.960801603377295,29.369979858398438,5892731
2021-07-09,29.36998019125481,29.506374678802246,29.097194684815843,29.23358917236328,2752243
2021-07-12,29.369978166686135,29.460908975001573,29.14265634888105,29.279050827026367,2901810
2021-07-13,29.551834357628174,29.551834357628174,29.097190752126203,29.142654418945312,2340022
2021-07-14,29.18811833390562,29.233585469766705,28.86986919481084,28.960798263549805,2443675
2021-07-15,29.00626388465856,29.14265662979075,28.733478394394176,28.869871139526367,2082715
2021-07-16,28.824407556655824,29.051729377341353,28.64254940637626,28.688013076782227,2638302
2021-07-19,28.551620792125735,28.73347894534091,28.18790622002327,28.27883529663086,2882201
2021-07-20,28.27883579757552,28.36976487579387,27.55140490615665,27.642333984375,2708490
2021-07-22,27.915119171142578,28.415226463163133,27.73326102804722,27.915119171142578,2329331
2021-07-23,28.006046780523143,28.142441256334024,27.3695467421595,27.505939483642578,2567121
2021-07-26,27.505941438512867,28.096977849830203,27.36954868733624,27.41501235961914,2962821
2021-07-27,27.642332374701017,27.733261447624365,27.142225075114325,27.36954689025879,2671090
2021-07-28,27.505939825419773,27.59686889898094,27.096759861558432,27.14222526550293,2340776
2021-07-29,27.27861794282588,27.36954701616753,27.051296126635663,27.096759796142578,1507391
2021-07-30,27.096760054838757,27.233154533317318,26.86943823647827,26.91490364074707,2169927
2021-08-02,27.142227124434864,27.64233446178118,27.005834371915682,27.233156204223633,4004760
2021-08-03,27.369548956742815,27.369548956742815,27.09676171737651,27.233156204223633,1644488
2021-08-04,27.4604762417465,27.4604762417465,26.91490353299983,26.96036720275879,2089253
2021-08-05,26.960367550363745,27.00583295503673,26.505723909601027,26.59665298461914,1637757
2021-08-06,26.733045385308333,27.278618094055,26.596652641703624,26.96036720275879,2176874
2021-08-09,27.551403301777672,27.733261447624365,27.187688744412092,27.36954689025879,4142520
2021-08-10,27.369547520781335,27.551403936489713,26.505723909601027,26.59665298461914,1856220
2021-08-11,26.733045818326186,26.82397489364479,26.09654575975167,26.414794921875,2909148
2021-08-12,26.642116418117787,27.096760054838757,26.55118907823586,26.91490364074707,1771008
2021-08-13,27.733261728955917,27.733261728955917,26.869438128913043,26.96036720275879,3633945
2021-08-16,26.869438584977555,26.960367660366675,26.460260347218302,26.551189422607422,1274362
2021-08-17,26.505726188002946,26.505726188002946,26.187475265246984,26.232940673828125,1022208
2021-08-18,26.369331669044318,26.369331669044318,26.051080767552342,26.096546173095703,1368302
2021-08-20,26.005615608315196,26.005615608315196,25.505506581921416,25.55097198486328,1561800
2021-08-23,25.823757739792633,25.86922314321794,25.050863224840473,25.14179229736328,1904509
2021-08-24,25.141792256360834,25.641901287256776,25.00539951496296,25.23272132873535,1901920
2021-08-25,25.460041322672563,25.641899454422724,25.14179045927362,25.187255859375,1696775
2021-08-26,25.323650360107422,25.596435842461492,25.187257618930385,25.323650360107422,1207137
2021-08-27,25.41458107906048,25.68736657908956,25.27818659471803,25.505508422851562,1261184
2021-08-30,25.732832121501175,25.823761206229797,25.550975686371977,25.596439361572266,1237305
2021-08-31,25.64190101623535,25.960150164690727,25.46004287340846,25.64190101623535,1636468
2021-09-01,25.778293649283412,25.869222720319755,25.64190090989279,25.68736457824707,1007313
2021-09-02,25.369117516914738,25.869226615758127,25.369117516914738,25.596439361572266,1269838
2021-09-03,25.68736515045166,27.733261489868166,25.641901481084645,27.27861785888672,8756651
2021-09-06,27.551403891430937,27.915120190908556,26.596652941121807,26.68758201599121,4261300
2021-09-07,26.823973156156995,29.46090749795327,26.687580419177678,28.642547607421875,17699752
2021-09-08,28.824408068205464,28.915335410631087,28.006048111751774,28.18790626525879,8685558
2021-09-09,28.142441064384613,28.46069021423187,27.460475627292848,27.733261108398438,4075336
2021-09-13,27.915119551231847,28.096975962475558,27.369546848845097,27.46047592163086,2176994
2021-09-14,27.596866538361077,27.915117401438255,27.369544741067042,27.551401138305664,2860732
2021-09-15,27.596866712621768,27.824188511351224,27.278615847534986,27.324079513549805,3403038
2021-09-16,27.41501041121126,27.8241903699883,27.324081338779937,27.505939483642578,2800352
2021-09-17,27.59686870540325,27.687797778326598,26.869437856344284,27.36954689025879,2788086
2021-09-20,28.55161920332076,29.73369366478502,27.55140288495186,27.915119171142578,18929053
2021-09-21,27.915119551231847,28.006046889689795,27.27861777605934,27.46047592163086,3455508
2021-09-22,27.46047756226622,27.915121219030045,27.46047756226622,27.642333984375,2510051
2021-09-23,27.687797628505223,27.8241903699883,27.460475814590822,27.505939483642578,2120871
2021-09-24,27.505937646264446,27.642330378636583,27.278615847534986,27.324079513549805,1407857
2021-09-27,27.415010751858606,27.505939825419773,27.096759861558432,27.14222526550293,1517571
2021-09-28,27.18768870327358,27.915119551231847,27.096759630487817,27.46047592163086,4447852
2021-09-29,27.68779939064813,27.915121219030045,27.32408307777474,27.642333984375,3511475
2021-09-30,27.824190478446088,27.824190478446088,27.415010518074073,27.46047592163086,1663456
2021-10-01,27.32408152825374,28.369763266973315,27.187688785824868,27.27861785888672,5513284
2021-10-04,27.415010518074073,27.73326140566033,27.415010518074073,27.46047592163086,2164609
2021-10-05,28.64254996096108,28.915335457334315,28.006048156986346,28.09697723388672,9130208
2021-10-06,28.369764528848975,28.915335522831235,28.00604822042361,28.14244270324707,8355559
2021-10-07,28.82440811476183,28.960800862948446,27.869655408799726,28.09697723388672,6203550
2021-10-08,28.369764528848975,28.551620948733763,28.05151362614073,28.14244270324707,3363173
2021-10-11,28.27883193024317,28.27883193024317,27.41500840679478,27.551401138305664,3637590
2021-10-12,27.551405110795766,27.869656019759848,27.324083280725414,27.41501235961914,5382835
2021-10-13,27.551403260088808,27.824190478446088,27.415010518074073,27.46047592163086,6973425
2021-10-14,27.55140470485586,28.91533566518195,27.55140470485586,27.86965560913086,10016889
2021-10-18,28.142438579983168,31.37040733685615,28.09697318092737,30.961227416992188,40946017
2021-10-19,31.27948498508243,32.006914142458704,29.279052200805793,29.642765045166016,23718084
2021-10-20,29.551836013793945,30.188337790899098,28.688012421198074,29.551836013793945,14768852
2021-10-21,29.915555299545844,33.234452056622914,29.779160809140823,32.64341735839844,72880233
2021-10-22,33.18898626434267,39.14481735229492,32.507020793157544,39.14481735229492,163253501
2021-10-25,40.008644940776215,40.73607415505911,35.234886169433594,35.234886169433594,37319544
2021-10-26,33.68909040558875,35.689522959468384,32.46155406068704,34.280128479003906,55503526
2021-10-27,34.46198683773323,35.28034325008201,33.27991068324812,33.734554290771484,12985039
2021-10-28,34.00734773427318,34.73477690892298,32.91620223797053,33.325382232666016,13948391
2021-10-29,32.461559502261814,33.552705029893204,30.461126613046932,32.097843170166016,14226789
2021-11-01,32.64341325262468,33.41630601795879,32.37062430612507,32.91619873046875,6295839
2021-11-02,33.188988042802066,33.78002620362941,32.73434437098286,32.779808044433594,4842314
2021-11-03,33.007126634834826,33.416306592969654,32.14330304958476,32.23423385620117,5124889
2021-11-04,32.68887660576911,33.27991122395897,32.37062399413872,33.052589416503906,2011555
2021-11-08,33.188985393247314,36.280563502272344,33.052590915127865,35.780452728271484,23523291
2021-11-09,35.91684348063857,36.87159432246878,35.18941443298961,35.7349853515625,14172813
2021-11-10,35.68953032038488,35.825924817351996,34.64384842672007,34.9166374206543,6206533
2021-11-11,34.962093353271484,35.644058749751466,34.55291342165242,34.962093353271484,10921237
2021-11-12,35.05302132654466,35.28034312952959,34.098270447739054,34.23466491699219,6165853
2021-11-15,34.55291420341338,34.64384153753913,33.73455432165983,33.870948791503906,5904673
2021-11-16,33.916416581913566,34.643845749322224,33.279914759685035,33.46177291870117,5970125
2021-11-17,33.41630913583283,34.007347283520794,33.32538179095278,33.50723648071289,3514754
2021-11-18,33.55270436771981,34.09827538644048,32.643417024081394,32.779808044433594,4641009
2021-11-22,32.91619955188327,33.05259055988113,31.46133785265002,31.68865966796875,5247980
2021-11-23,31.68865859926892,33.50723306048735,31.23401498396431,33.18898391723633,5829854
2021-11-24,33.552700571879946,33.59816424018734,32.64341333110982,32.73434066772461,3043698
2021-11-25,32.82526763753044,33.68909120034029,32.597945829878135,33.18898391723633,3755688
2021-11-26,32.87073579669623,33.00712680433786,31.643195915987896,31.87051773071289,4182444
2021-11-29,32.00691372827063,32.05237739964535,29.779159144351357,30.233802795410156,6160682
2021-11-30,30.639252313080696,31.791103903798014,30.50102871612578,30.823549270629883,4268961
2021-12-01,32.20577077447624,32.29791749450597,31.146065918274143,31.376436233520508,5292289
2021-12-02,31.468587123199743,31.791104165183484,31.37643688608145,31.698957443237305,2216442
2021-12-03,31.79110396676838,32.528288283253225,31.606807008854144,31.975400924682617,4001166
2021-12-06,32.159701595633564,32.205774961638554,31.099996601656276,31.23822021484375,2617282
2021-12-07,31.514659635767575,31.975400263439113,31.422509401130053,31.65287971496582,2480001
2021-12-08,31.975407732886,32.343998212022655,31.837184106226726,32.06755447387695,2975774
2021-12-09,32.39007045104002,34.09480952102219,32.34399357198184,33.449771881103516,9970382
2021-12-10,33.44977166584052,34.4634032406674,33.35762493866186,33.72621536254883,4915236
2021-12-13,34.048736157136354,34.37125321950952,33.31155178944602,33.449771881103516,3463071
2021-12-14,33.26547093047547,33.26547093047547,32.71258359964877,32.850807189941406,2462932
2021-12-15,32.89687986995634,32.98902658480335,32.34398903535874,32.52828598022461,2244673
2021-12-16,32.94295892512515,33.17332926725889,31.79110721445644,31.929330825805664,2461478
2021-12-17,31.929328271024914,32.02147499443644,31.23821729992197,31.606807708740234,3322776
2021-12-20,31.099993457250566,31.284290417809444,30.22458553097501,30.731399536132812,4051254
2021-12-21,30.961770460020794,31.422511112789987,30.639253409151248,30.91569709777832,2403351
2021-12-22,31.238216153475918,31.56073318875201,31.053919198244415,31.376436233520508,1885547
2021-12-23,31.560730773647382,31.74502771477603,31.376433832518735,31.468584060668945,1562483
2021-12-24,31.652881228932532,31.69895810604118,30.731399929514733,31.192140579223633,2380205
2021-12-27,30.961768051096993,31.238215233387812,30.685324383978113,31.007844924926758,1462052
2021-12-28,31.23821809648448,31.92932908521049,31.099994492670373,31.51466178894043,2257761
2021-12-29,31.60680715606614,32.021474434511504,31.422510197293523,31.560733795166016,1642466
2021-12-30,31.65288010604326,31.69895698151732,31.0539193917732,31.099992752075195,1602522
2021-12-31,31.330365736707506,32.2057737176794,31.099995400408186,32.02147674560547,3941160
2022-01-03,32.251842320511734,32.758656282513975,32.06754537564587,32.52828598022461,3437614
2022-01-04,32.66650900836078,32.89687930670581,32.29791512494,32.48221206665039,3303241
2022-01-05,32.39006795037328,32.52828803135953,32.02147403739914,32.11362075805664,2637704
2022-01-06,31.791101171615274,32.85080595007116,31.652877586539535,32.48221206665039,3920852
2022-01-07,32.48221329260899,32.94295390668855,32.29791634394278,32.850807189941406,3841011
2022-01-10,33.03510099312148,33.35762153568956,32.8047306835037,33.17332458496094,3876215
2022-01-11,33.17332458496094,34.1869525412104,32.8047306835037,33.17332458496094,9466600
2022-01-12,33.403695084522255,33.49584180282456,32.80473087004134,32.896881103515625,2809434
2022-01-13,33.081177496981184,33.12725085535476,32.52828665098256,32.850807189941406,2232567
2022-01-14,32.85080791810887,34.1869529164189,32.80473104354204,33.49584197998047,6360534
2022-01-17,33.77229158034294,36.21421495450906,33.63406797710784,35.384883880615234,19636806
2022-01-18,35.66132340166422,36.0299137752343,34.371248306239366,34.50947189331055,6571085
2022-01-19,34.55555017129566,34.97021747638568,33.91051253173034,34.60162353515625,5004726
2022-01-20,34.83199520180867,34.924145448226554,34.18695753757338,34.417327880859375,4074015
2022-01-21,34.18695534871744,36.2142149428713,34.002661898026204,34.2330322265625,13194479
2022-01-24,34.46340070478867,34.46340070478867,32.29791762370704,32.66651153564453,7075508
2022-01-25,32.25184214524867,33.495840364782396,31.791101543173696,32.80472946166992,5146115
2022-01-27,32.80473031639591,33.44976787914168,31.83717572986322,32.850807189941406,3692802
2022-01-28,33.173324773594516,33.86443570637773,32.75865751089019,32.896881103515625,6153387
2022-01-31,33.541918486418176,33.95658223159262,32.85080755756483,33.17332458496094,5957196
2022-02-01,33.86443570637773,34.417323046535515,32.80473087004134,32.896881103515625,9169677
2022-02-02,33.31154780402097,33.40369452076811,32.75865695802234,32.850807189941406,3724078
2022-02-03,32.98902528332817,33.12724886531737,32.390064630108974,32.712581634521484,2793237
2022-02-04,32.71258366893782,32.85080725952323,32.251843053882354,32.297916412353516,2687122
2022-02-07,32.34399107487246,32.574361391688285,31.88325044124082,32.11362075805664,2815265
2022-02-08,32.159700575395114,32.34399403356853,31.376439317468552,31.745033264160156,2432754
2022-02-09,31.975402448091103,32.067549173852335,31.422511548006938,31.51466178894043,2436984
2022-02-10,32.25184104811977,33.081175509711535,32.06754411052475,32.712581634521484,9664613
2022-02-11,32.29792126411618,32.66651521759915,31.79110721445644,31.929330825805664,4159845
2022-02-14,31.37643719016407,31.37643719016407,30.501029262502954,30.8696231842041,4169496
2022-02-15,30.82354907509116,31.514660025137278,30.40888180202908,31.099992752075195,2612228
2022-02-16,31.33036694685373,31.9754046164411,31.146069967661266,31.23822021484375,3212095
2022-02-17,31.284292062348552,31.606809123901414,30.270660483576656,30.547107696533203,2463938
2022-02-18,30.270659092907394,30.731399739771568,30.132439007951447,30.4549560546875,1388142
2022-02-21,30.45495698566218,30.45495698566218,29.57954902682555,29.809919357299805,2368474
2022-02-22,28.611993835835303,29.164882970712327,28.427698629267034,28.75021743774414,3244132
2022-02-23,29.210956573486328,29.671697202357812,28.888437781759087,29.210956573486328,2383222
2022-02-24,28.10518217465173,28.611996232143735,26.722960100488528,26.907257080078125,5444317
2022-02-25,27.460141629473288,28.70414171753028,27.22977130789185,28.565919876098633,2581166
2022-02-28,28.47377274881596,28.704143081342927,27.460142934180073,28.519847869873047,2198584
2022-03-02,28.15125126098189,28.934510668781048,28.15125126098189,28.61199188232422,2122495
2022-03-03,29.07273321809347,29.210956813961637,28.565919225196968,28.65806770324707,1364215
2022-03-04,27.82873574821002,28.565920079484872,27.782660629014035,28.28947639465332,2074110
2022-03-07,27.920884763962775,28.013033252334797,27.3679973489031,27.59836769104004,2703521
2022-03-08,27.64443878659826,28.565920079484872,27.64443878659826,28.28947639465332,1741319
2022-03-09,28.79629097878933,29.717772290110588,28.473772168309665,29.487401962280273,4099448
2022-03-10,30.04029083251953,30.40888478139326,29.855997373255075,30.04029083251953,2328661
2022-03-11,30.178512573242188,30.408882898228768,29.994215610218482,30.178512573242188,1870063
2022-03-14,30.40888478139326,30.593181755830127,29.855997373255075,30.04029083251953,2120790
2022-03-15,30.17851312401267,30.408883453203607,29.855996069214264,30.224586486816406,1788635
2022-03-16,30.59318106030185,30.91569812185471,30.316737362517635,30.547107696533203,5233389
2022-03-17,31.33036140254994,32.48221292470251,31.146064455971153,31.837175369262695,7026479
2022-03-21,32.48221493262211,33.17332588863535,32.29791797465083,32.98902893066406,5821642
2022-03-22,33.31154948590683,33.403696207306425,32.80473197269278,32.98902893066406,4360589
2022-03-23,33.12724938519632,33.818360275644764,32.804728860550654,33.311546325683594,7772116
2022-03-24,33.77407301484288,33.77407301484288,33.3886364328947,33.62953567504883,3157087
2022-03-25,33.62953451109357,33.72589273428787,32.714116687425346,32.8586540222168,3343917
2022-03-28,32.71411991585441,32.71411991585441,31.895060234550684,31.9432430267334,2763487
2022-03-29,32.03960037231445,32.52139887415377,31.943242142278933,32.03960037231445,2584059
2022-03-30,32.665940481511306,32.906839736755984,31.316903181808716,31.41326141357422,4257709
2022-03-31,31.50962257385254,32.42504045723742,31.41326066854154,31.50962257385254,4069922
2022-04-01,31.605982628642824,32.328680418973825,31.5578035111203,32.18414306640625,1810660
2022-04-04,32.47321803849789,32.810475501583014,32.18413968787768,32.569576263427734,4103730
2022-04-05,32.906841664324446,33.774076828506374,32.61775960043266,33.29227828979492,4099889
2022-04-06,33.244095962413034,33.774073568676656,32.90683848819913,33.003196716308594,3726088
2022-04-07,33.388635277277224,33.436814388874375,32.762295799022496,32.8586540222168,2514855
2022-04-08,33.05137952379659,34.30405500835781,33.003200404357926,33.340457916259766,4160873
2022-04-11,33.62953730743357,34.01497390809092,33.34045526215194,33.43681716918945,3017130
2022-04-12,33.38863805358615,33.53317540039606,32.85865675445708,33.43681716918945,2740833
2022-04-13,33.533176930781885,34.255874725306626,33.43681869517768,33.581356048583984,3903706
2022-04-18,33.581354476364496,33.62953726774183,32.858656715675174,33.09955596923828,1791913
2022-04-19,34.304051752673864,35.07493229385553,32.95501815726763,33.38863754272461,16715371
2022-04-20,33.67771636307502,34.4485932388481,33.24409697175551,34.11133575439453,4619143
2022-04-21,34.68949457862027,36.03853194923239,34.2558751612213,34.64131546020508,16853131
2022-04-22,34.544951882205865,35.4121906751961,34.25587350981943,34.49677276611328,6978519
2022-04-25,34.01497494449393,34.159515971538774,33.340456278003025,33.53317642211914,3915100
2022-04-26,33.91861233026503,34.014970551964346,33.38863475925772,33.48499298095703,1844335
2022-04-27,33.24409426665518,33.484993500471525,32.569575676803304,32.8586540222168,3408714
2022-04-28,33.19591745858512,33.24409657352551,32.52139882192713,32.71411895751953,2194269
2022-04-29,33.099556172178026,33.099556172178026,32.28050017537404,32.42504119873047,2170621
2022-05-02,32.184140788764715,32.665939281555616,31.94324154236926,32.328678131103516,1178524
2022-05-04,32.32867987549054,32.61775825159698,31.605982097308946,31.798702239990234,1778735
2022-05-05,32.23232188566037,32.23232188566037,31.60598233617038,31.65416145324707,1257240
2022-05-06,31.027822780959927,31.41325935863908,30.931460879667128,31.220542907714844,1556714
2022-05-09,31.220545945666217,31.316904180504586,30.59420639172371,30.979646682739258,1495276
2022-05-10,31.027823236937426,31.55780083642886,30.738743042556795,30.931461334228516,1347627
2022-05-11,31.076003603694954,31.268723741054586,29.3897088345022,30.01604652404785,2288393
2022-05-12,29.871507469352448,30.208766792234677,29.100630592406304,29.341529846191406,1747986
2022-05-13,29.72696656099757,30.20876504063152,29.630606497487715,29.871505737304688,1511968
2022-05-16,30.4014860629295,30.786926351621283,29.91968753998028,30.112407684326172,1104592
2022-05-17,30.160586983288976,31.124184034996812,30.160586983288976,30.979646682739258,995922
2022-05-18,31.413262415342952,31.50962432601236,30.83510565465067,30.979646682739258,990999
2022-05-19,30.449666706092653,30.83510515292107,29.871508116892286,30.256946563720703,941342
2022-05-20,30.738744224544632,30.93146252362689,30.449665856963527,30.69056510925293,777161
2022-05-23,31.027823627707402,31.220543759721643,30.305125889527094,30.449665069580078,1194793
2022-05-24,30.449666706092653,30.642385010549116,30.112407375899483,30.256946563720703,762885
2022-05-25,30.35330698764279,30.449667059948567,29.678788319417855,29.775148391723633,995183
2022-05-26,29.919685945107073,30.208766146216448,29.38970833327967,29.967866897583008,1062196
2022-05-27,30.016048883363876,30.449668307548606,29.967869764194724,30.401487350463867,795360
2022-05-30,30.835107668803605,31.316906226128662,30.786928548237356,31.172365188598633,1191312
2022-05-31,31.798699612148916,31.798699612148916,30.931460879667128,31.220542907714844,2049103
2022-06-01,32.23232218392877,32.762299828338634,31.943243802962584,32.18414306640625,5485713
2022-06-02,32.13595860234997,32.47321975913601,31.89505935143032,32.03960037231445,1612656
2022-06-03,32.280500202787444,32.3286793186702,31.316903181808716,31.41326141357422,1305279
2022-06-06,31.316901878779785,31.509622010123042,30.835103388337018,31.124181747436523,864498
2022-06-07,31.172362260401336,31.557802540387296,30.931463004367846,31.076004028320312,744480
2022-06-08,31.076002133838834,31.172360360045587,30.690563715265764,30.73874282836914,1061046
2022-06-09,31.12418154993243,31.12418154993243,30.449664770342054,30.59420394897461,1557589
2022-06-10,30.353305488824844,31.027824123742676,30.30512637400875,30.83510398864746,876353
2022-06-13,30.35330703044353,30.35330703044353,29.196989836974716,29.437889099121094,2299088
2022-06-14,29.48606950757908,29.919687068653264,29.48606950757908,29.72696876525879,869010
2022-06-15,29.919684860966193,29.96786581169629,29.4378863811573,29.53424644470215,945011
2022-06-16,29.967867569735237,30.064227638932966,28.907910484391138,29.004270553588867,1341027
2022-06-17,28.859730559239146,29.389708168087683,28.811549607034024,29.100629806518555,1243757
2022-06-20,28.907908904246796,29.100629032107914,27.992491053779506,28.185211181640625,1486357
2022-06-21,27.992492022938734,29.10063003963322,27.992492022938734,28.95608901977539,933469
2022-06-22,29.052449669230004,29.14880973842773,28.474291091959092,29.004270553588867,1065904
2022-06-23,29.341529876823184,29.58242913085978,28.811550415193413,29.004270553588867,921762
2022-06-24,29.437887282377403,29.437887282377403,29.00426974002371,29.100629806518555,730577
2022-06-27,29.43788807737309,29.534248146470215,29.245169777094276,29.341529846191406,894930
2022-06-28,29.389708379566148,29.389708379566148,29.14880913055331,29.29334831237793,471283
2022-06-29,29.100630622786593,29.24516980762546,28.907910484391138,29.004270553588867,698214
2022-06-30,29.004271372577808,29.19698967849957,28.811551228740548,28.90791130065918,565456
2022-07-01,29.004271372577808,29.148810561498003,28.715191156821916,28.90791130065918,763473
2022-07-04,29.10063222204316,29.245171414825332,28.859732954767686,29.14881134033203,725497
2022-07-05,29.245171414825332,29.486070682100802,28.90791207305656,29.14881134033203,712911
2022-07-06,29.19698824518971,29.389708379566148,28.907909881540473,29.29334831237793,737910
2022-07-07,29.3415295423945,29.630607908777375,29.29334858938707,29.486068725585938,1009691
2022-07-08,29.58243008502759,29.96786853633519,29.48607001272181,29.775148391723633,1339884
2022-07-11,29.871505737304688,30.016044913611804,29.678785610284972,29.871505737304688,998263
2022-07-12,29.87150968794083,31.172364284663846,29.72697049251778,30.401487350463867,2837135
2022-07-13,30.69056691728627,30.786926991461854,29.726969851361524,29.82332992553711,1319761
2022-07-14,29.9678683345769,30.112407523104704,29.486069814207223,29.582429885864258,639863
2022-07-15,29.678785920947778,29.775145985466285,29.148808322969032,29.389707565307617,788658
2022-07-18,29.389710510704752,30.064229192018296,29.389710510704752,29.82332992553711,963681
2022-07-19,29.775148391723633,30.064228608640967,29.630609202222722,29.775148391723633,661213
2022-07-20,30.06422587524114,30.69056353140963,29.341528155527797,29.53424644470215,2787359
2022-07-21,29.58243008502759,29.919687581224544,29.437889057611166,29.775148391723633,869370
2022-07-22,29.96786911784271,30.256947502453915,29.775148969491543,29.82332992553711,1544044
2022-07-25,29.967868022938493,29.967868022938493,29.630608694603808,29.72696876525879,606923
2022-07-26,29.77514538667735,29.871505449258024,29.534246149183335,29.67878532409668,576358
2022-07-27,29.582427384690455,30.016044913611804,29.534246433977856,29.871505737304688,1054046
2022-07-28,30.01604823597273,30.064229192018296,29.775148969491543,29.82332992553711,956274
2022-07-29,29.919688161797147,30.256947502453915,29.775148969491543,29.82332992553711,1388156
2022-08-01,29.967866897583008,30.786924710519784,29.87150683054655,29.967866897583008,4079919
2022-08-02,30.064225864324403,30.353304216938632,29.72696656099757,29.871505737304688,3214085
2022-08-03,29.871505737304688,30.305125104141375,29.775145673794828,29.871505737304688,2400261
2022-08-04,30.064229192018296,30.3533075766295,29.775148969491543,29.82332992553711,2218873
2022-08-05,29.87150904366713,30.112408310148314,29.726969851361524,29.82332992553711,1769505
2022-08-08,30.016046012143534,30.160585193740513,29.775146763510094,29.967866897583008,2191796
2022-08-10,30.160584377024467,30.256944441451598,29.967866086085564,30.064226150512695,1332591
2022-08-11,30.401483329735893,30.594203456755608,29.72696656099757,29.871505737304688,3477682
2022-08-12,29.82332992553711,29.96786911784271,29.775148969491543,29.82332992553711,1771097
2022-08-16,29.919684850101945,30.016044913611804,29.82332662450743,29.871505737304688,1458420
2022-08-17,30.016045199341452,30.112405263768583,29.919685134914317,30.064226150512695,1508868
2022-08-18,30.112405263768583,30.305125392622845,29.871506021658433,30.064226150512695,1710594
2022-08-19,30.160585708109856,30.449665914149303,29.96786740866566,30.01604652404785,2359422
2022-08-22,30.064228608640967,30.064228608640967,29.678788319417855,29.775148391723633,1451765
2022-08-23,29.582429885864258,29.726969074392063,29.43788885942096,29.582429885864258,1363705
2022-08-24,29.6306095123291,29.775148703342722,29.582430394629736,29.6306095123291,1099617
2022-08-25,29.775149611686935,30.931465012986905,29.67878953543304,30.401487350463867,5246018
2022-08-26,30.497844077444004,31.41326010653603,30.449664963565883,31.124181747436523,4678312
2022-08-29,30.59420617423587,32.18414276858368,30.353306913021417,31.65416145324707,7743208
2022-08-30,32.03960239667331,32.184143426689985,31.557803864392504,31.70234489440918,3235596
2022-09-01,31.60598158987727,32.28050024051694,31.557802473938207,31.75052261352539,3952351
2022-09-02,31.895058275620492,32.52139777721772,31.365080676639387,31.605979919433594,5567164
2022-09-05,31.60598158987727,32.184142008638815,31.60598158987727,31.75052261352539,3000913
2022-09-06,31.89506136665663,32.08778151473517,31.605982982454368,31.70234489440918,1834375
2022-09-07,31.509623627905654,32.76229903220617,31.41326171937118,31.9432430267334,6048592
2022-09-08,32.087779392485416,32.76229802823285,31.991421162734717,32.37685775756836,6298511
2022-09-09,32.66593867894744,33.4368155180259,32.328677534716995,32.61775588989258,6694021
2022-09-12,33.00320168102489,33.24410096336813,32.665944156076876,32.76230239868164,3412159
2022-09-13,32.90683738571808,33.436814974225804,32.714117260125086,33.24409484863281,3905232
2022-09-14,32.66593822477681,33.292274039643864,32.376856197789756,32.906837463378906,3798975
2022-09-15,33.0513764379331,33.14773834364473,32.61775705180791,32.71411895751953,2059941
2022-09-16,32.76229638911809,33.00319562727337,32.328677025272455,32.569576263427734,4177796
2022-09-19,32.7622969607906,33.43681557456126,32.47321860512624,32.95501708984375,3933196
2022-09-20,33.24409917109001,33.533177559150644,33.0513790204392,33.29227828979492,5931476
2022-09-21,33.2922776659403,34.448594872346106,33.2922776659403,33.581356048583984,6643770
2022-09-22,33.48430016599489,35.18277915992216,33.4357729352179,34.98866653442383,9844917
2022-09-23,35.182779129358224,35.61953161075247,33.92105261830069,34.163692474365234,5371546
2022-09-26,33.92105506267164,33.92105506267164,32.41668858714405,32.65932846069336,4700031
2022-09-27,32.75637945703686,33.24165915269666,32.368154219552906,32.61079406738281,2082800
2022-09-28,32.368154012994914,33.09607355183939,32.02845970915692,32.222572326660156,1625666
2022-09-29,32.51374165064667,32.80490874584601,31.882876525722708,31.979934692382812,1735107
2022-09-30,32.02845911250221,32.999018479547736,31.97993188462797,32.70785140991211,5753854
2022-10-03,33.04754901262917,35.37689320746079,32.901967314446274,34.84308624267578,15187837
2022-10-04,35.619529533303464,35.910696603121,34.64897016565155,34.794551849365234,7630575
2022-10-06,34.94014088318335,36.00775481810218,34.74602824890978,35.23130798339844,8076196
2022-10-07,35.18278347121345,35.52247783066883,34.69750369919671,34.94014358520508,3984607
2022-10-10,34.89161313275501,38.14298582465355,34.45486063771434,37.366539001464844,33430971
2022-10-11,37.56064700715735,37.85181406719623,35.61952833704472,35.76511001586914,13514062
2022-10-12,35.91069793701172,36.590090260081894,35.716585315793054,35.91069793701172,5951285
2022-10-13,36.00775416155649,36.347452190939016,35.571005370392584,35.71658706665039,5302937
2022-10-14,36.20186679229072,37.123899011485456,35.571005370392584,35.71658706665039,8736716
2022-10-17,35.765109327423794,37.172421076644,35.5224694983303,36.68714141845703,9253995
2022-10-18,37.12390109502477,37.46359544108179,36.395981465710555,36.73567581176758,9051597
2022-10-19,36.881256862980294,37.07536948168456,35.81364301369223,35.959224700927734,4189566
2022-10-20,35.95922479274727,36.10481018274477,34.50338570233329,34.6974983215332,12843853
2022-10-21,34.89161160794872,35.619531167075365,34.746026215167255,35.037193298339844,4419964
2022-10-24,35.42541697257833,36.250390955367244,35.23130435827795,36.05628204345703,2595886
2022-10-25,36.25039337162972,38.96796274819374,35.81364458833018,38.288570404052734,32375078
2022-10-27,38.725322137472475,40.81202265818138,37.75476272252219,40.03557586669922,27430574
2022-10-28,39.79293758329693,40.666442572179164,39.25913062448691,39.453243255615234,13324447
2022-10-31,39.79293956756592,40.278219318389894,38.628267425110245,38.82238006591797,10055200
2022-11-01,38.91942896387654,40.0841009396114,38.43414928251953,39.01648712158203,11478229
2022-11-02,39.16207103304771,39.55029628118109,38.09445715426645,38.77384948730469,9229976
2022-11-03,38.822375716451994,41.734053895185895,38.62826309739168,41.39435958862305,31445960
2022-11-04,42.122283049357655,45.131015966144375,42.025224879609006,44.69426345825195,69164175
2022-11-07,45.470706295582225,52.555792859815256,45.27659737797881,49.30441665649414,105238512
2022-11-09,50.37203504765113,51.827874168075844,47.89710558101685,50.46908950805664,61408329
2022-11-10,50.08086721343058,50.95437221812611,47.26624696948271,47.65446853637695,27966327
2022-11-11,50.711729321171845,50.711729321171845,47.89710554296406,49.64411544799805,39360410
2022-11-14,49.93528278856843,54.39985462969617,48.382385498583304,52.94401550292969,57183441
2022-11-15,54.302803042806666,59.932047223749564,54.01163594252162,58.86443328857422,149513441
2022-11-16,59.78646082564613,62.60108472038718,58.864432307180735,61.873165130615234,106255171
2022-11-17,61.873162360953344,61.873162360953344,56.92331085303321,59.25265121459961,76883204
2022-11-18,59.64087650079943,62.01874779640829,59.39823664823506,61.33935546875,46353447
2022-11-21,61.533469048837866,61.533469048837866,59.592350198116044,59.98057174682617,21905425
2022-11-22,59.98057117735177,60.17468380105907,55.370413950657735,56.29244613647461,23580025
2022-11-23,56.243917153284976,61.921688079833984,54.93365976088812,61.921688079833984,50605727
2022-11-24,62.989313909483975,67.74505700676978,62.552557685523624,65.1730728149414,92474825
2022-11-25,65.85245988860015,71.67581682621753,65.56129648458804,71.14201354980469,74360905
2022-11-28,74.05368477348293,78.22708572759697,71.96698059403565,77.74180603027344,127136239
2022-11-29,78.90648564744369,81.62404764392923,73.85957210291754,75.65510559082031,117037131
2022-11-30,74.53896420077764,74.92718203340566,71.91844940185547,71.91844940185547,29921056
2022-12-01,71.43317655362641,75.50953082999035,70.46261706946089,72.84049224853516,64056280
2022-12-02,72.93754577636719,74.53897038556596,72.01550983541946,72.93754577636719,17394032
2022-12-05,73.66546855536457,74.68455160166737,69.2979507446289,69.2979507446289,18116172
2022-12-06,68.42444785435995,71.04495566133765,66.43479782717866,69.88028717041016,33248967
2022-12-07,70.26850320209131,70.55966658403422,68.0847445160063,68.37590789794922,13041752
2022-12-08,68.32738273480523,70.12291613054828,68.03621195504991,68.57002258300781,9807645
2022-12-09,68.90972347380671,69.15236334519335,65.17307093540865,65.36717987060547,12421135
2022-12-12,64.54219907864535,68.61854553222656,64.05691938632471,68.61854553222656,18964486
2022-12-13,70.26850000145302,72.01550242787891,69.58910399830374,70.4140853881836,29250879
2022-12-14,70.4140877005663,72.20962111646077,69.00677212232856,71.82139587402344,12567429
2022-12-15,71.33611930234639,71.72434456181875,70.0258655308105,70.65673065185547,8970104
2022-12-16,69.686171897694,71.04494921217135,67.45388218714236,68.08474731445312,7915636
2022-12-19,68.61854381765579,68.95824551761649,66.62890157172461,67.98768615722656,6550101
2022-12-20,68.42443455867664,71.3846435546875,68.13326379013186,71.3846435546875,14079409
2022-12-21,72.8404843319462,73.42281847819892,67.84210205078125,67.84210205078125,15449962
2022-12-22,68.42443603903402,68.76413033983202,64.49366760253906,64.49366760253906,8020230
2022-12-23,64.49367034017295,64.49367034017295,61.290828704833984,61.290828704833984,7499743
2022-12-26,59.68940313043516,63.76574965060143,58.42767665026987,61.82463455200195,19245865
2022-12-27,62.552551702760205,63.95986730565619,60.99965811058251,61.67905044555664,8866063
2022-12-28,63.57164447889174,64.73631286621094,63.32900461446849,64.73631286621094,13819215
2022-12-29,65.9495111330456,67.93916095139157,64.15397764600073,66.53185272216797,18565280
2022-12-30,67.64798500186562,67.74504686251024,65.65834273991683,66.24067687988281,6622596
2023-01-02,66.24068192760679,67.35682676705011,65.80393314054592,66.53185272216797,5203364
2023-01-03,67.16270315634306,69.83174133300781,66.72595441661903,69.83174133300781,21672205
2023-01-04,71.38465248011205,72.7919607595509,70.21997666509054,71.23906707763672,17255566
2023-01-05,71.96698344826615,72.452263164836,69.00677421527767,69.9288101196289,6983515
2023-01-06,71.4816999316782,72.11256501063794,69.297941323204,70.31702423095703,8186267
2023-01-09,71.82139709385106,72.258145871023,69.68616933135156,70.02586364746094,4675388
2023-01-10,70.07438783336126,70.3655586240628,67.89062911744206,68.27885437011719,4668639
2023-01-11,68.81266380372857,70.55966630276411,68.27885316512342,70.07438659667969,6309231
2023-01-12,70.55966510106109,73.56840515136719,70.17144726662983,73.56840515136719,30422685
2023-01-13,75.50952876173284,77.2080078125,74.92718716335928,77.2080078125,23634703
2023-01-16,78.90648052622807,79.3432292851516,74.05368362805365,74.5389633178711,21961954
2023-01-17,74.53896882792813,75.21835748198203,71.33611967646037,72.25814819335938,10587375
2023-01-18,74.2478032176617,75.84922790527344,73.95663239999357,75.84922790527344,16306972
2023-01-19,75.80069002683561,77.49916902989112,74.78160706787078,74.92718505859375,12203134
2023-01-20,75.41246119235925,76.67419135376375,74.34484735066799,74.49043273925781,8218975
2023-01-23,75.26688089049995,75.26688089049995,73.76251092937044,73.90809631347656,3657558
2023-01-24,73.85957147314754,74.92718536997737,73.03459743490544,73.22870635986328,3555260
2023-01-25,73.7625224371734,75.21836169580182,72.88901740104006,73.47135162353516,6912585
2023-01-27,74.2477966591625,74.53896745111078,69.83174827503855,70.7537841796875,7990713
2023-01-30,70.85083449791217,72.69489879456735,69.29794097617429,70.36555480957031,5743643
2023-01-31,71.04494945161802,73.85957336425781,70.26850632712565,73.85957336425781,11721363
2023-02-01,75.60658373176092,77.11094645819584,70.17145221394298,70.51114654541016,23016937
2023-02-02,70.85083076659699,73.37428353212252,70.85083076659699,71.62728118896484,7695165
2023-02-03,72.40372993650935,72.98606409698057,69.00677202818322,70.17144775390625,5977975
2023-02-06,70.6081971938156,70.65672812630781,68.23032959731071,69.2494125366211,4082199
2023-02-07,70.947886992478,71.67580650485934,69.44352444309136,69.73468780517578,6924317
2023-02-08,70.36555326956108,73.51987117474829,68.90971423639775,71.3846435546875,10476774
2023-02-09,71.38464511700039,72.06403371876684,69.73468973376981,70.36555480957031,4784724
2023-02-10,70.31703188342976,70.36556281970067,69.39500333253238,69.49205780029297,3393279
2023-02-13,68.90971391037483,69.00676836450383,66.96859520867413,67.21123504638672,5530564
2023-02-14,67.16270639179125,69.1523560903377,65.46422747027418,67.79357147216797,7080814
2023-02-15,67.93915657609595,69.1523558006691,67.30829149836184,68.66707611083984,4186961
2023-02-16,68.90972006526334,69.54058518061981,68.08474602431143,68.23033142089844,3320801
2023-02-17,68.13327060689895,68.13327060689895,65.99804277320757,66.4347915649414,4849471
2023-02-20,66.67742716128383,66.72595809271802,64.15397422709715,64.39661407470703,4067913
2023-02-21,64.39661499987595,64.63925485097178,62.35844173162714,63.0378303527832,7580165
2023-02-22,62.018748115924694,62.74666767736798,59.98057112244926,60.465850830078125,7458180
2023-02-23,60.4658494754555,64.34809075190249,59.73792993031986,63.134891510009766,13077206
2023-02-24,65.02748135785815,65.41570660811495,60.9996582704078,61.2422981262207,11041811
2023-02-27,61.04819046199293,61.24229938873251,59.301180502213064,59.4467658996582,5107341
2023-02-28,59.640873949570654,59.786455633447595,55.46746940446531,55.758636474609375,12672298
2023-03-01,55.807169563749916,57.65123403898657,54.39985759079463,56.77772903442383,13757147
2023-03-02,60.17468454226597,65.51276139682183,59.98057191616768,63.717227935791016,89921655
2023-03-03,64.93042591064733,66.38626502342066,62.7466672414873,63.86281204223633,30085137
2023-03-06,64.05692064811589,64.8333711330356,63.231946635876575,63.474586486816406,12489978
2023-03-08,63.329002037644386,63.329002037644386,61.92169014077422,62.11580276489258,8326899
2023-03-09,62.261387620996324,64.93042599800506,61.97021683613766,64.25102996826172,17999131
2023-03-10,63.95987067005811,65.31865541148083,62.843725796575825,64.6392593383789,14685079
2023-03-13,64.54220576232235,64.63926022988088,61.72758177443776,62.06727981567383,8235118
2023-03-14,61.193769147699484,62.358441162813754,60.22320975216931,61.43640899658203,8885622
2023-03-15,62.11579947102054,62.74666454035415,60.36879335137612,60.805545806884766,5484970
2023-03-16,60.56290785696417,60.61143508633869,58.524730901722045,60.1746826171875,6603537
2023-03-17,62.11580063343971,62.69813478342211,60.80554694478418,61.09671401977539,10572194
2023-03-20,61.873161371973026,62.940775224494104,61.77610691352211,62.69813537597656,14611658
2023-03-21,63.66869893764363,63.95986973683622,61.63052555763856,62.261390686035156,7922128
2023-03-22,62.21285820691553,63.911337215554774,61.824636654946524,63.668697357177734,8352816
2023-03-23,63.37753430551837,63.47458876842683,62.60108379268894,62.79519271850586,4343060
2023-03-24,63.765747926043325,64.25102761316627,62.35843979529893,62.843719482421875,12029374
2023-03-27,63.42605342337935,65.17306325335277,61.82463268242397,64.54219818115234,15200230
2023-03-28,64.7363096731724,64.97894952562774,62.698136393503674,64.25102996826172,8572136
2023-03-29,64.00839037870189,65.41570597159138,63.28047081834615,65.07601165771484,8258998
2023-03-31,65.90098702970371,67.64798956750893,65.31865285043531,66.58037567138672,16282805
2023-04-03,67.93916127284832,73.9566268808168,67.93916127284832,73.13165283203125,53179154
2023-04-05,74.39337661464802,75.31540504708694,71.9184472784252,72.9860610961914,29291754
2023-04-06,73.80110666997996,74.24838307103568,72.65805770995263,73.4532241821289,14057553
2023-04-10,73.65201178087707,74.397477502512,72.40956891148552,73.8508071899414,12834318
2023-04-11,73.95020928530839,74.1489971330988,72.80716020233777,73.05564880371094,5899954
2023-04-12,73.25443428547419,73.75141147216878,72.06169207071521,72.3101806640625,7311924
2023-04-13,72.75744899175449,74.4471757881997,72.65805508214459,73.10533905029297,10190008
2023-04-17,73.00594832246452,73.20474375426681,72.11139542080039,72.65806579589844,4423677
2023-04-18,72.80714986165364,76.73326617242148,72.80714986165364,74.54656982421875,20665863
2023-04-19,74.9441543054052,75.34173753446625,73.65201070677416,73.99989318847656,7903694
2023-04-20,74.44717661700118,77.32964552739345,73.95019948014973,76.63387298583984,27529013
2023-04-21,78.47269442526684,79.26786095403855,76.23629709427516,77.03146362304688,26606072
2023-04-24,77.03145844983919,88.2134443538481,76.335693471342,87.21949005126953,124186965
2023-04-25,88.16375203949173,104.66340110733088,87.81586951696336,103.9676284790039,265783162
2023-04-26,107.39677461950545,114.00656523079965,99.64392736248298,104.1167221069336,395800528
2023-04-27,104.31550034040761,105.3591553846006,100.14089533017463,102.57608032226562,95231203
2023-04-28,103.61974307775229,110.32893507559237,103.17246664453764,106.89979553222656,109682443
2023-05-02,111.81986255094701,117.58480072021484,111.81986255094701,117.58480072021484,92737237
2023-05-03,121.75940250994753,129.31346130371094,120.81514895236188,129.31346130371094,141043167
2023-05-04,134.92929755287028,138.60692546575487,123.54852373917727,128.51829528808594,108787376
2023-05-05,127.72313149575781,141.34030279312603,125.88431750060514,140.7936248779297,89930074
2023-05-08,141.1415183738426,143.52700275861557,133.7862622153428,134.183837890625,54717503
2023-05-09,134.18383949681333,136.61902466178083,127.47464752197266,127.47464752197266,28750628
2023-05-10,122.45517149637294,123.94610300444535,121.11333465576172,121.11333465576172,4063117
2023-05-11,119.77149941752853,127.12676313907637,118.2805678895095,125.93401336669922,51443098
2023-05-12,126.62978425190467,127.87221959186142,119.67210388183594,119.67210388183594,21812742
2023-05-15,122.75335864033693,124.19458937244192,116.39204946944692,119.97028350830078,22629191
2023-05-16,121.11333863869653,121.61031582439759,115.9944721093215,118.0320816040039,19515392
2023-05-17,118.77754347643557,123.64792125279274,118.4296609745393,121.11333465576172,27047616
2023-05-18,122.95214540990109,123.44912256609838,118.42965783846753,120.11937713623047,11139331
2023-05-19,120.96423873551409,121.66001131537054,114.50353560077832,115.49748992919922,15519596
2023-05-22,115.79568139411879,118.77754443431068,113.16170085862863,115.19931030273438,22110096
2023-05-23,115.54719275077888,116.09387067452062,111.96895862095711,112.31684112548828,13243599
2023-05-24,111.52167336360105,117.93268337488256,110.32893119480299,114.30474853515625,25125303
2023-05-25,115.00051458308717,115.64658642342874,113.01260589481758,114.15565490722656,8586978
2023-05-26,114.95081696953338,117.48539589907743,114.0562565777598,115.14960479736328,11470740
2023-05-29,116.24295611460919,120.8648452758789,115.89507361500173,120.8648452758789,21255724
2023-05-30,116.78963306938029,118.6781478016242,114.85142517089844,114.85142517089844,21325891
2023-05-31,111.96895798714345,120.56666455013328,109.93134855557096,119.27452087402344,37688329
2023-06-01,122.2066811795711,122.70365834188456,117.33631105551498,117.73388671875,15717749
2023-06-02,118.57875234556269,119.02602875224241,116.44174906007937,117.23690795898438,7803213
2023-06-05,115.39809838894898,118.3799614356054,115.39809838894898,116.24295806884766,11124037
2023-06-06,116.54114745458632,120.2684762644345,116.1932649489878,119.12542724609375,17258863
2023-06-07,120.66605961254317,131.40076204310515,120.26847635586978,126.33159637451172,77730167
2023-06-08,127.97161687170474,128.81648409825007,122.35577352728282,124.59217071533203,20246282
2023-06-09,125.18854760589217,126.03341487174048,121.46121878574924,124.49278259277344,13927005
2023-06-12,125.03946052297593,125.88432020557646,122.75336247992047,123.05155181884766,8927831
2023-06-13,123.59821459385003,123.69760850631597,120.9145410409225,121.21272277832031,9442611
2023-06-14,121.66001234953099,124.98975786139124,120.86484584672715,122.9521484375,13905348
2023-06-15,123.49882689524804,124.54248198682566,121.90850146596722,122.15699005126953,8875001
2023-06-16,122.55457618932803,124.04550773623825,121.36182640183786,122.10729217529297,10555409
2023-06-19,122.4551736320856,127.02736973653279,122.25638579418352,123.69761657714844,15461555
2023-06-20,117.28660868989924,123.6479177965138,117.28660868989924,121.95819091796875,26873495
2023-06-21,126.23220271214493,126.97766847619303,122.2563853038884,123.05155181884766,18687198
2023-06-22,123.49882555526482,123.64792022148247,121.06364047903227,122.70365905761719,8259055
2023-06-23,122.90245791716804,122.90245791716804,119.62240550155762,120.41757202148438,6318403
2023-06-26,122.25638372400824,123.94610306737361,121.56061871986246,122.55457305908203,9499004
2023-06-27,123.05155365076862,126.82857569488053,122.45517496403568,123.15094757080078,18696042
2023-06-28,123.7473173374083,124.09519984539763,121.95819646307756,122.25638580322266,6120935
2023-06-30,122.80306640103039,122.8527595699545,120.76545689338944,121.16304016113281,6977844
2023-07-03,122.15698974472033,122.25638366193786,120.76545215386545,121.11333465576172,6882222
2023-07-04,121.06363570125612,122.95214278791727,120.5169578077893,121.21272277832031,6978884
2023-07-05,121.26242885866162,125.23824619828989,120.26847452375456,123.3497314453125,17210344
2023-07-06,123.2503412112448,124.44308341546498,121.85880358414127,122.10729217529297,8323469
2023-07-07,122.75336564883618,123.69761927436535,120.86485081450776,121.16304016113281,9294602
2023-07-10,123.15094383581017,124.44307992357956,121.11333441223373,121.51091766357422,9605491
2023-07-11,122.25638229304218,122.85275337293966,119.92059113986971,120.2187728881836,8036326
2023-07-12,120.71574924903156,121.66001040391903,118.87693527188289,119.97028350830078,10302856
2023-07-13,120.36787099086014,120.56666641201535,116.34236039915875,117.93268585205078,7946038
2023-07-14,120.26848133039275,121.11334104622493,118.18117862561022,118.77754974365234,8863951
2023-07-17,119.3739121522686,120.76544971502155,118.03207533875563,118.9266357421875,8493109
2023-07-18,119.72179464713943,121.06363904392205,118.42965858286642,118.9266357421875,10815497
2023-07-19,119.77149620060611,120.51696194459329,118.82724262486357,119.17512512207031,5903962
2023-07-20,119.3739220717864,129.0152843137375,118.42966842392033,127.92192840576172,71718021
2023-07-21,129.66133875308603,138.15965127105216,129.3134638390178,135.8238525390625,103032705
2023-07-24,140.2966535737014,145.7634026209685,131.89774216166276,134.92930603027344,70774038
2023-07-25,134.68080981471672,134.68080981471672,127.22615244489846,128.76678466796875,39446235
2023-07-26,130.35710523945923,134.730513422469,129.76074173714397,133.43836975097656,34898129
2023-07-27,125.23825073242188,129.61164389773168,124.24429636152965,125.23825073242188,61077617
2023-07-28,122.00789371114575,122.40547695883397,118.926636812284,120.2187728881836,74826227
2023-07-31,121.95819385978866,124.94005686450986,121.51091744238839,123.3497314453125,54533231
2023-08-01,125.1388554864427,125.73522658600692,123.7970186166057,124.34368896484375,29234876
2023-08-02,124.24429320685644,125.48673613892501,121.01394158347817,122.80306243896484,23973096
2023-08-03,123.25033806322782,124.3436863197154,121.41152405232556,122.55457305908203,14425991
2023-08-04,123.2006367565749,123.4491253402576,121.51091742084044,121.90850067138672,11897709
2023-08-07,123.25033783616962,125.13885259386167,121.90850099734915,124.39338684082031,24525745
2023-08-08,125.18854947290497,125.3376441445882,122.10729245228814,123.15094757080078,14079922
2023-08-09,123.64792731441777,128.36920307149632,122.80306760174625,126.38130187988281,44912351
2023-08-10,126.72917803517778,127.87221945672238,125.23824652888156,125.8346176147461,18515076
2023-08-11,126.43098709573175,126.82857034235121,124.98975635791456,125.33763885498047,10302756
2023-08-14,126.53039204775953,126.58008521539949,122.50487388869722,124.49278259277344,11631292
2023-08-16,124.19458982848013,126.03341139565056,123.34973016920354,123.89640808105469,16655371
2023-08-17,124.49278284323002,125.93401362327681,123.49882848919226,124.09519958496094,12231236
2023-08-18,124.04550773623825,124.49278416700332,121.66001574452791,122.10729217529297,9816820
2023-08-21,122.50487153692897,124.44307945288688,122.0575951204063,123.747314453125,12614724
2023-08-22,124.4430842331195,124.84066749822856,123.2503420210624,123.7970199584961,8220149
2023-08-23,124.24429346080667,125.43703564472247,123.30003986381249,123.84671020507812,10090234
2023-08-24,124.44308209222017,127.9716230823622,123.69761632669184,124.09519958496094,21592871
2023-08-25,123.25034149083294,124.79097379277636,122.25638712397138,123.15094757080078,9332051
2023-08-28,123.49882721739769,127.0770613384309,122.95214929499865,126.0831069946289,20693995
2023-08-29,128.1207025049659,132.04683410179476,126.38129007271738,126.9776611328125,73184822
2023-08-30,128.02131859979008,130.20801505597186,127.2758528647368,127.72312927246094,24386109
2023-08-31,129.71104302000361,131.9971410643921,129.21406584368177,130.25772094726562,28446824
2023-09-01,131.00317950930875,138.15964742157917,129.81043738502018,137.46388244628906,72952804
2023-09-04,142.13547868226516,162.46184305491735,141.73790299032956,153.466552734375,243994049
2023-09-05,157.04478053042763,162.01455206620068,151.77681966920042,155.80233764648438,93875981
2023-09-06,155.95142711903438,155.95142711903438,147.10523971622828,148.94406127929688,50668451
2023-09-07,149.78892297197254,156.4484143264241,148.04950279606516,152.96957397460938,47181664
2023-09-08,153.81442738831194,164.79762539829727,153.41685173631475,161.86546325683594,94642035
2023-09-11,167.9782764766965,190.59073677163641,167.08372367450127,188.35433959960938,229093837
2023-09-12,195.31202771646414,198.0454021501551,160.17573574767522,168.82315063476562,185688235
2023-09-13,165.6921844482422,174.5383871209661,157.24357260905097,165.6921844482422,123372887
2023-09-14,169.96618939696677,173.64381736230672,167.28251575558568,169.91648864746094,54896101
2023-09-15,171.40742061669505,171.457121366341,167.23281547760504,169.12132263183594,37898734
2023-09-18,170.71165879872407,170.71165879872407,163.10791412408673,164.35035705566406,17676535
2023-09-20,163.16496385578478,168.09577007128266,159.87775464557552,162.81631469726562,19113572
2023-09-21,162.66689510042679,164.95798112712066,157.38743996055774,158.18434143066406,17920990
2023-09-22,159.37969115151222,167.29886651567662,158.08472812097983,166.20314025878906,34462689
2023-09-25,166.70120977632607,171.0343362172257,164.1610927870359,169.14170837402344,34727498
2023-09-26,169.6397600306624,170.08801236739978,164.65914473439886,166.0537109375,15986625
2023-09-27,166.750999243427,169.58995613075507,166.15333450900098,167.84674072265625,14165805
2023-09-28,168.69345479571706,169.14170715538987,164.6093439639595,165.4560546875,12565456
2023-09-29,166.30273745935,171.28335262854065,165.5556451839714,168.7930450439453,15240934
2023-10-03,170.1876407287151,176.2141734307335,169.7393731660709,171.83123779296875,27914702
2023-10-04,172.7277424681325,173.77367478127346,167.79693607719094,170.48646545410156,18738459
2023-10-05,171.4327888535941,172.62813351458863,168.64364117818556,169.54014587402344,10154669
2023-10-06,170.13782411719058,172.1300702656363,167.94635639382668,169.39073181152344,11080543
2023-10-09,164.85837052219597,165.60546283574067,159.6287243273831,160.62484741210938,21811811
2023-10-10,161.86999705990323,166.70119997508223,161.86999705990323,164.70895385742188,16819515
2023-10-11,165.754869154144,167.69732125799757,164.11127220433255,164.5595245361328,8395665
2023-10-12,165.70508709486512,166.8008134071055,163.61322246297408,164.2606964111328,7194861
2023-10-13,163.16496466407193,170.13782627194138,162.61709392638434,167.3486785888672,27614191
2023-10-16,167.34868076065732,168.09577308548168,164.70896062613082,165.30662536621094,8047553
2023-10-17,166.5517783284613,173.52463998862106,165.35643365521747,169.6895751953125,39872845
2023-10-18,170.0880158704198,171.03432975627322,165.85449278140499,166.35255432128906,12134308
2023-10-19,165.3564233508246,167.74711254833343,163.91204799401171,166.103515625,7683165
2023-10-20,167.04983131265485,171.8810341522571,166.10351746149615,167.5977020263672,17925748
2023-10-23,168.2949876906616,168.54401845528218,155.39519712324187,157.13841247558594,15748746
2023-10-25,159.37969057617553,161.7205858613658,146.47989991009268,150.56399536132812,22285809
2023-10-26,148.17330502047398,152.3072096353102,141.5988867514776,150.9126434326172,28015351
2023-10-27,152.50645070742854,157.8855092976535,152.00838916390282,157.08860778808594,16533451
2023-10-30,157.7858908763336,158.682410774273,153.10411540809037,155.7438507080078,10466570
2023-10-31,156.59054662691426,159.3298851229945,152.90489423575093,153.5523681640625,11535283
2023-11-01,154.3990759756051,155.04654989177908,152.00838668551296,152.40682983398438,7934752
2023-11-02,154.39907264599879,155.14616493299556,152.75547569445848,153.4527587890625,6654814
2023-11-03,154.44888637399953,155.0963602952248,152.8052741745608,153.4029541015625,8110790
2023-11-06,154.3990777765663,156.69016390608044,153.4527638881847,153.90101623535156,9802051
2023-11-07,154.6979211801111,157.8855120748182,153.80140126621603,155.54461669921875,10398420
2023-11-08,156.29170979613286,162.31825764835835,155.69404505022976,161.4217529296875,20438743
2023-11-09,162.36806678165354,163.7128390587779,159.37969745438386,160.0769805908203,12066384
2023-11-10,156.98900281249854,158.33375984493435,154.69791669842823,155.59442138671875,10860264
2023-11-13,157.13841295264095,157.33763452501591,155.9928775117612,156.2917022705078,5658184
2023-11-15,161.3719419814376,162.26844669037047,157.9851295258776,159.9275665283203,10489711
2023-11-16,159.52909949508023,160.07697020947552,157.53685340610198,157.835693359375,5767081
2023-11-17,158.13453731439103,168.3447987787848,157.48706339894073,166.20314025878906,49242214
2023-11-20,167.00002234392747,168.94247444056293,163.41398850321954,164.06146240234375,15508870
2023-11-21,164.95798189215682,170.43665862505338,164.6591419395271,166.2529296875,18276062
2023-11-22,166.95023590500534,167.24906067219433,163.06534673559545,165.15721130371094,10600693
2023-11-23,165.5556556334097,167.54790182683132,164.95799089516254,166.15333557128906,8264019
2023-11-24,166.30274512737427,167.84673894094138,164.65914812560953,166.35255432128906,9140137
2023-11-28,166.60159018440078,168.0459656542942,164.90818393695218,165.4560546875,9900235
2023-11-29,166.10352005993147,166.8506123540541,164.4101138998465,164.70895385742188,7582017
2023-11-30,164.8085540696241,165.10739402180704,161.47155100253684,163.5634002685547,10151856
2023-12-01,164.21089340617993,168.69344720034718,163.61321348710493,164.3603057861328,10803510
2023-12-04,168.34480076216062,174.91921917947056,166.25293621129873,171.7316131591797,42370540
2023-12-05,172.6281363963574,173.57445030212403,167.84674247292912,169.34092712402344,13059659
2023-12-06,169.7393697754118,172.77754826345185,167.09964964624797,170.18763732910156,15836447
2023-12-07,167.44829040355995,171.08413344792825,167.09964125700125,169.44053649902344,10201395
2023-12-08,170.3370530663525,175.0686378737512,168.89267758612573,170.48646545410156,24620500
2023-12-11,171.33316655752662,180.09905253760547,171.13394498517675,177.65855407714844,51111463
2023-12-12,182.53955674996277,184.88045209782334,175.9153442629002,177.26010131835938,32976209
2023-12-13,178.0570016457417,178.7542847661063,174.52076165005371,176.26397705078125,10438818
2023-12-14,177.80796446662492,186.47423196372742,177.3597121339463,181.0453643798828,53402614
2023-12-15,182.5395597970427,186.27502145728232,180.49750438285187,182.43994140625,33011787
2023-12-18,183.2866407718507,183.485862341459,178.65467468002336,181.89207458496094,14940222
2023-12-19,182.48974841569643,187.17152393385638,182.24071764133012,183.13723754882812,23085130
2023-12-20,186.6734557216632,186.77307410770663,169.3409205243207,171.4327850341797,27386563
2023-12-21,170.13783105874555,177.55894522455793,164.9579939013778,176.7122344970703,19234072
2023-12-22,177.70835703069054,178.00719700409888,174.32154453108248,176.21417236328125,8887707
2023-12-26,177.0608775097997,179.80021598041543,174.71998219142074,177.95738220214844,9823977
2023-12-27,178.65468107494604,180.099056505847,175.86553340169786,177.11068725585938,6991847
2023-12-28,177.90759439461343,178.25622836503643,175.3176682161133,176.7122344970703,6859414
2023-12-29,176.7122257871717,183.93411801398076,176.46319502073,180.8461456298828,20186770
2024-01-01,181.1947846869365,184.88045229379517,180.39789837158213,181.29440307617188,13833701
2024-01-02,181.69284790358134,182.68897100656068,176.8118507788354,180.09906005859375,7909774
2024-01-03,182.19089956673096,188.26725624496606,182.04148718924628,184.58160400390625,45596593
2024-01-04,185.92637351620942,187.66958896915938,183.78471489672393,184.7808380126953,15879759
2024-01-05,185.62753387002113,186.17538938020928,182.29051561900113,183.93411254882812,10233509
2024-01-08,184.73101552987694,184.7808247220194,180.59711097578676,181.39401245117188,8211288
2024-01-09,182.34032714384713,186.47423171699248,181.14498252507522,184.58160400390625,11569461
2024-01-10,185.278892332466,198.42771390968235,182.14111071959152,196.6346893310547,72587866
2024-01-11,199.97170449301072,204.6036706467446,197.78023679876708,199.025390625,51040633
2024-01-12,200.02152230931839,206.19748251376555,197.7802453254731,202.46202087402344,29429746
2024-01-15,203.458142924064,229.75578665177676,202.76085979485043,219.7945556640625,136773825
2024-01-16,224.12769452771573,231.05074694097877,218.15095600697666,222.68331909179688,68897751
2024-01-17,222.53389436759014,244.94666410826815,215.21239870541467,239.46798706054688,114133165
2024-01-18,246.64008628245153,250.42534191260788,226.16975348419146,242.6555938720703,105611386
2024-01-19,244.7972490695413,291.16676669289626,244.05015675295064,290.120849609375,178930889
2024-01-23,330.71284454477814,344.16050539223147,287.2320805511981,287.6305236816406,80917623
2024-01-24,287.6305269773445,304.36538184177584,264.12201722072894,297.6913757324219,53922343
2024-01-25,298.83693618283985,308.59893060510655,296.9443083335349,300.7793884277344,27527924
2024-01-29,304.56463126845165,307.5032065098969,292.1628867807257,297.8905944824219,17198256
2024-01-30,299.6338189320662,303.0206618209994,287.4811352456955,295.1014709472656,16994531
2024-01-31,296.4960211799431,308.3498794521535,294.25474430665383,307.054931640625,21529178
2024-02-01,310.79041463908436,317.66365811374953,293.4578783640654,296.39642333984375,34481062
2024-02-02,299.0859644363225,300.82917988266246,285.98695159082115,293.4080505371094,17179265
2024-02-05,293.8065273831884,293.8065273831884,276.922228283194,280.2592468261719,15716341
2024-02-06,280.4086319586656,287.18225637913446,266.1640848394756,284.09429931640625,17061913
2024-02-07,287.92936034304995,290.17063724369416,279.01407713337903,279.76116943359375,9794286
2024-02-08,281.25535355122713,288.7760705341068,278.167365969121,280.6078796386719,9231980
2024-02-09,256.9997497382021,271.79218327391646,249.52882678069628,258.2449035644531,35310986
2024-02-12,257.6970576169398,257.6970576169398,225.27323253689804,228.70986938476562,32239387
2024-02-13,227.61412267085325,255.40595038757294,222.63350729512342,244.7474365234375,52120543
2024-02-14,240.06566625997002,252.1685558027671,235.08505077739804,247.88523864746094,22348631
2024-02-15,249.1801792526742,261.7811299765651,247.2377423109958,258.3943176269531,18846018
2024-02-16,257.99588382490134,258.7429761525797,249.7778682204402,250.72418212890625,10975697
2024-02-19,253.31410551938652,280.2094138232755,253.01526555164318,265.2177734375,51506679
2024-02-20,266.5625468689227,268.2061438993163,260.13754073279875,266.2138977050781,15398431
2024-02-21,267.55865221298177,272.5392673681033,258.04565902714216,259.34063720703125,13483046
2024-02-22,260.88461698456996,262.27918315477547,252.51718956407447,260.3367614746094,12248384
2024-02-23,262.97647782176006,270.8458436161194,261.9803547997079,263.57415771484375,14200106
2024-02-26,265.51659602684725,271.7921896990648,262.578051166986,265.9150695800781,14614169
2024-02-27,267.35941894106327,275.8762892071814,264.47066819319355,265.865234375,18452082
2024-02-28,267.3096370916979,269.3516772650434,256.0036339483666,257.9958801269531,10945242
2024-02-29,259.29081759231593,259.29081759231593,239.9162425215517,243.3030548095703,31125179
2024-03-01,244.4485971552461,248.33348627753904,243.60190165909273,245.24549865722656,10474862
2024-03-04,249.77785565670135,249.77785565670135,240.11546507800352,241.60964965820312,12608680
2024-03-05,241.60966033226777,247.2377497531435,237.2267095836024,240.314697265625,8990938
2024-03-06,240.86256672072014,241.51004065076188,231.15036657230104,236.62904357910156,9329415
2024-03-07,237.52554261328737,241.01197335258806,235.2842657094512,237.02748107910156,6393948
2024-03-11,251.3218624351413,256.9997610937988,243.10384681876982,244.4984130859375,25948260
2024-03-12,249.03077386599682,251.47127240995715,238.32245058975894,242.50616455078125,19693167
2024-03-13,244.05015000362621,244.64782992022245,218.6988211350126,221.73699951171875,26257106
2024-03-14,221.73700300979695,247.4867754292768,212.22402458496055,242.55596923828125,38958684
2024-03-15,241.51003486935548,247.8354224329118,231.39939180596542,244.5980224609375,28212318
2024-03-18,248.58251173162998,252.01913323582858,242.15752105862705,243.4524688720703,13484133
2024-03-19,242.0081053234007,246.83930846257505,239.4679883656867,244.4984130859375,9884197
2024-03-20,247.03853042039304,247.33737039227967,236.5792378017877,238.27264404296875,11717711
2024-03-21,246.04240121041826,248.43309052694198,242.95441357691243,243.55209350585938,14067406
2024-03-22,243.75131982407217,252.01914460397077,242.05791359195612,248.88136291503906,14803746
2024-03-26,253.01527085711444,266.8115820604755,251.57089538230545,259.4402770996094,43345234
2024-03-27,261.581925702274,265.2675628420111,253.41370432358963,255.00750732421875,16973630
2024-03-28,257.64723295412153,257.8464697332234,250.37554650587057,251.91952514648438,11074200
2024-04-01,259.98813714407237,264.66992801863347,258.7429832305471,260.7352294921875,13309346
2024-04-02,259.9881265380704,265.7656283014329,257.5476128074135,263.37493896484375,13027421
2024-04-03,262.3788029642662,269.5509010203936,260.8348244101581,264.02239990234375,13266979
2024-04-04,265.4170044551013,267.65828136508304,260.4363890995862,262.92669677734375,7680571
2024-04-05,261.38268944843816,266.56254161099093,258.0456710590588,263.07611083984375,12817238
2024-04-08,265.3173786782105,269.65051999666963,261.58191726561864,263.17572021484375,8897347
2024-04-09,264.2714378839751,264.57029304405006,259.68929608879523,261.0838623046875,5674854
2024-04-10,261.1834890521564,262.0799937625522,258.24491374663546,259.14141845703125,4863470
2024-04-12,257.99586335538055,260.7849956643825,255.5055557940352,259.19122314453125,6856810
2024-04-15,246.0423937793747,255.10711963004636,244.05014767589796,250.02688598632812,14211279
2024-04-16,248.88136753069588,259.9881342352211,247.28756445936259,256.900146484375,9732040
2024-04-18,258.294715062573,260.98425966925237,256.20288081211726,258.89239501953125,8129109
2024-04-19,252.66661942242658,261.3826965883834,250.82380079854653,257.4480285644531,9991595
2024-04-22,260.7352261241104,263.9726262574565,259.6394846145094,263.12591552734375,8530666
2024-04-23,264.91895241798574,278.91446990907446,263.12591258615424,276.2747497558594,33985045
2024-04-24,279.9105797921133,285.09043186256235,277.86853967931387,283.1479797363281,30147590
2024-04-25,286.88345388210917,291.71465701518514,284.74179528888385,286.0367431640625,21646420
2024-04-26,286.8834343234651,293.8562955743826,281.15572686735425,288.77606201171875,24631495
2024-04-29,290.66869755745967,295.15125133993826,285.58849425672804,287.6803283691406,14426490
2024-04-30,290.76831924137304,292.3621222397388,284.3433436531755,285.2896423339844,9939575
2024-05-02,286.88345285919115,290.7185328748353,283.6958467788277,287.73016357421875,9181814
2024-05-03,288.8756856115906,289.37374713850716,280.50825803924545,282.9985656738281,9283077
2024-05-06,284.6919593863795,284.6919593863795,269.9493502063996,275.2287902832031,10882535
2024-05-07,274.8303622662201,275.67707299665,263.374946405474,265.8154602050781,8819227
2024-05-08,264.17185766875525,271.29413173743063,259.98812849872513,268.9034423828125,6891941
2024-05-09,269.94933906439564,273.53538802480836,257.9958627958615,260.03790283203125,7979566
2024-05-10,260.03790283203125,262.32900402305756,250.9233832571264,260.03790283203125,10034497
2024-05-13,260.93445929216324,260.93445929216324,248.88136365207845,254.75848388671875,8125328
2024-05-14,258.9920098422666,274.9299796787138,258.9920098422666,272.887939453125,20789907
2024-05-15,274.7805554261443,276.9222139505857,270.3477955970859,274.5315246582031,8877920
2024-05-16,276.1253195460371,283.0483564519881,274.8303413512044,279.1634826660156,13251603
2024-05-17,280.90670603868176,292.36212135586203,279.41252143209306,289.6725769042969,29599889
2024-05-21,302.1241057907567,344.5589533631568,299.8330349590801,340.425048828125,110366536
2024-05-22,341.67021903558555,357.55839444198966,330.06539114527925,340.076416015625,67735859
2024-05-23,341.7698414644703,373.14771909377794,340.1760384256684,370.80682373046875,89059520
2024-05-24,372.5500293891279,379.5228909017586,364.431632422132,369.0635986328125,46086621
2024-05-27,374.2932372965927,398.3496029551638,372.74925872360404,375.53839111328125,78610946
2024-05-28,377.53065924016414,387.89033351940805,364.5810587912931,372.1017761230469,38874332
2024-05-29,370.85660665832256,376.93296346283273,361.59267427059945,374.2932434082031,27912678
2024-05-30,374.2932321807393,383.2583395383618,372.5998108534833,381.3158874511719,32178655
2024-05-31,384.0054397961039,385.8980675310699,365.47754479223687,380.2201843261719,30897722
2024-06-03,423.3522958980843,423.3522958980843,382.51125088203383,402.9815673828125,63511113
2024-06-04,398.4492381979019,398.4492381979019,322.3952337770245,350.13726806640625,88280882
2024-06-05,354.57001778036454,373.54615004283517,311.0394276023341,351.9302673339844,59070407
2024-06-06,368.36629961231495,382.2622286168546,363.6347150235721,367.22076416015625,43194252
2024-06-07,372.5500448373349,380.5190297536415,368.9639955451439,373.097900390625,27249200
2024-06-10,382.162619938277,385.300401612776,367.6690410421668,372.500244140625,22561822
2024-06-11,380.02095360144654,390.92851344643606,377.53064591074246,387.89031982421875,43435702
2024-06-12,388.48799996077315,395.3612431109956,387.4918768839506,390.5798645019531,18984502
2024-06-13,392.8709438213355,394.2157160836595,384.3042790975926,388.6374206542969,15383097
2024-06-14,389.7331423820948,391.9744192392442,385.05135189856634,388.6872253417969,12323860
2024-06-18,395.46086627237537,403.4298509831537,393.4686200946808,394.5643615722656,28638590
2024-06-19,395.70987836219365,395.75967235457944,381.3158882482187,389.3844909667969,13915164
2024-06-20,386.4957602391481,390.7790773810618,381.61476316134167,385.7984619140625,11437105
2024-06-21,384.1050713349627,415.78177358166903,382.5112683038438,408.16143798828125,75448395
2024-06-24,408.4104751915022,430.12594683466153,403.6788904179421,414.9848937988281,41934345
2024-06-25,418.37169024061853,422.8044500707305,403.8282873095443,405.5715026855469,20335982
2024-06-26,406.4182050964728,412.394943406715,399.79399288247356,407.5139465332031,13277791
2024-06-27,412.3949478020046,419.21839685877444,405.07343721407284,412.34515380859375,20947231
2024-06-28,416.37946007328765,422.754641898863,409.0081551374891,414.9848937988281,23134009
2024-07-01,415.3833289456655,419.666646077246,411.8968981271767,413.3910827636719,10190705
2024-07-02,414.2377887090097,415.43311816490643,402.7325489006964,409.4065856933594,11365895
2024-07-03,413.9887543856313,419.5670496630595,413.3910744631812,415.3335266113281,12879072
2024-07-04,417.375556640625,429.2792392104864,415.63234130859377,417.12652587890625,20654664
2024-07-05,423.3025006770039,496.56733857129876,422.904027139081,489.1462097167969,152345942
2024-07-08,506.0305061441767,576.705448246656,506.0305061441767,563.7060546875,178360632
2024-07-09,584.7242602010522,616.6001994283667,532.0791786403521,540.6458129882812,156242236
2024-07-10,557.8289076383352,616.0025180400291,555.5876307772884,607.5852661132812,211547060
2024-07-11,632.4883776818181,641.3040428416892,603.6506016322545,627.5575561523438,95328327
2024-07-12,625.5652832226017,642.4993752843601,607.7845108771662,624.3201293945312,56153729
2024-07-15,634.5304131553577,644.491644131109,619.8375974661245,623.5730590820312,29639356
2024-07-16,622.5768999633681,629.3505244752645,602.6544391645403,617.7457275390625,29931644
2024-07-18,609.6273205905941,623.5730436106404,580.3911327215509,583.8775634765625,35159677
2024-07-19,580.0922551932622,635.4269412956874,568.088984158793,611.3705444335938,73240329
2024-07-22,612.6156636304585,628.2548073657703,596.1298396388072,621.6803588867188,34133877
2024-07-23,632.3388884940216,636.5226173877304,559.5223191811262,588.0114135742188,57366312
2024-07-24,588.8581634795665,604.646689453125,580.739736328125,591.4480590820312,18166209
2024-07-25,587.712626728521,593.5399225215872,571.3761836322489,573.4680786132812,17201205
2024-07-26,574.2649537520683,581.2378152893874,547.9174862120641,550.2085571289062,21601968
2024-07-29,555.3386084668639,605.1945556861119,553.3961563313551,603.9494018554688,48942004
2024-07-30,612.3168408169544,624.3699052022015,608.6311734335113,612.0678100585938,26215668
2024-07-31,611.6195682262443,613.3129896139378,595.6815990216516,599.1680297851562,11846077
2024-08-01,602.9034840466094,604.6466994073389,588.7087303949544,593.1912841796875,9507451
2024-08-02,577.7513729029772,591.4480649330047,576.7552498462479,587.5133666992188,11185800
2024-08-05,557.6296580188473,572.7707401798277,542.239545101267,548.66455078125,21657722
2024-08-06,561.4149308981872,572.7707580733122,540.2473159259126,543.9329833984375,13085001
2024-08-07,563.1083837558791,566.7442574386237,543.6839830476641,563.6064453125,13370669
2024-08-08,562.8593375599996,580.7397591126239,529.3398321966812,536.3624877929688,30489387
2024-08-09,535.9141922192106,535.9141922192106,512.0072394064576,516.1411743164062,23773689
2024-08-12,521.9684760320544,580.7397357379537,520.3747034780844,573.617431640625,61951226
2024-08-13,579.4448175047754,599.5665162176365,562.8095496303324,567.2423095703125,42007554
2024-08-14,569.7824099337613,572.7707792166307,548.0171446429408,551.9517822265625,19122889
2024-08-16,558.9246586646523,579.6440682125276,558.9246586646523,568.4376831054688,21355519
2024-08-19,579.5444210934816,587.7126428659002,568.7863035193712,571.276611328125,16785488
2024-08-20,572.7707634979565,573.5676497918136,557.8289174936621,559.5223388671875,9499106
2024-08-21,557.8289019798597,570.529470730294,550.8560407051114,561.7138061523438,10316563
2024-08-22,568.7862622081007,574.5139697522277,564.8017700034904,568.5372314453125,10606181
2024-08-23,568.5372232116471,592.1951453339013,566.4453891539315,570.4796752929688,26306003
2024-08-26,575.2611050514205,583.3795328447185,573.26885880016,574.9622802734375,11254234
2024-08-27,577.5521224604838,584.7242204588666,569.7823749616213,573.866455078125,13076800
2024-08-28,577.5521466237462,594.1874141330269,575.1116329307198,575.9583740234375,22101243
2024-08-29,581.2377914157704,582.4829452105771,570.3800260056458,577.5521240234375,13756438
2024-08-30,581.7358622828273,612.6156768903061,578.3988743785263,605.045166015625,121690785
2024-09-02,608.1331340486115,617.0982416758637,591.2986298513603,598.8692016601562,22525336
2024-09-03,601.6583669695826,604.0490867868872,594.6855051007299,598.1719360351562,9558037
2024-09-04,595.6816007996048,598.3711452706129,588.3601204938034,590.4021606445312,7537912
2024-09-05,593.1912813134963,594.4862291297903,577.9506106787491,579.5941772460938,7030270
2024-09-06,579.9428385220491,582.5327340730311,563.2577778185637,567.3418579101562,9015277
2024-09-09,567.3418944802554,570.031438986424,551.2046882417728,560.7177124023438,8885002
2024-09-10,567.6905616252325,576.5560204646313,561.0165248999032,563.2080078125,7591740
2024-09-11,565.5986902594328,565.5986902594328,553.1471513720795,554.541748046875,4565818
2024-09-12,557.6296719568242,559.7215668436653,542.9866509430408,549.8599243164062,6327534
2024-09-13,550.3580231885237,560.7177279444256,545.7758811610267,553.1471557617188,6911510
2024-09-16,547.8677038054352,552.2008149615757,540.496368562096,543.1859130859375,4885521
2024-09-17,538.9026016703306,540.6956111058308,527.9452474774033,528.4931030273438,6414408
2024-09-18,526.0028036210347,536.2628596415041,524.9568865002375,526.5506591796875,5345676
2024-09-19,528.4433020557076,533.5733603159049,499.25690752317536,508.2220153808594,13094055
2024-09-20,510.51304772954825,546.8715379580917,503.8390113361108,542.1399536132812,25018038
2024-09-23,544.25,544.4000244140625,529.0,534.0499877929688,4782927
2024-09-24,530.0,530.0,522.0499877929688,526.25,4043522
2024-09-25,521.0,532.2999877929688,516.0,526.1500244140625,4430623
2024-09-26,526.0999755859375,529.5,517.5,521.8499755859375,4399204
2024-09-27,523.7000122070312,531.0,522.5999755859375,526.3499755859375,4343344
2024-09-30,521.5,535.0,516.3499755859375,531.4500122070312,4486451
2024-10-01,530.5,533.5,523.0,524.7000122070312,2945750
2024-10-03,510.95001220703125,518.4500122070312,507.0,509.5,3394155
2024-10-04,507.0,510.79998779296875,483.6499938964844,493.3999938964844,6487238
2024-10-07,490.3999938964844,498.0,442.29998779296875,451.70001220703125,13067372
2024-10-08,443.1499938964844,494.8500061035156,426.45001220703125,487.04998779296875,19576332
2024-10-09,494.0,500.75,475.0,480.8500061035156,7833917
2024-10-10,482.20001220703125,485.8500061035156,475.20001220703125,480.54998779296875,3384210
2024-10-11,475.0,487.3500061035156,472.0,475.3999938964844,4345765
2024-10-14,476.0,478.8999938964844,467.25,470.5,2873914
2024-10-15,470.95001220703125,477.0,466.6499938964844,474.20001220703125,2779345
2024-10-16,472.95001220703125,487.25,470.70001220703125,479.6000061035156,4889153
2024-10-17,489.04998779296875,514.6500244140625,485.0,489.6000061035156,19634045
2024-10-18,483.79998779296875,486.5,470.1000061035156,477.29998779296875,4706252
2024-10-21,477.29998779296875,482.95001220703125,463.0,465.6499938964844,2924934
2024-10-22,460.04998779296875,463.75,440.0,442.54998779296875,4776339
2024-10-23,439.95001220703125,452.95001220703125,421.1000061035156,442.1499938964844,7676464
2024-10-24,444.3999938964844,449.8999938964844,435.6499938964844,441.95001220703125,3737733
2024-10-25,442.1000061035156,445.6000061035156,414.1000061035156,419.75,5291153
2024-10-28,418.8500061035156,436.5,408.1499938964844,432.29998779296875,6738378
2024-10-29,432.29998779296875,442.0,427.54998779296875,438.8999938964844,3962720
2024-10-30,440.0,479.04998779296875,436.04998779296875,465.3500061035156,14783053
2024-10-31,467.0,479.70001220703125,461.54998779296875,471.79998779296875,6608995
2024-11-01,471.0,476.95001220703125,468.0,470.95001220703125,1408627
2024-11-04,469.29998779296875,469.29998779296875,443.5,446.20001220703125,5262254
2024-11-05,452.04998779296875,457.0,441.3500061035156,450.8999938964844,7278500
2024-11-06,466.0,472.5,460.5,469.6499938964844,6251705
2024-11-07,475.0,486.70001220703125,473.29998779296875,477.8500061035156,8328110
2024-11-08,444.0,457.3999938964844,443.29998779296875,447.95001220703125,8178730
2024-11-11,445.0,446.0,429.20001220703125,436.54998779296875,4899446
2024-11-12,444.0,450.8500061035156,432.0,437.70001220703125,3668960
2024-11-13,432.25,451.8500061035156,418.0,419.8500061035156,5236303
2024-11-14,419.54998779296875,428.45001220703125,416.1000061035156,419.5,3814197
2024-11-18,418.6499938964844,427.8500061035156,409.5,416.20001220703125,4451811
2024-11-19,420.5,435.04998779296875,419.5,432.1499938964844,5166306
2024-11-21,427.70001220703125,431.79998779296875,420.0,421.8500061035156,3599338
2024-11-22,421.8500061035156,424.1499938964844,416.70001220703125,420.20001220703125,2708144
2024-11-25,451.54998779296875,462.8999938964844,434.0,438.1000061035156,12098123
2024-11-26,440.29998779296875,443.8999938964844,432.20001220703125,434.0,3718972
2024-11-27,435.0,446.79998779296875,431.5,439.3999938964844,5527098
2024-11-28,441.75,450.79998779296875,440.04998779296875,443.3500061035156,4500271
2024-11-29,444.3500061035156,444.54998779296875,434.0,435.8500061035156,3572568
2024-12-02,437.5,447.1000061035156,435.04998779296875,437.04998779296875,4210283
2024-12-03,437.54998779296875,444.5,436.1499938964844,437.75,3199416
2024-12-04,442.45001220703125,451.6000061035156,439.0,441.25,5016587
2024-12-05,442.70001220703125,445.0,438.5,443.25,2835893
2024-12-06,443.0,468.0,441.0,464.70001220703125,11669884
2024-12-09,465.70001220703125,474.6499938964844,463.04998779296875,470.54998779296875,5838413
2024-12-10,470.0,470.29998779296875,455.54998779296875,458.6000061035156,3950300
2024-12-11,455.6499938964844,482.5,455.6499938964844,474.25,11348824
2024-12-12,474.0,479.0,466.5,471.5,4205765
2024-12-13,468.6499938964844,471.3999938964844,456.25,465.95001220703125,3244183
2024-12-16,467.8999938964844,476.0,466.79998779296875,469.8999938964844,2797117
2024-12-17,472.5,482.0,465.25,468.29998779296875,4245937
2024-12-18,466.8500061035156,466.8999938964844,453.75,457.45001220703125,2378913
2024-12-19,438.5,450.0,438.0,448.45001220703125,2481062
2024-12-20,451.54998779296875,453.6000061035156,430.04998779296875,433.25,2977111
2024-12-23,437.70001220703125,442.0,425.6000061035156,429.6000061035156,2428886
2024-12-24,430.0,434.8999938964844,426.6499938964844,428.54998779296875,1588615
2024-12-26,429.75,432.8999938964844,425.25,427.70001220703125,1428368
2024-12-27,427.70001220703125,432.5,424.1000061035156,425.54998779296875,1604621
2024-12-30,425.0,429.5,404.3999938964844,408.29998779296875,3813743
2024-12-31,414.0,439.70001220703125,413.3500061035156,422.70001220703125,12688227
2025-01-01,425.6499938964844,432.6499938964844,421.3999938964844,428.1000061035156,2926296
2025-01-02,430.1499938964844,432.70001220703125,424.25,429.54998779296875,2481062
2025-01-03,430.3999938964844,439.5,430.0,432.1000061035156,2543156
2025-01-06,434.6000061035156,434.79998779296875,408.3999938964844,410.45001220703125,4405141
2025-01-07,411.0,418.95001220703125,411.0,416.1499938964844,2593957
2025-01-08,420.0,423.70001220703125,412.54998779296875,417.3999938964844,2899992
2025-01-09,416.0,418.8999938964844,409.0,410.29998779296875,1712306
2025-01-10,405.0,407.5,391.0,393.29998779296875,4129451
2025-01-13,381.95001220703125,383.8500061035156,355.5,357.95001220703125,8523323
2025-01-14,360.95001220703125,378.95001220703125,360.6000061035156,376.75,6050286
2025-01-15,380.1000061035156,387.0,370.54998779296875,371.8999938964844,3567908
2025-01-16,391.8500061035156,415.29998779296875,385.8500061035156,411.1499938964844,23382354
2025-01-17,410.0,437.79998779296875,407.0,426.3999938964844,24210278
2025-01-20,429.20001220703125,437.45001220703125,416.1000061035156,431.6000061035156,9464708
2025-01-21,433.0,435.70001220703125,416.75,419.20001220703125,7758398
2025-01-22,420.5,423.0,398.6499938964844,408.0,5563380
2025-01-23,408.0,426.8999938964844,405.54998779296875,418.45001220703125,6083832
2025-01-24,419.95001220703125,423.0,408.6000061035156,410.1000061035156,3895985
2025-01-27,400.1000061035156,405.25,390.20001220703125,400.8500061035156,5467340
2025-01-28,407.0,414.0,385.20001220703125,407.6499938964844,8736571
2025-01-29,410.0,430.95001220703125,408.04998779296875,427.6499938964844,7673095
2025-01-30,433.0,444.5,429.25,436.8999938964844,10326411
2025-01-31,440.8500061035156,481.5,436.25,476.29998779296875,23858116
2025-02-01,485.0,501.79998779296875,428.20001220703125,433.54998779296875,46000882
2025-02-03,415.1499938964844,419.8999938964844,398.0,407.1499938964844,22386317
2025-02-04,416.0,421.29998779296875,394.70001220703125,400.1000061035156,15907300
2025-02-05,411.6000061035156,416.29998779296875,404.0,406.29998779296875,10360639
2025-02-06,406.3999938964844,411.70001220703125,401.70001220703125,403.04998779296875,4336358
2025-02-07,401.0,403.0,393.75,395.04998779296875,4897511
2025-02-10,395.1000061035156,399.1000061035156,378.6499938964844,381.45001220703125,6239370
2025-02-11,383.0,385.75,367.0,369.5,5917977
2025-02-12,367.95001220703125,377.1499938964844,342.0,371.6499938964844,14383719
2025-02-13,375.0,387.3999938964844,366.04998779296875,379.29998779296875,9279991
2025-02-14,380.0,381.95001220703125,357.0,359.8999938964844,6918593
2025-02-17,340.0,354.79998779296875,332.54998779296875,342.45001220703125,13437460
2025-02-18,342.45001220703125,343.25,325.1499938964844,333.3500061035156,8430180
2025-02-19,332.0,384.25,329.29998779296875,376.8500061035156,55921698
2025-02-20,371.3999938964844,384.25,361.70001220703125,381.54998779296875,27929863
2025-02-21,377.1499938964844,393.0,367.1000061035156,371.70001220703125,20755098
2025-02-24,364.95001220703125,369.3999938964844,359.1000061035156,364.1499938964844,10785069
2025-02-25,363.1499938964844,370.8999938964844,360.70001220703125,363.5,7546931
2025-02-27,363.04998779296875,364.70001220703125,347.3999938964844,350.04998779296875,5933298
2025-02-28,343.95001220703125,350.1499938964844,328.0,332.3999938964844,12212186
2025-03-03,333.45001220703125,342.0,310.29998779296875,323.6000061035156,16542018
2025-03-04,319.45001220703125,339.29998779296875,318.04998779296875,326.1499938964844,15287648
2025-03-05,333.3999938964844,351.3999938964844,330.29998779296875,336.25,28399265
2025-03-06,341.0,346.5,333.5,337.54998779296875,12571655
2025-03-07,340.0,350.6499938964844,335.0,341.5,18401980
2025-03-10,343.0,349.0,333.95001220703125,335.70001220703125,6498796
2025-03-11,326.04998779296875,333.45001220703125,322.04998779296875,330.6499938964844,8033534
2025-03-12,340.0,342.0,329.0,333.29998779296875,8658207
2025-03-13,336.0,336.3500061035156,327.54998779296875,329.3500061035156,5491120
2025-03-17,330.5,334.20001220703125,325.3500061035156,328.45001220703125,5347960
2025-03-18,328.45001220703125,328.45001220703125,328.45001220703125,328.45001220703125,0
2025-03-19,334.6000061035156,361.95001220703125,334.0,353.6499938964844,22821539
2025-03-20,357.5,366.75,351.5,357.8999938964844,13396119
2025-03-21,360.20001220703125,374.0,352.54998779296875,361.3500061035156,17632927
2025-03-24,365.0,379.75,364.6499938964844,371.54998779296875,15714495
2025-03-25,379.0,383.95001220703125,365.45001220703125,370.3500061035156,12419010
2025-03-26,371.70001220703125,371.79998779296875,360.25,362.20001220703125,6826431
2025-03-27,354.0,362.5,353.29998779296875,354.6499938964844,7997212
2025-03-28,356.95001220703125,367.20001220703125,350.5,351.8500061035156,7134693
2025-04-01,351.45001220703125,356.0,346.6000061035156,350.1000061035156,5049493
2025-04-02,350.6000061035156,359.95001220703125,342.0,358.54998779296875,7026372
2025-04-03,351.0,365.0,351.0,359.75,6036464
2025-04-04,357.95001220703125,360.70001220703125,344.1499938964844,350.29998779296875,5639050
2025-04-07,305.0,340.0,305.0,335.95001220703125,8638161
2025-04-08,347.8500061035156,348.95001220703125,338.79998779296875,344.3500061035156,4587642
2025-04-09,343.8500061035156,347.0,336.04998779296875,337.6499938964844,3740535
2025-04-11,345.0,348.3500061035156,340.20001220703125,346.29998779296875,5038895
2025-04-15,351.0,362.0,350.04998779296875,360.79998779296875,6028677
2025-04-16,362.0,369.70001220703125,359.1499938964844,367.04998779296875,6672237
2025-04-17,365.0,374.25,362.3999938964844,370.8500061035156,6203259
2025-04-21,372.0,377.5,368.29998779296875,375.04998779296875,5196338
2025-04-22,377.0,382.45001220703125,372.0,373.79998779296875,5066546
2025-04-23,376.0,377.29998779296875,365.5,373.8999938964844,5191977
2025-04-24,373.8999938964844,384.0,370.0,371.1499938964844,7078638
2025-04-25,372.5,373.0,354.8999938964844,361.20001220703125,6857970
2025-04-28,356.5,365.45001220703125,354.1499938964844,361.20001220703125,4768768
2025-04-29,362.6499938964844,366.8999938964844,359.04998779296875,360.45001220703125,3130264
