Date,Open,High,Low,Close,Volume
2010-01-04,,,,,
2010-01-05,,,,,
2010-01-06,,,,,
2010-01-07,,,,,
2010-01-08,,,,,
2010-01-11,,,,,
2010-01-12,,,,,
2010-01-13,,,,,
2010-01-14,,,,,
2010-01-15,,,,,
2010-01-18,,,,,
2010-01-19,,,,,
2010-01-20,,,,,
2010-01-21,,,,,
2010-01-22,,,,,
2010-01-25,,,,,
2010-01-27,,,,,
2010-01-28,,,,,
2010-01-29,,,,,
2010-02-01,,,,,
2010-02-02,,,,,
2010-02-03,,,,,
2010-02-04,,,,,
2010-02-05,,,,,
2010-02-08,,,,,
2010-02-09,,,,,
2010-02-10,,,,,
2010-02-11,,,,,
2010-02-15,,,,,
2010-02-16,,,,,
2010-02-17,,,,,
2010-02-18,,,,,
2010-02-19,,,,,
2010-02-22,,,,,
2010-02-23,,,,,
2010-02-24,,,,,
2010-02-25,,,,,
2010-02-26,,,,,
2010-03-02,,,,,
2010-03-03,,,,,
2010-03-04,,,,,
2010-03-05,,,,,
2010-03-08,,,,,
2010-03-09,,,,,
2010-03-10,,,,,
2010-03-11,,,,,
2010-03-12,,,,,
2010-03-15,,,,,
2010-03-16,,,,,
2010-03-17,,,,,
2010-03-18,,,,,
2010-03-19,,,,,
2010-03-22,,,,,
2010-03-23,,,,,
2010-03-25,,,,,
2010-03-26,,,,,
2010-03-29,,,,,
2010-03-30,,,,,
2010-03-31,,,,,
2010-04-01,,,,,
2010-04-05,,,,,
2010-04-06,,,,,
2010-04-07,,,,,
2010-04-08,,,,,
2010-04-09,,,,,
2010-04-12,,,,,
2010-04-13,,,,,
2010-04-15,,,,,
2010-04-16,,,,,
2010-04-19,,,,,
2010-04-20,,,,,
2010-04-21,,,,,
2010-04-22,,,,,
2010-04-23,,,,,
2010-04-26,,,,,
2010-04-27,,,,,
2010-04-28,,,,,
2010-04-29,,,,,
2010-04-30,,,,,
2010-05-03,,,,,
2010-05-04,,,,,
2010-05-05,,,,,
2010-05-06,,,,,
2010-05-07,,,,,
2010-05-10,,,,,
2010-05-11,,,,,
2010-05-12,,,,,
2010-05-13,,,,,
2010-05-14,,,,,
2010-05-17,,,,,
2010-05-18,,,,,
2010-05-19,,,,,
2010-05-20,11.525400107021515,11.525400107021515,10.206996261064807,10.674817085266113,135360000.0
2010-05-21,10.46217229712416,10.738611642517471,10.292055839280527,10.504701614379883,11085400.0
2010-05-24,10.632285514409636,10.802401920404387,10.462169108414884,10.547226905822754,5841552.0
2010-05-25,10.41964347885809,10.483437052207076,10.206997693575271,10.228261947631836,3697795.0
2010-05-26,10.31331994938594,10.46217215212839,10.292055696642409,10.355849266052246,3248400.0
2010-05-27,10.355849905509103,10.398379224801527,10.16446837428285,10.228261947631836,1110498.0
2010-05-28,10.355850615073525,10.355850615073525,10.24952771514706,10.292057037353516,703600.0
2010-05-31,10.31332009231876,10.58975943771207,10.164467887513359,10.504701614379883,5881711.0
2010-06-01,10.54723134823355,10.54723134823355,10.24952771514706,10.292057037353516,494642.0
2010-06-02,10.377113370784173,10.377113370784173,10.185732665284377,10.20699691772461,933200.0
2010-06-03,10.355849905509103,10.355849905509103,10.206997693575271,10.228261947631836,592300.0
2010-06-04,10.22826057903426,10.419642084652615,10.22826057903426,10.313319206237793,2786248.0
2010-06-07,10.270791266924258,10.334584840273244,10.121939054990426,10.228261947631836,401271.0
2010-06-08,10.206996708676085,10.398378221435449,10.206996708676085,10.249526023864746,435224.0
2010-06-09,10.33458366619929,10.525965175683398,10.249525848456846,10.270790100097656,791939.0
2010-06-10,10.270791970660612,10.334585548380621,10.270791970660612,10.292057037353516,262237.0
2010-06-11,10.31332129286707,10.355850615073525,10.206998392940605,10.292057037353516,377800.0
2010-06-14,10.292055339053407,10.33458384306285,10.228260960680807,10.249526023864746,388945.0
2010-06-15,10.249526023864746,10.313319591058129,10.228260960680807,10.249526023864746,414023.0
2010-06-16,10.270790275869468,10.33458384306285,10.249526023864746,10.249526023864746,314734.0
2010-06-17,10.228260785636833,10.355848729019305,10.228260785636833,10.270790100097656,327300.0
2010-06-18,10.313319591058129,10.33458384306285,10.228260960680807,10.249526023864746,298213.0
2010-06-21,10.355848906246788,10.355848906246788,10.228260960680807,10.249526023864746,311300.0
2010-06-22,10.249527012867695,10.377114159565668,10.228261947631836,10.228261947631836,852700.0
2010-06-23,10.228260240636255,10.270789552830955,9.802968741047568,9.8667631149292,3141500.0
2010-06-24,9.994349683359745,11.525399158791103,9.888026814387832,9.951820373535156,3552000.0
2010-06-25,9.973085989826371,10.100673115231313,9.802968741047568,9.8667631149292,1725528.0
2010-06-28,9.973085230695926,10.270788771039937,9.866762363891828,10.16446590423584,2407936.0
2010-06-29,10.249526297448485,10.292055613772353,9.930557641788342,10.015615463256836,1679064.0
2010-06-30,9.994352257257441,10.249527370742433,9.866765106104609,10.185733795166016,1292031.0
2010-07-01,10.18573170122485,10.419641700645222,10.121937327583696,10.37711238861084,1523736.0
2010-07-02,10.525965867418115,10.653553008006027,10.334584345356992,10.504701614379883,2508071.0
2010-07-05,10.802407400168724,10.802407400168724,10.377115763853581,10.462174415588379,1570648.0
2010-07-06,10.547229760741933,10.717347023962956,10.313319740581871,10.398378372192383,4903471.0
2010-07-07,10.547230547857685,10.547230547857685,10.377114083120489,10.41964340209961,1431904.0
2010-07-08,10.41964227306241,10.547229404995575,10.398378021466616,10.440906524658203,2796738.0
2010-07-09,10.419641700645222,10.504700324713989,10.313318826148842,10.37711238861084,950130.0
2010-07-12,10.377112771050848,10.48343564946567,10.292054955026503,10.313319206237793,373100.0
2010-07-13,10.24952771514706,10.440908448307086,10.24952771514706,10.292057037353516,467000.0
2010-07-14,10.29205516291767,10.377112980660115,10.249525848456846,10.270790100097656,1020670.0
2010-07-15,10.355848344501135,10.377112595352392,10.270789718737758,10.334583282470703,1136100.0
2010-07-16,10.334585548380621,10.377114870587077,10.270791970660612,10.292057037353516,604000.0
2010-07-19,10.292055339053407,10.313319591058129,10.206996708676085,10.249526023864746,442400.0
2010-07-20,10.249527587629547,10.313321164555882,10.12193962259754,10.143204689025879,1149440.0
2010-07-21,10.206998265952212,10.206998265952212,10.100675367348543,10.143204689025879,615880.0
2010-07-22,10.185734010703214,10.185734010703214,10.100675367348543,10.143204689025879,518000.0
2010-07-23,10.206995213193299,10.355847388954855,10.16446590423584,10.16446590423584,2575978.0
2010-07-26,10.206998265952212,10.206998265952212,10.100675367348543,10.143204689025879,434900.0
2010-07-27,10.206997693575271,10.292056332160117,10.121939054990426,10.228261947631836,843986.0
2010-07-28,10.228259462082478,10.249524522150757,10.079408097500021,10.16446590423584,840394.0
2010-07-29,10.185732665284377,10.228261170164842,10.143203349224677,10.20699691772461,295193.0
2010-07-30,10.206995213193299,10.334582328886576,10.14320165534666,10.16446590423584,629372.0
2010-08-02,10.249526233784309,10.292055549844008,10.16446760166491,10.20699691772461,338036.0
2010-08-03,10.440906939284105,10.440906939284105,10.16446760166491,10.20699691772461,471400.0
2010-08-04,10.228259462082478,10.228259462082478,10.14320165534666,10.16446590423584,173300.0
2010-08-05,10.206997341091808,10.228261594414041,10.121938705444336,10.121938705444336,453012.0
2010-08-06,10.14320165534666,10.206995213193299,10.100672346389201,10.16446590423584,361263.0
2010-08-09,10.16446590423584,10.185730964304119,10.100672346389201,10.16446590423584,224989.0
2010-08-10,10.185733087769574,10.206997341091808,10.100674452122101,10.121938705444336,273100.0
2010-08-11,10.12193962259754,10.185734010703214,10.12193962259754,10.143204689025879,176679.0
2010-08-12,10.185730964304119,10.185730964304119,10.100672346389201,10.16446590423584,246900.0
2010-08-13,10.206997341091808,10.270790912237779,10.121938705444336,10.121938705444336,505800.0
2010-08-16,10.185730964304119,10.206995213193299,10.121936595278381,10.16446590423584,351190.0
2010-08-17,10.143203769945838,10.206997341091808,10.121938705444336,10.121938705444336,353869.0
2010-08-18,10.206997341091808,10.206997341091808,10.036880880976131,10.121938705444336,647999.0
2010-08-19,10.185734010703214,10.185734010703214,10.079411112099546,10.143204689025879,810127.0
2010-08-20,10.164467219535197,10.483435861222574,10.121937905074374,10.270790100097656,1482349.0
2010-08-23,10.27078951411446,10.674816761672366,10.27078951411446,10.37711238861084,2148272.0
2010-08-24,10.504701256115906,10.611024140039431,10.355849056387127,10.398378372192383,1139583.0
2010-08-25,10.377112980660115,10.525965175683398,10.249525848456846,10.270790100097656,583389.0
2010-08-26,10.270790100097656,10.377112980660115,10.228260785636833,10.270790100097656,467463.0
2010-08-27,10.270788771039937,10.355847388954855,10.121936595278381,10.16446590423584,1082289.0
2010-08-30,10.249526233784309,10.334584054724473,10.16446760166491,10.20699691772461,396267.0
2010-08-31,10.20699691772461,10.20699691772461,10.143203349224677,10.20699691772461,468000.0
2010-09-01,10.250614166259766,10.35966325313487,10.206994365114022,10.250614166259766,672500.0
2010-09-02,10.294235229492188,10.294235229492188,10.2506154229986,10.294235229492188,213600.0
2010-09-03,10.337856741750384,10.403286046297412,10.228807623512422,10.27242660522461,732200.0
2010-09-06,10.294233967405509,10.35966325313487,10.228804681676149,10.250614166259766,792400.0
2010-09-07,10.2506154229986,10.359664523243266,10.2506154229986,10.294235229492188,482533.0
2010-09-08,10.316046418915544,10.337856741750384,10.250617114368515,10.27242660522461,469700.0
2010-09-09,10.272424263764115,10.403283675009282,10.2506147778792,10.337854385375977,439511.0
2010-09-13,10.425095766468125,10.534144887104777,10.337856969146063,10.446906089782715,1162545.0
2010-09-14,10.665000605381662,10.817668655357435,10.53414120714439,10.621380805969238,5072117.0
2010-09-15,10.686812271231936,10.774051887870185,10.446904573444717,10.512333869934082,1594258.0
2010-09-16,10.512332758442676,10.708620627156835,10.468712954735567,10.64319133758545,1979565.0
2010-09-17,10.512333653706916,10.839480961403321,10.512333653706916,10.774051666259766,1558400.0
2010-09-20,10.81766882090376,10.83947913693298,10.665000768591657,10.795859336853027,1418540.0
2010-09-21,10.839480038278163,10.839480038278163,10.59957153387834,10.64319133758545,668300.0
2010-09-22,10.577763383100502,10.992150322652606,10.577763383100502,10.708621978759766,2262600.0
2010-09-23,10.81766972043533,10.81766972043533,10.59957153387834,10.64319133758545,436132.0
2010-09-24,10.686811141292559,10.752240430863944,10.621381851721171,10.64319133758545,500333.0
2010-09-27,10.68681179444778,10.774051407193896,10.577762694504434,10.59957218170166,740243.0
2010-09-28,10.621382318263224,10.68681161070858,10.51233322019477,10.555953025817871,552800.0
2010-09-29,10.599574368103697,10.686813998844963,10.468715753970576,10.490525245666504,904560.0
2010-09-30,10.686811394808933,10.752240685932456,10.468713203078138,10.53414249420166,570726.0
2010-10-01,10.665003177297173,10.665003177297173,10.534143747502537,10.577763557434082,366400.0
2010-10-04,10.555953894483512,10.774052108568059,10.555953894483512,10.708621978759766,930114.0
2010-10-05,10.774053758878873,11.01396149832817,10.774053758878873,10.970341682434082,3405600.0
2010-10-06,11.079387170535455,11.253865544878826,10.795859708230164,10.992148399353027,6923994.0
2010-10-07,11.013958131672949,11.166627024646301,10.817669436138848,10.883099555969238,1526173.0
2010-10-08,10.904908421063663,11.035766989325033,10.730430052722342,10.795859336853027,1011719.0
2010-10-11,10.75224078975929,10.948529497003856,10.68681149800396,10.83948040008545,531913.0
2010-10-12,10.904909691840777,10.904909691840777,10.75224078975929,10.83948040008545,451744.0
2010-10-13,10.817670081514617,10.904909691840777,10.795860594922368,10.83948040008545,1010400.0
2010-10-14,10.883098937012932,10.904908421063663,10.730430052722342,10.795859336853027,1721700.0
2010-10-15,10.883100507137241,10.883100507137241,10.555953207307207,10.59957218170166,710169.0
2010-10-18,10.599574368103697,10.665004507149035,10.468715753970576,10.490525245666504,692504.0
2010-10-19,10.555952812561886,10.577762298943535,10.468713203078138,10.53414249420166,1117730.0
2010-10-20,10.46871558111854,10.599574193091016,10.425095766468125,10.446906089782715,1615836.0
2010-10-21,10.55595152283984,10.665000605381662,10.490521407731967,10.621380805969238,910330.0
2010-10-22,10.66500186920166,10.70862084180453,10.599571746340212,10.66500186920166,798996.0
2010-10-25,10.774050964665978,10.795860450967412,10.555952773737342,10.66500186920166,1026760.0
2010-10-26,10.665003177297173,10.708622155250044,10.555954068457646,10.577763557434082,525493.0
2010-10-27,10.490522689459787,10.730431199550805,10.468713203078138,10.53414249420166,763414.0
2010-10-28,10.577762694504434,10.643191988074719,10.555953207307207,10.59957218170166,297893.0
2010-10-29,10.64319418347433,10.70862349054089,10.468715753970576,10.490525245666504,1290928.0
2010-11-01,10.512333400934148,10.643191988074719,10.512333400934148,10.59957218170166,670677.0
2010-11-02,10.555954189346009,10.817671387975158,10.555954189346009,10.752242088317871,876593.0
2010-11-03,10.817671085802038,10.817671085802038,10.621383192313143,10.708621978759766,908145.0
2010-11-04,10.665002563694298,10.79586115398141,10.665002563694298,10.774051666259766,825287.0
2010-11-08,10.77405110833012,10.861289886677696,10.708620984596209,10.83948040008545,1285230.0
2010-11-09,10.77405110833012,10.861289886677696,10.708620984596209,10.83948040008545,593093.0
2010-11-10,10.81766874446862,11.253865078229104,10.795859260571987,11.079386711120605,3922362.0
2010-11-11,11.101197487314948,11.253865544878826,10.904908796192085,10.992148399353027,1554770.0
2010-11-12,10.90491100883733,11.013960118925704,10.665003299434382,10.752242088317871,1534258.0
2010-11-15,10.68681526184082,10.774054902892296,10.621385947041652,10.68681526184082,1516588.0
2010-11-16,10.774053629586229,10.817672612978084,10.446906262274648,10.490525245666504,514379.0
2010-11-18,10.555953637684548,10.57776312577097,10.316045108840703,10.359664916992188,1203961.0
2010-11-19,10.512333829533063,10.512333829533063,10.272425300689218,10.359664916992188,857800.0
2010-11-22,10.42509651184082,10.446906836714803,10.294237890512226,10.42509651184082,394454.0
2010-11-23,10.904912843343709,11.035771464672303,10.381476694071681,10.42509651184082,2183159.0
2010-11-24,10.534143009840632,10.599572304166873,10.294235319984873,10.316044807434082,432305.0
2010-11-25,10.359666056206676,10.425095359639602,10.206997126877356,10.22880744934082,391795.0
2010-11-26,10.272425081244261,10.294235400843402,9.70537008332461,9.87984848022461,1072575.0
2010-11-29,9.945277988015835,9.98889779616949,9.792609907446003,9.90165901184082,470464.0
2010-11-30,9.923468419684236,10.185186434511195,9.814419316171223,10.054327011108398,518015.0
2010-12-01,10.054327609431205,10.228806851018016,10.054327609431205,10.14156723022461,426397.0
2010-12-02,10.250615284340455,10.272424771302932,10.097946379667324,10.119756698608398,455704.0
2010-12-03,10.294236117086193,10.294236117086193,9.945278467028121,9.988898277282715,346794.0
2010-12-06,10.403285226733336,10.403285226733336,9.967088788144759,9.988898277282715,287483.0
2010-12-07,10.010707569236665,10.032517056132471,9.334602659744927,9.378222465515137,3732184.0
2010-12-08,9.378222895575442,9.509081486908299,9.007455777494176,9.138315200805664,3400239.0
2010-12-09,9.160123273342183,9.290981844455668,9.007454385724111,9.225552558898926,3182118.0
2010-12-10,9.269173882297988,9.661750492093704,9.138315289692295,9.618130683898926,1220653.0
2010-12-13,9.727180690463914,9.770800502703853,9.661751388093366,9.748991012573242,322104.0
2010-12-14,9.814417529351669,9.814417529351669,9.683558961751707,9.770797729492188,290181.0
2010-12-15,9.814418541206107,10.05432621719972,9.792609055017078,9.923467636108398,472836.0
2010-12-16,9.988898277282715,10.054327576675266,9.836229357380976,9.988898277282715,262202.0
2010-12-20,9.967087695896042,10.03251698811849,9.81441879272461,9.81441879272461,311482.0
2010-12-21,9.923468165695393,10.250615467861175,9.792609577620524,10.163375854492188,744496.0
2010-12-22,10.25061563823534,10.25061563823534,9.814419228097666,10.032517433166504,839648.0
2010-12-23,10.03251698811849,10.03251698811849,9.770798987250116,9.81441879272461,2987434.0
2010-12-24,9.836230278015137,9.923469906689625,9.79261129565665,9.836230278015137,279795.0
2010-12-27,9.879849079608913,10.097947296960008,9.858039590665273,9.96708869934082,492495.0
2010-12-28,10.163375979184435,10.250615593623746,9.836228673004953,9.87984848022461,138929.0
2010-12-29,10.119757220630454,10.119757220630454,9.879848691774672,9.90165901184082,165071.0
2010-12-30,9.90165901184082,9.967088308081982,9.836228883621018,9.90165901184082,201884.0
2010-12-31,9.901659488752207,10.032518087537309,9.901659488752207,9.988898277282715,243608.0
2011-01-03,10.11975735144211,10.185186648529035,10.010708245637685,10.07613754272461,473152.0
2011-01-04,10.119757138799114,10.228806242312128,10.03251752319725,10.054327011108398,289136.0
2011-01-05,10.054327576675266,10.119757708046498,9.967088788144759,9.988898277282715,226179.0
2011-01-06,10.163376595769602,10.163376595769602,9.901659400531226,9.96708869934082,262547.0
2011-01-07,9.945277988015835,9.967088308081982,9.770799587379855,9.90165901184082,520099.0
2011-01-10,9.988896367161516,10.010706684107488,9.661749100778637,9.68355941772461,285019.0
2011-01-11,9.770800081131846,9.770800081131846,9.509082050963048,9.530892372131348,427927.0
2011-01-12,9.596321195790857,9.639941003985635,9.55270138759608,9.618130683898926,212854.0
2011-01-13,9.618128991916578,9.770797877752084,9.596319507645145,9.639939308166504,190837.0
2011-01-14,9.639941571599595,9.683561382362772,9.509082139310065,9.552701950073242,146462.0
2011-01-17,9.552702220697364,9.574512542686175,9.421843616679356,9.443653106689453,217392.0
2011-01-18,9.421842575073242,9.574511484202166,9.400032255495612,9.421842575073242,214603.0
2011-01-19,9.552701164624535,9.552701164624535,9.378222767896602,9.421842575073242,197170.0
2011-01-20,9.465461984948321,9.487271471631903,9.334602568911073,9.356412887573242,261207.0
2011-01-21,9.334604946547023,9.618132505544384,9.203746329157102,9.596323013305664,220879.0
2011-01-24,9.683560208279717,9.901658403673597,9.552700791856235,9.81441879272461,282278.0
2011-01-25,9.639941003985635,9.858039212980882,9.596321195790857,9.618130683898926,126116.0
2011-01-27,9.618129890713,9.683560013598608,9.421842017991889,9.487271308898926,100390.0
2011-01-28,9.421843262225906,9.63994148203679,9.09469593250958,9.530892372131348,737423.0
2011-01-31,9.5308924289857,9.574512239603816,9.269174397255684,9.400032997131348,142233.0
2011-02-01,9.334602916597728,9.421842530538646,9.225553815160888,9.269173622131348,142967.0
2011-02-02,9.378223599011994,9.509082200160218,9.160125375779156,9.24736499786377,317155.0
2011-02-03,9.334603787969687,9.334603787969687,9.11650556473685,9.24736499786377,277466.0
2011-02-04,9.247361604207349,9.356410675804236,9.160122014138484,9.181931495666504,291878.0
2011-02-07,9.247363739739082,9.334602517975966,9.203743934631348,9.203743934631348,136694.0
2011-02-08,9.290982712868233,9.334602517975966,9.203743934631348,9.203743934631348,217960.0
2011-02-09,9.160122382931593,9.247361976512787,8.898404434166434,8.942024230957031,739092.0
2011-02-10,9.051074028015137,9.37822128203978,8.898405143074605,9.051074028015137,404536.0
2011-02-11,9.05107567423866,9.22555407505717,9.05107567423866,9.160124778747559,186162.0
2011-02-14,9.203745097317851,9.443652807749466,9.160125286699735,9.400032997131348,100582.0
2011-02-15,9.421843589364913,9.487272891184235,9.247365173853819,9.290984153747559,107477.0
2011-02-16,9.37822494903091,9.37822494903091,9.269175821716598,9.312795639038086,78172.0
2011-02-17,9.356414287545592,9.400033267439332,9.269174663800689,9.290984153747559,149439.0
2011-02-18,9.290982092313897,9.44365098400476,9.072883913320815,9.116503715515137,182825.0
2011-02-21,9.160124778747559,9.247364395146136,9.05107567423866,9.160124778747559,82761.0
2011-02-22,9.203746121284446,9.203746121284446,9.072886674871272,9.094696998596191,104880.0
2011-02-23,9.072884816600832,9.116504623137862,8.942026228968349,8.963835716247559,165509.0
2011-02-24,9.051076566802399,9.051076566802399,8.811168846015994,8.854787826538086,323690.0
2011-02-25,8.876598060664016,8.963836852820945,8.789358436528369,8.832978248596191,162152.0
2011-02-28,8.942027362776392,9.051076476956592,8.767548946483815,8.832978248596191,179443.0
2011-03-01,8.898404434166434,9.051073306944312,8.767545875773067,8.942024230957031,330227.0
2011-03-03,8.898406241549297,9.09469495098658,8.854786435898946,8.92021656036377,136115.0
2011-03-04,8.942027451539719,8.985647264040535,8.854787826538086,8.854787826538086,223313.0
2011-03-07,8.942027362776392,8.942027362776392,8.767548946483815,8.832978248596191,242264.0
2011-03-08,8.89840755070857,8.920217872731838,8.811168758551638,8.832978248596191,276154.0
2011-03-09,8.789358436528369,8.89840755070857,8.789358436528369,8.832978248596191,265639.0
2011-03-10,8.876598148777857,8.898407639038902,8.83297833627704,8.854787826538086,192325.0
2011-03-11,8.854788399709511,8.898408215033843,8.789359092712402,8.789359092712402,353473.0
2011-03-14,9.029266986912038,9.029266986912038,8.767548946483815,8.832978248596191,118112.0
2011-03-15,8.767549601039626,8.832978908036734,8.767549601039626,8.789359092712402,349799.0
2011-03-16,8.811168371246657,8.83297786033255,8.767548561096191,8.767548561096191,292676.0
2011-03-17,8.832978908036734,8.832978908036734,8.767549601039626,8.789359092712402,381741.0
2011-03-18,9.116505065461569,9.116505065461569,8.680308642884665,8.723928451538086,350418.0
2011-03-21,8.811167530083456,8.94202611606368,8.46220991417186,8.484020233154297,713294.0
2011-03-22,8.54945123833062,8.593071053052572,8.440402117515125,8.462211608886719,770637.0
2011-03-23,8.505829720158134,8.593069332130684,8.46220991417186,8.484020233154297,547024.0
2011-03-24,8.505831061463823,8.593070687193405,8.462211248599031,8.549450874328613,641248.0
2011-03-25,8.593071171721075,8.854788399709511,8.593071171721075,8.789359092712402,645378.0
2011-03-28,8.963836057840084,9.247364395146136,8.920217081619437,9.160124778747559,1042281.0
2011-03-29,9.160125375779156,9.334603787969687,9.072885753694543,9.24736499786377,575710.0
2011-03-30,9.072885695635684,9.574512271444176,9.072885695635684,9.552701950073242,360848.0
2011-03-31,9.378221636309181,9.70536890269206,9.269172547514888,9.68355941772461,520511.0
2011-04-01,9.552702628468513,9.70537156099223,9.530893137527446,9.661751747131348,104690.0
2011-04-04,9.814417529351669,9.814417529351669,9.618128845973242,9.770797729492188,186599.0
2011-04-05,9.748991954913105,9.792611771369344,9.552703196849425,9.596323013305664,256966.0
2011-04-06,9.770800171910434,9.792610493281368,9.443652839154646,9.552701950073242,341165.0
2011-04-07,9.596323013305664,9.814421263608066,9.509083380393184,9.596323013305664,385557.0
2011-04-08,9.618131250228661,9.618131250228661,9.487272649917823,9.552701950073242,662204.0
2011-04-11,9.81441995003543,9.81441995003543,9.378223507811633,9.400032997131348,177873.0
2011-04-13,9.574513521066944,9.705372138456864,9.269175637852062,9.596323013305664,260254.0
2011-04-15,9.596320404403512,9.770798790815133,9.443651504301377,9.487271308898926,197165.0
2011-04-18,9.421843589364913,9.574512514929138,9.269174663800689,9.290984153747559,164805.0
2011-04-19,9.378223599011994,9.378223599011994,9.22555467635327,9.24736499786377,98131.0
2011-04-20,9.247364134635427,9.421842530538646,9.247364134635427,9.269173622131348,204977.0
2011-04-21,9.247364395146136,9.530891900473545,9.116504970548272,9.160124778747559,414527.0
2011-04-25,9.11650649034233,9.160126305813389,9.051077183125134,9.094696998596191,167809.0
2011-04-26,9.094692737576029,9.225551290700936,9.029263461013576,9.181931495666504,205183.0
2011-04-27,9.160124268642692,9.44365175818115,9.116504462872483,9.378222465515137,314813.0
2011-04-28,9.35641297861933,9.400031952410943,9.334602659744927,9.378222465515137,262676.0
2011-04-29,9.35641297861933,9.530891369721568,9.334602659744927,9.378222465515137,359401.0
2011-05-02,9.487271471631903,9.596320569006982,9.247363790198163,9.356412887573242,416723.0
2011-05-03,9.290983109627268,9.312793429101808,9.269173622131348,9.269173622131348,169551.0
2011-05-04,9.269174397255684,9.421843318429751,9.269174397255684,9.400032997131348,248717.0
2011-05-05,9.2909825516064,9.400031646493698,9.225553261069733,9.334602355957031,174934.0
2011-05-06,9.378222723568186,9.400032211064108,9.247364134635427,9.269173622131348,149275.0
2011-05-09,9.160124520694508,9.290983109627268,9.160124520694508,9.269173622131348,134621.0
2011-05-10,9.530892703056686,9.530892703056686,9.269174663800689,9.290984153747559,171788.0
2011-05-11,9.160125550108916,9.356414287545592,9.160125550108916,9.290984153747559,150631.0
2011-05-12,9.269174663800689,9.356414287545592,9.269174663800689,9.290984153747559,209730.0
2011-05-13,9.312795639038086,9.356415456359574,9.269175821716598,9.312795639038086,180198.0
2011-05-16,9.33460396562001,9.33460396562001,9.247365173853819,9.290984153747559,138669.0
2011-05-17,9.378222723568186,9.400032211064108,9.160124520694508,9.269173622131348,285324.0
2011-05-18,9.269174663800689,9.33460396562001,9.269174663800689,9.290984153747559,92316.0
2011-05-19,9.312793429101808,9.312793429101808,9.247364134635427,9.269173622131348,87425.0
2011-05-20,9.269174663800689,9.33460396562001,9.225554851928237,9.290984153747559,69188.0
2011-05-23,9.290983109627268,9.334602916597728,9.181934008190428,9.269173622131348,123115.0
2011-05-24,9.247364134635427,9.290983109627268,9.247364134635427,9.269173622131348,63778.0
2011-05-25,9.269173622131348,9.312793429101808,9.247364134635427,9.269173622131348,129577.0
2011-05-26,9.269171085735369,9.312790880769803,9.138312532610462,9.181931495666504,72180.0
2011-05-27,9.203743074372847,9.26917235992959,9.160123273342183,9.225552558898926,52904.0
2011-05-30,9.247365173853819,9.378223777492462,9.247365173853819,9.290984153747559,68628.0
2011-05-31,9.312793429101808,9.378222723568186,9.269173622131348,9.269173622131348,245229.0
2011-06-01,9.269175821716598,9.37822494903091,9.269175821716598,9.312795639038086,72601.0
2011-06-02,9.160125550108916,9.33460396562001,9.160125550108916,9.290984153747559,62849.0
2011-06-03,9.2909825516064,9.378222160307665,9.2909825516064,9.334602355957031,64595.0
2011-06-06,9.443653079311783,9.443653079311783,9.247365173853819,9.290984153747559,149010.0
2011-06-07,9.312793429101808,9.312793429101808,9.225553815160888,9.269173622131348,356832.0
2011-06-08,9.247364134635427,9.312793429101808,9.247364134635427,9.269173622131348,2437382.0
2011-06-09,9.31279447567314,9.356414287545592,9.269174663800689,9.290984153747559,35164.0
2011-06-10,9.334602916597728,9.378222723568186,9.269173622131348,9.269173622131348,57506.0
2011-06-13,9.225553815160888,9.290983109627268,9.225553815160888,9.269173622131348,68838.0
2011-06-14,9.269173622131348,9.312793429101808,9.269173622131348,9.269173622131348,103806.0
2011-06-15,9.247364134635427,9.334602916597728,9.203744327664968,9.269173622131348,51707.0
2011-06-16,9.269173622131348,9.312793429101808,9.269173622131348,9.269173622131348,77122.0
2011-06-17,9.160122014138484,9.290980567263391,9.160122014138484,9.181931495666504,63391.0
2011-06-20,9.203741809172916,9.247361604207349,9.138312532610462,9.181931495666504,275625.0
2011-06-21,9.247361604207349,9.247361604207349,9.181931495666504,9.181931495666504,89630.0
2011-06-22,9.181931495666504,9.225551290700936,9.160122014138484,9.181931495666504,150757.0
2011-06-23,9.181931495666504,9.203741809172916,9.116502219104051,9.181931495666504,108098.0
2011-06-24,9.094695226228128,9.334602916597728,8.94202631782083,9.269173622131348,125768.0
2011-06-27,9.269173883256459,9.290983371366782,9.116504970548272,9.160124778747559,127183.0
2011-06-28,9.181931495666504,9.269171085735369,9.160122014138484,9.181931495666504,66796.0
2011-06-29,9.203743774883701,9.378222160307665,9.160123970533068,9.334602355957031,141590.0
2011-06-30,9.247363790198163,9.378222374256824,9.247363790198163,9.356412887573242,121803.0
2011-07-01,9.400031860940404,9.661749861036313,9.356412887573242,9.356412887573242,551648.0
2011-07-04,9.552700763661234,9.552700763661234,9.269173276881745,9.356412887573242,157613.0
2011-07-05,9.46546286310125,9.574511970593298,9.421843053708697,9.509081840515137,185488.0
2011-07-06,9.509082050963048,9.57451218248926,9.44365275141552,9.530892372131348,76302.0
2011-07-07,9.530892372131348,9.552701861320962,9.465463072583818,9.530892372131348,277300.0
2011-07-08,9.465461822589438,9.509080795208414,9.356412727084853,9.487271308898926,2893241.0
2011-07-11,9.247363631580267,9.596320404403512,9.247363631580267,9.487271308898926,271354.0
2011-07-12,9.487271308898926,9.530891113496475,9.40003169970383,9.487271308898926,119216.0
2011-07-13,9.487272091293233,9.661750492093704,9.487272091293233,9.618130683898926,151971.0
2011-07-14,9.596320848786428,10.141566351558385,9.55270104216895,9.70536994934082,1244963.0
2011-07-15,9.748989755958299,9.967087957067081,9.661750142723342,9.70536994934082,139083.0
2011-07-18,9.748991012573242,9.901659939423668,9.705371200333305,9.748991012573242,84660.0
2011-07-19,9.814419404786104,9.814419404786104,9.596321195790857,9.618130683898926,88989.0
2011-07-20,9.661748792437935,9.683559108687863,9.596319507645145,9.639939308166504,115880.0
2011-07-21,9.509079906602427,9.814417678273443,9.487270422330996,9.639939308166504,105173.0
2011-07-22,9.77080086579418,9.77080086579418,9.618131933270464,9.661751747131348,79457.0
2011-07-25,9.683562646218144,9.683562646218144,9.596323013305664,9.596323013305664,80506.0
2011-07-26,9.378221636309181,9.77079818957293,9.378221636309181,9.68355941772461,436413.0
2011-07-27,9.748988393480653,9.748988393480653,9.596319507645145,9.639939308166504,84117.0
2011-07-28,9.596323013305664,9.639942829761905,9.596323013305664,9.596323013305664,138460.0
2011-07-29,9.596319507645145,9.770797877752084,9.596319507645145,9.639939308166504,122458.0
2011-08-01,9.618132505544384,9.683562646218144,9.596323013305664,9.596323013305664,120975.0
2011-08-02,9.596321195790857,9.639941003985635,9.57451170768279,9.618130683898926,390677.0
2011-08-03,9.596323013305664,9.770801447151825,9.509083380393184,9.596323013305664,243318.0
2011-08-04,9.727178077230727,9.748988393480653,9.596319507645145,9.639939308166504,142937.0
2011-08-05,9.465462603185166,9.683560812180414,9.465462603185166,9.618130683898926,370207.0
2011-08-08,9.378221337016846,9.945276247859026,9.378221337016846,9.639939308166504,381591.0
2011-08-09,9.160124777800364,9.661750492093704,9.160124777800364,9.618130683898926,386444.0
2011-08-10,9.639939374226687,9.879847030770447,9.618129057827298,9.792608261108398,165967.0
2011-08-11,9.639940402805223,9.923467890421549,9.639940402805223,9.81441879272461,103343.0
2011-08-12,9.814417529351669,9.87984681315165,9.727177929632706,9.770797729492188,95611.0
2011-08-16,9.727178143888736,9.858037546349559,9.70536865946785,9.792608261108398,155865.0
2011-08-17,9.950920155182928,10.041383410773209,9.950920155182928,9.973535537719727,691389.0
2011-08-18,9.973532824005698,10.041380678598351,9.950917447622352,9.996149063110352,221486.0
2011-08-19,9.950920155182928,10.312771452100963,9.950920155182928,9.973535537719727,500007.0
2011-08-22,9.950918197631836,9.996149816528982,9.950918197631836,9.950918197631836,187404.0
2011-08-23,9.950918197631836,9.996149816528982,9.950918197631836,9.950918197631836,90952.0
2011-08-24,9.950920155182928,10.018767165514866,9.950920155182928,9.973535537719727,134379.0
2011-08-25,9.950917447622352,10.063996054981697,9.950917447622352,9.996149063110352,184930.0
2011-08-26,10.13184381049905,10.13184381049905,9.950918197631836,9.950918197631836,329887.0
2011-08-29,9.950918197631836,10.063996813514015,9.950918197631836,9.950918197631836,506414.0
2011-08-30,10.086614608764648,10.177077868237616,9.95092058227678,10.086614608764648,176418.0
2011-09-02,10.810315415701947,10.810315415701947,9.97353349260305,10.40323257446289,271419.0
2011-09-05,10.403233969083395,10.765085240310746,10.26753995805351,10.516312599182129,402818.0
2011-09-06,10.42584967025764,10.58415992980286,10.290155655059742,10.358002662658691,127706.0
2011-09-07,10.403236157052335,10.471083176836604,10.290157503171331,10.335389137268066,118520.0
2011-09-08,10.448465468440597,10.58415947784417,10.131844962870302,10.24492359161377,144324.0
2011-09-09,10.19969240311347,10.380618907006014,10.19969240311347,10.358002662658691,123856.0
2011-09-12,10.312770667413886,10.312770667413886,9.950919398028706,10.018766403198242,232041.0
2011-09-13,10.063999225257197,10.24492488148155,10.041383841749745,10.086614608764648,99710.0
2011-09-14,10.222309497974098,10.222309497974098,10.018767595520714,10.086614608764648,56450.0
2011-09-15,10.041382577508413,10.312770596315554,10.041382577508413,10.24492359161377,191355.0
2011-09-16,10.290154045278376,10.290154045278376,9.950918197631836,9.950918197631836,2044241.0
2011-09-19,10.041381435426128,10.086612191601901,9.950918197631836,9.950918197631836,70679.0
2011-09-20,9.973533575719722,10.041381435426128,9.950918197631836,9.950918197631836,57468.0
2011-09-21,9.973535537719727,10.041383410773209,9.950920155182928,9.973535537719727,57594.0
2011-09-22,9.950918197631836,10.063996813514015,9.950918197631836,9.950918197631836,251333.0
2011-09-23,9.905688092484075,9.905688092484075,9.49860518564365,9.860456466674805,144782.0
2011-09-26,9.9509215482045,9.9509215482045,9.769995874417841,9.815227508544922,151524.0
2011-09-27,9.9509215482045,9.9509215482045,9.815227508544922,9.815227508544922,92943.0
2011-09-28,9.837841987609863,9.905689001186994,9.769994974032732,9.837841987609863,58293.0
2011-09-29,9.860458871716705,9.860458871716705,9.679533187071959,9.724764823913574,119013.0
2011-09-30,9.679533187071959,9.950922145399936,9.634301550230344,9.724764823913574,93562.0
2011-10-03,9.679530801446843,9.792609434320571,9.589068412780762,9.589068412780762,60503.0
2011-10-04,9.679531378998425,9.724763007391067,9.498605728149414,9.498605728149414,186954.0
2011-10-05,9.950919342074336,9.950919342074336,9.1141373157647,9.521220207214355,377002.0
2011-10-07,9.6343011389632,9.724764408784754,9.543838731863326,9.611685752868652,68545.0
2011-10-10,9.747378727692633,9.860457371228378,9.589069316919856,9.837841987609863,144962.0
2011-10-11,9.928304862115182,9.928304862115182,9.611684327417514,9.7473783493042,52783.0
2011-10-12,9.747376586995967,9.837839827045867,9.72476120834419,9.76999282836914,41734.0
2011-10-13,9.950922145399936,9.950922145399936,9.656917800012009,9.724764823913574,76451.0
2011-10-14,9.679529588319241,9.837839827045867,9.634297968294291,9.76999282836914,81248.0
2011-10-17,9.905688809808087,9.905688809808087,9.679531527105976,9.792610168457031,57282.0
2011-10-18,9.724764823913574,9.76999646075519,9.702149436853624,9.724764823913574,70892.0
2011-10-19,9.7473783493042,9.815226222969093,9.679531338360857,9.7473783493042,1000877.0
2011-10-20,10.244923808016555,10.58415970141261,9.702146896215762,10.041382789611816,245778.0
2011-10-21,10.018765194616869,10.063996813514015,9.860454959837542,9.950918197631836,75959.0
2011-10-24,10.063999274681354,10.448466835247206,9.815226603991348,9.837841987609863,42576.0
2011-10-25,9.950920631145609,9.950920631145609,9.792610357651247,9.837841987609863,31557.0
2011-10-28,9.996149521609288,10.177075129138593,9.928302526625968,10.109228134155273,111533.0
2011-10-31,10.290154766443028,10.380618010577255,9.996150517088942,10.131844520568848,1545429.0
2011-11-01,10.131845176884536,10.177076801881642,9.950919539617605,10.041382789611816,91478.0
2011-11-02,9.973532824005698,10.063996054981697,9.950917447622352,9.996149063110352,112082.0
2011-11-03,9.973534920755412,10.086613551887432,9.973534920755412,10.041382789611816,144086.0
2011-11-04,9.973534971893029,10.109229847580096,9.973534971893029,10.063998222351074,125266.0
2011-11-08,10.041384273760936,10.109231289923859,9.88307399423304,9.928305625915527,134386.0
2011-11-09,9.928302071239006,10.041380678598351,9.905685832134353,9.996149063110352,225947.0
2011-11-11,9.905685832134353,10.041380678598351,9.905685832134353,9.996149063110352,203058.0
2011-11-14,10.177077431437086,10.177077431437086,9.950920155182928,9.973535537719727,184062.0
2011-11-15,9.973533575719722,10.041381435426128,9.950918197631836,9.950918197631836,190966.0
2011-11-16,9.950922145399936,10.018769169301502,9.702149436853624,9.724764823913574,140238.0
2011-11-17,9.747380210973525,9.79261184781514,9.724764823913574,9.724764823913574,56141.0
2011-11-18,9.58906821840485,9.76999385479105,9.498604968851009,9.54383659362793,247080.0
2011-11-21,9.566453403614103,9.837842330091998,9.566453403614103,9.679532051086426,148606.0
2011-11-22,9.724764408784754,9.724764408784754,9.49860709695255,9.611685752868652,174384.0
2011-11-23,9.54383678708697,9.724762427140634,9.498605161393177,9.589068412780762,252998.0
2011-11-24,9.521220349878726,9.634298980460287,9.408141719297166,9.54383659362793,188562.0
2011-11-25,8.684439867968086,9.566452739377599,8.684439867968086,9.498605728149414,109825.0
2011-11-28,9.362911705693044,9.679531378998425,9.362911705693044,9.498605728149414,207268.0
2011-11-29,9.543837163956402,9.679531183674595,9.31767988927839,9.453373908996582,264463.0
2011-11-30,9.317680077300404,9.543837356542056,9.317680077300404,9.498605728149414,1488629.0
2011-12-01,9.566454614554585,9.566454614554585,9.475992202758789,9.475992202758789,125606.0
2011-12-02,9.498605291527438,9.498605291527438,9.340295030791012,9.385526657104492,204724.0
2011-12-05,9.408142512986924,9.498605770172427,9.227216861337475,9.249833106994629,287701.0
2011-12-07,9.24983239887805,10.629391357655361,9.22721615495227,9.317679405212402,202228.0
2011-12-08,9.204601014572082,9.430758283417974,9.204601014572082,9.385526657104492,91402.0
2011-12-09,9.408141792751042,9.43075803667682,9.24983239887805,9.317679405212402,72067.0
2011-12-12,9.317678960231648,9.430757586295814,9.13675333107327,9.20460033416748,156008.0
2011-12-13,9.317679481579278,9.317679481579278,9.046290591296094,9.091522216796875,249202.0
2011-12-14,9.24983280744769,9.31767981677888,8.77490201668631,8.933212280273438,359866.0
2011-12-15,8.9105982190308,9.046292257809277,8.865366585197423,9.023676872253418,4238181.0
2011-12-16,9.046289544356497,9.09152116462256,8.54874344687261,8.593975067138672,150623.0
2011-12-19,8.707053686443128,8.707053686443128,8.458281069061885,8.593975067138672,279061.0
2011-12-20,8.435665520952982,8.5939757735361,8.435665520952982,8.526128768920898,475708.0
2011-12-21,8.593976072135227,8.707054704663323,8.54874444657969,8.616591453552246,312293.0
2011-12-22,8.774900685481523,8.774900685481523,8.52612806810028,8.593975067138672,284538.0
2011-12-23,8.593975825919818,8.616591206688911,8.503512577400492,8.548744201660156,174787.0
2011-12-26,8.571360445150725,8.616591206688911,8.548744201660156,8.548744201660156,35193.0
2011-12-27,8.54874344687261,8.91059554627971,8.413049448795823,8.593975067138672,203102.0
2011-12-28,8.526128014418138,8.616590391659296,8.526128014418138,8.571359634399414,113732.0
2011-12-29,8.571360445150725,8.593975825919818,8.4808971966314,8.548744201660156,121900.0
2011-12-30,8.593975067138672,8.661822066177066,8.54874344687261,8.593975067138672,324580.0
2012-01-02,8.593975067138672,8.707053686443128,8.571359688366341,8.593975067138672,270723.0
2012-01-03,8.616591453552246,8.639207697690765,8.571360690718208,8.616591453552246,301626.0
2012-01-04,8.639208031813773,8.978443942518071,8.593976404508894,8.684439659118652,580701.0
2012-01-05,8.616590445911005,8.774900685481523,8.571359688366341,8.593975067138672,351090.0
2012-01-06,8.616590445911005,8.684438307670797,8.571359688366341,8.593975067138672,523702.0
2012-01-09,8.729670086080342,8.820133337191418,8.593976072135227,8.616591453552246,375853.0
2012-01-10,8.593976404508894,8.752286668715206,8.593976404508894,8.684439659118652,304127.0
2012-01-11,8.707054138183594,8.774901140742035,8.571360133066714,8.707054138183594,701187.0
2012-01-12,8.684439323246304,8.820133337191418,8.593976072135227,8.616591453552246,399550.0
2012-01-13,8.593975757205133,9.159368899126523,8.593975757205133,8.774901390075684,887481.0
2012-01-16,8.820133337191418,8.95582735113653,8.54874444657969,8.616591453552246,921372.0
2012-01-17,8.639206687404736,8.91059554627971,8.571359688366341,8.593975067138672,2613979.0
2012-01-18,8.707053631621847,8.729669010251786,8.54874339304808,8.571359634399414,945081.0
2012-01-19,8.820133084496655,8.820133084496655,8.526128820891062,8.548744201660156,1594470.0
2012-01-20,8.54874344687261,8.684438307670797,8.54874344687261,8.593975067138672,766434.0
2012-01-23,8.593975067138672,8.639206687404736,8.54874344687261,8.593975067138672,874812.0
2012-01-24,8.593975067138672,8.639206687404736,8.571359688366341,8.593975067138672,912966.0
2012-01-25,8.593976072135227,8.684439323246304,8.571360690718208,8.616591453552246,818306.0
2012-01-27,8.616591595454844,8.707054848055717,8.571360831875923,8.63920783996582,1772012.0
2012-01-30,8.684438307670797,8.684438307670797,8.571359688366341,8.593975067138672,725002.0
2012-01-31,8.639207135625153,8.82013276335481,8.571360133066714,8.707054138183594,815746.0
2012-02-01,8.729670524597168,8.752286769871768,8.639208131663402,8.729670524597168,196225.0
2012-02-02,8.729669908177875,8.887980163035294,8.661822902587977,8.797517776489258,529802.0
2012-02-03,8.797517776489258,8.865364782079157,8.729669908177875,8.797517776489258,288381.0
2012-02-06,8.910597422482775,8.910597422482775,8.797518779368637,8.820134162902832,747781.0
2012-02-07,8.797516926975254,8.820132305747585,8.593975067138672,8.593975067138672,623280.0
2012-02-08,8.684439659118652,8.707055041410326,8.616591786800566,8.684439659118652,204617.0
2012-02-09,8.707054138183594,8.707054138183594,8.616590892958044,8.707054138183594,191956.0
2012-02-10,8.707055753500276,9.046291691948339,8.684440369359047,8.887981414794922,1797060.0
2012-02-13,9.046292257809277,9.227217930421132,8.865366585197423,9.023676872253418,1758309.0
2012-02-14,9.046292257809277,9.159370911031893,8.955828990142521,9.023676872253418,1238322.0
2012-02-15,9.046289397449028,9.340293630321844,9.023674019043959,9.272446632385254,1649492.0
2012-02-16,9.272447657585145,9.31767928211766,9.001058773111527,9.046290397644043,897575.0
2012-02-17,9.091523078921082,9.204601722035221,8.797518779368637,8.820134162902832,1816662.0
2012-02-21,8.887981366072921,9.046291642358515,8.820134351299552,8.865365982055664,1569994.0
2012-02-22,9.001058793258954,9.001058793258954,8.752286151855497,8.797517776489258,1119548.0
2012-02-23,8.79751763338542,8.842748394561957,8.684439005001142,8.774901390075684,428914.0
2012-02-24,8.774903250067046,8.797519498170685,8.707056231199433,8.752287864685059,275895.0
2012-02-27,8.774901856145615,8.774901856145615,8.616591595454844,8.63920783996582,569195.0
2012-02-28,8.639207381103137,8.820133013973688,8.639207381103137,8.774901390075684,240357.0
2012-02-29,8.6165911377934,8.865364637871693,8.6165911377934,8.774901390075684,377645.0
2012-03-01,8.729670524597168,8.820133780252478,8.684439759491058,8.729670524597168,171055.0
2012-03-02,8.774901390075684,8.820133013973688,8.729669766177679,8.774901390075684,147137.0
2012-03-05,8.797517383409144,8.797517383409144,8.684438758237928,8.707054138183594,187002.0
2012-03-06,8.707054138183594,8.774901140742035,8.684438758237928,8.707054138183594,166624.0
2012-03-07,8.593976213665384,8.707054848055717,8.593976213665384,8.63920783996582,279564.0
2012-03-09,8.774902152424822,8.865365408080132,8.661823514216458,8.729670524597168,124101.0
2012-03-12,8.729670903322889,8.887981176227,8.707055519788693,8.820134162902832,8269397.0
2012-03-13,8.820133260746765,8.91059651107379,8.820133260746765,8.842748641967773,140443.0
2012-03-14,8.865365792692804,8.887981176227,8.752287149578665,8.820134162902832,204038.0
2012-03-15,8.797518211716342,8.955827611684093,8.77490196691986,8.91059684753418,322209.0
2012-03-16,8.9332118922948,9.023675142621824,8.820133260746765,8.842748641967773,245576.0
2012-03-19,8.842749162805534,8.910597035907788,8.729670524597168,8.729670524597168,185078.0
2012-03-20,8.72967161658142,8.797519498170685,8.707056231199433,8.752287864685059,155027.0
2012-03-21,8.797519565808186,9.091523891642655,8.752287931974807,9.023676872253418,282905.0
2012-03-22,9.408140162362274,9.905686227127498,9.114135944048705,9.159367561340332,3054592.0
2012-03-23,9.227216861337475,9.521221153108023,9.159369849809126,9.249833106994629,556267.0
2012-03-26,9.27244956425451,9.317681198087888,8.97844523842004,9.023676872253418,280047.0
2012-03-27,9.068907643365137,9.159370911031893,8.9105982190308,9.023676872253418,900024.0
2012-03-28,8.933212996829033,8.933212996829033,8.752287336526184,8.865365982055664,331791.0
2012-03-29,8.77490196691986,9.046290865426974,8.752286584844903,8.91059684753418,123837.0
2012-03-30,8.933212229609136,9.001059238555534,8.865365220662738,8.91059684753418,231393.0
2012-04-02,8.933212280273438,9.046290916732595,8.910596898070217,8.933212280273438,198839.0
2012-04-03,9.091521772618549,9.091521772618549,8.933211522461024,8.978443145751953,383533.0
2012-04-04,8.933213604586662,9.091523891642655,8.9105982190308,9.023676872253418,256016.0
2012-04-09,8.933212229609136,9.046290865426974,8.887980602737697,8.91059684753418,140802.0
2012-04-10,8.910597661657755,8.933213045798984,8.887981414794922,8.887981414794922,73829.0
2012-04-11,8.865364782079157,8.887980163035294,8.774901532811636,8.797517776489258,133774.0
2012-04-12,8.820133593791299,8.955827611684093,8.820133593791299,8.91059684753418,134054.0
2012-04-13,8.933212996829033,8.95582838084629,8.820134351299552,8.865365982055664,139999.0
2012-04-16,8.774901532811636,8.842748538401535,8.729669908177875,8.797517776489258,99311.0
2012-04-17,8.820133157445396,8.910596406712916,8.774901532811636,8.797517776489258,130270.0
2012-04-18,8.82013364381428,9.18198493539497,8.79751826161106,8.933212280273438,642622.0
2012-04-19,9.950917844419127,10.312769057309467,9.13675218405519,9.159367561340332,4843299.0
2012-04-20,9.22721656252294,9.22721656252294,8.887980653145467,8.933212280273438,479604.0
2012-04-23,9.046292188259152,9.046292188259152,8.72967161658142,8.752287864685059,517537.0
2012-04-24,8.820133780252478,8.820133780252478,8.729670524597168,8.729670524597168,327706.0
2012-04-25,8.729670423701998,8.774902051006878,8.661823414105445,8.684439659118652,313362.0
2012-04-26,8.707054138183594,8.797517383409144,8.661822515570819,8.707054138183594,233248.0
2012-04-27,8.707055142044112,8.752286769871768,8.684439759491058,8.729670524597168,218198.0
2012-04-30,8.774902152424822,8.774902152424822,8.729670524597168,8.729670524597168,131209.0
2012-05-02,8.820133013973688,8.955827022946234,8.752286009487415,8.774901390075684,198602.0
2012-05-03,8.820133780252478,8.955827801013898,8.707055142044112,8.729670524597168,120389.0
2012-05-04,8.729668358905396,8.774899975511806,8.661821365356445,8.661821365356445,351581.0
2012-05-07,9.001059324809743,9.001059324809743,8.593976404508894,8.684439659118652,352177.0
2012-05-08,8.729670524597168,9.136754312324518,8.707055142044112,8.729670524597168,760269.0
2012-05-09,8.72967161658142,8.797519498170685,8.707056231199433,8.752287864685059,247297.0
2012-05-10,8.752286668715206,8.842749060603431,8.661823414105445,8.684439659118652,648937.0
2012-05-11,8.684439323246304,8.684439323246304,8.54874444657969,8.616591453552246,310296.0
2012-05-14,8.5939757735361,8.5939757735361,8.503512525568183,8.526128768920898,222553.0
2012-05-15,8.503512525568183,8.5939757735361,8.503512525568183,8.526128768920898,2132718.0
2012-05-16,8.526128519660512,8.526128519660512,8.435665274337278,8.458281517028809,278690.0
2012-05-17,8.458281517028809,8.548743899630596,8.435665274337278,8.458281517028809,593907.0
2012-05-18,8.413049697875977,8.458281319481184,8.367818076270769,8.413049697875977,438927.0
2012-05-21,8.480896698923075,8.503512078364968,8.39043345571266,8.413049697875977,115660.0
2012-05-22,8.48089675250622,8.503512132090998,8.390433508724248,8.435665130615234,81598.0
2012-05-23,8.458281372921443,8.503512132090998,8.413049751030456,8.435665130615234,132632.0
2012-05-24,8.4582830477666,8.480898431829504,8.322588155224366,8.367819786071777,281871.0
2012-05-25,8.390432244664893,8.503510850995802,8.322585253410608,8.34520149230957,989121.0
2012-05-28,8.435666800982093,8.435666800982093,8.322588155224366,8.367819786071777,2428316.0
2012-05-29,8.413049751030456,8.503512132090998,8.345202749554693,8.435665130615234,1279911.0
2012-05-30,8.571360392904856,8.571360392904856,8.41305014032174,8.526128768920898,283626.0
2012-05-31,8.458284423050936,8.526131448992917,8.367821146647135,8.480899810791016,199504.0
2012-06-01,8.480899810791016,8.526131448992917,8.458284423050936,8.480899810791016,318582.0
2012-06-04,8.413052784849036,8.503515198531096,8.367821146647135,8.480899810791016,146755.0
2012-06-05,8.458284423050936,8.503515198531096,8.413052784849036,8.480899810791016,112850.0
2012-06-06,8.548744201660156,8.729669835977331,8.458281815862307,8.548744201660156,1547659.0
2012-06-07,8.639208506464525,8.978444435806942,8.548745246884582,8.820134162902832,542843.0
2012-06-08,9.181985077430628,9.272448333085938,8.684439759491058,8.729670524597168,1989118.0
2012-06-11,8.797517383409144,8.887979765913249,8.661822515570819,8.707054138183594,397871.0
2012-06-12,8.593976404508894,8.774902051006878,8.593976404508894,8.684439659118652,221603.0
2012-06-13,8.707055041410326,8.729670423701998,8.661823414105445,8.684439659118652,162518.0
2012-06-14,8.684439323246304,8.820133337191418,8.593976072135227,8.616591453552246,274689.0
2012-06-15,8.63920663301063,8.66182201164057,8.54874339304808,8.571359634399414,348234.0
2012-06-18,8.616593862674975,8.661825500876876,8.435668172589116,8.480899810791016,9453008.0
2012-06-19,8.480897439607132,8.684439323246304,8.480897439607132,8.616591453552246,351498.0
2012-06-20,8.593974371807494,8.684437605020316,8.593974371807494,8.661821365356445,105859.0
2012-06-21,8.63920783996582,8.684439466266257,8.593976213665384,8.63920783996582,93841.0
2012-06-22,8.593976072135227,8.684439323246304,8.54874444657969,8.616591453552246,198655.0
2012-06-25,8.616590445911005,8.684438307670797,8.571359688366341,8.593975067138672,310474.0
2012-06-26,8.707054848055717,8.774901856145615,8.593976213665384,8.63920783996582,56008.0
2012-06-27,8.66182322175528,8.707054848055717,8.616591595454844,8.63920783996582,162556.0
2012-06-28,8.661822515570819,8.72966951812926,8.616590892958044,8.707054138183594,134468.0
2012-06-29,8.72966951812926,8.797517383409144,8.661822515570819,8.707054138183594,120220.0
2012-07-02,8.820134883552672,8.820134883552672,8.684440845817445,8.752287864685059,111098.0
2012-07-03,8.820133593791299,8.933212229609136,8.707054957973462,8.91059684753418,336584.0
2012-07-04,8.933212229609136,8.955827611684093,8.77490196691986,8.91059684753418,363813.0
2012-07-05,8.933211522461024,9.023674769042882,8.910596142176288,8.978443145751953,426573.0
2012-07-06,9.023674821629204,9.023674821629204,8.933211574520161,9.001058578491211,311229.0
2012-07-09,8.978443198074682,9.114137206016784,8.88797995096564,9.001058578491211,471428.0
2012-07-10,9.023676872253418,9.114139277198515,8.955828990142521,9.023676872253418,250999.0
2012-07-11,8.978443198074682,9.046290202045732,8.95582695493669,9.001058578491211,140798.0
2012-07-12,8.933212229609136,8.978443856480576,8.865365220662738,8.91059684753418,232719.0
2012-07-13,8.910596577515253,9.159369223687296,8.887980333404112,9.091522216796875,409853.0
2012-07-16,9.181984408520112,9.227216033052628,9.001058773111527,9.046290397644043,369013.0
2012-07-17,9.114139277198515,9.114139277198515,9.0010606239759,9.023676872253418,417913.0
2012-07-18,9.09152321932699,9.159370233698962,9.001059958349968,9.11413860321045,327206.0
2012-07-19,9.227214555917103,9.227214555917103,9.091520566763561,9.159367561340332,253475.0
2012-07-20,9.20459917863196,9.20459917863196,9.023673572186791,9.159367561340332,331817.0
2012-07-23,9.136753842297654,9.136753842297654,8.933211958904893,9.091522216796875,731205.0
2012-07-24,9.13675490387074,9.13675490387074,8.77490272054344,8.865365982055664,346240.0
2012-07-25,9.023676065596915,9.023676065596915,8.639208506464525,8.820134162902832,491064.0
2012-07-26,8.842748538401535,8.842748538401535,8.707054527221738,8.797517776489258,142257.0
2012-07-27,8.820134162902832,8.978444435806942,8.729670903322889,8.820134162902832,215153.0
2012-07-30,8.978443907401406,9.023675534529374,8.865365270942249,8.933212280273438,136903.0
2012-07-31,9.023673517418988,9.272446116931043,8.820131672202699,9.136752128601074,451418.0
2012-08-01,8.933210879326756,9.204599736812607,8.933210879326756,9.068904876708984,183657.0
2012-08-02,8.978443145751953,9.114137152903284,8.978443145751953,8.978443145751953,122378.0
2012-08-03,8.95582695493669,9.091521825600253,8.933211574520161,9.001058578491211,162832.0
2012-08-06,9.023674769042882,9.159368776194215,8.95582690274576,8.978443145751953,122401.0
2012-08-07,9.114139277198515,9.136755525476033,8.97844523842004,9.023676872253418,131705.0
2012-08-08,9.046289498052412,9.136752738121494,9.023674119395839,9.068904876708984,234709.0
2012-08-09,9.068904775854095,9.340293630321844,9.068904775854095,9.272446632385254,740260.0
2012-08-10,9.340295501458575,9.36291174711573,9.13675446687353,9.249833106994629,253689.0
2012-08-13,9.272446632385254,9.340293630321844,9.227215012853732,9.272446632385254,349912.0
2012-08-14,9.295063353903414,9.475989858172923,9.272447972230479,9.362911224365234,489001.0
2012-08-16,9.362911275308509,9.453373665213956,9.29506340447753,9.385526657104492,116241.0
2012-08-17,9.362911224365234,9.475989858172923,9.34029497997079,9.362911224365234,134690.0
2012-08-21,9.362910376917455,9.498604380116257,9.362910376917455,9.408141136169434,290851.0
2012-08-22,9.430757378516855,9.521219759742246,9.385525756543444,9.408141136169434,656697.0
2012-08-23,9.408141136169434,9.475989000490268,9.340294134570032,9.408141136169434,931065.0
2012-08-24,9.474462539190204,9.474462539190204,9.237600975710448,9.332345962524414,780593.0
2012-08-27,9.35603406355643,9.379719864320496,9.048114135846662,9.095486640930176,426155.0
2012-08-28,9.095485024695368,9.142856617805739,9.024425827919368,9.071798324584961,754608.0
2012-08-29,9.237600985869543,9.284973479328624,9.024425217081259,9.048111915588379,590875.0
2012-08-30,9.11917020399942,9.11917020399942,9.000739422129298,9.048111915588379,310393.0
2012-08-31,9.048111915588379,9.11917020399942,9.000739422129298,9.048111915588379,1555820.0
2012-09-03,9.19022911447133,9.19022911447133,9.048112528029774,9.071798324584961,126731.0
2012-09-04,9.071798324584961,9.095485024695368,9.048112528029774,9.071798324584961,86112.0
2012-09-05,9.09548440904746,9.11917020399942,9.024425217081259,9.048111915588379,131242.0
2012-09-06,9.048111915588379,9.07179771054034,9.048111915588379,9.048111915588379,88741.0
2012-09-07,9.237601611136924,9.237601611136924,9.048112528029774,9.071798324584961,124572.0
2012-09-10,9.11917020399942,9.142855998951381,9.048111915588379,9.048111915588379,174101.0
2012-09-11,9.048111915588379,9.09548440904746,9.048111915588379,9.048111915588379,1216506.0
2012-09-12,9.09548440904746,9.11917020399942,9.048111915588379,9.048111915588379,1372765.0
2012-09-13,9.0481145010135,9.237603625439638,8.90599698002733,8.929683685302734,2220588.0
2012-09-14,9.071799653274116,9.071799653274116,8.953368846041933,8.977055549621582,442158.0
2012-09-17,9.000741349645876,9.071799653274116,8.953368846041933,8.977055549621582,221400.0
2012-09-18,9.000741889469044,9.284976024584411,8.977056088024183,9.142858505249023,1079348.0
2012-09-20,9.90081314135623,10.256105485449552,9.40340422104764,9.474462509155273,7454756.0
2012-09-21,9.592893284571549,9.592893284571549,9.142855954243661,9.261286735534668,3002922.0
2012-09-24,9.308661460876465,9.474464775152711,9.261288956289626,9.308661460876465,821017.0
2012-09-25,9.261287073998162,9.663951925814427,9.261287073998162,9.450777053833008,1086060.0
2012-09-26,9.450776376469271,9.663951233171847,9.356031393342487,9.498147964477539,589603.0
2012-09-27,9.474461563178352,9.569206540232162,9.332345001152703,9.403403282165527,1672010.0
2012-09-28,9.640265783776522,9.640265783776522,9.37971752264166,9.474462509155273,516682.0
2012-10-01,9.474462849534769,9.52183534449348,9.427090354576057,9.450777053833008,446009.0
2012-10-03,9.450777053833008,9.545521140195243,9.427090354576057,9.450777053833008,442106.0
2012-10-04,9.474464775152711,9.569209784326388,9.213917355258161,9.308661460876465,950043.0
2012-10-05,9.403406854783556,9.403406854783556,9.190231027198541,9.21391773223877,557262.0
2012-10-08,9.23760255039755,9.427091652771567,9.213916751434041,9.284975051879883,900660.0
2012-10-09,9.356033582777938,9.640267695117702,9.237602777932647,9.545522689819336,1111687.0
2012-10-10,9.592894956182073,9.640267457664404,9.261288349361061,9.284975051879883,1086332.0
2012-10-11,9.379719765979035,9.40340647005014,9.166544850671322,9.308661460876465,969916.0
2012-10-12,9.308659875004784,9.54552145403063,9.284974078524286,9.356032371520996,755852.0
2012-10-15,9.403404558874296,9.616579430855715,9.356032063915585,9.450777053833008,661377.0
2012-10-16,9.521835032597187,9.521835032597187,9.308659264043344,9.332345962524414,334136.0
2012-10-17,9.450778355290389,9.450778355290389,9.261288349361061,9.284975051879883,265778.0
2012-10-18,9.2376012782964,9.569207839452192,9.19022878333769,9.450777053833008,681212.0
2012-10-19,9.26128677063636,9.521835032597187,9.166542687377554,9.332345962524414,321663.0
2012-10-22,9.284973469117432,9.379717552376238,9.26128677063636,9.332345962524414,297862.0
2012-10-23,9.332347553362215,9.427091652771567,9.261288349361061,9.284975051879883,217175.0
2012-10-25,9.28497566036073,9.356033965463302,9.261288956289626,9.308661460876465,230890.0
2012-10-29,9.261288349361061,9.356033352325724,9.23760255039755,9.284975051879883,202529.0
2012-10-30,9.28497566036073,9.427092270565874,9.237603155773893,9.308661460876465,645978.0
2012-10-31,9.569207839452192,9.569207839452192,9.332346268213824,9.450777053833008,442118.0
2012-11-01,9.379716586124543,9.498147355664273,9.379716586124543,9.403403282165527,136990.0
2012-11-02,9.450777053833008,9.52183534449348,9.379717859617346,9.450777053833008,585046.0
2012-11-05,9.474462849534769,9.52183534449348,9.450777053833008,9.450777053833008,187620.0
2012-11-06,9.474462509155273,9.52183500241208,9.427090015898466,9.474462509155273,264450.0
2012-11-07,9.498147964477539,9.569207153600187,9.474462170473405,9.498147964477539,333098.0
2012-11-08,9.450777053833008,9.545521140195243,9.450777053833008,9.450777053833008,362023.0
2012-11-09,9.474462539190204,9.498148334116117,9.284973469117432,9.332345962524414,244804.0
2012-11-12,9.450776388752152,9.498147976821988,9.356031405502232,9.42708969116211,286318.0
2012-11-15,9.474462849534769,9.474462849534769,9.403404558874296,9.450777053833008,256188.0
2012-11-16,9.474462816429632,9.545521106841816,9.284973740812076,9.379717826843262,809165.0
2012-11-19,9.427092270565874,9.450778974636979,9.28497566036073,9.308661460876465,100719.0
2012-11-20,9.379717516825675,9.379717516825675,9.237600940698528,9.261286735534668,194597.0
2012-11-21,9.284976040248639,9.284976040248639,9.119172719188672,9.21391773223877,303457.0
2012-11-22,9.237603518139283,9.284976024584411,9.119172703804162,9.142858505249023,293901.0
2012-11-23,9.213915522554888,9.237601318359374,8.811250668992288,8.882308959960938,1318173.0
2012-11-26,8.953368264031761,9.071799063565395,8.716506664964491,8.740193367004395,1381320.0
2012-11-27,8.882307684099352,8.882307684099352,8.740191122575787,8.763876914978027,804678.0
2012-11-29,8.858625376587359,8.977056192298123,8.81125286959197,8.929683685302734,431149.0
2012-11-30,8.929683046017638,9.04811385324982,8.929683046017638,8.977055549621582,628404.0
2012-12-03,9.024426460610828,9.261288056989645,9.00074066239506,9.166543960571289,467581.0
2012-12-04,9.237601582008072,9.40340486803721,9.166543289011361,9.356032371520996,560115.0
2012-12-05,9.356031727790834,9.52183500241208,9.356031727790834,9.474462509155273,510058.0
2012-12-06,9.545520456040931,9.545520456040931,9.474462170473405,9.498147964477539,426971.0
2012-12-07,9.498150187170152,9.663953494664625,9.498150187170152,9.545522689819336,432077.0
2012-12-10,9.592894578470741,9.640267078087824,9.498149579236573,9.521836280822754,242619.0
2012-12-11,9.521836256670436,9.924501147061367,9.450777959202691,9.592894554138184,715555.0
2012-12-12,9.687637930731105,9.687637930731105,9.474462170473405,9.498147964477539,169232.0
2012-12-13,9.663951233171847,9.663951233171847,9.474462170473405,9.498147964477539,223617.0
2012-12-14,9.474462170473405,9.521834662036795,9.474462170473405,9.498147964477539,260492.0
2012-12-17,9.663952876118728,9.663952876118728,9.47446378120567,9.521836280822754,224842.0
2012-12-18,9.569210018960764,9.758699138398963,9.474465007463966,9.640268325805664,461388.0
2012-12-19,9.687640831554063,9.735012433747068,9.474465007463966,9.640268325805664,592185.0
2012-12-20,9.85344309848134,11.01406540590174,9.85344309848134,10.066618919372559,3565046.0
2012-12-21,10.042932878032783,10.042932878032783,9.711326254269723,9.73501205444336,1540026.0
2012-12-24,9.78238298441585,9.85344127705924,9.687638895409735,9.711324691772461,252178.0
2012-12-26,9.711326254269723,9.806071262074985,9.711326254269723,9.73501205444336,189320.0
2012-12-27,9.758699878735017,10.279795674389135,9.735013172286147,10.137678146362305,1487585.0
2012-12-28,10.208736419677734,10.327167240804183,10.06661979574818,10.208736419677734,846624.0
2012-12-31,10.185049084968494,10.279794089041493,10.066618281654907,10.113990783691406,314221.0
2013-01-01,10.137674003655635,10.279791473606915,10.066615720457541,10.090301513671875,233143.0
2013-01-02,10.185048791513871,10.185048791513871,9.924501393153077,9.995559692382812,328628.0
2013-01-03,10.137676290842283,10.137676290842283,9.948187191711224,9.995559692382812,227769.0
2013-01-04,9.924500108506738,10.066616688570365,9.924500108506738,10.019244194030762,391667.0
2013-01-07,10.019242001813984,10.232417728821614,9.995556211504239,10.042928695678711,461063.0
2013-01-08,10.042931872710705,10.066617670513335,9.924501076587019,9.948186874389648,233468.0
2013-01-09,9.948186532722763,10.042931527789838,9.948186532722763,9.971872329711914,205320.0
2013-01-10,10.13767722515117,10.25610803596732,9.995560613593947,10.066618919372559,480481.0
2013-01-11,10.137674978602178,10.18504747314178,9.97187169949116,10.019244194030762,325307.0
2013-01-14,10.019243230473782,10.090301513671875,9.877126664077593,10.090301513671875,291317.0
2013-01-15,10.090305598551286,10.303481438001077,10.042933992945073,10.208736419677734,633010.0
2013-01-16,10.161363285727907,10.303479888282082,10.090304080895496,10.113990783691406,306983.0
2013-01-17,10.113988861883247,10.256105437433161,10.09030216358816,10.185047149658203,432287.0
2013-01-18,10.256107330322266,10.445596433879716,10.1613632303212,10.256107330322266,478448.0
2013-01-21,10.256107302937796,10.398224807892909,10.256107302937796,10.327165603637695,307817.0
2013-01-22,10.303478240966797,10.398223229892011,10.208733252041583,10.303478240966797,228839.0
2013-01-23,10.327165631211894,10.469283136546471,10.232421531210829,10.256107330322266,385788.0
2013-01-24,10.37453778575706,10.469282786142355,10.279793688927054,10.421910285949707,1322564.0
2013-01-25,10.46928186620948,10.46928186620948,10.232420289614492,10.279792785644531,466107.0
2013-01-28,9.592895366681315,10.374538512144278,9.592895366681315,10.16136360168457,231393.0
2013-01-29,10.185049084968494,10.256107386245581,10.090304080895496,10.113990783691406,276309.0
2013-01-30,10.208733252041583,10.421909025345727,10.090302467662655,10.303478240966797,665686.0
2013-01-31,10.279790574265158,10.753513625548253,10.185045602586534,10.658768653869629,1061338.0
2013-02-01,10.706142437818892,10.871945706582473,10.564024963069341,10.63508415222168,604372.0
2013-02-04,10.777203009209215,10.848261309877552,10.350852301643869,10.469283103942871,428486.0
2013-02-05,10.398224835656842,10.42191063476828,10.256107330322266,10.256107330322266,662757.0
2013-02-06,10.232423126036299,10.374539749965855,10.185050616874628,10.208736419677734,140435.0
2013-02-07,10.185049084968494,10.256107386245581,10.066618281654907,10.113990783691406,123370.0
2013-02-08,10.066616688570365,10.113989183109966,9.948185903998949,10.019244194030762,147581.0
2013-02-11,9.995561521890936,10.208736458597988,9.995561521890936,10.137678146362305,2008937.0
2013-02-12,10.13767722515117,10.303480541004854,10.019246414335024,10.066618919372559,212540.0
2013-02-13,10.090301513671875,10.185046493639394,10.042929927243208,10.090301513671875,278355.0
2013-02-14,10.137674978602178,10.16136167764957,9.900813409459346,10.019244194030762,243738.0
2013-02-15,9.971870445709568,10.01924293429294,9.663950625250248,9.758695602416992,356662.0
2013-02-18,9.758695930235426,9.90081249720452,9.711323440060696,9.806068420410156,230570.0
2013-02-19,9.806069357127566,9.924500142099854,9.782382657999998,9.877127647399902,202003.0
2013-02-20,9.948185937672239,9.99555843237219,9.82975515269995,9.877127647399902,199197.0
2013-02-21,9.99555843237219,10.066616722644527,9.82975515269995,9.877127647399902,276243.0
2013-02-22,9.9008150100708,9.948187512268861,9.85344250787274,9.9008150100708,257928.0
2013-02-25,9.877130662656953,10.256108928839407,9.877130662656953,10.208736419677734,376563.0
2013-02-26,10.113991424410093,10.279794740263776,10.042933118631481,10.066618919372559,1285631.0
2013-02-27,10.066617991612548,10.066617991612548,9.853442190368046,9.995559692382812,118075.0
2013-02-28,10.019243270863797,10.137674044523072,9.498147686051958,9.806068420410156,551371.0
2013-03-01,9.806070994876373,9.900815096544664,9.569209385372648,9.687640190124512,144769.0
2013-03-04,9.521836355139515,9.687639653315744,8.645448267826835,9.166543960571289,1236343.0
2013-03-05,9.237603155773893,9.379719765979035,9.190230651187056,9.308661460876465,351816.0
2013-03-06,9.40340388490588,9.521834662036795,9.308658901779095,9.498147964477539,142329.0
2013-03-07,9.592893290519715,9.592893290519715,9.332345932940006,9.474462509155273,154353.0
2013-03-08,9.450776388752152,9.52183467441203,9.332345611467314,9.42708969116211,373674.0
2013-03-11,9.47446218278707,9.47446218278707,9.379717199537149,9.42708969116211,116849.0
2013-03-12,9.379717826843262,9.427090321636447,9.09548466519452,9.379717826843262,62180.0
2013-03-13,9.379717826843262,9.427090321636447,9.308659536431076,9.379717826843262,67037.0
2013-03-14,9.379717516825675,9.427090010053108,9.095484364571382,9.261286735534668,322014.0
2013-03-15,9.23760353372359,9.450779361308605,9.142858520673492,9.21391773223877,674047.0
2013-03-18,9.000740031364183,9.213915814581737,8.977054234808996,9.071798324584961,458657.0
2013-03-19,9.166543317916146,9.166543317916146,9.000740031364183,9.071798324584961,82252.0
2013-03-20,9.048113506733563,9.119171807640477,9.000741004943848,9.000741004943848,135744.0
2013-03-21,9.000741994018108,9.166545316724264,8.90599698002733,8.929683685302734,139247.0
2013-03-22,8.92968209273554,9.000740388777999,8.740193002103895,8.83493709564209,206525.0
2013-03-25,8.858623164156452,9.024425541898236,8.834936464796774,8.882308959960938,451322.0
2013-03-26,8.71650785560119,9.000741994018108,8.71650785560119,8.929683685302734,304889.0
2013-03-28,8.929682388669988,9.024426485348052,8.882309888553314,8.953368186950684,111125.0
2013-04-01,8.977054864179292,9.21391646055811,8.977054864179292,9.166543960571289,53103.0
2013-04-02,9.23760353372359,9.332348546773687,9.095486917703852,9.21391773223877,168045.0
2013-04-03,9.261286735534668,9.427090010053108,9.237600940698528,9.261286735534668,88112.0
2013-04-04,9.190231011694152,9.237603518139283,9.119172703804162,9.142858505249023,199083.0
2013-04-05,9.237603518139283,9.356034332474401,9.000741889469044,9.142858505249023,123725.0
2013-04-08,9.237603868756976,9.332348885243327,9.119173049926758,9.119173049926758,65326.0
2013-04-09,9.166545210249291,9.237603518139283,9.119172703804162,9.142858505249023,195516.0
2013-04-10,9.166543960571289,9.237602258773878,9.071798960597649,9.166543960571289,385296.0
2013-04-11,9.28497637700015,9.28497637700015,9.095487247582891,9.119173049926758,90904.0
2013-04-12,9.024425207156606,9.379717552376238,9.000739412230693,9.332345962524414,340056.0
2013-04-15,9.356034348258508,9.356034348258508,9.190231027198541,9.21391773223877,96942.0
2013-04-16,9.119171436016376,9.332347233605105,9.119171436016376,9.237602233886719,93766.0
2013-04-17,9.261288056989645,9.332347258747518,9.166543960571289,9.166543960571289,114972.0
2013-04-18,9.142857547432888,9.332347553362215,9.142857547432888,9.284975051879883,55991.0
2013-04-22,9.450777020810632,9.450777020810632,9.308659536431076,9.379717826843262,100582.0
2013-04-23,9.379717826843262,9.427090321636447,9.33234623560526,9.379717826843262,71332.0
2013-04-25,9.42708969116211,9.450776388752152,9.356031405502232,9.42708969116211,161342.0
2013-04-26,9.450776388752152,9.47446218278707,9.403403897127191,9.42708969116211,259548.0
2013-04-29,9.42708969116211,9.450776388752152,9.379717199537149,9.42708969116211,79447.0
2013-04-30,9.284973439683199,9.52183500241208,9.284973439683199,9.474462509155273,133424.0
2013-05-02,9.47446378120567,9.711325375735811,9.427091281588586,9.521836280822754,129835.0
2013-05-03,9.545520468446949,9.545520468446949,9.42708969116211,9.42708969116211,53925.0
2013-05-06,9.42708969116211,9.47446218278707,9.403403897127191,9.42708969116211,61435.0
2013-05-07,9.450777053833008,9.474462849534769,9.427090354576057,9.450777053833008,53308.0
2013-05-08,9.474462509155273,9.52183500241208,9.427090015898466,9.474462509155273,80696.0
2013-05-09,9.474462170473405,9.521834662036795,9.40340388490588,9.498147964477539,297321.0
2013-05-10,9.427089402567413,9.94818498737925,9.427089402567413,9.806068420410156,348455.0
2013-05-13,9.521837416009133,9.94818815628155,9.521837416009133,9.853443145751953,379286.0
2013-05-14,9.948184653195415,9.995557141778788,9.474461574471825,9.758695602416992,252461.0
2013-05-15,9.85344127705924,9.87712797697718,9.663952195491795,9.711324691772461,819270.0
2013-05-16,9.545525798733452,9.711329160228976,9.545525798733452,9.663956642150879,110888.0
2013-05-17,9.640265754119245,9.687638247230316,9.000739356007669,9.616579055786133,151820.0
2013-05-20,9.640267687512699,9.806070994876373,9.616580984429126,9.687640190124512,98638.0
2013-05-21,9.640267687512699,9.782384291792802,9.640267687512699,9.687640190124512,75361.0
2013-05-22,9.687643352967742,9.758701678307071,9.616584124072784,9.663956642150879,148089.0
2013-05-23,9.592895820057265,9.663954126902166,9.545523314308866,9.640268325805664,210221.0
2013-05-24,9.616584124072784,9.711329160228976,9.59289831681155,9.663956642150879,344087.0
2013-05-27,9.663956642150879,9.711329160228976,9.640270834889645,9.663956642150879,454954.0
2013-05-28,9.663956642150879,9.687643352967742,9.640270834889645,9.663956642150879,102234.0
2013-05-29,9.640268244212402,10.042933184332625,9.640268244212402,9.9245023727417,1343995.0
2013-05-30,9.924503356236695,9.924503356236695,9.758700022867602,9.78238582611084,131750.0
2013-05-31,9.545522682289075,9.829756794404613,9.545522682289075,9.687640190124512,144795.0
2013-06-03,9.711324691772461,9.78238298441585,9.663952195491795,9.711324691772461,195459.0
2013-06-04,9.687640190124512,9.71132598965275,9.663953487040938,9.687640190124512,66479.0
2013-06-05,9.711324691772461,9.78238298441585,9.663952195491795,9.711324691772461,88289.0
2013-06-06,9.711324691772461,9.758697188053125,9.711324691772461,9.711324691772461,279710.0
2013-06-07,9.711326254269723,9.758698758172354,9.711326254269723,9.73501205444336,94623.0
2013-06-10,9.711329160228976,9.758701678307071,9.498153280655357,9.663956642150879,106650.0
2013-06-11,9.569209646117187,9.78238455834599,9.545522942388192,9.73501205444336,365277.0
2013-06-12,9.758695602416992,9.782381394931145,9.663950625250248,9.758695602416992,289612.0
2013-06-13,9.711325997313809,9.735011796860732,9.474464387623229,9.545522689819336,117597.0
2013-06-14,9.56920875616736,9.66395285160593,9.521836256670436,9.592894554138184,80426.0
2013-06-17,9.592895192468518,9.663953494664625,9.474464387623229,9.545522689819336,54991.0
2013-06-18,9.521834973119143,9.640265754119245,9.521834973119143,9.616579055786133,58180.0
2013-06-19,9.592893261008173,9.663951548897204,9.592893261008173,9.616579055786133,67067.0
2013-06-20,9.592894554138184,9.687639553132028,9.474463757173515,9.592894554138184,950720.0
2013-06-21,9.569207153600187,9.616578741608457,9.474462170473405,9.498147964477539,170066.0
2013-06-24,9.47446378120567,9.569208780439837,9.427091281588586,9.521836280822754,542520.0
2013-06-25,9.52183467441203,9.545520468446949,9.095484056897638,9.42708969116211,977156.0
2013-06-26,9.47446218278707,9.498147976821988,9.261286422252311,9.42708969116211,774621.0
2013-06-27,9.356031727790834,9.52183500241208,9.332345932940006,9.474462509155273,5560043.0
2013-06-28,9.498148304006099,9.52183500241208,9.450776714304448,9.474462509155273,206416.0
2013-07-01,9.474462509155273,9.498148304006099,9.450776714304448,9.474462509155273,195835.0
2013-07-02,9.474462503280542,9.474462503280542,9.237600940698528,9.261286735534668,165859.0
2013-07-03,9.213918407604258,9.30866252404354,8.882311741178086,9.024428367614746,602905.0
2013-07-04,9.213915145862389,9.450776708444403,9.048111871343949,9.261286735534668,101789.0
2013-07-05,9.474467473394123,9.711329160228976,9.37972243723793,9.663956642150879,897831.0
2013-07-08,9.56920875616736,9.711325351102852,9.403405459705768,9.592894554138184,205414.0
2013-07-09,9.616580992015443,9.616580992015443,9.474464387623229,9.545522689819336,72781.0
2013-07-10,9.545520797262908,9.640265783776522,9.332345932940006,9.474462509155273,86953.0
2013-07-11,9.498148645236531,9.616579430855715,9.379717859617346,9.450777053833008,107801.0
2013-07-12,9.427090010053108,9.545520791344115,9.190228447471094,9.261286735534668,246536.0
2013-07-15,9.26128677063636,9.403404250857308,9.237600975710448,9.332345962524414,56713.0
2013-07-16,9.237602872703057,9.332347878973431,9.142857866432683,9.190230369567871,105196.0
2013-07-17,9.16654589760688,9.284976720822588,8.977056761172843,9.024428367614746,227309.0
2013-07-18,9.071800197359034,9.213917716694422,9.024427690913905,9.142858505249023,76851.0
2013-07-19,9.095486640930176,9.213917451861269,8.953369125679634,9.095486640930176,141590.0
2013-07-22,9.095487247582891,9.21391806641311,9.048114739339717,9.119173049926758,95288.0
2013-07-23,9.119172703804162,9.213917716694422,9.048114395914173,9.142858505249023,115829.0
2013-07-24,9.095487247582891,9.166545558169933,9.071800541683583,9.119173049926758,70720.0
2013-07-25,9.048114395914173,9.261289319584142,9.048114395914173,9.142858505249023,91601.0
2013-07-26,9.166543317916146,9.19022911447133,9.048112528029774,9.071798324584961,75790.0
2013-07-29,9.071798324584961,9.19022911447133,9.048112528029774,9.071798324584961,67909.0
2013-07-30,9.071799653274116,9.213917164085947,8.929683046017638,8.977055549621582,204111.0
2013-07-31,8.977053627177337,9.09548440904746,8.834936146800095,9.048111915588379,178555.0
2013-08-01,9.119172703804162,9.237603518139283,8.905996876578786,9.142858505249023,354658.0
2013-08-02,9.119172066642763,9.237602872703057,9.000741260582467,9.190230369567871,376972.0
2013-08-05,9.119172703804162,9.166545210249291,9.024427690913905,9.142858505249023,381573.0
2013-08-06,9.024428033440408,9.1902313605138,8.953369722853365,9.119173049926758,316148.0
2013-08-07,9.071797700563588,9.403404250857308,9.071797700563588,9.332345962524414,333201.0
2013-08-08,9.687639653315744,9.687639653315744,9.0954856623687,9.166543960571289,75066.0
2013-08-12,9.095486545568752,9.427092270565874,9.095486545568752,9.308661460876465,54285.0
2013-08-13,9.284973469117432,9.403404250857308,9.284973469117432,9.332345962524414,39800.0
2013-08-14,9.237600024098894,9.521834051705257,9.237600024098894,9.403403282165527,64704.0
2013-08-16,9.427089074651448,9.427089074651448,9.237600024098894,9.403403282165527,90957.0
2013-08-19,9.33234623560526,9.403404526017447,9.190228751225705,9.379717826843262,132660.0
2013-08-20,9.33234623560526,9.403404526017447,9.23760124601889,9.379717826843262,82061.0
2013-08-21,9.356030793638624,9.474461563178352,9.356030793638624,9.403403282165527,76956.0
2013-08-22,9.332345962524414,9.450776744264292,9.213915180784536,9.332345962524414,106004.0
2013-08-23,9.356030793638624,9.474461563178352,9.332345001152703,9.403403282165527,86310.0
2013-08-26,9.521835657550133,9.521835657550133,9.332346575040498,9.356032371520996,48397.0
2013-08-27,9.308659875004784,9.427090664517706,9.308659875004784,9.356032371520996,398757.0
2013-08-28,9.23760255039755,9.379719151289235,9.19023004891522,9.284975051879883,1449308.0
2013-08-29,9.37972048993106,9.37972048993106,9.071800541683583,9.119173049926758,1534149.0
2013-08-30,9.284976024584411,9.284976024584411,9.071800197359034,9.142858505249023,351628.0
2013-09-02,9.119172703804162,9.237603518139283,9.119172703804162,9.142858505249023,1208166.0
2013-09-03,9.190231027198541,9.284976040248639,9.190231027198541,9.21391773223877,230202.0
2013-09-04,9.4182259881568,9.4182259881568,9.169066565451764,9.19398307800293,351725.0
2013-09-05,9.318562370195037,9.418225564513417,9.16906615301588,9.293645858764648,8347026.0
2013-09-06,9.343478620523154,9.368394183324098,9.218898905582845,9.243814468383789,1802292.0
2013-09-10,9.31856264113274,9.368393764506909,9.243814055135978,9.343478202819824,242131.0
2013-09-11,9.293646790493241,9.692302459136906,9.293646790493241,9.468058586120605,2742987.0
2013-09-12,9.517890663509542,9.692302459136906,9.468058586120605,9.468058586120605,214459.0
2013-09-13,9.418227289010082,9.816882990681453,9.418227289010082,9.617554664611816,403853.0
2013-09-16,9.99129244116006,10.090956590138658,9.343478324202461,9.542805671691895,882918.0
2013-09-17,9.567723834849243,9.61755496746793,9.443144102366663,9.492975234985352,101725.0
2013-09-18,9.46805818455424,9.567722335105081,9.343478471599578,9.393310546875,83354.0
2013-09-19,9.567722469999424,9.567722469999424,9.393310679310328,9.41822624206543,113543.0
2013-09-20,9.44314344635571,9.44314344635571,9.293647207481294,9.36839485168457,182134.0
2013-09-23,9.393310276661747,9.44314235050367,9.31856264113274,9.343478202819824,116521.0
2013-09-24,9.3434792871061,9.418226931309375,9.3434792871061,9.36839485168457,84901.0
2013-09-25,9.393310546875,9.54280582223348,9.094319045690257,9.393310546875,414436.0
2013-09-26,9.393310662656274,9.59263801574707,9.393310662656274,9.59263801574707,359741.0
2013-09-27,9.592639401158586,9.592639401158586,9.41822758558939,9.492975234985352,162935.0
2013-09-30,9.542806226970098,9.542806226970098,9.268731227032683,9.468058586120605,184143.0
2013-10-01,9.517890663509542,9.592638304359035,9.268731227032683,9.468058586120605,189132.0
2013-10-03,9.468058586120605,9.592638304359035,9.468058586120605,9.468058586120605,129337.0
2013-10-04,9.468058586120605,9.567722740898477,9.418226508731669,9.468058586120605,135704.0
2013-10-07,9.468059668676007,9.517891751762624,9.468059668676007,9.492975234985352,47737.0
2013-10-08,9.343479129661857,9.592638573119507,9.343479129661857,9.517890930175781,51514.0
2013-10-09,9.468058035191827,9.592637746181193,9.468058035191827,9.542805671691895,74904.0
2013-10-10,9.542806226970098,9.567722740898477,9.468058586120605,9.468058586120605,113077.0
2013-10-11,9.542806226970098,9.592638304359035,9.468058586120605,9.468058586120605,61116.0
2013-10-14,9.468058035191827,9.567722184170426,9.468058035191827,9.542805671691895,84582.0
2013-10-15,9.592638304359035,9.592638304359035,9.468058586120605,9.468058586120605,181993.0
2013-10-17,9.517890930175781,9.567723008960881,9.468058851390682,9.517890930175781,88955.0
2013-10-18,9.517890930175781,9.567723008960881,9.468058851390682,9.517890930175781,93507.0
2013-10-21,9.492974415549307,9.567723008960881,9.492974415549307,9.517890930175781,69340.0
2013-10-22,9.492975624970601,9.592639795238185,9.492975624970601,9.567724227905273,237768.0
2013-10-23,11.436416875551785,11.436416875551785,9.74213218993842,9.916543960571289,461804.0
2013-10-24,9.891628126182322,9.941460195047082,9.767048429254253,9.866711616516113,226778.0
2013-10-25,9.74213259608801,9.891628813063404,9.74213259608801,9.81688117980957,103184.0
2013-10-28,9.891631882146852,9.891631882146852,9.642472393682034,9.667387962341309,85280.0
2013-10-29,9.791963704241136,9.791963704241136,9.567720826559851,9.642468452453613,59761.0
2013-10-30,9.567722453036144,9.667385654347644,9.567722453036144,9.59263801574707,114644.0
2013-10-31,9.59263801574707,9.667385654347644,9.567722453036144,9.59263801574707,139829.0
2013-11-01,9.617551833481775,10.016207417800432,9.492972141594873,9.966375350952148,1176231.0
2013-11-05,9.866711616516113,9.966375754245632,9.816880498119012,9.866711616516113,199111.0
2013-11-06,9.86671215805894,10.614190380653335,9.86671215805894,10.315199851989746,3999858.0
2013-11-07,10.315200550068294,10.439780262264927,9.99129253798283,10.090956687927246,691875.0
2013-11-08,10.01620986737586,10.090957510694842,10.01620986737586,10.066041946411133,388212.0
2013-11-11,10.090956687927246,10.16570432515167,9.99129253798283,10.090956687927246,596953.0
2013-11-12,10.066040446129795,10.365030974843034,10.066040446129795,10.140788078308105,411006.0
2013-11-13,10.041122851655992,10.190619050349701,10.041122851655992,10.115870475769043,185894.0
2013-11-14,10.140789163935304,10.215536804115759,10.115872650229944,10.165704727172852,1288000.0
2013-11-18,10.11587050884087,10.539441647489747,10.11587050884087,10.464694023132324,554234.0
2013-11-19,10.36502989034402,10.489609581095594,10.36502989034402,10.464694023132324,125744.0
2013-11-20,10.489609581095594,10.514526089526477,10.389946398774901,10.464694023132324,123196.0
2013-11-21,10.36502989034402,10.514526089526477,10.36502989034402,10.464694023132324,352013.0
2013-11-22,10.464697275810101,10.863352029939515,10.464697275810101,10.539444923400879,354148.0
2013-11-25,10.96301628743028,11.286923396738047,10.664024744043145,10.73877239227295,672427.0
2013-11-26,10.713856466981301,10.713856466981301,10.464697014260807,10.489612579345703,118078.0
2013-11-27,10.56435815592063,10.56435815592063,10.464694023132324,10.464694023132324,98509.0
2013-11-28,10.489612841517726,10.713856734757961,10.439781710102478,10.539444923400879,1675196.0
2013-11-29,10.5892737138839,10.5892737138839,10.439778465169054,10.464694023132324,797281.0
2013-12-02,10.43977914279964,10.464694702380143,10.340115003542284,10.414862632751465,200211.0
2013-12-03,10.340115138116575,10.41486276829858,10.240450997562112,10.26536750793457,179606.0
2013-12-04,10.265367914041093,10.439779691677435,10.190620280902008,10.340115547180176,714681.0
2013-12-05,10.464697014260807,10.713856466981301,10.315201722815662,10.489612579345703,214396.0
2013-12-06,10.489613228575667,10.713857130090314,10.46469766194868,10.614192962646484,128577.0
2013-12-09,10.81351753742378,10.913180719744474,10.265366708023327,10.464694023132324,756399.0
2013-12-10,10.464695824517143,10.464695824517143,9.99129253798283,10.090956687927246,1014256.0
2013-12-11,10.09095358267063,10.340112930390893,10.066038028085597,10.215533256530762,431355.0
2013-12-12,10.315199986289722,10.414863180319259,10.215535841792462,10.340115547180176,597890.0
2013-12-13,10.614190518846055,10.614190518846055,10.215535841792462,10.340115547180176,66409.0
2013-12-16,10.290282928673124,10.414862627447539,10.21553529950201,10.240450859069824,87173.0
2013-12-17,10.240450859069824,10.36503055784424,10.240450859069824,10.240450859069824,56890.0
2013-12-18,10.215535437657339,10.365030698021348,10.215535437657339,10.26536750793457,130361.0
2013-12-19,10.240453030304671,10.365032755493138,9.966378015077199,10.290285110473633,1387566.0
2013-12-20,10.240453030304671,10.340117190642594,10.240453030304671,10.290285110473633,627607.0
2013-12-23,10.265367369105311,10.31519943870861,10.21553529950201,10.240450859069824,65488.0
2013-12-24,10.265368475096086,10.290284037348304,10.041124612955038,10.090956687927246,113278.0
2013-12-26,10.090957740265663,10.614192205870067,10.090957740265663,10.290285110473633,1711146.0
2013-12-27,10.290283067839344,10.41486276829858,10.165703367380107,10.26536750793457,246021.0
2013-12-30,10.26536531616831,10.514524663888574,10.016205968448048,10.215533256530762,545000.0
2013-12-31,10.763688513991326,11.187259772386435,10.589276707538296,10.664024353027344,949449.0
2014-01-01,10.639108956150222,10.688941037419712,10.439781581540164,10.51452922821045,152644.0
2014-01-02,10.46469525256789,10.664022591094685,10.290283474931545,10.340115547180176,134839.0
2014-01-03,10.389947208393806,10.41486276829858,10.190619877752566,10.26536750793457,210225.0
2014-01-06,10.389947208393806,10.41486276829858,10.240450997562112,10.26536750793457,56044.0
2014-01-07,10.389947208393806,10.389947208393806,10.215535437657339,10.26536750793457,72390.0
2014-01-08,10.265367374333103,10.43977914279964,10.265367374333103,10.414862632751465,544079.0
2014-01-09,10.365031108070628,10.46469525256789,10.265367914041093,10.340115547180176,96074.0
2014-01-10,10.414862627447539,10.439779137483026,10.21553529950201,10.240450859069824,119213.0
2014-01-13,10.215535841792462,10.414863180319259,10.215535841792462,10.340115547180176,119719.0
2014-01-14,10.340115547180176,10.414863180319259,10.290283474931545,10.340115547180176,266186.0
2014-01-15,10.414864835662097,10.414864835662097,10.215537465454128,10.290285110473633,166394.0
2014-01-16,10.290284950778004,10.664024120543315,10.190621742454637,10.439781188964844,285001.0
2014-01-17,10.36502989034402,10.514526089526477,10.34011433238075,10.464694023132324,130084.0
2014-01-20,10.464694023132324,10.539441647489747,10.439778465169054,10.464694023132324,129715.0
2014-01-21,10.464694023132324,10.56435815592063,10.464694023132324,10.464694023132324,81933.0
2014-01-22,10.464695244824416,10.713854655415474,10.4397796839524,10.688939094543457,283035.0
2014-01-23,10.614191042734642,10.963014615224342,10.614191042734642,10.788602828979492,658389.0
2014-01-24,10.713854934985505,10.788602570019762,10.514527591404905,10.564359664916992,200370.0
2014-01-27,10.514529094898482,10.688940901896405,10.43978144917591,10.489612579345703,300882.0
2014-01-28,10.464694702380143,10.514526772008821,10.315199443961781,10.414862632751465,170095.0
2014-01-29,10.414864835662097,10.514528996000019,10.215537465454128,10.290285110473633,35622.0
2014-01-30,10.215534641629175,10.514526089526477,10.140787017271752,10.464694023132324,322633.0
2014-01-31,10.464694023132324,10.514526089526477,10.36502989034402,10.464694023132324,127907.0
2014-02-03,10.365030698021348,10.713854239494284,10.215535437657339,10.26536750793457,1632746.0
2014-02-04,10.115871165447068,10.71385410005586,10.115871165447068,10.414862632751465,458049.0
2014-02-05,10.365030698021348,10.589274539035047,10.215535437657339,10.26536750793457,519005.0
2014-02-06,10.240450859069824,10.36503055784424,10.21553529950201,10.240450859069824,93160.0
2014-02-07,10.290285110473633,10.489612480681602,10.240453030304671,10.290285110473633,236260.0
2014-02-10,10.240450859069824,10.389947067879726,10.21553529950201,10.240450859069824,52924.0
2014-02-11,10.265368564324106,10.713855342036739,10.265368564324106,10.639107704162598,2162544.0
2014-02-12,10.713853404635476,10.738768962598746,10.414861956738173,10.464694023132324,65385.0
2014-02-13,10.439779691677435,10.46469525256789,10.240451402682917,10.340115547180176,34583.0
2014-02-14,10.365028484975927,10.414860544613475,10.165701196893213,10.215533256530762,102055.0
2014-02-17,10.34011611232051,10.34011611232051,10.06604112567503,10.090956687927246,151206.0
2014-02-18,10.0909568398093,10.165704478158773,9.916545050015333,9.941461563110352,327901.0
2014-02-19,10.11587116029541,10.36503055784424,9.991291461520994,10.240450859069824,159005.0
2014-02-20,10.190619739934196,10.31519943870861,10.16570322989871,10.240450859069824,71198.0
2014-02-21,10.290280870753344,10.31519737580586,10.165701196893213,10.215533256530762,76185.0
2014-02-24,10.19061770194573,10.26536531616831,10.19061770194573,10.215533256530762,52562.0
2014-02-25,10.215537233049101,10.365032519687068,10.01620986737586,10.066041946411133,91428.0
2014-02-26,10.16570432515167,10.16570432515167,9.99129253798283,10.090956687927246,39891.0
2014-02-28,10.09095358267063,10.240448811115796,10.066038028085597,10.215533256530762,151107.0
2014-03-03,10.215536804115759,10.340116521239123,10.06604152375485,10.165704727172852,281799.0
2014-03-04,10.140787670330896,10.265367369105311,10.140787670330896,10.240450859069824,838325.0
2014-03-05,10.240450997562112,10.340115138116575,10.190619877752566,10.26536750793457,52155.0
2014-03-06,10.290282265986598,10.514526089526477,10.265366708023327,10.464694023132324,177974.0
2014-03-07,10.464694023132324,10.61418927184717,10.34011433238075,10.464694023132324,283300.0
2014-03-10,10.414863324893362,10.464695397833736,10.165703910659225,10.190620422363281,138513.0
2014-03-11,10.190620149916215,10.290283342664724,10.115871567270196,10.140788078308105,164211.0
2014-03-12,10.140788076624178,10.340115412555809,10.090956005024344,10.315199851989746,271609.0
2014-03-13,10.31519943870861,10.36503055784424,10.21553529950201,10.240450859069824,142446.0
2014-03-14,10.165703638878306,10.215535710486416,10.115871567270196,10.140788078308105,28185.0
2014-03-18,10.215533256530762,10.26536531616831,10.14078564230818,10.215533256530762,135893.0
2014-03-19,10.19061770194573,10.26536531616831,10.165701196893213,10.215533256530762,61301.0
2014-03-20,10.215535974155426,10.43977982694593,10.215535974155426,10.365031242370605,103848.0
2014-03-21,10.389949798583984,10.61419274503324,10.265370067067314,10.389949798583984,298496.0
2014-03-24,10.290282933913605,10.514526772008821,10.290282933913605,10.414862632751465,177864.0
2014-03-25,10.414864674033106,10.514528832824334,10.365032594637494,10.439781188964844,120233.0
2014-03-26,10.414864674033106,10.664024120543315,10.365032594637494,10.439781188964844,470817.0
2014-03-27,10.439779691677435,10.439779691677435,10.315199986289722,10.340115547180176,62491.0
2014-03-28,10.365032435185105,10.93809991371698,10.365032435185105,10.589276313781738,331969.0
2014-03-31,10.539444659983378,10.713856466981301,10.41486493362313,10.489612579345703,155407.0
2014-04-01,10.56436152989271,10.93810072150965,10.414865282965183,10.73877239227295,331554.0
2014-04-02,10.763685904460354,10.813517972861137,10.688938277093003,10.71385383605957,150413.0
2014-04-03,10.713855327171807,10.88826711561467,10.21553647474521,10.813519477844238,373705.0
2014-04-04,10.813519477844238,10.913182678048887,10.713855327171807,10.813519477844238,333798.0
2014-04-07,10.539441813090827,10.888265332863174,10.539441813090827,10.838433265686035,116478.0
2014-04-09,10.838432885958852,11.262004016423177,10.838432885958852,11.112507820129395,630489.0
2014-04-10,11.112510112322108,11.411501616115466,10.963014835659322,11.361669540405273,478576.0
2014-04-11,11.212173595967213,11.361668863726349,11.162341523224924,11.237089157104492,156174.0
2014-04-15,11.212173050100153,11.311837190732563,10.913181578670612,10.963013648986816,107418.0
2014-04-16,11.262005541519043,11.262005541519043,10.813518792839005,10.863349914550781,160485.0
2014-04-17,10.838435156404744,11.087594585287611,10.813519593703573,11.012846946716309,177444.0
2014-04-21,10.963014735458088,11.112510010754496,10.963014735458088,10.987930297851562,143175.0
2014-04-22,11.162342223858913,11.162342223858913,10.963014870846177,11.012846946716309,224416.0
2014-04-23,11.012845724307567,11.610827716970702,10.987929213904298,11.486248016357422,1235684.0
2014-04-24,11.486248016357422,11.486248016357422,11.486248016357422,11.486248016357422,0.0
2014-04-25,11.735406410332402,11.735406410332402,11.087592402932383,11.13742446899414,1095823.0
2014-04-28,11.212173595967213,11.336753302589072,11.162341523224924,11.237089157104492,646388.0
2014-04-29,11.18725722383402,11.336752480755823,11.112508644905455,11.262004852294922,333841.0
2014-04-30,11.187259382074155,11.560998546947884,11.187259382074155,11.31183910369873,413772.0
2014-05-02,11.23708902275345,11.33675316704644,11.212173461914062,11.212173461914062,468930.0
2014-05-05,11.187256535055896,11.311836224976485,11.087592402932383,11.13742446899414,331344.0
2014-05-06,11.13742652361575,11.212174161263954,10.963014735458088,10.987930297851562,102197.0
2014-05-07,10.963014870846177,11.137426661157743,10.963014870846177,11.012846946716309,85564.0
2014-05-08,10.9879288054593,11.212172638414653,10.9879288054593,11.062677383422852,499854.0
2014-05-09,11.037760472730573,11.311836364209936,11.037760472730573,11.16234016418457,258369.0
2014-05-12,11.062678195942297,11.386585239192936,10.987929612488692,11.212173461914062,600506.0
2014-05-13,11.237089922528153,12.059316802613264,11.212174359693728,11.735408782958984,2015889.0
2014-05-14,11.536080070593558,11.83507154174162,11.361668299884881,11.48624324798584,967409.0
2014-05-15,11.610828276970066,11.610828276970066,11.112509450482634,11.237089157104492,541052.0
2014-05-16,11.461332872178819,11.685576721604189,11.187257901074675,11.212173461914062,623216.0
2014-05-19,11.262004498179188,12.158977912441435,11.212172430616254,12.059314727783203,2701470.0
2014-05-20,12.258641693249078,12.956287767562785,11.884902623030921,12.682212829589844,2272475.0
2014-05-21,12.65729767409656,13.330028262483669,12.408138267321164,13.10578441619873,2939456.0
2014-05-22,13.105787975027512,13.72868666111186,12.781880848357243,13.055956840515137,8882050.0
2014-05-23,13.379860332768947,13.728682931943547,13.105784415059217,13.280196189880371,3572884.0
2014-05-26,13.703770636118128,13.703770636118128,12.208813839450695,12.607468605041504,3148199.0
2014-05-27,12.582551984251582,12.682216142531805,12.059317529450043,12.408140182495117,858577.0
2014-05-28,12.457971157862008,13.155617352608726,12.38322352100839,12.557635307312012,2479279.0
2014-05-29,12.507802282067347,12.65729754441382,12.233726367141884,12.383222579956055,816457.0
2014-05-30,12.507802836504945,12.981205155231903,12.109147201796846,12.308475494384766,2086711.0
2014-06-02,12.30847856015642,12.831713082356584,12.30847856015642,12.532721519470215,2085089.0
2014-06-03,12.482887248066117,12.881542912263074,12.482887248066117,12.657299041748047,1773469.0
2014-06-04,12.65729767836541,13.10578442061884,12.557634485902264,12.931373596191406,5109348.0
2014-06-05,13.579189232400479,13.678853386770362,13.006122720943196,13.031038284301758,9266345.0
2014-06-06,13.155618295693998,13.205450373991306,12.806795648548515,12.906458854675293,2504591.0
2014-06-09,13.00612301126991,13.080870653481954,12.806795648548515,12.906458854675293,4460590.0
2014-06-10,13.006119833685393,13.031035391512894,12.532716631222018,12.682212829589844,4411697.0
2014-06-11,12.80679375722799,13.006121090512519,12.158978735968647,12.383222579956055,6093125.0
2014-06-12,12.433051491427562,12.557631161880874,12.283555316603113,12.33338737487793,1393412.0
2014-06-13,12.457972048399801,12.682215925458133,11.83507344597981,12.009485244750977,2116037.0
2014-06-16,12.034399171836373,12.059315682824927,11.710492132726833,11.884903907775879,979654.0
2014-06-17,11.859988057146003,12.258643700950461,11.859988057146003,12.1838960647583,808264.0
2014-06-18,12.358308602661964,12.358308602661964,11.884906207873883,11.959653854370117,1024418.0
2014-06-19,11.984567494163265,12.657298105478144,11.859987786529686,12.308475494384766,1954135.0
2014-06-20,12.233728875012275,12.383225118472637,11.909821773216663,11.959653854370117,1066153.0
2014-06-23,11.959653854370117,12.13406566317326,11.810158561377648,11.959653854370117,1013899.0
2014-06-24,12.00948469156847,12.208812045067855,11.959652615576674,12.084232330322266,1230169.0
2014-06-25,12.059317557124617,12.30847700292911,12.009485477870147,12.233728408813477,925342.0
2014-06-26,12.13406566317326,12.258645390822949,11.909821773216663,11.959653854370117,694046.0
2014-06-27,12.2088114896182,12.2088114896182,11.984567633091173,12.158979415893555,802524.0
2014-06-30,12.059315544560233,12.457970211129291,12.059315544560233,12.383222579956055,1139617.0
2014-07-01,12.383219433152746,12.532714657509738,12.258639762699433,12.33338737487793,705829.0
2014-07-02,12.383223128871364,12.457970763357965,12.258643421237785,12.308475494384766,1684083.0
2014-07-03,12.30847700292911,12.457972290224664,12.183897280026862,12.233728408813477,566378.0
2014-07-04,12.25864492367464,12.408140210970194,12.1589807651657,12.233728408813477,566798.0
2014-07-07,12.25864383477677,12.358307033965076,12.158979685120691,12.20881175994873,641772.0
2014-07-08,12.208812221287674,12.258644297998737,11.660661278401605,11.76032543182373,1169931.0
2014-07-09,11.635746918266472,11.934738458976916,11.560999270705837,11.810158729553223,1447781.0
2014-07-10,11.785239627749853,12.183895244722848,11.660659925658484,11.859987258911133,1116134.0
2014-07-11,11.835072681128553,12.05931654369494,11.3616693936963,11.511165618896484,1199075.0
2014-07-14,11.461334389461085,11.511166468204484,11.187259382074155,11.31183910369873,627973.0
2014-07-15,11.436418664727723,11.585913948390795,11.28692243059682,11.461334228515625,470305.0
2014-07-16,11.461333265262363,11.710492684072413,11.436417703568459,11.63574504852295,536818.0
2014-07-17,11.610829067851276,11.810157372397846,11.53608142888021,11.735408782958984,485568.0
2014-07-18,11.735406040120745,11.735406040120745,11.511163175618337,11.58591079711914,371939.0
2014-07-21,11.610828399658203,11.68557698479535,11.585912838257649,11.610828399658203,169233.0
2014-07-22,11.610827716970702,11.68557629771282,11.436416896486259,11.486248016357422,615467.0
2014-07-23,11.461333543829756,11.685577406396144,11.43641798153028,11.511165618896484,374193.0
2014-07-24,11.560996597099539,11.610827716970702,11.436416896486259,11.486248016357422,269648.0
2014-07-25,11.486250384145954,12.134065531156969,11.41150273846296,11.934738159179688,1618584.0
2014-07-28,11.760324590703467,12.557634909651924,11.560997248583288,12.308475494384766,1918105.0
2014-07-30,12.557635196186865,12.557635196186865,12.059316354282112,12.1838960647583,1427917.0
2014-07-31,12.08423204811252,12.333391471784942,12.08423204811252,12.20881175994873,906395.0
2014-08-01,12.109149183449373,12.109149183449373,11.760326515271444,11.785242080688477,849022.0
2014-08-04,11.71049439907074,12.059318016677025,11.71049439907074,11.959653854370117,418416.0
2014-08-05,12.009484424060078,12.084232061148887,11.909820274296484,12.03439998626709,520566.0
2014-08-06,12.158979698237697,12.158979698237697,11.88490471208947,12.03439998626709,540519.0
2014-08-07,11.959652746370189,12.183896615551753,11.959652746370189,12.109148025512695,635313.0
2014-08-08,11.984569289323096,12.109149015617382,11.810158432885403,11.934738159179688,1112186.0
2014-08-11,11.835071970090858,12.034399307914633,11.835071970090858,11.909819602966309,261320.0
2014-08-12,11.934736114236605,11.98456723584176,11.884904042163733,11.909819602966309,257654.0
2014-08-13,11.835074161990436,12.009485971313348,11.735409999386517,11.785242080688477,473324.0
2014-08-14,11.760327370484827,12.308478403732249,11.760327370484827,12.134066581726074,964903.0
2014-08-18,12.13406623450339,12.507805435049892,12.13406623450339,12.43305778503418,952296.0
2014-08-19,12.333391055724384,12.457970763357965,12.283558982577405,12.308475494384766,1009131.0
2014-08-20,12.233726909430425,12.433055202018345,12.233726909430425,12.308475494384766,372090.0
2014-08-21,12.38322341142665,12.408138973334783,12.158979552382407,12.1838960647583,497350.0
2014-08-22,12.258643563342844,12.30847563706749,12.10914734216891,12.158979415893555,496534.0
2014-08-25,12.109145844878501,12.283557606114949,12.03439821876792,12.059314727783203,1522087.0
2014-08-26,12.034401500866352,12.258645390822949,11.884906207873883,11.959653854370117,876277.0
2014-08-27,11.959653854370117,12.084233582019806,11.909821773216663,11.959653854370117,1240762.0
2014-08-28,11.984564781188965,12.208808584353903,11.934733669790111,11.984564781188965,628902.0
2014-09-01,12.07807625580081,12.311845869992261,12.052102294598695,12.233922004699707,684682.0
2014-09-02,12.25989586247126,12.25989586247126,11.948203401650895,11.974177360534668,376423.0
2014-09-03,11.94820272853236,12.181972308688655,11.94820272853236,12.000151634216309,303296.0
2014-09-04,12.000153054931443,12.078075927261287,11.740409486603243,11.7923583984375,364045.0
2014-09-05,11.74040809663952,12.026125591636804,11.74040809663952,12.000151634216309,298944.0
2014-09-08,12.052098654292095,12.259893253674482,11.766380213153859,11.922226905822754,477764.0
2014-09-09,11.948205192883808,12.675487049934189,11.948205192883808,12.467692375183105,2339241.0
2014-09-10,12.701459738992407,12.701459738992407,12.07807483504023,12.441716194152832,2760317.0
2014-09-11,12.38976874444171,12.467691618891159,12.18197408229548,12.233922004699707,552021.0
2014-09-12,12.181973770480793,12.337819515390601,12.104049907182809,12.207947731018066,947305.0
2014-09-15,12.104049136639569,12.207946953860697,11.896254493040331,11.974177360534668,726586.0
2014-09-16,11.948204091475604,12.233921619064965,11.818332307872609,11.870281219482422,547475.0
2014-09-17,11.8962519616232,12.052098654292095,11.844303064066901,11.922226905822754,451675.0
2014-09-18,11.94820426420658,12.207947835167595,11.922230303447716,12.052102088928223,481365.0
2014-09-19,12.078076787616896,12.181974618686345,11.896256078666937,11.94820499420166,357618.0
2014-09-22,11.844307163132212,12.05210282527111,11.844307163132212,11.94820499420166,229289.0
2014-09-23,11.922230813094618,11.948204774963807,11.792359022062403,11.844306945800781,352306.0
2014-09-24,11.766383447098832,11.948204143097188,11.740409486603243,11.7923583984375,351425.0
2014-09-25,11.792358818823196,11.844306741666264,11.610538116343116,11.662487030029297,732410.0
2014-09-26,11.558588740666618,11.896255179865792,11.558588740666618,11.870281219482422,1007261.0
2014-09-29,11.688461192899377,11.948204774963807,11.688461192899377,11.844306945800781,265275.0
2014-09-30,11.792359022062403,12.00015368954532,11.792359022062403,11.844306945800781,735908.0
2014-10-01,11.766384493848262,12.05210303893294,11.68846161458632,11.714435577392578,518613.0
2014-10-07,11.71443431003281,12.10404965503403,11.610537479204988,11.688460350036621,348789.0
2014-10-08,11.584562528365737,11.870281042539135,11.584562528365737,11.688460350036621,375802.0
2014-10-09,11.714434535264576,11.922230182601599,11.714434535264576,11.7923583984375,257148.0
2014-10-10,11.688463280381866,11.8443090611163,11.5585914661554,11.610540390014648,304905.0
2014-10-13,11.584562890215249,11.766383588397023,11.53261496860025,11.63651180267334,281353.0
2014-10-14,11.63651207776465,11.766383866558547,11.584563164078467,11.662487030029297,1460216.0
2014-10-15,11.662487030029299,11.662487030029299,11.662487030029299,11.662487030029297,0.0
2014-10-16,11.636514356522618,11.714437246889835,11.532617499647431,11.610540390014648,373626.0
2014-10-17,11.636510338718834,11.662485287101596,11.376766799949026,11.428715705871582,1374869.0
2014-10-20,11.584563957906555,11.636512875152519,11.40274423381046,11.480667114257812,306030.0
2014-10-21,11.45469216021324,11.662487829197092,11.45469216021324,11.480667114257812,276240.0
2014-10-22,11.584563255310059,11.610538207779268,11.532615332057887,11.584563255310059,233833.0
2014-10-27,11.896255860382295,11.896255860382295,11.740410107480889,11.844306945800781,290609.0
2014-10-28,11.792355822015304,11.922227577804712,11.792355822015304,11.896252632141113,152224.0
2014-10-29,11.870278886824963,12.233919214947656,11.870278886824963,12.078073501586914,4349731.0
2014-10-30,12.052103025680935,12.727435966332752,12.052103025680935,12.467692375183105,3754754.0
2014-10-31,12.493666337960802,12.64951308715649,12.33782057960828,12.467692375183105,1315311.0
2014-11-03,12.467690152299593,12.571587966572618,12.38976728701632,12.441716194152832,1483051.0
2014-11-05,12.467690234390716,12.6235359659834,12.285869553637252,12.363792419433594,1263067.0
2014-11-07,12.467690644024955,13.84433128780077,12.363792825654201,13.143023490905762,13224303.0
2014-11-10,13.039125856772497,13.091074762744292,12.389767009232461,12.415740966796875,5652662.0
2014-11-11,12.493663708939001,12.72743328811919,12.389766888847884,12.571587562561035,1914836.0
2014-11-12,12.67548450581289,12.67548450581289,12.363792060825078,12.415740966796875,855376.0
2014-11-13,12.441718412405407,12.545615254359365,12.363794542385978,12.467692375183105,1289584.0
2014-11-14,12.467690234390716,12.59756200766562,12.363792419433594,12.363792419433594,601486.0
2014-11-17,12.389768496770172,12.649512066971463,12.389768496770172,12.545614242553711,1031109.0
2014-11-18,12.571589142446202,12.727434887589657,12.545614191026903,12.623537063598633,678437.0
2014-11-19,12.675487049934189,12.701462003555054,12.415743458784542,12.467692375183105,666500.0
2014-11-20,12.467690561425236,12.623536297105842,11.948203454699184,12.311844825744629,565912.0
2014-11-21,12.389766967094529,12.545612693636913,12.259895198028218,12.493663787841797,970340.0
2014-11-24,12.675487049934189,12.831333799129878,12.415743458784542,12.467692375183105,1466069.0
2014-11-25,12.441716919758658,12.493664839081804,12.207947319432309,12.33781909942627,545567.0
2014-11-26,12.415741652584027,12.441716602426142,12.10404919037979,12.311844825744629,599213.0
2014-11-27,12.363792419433594,12.493664192708497,12.25989559531947,12.363792419433594,809652.0
2014-11-28,12.701459822622741,12.701459822622741,12.337818461115813,12.363792419433594,917254.0
2014-12-01,12.46769243368005,12.571590266964654,12.363794600395448,12.389769554138184,788254.0
2014-12-02,12.441718470780486,12.46769243368005,12.285871720853581,12.389769554138184,370009.0
2014-12-03,12.415741201291853,12.727433652166571,12.33781833628392,12.519639015197754,1398555.0
2014-12-04,12.545614774033723,12.831333307865119,12.545614774033723,12.67548656463623,835629.0
2014-12-05,12.62353593900105,12.909254434100921,12.571588022476522,12.857305526733398,1138648.0
2014-12-08,12.909256566534136,13.194974117987657,12.88328161313817,12.96120548248291,1682765.0
2014-12-09,12.83133165855262,13.065100257083131,12.597562069179105,12.701459884643555,530427.0
2014-12-10,12.623537650226602,12.753409440829111,12.545614774033723,12.67548656463623,318974.0
2014-12-11,12.72743336849834,12.72743336849834,12.441715872889645,12.493663787841797,295386.0
2014-12-12,12.311844421733044,12.727433697139167,12.311844421733044,12.441716194152832,499129.0
2014-12-15,12.675484873461961,12.675484873461961,12.285869553637252,12.363792419433594,396631.0
2014-12-16,12.337820374447366,12.337820374447366,11.896256078666937,11.94820499420166,673464.0
2014-12-17,11.948201743505335,12.18197130438933,11.896252842104126,12.078073501586914,730351.0
2014-12-18,12.104048480642868,12.59756159943203,12.104048480642868,12.493663787841797,564922.0
2014-12-19,12.519641291581667,12.701462003555054,12.389769496006844,12.467692375183105,551091.0
2014-12-22,12.545612736304882,12.545612736304882,12.389767009232461,12.415740966796875,409292.0
2014-12-23,12.46769243368005,12.493666396579615,12.337820637495883,12.389769554138184,287202.0
2014-12-24,12.38976842730823,12.441717339225859,12.130024858563164,12.207947731018066,254380.0
2014-12-26,12.23392280421128,12.441718470780486,12.23392280421128,12.389769554138184,239061.0
2014-12-29,12.415740966796875,12.545612736304882,12.363792060825078,12.415740966796875,413393.0
2014-12-30,12.467690234390716,12.571588049347838,12.337818461115813,12.363792419433594,188916.0
2014-12-31,12.441717882257443,13.194973669988906,12.415742929743383,12.753409385681152,1128257.0
2015-01-01,12.77938202799586,12.987176656328527,12.571587399663192,12.883278846740723,656196.0
2015-01-02,13.143022940930631,13.298869661965291,12.98717721073896,13.013151168823242,1285841.0
2015-01-05,13.039124421008472,13.350816831675207,12.675483110090134,13.19497013092041,901397.0
2015-01-06,13.013152646747976,13.117050472570925,12.597563325142374,12.727435111999512,670366.0
2015-01-07,12.753411190025352,12.88328299844045,12.623539381610254,12.831335067749023,351958.0
2015-01-08,12.883280255322044,13.19497272732112,12.883280255322044,13.091075897216797,629480.0
2015-01-09,13.246921357246556,13.454716003897502,12.961203841956882,13.06510066986084,1351266.0
2015-01-12,12.98717721073896,13.143022940930631,12.961203252654677,13.013151168823242,566924.0
2015-01-13,13.065103010076067,13.117051928754629,12.93523120880127,12.93523120880127,501819.0
2015-01-14,12.98717721073896,13.168997889857902,12.935228303727406,13.013151168823242,1172870.0
2015-01-15,13.065103010076067,13.143025892672304,12.857308326205033,12.93523120880127,809792.0
2015-01-16,12.961204841222498,13.01315276375797,12.857307014465333,12.987178802490234,388260.0
2015-01-19,12.98718012747983,13.091077964836954,12.857308326205033,12.93523120880127,625905.0
2015-01-20,12.961204895039595,12.987178856415179,12.857307067851028,12.909255981445312,316537.0
2015-01-21,12.909257954629428,12.987180841509835,12.77938614621433,12.831335067749023,295666.0
2015-01-22,12.831330932789763,12.987176656328527,12.805355984971339,12.883278846740723,283938.0
2015-01-23,12.98718012747983,13.013154091397507,12.857308326205033,12.93523120880127,443139.0
2015-01-27,12.909255927843915,13.0910766292474,12.909255927843915,12.987178802490234,463119.0
2015-01-28,12.935229889111652,13.065101677136553,12.909255927843915,12.987178802490234,374353.0
2015-01-29,12.98717721073896,13.065100075834795,12.935228303727406,13.013151168823242,532587.0
2015-01-30,13.039126710595609,13.272895316511788,12.961203841956882,13.06510066986084,987742.0
2015-02-02,13.194971740598403,13.792381689263745,13.091074918263505,13.66250991821289,2459569.0
2015-02-03,13.844331340101037,13.870306290213367,13.454716006003393,13.480690956115723,782270.0
2015-02-04,13.50666623871224,13.662511991283205,13.376794447955392,13.428743362426758,536011.0
2015-02-05,13.402770042419432,13.896283303749714,13.298873191663702,13.402770042419434,4551453.0
2015-02-06,13.454717269212779,13.584589059438468,13.428743307504892,13.50666618347168,1120699.0
2015-02-09,13.454717324240875,13.532640200526357,13.246922657198542,13.428743362426758,767246.0
2015-02-10,13.506664232457004,13.636536003922936,13.428741367746042,13.584587097167969,1638133.0
2015-02-11,13.688485554737198,13.740434463936424,13.532638827139518,13.558613777160645,863318.0
2015-02-12,13.662510652686864,13.71445956206849,13.454716006003393,13.480690956115723,758386.0
2015-02-13,13.584589059438468,13.610564011989482,13.428743307504892,13.50666618347168,765356.0
2015-02-16,13.682350308540185,13.735588211755244,13.469394633888298,13.52263355255127,334683.0
2015-02-18,13.522635513465675,13.655732321699485,13.389538705231862,13.416158676147461,358242.0
2015-02-19,13.496017641891147,13.496017641891147,13.30968189230919,13.33630084991455,483040.0
2015-02-20,13.336299778848725,13.442777631614998,13.25644189699805,13.416158676147461,337080.0
2015-02-23,13.522634772978558,13.522634772978558,13.149964339599812,13.203202247619629,247892.0
2015-02-24,13.203205044739029,13.309682914232173,13.149967125440677,13.229825019836426,261494.0
2015-02-25,13.283066749572756,13.309685714823027,13.229827803623776,13.283066749572754,436325.0
2015-02-26,13.25644117108745,13.309680094555274,13.09672541613199,13.203202247619629,332459.0
2015-02-27,13.203204031076602,13.362920823054228,13.203204031076602,13.30968189239502,294015.0
2015-03-02,13.362919807434082,13.575874498437608,13.20320302759539,13.362919807434082,517670.0
2015-03-03,13.30968164969313,13.735591056304061,13.256442720004733,13.602494239807129,544693.0
2015-03-04,13.815450863060047,13.868688780785813,13.549257212638452,13.629115104675293,983686.0
2015-03-05,13.575879014457703,13.735594831977844,13.522640070134855,13.655736923217773,310130.0
2015-03-09,13.62911409113574,13.975165607859788,13.522636232706134,13.708971977233887,965758.0
2015-03-10,13.815450668334961,13.895308559246226,13.682353845000128,13.815450668334961,543956.0
2015-03-11,13.73559277739212,13.92192854692557,13.708973816936592,13.762212753295898,2012592.0
2015-03-12,13.842070650110735,13.842070650110735,13.682354856481064,13.762212753295898,304438.0
2015-03-13,13.788830110425726,13.842069040594563,13.362920699971301,13.46939754486084,337277.0
2015-03-16,13.336300727162817,13.575875405198513,13.336300727162817,13.46939754486084,216509.0
2015-03-17,13.496016557998136,13.762210174465759,13.336299778848725,13.416158676147461,406049.0
2015-03-18,13.416158734046979,13.575874498437608,13.336299836403601,13.362919807434082,450235.0
2015-03-19,13.389539780659762,13.49601764197818,13.229824004130279,13.30968189239502,340269.0
2015-03-20,13.30968189239502,13.44277871131897,13.070107212152653,13.30968189239502,638224.0
2015-03-23,13.309684913737652,13.362923856482277,12.777297517188146,13.149969100952148,641583.0
2015-03-24,13.203203496271831,13.229823468247245,12.750675142618883,12.830533027648926,223161.0
2015-03-25,12.777293924053359,13.043487547471138,12.724054996280186,13.016868591308594,311124.0
2015-03-26,12.830534864766115,13.016870633481771,12.830534864766115,12.910392761230469,120417.0
2015-03-27,12.990249570242758,13.123346391690836,12.937010638573895,13.070107460021973,444212.0
2015-03-30,13.283063954582998,13.283063954582998,13.04348925594753,13.229825019836426,686935.0
2015-03-31,13.309681170888915,13.336300127051459,12.937009691924791,13.016868591308594,984383.0
2015-04-01,13.176587978831648,13.309684827102675,13.043491130560621,13.25644588470459,246744.0
2015-04-06,13.25644296173581,13.469397668924504,13.25644296173581,13.30968189239502,202209.0
2015-04-07,13.336299836403601,13.416158734046979,13.309680880821183,13.362919807434082,221466.0
2015-04-08,13.362920822968054,13.575875530155372,13.256442961650324,13.33630084991455,252747.0
2015-04-09,13.362923769500759,13.389542732975617,13.203206942306506,13.25644588470459,288814.0
2015-04-10,13.283061925238767,13.575874498437608,13.256441954208286,13.362919807434082,244120.0
2015-04-13,13.54925644767772,13.54925644767772,13.362920699813065,13.442778587341309,981513.0
2015-04-15,13.44277871131897,13.522636599583711,13.149966115865537,13.30968189239502,262350.0
2015-04-16,13.336299836403601,13.442777689629397,13.176584072012972,13.362919807434082,516194.0
2015-04-17,13.336299048565182,13.442776895500826,13.09672541613199,13.203202247619629,277336.0
2015-04-20,13.25644588470459,13.362923769500759,13.07011009403548,13.25644588470459,625680.0
2015-04-21,13.33629910064156,13.33629910064156,13.043486543597155,13.123344421386719,178539.0
2015-04-22,13.203207028248402,13.256445970993026,13.12334912185565,13.149969100952148,86934.0
2015-04-23,13.149969015356788,13.362923769500759,13.149969015356788,13.25644588470459,224429.0
2015-04-24,13.309684019791456,13.309684019791456,13.043490339395628,13.096729278564453,255247.0
2015-04-27,13.149967466071775,13.149967466071775,12.803914888979165,12.910392761230469,232483.0
2015-04-28,12.883773798084198,13.0434895909781,12.590960157181048,12.93701171875,359868.0
2015-04-29,12.910392761230467,13.096728529946123,12.857153825104817,12.910392761230469,122630.0
2015-04-30,12.910390012360889,12.937008967031904,12.590957479068539,12.803912162780762,1021602.0
2015-05-04,12.937009809169874,13.043487665681203,12.777294039850975,12.883771896362305,373176.0
2015-05-05,12.857151985168457,12.937009870204664,12.777294100132252,12.857151985168457,225852.0
2015-05-06,12.830534174973396,12.910392067144445,12.644198416275488,12.670817375183105,154951.0
2015-05-07,12.670816242140738,12.937009869206284,12.617578329086111,12.830533027648926,750523.0
2015-05-08,12.937009869206284,12.937009869206284,12.724055170643467,12.830533027648926,174785.0
2015-05-11,12.857151924510424,12.937009809169874,12.777294039850975,12.883771896362305,214809.0
2015-05-12,12.83053302863909,12.963629842182133,12.83053302863909,12.857151985168457,190499.0
2015-05-13,12.857151924510424,13.788829614916224,12.777294039850975,12.883771896362305,262127.0
2015-05-14,12.91039085276609,12.963629781021755,12.857151924510424,12.883771896362305,87949.0
2015-05-15,12.96363067626953,13.04348856644384,12.83053385416296,12.963630676269531,182512.0
2015-05-18,12.910391681048333,13.14996636584499,12.910391681048333,13.043488502502441,436821.0
2015-05-19,13.149967463206199,13.149967463206199,12.883773798084198,12.93701171875,242096.0
2015-05-20,12.990249570831166,13.256443213739379,12.963630612719609,13.043488502502441,304257.0
2015-05-21,13.203203199703818,13.256442127010704,12.910390622688062,13.176584243774414,2881218.0
2015-05-22,13.229824255627822,13.229824255627822,12.990249570831166,13.043488502502441,152477.0
2015-05-25,13.04348856644384,13.176585388550409,12.937010702579316,12.963630676269531,116627.0
2015-05-26,13.123346455888228,13.123346455888228,12.910391743619195,12.990249633789062,250059.0
2015-05-27,13.04348772721834,13.096726655725178,12.803913056661619,12.857151985168457,458526.0
2015-05-28,13.043488501911622,13.229824255028563,12.910391680463544,13.070107460021973,1124666.0
2015-05-29,13.123346391690836,13.229824255028563,13.01686954380127,13.070107460021973,609027.0
2015-06-01,13.070107523958928,13.149966429576962,12.724055989590727,12.990249633789062,1293232.0
2015-06-02,12.99024761992144,13.416157993879134,12.883770788018024,13.123344421386719,6297377.0
2015-06-03,13.070106683747708,13.203203497290753,12.724055171625412,12.857151985168457,808817.0
2015-06-04,12.857151984176241,12.990248797709015,12.724055170643467,12.830533027648926,248936.0
2015-06-05,12.830532132899808,12.883771057689872,12.724054283319681,12.803912162780762,149012.0
2015-06-08,12.803912216342999,12.883771111586181,12.697435381765482,12.724054336547852,149588.0
2015-06-09,12.777295925856098,13.070108551311002,12.644199093295097,12.93701171875,689222.0
2015-06-10,12.937009870204664,13.123345612254546,12.83053302863909,12.857151985168457,3015093.0
2015-06-11,12.883772076478403,12.963629962254272,12.617578446926768,12.697436332702637,246222.0
2015-06-12,12.777292347282945,12.777292347282945,12.564337677917822,12.617576599121094,173140.0
2015-06-15,12.644195551998749,12.750673394405291,12.590956630795477,12.617576599121094,157629.0
2015-06-16,12.67081750705652,12.67081750705652,12.511101721052158,12.537720680236816,102583.0
2015-06-17,12.644195551998749,12.670814504876402,12.537717709592206,12.617576599121094,108882.0
2015-06-18,12.644197403702686,12.750675261702584,12.590958474702736,12.697436332702637,124779.0
2015-06-19,12.990249959315493,12.990249959315493,12.56434052410444,12.670817375183105,223422.0
2015-06-22,12.670818192885843,12.883773939682518,12.590960295561217,12.77729606628418,740826.0
2015-06-23,12.777295928640463,12.963631697356119,12.72405699251481,12.910392761230469,671496.0
2015-06-24,12.937010702579316,13.04348856644384,12.91039174433727,12.963630676269531,331452.0
2015-06-25,12.883772722936778,13.203204282068103,12.883772722936778,13.043488502502441,11494780.0
2015-06-26,13.043487665681203,13.123345550340654,12.83053296810664,12.883771896362305,214674.0
2015-06-29,12.617579330988965,12.857153005102518,12.617579330988965,12.750676155090332,158703.0
2015-06-30,12.697437349538918,12.830534174973396,12.617579457367869,12.670817375183105,655298.0
2015-07-01,12.724055289478555,12.830533147478453,12.644197403702686,12.697436332702637,526768.0
2015-07-02,12.750674306778258,13.043486871176475,12.59095753173993,12.724054336547852,826158.0
2015-07-03,12.77729606628418,12.883773939682518,12.724057129585011,12.77729606628418,237812.0
2015-07-06,12.750674253438728,12.910390012360889,12.670815358529618,12.803912162780762,332377.0
2015-07-07,12.937009021150923,12.937009021150923,12.697435381765482,12.724054336547852,671765.0
2015-07-08,12.670817443079889,13.016870003422417,12.484482698831695,12.564340591430664,1780486.0
2015-07-09,12.697435492556181,12.697435492556181,12.51109976110962,12.590957641601562,1084538.0
2015-07-10,12.617579457367869,12.724056308446537,12.590959483012057,12.670817375183105,887223.0
2015-07-13,12.83053500298335,13.016870773706312,12.724057129585011,12.77729606628418,877521.0
2015-07-14,12.883773939682518,12.883773939682518,12.750677105658724,12.77729606628418,194274.0
2015-07-15,12.77729606628418,12.83053500298335,12.750677105658724,12.77729606628418,659519.0
2015-07-16,12.803914886189,12.963631694531148,12.803914886189,12.93701171875,331922.0
2015-07-17,12.937010702579316,13.016869608201791,12.883772786095221,12.963630676269531,196374.0
2015-07-20,13.043488565718361,13.043488565718361,12.963630675548496,12.990249633789062,228126.0
2015-07-21,13.043491130560621,13.416162711898842,13.016872167085761,13.25644588470459,1387935.0
2015-07-22,13.256443979485601,13.389540808627922,13.12334715034328,13.229825019836426,297849.0
2015-07-23,13.30968189239502,13.362920823054228,13.096727185206328,13.30968189239502,226289.0
2015-07-24,13.203203199703818,13.256442127010704,13.14996528784501,13.176584243774414,222558.0
2015-07-27,13.176584243774414,13.2298231710813,13.14996528784501,13.176584243774414,183029.0
2015-07-28,13.256441222851995,13.309680146527707,13.070105497711006,13.123344421386719,523009.0
2015-07-29,13.12334715034328,13.283063954582998,13.12334715034328,13.229825019836426,246442.0
2015-07-30,13.442777689629397,13.868687071636447,13.176584072012972,13.362919807434082,2666647.0
2015-07-31,13.442776573037962,13.682351215172286,13.229821899722996,13.549254417419434,1643045.0
2015-08-03,13.389539657173103,13.496017517509515,13.336300727004897,13.442778587341309,520012.0
2015-08-04,13.38954022439459,13.868688585310354,13.33630129197102,13.815450668334961,1413129.0
2015-08-05,13.895309112996049,14.507554321645578,13.86868913799933,14.241360664367676,4279717.0
2015-08-06,14.241357054296488,14.560789565146,13.895305590646165,14.001782417297363,796378.0
2015-08-07,13.948546650976445,14.214740281602346,13.549256205037594,13.708971977233887,547689.0
2015-08-10,13.309681531295038,13.815449835663495,13.309681531295038,13.708971977233887,289770.0
2015-08-11,13.762210906448692,13.842068792546838,13.682353020350543,13.708971977233887,217705.0
2015-08-12,13.682352292615084,13.708971248082623,13.309680823381187,13.416158676147461,450031.0
2015-08-13,13.469397606522701,13.788830173549924,13.33630078821537,13.38953971862793,364176.0
2015-08-14,13.38953971862793,13.469397606522701,13.283062873250946,13.38953971862793,335883.0
2015-08-17,13.362921454253698,13.895308755096888,13.336301479942625,13.629115104675293,277072.0
2015-08-18,13.602495130364218,13.84206982192293,13.549257212638452,13.629115104675293,223244.0
2015-08-19,13.60249339531635,13.655732321699485,13.362919749764323,13.416158676147461,177210.0
2015-08-20,13.416158734046979,13.469396645211813,13.309680880821183,13.362919807434082,169696.0
2015-08-21,13.256442127010704,13.362919981624476,13.123345316467528,13.176584243774414,225547.0
2015-08-24,12.830534243726024,13.176585788620354,12.005333312341488,12.564340591430664,789152.0
2015-08-25,12.378005093733211,12.511101922698085,12.191669330092745,12.324766159057617,918007.0
2015-08-26,12.40462303141863,12.511100891997867,12.244907255997912,12.351385116577148,219974.0
2015-08-27,12.40462180191923,12.77729326156063,12.40462180191923,12.724054336547852,516089.0
2015-08-28,12.777295113731334,12.990249829203886,12.644198289629966,12.750676155090332,355383.0
2015-08-31,12.750674253438728,13.043486816612031,12.457860674817395,12.803912162780762,339309.0
2015-09-01,12.6441964038586,12.96362893715095,12.6441964038586,12.803912162780762,622974.0
2015-09-02,12.777294402426861,12.803913359586002,12.271526092818215,12.511100769042969,693858.0
2015-09-03,12.511101465528597,12.803914072372335,12.511101465528597,12.750676155090332,818765.0
2015-09-04,12.83053500298335,12.83053500298335,12.617580271634932,12.77729606628418,5277208.0
2015-09-07,12.777295241709966,12.990249959315493,12.644198416275488,12.670817375183105,175042.0
2015-09-08,12.883773109651214,12.883773109651214,12.511101592214485,12.644198417663574,607311.0
2015-09-09,12.883773939682518,12.883773939682518,12.644199232260387,12.77729606628418,195383.0
2015-09-10,12.670814504876402,12.750673394405291,12.590956630795477,12.617576599121094,201776.0
2015-09-11,12.670817057661427,13.096727497647661,12.59095916749156,12.990249633789062,668991.0
2015-09-14,13.055253494861942,13.596965249559673,13.02816728718715,13.43445110321045,761643.0
2015-09-15,13.488622972368349,13.651137124585565,13.38028123745675,13.569879531860352,372892.0
2015-09-16,13.624051094055176,13.759479039390184,13.488623148720167,13.624051094055176,342389.0
2015-09-18,13.569879531860352,13.759478859497165,13.488622972368349,13.569879531860352,558244.0
2015-09-21,13.705307475424759,13.705307475424759,13.488622972368349,13.569879531860352,224397.0
2015-09-22,13.569881976598323,13.624053370430198,13.380283648036853,13.461540222167969,147666.0
2015-09-23,13.46153731088524,13.569879041884882,13.271937990094399,13.43445110321045,170965.0
2015-09-24,13.407367706298828,13.542795662928109,13.380282528266296,13.407367706298828,127282.0
2015-09-28,13.136514478011206,13.596969831309849,13.136514478011206,13.380285263061523,162901.0
2015-09-29,12.730230525083025,13.461541847000456,12.730230525083025,13.380285263061523,188216.0
2015-09-30,13.38028123745675,13.705307475424759,13.353195028803942,13.569879531860352,442308.0
2015-10-01,13.65113830566406,13.813651438708488,13.407367572864121,13.651138305664062,403835.0
2015-10-05,13.569881900653826,13.786567474768638,13.569881900653826,13.705309867858887,331494.0
2015-10-06,13.705309837670853,14.057423378215143,13.678224657582856,13.976165771484375,259426.0
2015-10-07,13.949079209191344,14.219935116165933,13.89490782114977,14.138678550720215,283672.0
2015-10-08,14.247018684171158,14.544960768126476,14.165762127904497,14.21993350982666,5774666.0
2015-10-09,14.274104891748825,14.40953282993765,14.084505571637836,14.21993350982666,166763.0
2015-10-12,14.247018684171158,14.463704211859815,14.084505571637836,14.21993350982666,241309.0
2015-10-13,14.219933995660746,14.409533322249532,14.192848820390866,14.355361938476562,229943.0
2015-10-14,14.409534457694804,14.490791023140524,14.084507162678639,14.138678550720215,361066.0
2015-10-15,14.08450967584593,14.409537028858297,14.08450967584593,14.328280448913574,215486.0
2015-10-16,14.355365422625683,14.355365422625683,14.219937446940534,14.24702262878418,154362.0
2015-10-19,14.328280840264025,15.520046456215622,14.247023224866428,15.303361892700195,2377245.0
2015-10-20,15.330446856305379,15.845073591369756,14.951249133887902,15.52004623413086,1520898.0
2015-10-21,15.547128926808181,15.790898614571425,15.276273029360187,15.330443382263184,626029.0
2015-10-23,15.43878620304079,15.763813487646194,15.303358253891309,15.357529640197754,488666.0
2015-10-26,15.357530997032267,16.1971839426489,15.357530997032267,15.73672866821289,2243948.0
2015-10-27,15.574215279239127,16.06175572481212,15.520043889012499,15.682558059692383,752775.0
2015-10-28,15.438787443884488,15.872156502700191,15.438787443884488,15.709643363952637,633698.0
2015-10-29,15.7096457771633,15.817988575126789,15.54713261345156,15.574217796325684,310512.0
2015-10-30,15.520042241715647,15.87215469096553,15.38461429714006,15.46587085723877,595974.0
2015-11-02,15.628385341002385,16.088840568938544,14.517875552070091,14.761646270751953,593559.0
2015-11-03,14.869990624725988,15.303359689361468,14.869990624725988,15.222103118896484,482178.0
2015-11-04,15.27627512892579,15.411703096262956,14.978332980843986,15.113760948181152,233030.0
2015-11-05,15.005416046211344,15.845068854254645,14.626217403927365,15.032501220703125,1124563.0
2015-11-06,15.03250473840413,15.113761314127197,14.62622082655537,14.653306007385254,450750.0
2015-11-09,14.219934818707387,15.086673909541918,14.219934818707387,14.869989395141602,884530.0
2015-11-10,15.08667342012369,15.08667342012369,14.680389581340647,14.7345609664917,196765.0
2015-11-13,14.815818005882045,15.032502520247975,14.490790717716516,14.599133491516113,219594.0
2015-11-16,14.734561570519872,15.547129281396337,14.544962231335376,15.167930603027344,5261790.0
2015-11-17,15.547129873055365,16.38678279295476,15.249187747788927,15.872156143188477,2283217.0
2015-11-18,16.00758286905557,16.19718220087386,15.330443136299696,15.547128677368164,654547.0
2015-11-19,15.790898361220338,15.899241131754572,15.492957292101046,15.547128677368164,187815.0
2015-11-20,15.655470186291234,15.763812955244992,15.35752912151823,15.46587085723877,217999.0
2015-11-23,15.303354017506393,15.655466381174106,15.222097477157378,15.492953300476074,178823.0
2015-11-24,15.574218306625099,15.574218306625099,15.24919093531839,15.438790321350098,287742.0
2015-11-26,15.574214329933358,15.574214329933358,15.249187041618532,15.411701202392578,155058.0
2015-11-27,15.547128975653676,15.682556924803157,15.222101691048271,15.357529640197754,170005.0
2015-11-30,15.276273251697505,15.547129153087651,15.113759090923459,15.411701202392578,395676.0
2015-12-01,15.465872957253278,15.465872957253278,15.113760460192234,15.249188423156738,554750.0
2015-12-02,15.249188297973696,15.411702472137014,15.167931727508712,15.222103118896484,393228.0
2015-12-03,15.195015907287598,15.357530070763193,15.113759342166443,15.195015907287598,288147.0
2015-12-04,15.16793140238941,16.413868211435208,15.086674833666132,15.682558059692383,2696551.0
2015-12-07,15.953412284297459,15.953412284297459,15.411700505995109,15.46587085723877,297843.0
2015-12-08,15.411701026504195,15.845070050489232,15.249186867584866,15.357529640197754,424144.0
2015-12-09,15.384615930062592,15.790899806912309,15.303359361339316,15.682558059692383,2054418.0
2015-12-10,15.682558185239156,15.899242714647007,15.601300582632042,15.709643363952637,353399.0
2015-12-11,15.709643238189031,15.763814628415659,15.520043889012499,15.682558059692383,426939.0
2015-12-14,15.709643363952637,15.790899933326413,15.65547197329234,15.709643363952637,241377.0
2015-12-15,15.763810157775879,16.30552183994527,15.655467408048787,15.763810157775879,1562014.0
2015-12-16,15.790899806912309,16.0888419365421,15.46587249878587,15.682558059692383,1040262.0
2015-12-17,15.763810157775879,15.899238078318227,15.438782941827638,15.763810157775879,485382.0
2015-12-18,15.655469932151568,16.41386620281695,15.492956814592274,16.197181701660156,2041413.0
2015-12-21,16.30552496493454,17.06392125867338,16.115925633191527,16.603466033935547,2123525.0
2015-12-22,16.79306411743164,17.00974860907445,16.468036863350846,16.79306411743164,1695321.0
2015-12-23,16.738898949877207,16.955583521955727,16.603470963173937,16.657642364501953,535030.0
2015-12-24,16.711812061506446,16.73889724279145,16.359699538634207,16.440956115722656,182445.0
2015-12-28,16.52221381471596,16.955582944103632,16.33261443314629,16.495128631591797,472118.0
2015-12-29,16.65763579699089,16.738892350329582,16.11592406375541,16.170095443725586,547613.0
2015-12-30,16.332609332225065,16.522208654579995,16.03466827797673,16.115924835205078,495316.0
2015-12-31,16.197186088177347,17.33478131887523,16.143014689909165,17.226438522338867,4712855.0
2016-01-01,17.605634719606428,17.713977500405033,16.901409744115504,17.063922882080078,1575533.0
2016-01-04,17.25352332147584,17.416037502937034,16.68472523621176,17.09100914001465,1175791.0
2016-01-05,17.2264377350669,17.8494072368302,17.118095976715388,17.280609130859375,1415637.0
2016-01-06,17.416035768293582,18.147345895713304,17.145178826169044,17.984832763671875,4168199.0
2016-01-07,18.255687819374863,18.634886487393892,17.199349410774175,17.470205307006836,7685951.0
2016-01-08,17.686894958886395,18.093178897606904,17.44312418236069,17.52437973022461,1826304.0
2016-01-11,17.28060985194705,17.44312404610589,16.820154518347234,16.928497314453125,1141707.0
2016-01-12,17.091009762202432,17.470208499516314,17.00975318513044,17.280609130859375,1162589.0
2016-01-13,17.388952073491303,17.47020968933081,15.790902504794946,16.495128631591797,1299766.0
2016-01-14,16.088839660540025,16.3596955401233,15.817983780956745,16.115924835205078,847727.0
2016-01-15,16.2513577621595,16.413870926487693,15.167933911348866,15.303361892700195,782773.0
2016-01-18,15.35752994221184,15.574214458465576,14.815818134960864,15.167930603027344,922793.0
2016-01-19,15.303359316173928,15.763814581891314,15.086674789140254,15.655471801757812,611965.0
2016-01-20,15.601302146911621,16.034672282412934,15.384617595777685,15.601302146911621,921693.0
2016-01-21,15.763813667553114,15.899241618248187,15.167930477848142,15.411701202392578,425571.0
2016-01-22,15.492957292101046,16.413866708709094,15.357529345549871,15.547128677368164,432808.0
2016-01-25,15.736730960037423,15.763817176145045,15.43878981548807,15.574217796325684,243517.0
2016-01-27,15.736728542666116,15.817986145273231,15.438787443884488,15.709643363952637,469928.0
2016-01-28,15.763814581891314,15.817985971958063,15.574215233274352,15.655471801757812,220573.0
2016-01-29,15.655473543003465,15.70964493909531,15.520045569390575,15.601302146911621,470790.0
2016-02-01,15.980498440879614,16.386782299546045,15.926327053077435,16.007583618164062,1163132.0
2016-02-02,16.115924810751892,16.251352750338043,15.790897549098494,15.84506893157959,485880.0
2016-02-03,15.817987731278999,15.8450729127082,15.547131784053217,15.601302146911621,408321.0
2016-02-04,15.709643574919737,15.926328107237477,14.653305059174897,15.222103118896484,2021196.0
2016-02-05,15.113760336120938,15.465872830291435,14.70747645056267,15.222103118896484,1026343.0
2016-02-08,15.113760336120938,15.303359689361468,15.032503765655955,15.222103118896484,186106.0
2016-02-09,15.222103735344243,15.303360309099865,15.03250437442553,15.113760948181152,179613.0
2016-02-10,15.222101990399096,15.276273377770849,15.00541747414536,15.167930603027344,678312.0
2016-02-11,15.167930956460257,15.222102345094276,14.84290365788945,15.005417823791504,1037867.0
2016-02-12,14.97833012504895,15.140844274808352,14.382446975730877,14.842902183532715,650349.0
2016-02-15,15.005420747020672,15.41170469107466,15.005420747020672,15.303361892700195,294294.0
2016-02-16,15.236868339550663,15.486199335099965,15.098351354645656,15.181461334228516,241576.0
2016-02-17,15.319979502625275,16.01256448065355,15.153759530618814,15.901751518249512,538843.0
2016-02-18,15.680121083388894,16.12337603566318,15.624715139055173,15.846342086791992,249066.0
2016-02-19,15.92945206009322,15.92945206009322,15.7078251123564,15.846342086791992,437510.0
2016-02-22,15.929458266810366,15.929458266810366,15.735534215680289,15.79094123840332,783037.0
2016-02-23,15.984862703879427,15.984862703879427,15.65242167811677,15.818641662597656,369096.0
2016-02-24,15.818639570444194,15.929453583309254,15.541605595082293,15.707826614379883,192355.0
2016-02-25,15.735531670357213,15.984862703879427,15.458497658355146,15.818641662597656,637968.0
2016-02-26,15.984862703879427,15.984862703879427,15.513904672115737,15.818641662597656,203568.0
2016-02-29,15.984866717773793,16.012569703210026,15.65242560853321,15.735535621643066,279292.0
2016-03-01,15.901752711638986,16.04026971764002,15.624718699636919,15.818641662597656,238367.0
2016-03-02,15.984866599100654,16.12338363885577,15.735535504820987,15.929459571838379,477007.0
2016-03-03,16.095675160823106,16.261896196799075,15.98486219363998,16.06797218322754,364668.0
2016-03-04,16.234196636579178,16.234196636579178,15.818645517313827,15.929459571838379,151154.0
2016-03-08,16.06797364233643,16.06797364233643,15.569312602727557,15.624719619750977,234570.0
2016-03-09,15.70782560645853,17.176105370301595,15.541604597826815,16.677444458007812,923589.0
2016-03-10,16.511226550854033,16.677447590708802,16.15108254970336,16.20648956298828,247190.0
2016-03-11,16.206489184807086,16.400413198378622,16.012565171235547,16.06797218322754,146403.0
2016-03-14,16.067972976549537,16.289599978659005,15.569311957603007,15.652421951293945,354937.0
2016-03-15,15.818645517313827,16.04027362636293,15.624722507097582,15.929459571838379,271402.0
2016-03-16,16.067977873960544,16.067977873960544,15.763240785278336,15.95716381072998,89695.0
2016-03-17,15.984866599100654,16.178790666118047,15.846349559345539,15.929459571838379,262872.0
2016-03-18,15.957157518750794,16.206488534306605,15.818640522731078,16.095674514770508,219167.0
2016-03-21,16.345005738759703,16.345005738759703,15.929454745401406,16.12337875366211,141024.0
2016-03-22,16.06797222874839,16.95448125272916,15.929455226776419,16.566633224487305,357795.0
2016-03-23,16.67745233350295,16.78826533478532,16.178791185729352,16.28960418701172,863604.0
2016-03-28,16.372713197563055,16.372713197563055,14.765915794749938,15.26457691192627,1384165.0
2016-03-29,15.375388511589597,15.652422538825444,15.264574477974879,15.51390552520752,548136.0
2016-03-30,15.624718972330601,15.790938959712475,15.569311957603007,15.652421951293945,105888.0
2016-03-31,15.790939191794127,15.929456202248462,15.624719201969295,15.874049186706543,404663.0
2016-04-01,16.012566260730477,16.178787308016126,15.680125222960106,15.98486328125,510091.0
2016-04-04,16.178791185729352,16.455825274137037,15.874053054400187,16.28960418701172,255062.0
2016-04-05,16.15108530090143,16.289602329308476,15.735534215680289,15.79094123840332,197024.0
2016-04-06,15.929458266810366,15.929458266810366,15.707831232719304,15.79094123840332,124251.0
2016-04-07,15.680125236511229,15.984863295064484,15.541608225387275,15.68012523651123,197726.0
2016-04-08,15.763239546852697,16.04027362636293,15.569315479835305,15.929459571838379,190528.0
2016-04-11,15.929455690118838,16.04026971764002,15.680124656596622,15.818641662597656,113461.0
2016-04-12,15.818642171164626,15.98486321779038,15.818642171164626,15.874049186706543,115327.0
2016-04-13,16.151081524538554,16.289598520558272,15.818640522731078,16.095674514770508,397425.0
2016-04-18,16.317304611206055,16.87137266514445,16.095676544189942,16.317304611206055,789229.0
2016-04-20,16.483524769382893,16.622041784251657,16.123380742084297,16.428117752075195,207275.0
2016-04-21,16.511225713382693,16.538929747020408,16.067971743187506,16.12337875366211,239738.0
2016-04-22,16.234192037357314,16.64974303889514,16.067972059462523,16.455820083618164,242983.0
2016-04-25,16.649743214310316,16.705150226459274,16.317303255018274,16.566633224487305,756552.0
2016-04-26,16.73285565165985,16.73285565165985,16.23419355767454,16.317304611206055,384328.0
2016-04-27,16.483525605957738,16.483525605957738,15.92945751836252,16.0125675201416,381824.0
2016-04-28,16.04026971764002,16.40041372188253,15.735531670357213,15.818641662597656,578681.0
2016-04-29,15.929454106444398,16.012564090422213,15.707827130236632,15.76323413848877,254974.0
2016-05-02,15.846346569250729,15.846346569250729,15.458498508400162,15.51390552520752,542674.0
2016-05-03,15.680125971601043,15.735532990008311,15.45849895477295,15.45849895477295,278408.0
2016-05-04,15.458498589355537,15.597015603698868,15.236871577766397,15.319981575012207,544200.0
2016-05-05,15.236871577766397,15.458498589355537,15.181464560668875,15.319981575012207,275259.0
2016-05-06,15.236870831462136,15.45849783219595,15.236870831462136,15.347684860229492,151990.0
2016-05-09,15.375387261709381,15.597014254121596,15.319980249406111,15.486201286315918,355044.0
2016-05-10,15.624719558822239,15.624719558822239,15.403091491592802,15.51390552520752,124783.0
2016-05-11,15.403090476989746,15.541607481483542,15.292277507475236,15.403090476989746,509465.0
2016-05-12,15.43079662322998,15.486203643968532,15.347686620522662,15.43079662322998,58143.0
2016-05-13,15.403091936365682,15.541608953983362,15.20916895714171,15.45849895477295,309366.0
2016-05-16,15.292278514779031,15.597015522018086,15.264574477974879,15.51390552520752,264503.0
2016-05-17,15.597015603698868,15.597015603698868,15.264574557914683,15.319981575012207,118730.0
2016-05-18,15.264574557914683,15.403091572258013,15.264574557914683,15.319981575012207,80676.0
2016-05-19,15.347687978789919,15.375390963210394,15.236873927505796,15.26457691192627,109942.0
2016-05-20,15.209170943085322,15.347687978789919,15.181466901863732,15.26457691192627,112927.0
2016-05-23,15.375390963210394,15.375390963210394,15.126059876221671,15.26457691192627,244324.0
2016-05-24,15.181464481164312,15.73553253563601,15.098354484353747,15.51390552520752,256259.0
2016-05-25,15.818644016818768,15.818644016818768,15.29227994975886,15.569314002990723,809618.0
2016-05-26,15.4584982167135,16.06797327649236,15.43079523723302,15.98486328125,426480.0
2016-05-27,15.901753586058087,15.984863582868652,15.236871497971672,15.51390552520752,1008663.0
2016-05-30,15.403092584460193,15.569313646675848,15.23687257904556,15.43079662322998,397599.0
2016-05-31,15.486201867788239,15.513904846579628,15.181463817078457,15.347684860229492,534638.0
2016-06-01,15.292277336120604,15.430794339062276,15.236870323583764,15.292277336120605,123406.0
2016-06-02,15.375389602491428,15.458499605198744,15.264575561014324,15.43079662322998,141795.0
2016-06-03,15.430794511969031,15.45849749014744,15.26457347249595,15.403090476989746,277797.0
2016-06-06,15.513904329467104,15.513904329467104,15.236870323583764,15.292277336120605,204208.0
2016-06-07,15.347685611961444,15.403091572258013,15.236871577766397,15.319981575012207,168795.0
2016-06-08,15.236870323583764,15.458497316930263,15.236870323583764,15.292277336120605,320497.0
2016-06-09,15.292277271654907,15.707828278728135,15.292277271654907,15.486201286315918,295685.0
2016-06-10,15.513904846579628,15.624718875346986,15.319980824637204,15.347684860229492,208527.0
2016-06-13,15.347685611961444,15.486202626304774,15.236871577766397,15.319981575012207,1150465.0
2016-06-14,15.43079662322998,15.458499605198744,15.347686620522662,15.43079662322998,206657.0
2016-06-15,15.56931254201488,15.680125518828651,15.403091491592802,15.51390552520752,366737.0
2016-06-16,15.652418111222033,15.95715503226008,15.5416041089533,15.846342086791992,768188.0
2016-06-17,15.84634826112635,15.874051244087335,15.707831232719304,15.79094123840332,155718.0
2016-06-20,15.624718699636919,15.929455690118838,15.624718699636919,15.818641662597656,152233.0
2016-06-21,15.874048676358246,15.901752711638986,15.763235705637952,15.818641662597656,308451.0
2016-06-22,15.680127192957258,15.818644221364305,15.680127192957258,15.79094123840332,198082.0
2016-06-23,15.790941238403319,15.901755283849381,15.680127192957258,15.79094123840332,537990.0
2016-06-24,15.624718699636919,15.901752711638986,15.403090644594554,15.818641662597656,941981.0
2016-06-27,15.707827130236632,15.846344122466583,15.652420121984495,15.76323413848877,108172.0
2016-06-28,15.846344122466583,15.846344122466583,15.680123097710172,15.76323413848877,119593.0
2016-06-29,15.763235705637952,15.929455690118838,15.763235705637952,15.818641662597656,126418.0
2016-06-30,15.790938684117803,15.929455690118838,15.790938684117803,15.818641662597656,230446.0
2016-07-01,15.735532238721989,16.677448336271222,15.735532238721989,15.98486328125,2247075.0
2016-07-04,16.095675160823106,16.317303208791067,15.98486219363998,16.06797218322754,490272.0
2016-07-05,16.151083271734723,16.151083271734723,15.901753286007638,15.98486328125,224923.0
2016-07-07,16.012565816172316,16.206489837554514,15.929455823237342,16.04026985168457,359495.0
2016-07-08,16.067976611593494,16.067976611593494,15.901756586607814,15.929459571838379,193470.0
2016-07-11,16.178789340663474,16.20649232362446,15.763238255442333,15.79094123840332,1408560.0
2016-07-12,15.818641662597654,15.957158668598689,15.735531670357213,15.818641662597656,393220.0
2016-07-13,15.790937114214447,15.90175113071872,15.680123097710172,15.76323413848877,407417.0
2016-07-14,15.735534215680289,15.901755283849381,15.680127192957258,15.79094123840332,1441711.0
2016-07-15,15.73553010596231,15.90175113071872,15.707827130236632,15.76323413848877,3853966.0
2016-07-18,15.901751518249512,16.123378499858397,15.707827513041433,15.901751518249512,514955.0
2016-07-19,15.84634826112635,15.929458266810366,15.763238255442333,15.79094123840332,2387875.0
2016-07-20,15.790937114214447,15.929454106444398,15.73553010596231,15.76323413848877,122913.0
2016-07-21,15.763233620812413,15.790936595628303,15.652419607947353,15.707826614379883,130212.0
2016-07-22,15.707829272816577,15.818642247635184,15.65242225700681,15.68012523651123,150089.0
2016-07-25,15.680122582763243,15.790936595628303,15.597012601514823,15.707826614379883,131641.0
2016-07-26,15.6247206674144,15.763237690860269,15.403092584460193,15.43079662322998,468329.0
2016-07-27,15.403091214263322,15.790939268130764,15.403091214263322,15.68012523651123,3411972.0
2016-07-28,15.680124244176069,15.680124244176069,15.458497251763854,15.486201286315918,161814.0
2016-07-29,15.43079662322998,15.6247206674144,15.403092584460193,15.43079662322998,230800.0
2016-08-01,15.430793246712708,15.569310239848729,15.264572220869011,15.375386238098145,227706.0
2016-08-02,15.486201867788239,15.486201867788239,15.319980824637204,15.347684860229492,135809.0
2016-08-03,15.486202992377072,15.541608953983362,15.18146491953759,15.45849895477295,736231.0
2016-08-04,15.513903943692558,15.513903943692558,15.12605592237991,15.153759956359863,174297.0
2016-08-05,15.375387326525434,15.375387326525434,15.209167345715775,15.292277336120605,74394.0
2016-08-08,15.292278736972765,15.375388734990901,15.181464701747942,15.236871719360352,158876.0
2016-08-09,15.236868644904503,15.846343602060832,15.153758663656083,15.707826614379883,4824753.0
2016-08-10,15.707830009205166,15.901754045230113,15.403091936365682,15.45849895477295,248780.0
2016-08-11,15.51390552520752,15.73553253563601,15.458498508400162,15.51390552520752,203916.0
2016-08-12,15.680124485977338,15.680124485977338,15.34768452063293,15.403090476989746,184701.0
2016-08-16,15.403091491592802,15.56931254201488,15.292278514779031,15.51390552520752,704416.0
2016-08-17,15.541607481483542,15.569311516462827,15.34768452063293,15.403090476989746,130507.0
2016-08-18,15.513904846579628,15.513904846579628,15.319980824637204,15.347684860229492,158448.0
2016-08-19,15.45849895477295,15.541608953983362,15.375388955562537,15.45849895477295,202577.0
2016-08-22,15.541608953983362,15.569312991587484,15.403091936365682,15.45849895477295,174719.0
2016-08-23,15.541609314839944,15.735533355367563,15.403092294006072,15.597016334533691,289360.0
2016-08-24,15.652424209996273,15.84634826112635,15.652424209996273,15.79094123840332,556847.0
2016-08-25,15.790941238403319,15.818644221364305,15.735534215680289,15.79094123840332,807403.0
2016-08-26,15.73553253563601,15.790939552443369,15.403091491592802,15.51390552520752,91071.0
2016-08-29,15.513903231234163,15.707827232984748,15.264572220869011,15.375386238098145,522390.0
2016-08-30,15.430795528396954,15.597015522018086,15.34768553158639,15.51390552520752,417082.0
2016-08-31,15.513906781851942,15.707830827985298,15.403092739261158,15.541609764099121,413268.0
2016-09-01,15.486202992377072,15.569312991587484,15.375388955562537,15.45849895477295,172524.0
2016-09-02,15.513906625937297,15.513906625937297,15.43079662322998,15.43079662322998,122704.0
2016-09-06,15.43079677830937,15.680126788937086,15.43079677830937,15.541609764099121,608774.0
2016-09-07,15.652423806689907,15.680126788937086,15.486203799604763,15.541609764099121,420908.0
2016-09-08,15.680126335673814,15.790940375061313,15.541609314839944,15.597016334533691,423759.0
2016-09-09,15.541605595082293,15.790936595628303,15.541605595082293,15.707826614379883,295066.0
2016-09-12,15.513902620266403,15.984860589741782,15.513902620266403,15.707826614379883,513434.0
2016-09-14,15.831779222286396,16.08531240503658,15.775438156803096,15.916290283203125,490380.0
2016-09-15,16.028972568523905,16.028972568523905,15.77543830871582,15.77543830871582,142553.0
2016-09-16,15.803608304420516,16.000801498202755,15.77543830871582,15.77543830871582,386946.0
2016-09-19,16.000801344119854,16.000801344119854,15.803608152236524,15.916290283203125,353479.0
2016-09-20,15.94446113104759,16.000802199542953,15.747269003238564,15.859950065612793,363106.0
2016-09-21,15.944461989536444,15.944461989536444,15.747269851110113,15.803609848022461,817887.0
2016-09-22,15.775438740745482,16.000801936404265,15.775438740745482,15.94446086883545,798031.0
2016-09-23,16.000803093396314,16.28250737699349,15.80360987995498,16.057144165039062,768181.0
2016-09-26,16.057143736804893,16.56421121883332,15.944461596524562,16.282506942749023,599178.0
2016-09-27,16.338846166518486,16.761402532893968,16.31067617194002,16.536039352416992,691742.0
2016-09-28,16.874084001444302,16.95859505649564,16.64871975515224,16.84591293334961,1607175.0
2016-09-29,16.73323113409146,17.043105346916136,15.775436354170308,16.169822692871094,1107096.0
2016-09-30,16.25433514810557,16.451528334488604,15.775437716780038,16.33884620666504,294047.0
2016-10-03,16.36701404604647,16.53603721552425,16.310674064170147,16.423355102539062,354275.0
2016-10-04,16.451528700310316,16.564209756023086,16.282505504816513,16.31067657470703,444351.0
2016-10-05,16.395189083029354,16.45153015316952,16.19799587484704,16.282506942749023,267969.0
2016-10-06,16.507864828912375,16.56420588089622,16.113479614257812,16.113479614257812,346949.0
2016-10-07,16.226166305350745,16.226166305350745,15.972633094883221,16.057144165039062,239112.0
2016-10-10,16.282505504816513,16.3670165652552,16.113483383939144,16.31067657470703,200451.0
2016-10-13,16.33884831418473,16.930426875024107,16.16982617526392,16.45153045654297,551780.0
2016-10-14,16.53603721552425,16.73323037594019,16.310674064170147,16.423355102539062,304494.0
2016-10-17,16.367016201312726,16.53603939304807,16.28250514275326,16.33884620666504,145801.0
2016-10-18,16.507867957973044,16.507867957973044,16.085311599923056,16.367015838623047,297969.0
2016-10-19,16.338847478230793,17.12761921053243,16.197995344797768,16.90225601196289,5038948.0
2016-10-20,17.043105554958522,18.00090034657132,16.90225344293407,17.409320831298828,5856367.0
2016-10-21,17.97272922689177,18.42345662882307,17.691025003665825,17.803707122802734,2601761.0
2016-10-24,18.02907028646022,18.310774509686162,17.74736606323428,17.803707122802734,1089509.0
2016-10-25,17.916387873645373,18.874182646760335,17.803706830971816,18.282604217529297,2885171.0
2016-10-26,18.31077693568397,18.53614120381633,17.972731608101892,18.367116928100586,832821.0
2016-10-27,18.367116730369588,19.60661589328789,18.113584617991258,19.1558895111084,3758988.0
2016-10-28,18.986869045947596,19.155891185383773,18.733334762176778,18.789674758911133,600685.0
2016-11-01,18.930523140904185,19.32490948742983,18.282604710185257,19.04320526123047,1338604.0
2016-11-02,19.15589090105464,19.493935174909435,18.423460208213875,18.536142349243164,2212020.0
2016-11-03,18.592482543268815,18.733334683748126,17.775539698642202,17.944562911987305,884954.0
2016-11-04,18.08541383995663,18.282608124664005,17.465665286266223,17.634687423706055,608447.0
2016-11-07,17.888216644036966,18.000898753530937,17.043104046680888,17.183956146240234,1022203.0
2016-11-08,17.324810231607174,17.465662347311298,16.7332317754964,16.78957176208496,564031.0
2016-11-09,16.05714711762963,16.76140795612216,14.620455436951577,16.5642147064209,642804.0
2016-11-10,16.705059153995293,17.465660722983976,16.676889163320855,16.958593368530273,587785.0
2016-11-11,16.930428372406077,17.01494052395756,16.564212989277348,16.676895141601562,343535.0
2016-11-15,16.761402504552585,16.817743568230664,16.057141895117603,16.085311889648438,307271.0
2016-11-16,16.197993583106175,18.98686595160927,16.197993583106175,16.50786781311035,426214.0
2016-11-17,16.4796986955844,16.64872081646177,16.19799444437783,16.31067657470703,226837.0
2016-11-18,16.564208591881638,16.902253884494804,16.28250436047339,16.78957176208496,436638.0
2016-11-21,16.67688927632965,17.46566084133778,16.67688927632965,17.014934539794922,821129.0
2016-11-22,17.12761688232422,17.409321110897366,17.043105828675543,17.12761688232422,462435.0
2016-11-23,17.071281712694823,17.240304952935563,16.81774846425879,16.986770629882812,186323.0
2016-11-24,16.930422417966405,17.43749085047245,16.930422417966405,17.014934539794922,282448.0
2016-11-25,17.296639786449067,17.662855062789372,17.043105554958522,17.409320831298828,361817.0
2016-11-28,17.409319041274777,17.71919430063703,17.268466943732722,17.465660095214844,245862.0
2016-11-29,17.60651171241642,18.226260065000524,17.409318566314116,17.83187484741211,1094562.0
2016-11-30,17.719194289267076,18.169920571265944,17.691023225007008,17.86004638671875,610585.0
2016-12-01,17.916393120145838,18.620653872897115,17.916393120145838,18.310779571533203,1403521.0
2016-12-02,18.254434449029763,18.705160774475498,18.141752330360166,18.395286560058594,1193610.0
2016-12-05,18.4516274445039,19.127718040255935,18.310775326606922,18.73333168029785,927876.0
2016-12-06,18.874186545610428,18.958698688343702,17.240301955092832,18.02907371520996,960459.0
2016-12-07,17.46566386165754,17.972731307233985,17.46566386165754,17.662857055664062,549729.0
2016-12-08,18.029073676617404,18.254437957268348,17.719199402647156,17.77553939819336,1047760.0
2016-12-09,18.000904118169075,18.198096256626467,17.324813408948838,17.5501766204834,1064873.0
2016-12-12,17.747368536846093,17.83187960066968,17.38115321053288,17.4374942779541,347378.0
2016-12-13,17.57834619847273,17.57834619847273,17.127618739122692,17.324811935424805,237270.0
2016-12-14,17.268472572549094,17.550176859457288,17.155791502555758,17.21213150024414,242894.0
2016-12-15,17.183962139350072,17.32481428803327,17.043109990666874,17.099451065063477,201913.0
2016-12-16,17.043105828675543,17.324810057248694,17.043105828675543,17.12761688232422,213175.0
2016-12-19,17.071274521525577,17.183956634219427,16.986763474313328,17.014934539794922,174972.0
2016-12-20,16.958599363870125,17.127621516903336,16.817747211470234,16.874088287353516,206046.0
2016-12-21,16.73323613495363,16.958599363870125,16.705065059703664,16.874088287353516,309562.0
2016-12-22,16.87408617513715,16.930426169351424,16.64872189981402,16.761404037475586,339703.0
2016-12-23,16.845913550828882,16.87408461995617,16.648720365403484,16.733232498168945,279855.0
2016-12-26,16.73323352105772,17.099448845167665,16.705062450208356,16.9304256439209,418494.0
2016-12-27,16.930422303239574,17.183956517774558,16.817741265925566,16.958593368530273,198835.0
2016-12-28,17.014941707231298,18.16992901310111,16.902259547070802,16.986770629882812,747649.0
2016-12-29,16.9585970802594,17.15579028198893,16.817744946826373,16.90225601196289,338822.0
2016-12-30,17.183960278828938,17.183960278828938,16.874086015122884,16.90225601196289,124340.0
2017-01-02,17.1839597515436,17.268470814086914,16.902255493321572,17.071277618408203,155470.0
2017-01-03,17.15579028198893,17.15579028198893,16.84591494366638,16.90225601196289,524403.0
2017-01-04,16.902259547070802,17.071281712694823,16.87408954433904,16.986770629882812,625683.0
2017-01-05,17.071277929419722,17.296642199796292,17.01493793644206,17.24030113220215,331156.0
2017-01-06,17.29664603301581,17.38115711582782,16.930429549802565,16.986770629882812,490400.0
2017-01-09,17.21212626261803,17.21212626261803,16.958593126320377,17.04310417175293,223458.0
2017-01-10,17.12761546180942,17.29663862970483,16.8740823218907,16.958593368530273,818870.0
2017-01-11,17.0712777743183,17.127618841400555,16.87408565145512,16.9304256439209,921233.0
2017-01-12,16.95859540715273,18.451627659319417,16.95859540715273,18.19809341430664,4291061.0
2017-01-13,18.310774709804186,18.6206489288928,17.888218370347165,18.113582611083984,1921215.0
2017-01-16,18.14175450550377,18.3107766291571,17.40932279556761,17.662857055664062,1075306.0
2017-01-17,17.80370892415568,18.00090211528882,17.662856798291497,17.74736785888672,721756.0
2017-01-18,17.888222076416017,17.972733146893095,17.52200672127097,17.606517791748047,576684.0
2017-01-19,17.80370485851872,17.944556952218054,17.57834172352303,17.83187484741211,588741.0
2017-01-20,17.860049838286148,18.31077620739073,17.747367708701788,17.888219833374023,807776.0
2017-01-23,17.888216376362596,18.02906847381427,17.719194289267076,17.86004638671875,545444.0
2017-01-24,17.944560601521854,18.395288037791822,17.91638953228325,18.169923782348633,622838.0
2017-01-25,18.282605326301876,18.310775320024593,18.00090109060919,18.085411071777344,547551.0
2017-01-27,18.169927420982948,18.45163172208346,18.029075270432692,18.310779571533203,736784.0
2017-01-30,18.141753426185037,18.5361397907346,18.085411288830652,18.19809341430664,704752.0
2017-01-31,18.254434449029763,18.705160774475498,18.141752330360166,18.395286560058594,1642017.0
2017-02-01,18.282609571269802,18.536143872106912,18.169927420982948,18.310779571533203,1045560.0
2017-02-02,18.28260872486345,19.268573733069285,18.28260872486345,19.015039443969727,3239902.0
2017-02-03,19.099550247192383,19.2685723782971,18.90235596987604,19.099550247192383,678654.0
2017-02-06,19.0995504080172,19.268572540545147,18.846016134608774,18.958698272705078,766862.0
2017-02-07,18.986868269920897,19.578446808385213,18.846016134608774,18.958698272705078,2160146.0
2017-02-08,19.015037382350247,19.5502759014778,18.93052524540219,19.1558895111084,1162127.0
2017-02-09,19.127720244171,19.29674237527572,19.04320810400214,19.099550247192383,400086.0
2017-02-10,19.18406118375095,19.18406118375095,18.676994765442423,18.789674758911133,708025.0
2017-02-13,18.958700340280892,19.15589249152981,18.33894958777968,18.564313888549805,928909.0
2017-02-14,19.296744943522718,19.69113140141218,19.04321063850569,19.578449249267578,4293332.0
2017-02-15,19.71930106412955,20.226369665471896,19.606618913916442,20.11368751525879,3620795.0
2017-02-16,20.17001950688183,20.254531623292923,19.944657445172908,20.141849517822266,1575925.0
2017-02-17,20.28270161235249,20.28270161235249,19.944657445172908,20.141849517822266,1792732.0
2017-02-20,20.39538587714285,20.39538587714285,20.170021642341553,20.254533767700195,2161632.0
2017-02-21,20.33904858393366,20.620752869856474,20.310878585188007,20.451730728149414,1973734.0
2017-02-22,20.4517295603323,20.84214529363457,20.241507113940504,20.361635208129883,5411268.0
2017-02-23,20.4216956430838,20.631918064085117,20.211473222082486,20.241504669189453,799747.0
2017-02-27,20.241505109968077,20.30156800548994,19.610835541978137,19.6708984375,896473.0
2017-02-28,19.88112333090656,19.941188525136862,19.700932330721418,19.79102897644043,736615.0
2017-03-01,19.82106042792914,19.911157073648152,19.580804233513696,19.79102897644043,545507.0
2017-03-02,19.881121381748383,19.911155121545445,19.220420348760793,19.28048324584961,604868.0
2017-03-03,19.31052078417683,19.31052078417683,19.040233111604156,19.100296020507812,395163.0
2017-03-06,19.340548036181964,19.340548036181964,18.76994136057011,18.860036849975586,557726.0
2017-03-07,18.92009964632221,19.340546763379862,18.92009964632221,19.250450134277344,365516.0
2017-03-08,19.25045336119134,19.490709551570067,19.22042191020721,19.460678100585938,514358.0
2017-03-09,19.46067698744439,19.46067698744439,19.10029272249011,19.130325317382812,247091.0
2017-03-10,19.370579201465624,19.370579201465624,18.739909639203304,18.799972534179688,425538.0
2017-03-14,19.22042385338117,19.370583414735712,18.83000922298467,18.950136184692383,596668.0
2017-03-15,19.01019749815098,19.310517723197197,18.950133453141735,19.19038963317871,473249.0
2017-03-16,19.310517362173414,20.271537481848874,19.25045217266076,20.12137794494629,972674.0
2017-03-17,20.301568069122787,20.361633256085515,19.791026581828937,19.851089477539062,817129.0
2017-03-20,19.911155096626263,19.97121799363991,19.580802289293256,19.610836029052734,378708.0
2017-03-21,19.670900548727694,19.760997192932926,19.340550005396572,19.460678100585938,452309.0
2017-03-22,19.460677119599328,19.760996196807636,19.34054903046546,19.58080291748047,973269.0
2017-03-23,19.610839096806828,20.842147008223193,19.52074244593975,19.7009334564209,1649828.0
2017-03-24,19.79102790522455,20.21147507706787,19.700931264382138,20.061315536499023,788287.0
2017-03-27,20.091345034705814,20.96227074365468,19.82105742968685,20.63191795349121,1418171.0
2017-03-28,20.63192173409618,20.932240841091776,20.361636370802508,20.451730728149414,401722.0
2017-03-29,20.36163500806633,20.631920353270708,20.181441722926344,20.571857452392578,400428.0
2017-03-30,20.51179340810788,20.66195294318553,20.121377700404928,20.151409149169922,323990.0
2017-03-31,20.18144163075975,20.902207894269623,20.12137873015592,20.211475372314453,1179155.0
2017-04-03,20.181440949635476,20.752047651125,20.181440949635476,20.481760025024414,389020.0
2017-04-05,20.42169458641181,21.26258880941209,20.42169458641181,21.082395553588867,1406863.0
2017-04-06,21.082396591418,21.202524670796254,20.872174170945467,21.1424617767334,894077.0
2017-04-07,20.752047429279106,21.142463139612143,20.752047429279106,21.022335052490234,607746.0
2017-04-10,21.082396591418,21.292621303143076,20.962270803292288,21.1424617767334,676805.0
2017-04-11,21.172497292813112,21.26259394247521,20.992306284741893,21.11243438720703,385792.0
2017-04-12,21.352685629007908,21.352685629007908,20.99230365796032,21.202526092529297,545040.0
2017-04-13,21.232555316001612,21.382714836740668,21.052364349365234,21.052364349365234,371218.0
2017-04-17,21.20252362705354,21.20252362705354,20.962269771376622,21.082395553588867,562772.0
2017-04-18,21.23255748651406,21.23255748651406,20.812112618466404,21.022335052490234,696744.0
2017-04-19,21.022329804938906,21.112426420603775,20.722010807725493,20.96226692199707,413493.0
2017-04-20,21.022335052490234,21.142463139612143,20.93223841433563,21.022335052490234,326692.0
2017-04-21,21.112429532412328,21.112429532412328,20.992301457570594,21.052364349365234,344503.0
2017-04-24,21.232555316001612,21.232555316001612,21.022332903467913,21.052364349365234,422446.0
2017-04-25,21.1424617767334,21.472812276584186,20.992302250323718,21.1424617767334,672628.0
2017-04-26,21.112431690644836,21.29262267570136,20.992303603522927,21.022335052490234,2225232.0
2017-04-27,21.052366501457538,21.142463139612143,20.96227215455562,21.022335052490234,728423.0
2017-04-28,21.3226563106279,21.412752958019045,20.84214620413194,20.992305755615234,656228.0
2017-05-02,21.23255305845212,21.23255305845212,20.842139720792712,20.902202606201172,492739.0
2017-05-03,20.99230656172286,21.322657129421035,20.90220991087199,21.26259422302246,516402.0
2017-05-04,21.32264880215232,21.923286796579145,20.932233189274037,20.96226692199707,1302413.0
2017-05-05,20.992298363467988,21.26258591921048,20.84213886486128,20.96226692199707,583746.0
2017-05-08,21.14246530709853,21.14246530709853,20.96227430356916,20.992305755615234,293021.0
2017-05-09,21.052368942140603,21.142465590740464,20.271539722202647,20.451730728149414,817783.0
2017-05-10,20.511793601842218,20.752047485484056,19.370580207972235,19.941186904907227,1403494.0
2017-05-11,20.091347736264044,20.271538733421668,19.280484812175473,19.460678100585938,1390502.0
2017-05-12,19.58080204575713,19.73096157767629,19.37057961757136,19.640867233276367,328157.0
2017-05-15,20.09134832523198,20.301570779536302,19.580804478524055,19.760997772216797,973230.0
2017-05-16,19.881121109595444,20.031280641514602,19.2204200856522,19.640867233276367,1011286.0
2017-05-17,19.760995562839497,19.760995562839497,19.43064275550649,19.610836029052734,501504.0
2017-05-18,19.400611929406033,19.821059095748204,19.370580479935747,19.58080291748047,359180.0
2017-05-19,19.73096157767629,19.791026765195525,19.430642513837974,19.640867233276367,296419.0
2017-05-22,19.760992588975576,19.79102403296292,19.460673566597542,19.55076789855957,178191.0
2017-05-23,19.520740921421304,19.640869016111385,18.0792095132724,18.589752197265625,1262517.0
2017-05-24,18.920101165771484,19.220420231894842,18.739910184348,18.920101165771484,352267.0
2017-05-25,18.98016553706013,19.22042056499733,18.98016553706013,19.160356521606445,217856.0
2017-05-26,19.310515488463686,19.340546934679697,18.499652693116566,19.04022789001465,895930.0
2017-05-29,19.040233111604156,19.31052078417683,18.950136456995562,19.100296020507812,321767.0
2017-05-30,19.520739636325413,19.670899171989454,18.649813871223436,19.160356521606445,1205602.0
2017-05-31,19.340548434191078,19.490707968165772,19.10029226333051,19.28048324584961,431408.0
2017-06-01,19.4006087838766,19.460673964331193,19.22041782501753,19.310514450073242,261002.0
2017-06-02,19.460676821928654,19.5207397199505,19.220420647335878,19.43064308166504,315207.0
2017-06-05,19.670900548727694,19.670900548727694,19.280484812175473,19.460678100585938,337580.0
2017-06-06,19.430646601984147,19.49071180214091,19.010200511525774,19.100296020507812,332284.0
2017-06-07,19.040230093468786,19.25045253256158,18.980166048459544,19.19038963317871,274462.0
2017-06-08,19.250452827287702,19.40061236929658,19.130325881056432,19.34054946899414,330557.0
2017-06-09,19.43064444242257,21.172496102072973,19.400612991308495,19.821060180664062,2627206.0
2017-06-12,19.791027011346323,19.94118654513309,19.49070794377279,19.610836029052734,763970.0
2017-06-13,19.58080261797235,19.821058792565125,19.370580183643188,19.43064308166504,597889.0
2017-06-14,19.580802865033203,19.610836605675768,19.310517529271866,19.400611877441406,497966.0
2017-06-15,19.400610212681997,19.64086636968991,19.31051587224342,19.37057876586914,438715.0
2017-06-16,19.460673964331193,19.55076829813455,19.25044926961865,19.310514450073242,606830.0
2017-06-19,19.280484277438923,19.52074046115424,19.280484277438923,19.34054946899414,462980.0
2017-06-20,19.28048324584961,19.490707968165772,19.190388900216387,19.28048324584961,731673.0
2017-06-21,19.160357331207653,19.49070901100302,19.160357331207653,19.34054946899414,693206.0
2017-06-22,19.34054589467436,19.67089636779138,19.28048071421977,19.310514450073242,860031.0
2017-06-23,19.280483982253017,19.400612072271507,19.070261543160225,19.19038963317871,449515.0
2017-06-27,19.19038713153332,19.37057809744511,18.920099537039412,18.98016357421875,926371.0
2017-06-28,18.830005973999278,19.190389088193903,18.830005973999278,19.070261001586914,238734.0
2017-06-29,19.070261273223764,19.220420810808204,19.070261273223764,19.130325317382812,155659.0
2017-06-30,19.070261543160225,19.340549172888633,19.070261543160225,19.19038963317871,322198.0
2017-07-03,19.700929822368952,19.791026456616724,19.220419785970215,19.490707397460938,1582211.0
2017-07-04,19.58080062223248,19.58080062223248,19.220418688327324,19.250450134277344,543461.0
2017-07-05,19.28048071421977,19.4006087838766,19.22041782501753,19.310514450073242,380832.0
2017-07-06,19.250452339239455,19.460677067473817,19.250452339239455,19.400611877441406,605106.0
2017-07-07,19.52074046115424,19.67090000316312,19.250452827287702,19.34054946899414,1256318.0
2017-07-10,19.400611632654115,19.490708270939578,19.340548734632264,19.43064308166504,81152.0
2017-07-11,19.490706844373097,19.580801184811673,19.250450687365184,19.37057876586914,639278.0
2017-07-12,19.340548734632264,19.490708270939578,19.280483545357725,19.43064308166504,771467.0
2017-07-13,19.430645765651178,19.670901973430926,19.40061431249196,19.520742416381836,2773946.0
2017-07-14,19.58080180296461,19.730961333021863,19.460676011920885,19.6708984375,2478823.0
2017-07-17,19.55077100885933,20.331600133012564,19.52073956009433,20.151409149169922,1369795.0
2017-07-18,20.391668650033694,20.421700103700292,19.971221424942197,20.03128433227539,709466.0
2017-07-19,20.181440541146962,20.181440541146962,19.821058574475742,19.97121810913086,848241.0
2017-07-20,20.12137709073982,20.12137709073982,19.821058029684,19.851089477539062,771145.0
2017-07-21,19.88112092539412,20.031280455922033,19.821058029684,19.851089477539062,564011.0
2017-07-24,19.821060180664062,19.91115682525913,19.670900633840848,19.821060180664062,873054.0
2017-07-25,19.821058029684,19.94118611235685,19.220419907572364,19.851089477539062,2026603.0
2017-07-26,19.9411882763732,19.9411882763732,19.79102872954999,19.821060180664062,1152540.0
2017-07-27,19.821058029684,19.911154664501787,19.821058029684,19.851089477539062,363498.0
2017-07-28,19.821058029684,19.911154664501787,19.70092994701115,19.851089477539062,419519.0
2017-07-31,19.55077071489492,20.031280761667936,19.55077071489492,20.001249313354492,1219257.0
2017-08-01,19.88112333090656,20.061316622344584,19.73096378221013,19.79102897644043,642119.0
2017-08-02,19.911157073648152,19.941188525136862,19.73096378221013,19.79102897644043,434491.0
2017-08-03,19.670900879232708,19.911157073648152,19.670900879232708,19.79102897644043,202818.0
2017-08-04,19.640869182726778,19.91115682525913,19.640869182726778,19.821060180664062,362091.0
2017-08-07,19.911155455858584,20.001249803004512,19.760995919362674,19.941186904907227,320667.0
2017-08-08,19.971219976625573,19.971219976625573,19.76099752495172,19.79102897644043,250483.0
2017-08-09,19.61083578514306,19.791026765195525,19.4606762532239,19.640867233276367,327113.0
2017-08-10,19.520739550307244,19.64086763655967,18.709877832169216,18.89006996154785,356874.0
2017-08-11,18.860038193047096,18.860038193047096,18.31946407249227,18.64981460571289,278255.0
2017-08-14,19.280484222089118,19.280484222089118,18.589751705582877,18.64981460571289,816082.0
2017-08-16,18.920102761319484,19.010198259629057,18.589752218975583,18.679847717285156,854033.0
2017-08-17,18.799976307337488,18.860040359995022,18.199338072015184,18.52968978881836,793314.0
2017-08-18,18.199334086938503,18.649812664789714,18.199334086938503,18.559717178344727,863781.0
2017-08-21,18.559720678325185,18.679848779989698,17.868986957820447,18.2293701171875,1040895.0
2017-08-22,18.349492953105276,18.37952554459125,17.989111020283396,18.169301986694336,1028096.0
2017-08-23,18.34949602931484,18.830007263009914,18.289433127526067,18.679847717285156,456359.0
2017-08-24,18.679849347648936,18.76994485382198,18.43959428264532,18.52968978881836,178403.0
2017-08-28,18.649812386256617,18.70987642486498,18.469621416057773,18.499652862548828,282406.0
2017-08-29,18.679844182335042,18.830003699643804,18.499652074188813,18.73990821838379,275350.0
2017-08-30,18.73991015518044,18.98016517857992,18.61978207066754,18.830005645751953,680280.0
2017-08-31,18.679845178537043,19.70092926331563,18.679845178537043,19.37057876586914,1053457.0
2017-09-01,19.460677014370958,19.490708463678857,19.100292748918037,19.220420837402344,210225.0
2017-09-04,19.340548036181964,19.370579484108355,18.739909912643718,18.860036849975586,657552.0
2017-09-05,19.01019287109375,19.340544465424237,18.890065955940376,19.01019287109375,276227.0
2017-09-06,19.160356603687685,19.490708270939578,18.980165618369448,19.43064308166504,258124.0
2017-09-07,19.82105556220047,19.82105556220047,19.43063991492893,19.730958938598633,435150.0
2017-09-08,19.821058029684,20.091345642884757,19.730961394866213,19.851089477539062,468076.0
2017-09-11,19.941187445793396,20.121378436225463,19.82105935508777,20.061315536499023,456960.0
2017-09-12,20.06131753871681,20.722018666659842,20.031283794603322,20.601890563964844,1210181.0
2017-09-13,20.661950823602854,20.99230130863452,20.601885640981912,20.69198226928711,919114.0
2017-09-14,20.752933565234272,20.9053045933564,20.600562537112147,20.691986083984375,462732.0
2017-09-15,20.661511308243593,20.69198504734185,19.564438100728367,19.991077423095703,748565.0
2017-09-18,20.112973974643165,20.234871251610134,19.53396365279794,19.62538719177246,413885.0
2017-09-19,19.625387220703388,19.747284497850053,19.503489943556723,19.594913482666016,392646.0
2017-09-20,19.59491195792027,19.747282961247812,19.22922015493598,19.259695053100586,587998.0
2017-09-21,19.412066723694306,19.412066723694306,19.320644351054952,19.351118087768555,568508.0
2017-09-22,19.351118619193212,19.381592356743692,19.168273868893177,19.22922134399414,947618.0
2017-09-25,19.351118115419258,19.381591852176406,19.19874710663643,19.32064437866211,880169.0
2017-09-26,19.351118647862997,19.594913198622333,18.833056971247263,19.198747634887695,1358130.0
2017-09-27,19.29016947940642,19.381591852176406,19.10732473386644,19.32064437866211,1571465.0
2017-09-28,19.381592637838523,19.74728446873943,19.320645161853626,19.62538719177246,1387467.0
2017-09-29,19.62538710551626,20.112973886243953,19.442541190869438,19.716808319091797,1594655.0
2017-10-03,19.86918031104478,20.722458963051704,19.533964528112516,20.47866439819336,1953858.0
2017-10-04,21.545263015969088,21.81953133883804,20.509141857349054,20.57008934020996,7790575.0
2017-10-05,20.66151127729314,20.66151127729314,19.991077393149546,20.02155113220215,956113.0
2017-10-06,19.9910774531333,20.234872016280164,19.869180171559865,19.960603713989258,468784.0
2017-10-09,19.960602989108832,20.11297400429287,19.533963681594095,19.594913482666016,878488.0
2017-10-10,19.594915499275718,20.600562907988206,19.53396569193115,20.11297607421875,1087460.0
2017-10-11,20.11297334622322,20.478662840701165,19.777757588785587,19.83870506286621,603355.0
2017-10-12,19.960599411238025,20.35676490970405,19.808228423365982,20.05202293395996,606781.0
2017-10-13,19.89965345972489,20.966250455958296,19.89965345972489,20.783403396606445,1423293.0
2017-10-16,21.027201967048455,21.453841312538774,20.813883456801992,21.240520477294922,1447061.0
2017-10-17,21.270993922444738,21.301467659440224,20.75293109353304,20.8443546295166,398882.0
2017-10-18,20.783404830528525,20.966251902495657,20.72245735653755,20.8443546295166,444217.0
2017-10-19,20.75293106580685,21.088146822303568,20.722457328852077,20.874828338623047,255198.0
2017-10-23,20.72245785711701,20.935776346235528,20.570086843461738,20.752931594848633,874641.0
2017-10-24,20.722457328852077,21.11862288425544,20.417715309310132,20.874828338623047,723353.0
2017-10-25,21.63668441772461,21.758581696345036,20.996726611213887,21.63668441772461,2755048.0
2017-10-26,21.60620880126953,21.88047707307631,21.362414265219726,21.60620880126953,596058.0
2017-10-27,21.910947430656137,21.910947430656137,21.36241097161461,21.514781951904297,875833.0
2017-10-30,21.667160841619705,22.276644985265815,21.60621335725409,21.91095542907715,1339771.0
2017-10-31,21.94142454459026,22.154743019886084,21.575735065512557,21.60620880126953,767198.0
2017-11-01,21.697629136215895,22.002371131527898,21.240516143247888,21.36241340637207,700690.0
2017-11-02,21.42336263345808,21.88047561432848,21.392886574735908,21.545257568359375,844660.0
2017-11-03,21.667160841619705,22.09380020717148,21.667160841619705,21.91095542907715,653037.0
2017-11-06,22.124269458582813,22.550908737535593,22.06332198658828,22.154743194580078,1041190.0
2017-11-07,22.855651056444323,23.22134054334861,22.246167028272477,22.5509090423584,2504006.0
2017-11-08,22.70328435081759,22.825181644546312,21.819531877531233,21.91095542907715,725440.0
2017-11-09,22.06332198658828,22.36806399655498,21.667156443632766,22.154743194580078,532697.0
2017-11-10,22.246165408028496,22.246165408028496,21.789052420192295,21.941423416137695,328803.0
2017-11-13,21.941423416137695,22.429010138163598,21.667155158436596,21.941423416137695,546597.0
2017-11-14,21.57573675155548,21.57573675155548,20.905302887525746,21.149097442626953,696041.0
2017-11-15,21.362420316544178,21.575741177264327,20.99673073387773,21.05767822265625,404250.0
2017-11-16,21.179571180765308,21.240518657042017,20.78340560997514,21.149097442626953,370639.0
2017-11-17,21.331940748267236,21.484311753612,21.027198737577702,21.088146209716797,1431258.0
2017-11-20,21.240518657042017,21.331942196454268,21.057673903214702,21.149097442626953,280254.0
2017-11-21,21.33193974833492,21.606208010098612,21.149095015491437,21.270992279052734,690242.0
2017-11-22,21.179572995795183,21.545262534788378,21.11862551429545,21.240520477294922,1768770.0
2017-11-23,21.36241776529178,21.39289150604165,21.210046736545053,21.240520477294922,183664.0
2017-11-24,21.30146842911691,21.331942167213494,21.149097413636813,21.1795711517334,430383.0
2017-11-27,21.301470283792046,21.33194402454191,21.088149448548194,21.240520477294922,377172.0
2017-11-28,21.270996488296188,21.270996488296188,20.57008882786624,20.66151237487793,1765973.0
2017-11-29,20.66150845703447,21.11862145542021,20.570084927358543,20.783403396606445,768067.0
2017-11-30,20.752929440483317,20.996723967022263,20.14344544913287,20.265342712402344,1524841.0
2017-12-01,20.417716949683857,20.661511514902877,20.26534592767129,20.448190689086914,483614.0
2017-12-04,20.631035419980503,20.631035419980503,20.38724318011944,20.47866439819336,337353.0
2017-12-05,20.57008806353869,20.57008806353869,20.265346018152933,20.356769561767578,450119.0
2017-12-06,20.38724378197619,20.417717522233787,20.234872755690862,20.295820236206055,327857.0
2017-12-07,20.35677202323494,20.417719509682723,20.204400982117907,20.234874725341797,322611.0
2017-12-08,20.265346589683816,20.448191357072467,20.14344930309226,20.20439910888672,571117.0
2017-12-11,20.204399622736894,20.326294587431192,20.082502333045174,20.11297607421875,612940.0
2017-12-12,20.17392218268249,20.234871985876257,19.96060368399745,19.991077423095703,586516.0
2017-12-13,19.930129944899196,20.387243006364788,19.869180141705428,19.991077423095703,906080.0
2017-12-14,20.021553171752586,20.11297672322077,19.747287167343025,19.899658203125,472812.0
2017-12-15,19.960602336024557,20.052025872142597,19.808231325825897,19.83870506286621,734921.0
2017-12-18,19.838702296627687,19.960599552789116,19.50348658593135,19.564434051513672,1263431.0
2017-12-19,19.655860399040865,19.930128683561787,19.625386661871232,19.747283935546875,1119191.0
2017-12-20,19.747285781073153,19.930130546176226,19.747285781073153,19.8082332611084,737159.0
2017-12-21,19.80823401248816,20.417718135949336,19.74728653014101,20.11297607421875,1215487.0
2017-12-22,20.204399015433268,20.50914106800392,20.05202798914794,20.295820236206055,1226188.0
2017-12-26,20.3567670237047,20.691982766835185,20.3567670237047,20.60055923461914,721689.0
2017-12-27,20.722458480643468,21.149097796714983,20.417716444163418,20.539613723754883,1245412.0
2017-12-28,20.570085211812515,20.935774685579283,19.960601205536587,20.173919677734375,2196532.0
2017-12-29,20.17392322414542,20.7224598562208,20.14344948347398,20.66151237487793,1435498.0
2018-01-01,20.78340485837673,21.027199404661506,20.72245738430409,20.813880920410156,976628.0
2018-01-02,20.874829498883493,21.027200517123518,20.234871687274833,20.539613723754883,1297283.0
2018-01-03,20.600557665615202,21.21004163397658,20.600557665615202,20.996723175048828,1399717.0
2018-01-04,23.769877594786806,24.31841416158842,22.855651533448853,23.46513557434082,20986590.0
2018-01-05,24.105093988001,24.470785817178825,22.977549412612994,23.25181770324707,8676113.0
2018-01-08,23.587034042788765,23.587034042788765,22.88612643024575,23.09944725036621,4777208.0
2018-01-09,22.855646679875225,22.855646679875225,22.246162768411885,22.672801971435547,5750360.0
2018-01-10,22.67280956915085,22.764230791507867,22.611859762582117,22.703283309936523,2255503.0
2018-01-11,22.70328084309896,22.97754913036401,22.70328084309896,22.85565185546875,2671267.0
2018-01-12,22.855649454969452,23.068967919883743,22.855649454969452,22.947072982788086,1721527.0
2018-01-15,23.0080223360133,23.06896980955358,22.916598800705806,22.977548599243164,1466678.0
2018-01-16,23.008020350932004,23.12991761249261,22.977546616791074,23.068967819213867,2677304.0
2018-01-17,22.398542992056232,22.520440289665576,21.971903612922315,22.246171951293945,1191820.0
2018-01-18,22.42901330217774,22.55091058112923,21.392889918585873,21.57573699951172,1152749.0
2018-01-19,21.484310746537314,21.545258215819505,21.088145221212326,21.270992279052734,784843.0
2018-01-22,21.331941632841016,21.42336516983776,21.21004435851107,21.301467895507812,561639.0
2018-01-23,21.453841312538774,21.453841312538774,21.210046736545053,21.240520477294922,676170.0
2018-01-24,21.270995260142485,21.301468999054414,20.99672695994061,21.02720069885254,946684.0
2018-01-25,21.02719690846753,21.08814437530494,20.905299649795893,20.996723175048828,428667.0
2018-01-29,21.02719937648663,21.118622912470197,20.813880892521116,20.8443546295166,683798.0
2018-01-30,20.844357895907457,21.118626221839946,20.72246060382663,20.96625518798828,556657.0
2018-01-31,20.966251818706734,21.088146766201547,20.78340474747033,20.935775756835938,1033578.0
2018-02-01,21.118623062916818,21.514786296674583,20.844354778009368,21.39288902282715,791988.0
2018-02-02,21.27099472017756,21.392889672730977,20.9357766256641,21.149097442626953,1167641.0
2018-02-05,20.905299956234348,21.667154927853655,20.905299956234348,21.423362731933594,796961.0
2018-02-06,20.93577476361002,21.392887770020693,20.722456290617167,21.118621826171875,937365.0
2018-02-07,21.362415541065726,21.910952117440008,21.362415541065726,21.819528579711914,906570.0
2018-02-08,21.941429869769372,22.307119437599834,21.85000631531297,22.246171951293945,538385.0
2018-02-09,21.941428757407042,22.916602438848372,21.697634174547982,22.52043914794922,1663722.0
2018-02-12,22.55091148979584,22.85565353695524,22.215695702919955,22.429014205932617,1042620.0
2018-02-14,22.459487945649094,22.794706057522284,22.33759298678318,22.429014205932617,1577512.0
2018-02-15,22.48996156954004,22.672806312992183,22.459485508133803,22.5509090423584,630818.0
2018-02-16,23.835860699973686,23.86798646345867,23.675241685955395,23.77161407470703,923459.0
2018-02-19,23.867990542175736,23.900113860298504,23.73949481883259,23.803741455078125,869857.0
2018-02-20,23.83585835396933,24.253468729654948,23.803735044497685,24.092849731445312,1629954.0
2018-02-21,24.0251770564488,24.09285257887511,23.551440654497547,23.68679428100586,1218811.0
2018-02-22,23.686793817333697,23.686793817333697,23.24689518520667,23.314573287963867,877919.0
2018-02-23,23.382247907393193,23.619117385425696,22.97618963313111,23.55143928527832,490486.0
2018-02-26,23.686794281005863,23.92366119115364,23.619118758579553,23.68679428100586,1006260.0
2018-02-27,23.686793769393425,23.85598515346052,23.61911824842884,23.652956008911133,299754.0
2018-02-28,23.686791510909043,23.686791510909043,23.348408775038912,23.41608428955078,740956.0
2018-03-01,23.686793793190866,23.686793793190866,23.382248785232996,23.4837646484375,284797.0
2018-03-05,23.416091810411295,23.483769928315645,23.010033429610075,23.28074073791504,414216.0
2018-03-06,23.314575787376643,23.44992942574583,22.90851487226909,23.01003074645996,558310.0
2018-03-07,23.010026960230586,23.010026960230586,22.6039686935946,22.67164421081543,750371.0
2018-03-08,22.70548448929145,23.010029513894743,22.062556677719115,22.19791030883789,1254906.0
2018-03-09,22.29942460647926,24.092851702065342,22.096395464933465,23.585277557373047,1672573.0
2018-03-12,23.44992446272848,23.78830719620707,23.34840861002275,23.619115829467773,916401.0
2018-03-13,23.788307694500833,24.53274869108539,23.65295408194307,23.991336822509766,1697875.0
2018-03-14,23.92366119115364,24.0251770564488,23.619118758579553,23.68679428100586,952908.0
2018-03-15,23.517602385326327,23.88982291394281,23.517602385326327,23.652956008911133,600557.0
2018-03-16,23.78830932373776,23.855984843823954,23.010027934468493,23.24689483642578,1183922.0
2018-03-19,23.179222191704643,23.246897720185935,22.570132108749306,22.840839385986328,1000295.0
2018-03-20,22.502457125587455,23.043869111526032,22.468619360526795,22.705486297607422,451880.0
2018-03-21,22.942354403526537,23.07770545543411,22.637809373422837,22.739322662353516,684386.0
2018-03-22,22.807000806408308,23.010029966249935,22.468618012786987,22.570131301879883,550816.0
2018-03-23,22.29942512512207,22.603970135351712,22.1979092611603,22.29942512512207,874110.0
2018-03-26,22.46861615856476,22.603969781174403,21.994879770258834,22.231746673583984,979963.0
2018-03-27,22.57012696397732,23.010025543800342,22.367097843157207,22.874671936035156,389678.0
2018-03-28,22.90851413266158,22.942354477403274,22.23174854432114,22.40093994140625,498542.0
2018-04-02,22.739323083428076,22.8408389558944,22.367102520478007,22.468618392944336,506774.0
2018-04-03,22.36709922001069,22.840835585523006,22.197907845303114,22.67164421081543,930526.0
2018-04-04,23.551442718280775,24.02517916174496,22.84083934391246,23.01003074645996,2050662.0
2018-04-05,23.314577154657208,23.517606333289645,23.04386986204324,23.1453857421875,412987.0
2018-04-06,23.213059913185774,23.213059913185774,22.94235521810333,23.01003074645996,414917.0
2018-04-09,23.010031759313847,23.213060934976582,22.90851588065446,23.077707290649414,297946.0
2018-04-10,23.21305885063242,23.21305885063242,22.942354167941197,23.11154556274414,324916.0
2018-04-11,23.24689870064437,23.24689870064437,23.010031759313847,23.077707290649414,242972.0
2018-04-12,23.11154479131276,23.145382552812727,22.333263368534862,22.50245475769043,586693.0
2018-04-13,22.67164929829613,22.942356591236727,21.72417635466013,21.893367767333984,2592359.0
2018-04-16,21.994879609783155,22.333262373010587,21.893363748152684,22.265586853027344,367904.0
2018-04-17,22.502454271389944,22.502454271389944,22.1979092611603,22.29942512512207,332992.0
2018-04-18,22.46861599463268,22.46861599463268,22.197908751388496,22.265586853027344,369374.0
2018-04-19,22.502453754624305,22.502453754624305,22.197908751388496,22.265586853027344,386365.0
2018-04-20,22.434780629340853,22.57013168375478,22.26558922966756,22.468618392944336,452321.0
2018-04-23,22.6039686935946,22.874673344133424,22.502452836107853,22.67164421081543,965424.0
2018-04-24,22.73931972803626,22.840835585523006,22.6039686935946,22.67164421081543,324446.0
2018-04-25,22.671645073100482,23.043865595282952,22.536291451855327,22.773160934448242,574666.0
2018-04-26,22.705484899376625,22.840838532940026,22.603971610445946,22.739322662353516,250374.0
2018-04-27,22.773164409384737,23.043869111526032,22.67164853254676,22.705486297607422,678131.0
2018-04-30,22.840834187248944,22.840834187248944,22.50245145854896,22.53628921508789,314747.0
2018-05-02,22.434777862479056,22.63780700071642,22.333262002532592,22.36709976196289,438010.0
2018-05-03,22.400937892993834,22.43477823464106,22.197908751388496,22.265586853027344,242959.0
2018-05-04,22.400939464688157,22.400939464688157,22.130234784106396,22.19791030883789,283936.0
2018-05-07,22.367100318876986,22.468616181351074,22.02871755283753,22.06255531311035,328032.0
2018-05-08,22.265590718235575,22.400941781698414,22.028721193863507,22.096399307250977,286183.0
2018-05-09,21.994879281529002,22.23174617959093,21.994879281529002,22.028717041015625,259908.0
2018-05-10,22.164070660617686,22.19790842010431,21.961041522042375,22.028717041015625,160482.0
2018-05-11,21.99488207530812,22.09639794831805,21.893366202298186,21.961044311523438,731248.0
2018-05-14,21.961042077875746,21.9948798382188,21.724172592163086,21.724172592163086,823897.0
2018-05-15,21.690335179389667,21.994880190668518,21.656497418504387,21.791851043701172,228543.0
2018-05-16,21.758017654728974,21.79185542241339,21.52114811762567,21.65650177001953,334580.0
2018-05-17,21.656498226255437,21.791851856500685,21.55498364898544,21.588821411132812,764117.0
2018-05-18,21.62265968322754,21.75801330858463,21.58882063147435,21.62265968322754,282669.0
2018-05-21,21.656498533427207,21.656498533427207,21.31811574384241,21.351953506469727,267499.0
2018-05-22,21.385788481842617,21.453465285019785,21.047405756784435,21.25043487548828,271348.0
2018-05-23,21.351952484295104,21.588820683830537,21.182761097602345,21.284276962280273,221970.0
2018-05-24,21.318114993226327,21.487306382061455,21.148923604391197,21.21660041809082,153461.0
2018-05-25,21.182761310083606,21.791851340949506,21.182761310083606,21.554983139038086,217194.0
2018-05-28,21.75801330858463,21.99488021671778,21.521143818795803,21.62265968322754,387195.0
2018-05-29,21.453465285019785,21.48730304119454,20.979728953607268,21.25043487548828,323765.0
2018-05-30,21.284277503025486,21.31811526489258,21.115086112034277,21.148923873901367,138726.0
2018-05-31,21.047409086438353,21.182761423377475,20.810540883260064,20.878217697143555,358268.0
2018-06-01,20.675185117767878,21.047406910227014,20.64134735973874,20.776700973510742,132883.0
2018-06-04,20.979732331431702,20.979732331431702,20.472158162122874,20.53983497619629,204296.0
2018-06-05,20.641351279095343,20.641351279095343,20.167614831768525,20.26913070678711,349412.0
2018-06-06,20.302966533358582,20.57367249563779,20.133775145580593,20.43832015991211,251959.0
2018-06-07,20.505997873258256,20.675189279112956,20.133777296709113,20.37064552307129,468752.0
2018-06-08,20.336807250976562,20.438323131063157,20.167615838602956,20.336807250976562,336333.0
2018-06-11,20.404483287911034,20.57367469376573,20.33680646740356,20.37064552307129,244640.0
2018-06-12,20.505996162756002,20.7090266073427,20.269129246980004,20.64134979248047,234751.0
2018-06-13,20.675187586075754,20.742864401041352,20.43832066993798,20.472158432006836,180742.0
2018-06-14,20.539832806113907,20.709024178008047,20.336802385344306,20.60750961303711,276993.0
2018-06-15,20.57367469376573,20.810542920127908,20.235291882056337,20.37064552307129,335143.0
2018-06-18,20.336802923127106,20.43831878161024,20.235288355471734,20.30296516418457,184384.0
2018-06-19,20.269131491284277,20.269131491284277,20.16761561233662,20.235292434692383,150095.0
2018-06-20,20.370646360370568,20.472160949890366,20.16761589050293,20.16761589050293,205648.0
2018-06-21,20.302968841722105,20.302968841722105,19.829232385750725,19.86307144165039,451364.0
2018-06-22,19.86307153634502,19.86307153634502,19.457011899409142,19.524688720703125,461991.0
2018-06-25,19.558526485936113,19.69388012852407,19.457011899409142,19.524688720703125,179436.0
2018-06-26,19.626199950992817,20.370642276265,19.49084633155141,19.89690589904785,397329.0
2018-06-27,19.930747096496937,20.099938493612097,19.79539346247364,19.998422622680664,573442.0
2018-06-28,20.133775809715534,20.133775809715534,19.49084799862035,19.626201629638672,177004.0
2018-06-29,19.693880587250316,19.89690976503338,19.592365998358787,19.727718353271484,266510.0
2018-07-02,19.761558031651983,19.761558031651983,18.47570222915701,18.644893646240234,1110778.0
2018-07-03,18.814082977466434,19.017113429953813,18.10347962083043,18.204994201660156,831502.0
2018-07-04,18.204996390451935,18.340350041717127,17.934290378749633,18.137319564819336,628797.0
2018-07-05,18.238831324950702,18.475698224867944,18.035800893957337,18.374183654785156,714185.0
2018-07-06,18.37418200751086,18.543373372756502,18.238829689810956,18.30650520324707,539702.0
2018-07-09,18.543376445647464,18.543376445647464,18.204993659081534,18.340347290039062,549343.0
2018-07-10,18.509535616038445,18.509535616038445,18.272667446529013,18.30650520324707,466800.0
2018-07-11,18.30650991194676,18.340348968196388,18.137318503182637,18.238834381103516,885392.0
2018-07-12,18.374187809119384,18.374187809119384,18.069644030014825,18.137319564819336,624919.0
2018-07-13,18.27267101915595,18.611053815806986,18.137317384164362,18.204994201660156,891079.0
2018-07-16,18.17115378508743,18.27266835109463,17.798931988624044,17.900447845458984,1493022.0
2018-07-17,18.069642972339395,18.27267214652514,17.866612507325645,18.238834381103516,970838.0
2018-07-18,18.103480737761014,18.374186733618007,17.968127094418517,18.238834381103516,4842368.0
2018-07-19,18.340345647920238,18.340345647920238,18.069639701070965,18.272668838500977,395151.0
2018-07-20,18.27267214652514,18.30650991194676,18.103480737761014,18.238834381103516,6119295.0
2018-07-23,18.2388313652802,18.340345935587454,17.934286363530635,18.03580093383789,600532.0
2018-07-24,18.069638324565318,18.78024154226593,18.035799277019585,18.30650520324707,2205515.0
2018-07-25,18.44186046511628,18.847920036275223,18.238831324950702,18.374183654785156,725961.0
2018-07-26,18.44186463475198,18.577218286017175,17.934290378749633,18.137319564819336,1656234.0
2018-07-27,18.137318503182637,18.340348968196388,18.001966150668146,18.238834381103516,592000.0
2018-07-30,18.374185085540415,18.47569966352791,18.069641351577935,18.17115592956543,1132845.0
2018-07-31,18.27267214652514,18.374186733618007,18.103480737761014,18.238834381103516,1607654.0
2018-08-01,18.4080264724228,18.746409302498016,18.238835057385195,18.543378829956055,899878.0
2018-08-02,18.54337478535025,18.611051594769513,18.238831079205234,18.272668838500977,1139079.0
2018-08-03,18.408024654147535,18.441862417481467,18.0696418574965,18.204994201660156,1497691.0
2018-08-06,18.171156438326225,18.374185599985676,18.137317384164362,18.204994201660156,726078.0
2018-08-07,18.27267214652514,18.27267214652514,18.171157559432267,18.238834381103516,422555.0
2018-08-08,18.340348968196388,18.340348968196388,18.204995324853886,18.238834381103516,290034.0
2018-08-09,18.27267214652514,18.27267214652514,18.204995324853886,18.238834381103516,378562.0
2018-08-10,18.27267087263252,18.9155986974452,18.204994055679407,18.881759643554688,1163784.0
2018-08-13,18.780245222241867,19.457010815836167,18.577216060494745,19.321657180786133,777006.0
2018-08-14,19.253979433770617,19.998420468215016,19.253979433770617,19.89690589904785,904597.0
2018-08-16,19.930746825515016,20.370644193867925,19.761555430700213,20.066099166870117,961686.0
2018-08-17,20.099940080808874,20.675189843762823,20.099940080808874,20.235292434692383,1378388.0
2018-08-20,20.57367478698089,21.013572186030594,19.49084952643916,20.032262802124023,3206561.0
2018-08-21,20.201454895574496,20.539837720321714,19.96458666008584,20.336807250976562,1900411.0
2018-08-23,20.302965466544293,20.505994604878623,19.693876760713522,19.89690589904785,401600.0
2018-08-24,19.93074803040932,19.998423559764177,19.558526164817692,19.76155662536621,361535.0
2018-08-27,19.76155498840491,19.89690732673061,19.626201359251336,19.693878173828125,293373.0
2018-08-28,19.66004153040112,19.829232942163014,19.457012352618058,19.727718353271484,592452.0
2018-08-29,19.727717893757063,19.761556949818054,19.490849664642134,19.524688720703125,517751.0
2018-08-30,19.6261995169453,19.6261995169453,18.6787280742928,19.01711082458496,667393.0
2018-08-31,18.94943374206238,19.355493294700693,18.88175693481804,19.253978729248047,335867.0
2018-09-03,19.287817229535815,19.626199987948723,19.15246360983954,19.558523178100586,588062.0
2018-09-04,19.626198344043917,19.626198344043917,19.118624248939334,19.152462005615234,237967.0
2018-09-05,19.084789276123047,19.186303851786153,18.814082019917606,19.084789276123047,215374.0
2018-09-06,19.152464799346543,19.42317205555198,18.84792107235722,19.084789276123047,432084.0
2018-09-07,19.08479025569047,19.660039977583285,18.983274383988984,19.321657180786133,1028343.0
2018-09-10,19.287819417437593,19.524687633361182,19.017113438165456,19.321657180786133,624451.0
2018-09-11,19.423170101945033,19.558522425605982,19.152462872967668,19.253978729248047,337020.0
2018-09-12,19.253981179934545,19.42317257416656,19.05095073235939,19.118627548217773,338567.0
2018-09-14,19.35549524150062,19.35549524150062,19.084789276123047,19.084789276123047,577603.0
2018-09-17,19.25518885050594,19.289268310753094,19.187028629963564,19.22110939025879,420094.0
2018-09-18,19.28926784086072,19.357428059742695,18.94846804649888,19.01662826538086,253053.0
2018-09-19,19.1529459748077,19.1529459748077,18.88030643816534,18.94846534729004,175173.0
2018-09-21,18.94846534729004,19.084785765635147,18.64174635608533,18.94846534729004,784652.0
2018-09-24,18.982547760009766,20.34574686234371,18.641747984426278,18.982547760009766,1238792.0
2018-09-25,19.152951260982228,19.800470176715713,18.94847057702832,19.732311248779297,1035711.0
2018-09-26,19.83454870111375,19.83454870111375,19.11886833815847,19.323348999023438,178758.0
2018-09-27,19.49375110085718,19.800470176715713,19.084791032997593,19.732311248779297,1326386.0
2018-09-28,19.800468022963393,19.800468022963393,18.57358925288387,18.67582893371582,1078156.0
2018-10-01,18.778068761075737,18.778068761075737,18.232789592351743,18.471349716186523,441570.0
2018-10-03,18.335029677164098,18.47135012236679,18.164629770684787,18.232789993286133,738277.0
2018-10-04,18.198710457454663,18.573589730154126,17.82382988470709,18.33502960205078,392174.0
2018-10-05,18.57358792923679,18.57358792923679,17.926067830033197,18.13054847717285,543971.0
2018-10-08,18.13054611693828,18.13054611693828,17.61934651570909,17.82382583618164,344282.0
2018-10-09,17.82382885853464,17.960149295330485,17.61934950338891,17.75566864013672,242074.0
2018-10-10,17.721590273848204,18.47135012236679,17.721590273848204,18.232789993286133,337801.0
2018-10-11,17.891989474026662,18.23278927353193,17.551189674521392,18.062389373779297,307936.0
2018-10-12,18.2327879585305,18.607667190929696,18.130548286062353,18.437267303466797,252242.0
2018-10-15,18.539509937289044,18.74398930054852,18.26686905287896,18.471349716186523,159310.0
2018-10-16,18.403189351481267,18.743989154286478,18.369109891219978,18.67582893371582,525792.0
2018-10-17,18.743989712724062,18.880310157926758,18.164629770684787,18.232789993286133,322516.0
2018-10-19,18.300948029568975,18.300948029568975,16.869588726130157,17.074068069458008,3654222.0
2018-10-22,17.380790787483672,17.48303047328277,17.10815119200336,17.27855110168457,411144.0
2018-10-23,17.21039087780246,17.346711325566684,17.074070430038233,17.27855110168457,315548.0
2018-10-24,17.21039183287475,17.551191671149496,17.21039183287475,17.414871215820312,308255.0
2018-10-25,17.244467294196134,20.78878530962714,17.244467294196134,19.766386032104492,13473371.0
2018-10-26,19.357429172926967,19.76638920968877,18.573589860828243,19.493749618530273,1097519.0
2018-10-29,19.323348138443524,19.630067166008907,19.25518792119077,19.3574275970459,361279.0
2018-10-30,19.391506560442867,19.595985893222554,18.81214671750323,19.15294647216797,216608.0
2018-10-31,19.255188311413672,19.357427989340774,18.982548736925388,19.118867874145508,249232.0
2018-11-01,19.221108922026787,19.28926784086072,18.94846804649888,19.01662826538086,217357.0
2018-11-02,19.11886571667276,19.425586015890183,19.11886571667276,19.15294647216797,356287.0
2018-11-05,19.32335124868365,19.391511476907315,19.050711635837224,19.187030792236328,150646.0
2018-11-06,19.22111155637227,19.459670405082754,19.118870564012667,19.187030792236328,160934.0
2018-11-07,19.28926737979314,19.459667272901026,19.25518792119077,19.3574275970459,60797.0
2018-11-09,19.459668782216234,19.73230967237361,19.255189414646313,19.595989227294922,369605.0
2018-11-12,19.76638800109722,19.80046746039024,19.050708955559468,19.118867874145508,1133088.0
2018-11-13,19.357425804947656,19.357425804947656,19.084786261225442,19.15294647216797,243016.0
2018-11-14,19.221106683110495,19.32334634950034,19.050706805778127,19.15294647216797,221208.0
2018-11-15,19.084785934465177,19.118865389329002,18.471346646581228,18.641746520996094,480243.0
2018-11-16,18.709912735169365,18.88031266426909,18.505432040220718,18.6076717376709,148833.0
2018-11-19,18.74398797149366,19.221108185332696,18.50542786457414,18.846227645874023,192284.0
2018-11-20,18.91438985304399,18.91438985304399,18.60766949756997,18.743989944458008,117615.0
2018-11-21,18.539512806069638,18.812152432619545,18.539512806069638,18.6076717376709,189489.0
2018-11-22,18.607668713145163,18.812149374857132,18.57358925288387,18.67582893371582,151656.0
2018-11-26,18.505428061059433,19.084787955430315,18.505428061059433,18.539508819580078,608304.0
2018-11-27,18.948467066554123,19.016627281911102,18.64174804751967,18.880308151245117,451783.0
2018-11-28,18.88030824992228,18.88030824992228,18.06238826145963,18.13054847717285,1197450.0
2018-11-29,18.266868591308594,18.40318903006907,18.06238923321594,18.266868591308594,479794.0
2018-11-30,18.36910734256283,18.437266253628575,18.198707464802688,18.403186798095703,616175.0
2018-12-03,18.471347871492522,18.471347871492522,18.13054810006295,18.369108200073242,307195.0
2018-12-04,18.403188774305107,18.403188774305107,18.198709419054264,18.300949096679688,107391.0
2018-12-05,18.300950215887482,18.335029677164098,18.13055030940817,18.232789993286133,179025.0
2018-12-06,18.232788150718687,18.300948366431903,18.028308803627016,18.13054847717285,500536.0
2018-12-07,18.164628650476214,18.40318876484492,17.61934950338891,17.75566864013672,1912003.0
2018-12-10,17.517108618751188,17.517108618751188,16.835509081835543,17.005908966064453,6196517.0
2018-12-11,16.83551200225804,17.244470755310324,16.699191551208497,17.03999137878418,2790470.0
2018-12-12,17.176307569938718,17.551186767278935,16.971826944077634,17.380786895751953,3523033.0
2018-12-13,17.58526828518889,17.58526828518889,17.03998915233342,17.17630958557129,2244679.0
2018-12-14,17.244470339719445,17.380790787483672,17.039990968121245,17.27855110168457,1834070.0
2018-12-17,17.41486784170306,17.41486784170306,17.039988612252685,17.074068069458008,2303662.0
2018-12-18,17.108150482177734,17.244469624237873,17.039990261123624,17.108150482177734,1801121.0
2018-12-19,17.14222987017656,17.244469551301254,17.10815040981769,17.210390090942383,1070213.0
2018-12-20,17.10815040981769,17.380789992832902,17.10815040981769,17.210390090942383,1902736.0
2018-12-21,17.210388498375213,17.41486784170306,17.074068069458008,17.074068069458008,1700479.0
2018-12-24,17.142227172851562,17.278547592933226,17.074066962810733,17.142227172851562,1062670.0
2018-12-26,17.17631063058351,17.789750017379763,17.07406964941074,17.210390090942383,2559792.0
2018-12-27,17.312628431411984,17.34670918917979,16.39246877244888,16.665109634399414,7594260.0
2018-12-28,16.767349585905688,17.27854926047569,16.767349585905688,17.17630958557129,2671562.0
2018-12-31,17.21039183287475,17.483031443484904,17.21039183287475,17.414871215820312,922842.0
2019-01-01,17.551189492625152,17.551189492625152,17.27854991585612,17.448949813842773,380029.0
2019-01-02,17.517111866810364,17.68751178263518,17.448951640470803,17.551191329956055,692721.0
2019-01-03,17.517110033047043,17.653429171407534,17.3807895946385,17.448949813842773,738031.0
2019-01-04,17.380786895751953,17.517107312992678,17.31262668713159,17.380786895751953,315306.0
2019-01-07,17.483026558658572,17.585266221565192,17.108147361318355,17.380786895751953,1851530.0
2019-01-08,17.448951979676714,17.483031443484904,17.24447129668294,17.414871215820312,534193.0
2019-01-09,17.414869526849106,17.517110508454316,17.039990261123624,17.108150482177734,2485015.0
2019-01-10,17.14222754018211,17.448947841914443,16.835508538497677,16.903667449951172,1985789.0
2019-01-11,17.039990968121245,17.380790787483672,16.971830744239135,17.27855110168457,2021000.0
2019-01-14,17.24446915622996,17.517110033047043,17.24446915622996,17.448949813842773,946243.0
2019-01-15,17.448952761227865,17.585271922614673,17.414871995844962,17.4830322265625,476010.0
2019-01-16,17.448952761227865,17.551192457280038,17.448952761227865,17.4830322265625,269942.0
2019-01-17,17.585270793101742,17.68751178263518,17.448951640470803,17.551191329956055,722620.0
2019-01-18,17.58527015908187,17.619350921046998,17.244470339719445,17.27855110168457,309014.0
2019-01-21,17.380788673897342,17.65342823622339,17.380788673897342,17.585268020629883,553394.0
2019-01-22,17.51710910508436,17.687508994044133,17.483028347263613,17.585268020629883,437422.0
2019-01-23,17.585268020629883,17.65342823622339,17.585268020629883,17.585268020629883,244484.0
2019-01-24,17.585268020629883,17.65342823622339,17.585268020629883,17.585268020629883,150205.0
2019-01-25,17.585268020629883,17.7215884518169,17.585268020629883,17.585268020629883,311349.0
2019-01-28,17.687508740617886,17.72158819790236,17.58526776866854,17.619348526000977,483879.0
2019-01-29,17.65342804691352,17.65342804691352,17.448948702373748,17.517108917236328,509902.0
2019-01-30,17.51711036114985,17.58526928158272,17.142229798528717,17.31262969970703,1008114.0
2019-01-31,17.483029567138892,17.483029567138892,15.98351121969301,16.49471092224121,3532394.0
2019-02-01,16.631028440732084,17.142228093418815,16.562868227030933,17.005908966064453,903485.0
2019-02-04,17.005907698411736,17.517107312992678,16.869587281171015,17.380786895751953,849619.0
2019-02-05,17.517107312992678,17.517107312992678,17.346707441465696,17.380786895751953,884764.0
2019-02-06,17.278547232845334,17.483026558658572,17.278547232845334,17.380786895751953,644612.0
2019-02-07,17.44894888949085,17.65342823622339,17.380788673897342,17.585268020629883,512077.0
2019-02-08,17.380788487511172,17.721588261776095,17.380788487511172,17.517108917236328,292484.0
2019-02-11,17.65343215333221,18.062392237589165,17.346713065175695,17.4830322265625,1503188.0
2019-02-12,17.448952761227865,17.619352687997576,17.38079253051033,17.4830322265625,373541.0
2019-02-14,17.619351898814088,17.687512126478676,17.380791752012122,17.414871215820312,733805.0
2019-02-15,17.55118989472342,17.619350115489244,17.039990189051863,17.210390090942383,1495467.0
2019-02-18,17.46401499008821,18.261127971292176,17.319084854539778,17.971267700195312,1771179.0
2019-02-19,17.89880780601899,18.261131839483696,17.536483772554288,17.753877639770508,658147.0
2019-02-20,17.681411228406738,18.442292470818604,17.681411228406738,18.18866539001465,847008.0
2019-02-21,18.007499936551756,18.116196841167532,17.790104745164065,17.86256980895996,493551.0
2019-02-22,17.86257442805449,17.898807660400077,17.608947330261326,17.7176456451416,1091997.0
2019-02-25,17.7901060215345,17.826339247110102,17.391550215296448,17.42778205871582,2974028.0
2019-02-26,17.31908494309814,17.5364801475324,16.99299420968106,17.174156188964844,1787055.0
2019-02-27,17.21038719823179,17.427781009978574,17.029225227724087,17.1016902923584,1204092.0
2019-02-28,17.101691797969885,17.500247615312727,15.833557892771044,16.30457878112793,5552095.0
2019-03-01,16.485742869095347,17.464017997099326,16.485742869095347,17.282855987548828,6206826.0
2019-03-05,17.355318220982554,17.53648020081679,17.246619927357035,17.391550064086914,925988.0
2019-03-06,17.536479117232023,17.68140786285049,17.319083925570126,17.464014053344727,908086.0
2019-03-07,17.50024840089586,19.855354330556857,17.35531963451821,17.898805618286133,24384506.0
2019-03-08,18.116196841167532,18.297358809579208,17.210386999109158,17.86256980895996,4041805.0
2019-03-11,17.826339979761933,18.00750196861692,17.572712918933696,17.68140983581543,1022334.0
2019-03-12,17.790106601747013,17.935036744463776,17.608944614429195,17.645177841186523,1099210.0
2019-03-13,17.681408702451574,17.862570679694226,17.500246725208925,17.536479949951172,596893.0
2019-03-14,17.681411872392452,17.681411872392452,17.46401801358917,17.5002498626709,617370.0
2019-03-15,17.82634257786539,18.079969675658557,17.608947330261326,17.7176456451416,1566525.0
2019-03-18,17.681409007788673,17.826339144948047,17.572712095997254,17.608943939208984,500839.0
2019-03-19,17.790106601747013,17.790106601747013,17.608944614429195,17.645177841186523,517621.0
2019-03-20,17.68140910912014,17.68140910912014,17.391550215296448,17.42778205871582,853919.0
2019-03-22,17.42778175503407,17.500246822766332,17.31908484451377,17.355318069458008,660831.0
2019-03-25,17.355321084187523,17.681411872392452,17.246622772629433,17.5002498626709,881103.0
2019-03-26,17.68141200432437,17.68141200432437,17.246622901317117,17.319087982177734,572916.0
2019-03-27,17.319084995721973,17.57271204392115,17.319084995721973,17.391550064086914,835743.0
2019-03-28,17.464014053344727,17.60894279896319,17.24661886168283,17.464014053344727,2109576.0
2019-04-01,17.57271204392115,17.57271204392115,17.065457947522795,17.391550064086914,3112328.0
2019-04-02,17.355318371877072,17.500247127710804,17.28285330288209,17.42778205871582,1424774.0
2019-04-03,17.500246975556212,17.53648020081679,17.319084995721973,17.391550064086914,1403842.0
2019-04-04,17.391550215296448,17.68140910912014,17.319085146301465,17.42778205871582,1454561.0
2019-04-05,17.427784782350987,17.57271494299081,17.427784782350987,17.5002498626709,727227.0
2019-04-08,17.608946792072544,17.608946792072544,17.5002498626709,17.5002498626709,726027.0
2019-04-09,17.5002498626709,17.536483093909077,17.5002498626709,17.5002498626709,864345.0
2019-04-10,17.5002498626709,17.536483093909077,17.5002498626709,17.5002498626709,521597.0
2019-04-11,17.5002498626709,17.536483093909077,17.5002498626709,17.5002498626709,690367.0
2019-04-12,17.536479949951172,17.753873769779876,17.39154981529457,17.536479949951172,1826777.0
2019-04-15,17.681410774581536,17.790107697234358,17.500248776108045,17.57271385192871,604110.0
2019-04-16,17.53648092522709,17.862571673105393,17.46401585386871,17.645177841186523,1304306.0
2019-04-18,17.93503689664367,17.93503689664367,17.536481074025215,17.68140983581543,712197.0
2019-04-22,17.7176430628802,17.75387490778868,17.608944763842178,17.68140983581543,567176.0
2019-04-23,17.64517892774938,17.681410774581536,17.53648200509656,17.57271385192871,664070.0
2019-04-24,17.57271385192871,17.71764400357005,17.427783700287375,17.57271385192871,1858385.0
2019-04-25,17.645176297751057,17.645176297751057,16.630669533942136,16.920528411865234,3822348.0
2019-04-26,17.065457703395317,17.681408702451574,17.065457703395317,17.536479949951172,1243664.0
2019-04-30,17.572712196705783,17.572712196705783,17.28285330288209,17.42778205871582,605536.0
2019-05-02,17.53648020081679,17.53648020081679,17.319084995721973,17.391550064086914,1314449.0
2019-05-03,17.39155078251033,17.790106601747013,17.39155078251033,17.645177841186523,1453384.0
2019-05-06,17.57271507411167,17.57271507411167,17.282856132825653,17.319087982177734,461013.0
2019-05-07,17.391550064086914,17.60894388702551,17.319084995721973,17.391550064086914,658150.0
2019-05-08,17.391550064086914,17.464015132451852,17.282853152617612,17.391550064086914,823777.0
2019-05-09,17.464015284291428,17.500247127710804,17.355318371877072,17.42778205871582,445243.0
2019-05-10,17.391550064086914,17.464015132451852,17.391550064086914,17.391550064086914,348735.0
2019-05-13,17.391550064086914,17.427781907191275,17.355318220982554,17.391550064086914,611165.0
2019-05-14,17.319084995721973,17.500246975556212,17.246619927357035,17.391550064086914,488134.0
2019-05-15,17.319084995721973,17.427781907191275,17.319084995721973,17.391550064086914,487748.0
2019-05-16,17.39154981529457,17.717641927193824,17.21038783805192,17.536479949951172,1327850.0
2019-05-17,17.645177265700767,17.645177265700767,17.28285330288209,17.42778205871582,710228.0
2019-05-20,17.53648025278552,17.717642233156628,17.53648025278552,17.608943939208984,572542.0
2019-05-21,17.681409007788673,17.681409007788673,17.572712095997254,17.608943939208984,404035.0
2019-05-22,17.57271095809761,17.60894279896319,17.355317148591844,17.464014053344727,577259.0
2019-05-23,17.60894404012516,17.60894404012516,17.391550215296448,17.42778205871582,562790.0
2019-05-24,17.464015284291428,17.536480353286407,17.391550215296448,17.42778205871582,419582.0
2019-05-27,17.464015184205834,17.681409007788673,17.391550115626146,17.608943939208984,533656.0
2019-05-28,18.47852407427841,19.38433407791951,18.188665149544537,18.550989151000977,2029134.0
2019-05-29,18.550989272421784,18.80461635153262,18.261130345790708,18.369827270507812,748187.0
2019-05-30,19.78288717006777,20.000282369943132,18.36982459058075,18.514753341674805,8260418.0
2019-05-31,18.695918194084463,18.695918194084463,18.261130491741046,18.40605926513672,1462935.0
2019-06-03,18.55098650786688,18.55098650786688,18.188662558034153,18.297359466552734,729720.0
2019-06-04,18.297362339550865,18.55098942068879,18.297362339550865,18.40605926513672,913385.0
2019-06-06,18.7683782917319,18.949540247023048,18.333589322601934,18.478519439697266,2595807.0
2019-06-07,18.58721633644075,18.6234495567926,18.369822542953784,18.478519439697266,832894.0
2019-06-10,18.550987604279765,18.587219448541962,18.15243040661426,18.224895477294922,573287.0
2019-06-11,18.261125564575195,18.442287519056475,18.04373038990405,18.261125564575195,571581.0
2019-06-12,18.22489723777676,18.297362315457374,18.152432160096144,18.18866539001465,439674.0
2019-06-13,18.11620330810547,18.261133487432964,18.04373821844172,18.11620330810547,580014.0
2019-06-14,18.116201255776897,18.188666337231297,18.043736174322493,18.07996940612793,288252.0
2019-06-17,18.07996677883602,18.152430467603885,17.790106495139486,17.826339721679688,429095.0
2019-06-18,17.82633796814008,18.043731777371637,17.753872904344185,17.86256980895996,389221.0
2019-06-19,18.007502954877143,18.297361876489266,17.60894572827366,17.79010772705078,709376.0
2019-06-20,17.68141080421578,17.826340956100022,17.6451789573229,17.79010772705078,515705.0
2019-06-21,17.86256980895996,18.261126968759328,17.681407840548285,17.86256980895996,737050.0
2019-06-24,17.862571610122714,18.152430512377933,17.862571610122714,18.043733596801758,616819.0
2019-06-25,18.1524313049861,18.1524313049861,17.753875469752156,17.898805618286133,546876.0
2019-06-26,18.04373456661868,18.29736163803258,18.04373456661868,18.15243148803711,1969871.0
2019-06-27,18.188663694144086,18.514754440068284,17.60894450890729,17.826339721679688,4200629.0
2019-06-28,17.898804836752284,18.152430512377933,17.862571610122714,18.043733596801758,1119428.0
2019-07-01,18.224897901557117,18.261131132795295,17.391552933269256,17.5002498626709,1636383.0
2019-07-02,17.536483629883126,17.790109345519802,17.464018547348438,17.7176456451416,1606162.0
2019-07-03,17.753874757145958,17.82633982850434,17.572712769828144,17.645177841186523,973050.0
2019-07-04,17.645177735447486,17.935036636987753,17.60894450890729,17.826339721679688,628719.0
2019-07-05,17.935034872755857,18.007499936551756,17.681407840548285,17.86256980895996,2061271.0
2019-07-08,17.753873769779876,17.862570679694226,17.427781657880622,17.536479949951172,640991.0
2019-07-09,17.645179924175917,18.76838382527655,17.464017915472173,18.623455047607422,4381628.0
2019-07-10,18.623451142685198,18.913310019402964,17.935035101093884,18.80461311340332,2774234.0
2019-07-11,19.094472937468904,19.456796896881386,18.623452066663926,19.311866760253906,2012610.0
2019-07-12,19.16694165911205,19.96405341602862,18.623455616401763,19.493032455444336,10980842.0
2019-07-15,19.094475882713837,19.239404659539773,18.659686787923178,19.022010803222656,1184082.0
2019-07-16,19.058241830087695,19.16694013571555,18.80461613603969,18.94954490661621,444464.0
2019-07-17,19.022006080642107,19.022006080642107,18.62345031562442,18.732147216796875,399476.0
2019-07-18,18.804616501826715,18.804616501826715,18.152432183998794,18.40605926513672,522609.0
2019-07-19,18.369823873375104,18.514752618810768,17.82633796814008,17.86256980895996,1277232.0
2019-07-22,17.935039510589178,18.152433376036754,17.645180562606914,17.7176456451416,527780.0
2019-07-23,17.790107315807486,18.043734384663782,17.717643623696826,17.898805618286133,376360.0
2019-07-24,17.753875880157903,17.898806032042142,17.6451789573229,17.79010772705078,538662.0
2019-07-25,17.79010586685975,17.89880416048527,17.101691172783376,17.391550064086914,3353846.0
2019-07-26,17.391550215296448,17.536480353286407,17.355318371877072,17.42778205871582,1291464.0
2019-07-29,17.500246975556212,17.500246975556212,17.065457947522795,17.391550064086914,3214669.0
2019-07-30,17.391550215296448,17.753874178115122,17.355318371877072,17.42778205871582,3504839.0
2019-07-31,17.355318833907223,17.935036636987753,17.210388692058956,17.826339721679688,5042168.0
2019-08-01,17.82634272289475,18.152433523719083,17.645180706162396,17.753877639770508,1778433.0
2019-08-02,17.681408702451574,17.790105612365927,17.28285290538022,17.536479949951172,3568681.0
2019-08-05,17.391550215296448,17.60894404012516,17.28285330288209,17.42778205871582,2580072.0
2019-08-06,17.391548989457426,17.60894279896319,17.282852084704544,17.464014053344727,1720619.0
2019-08-07,17.536481074025215,18.079967040590173,17.42778277498719,17.68140983581543,2251899.0
2019-08-08,17.681412412796014,17.935039510589178,17.608947330261326,17.7176456451416,732692.0
2019-08-09,17.826339144948047,17.971267899951197,17.355318272414415,17.608943939208984,2050584.0
2019-08-13,18.00750196861692,18.043733813525403,17.608944763842178,17.68140983581543,1285223.0
2019-08-14,17.82634272289475,17.97127150698673,17.68141255664627,17.753877639770508,646484.0
2019-08-16,17.935037848875695,17.935037848875695,17.46401692927589,17.57271385192871,1043997.0
2019-08-19,17.57271385192871,17.753875850402203,17.46401692927589,17.57271385192871,929003.0
2019-08-20,17.68140983581543,17.826339979761933,17.572712918933696,17.68140983581543,1050186.0
2019-08-21,17.82633982850434,17.82633982850434,17.39155078251033,17.645177841186523,2109335.0
2019-08-22,17.645176859865526,17.681408702451574,17.427781657880622,17.536479949951172,1738843.0
2019-08-23,17.536483093909077,17.681411872392452,17.355321084187523,17.5002498626709,2162193.0
2019-08-26,17.753873769779876,17.826338837108175,17.427781657880622,17.536479949951172,1555186.0
2019-08-27,17.53648025278552,17.898804213527733,17.464015184205834,17.608943939208984,3193722.0
2019-08-28,17.68140786285049,17.753872926737788,17.42778083032301,17.464014053344727,2282692.0
2019-08-29,17.464015132451852,17.681408955390452,17.210388084252674,17.391550064086914,9371784.0
2019-08-30,17.46401574921529,17.89880479260382,17.46401574921529,17.826339721679688,2015352.0
2019-09-03,17.971267899951197,18.007501125319152,17.608943939208984,17.608943939208984,520761.0
2019-09-04,17.608943635123275,17.717641927193824,17.427781657880622,17.536479949951172,1008093.0
2019-09-05,17.572711900671433,18.07996599293474,17.536480057862427,17.971267700195312,1012138.0
2019-09-06,17.971270037003247,18.478524195224917,17.7176443400488,18.369827270507812,1838423.0
2019-09-09,18.261125564575195,18.406054298866604,18.18866050635148,18.261125564575195,732194.0
2019-09-11,18.406058443069814,18.44229167141775,18.26112967614707,18.333593368530273,834390.0
2019-09-12,18.333593920833284,19.022010076463072,18.297362073550193,18.550989151000977,2819057.0
2019-09-13,18.732150097492614,18.949543933269105,18.587219952204087,18.84084701538086,3486962.0
2019-09-16,18.732150097492614,18.985777160669386,18.65968502484835,18.84084701538086,1480102.0
2019-09-17,18.84084701538086,18.985777160669386,18.732150097492614,18.84084701538086,1317415.0
2019-09-18,18.84084701538086,18.949543933269105,18.695916870092333,18.84084701538086,757216.0
2019-09-19,19.06381401170141,19.06381401170141,18.432069394812306,18.655038833618164,693081.0
2019-09-20,18.766523615519205,19.69555943806966,18.655039600332383,19.50975227355957,3173779.0
2019-09-23,19.621239129228623,19.76988544939405,19.026656683759658,19.32394790649414,2583676.0
2019-09-24,19.323944699555536,19.4354287123799,18.20910173611964,18.35774803161621,2737684.0
2019-09-25,18.357746482042096,18.39490734398143,18.060453916143363,18.09761619567871,945744.0
2019-09-26,18.171941763713686,18.43207066721694,18.060456327816627,18.209102630615234,1088718.0
2019-09-27,18.283425782014536,18.39490980031539,18.171941763713686,18.209102630615234,718223.0
2019-09-30,18.320585620159747,18.39490876738558,17.91181043681185,18.02329444885254,2387949.0
2019-10-01,17.986135492100114,18.246264408592168,17.837489181879278,18.060457229614258,1035203.0
2019-10-03,18.171939178662548,18.171939178662548,17.726001751299812,17.76316261291504,1118380.0
2019-10-04,17.87464609661606,17.9118083747488,17.651678098203455,17.688838958740234,1881526.0
2019-10-07,17.83748816766956,17.911811318554086,17.65168099925633,17.80032730102539,754831.0
2019-10-09,17.83748437441263,18.060452362054427,17.726000380591728,17.874645233154297,736606.0
2019-10-10,17.837488174438477,17.986134476263942,17.800327307780208,17.837488174438477,507944.0
2019-10-11,17.83748816766956,17.911811318554086,17.763165016785027,17.80032730102539,632769.0
2019-10-14,17.763164142360186,18.246262472933914,17.72600327754533,18.02329444885254,2139555.0
2019-10-15,17.948969586678032,18.5435532900786,17.948969586678032,18.43206787109375,1068754.0
2019-10-16,18.469231027649357,18.543554171305914,18.134777589992883,18.246261596679688,753586.0
2019-10-17,18.24626439914546,18.3205875542174,17.94897319645398,17.986135482788086,906979.0
2019-10-18,18.06045703155971,19.175300093201574,18.02329616321015,19.06381607055664,5806433.0
2019-10-22,19.17529987331867,19.21246215883835,18.24626399927036,18.28342628479004,1614588.0
2019-10-23,18.357750930810816,18.58071899167234,18.283427771324856,18.54355812072754,618246.0
2019-10-24,18.54355379399977,18.580714656273905,18.283423505292728,18.46923065185547,964876.0
2019-10-25,18.357748550515165,18.580716582466287,18.357748550515165,18.506393432617188,301168.0
2019-10-27,18.580717592345064,18.766524768268514,18.506394438456432,18.692201614379883,149785.0
2019-10-29,18.580714656273905,18.580714656273905,18.432068371985302,18.46923065185547,755328.0
2019-10-30,18.580714656273905,18.580714656273905,18.394907509711167,18.46923065185547,1206426.0
2019-10-31,18.580716970015544,18.580716970015544,18.060456327816627,18.209102630615234,2080475.0
2019-11-01,18.35774803161621,18.469232044440574,18.171940871043564,18.35774803161621,720464.0
2019-11-04,18.580716970015544,18.580716970015544,18.171941763713686,18.209102630615234,3820653.0
2019-11-05,18.209102630615234,18.80368500661725,18.09761861231438,18.209102630615234,3328210.0
2019-11-06,18.209102630615234,18.320586648916088,18.09761861231438,18.209102630615234,1705368.0
2019-11-07,18.283425782014536,18.506393818616242,18.171941763713686,18.209102630615234,2746741.0
2019-11-08,18.283425782014536,18.320586648916088,18.171941763713686,18.209102630615234,1294274.0
2019-11-11,18.209102630615234,18.506393818616242,18.134779479215933,18.209102630615234,1730718.0
2019-11-13,18.952329335022885,19.02665247867944,18.171939870619187,18.246261596679688,5579424.0
2019-11-14,18.357747020962552,18.43206874702305,18.20910073364944,18.246261596679688,1246942.0
2019-11-15,18.320586648916088,18.469232951714694,18.134779479215933,18.209102630615234,2362237.0
2019-11-18,18.20910073364944,18.3949078839928,18.171939870619187,18.246261596679688,8628408.0
2019-11-19,18.20910073364944,18.357747020962552,18.20910073364944,18.246261596679688,688549.0
2019-11-20,18.35774944373394,18.39491031166851,18.209103136803172,18.320587158203125,1308128.0
2019-11-21,18.320587158203125,18.54355661859928,18.246264004737743,18.320587158203125,1006722.0
2019-11-22,18.35774944373394,18.39491031166851,18.283426290268554,18.320587158203125,506781.0
2019-11-25,18.35774614856517,18.43206787109375,18.2834230084406,18.43206787109375,1779296.0
2019-11-26,18.469232044440574,18.54355519218886,18.320585748944,18.35774803161621,565474.0
2019-11-27,18.432067858920412,18.432067858920412,18.357746136440916,18.394906997680664,381696.0
2019-11-28,18.543556613042814,18.543556613042814,18.24626399927036,18.28342628479004,773523.0
2019-11-29,18.320585748944,18.432069761768364,18.283424883867927,18.35774803161621,495714.0
2019-12-02,18.320585748944,18.469232044440574,18.283424883867927,18.35774803161621,461094.0
2019-12-03,18.394907509711167,18.580714656273905,18.35774664743703,18.46923065185547,3553040.0
2019-12-04,18.46923065185547,18.54355379399977,18.394907509711167,18.46923065185547,1031923.0
2019-12-05,18.46923014995403,18.50639101121832,18.39490700982946,18.43206787109375,333481.0
2019-12-06,18.46923014995403,18.5435532900786,18.39490700982946,18.43206787109375,1164292.0
2019-12-09,18.432069761768364,18.506392909516652,18.283424883867927,18.35774803161621,347550.0
2019-12-10,18.357747020962552,18.3949078839928,18.246261596679688,18.246261596679688,471483.0
2019-12-11,18.24626399927036,18.432071174080022,18.17194226342349,18.28342628479004,580444.0
2019-12-12,18.432070282768088,18.543555716339828,18.246263116943425,18.506393432617188,3153057.0
2019-12-13,18.506393432617188,18.580716582466287,18.357748550515165,18.506393432617188,482461.0
2019-12-16,18.469230137756146,18.54355327783163,18.357746136440916,18.394906997680664,420349.0
2019-12-17,18.432072672700418,18.58071899167234,18.357750930810816,18.54355812072754,1007403.0
2019-12-18,18.50639101121832,18.58071415134289,18.39490700982946,18.43206787109375,1190667.0
2019-12-19,18.432068371985302,18.506391514129604,18.432068371985302,18.46923065185547,335908.0
2019-12-20,18.46923219344774,19.28678399008252,18.46923219344774,18.80368423461914,1183102.0
2019-12-23,18.952330378410235,19.026653526158523,18.320585748944,18.35774803161621,1775423.0
2019-12-24,18.39490991592407,18.840847409526322,18.39490991592407,18.580717086791992,758497.0
2019-12-26,18.61787986261714,18.655042151158302,18.46923496124158,18.54355812072754,254370.0
2019-12-27,18.58071899167234,18.655042151158302,18.506395832186378,18.54355812072754,325508.0
2019-12-30,18.580715687349546,18.729361979886782,18.543554823013288,18.655038833618164,465451.0
2019-12-31,18.69220309754649,19.063817478879805,18.617879937760556,18.915172576904297,675788.0
2020-01-01,19.0266556991746,19.249623750288293,18.80368623046461,19.138139724731445,475381.0
2020-01-02,19.17529676040258,19.323943043157584,18.87800561248859,19.100975036621094,1903408.0
2020-01-03,19.100974174773146,19.32394217124918,18.989488758939178,19.286781311035156,1220886.0
2020-01-06,19.17530109414432,19.398270568669364,19.13814022385498,19.249624252319336,1178125.0
2020-01-07,19.249621451251603,19.47259089333172,19.249621451251603,19.39826774597168,670252.0
2020-01-08,19.323946906524956,19.323946906524956,19.063816568494783,19.138139724731445,1276126.0
2020-01-09,19.32394790649414,19.658401418068163,19.212463875168254,19.32394790649414,716153.0
2020-01-10,19.32394600497214,19.509753178096872,19.32394600497214,19.361106872558594,439523.0
2020-01-13,19.39826774597168,19.584074905573715,19.361105463493598,19.39826774597168,787370.0
2020-01-14,19.435428619384766,19.62123577906836,19.398267754486497,19.435428619384766,1364884.0
2020-01-15,19.435430025327733,19.509753178096872,19.286785137385685,19.361106872558594,1131552.0
2020-01-16,19.546913139423122,19.621236288746392,19.32394510904948,19.50975227355957,1418656.0
2020-01-17,19.472590901879162,19.584074914170092,19.361105471992104,19.435428619384766,707228.0
2020-01-20,19.584072829050534,20.327301388653243,18.87800513038957,20.104331970214844,6997443.0
2020-01-21,20.104332821777092,20.215818244516488,19.472589653432735,19.84420394897461,1177597.0
2020-01-22,19.992851010803097,19.992851010803097,19.100977454179148,19.212461471557617,1792943.0
2020-01-23,19.323942870974378,19.6212340162394,18.35774629446406,18.729360580444336,7463286.0
2020-01-24,19.13813782516414,19.546913017498113,18.95233066181303,19.1752986907959,2436279.0
2020-01-27,19.063815679078267,19.546914045683327,19.063815679078267,19.361106872558594,1122885.0
2020-01-28,19.323945488936086,19.509752657098932,19.13813832077324,19.212461471557617,700114.0
2020-01-29,19.323944988515247,19.472591286234596,19.13813782516414,19.1752986907959,1084084.0
2020-01-30,19.28678218126684,19.361103905048328,18.95232875386609,19.100975036621094,925995.0
2020-01-31,19.24962221570033,19.24962221570033,18.580716698088384,18.84084701538086,2369118.0
2020-02-03,18.840845636881877,19.1009759351418,18.655038483495655,18.989490509033203,1674001.0
2020-02-04,19.138139724731445,19.323946906524956,18.98949341225812,19.138139724731445,977433.0
2020-02-05,19.212460974023813,19.286784122883486,19.13813782516414,19.1752986907959,752483.0
2020-02-06,19.286784622341994,19.286784622341994,19.13813832077324,19.212461471557617,995149.0
2020-02-07,19.286785137385685,19.509753178096872,18.989492526309128,19.361106872558594,2708146.0
2020-02-10,19.39826851632351,19.509752532992803,18.655039848399973,18.84084701538086,5969532.0
2020-02-11,19.249621168574908,19.249621168574908,18.506392541080924,18.655038833618164,3604129.0
2020-02-12,18.766522482329723,19.063813644075136,18.506392184203957,18.952329635620117,2590911.0
2020-02-13,19.02665660778502,19.546915891093843,18.655042226451705,18.915172576904297,4667469.0
2020-02-14,18.98949230206623,19.212461757740645,18.58071709305745,18.617877960205078,2985610.0
2020-02-17,18.729363390524814,19.026654580394244,18.357749048788975,18.580717086791992,3396468.0
2020-02-18,18.729362998711565,19.10097733267333,18.3949095311075,18.84084701538086,4423355.0
2020-02-19,18.989490509033203,19.1009759351418,18.72936162836936,18.989490509033203,1843258.0
2020-02-20,18.952332047911707,19.323946401792327,18.915171179562147,19.06381607055664,2990796.0
2020-02-24,19.249623750288293,19.323946906524956,19.063816568494783,19.138139724731445,4501979.0
2020-02-25,19.098352432250977,19.257505976306675,18.740257717025997,19.098352432250977,4730564.0
2020-02-26,19.098345950538025,19.138133564148248,18.81982810186598,18.859617233276367,1654943.0
2020-02-27,18.899409212964645,18.899409212964645,18.302585764134182,18.700468063354492,2037623.0
2020-02-28,18.2627992750576,18.859622760937906,18.02406897002511,18.421951293945312,4536955.0
2020-03-02,18.501527639535755,18.660681172587477,17.98428093381853,18.10364532470703,1707975.0
2020-03-03,18.06385386788978,18.780041579073902,18.024064734168284,18.581100463867188,2392348.0
2020-03-04,18.819831396918744,18.899408155871978,18.183220360893756,18.50152587890625,1672334.0
2020-03-05,18.421949655553963,18.581103178087666,18.302585272553923,18.34237289428711,767081.0
2020-03-06,18.02406801691767,18.34237355566181,17.864916006445867,18.262798309326172,1575305.0
2020-03-09,18.10364358034222,18.14343120087115,16.909996750869105,17.148725509643555,5840082.0
2020-03-11,17.38745611960723,17.66597402205137,17.069150595871264,17.108938217163086,4046939.0
2020-03-12,16.711058788070726,17.268094688126705,15.91529408387688,16.074447631835938,5902038.0
2020-03-13,15.517409416984023,16.7906330573223,13.726939099639713,16.551902770996094,4821913.0
2020-03-16,16.07444270762295,16.233594689026983,15.159312363898673,15.358253479003906,3812521.0
2020-03-17,15.59698599913893,15.756138003719652,15.199103710986408,15.31846809387207,2150349.0
2020-03-18,15.477621459390976,18.382161829907407,15.03995003617862,17.108938217163086,9513498.0
2020-03-19,15.795929234494608,16.074447176635452,15.318470121938972,15.716352462768555,1535732.0
2020-03-20,15.676562576361972,16.7508435275265,15.557196677076616,16.273386001586914,2247530.0
2020-03-23,15.199101807998028,15.596984046334102,14.363548196812104,14.681855201721191,2270901.0
2020-03-24,14.841008283242905,15.835713952599672,14.323761638737464,15.039949417114258,1008073.0
2020-03-25,15.03995018860521,15.51740923794833,14.960373427414611,15.31846809387207,873245.0
2020-03-26,15.318468192429698,15.875504006547336,14.602280372707368,14.841009140014648,3449930.0
2020-03-27,15.756137759806018,16.631479083750897,15.47762137665122,16.233596801757812,4876268.0
2020-03-30,15.915289728126439,16.3131719713296,15.596984237123971,16.19380760192871,1858512.0
2020-03-31,15.955081493437714,16.711058559187922,15.955081493437714,16.512117385864258,1042443.0
2020-04-01,16.671268673059444,16.711056295213563,16.313174002470383,16.551902770996094,358458.0
2020-04-03,16.711058559187922,16.949787360056042,16.313176212540593,16.512117385864258,2259279.0
2020-04-07,16.989573655102244,16.989573655102244,16.27338585485025,16.711055755615234,1701755.0
2020-04-08,16.711058067804107,17.06915277637731,16.51211690033025,17.02936363220215,1068249.0
2020-04-09,17.228306153671394,17.506824113584024,17.108941747366202,17.188518524169922,905553.0
2020-04-13,17.307880675738833,17.42724506649416,16.79063397059871,17.228303909301758,459969.0
2020-04-15,17.228307215993137,18.85962592875607,17.228307215993137,17.785343170166016,3278609.0
2020-04-16,17.825127866382047,17.825127866382047,17.506822309764633,17.58639907836914,635751.0
2020-04-17,17.825127808856674,18.063858113899766,17.30788109129756,17.54660987854004,1179594.0
2020-04-20,17.70576209596542,17.78533885838379,17.347667423982994,17.427244186401367,758136.0
2020-04-21,17.148725320191094,17.268091216060043,16.711055428006333,16.750843048095703,1176606.0
2020-04-22,16.750846409137512,17.467035856852295,16.5916943790459,17.30788230895996,948810.0
2020-04-23,17.387455384151856,17.626184137405954,16.75084284580693,16.870208740234375,1112030.0
2020-04-24,16.83042067947642,16.949785063739274,16.43253838673324,16.551902770996094,1787823.0
2020-04-27,16.7110563555188,16.790633117914705,16.55190283072699,16.591691970825195,1229677.0
2020-04-28,16.631478996076027,16.750843376484617,16.591691375206643,16.711055755615234,530075.0
2020-04-29,16.75084468201264,16.989574979236437,16.711057058042286,16.830421447753906,521776.0
2020-04-30,16.949785837465523,17.069151744977706,16.75084468201264,16.830421447753906,1271729.0
2020-05-04,16.711054172887174,16.830418541990593,16.512113051781373,16.671266555786133,1828553.0
2020-05-05,16.7508439778165,16.870209880310608,16.55190283072699,16.591691970825195,575147.0
2020-05-06,16.67126813474585,16.790632515154442,16.512114615667436,16.711055755615234,667378.0
2020-05-07,16.711054172887174,16.75084178998821,16.55190066888241,16.671266555786133,278371.0
2020-05-08,16.71105556953244,16.750843189958776,16.233596535414286,16.313173294067383,926013.0
2020-05-11,16.5916917375725,16.631479359310852,16.07444506597154,16.154020309448242,1041422.0
2020-05-12,16.193809676646175,17.18851541209372,15.994868529556665,16.591691970825195,1321612.0
2020-05-13,16.830420314718943,17.307879359223122,16.67126831175119,17.108938217163086,3085982.0
2020-05-14,16.87021058952482,17.02936260320679,16.75084468201264,16.830421447753906,750888.0
2020-05-15,16.790632247924805,16.830419868160952,16.671267869415946,16.790632247924805,371758.0
2020-05-18,16.790635618771912,16.830423246995725,16.392753265330875,16.432540893554688,689132.0
2020-05-19,16.67126934036988,16.67126934036988,16.392751420741156,16.472328186035156,458995.0
2020-05-20,16.591694158753864,16.591694158753864,16.3927529854302,16.512117385864258,311003.0
2020-05-21,16.512115148841975,16.63147953310483,16.472327526687852,16.551902770996094,234277.0
2020-05-22,16.55190501340871,16.55190501340871,16.233599439650988,16.512117385864258,498954.0
2020-05-26,16.671268673059444,16.671268673059444,16.472327526687852,16.551902770996094,276362.0
2020-05-27,16.591693544582654,16.671270314526584,16.47232914856708,16.631481170654297,289633.0
2020-05-28,16.631478996076027,16.830420136023825,16.631478996076027,16.711055755615234,544283.0
2020-05-29,16.830419806074865,16.909996564054026,16.711055428006333,16.750843048095703,442716.0
2020-06-01,16.870212328957123,17.62618788694391,16.870212328957123,17.30788230895996,1104815.0
2020-06-02,17.705764660890075,17.785341434836244,17.188517906941073,17.30788230895996,977525.0
2020-06-03,17.427244632317073,17.467033773444605,16.83042117560895,16.909997940063477,3959118.0
2020-06-04,16.989573655102244,16.989573655102244,16.67126813474585,16.711055755615234,3106124.0
2020-06-05,16.87021058952482,17.02936260320679,16.711057058042286,16.830421447753906,3119631.0
2020-06-08,16.909996895563037,17.029361275971628,16.631478996076027,16.711055755615234,3726220.0
2020-06-09,16.750843109888237,16.870209006197516,16.711055489652093,16.790632247924805,1178089.0
2020-06-10,16.87020913034017,17.188514647972916,16.750843233152516,17.148725509643555,2486976.0
2020-06-11,17.228305138261756,17.347669537531793,16.790635168338056,16.98957633972168,1524577.0
2020-06-12,16.711055489652093,16.909996626433664,16.631478731379378,16.790632247924805,5204041.0
2020-06-15,16.909996564054026,16.909996564054026,16.711055428006333,16.750843048095703,926546.0
2020-06-16,16.870209274693654,17.14872565638022,16.67126813474585,16.711055755615234,1364862.0
2020-06-17,16.631477420884792,16.790630924889552,16.59168980378375,16.671266555786133,1268300.0
2020-06-18,16.711057058042286,16.90999821349517,16.671269434071935,16.830421447753906,674899.0
2020-06-19,16.98957633972168,17.029363966878133,16.830422795494506,16.98957633972168,884148.0
2020-06-22,17.108938546740887,17.228302930716193,16.989574162765585,17.069150924682617,2262202.0
2020-06-23,17.188515168219432,18.700467561087706,17.108938406952582,18.34237289428711,6341805.0
2020-06-24,18.93919792669167,18.93919792669167,17.86491687115711,18.063858032226562,5805722.0
2020-06-25,17.944491771634283,18.461739994574987,16.949785985672282,17.228303909301758,5521093.0
2020-06-26,17.467035634424448,17.864917981287867,17.387458861491623,17.74555206298828,1861688.0
2020-06-29,17.9047020901455,18.18321998177451,17.626184198516487,17.705760955810547,1659654.0
2020-06-30,17.904701553299287,17.904701553299287,16.7906315379874,17.347665786743164,3531957.0
2020-07-01,17.347665850072797,17.70576048956619,17.22830147617512,17.387454986572266,1163095.0
2020-07-02,17.467035856852295,17.467035856852295,17.228305535013796,17.30788230895996,6328469.0
2020-07-03,17.34766748329455,17.665974534056325,17.30787986084958,17.46703338623047,1145947.0
2020-07-06,17.705763415235435,17.705763415235435,17.4272454849188,17.54660987854004,1082455.0
2020-07-07,17.665974534056325,17.705762156501297,17.387456623540025,17.46703338623047,764558.0
2020-07-08,17.546610667425263,18.024069781177115,17.3874586413751,17.864917755126953,2693558.0
2020-07-09,17.94449323641999,17.984282381786755,17.626187662489397,17.74555206298828,1649032.0
2020-07-10,17.705764211276108,18.421952123003546,17.626187439350687,17.864917755126953,2728968.0
2020-07-13,17.9047020901455,17.9047020901455,17.626184198516487,17.705760955810547,899011.0
2020-07-14,17.70576638845548,18.183225560917823,17.626189606744944,17.785343170166016,1798853.0
2020-07-15,17.785341208355042,18.421952356216238,17.70576443542222,17.74555206298828,1721762.0
2020-07-16,17.864915788432004,18.0240677969616,17.665974639419623,17.82512664794922,935684.0
2020-07-17,17.74555183833848,17.984282154114744,17.74555183833848,17.864917755126953,770033.0
2020-07-20,17.94449049328408,18.063856393336454,17.86491525031645,17.98427963256836,647735.0
2020-07-21,18.10364655310254,18.14343418016491,17.864917755126953,17.864917755126953,569112.0
2020-07-22,17.904703411114276,18.063856937444385,17.78533902526695,17.82512664794922,665181.0
2020-07-23,17.78533902526695,17.944491033796545,17.78533902526695,17.82512664794922,517568.0
2020-07-24,17.86491280579023,17.86491280579023,17.54660580627305,17.626182556152344,989961.0
2020-07-27,17.66597578996189,17.705763415235435,17.506822253266495,17.54660987854004,452673.0
2020-07-28,17.54660987854004,17.66597578996189,17.506822253266495,17.54660987854004,404403.0
2020-07-29,17.58639907836914,17.74555109777754,17.54660993516658,17.58639907836914,561464.0
2020-07-30,17.70576443542222,17.94449323641999,17.665976807856158,17.74555206298828,717842.0
2020-07-31,17.825127808856674,17.86491695193083,17.506822253266495,17.54660987854004,807089.0
2020-08-03,17.54660993516658,17.665975846973648,17.54660993516658,17.58639907836914,410454.0
2020-08-04,17.66597578996189,17.705763415235435,17.506822253266495,17.54660987854004,736720.0
2020-08-05,17.626186646887735,17.626186646887735,17.54660987854004,17.54660987854004,700596.0
2020-08-06,17.626182556152344,17.745546922071156,17.54660580627305,17.626182556152344,629206.0
2020-08-07,17.665971689992123,17.705759306031638,17.586394940112825,17.626182556152344,567693.0
2020-08-10,17.66597333606372,17.745548575557375,17.626184198516487,17.705760955810547,843634.0
2020-08-11,17.7853402409801,17.7853402409801,17.58639907836914,17.58639907836914,1491397.0
2020-08-12,17.626182556152344,17.665971689992123,17.54660580627305,17.626182556152344,741343.0
2020-08-13,17.626184525045744,17.70576128381398,17.58639690456184,17.665973663330078,457491.0
2020-08-14,17.745554020410314,18.302589974583192,17.665978756500646,17.785343170166016,3045703.0
2020-08-17,18.382162696630157,18.501527083934143,18.06385715788602,18.262798309326172,2316049.0
2020-08-18,18.501528062289477,18.581104830633638,18.2627992750576,18.421951293945312,1207936.0
2020-08-19,18.501526913744335,18.780044826758658,18.223009000730016,18.700468063354492,1471828.0
2020-08-20,18.700468833159825,19.973692546637206,18.46174005092057,19.854328155517578,11296953.0
2020-08-21,19.973692823767845,20.21242160931941,19.57581050264817,19.774751663208008,2730731.0
2020-08-24,19.854328006584236,20.05326916289149,19.33707978594492,19.456445693969727,1151774.0
2020-08-25,19.29729140274093,19.496232551222796,19.138137876835238,19.177927017211914,756920.0
2020-08-26,19.37686859825653,19.57580975117949,19.177927445333566,19.496232986450195,1017667.0
2020-08-27,19.655385658681443,21.008184528877845,19.297290991917425,20.530725479125977,4049571.0
2020-08-28,20.650087026166723,20.769451383988464,19.575804770170738,19.734956741333008,3431711.0
2020-08-31,19.695170405464737,19.695170405464737,18.54131133014569,18.581100463867188,2181566.0
2020-09-01,18.620891844466517,18.93919738959062,18.46173983080475,18.54131507873535,532627.0
2020-09-02,18.581100463867188,18.700464829431162,18.342370214938974,18.581100463867188,814162.0
2020-09-03,18.62088699821454,19.01876920551742,18.541310253193934,18.859617233276367,720686.0
2020-09-04,18.50152718310115,18.939197111495155,18.38216279515738,18.620891571044922,895006.0
2020-09-07,18.81983211783648,18.81983211783648,18.38216220352885,18.74025535583496,759286.0
2020-09-08,18.74025595898869,18.899409488114078,18.50152718310115,18.620891571044922,840462.0
2020-09-09,18.541313828992767,18.700467349727653,18.342372686974386,18.46173858642578,1167412.0
2020-09-10,18.501526587630888,18.859621257737487,18.461738965530373,18.74025535583496,773106.0
2020-09-11,18.620890589360208,18.740254971011144,18.42194944734183,18.46173858642578,1482447.0
2020-09-14,18.700467349727653,18.700467349727653,18.42194944734183,18.46173858642578,2749403.0
2020-09-15,18.541313828992767,18.581102968076717,18.42194944734183,18.46173858642578,1494694.0
2020-09-16,18.50152718310115,19.098350640620545,18.461739559720076,18.620891571044922,3040405.0
2020-09-17,18.66067931612747,19.018772453168037,18.581102557518314,18.978984832763672,1147069.0
2020-09-18,19.01877393583076,19.098350700643554,18.541314864754565,18.660680770874023,1198485.0
2020-09-21,18.823301225091484,18.945266151647427,18.457406445423654,18.538715362548828,679714.0
2020-09-22,18.49806108521231,18.538715544173186,17.888234895589925,17.969545364379883,1286264.0
2020-09-23,18.254129102096027,18.254129102096027,17.96954326993525,18.050853729248047,278882.0
2020-09-24,17.847579109933545,17.928888021811225,17.64430372850318,17.72561264038086,1095848.0
2020-09-25,17.806922912597656,17.92888782997727,17.64430353971419,17.806922912597656,1058474.0
2020-09-28,17.888232502227556,17.969542960138554,17.76626759079506,17.847578048706055,1592861.0
2020-09-29,17.847578235250115,17.888232689196542,17.766267776489258,17.766267776489258,529820.0
2020-09-30,17.80692204431656,17.888232502227556,17.64430267936256,17.847578048706055,2448756.0
2020-10-01,17.9695431479574,17.9695431479574,17.684957317728397,17.766267776489258,968812.0
2020-10-05,17.847578235250115,17.847578235250115,17.684957317728397,17.766267776489258,939899.0
2020-10-06,17.847578423509532,17.88823287788479,17.644303049897207,17.68495750427246,644409.0
2020-10-07,17.766268647187783,17.80692310312662,17.603647721696255,17.72561264038086,475985.0
2020-10-08,17.766272002961035,17.766272002961035,17.60365104675293,17.60365104675293,747703.0
2020-10-09,17.644304275512695,17.684958732711905,17.60364826744535,17.644304275512695,593593.0
2020-10-12,17.684959521225032,17.72561398023689,17.27840872763365,17.319063186645508,1783489.0
2020-10-13,17.44102654971181,17.44102654971181,17.034475828747603,17.15644073486328,1523119.0
2020-10-14,17.156444271402783,17.278409202659674,16.79054792676387,16.953168869018555,4441327.0
2020-10-15,17.075131989420335,17.481682751073198,16.993821526916143,17.23775291442871,533981.0
2020-10-16,17.27840663835769,17.481682010573664,17.1970961792977,17.400371551513672,323872.0
2020-10-19,17.44102718538632,17.68495700650821,17.400371181287355,17.562992095947266,530607.0
2020-10-20,17.562992095947266,17.68495700650821,17.48168163861731,17.562992095947266,291412.0
2020-10-21,17.562992095947266,17.725611459739195,17.400371181287355,17.562992095947266,500572.0
2020-10-22,17.48168445430253,18.579371927885873,17.44102999452354,18.457406997680664,5687248.0
2020-10-23,18.62002454450785,18.62002454450785,17.969543947224288,18.091508865356445,804122.0
2020-10-26,18.21347278300355,18.21347278300355,17.603646674973067,17.847578048706055,541576.0
2020-10-27,17.766267776489258,18.010197601903826,17.684957317728397,17.766267776489258,668810.0
2020-10-28,17.64430353971419,17.88823337447342,17.64430353971419,17.806922912597656,231284.0
2020-10-29,17.644303352641476,18.050854106841804,17.644303352641476,17.888233184814453,363334.0
2020-10-30,18.213473671108414,18.213473671108414,17.72561245072189,17.806922912597656,444774.0
2020-11-02,17.80692369061942,18.254130475041496,17.766269233339294,18.132164001464844,566189.0
2020-11-03,18.17281864278323,18.254129102096027,17.88823281062245,18.050853729248047,852563.0
2020-11-04,18.05085583316984,18.294785688671514,17.766269967839087,17.969545364379883,1186976.0
2020-11-05,17.88823281062245,18.132162637692826,17.847578356400064,18.050853729248047,630224.0
2020-11-06,18.09150659806669,18.294781953101147,17.88823124303223,18.254127502441406,1440791.0
2020-11-09,18.33543727497531,18.33543727497531,18.132161910282154,18.213472366333008,751971.0
2020-11-10,18.29478424586607,18.335438701620763,17.888233484846822,18.091508865356445,2023889.0
2020-11-11,18.09151029213072,18.294785688671514,17.806924426799966,17.969545364379883,1296578.0
2020-11-12,18.050852688537425,18.1728175950408,17.88823177928764,18.010196685791016,823049.0
2020-11-13,18.091507457690707,18.29478282238386,17.928886545589,18.213472366333008,909777.0
2020-11-14,18.335437589429667,18.498058504320333,18.335437589429667,18.416748046875,464059.0
2020-11-17,18.538712268746668,18.538712268746668,18.294782456342606,18.3760929107666,731447.0
2020-11-18,18.416748971285074,18.416748971285074,18.09150867604661,18.172819137573242,1005015.0
2020-11-19,18.254130089477016,18.457405473320332,18.132163618476543,18.294784545898438,937024.0
2020-11-20,18.376095009609383,18.376095009609383,18.213474082187492,18.294784545898438,826365.0
2020-11-23,18.376095009609383,18.538714386163175,18.294784545898438,18.294784545898438,894813.0
2020-11-24,18.376093901856894,18.863955103845097,18.335437897018206,18.620023727416992,1440527.0
2020-11-25,18.782644457631882,18.904609369195025,18.579369088070646,18.70133399963379,1421719.0
2020-11-26,18.86395475552253,20.16491586897817,18.701333840906585,19.63640022277832,5627043.0
2020-11-27,19.758364261740073,20.08360607662514,19.51443445144419,19.67705535888672,3458860.0
2020-12-01,19.839675590614263,19.839675590614263,19.55508976547035,19.63640022277832,1404074.0
2020-12-02,19.717712104320526,19.717712104320526,19.433126258620632,19.514436721801758,1269787.0
2020-12-03,19.67705696111451,19.67705696111451,19.351815119746238,19.47378158569336,1482524.0
2020-12-04,19.63639762716743,19.79901852028755,19.51443273276123,19.59574317932129,1823902.0
2020-12-07,19.839678291860196,20.124264155751533,19.677058905970995,19.96164321899414,2096941.0
2020-12-08,20.449501220806855,20.734087039363867,20.124260949970814,20.36819076538086,3440583.0
2020-12-09,20.73408597661318,20.73408597661318,20.368189721384624,20.490156173706055,1560123.0
2020-12-10,20.408846263886595,20.57146561984962,19.83967464084624,20.246225357055664,1072940.0
2020-12-11,20.205570167733814,21.425222271811897,20.205570167733814,20.77474021911621,5554993.0
2020-12-14,21.01867086028523,21.384565548625297,21.01867086028523,21.0999813079834,4424749.0
2020-12-15,21.14063734535077,21.262602250631133,20.815397080980492,20.89670753479004,1177075.0
2020-12-16,21.140640358092213,21.91308745306207,21.09998590082775,21.42522621154785,14809587.0
2020-12-17,21.547186444021634,21.70980733941797,20.978014861002244,21.0999813079834,2648717.0
2020-12-18,21.140640549432664,21.872431642893243,20.734089769635883,21.343915939331055,7727095.0
2020-12-21,21.547187959099396,21.669152863788643,19.920985094261706,20.246225357055664,3426596.0
2020-12-22,20.24622549633651,20.85605157484585,19.55508896385234,20.530811309814453,2358477.0
2020-12-23,20.73408878749732,20.9373641677669,20.124262646688575,20.44950294494629,1855888.0
2020-12-24,20.978019123501102,21.018675131044933,20.449503432376222,20.571468353271484,6788986.0
2020-12-28,20.896705978515776,21.343911114860983,20.65277463525383,20.734085083007812,1664058.0
2020-12-29,20.85605420260584,20.89671021014967,20.49015943992005,20.571468353271484,1092915.0
2020-12-30,20.571468353271484,20.815399745930122,20.49015943992005,20.571468353271484,1179965.0
2020-12-31,20.693433327438246,20.85605269324036,20.002296757892253,20.2055721282959,2943071.0
2021-01-01,20.368189900069495,20.57146525456467,20.246224997545966,20.408845901489258,1115965.0
2021-01-04,20.57146778401336,20.978018542992817,20.490158872911923,20.815399169921875,2370307.0
2021-01-05,20.490156816610217,21.30325825296986,20.490156816610217,20.89670753479004,3838983.0
2021-01-06,21.059327766214345,21.262603133747046,20.734087488335614,20.85605239868164,2603559.0
2021-01-07,21.059329306596883,21.140639769731006,20.937364387329747,21.018674850463867,1445428.0
2021-01-08,21.099984805396687,22.15701614807699,21.01867434422096,21.750465393066406,5189758.0
2021-01-11,22.360292224322993,22.52291315175622,21.547190688893068,21.791120529174805,4575938.0
2021-01-12,21.75046447994957,22.319636133416942,21.547189110978078,21.994394302368164,4028256.0
2021-01-13,22.075705184732808,22.278980557614084,21.5471895254151,21.62849998474121,3214044.0
2021-01-14,21.66915443897026,21.79111935252542,21.465879066088984,21.62849998474121,1385515.0
2021-01-15,21.709811963026787,21.750466420100285,21.05932979377394,21.140640258789062,2460280.0
2021-01-18,21.09998331334688,21.09998331334688,20.286881860822806,20.36819076538086,4183865.0
2021-01-19,20.530812911987304,20.612123372307394,20.246227076301,20.327537536621094,3329278.0
2021-01-20,20.408851149093596,20.449505610098715,20.246230203336566,20.28688621520996,2156730.0
2021-01-21,20.571468353271484,20.734089281710578,20.49015943992005,20.571468353271484,2556041.0
2021-01-22,20.65277552535485,20.97801577952031,20.24622481993106,20.490156173706055,2291386.0
2021-01-25,20.530816082977232,20.652781016860867,20.246230203336566,20.28688621520996,1194276.0
2021-01-27,20.246225357055664,20.53081116857584,20.205570905781883,20.246225357055664,2993011.0
2021-01-28,20.1649149036402,20.32753581047113,20.124260452366418,20.246225357055664,1150823.0
2021-01-29,20.28688135919735,20.693432075406772,20.1649149036402,20.246225357055664,2016497.0
2021-02-01,20.490156353460904,20.69343170795608,20.246224997545966,20.408845901489258,1727116.0
2021-02-02,20.65277552535485,20.815396427871512,20.408845722447722,20.490156173706055,1647830.0
2021-02-03,20.530813896595767,20.734089281710578,20.449503432376222,20.571468353271484,2435600.0
2021-02-04,20.815400047372115,21.62850159960643,20.693435124710593,21.42522621154785,5617903.0
2021-02-05,21.70981226149542,21.70981226149542,21.303261481698637,21.343915939331055,1563213.0
2021-02-08,21.34391452462622,21.791119732414028,21.34391452462622,21.465879440307617,1952088.0
2021-02-09,21.587845591473833,21.791120979532412,21.343915746150792,21.42522621154785,1382705.0
2021-02-10,21.42522358132185,21.70980939984086,21.384567578180306,21.58784294128418,1304793.0
2021-02-11,21.709811869997328,21.750466326896618,21.384570011330545,21.50653648376465,1351374.0
2021-02-12,21.669154326339534,22.604220726559557,21.587843867436053,22.197669982910156,7032513.0
2021-02-15,22.360293285571714,22.44160375314743,21.79112156340989,21.831777572631836,2935662.0
2021-02-16,21.87242889404297,22.1570147143086,21.750463985605688,21.87242889404297,2515590.0
2021-02-17,21.831775780324516,22.238326533958613,21.79111977444028,22.116361618041992,2662872.0
2021-02-18,22.238326410052366,23.01077190713245,22.197670404394653,22.685531616210938,8474815.0
2021-02-19,23.33601620498399,23.33601620498399,22.522914616669127,22.807498931884766,5579841.0
2021-02-22,23.254702398703234,23.254702398703234,22.64487629498305,22.726186752319336,7942800.0
2021-02-23,22.900002114970093,22.900002114970093,21.987477330165895,22.074384689331055,6831960.0
2021-02-24,22.161292048496218,22.29165225843396,21.85711712022815,22.074384689331055,1810100.0
2021-02-25,22.161292048496218,22.378559617599123,21.987477330165895,22.074384689331055,6992126.0
2021-02-26,21.98747641136944,22.6392790914411,21.90057071345583,22.161291122436523,5587230.0
2021-03-01,22.508916915979164,23.551801775822593,22.2916493749801,23.204174041748047,17964723.0
2021-03-02,23.55180205240909,23.942882636228287,23.33453450885849,23.59525489807129,6306972.0
2021-03-03,23.72561713965217,23.72561713965217,23.073814452764804,23.247629165649414,3034198.0
2021-03-04,23.030361055428898,23.682163726808962,22.943453701054242,23.377988815307617,5055082.0
2021-03-05,23.33453450885849,24.638139770162095,23.291080005576486,23.59525489807129,9531503.0
2021-03-08,23.769074591886564,23.769074591886564,23.247632046241232,23.33453941345215,3540243.0
2021-03-09,23.508350085077005,23.508350085077005,22.726187175443425,22.94345474243164,1990454.0
2021-03-10,23.16072094053587,23.291081141500037,22.76964033764338,22.813093185424805,1424726.0
2021-03-12,23.073813959629874,23.204175820317207,22.81309355349504,22.85654640197754,1682782.0
2021-03-15,22.94345431526239,22.986908822422976,22.595826546077497,22.726186752319336,2276621.0
2021-03-16,22.769642805718142,22.90000302081247,22.639280933003747,22.682735443115234,1063175.0
2021-03-17,22.68273366148297,22.726186510561355,22.24819854021939,22.335105895996094,1522926.0
2021-03-18,22.639279661594028,22.639279661594028,21.94402411505608,22.03093147277832,1782023.0
2021-03-19,22.030931756618603,22.81309467095595,21.683303978870892,22.595827102661133,4118012.0
2021-03-22,22.595825747287748,22.769640454545613,22.335105344020846,22.465465545654297,2090140.0
2021-03-23,22.595826305706268,22.726186510561355,22.24819854021939,22.335105895996094,1433186.0
2021-03-24,22.335106822271527,22.378559673151976,22.161292103509723,22.248199462890625,1191691.0
2021-03-25,22.16128838520085,22.33510307479934,21.813660663623608,21.90056800842285,1195300.0
2021-03-26,21.94402085201261,22.117835541611097,21.813660663623608,21.90056800842285,1561522.0
2021-03-30,22.074383587670077,24.333966525095814,21.900570535634202,23.03036117553711,4680695.0
2021-03-31,23.59525796668751,23.59525796668751,22.378559896093794,22.639280319213867,4791172.0
2021-04-01,22.769642805718142,23.030363235906798,22.508920717909422,22.682735443115234,1596095.0
2021-04-05,22.682734404977623,22.682734404977623,22.29165211997353,22.422012329101562,1247324.0
2021-04-06,22.378560040249887,22.55237476186295,22.29165267944336,22.29165267944336,1075023.0
2021-04-07,22.11783933950064,22.291652401325116,21.683304198509433,21.726757049560547,5421819.0
2021-04-08,21.900570967993637,22.074384023460915,21.292221129808276,21.466035842895508,4130982.0
2021-04-09,21.466036988408657,21.85711762729462,21.422582479007968,21.77021026611328,2076781.0
2021-04-12,21.857115831580714,21.857115831580714,21.292220516742148,21.42258071899414,1673639.0
2021-04-13,21.466037038490374,22.161292614323077,21.4225825289883,21.94402503967285,2529772.0
2021-04-15,21.900572187790825,22.03093240105695,21.5963972517565,21.94402503967285,2005834.0
2021-04-16,21.813663295923813,22.074383704163488,21.813663295923813,21.987476348876953,1203585.0
2021-04-19,21.857115897848157,21.857115897848157,21.422580783944138,21.59639549255371,1136121.0
2021-04-20,21.59639549255371,21.94402325215294,21.509488138248923,21.59639549255371,996198.0
2021-04-22,21.596393130435366,22.030928196811853,21.552938629225878,21.90056800842285,1318022.0
2021-04-23,21.98747641136944,22.204743971393327,21.90057071345583,22.161291122436523,5673829.0
2021-04-26,22.074385823283233,22.378560767176644,21.683305173380354,21.81366539001465,1947167.0
2021-04-27,21.813662995381712,22.16129075411841,21.726755641292563,22.11783790588379,818332.0
2021-04-28,22.24819854021939,22.46546610085118,22.0309309795876,22.335105895996094,1312150.0
2021-04-29,22.378559673151976,22.42201252403242,22.07438474412882,22.248199462890625,589110.0
2021-04-30,22.074381040401608,22.248195730000095,21.857113507213366,21.90056800842285,1278287.0
2021-05-03,21.85711669921875,22.161291621627832,21.77020934172759,21.85711669921875,1009000.0
2021-05-04,21.987476348876953,22.378558618856395,21.857116144757114,21.987476348876953,3090258.0
2021-05-05,22.161291680551688,22.248199038273924,21.987476965107213,22.03093147277832,556397.0
2021-05-06,22.074383400029262,22.16129075411841,21.98747604594011,22.11783790588379,536028.0
2021-05-07,22.24819926947085,22.81309461410566,22.03093170171746,22.422012329101562,1847803.0
2021-05-10,22.68273390277871,22.769641259479922,22.42201183267507,22.726186752319336,1753094.0
2021-05-11,22.682733357968914,23.986338704316324,22.595826003355103,23.551803588867188,9347312.0
2021-05-12,23.725616086006845,24.507780601632025,23.508348533359822,23.68216323852539,7166511.0
2021-05-14,23.899434186435364,23.986341551364607,23.247631435896217,23.29108428955078,2235426.0
2021-05-17,23.464896727945202,23.50834957735638,23.117268959795933,23.247629165649414,1187980.0
2021-05-18,23.247631435896217,23.63871374926775,23.247631435896217,23.29108428955078,1384931.0
2021-05-19,23.204178582241653,23.63871374926775,23.204178582241653,23.29108428955078,1798706.0
2021-05-20,23.29108158240088,23.421443443452688,22.986908326933122,23.03036117553711,1444310.0
2021-05-21,23.24762626343956,23.76906867937711,22.98690588428066,23.16071891784668,3403371.0
2021-05-24,23.160721258180928,23.464896169682273,23.160721258180928,23.377988815307617,1420093.0
2021-05-25,23.595259857464736,23.63871436988027,23.291084901036612,23.33453941345215,1216063.0
2021-05-26,23.3779897977349,23.638711871815353,23.3779897977349,23.46489715576172,1648738.0
2021-05-27,23.508347549127084,23.899429790566092,23.377987354520688,23.59525489807129,3020060.0
2021-05-28,23.76907208004559,23.855979438072406,23.46489715576172,23.46489715576172,1866202.0
2021-05-31,23.59525680226679,24.72504911447883,23.508349446308948,24.29051399230957,10749592.0
2021-06-01,24.420873628935816,24.55123383102791,23.63871075876333,23.725616455078125,2706693.0
2021-06-02,23.76907145342714,24.42087413501498,23.638711248633562,24.11669921875,2350130.0
2021-06-03,24.247061292246578,24.290515802273404,23.899433500132304,23.942886352539062,1304015.0
2021-06-04,23.94288456847821,25.02922237390136,23.76907151418247,24.29051399230957,10087721.0
2021-06-07,24.59468749182658,25.246490181443395,24.5077817926403,24.681594848632812,6120507.0
2021-06-08,25.550664097623955,26.767362072249878,25.116128988284704,25.28994369506836,22916966.0
2021-06-09,25.68102429890175,26.289374115024657,25.203036341676533,25.28994369506836,9109441.0
2021-06-10,25.420302872138375,25.89829081010501,25.37685002600316,25.724477767944336,2961658.0
2021-06-11,26.072108955030956,26.072108955030956,25.37685337927815,25.507213592529297,1952869.0
2021-06-14,25.59411996812883,25.59411996812883,24.681595195277218,25.420305252075195,3018408.0
2021-06-15,25.42030511917584,25.94174760699062,25.33339776160338,25.767932891845703,4007935.0
2021-06-16,25.854840384589302,25.985200592819538,25.37685240187178,25.420305252075195,1920096.0
2021-06-17,25.20303683073624,25.724479303585806,24.855409068043176,24.985769271850586,2165481.0
2021-06-18,25.116130972497462,25.159585481436295,24.420875405676366,24.768503189086914,1747439.0
2021-06-21,24.59468736424618,25.15958435174642,24.420874309155295,25.02922248840332,1499004.0
2021-06-22,25.116130828857422,25.420305759209572,24.985770618026503,25.116130828857422,2115618.0
2021-06-23,25.246491184073914,25.289945693012747,24.594688468571626,24.768503189086914,2296487.0
2021-06-24,24.942316919051514,24.98576976864465,24.59468749182658,24.681594848632812,916952.0
2021-06-25,24.725050390350333,25.072678174500172,24.551235669465395,24.942317962646484,1573533.0
2021-06-28,25.203037201114157,25.55066496891588,24.942316789667853,25.02922248840332,4256279.0
2021-06-29,25.203037543234686,25.203037543234686,23.50834987296919,23.812524795532227,5935706.0
2021-06-30,23.942883959107295,24.37741907021719,23.899431111044265,24.247058868408203,2844106.0
2021-07-01,24.377418074635774,24.551232775029046,24.1166976816657,24.1601505279541,1328737.0
2021-07-02,24.29051238205897,24.29051238205897,24.029790331469066,24.1601505279541,1012352.0
2021-07-05,24.333966654395944,24.551234213810194,24.116699094981694,24.464326858520508,1111545.0
2021-07-06,24.551235142569723,24.68159535162574,24.333967574936363,24.37742042541504,1513622.0
2021-07-07,24.551234213810194,24.59468706264507,24.333966654395944,24.464326858520508,1147282.0
2021-07-08,24.464326858520508,24.681594417934758,24.20360645027138,24.464326858520508,1365648.0
2021-07-09,24.420876886840244,24.638144471851952,24.203609301828532,24.551237106323242,1828920.0
2021-07-12,24.76850304743497,26.37628340133633,24.594688327913737,25.116130828857422,12793293.0
2021-07-13,25.376850607734838,25.463756301997464,24.985768353073567,25.072675704956055,2919533.0
2021-07-14,25.20303590396986,25.20303590396986,25.02922120020488,25.072675704956055,1641458.0
2021-07-15,25.07267812117865,25.203038332755106,24.594688468571626,24.768503189086914,1515499.0
2021-07-16,24.942316675563458,24.985769524732408,24.16015212956284,24.29051399230957,2967885.0
2021-07-19,24.247060974515374,24.46432854894225,23.98634054825114,24.0732479095459,2095107.0
2021-07-20,24.11669971809526,24.290514433165555,23.638711738081902,23.812524795532227,2378583.0
2021-07-22,23.942882712452807,24.029790061673687,23.725615168210513,23.76906967163086,1666503.0
2021-07-23,23.812522441621887,23.942882636228287,23.55180205240909,23.59525489807129,1723227.0
2021-07-26,23.68216232240998,24.029790061673687,23.638709476609446,23.76906967163086,1638406.0
2021-07-27,23.986338031018672,24.594686180999155,23.59525577504418,24.0297908782959,4221073.0
2021-07-28,24.1601502566951,24.1601502566951,23.725615168210513,23.76906967163086,1549433.0
2021-07-29,23.769071945574638,24.029792360560112,23.725617437997077,23.812524795532227,884268.0
2021-07-30,23.769070591108175,23.986338143755198,23.508348533359822,23.68216323852539,1919471.0
2021-08-02,23.81252541073338,24.16015319223503,23.63871234879256,23.855979919433594,2143900.0
2021-08-03,23.986339510602523,24.160152568052847,23.682164588039488,23.812524795532227,1909445.0
2021-08-04,23.986337215873153,24.029790061673687,23.68216232240998,23.76906967163086,1697212.0
2021-08-05,23.812524988177778,23.85597949610689,23.464897212844814,23.63871192932129,1421901.0
2021-08-06,23.68216224701549,23.855976944903894,23.55180205240909,23.59525489807129,1127718.0
2021-08-09,23.812524988177778,23.812524988177778,23.595257421392176,23.63871192932129,1024951.0
2021-08-10,23.638709123746175,23.638709123746175,23.11726669382446,23.204174041748047,1495385.0
2021-08-11,23.204173419452992,23.377986453019012,22.8130911930949,23.16071891784668,1467101.0
2021-08-12,23.377988815307617,23.551803524056933,23.247628612555587,23.377988815307617,1500406.0
2021-08-13,23.377987354520688,23.725615092677685,23.33453450885849,23.59525489807129,1465267.0
2021-08-16,23.682166280172027,23.769073643916858,23.291083972130323,23.421445846557617,1081524.0
2021-08-17,23.334533609032444,23.464893798611893,23.0738115722538,23.16071891784668,1012319.0
2021-08-18,23.247631232279666,23.291084085553642,22.813096069059483,22.90000343322754,1366454.0
2021-08-20,22.8565452176157,22.986907071548046,22.50891747490904,22.552371978759766,2085236.0
2021-08-23,22.595825866944264,22.682733221033416,22.03093055179464,22.11783790588379,1932319.0
2021-08-24,22.291651755345033,22.59582667674833,22.161291548349325,22.378559112548828,1499389.0
2021-08-25,22.50891747490904,22.769639525153906,22.422010124827416,22.552371978759766,850541.0
2021-08-26,22.726187679460566,22.813095039707267,22.552374616587194,22.639280319213867,598763.0
2021-08-27,22.639279953272098,22.726187312114025,22.595827102661133,22.595827102661133,626448.0
2021-08-30,22.68273451716551,22.856547577655896,22.639280008827914,22.769641876220703,824385.0
2021-08-31,22.85654640197754,23.030361111147375,22.682733350427622,22.85654640197754,1102052.0
2021-09-01,22.900000972105225,23.377988937228782,22.856546465881316,23.03036117553711,2337212.0
2021-09-02,23.160721258180928,23.464896169682273,22.943453701054242,23.377988815307617,1628887.0
2021-09-03,23.46489869961999,23.59525891642719,23.334538482812786,23.421445846557617,1316116.0
2021-09-06,23.682163726808962,23.682163726808962,23.291081460932958,23.377988815307617,844110.0
2021-09-07,23.33453423482353,23.42144158274711,23.16071953897636,23.204174041748047,591089.0
2021-09-08,23.291082575437766,23.421444442047672,23.11726951599121,23.11726951599121,1033183.0
2021-09-09,23.11727121731241,23.377991654480024,23.073816706037732,23.29108428955078,771348.0
2021-09-13,23.421445846557617,23.682166280172027,23.20417826600558,23.421445846557617,1080720.0
2021-09-14,23.551803038461152,24.073245496337982,23.377988333295583,23.68216323852539,4593544.0
2021-09-15,23.855979919433594,23.942885621593994,23.68216519987276,23.855979919433594,2204935.0
2021-09-16,23.98634086256589,24.116701077406233,23.81252613769872,23.942886352539062,3061301.0
2021-09-17,24.02979255496338,24.073247062892488,23.464897212844814,23.63871192932129,2865147.0
2021-09-20,23.595255885942606,23.942883638653868,23.508348533359822,23.68216323852539,2235460.0
2021-09-21,23.81446877121881,23.94677103904044,23.638064625913568,23.770368576049805,722408.0
2021-09-22,23.726267249415532,23.814469324115926,23.638065174715134,23.682167053222656,658613.0
2021-09-23,23.81446647644043,23.99087060474725,23.68216422136754,23.81446647644043,10066835.0
2021-09-24,23.858565293720336,23.990869223490368,23.461658551353278,23.72626304626465,1249858.0
2021-09-27,24.696485208894007,25.005191610468092,24.079072405745837,24.167274475097656,4486696.0
2021-09-28,24.299576141120475,24.299576141120475,23.902669362257967,23.99087142944336,4158049.0
2021-09-29,23.990872203409932,25.843107262485365,23.990872203409932,25.005191802978516,22430813.0
2021-09-30,25.225695310961683,25.49029983007608,24.784686657561355,24.828786849975586,4990232.0
2021-10-01,24.828787280196817,25.225695748060353,24.65238482516877,25.049291610717773,3902018.0
2021-10-04,25.357997847813564,25.357997847813564,24.872888996694243,25.093393325805664,2750109.0
2021-10-05,25.137493633969484,25.357997964092025,24.740585166823102,24.784687042236328,5580954.0
2021-10-06,25.049292118937828,25.269796453932553,24.608283448948377,24.69648551940918,4260519.0
2021-10-07,24.916989303846947,25.049291565457562,24.740585166823102,24.784687042236328,2831978.0
2021-10-08,24.87288812571123,24.961088508415635,24.608281930654623,24.65238380432129,2461540.0
2021-10-11,24.8287866906178,25.269795341187617,24.696484431909752,24.872888565063477,4286918.0
2021-10-12,24.96109238570243,25.137496543141594,24.828790108780417,24.9169921875,2119763.0
2021-10-13,25.093392890348387,25.13749308247957,24.8287866906178,24.872888565063477,2494769.0
2021-10-14,25.049291996836672,25.534402540849165,24.872889539089492,25.005191802978516,6995135.0
2021-10-18,25.357996528566808,29.768082881361035,25.137492210927096,28.70966148376465,52983314.0
2021-10-19,29.28297325219314,29.67988168598246,27.07793013628445,27.386634826660156,15985580.0
2021-10-20,27.474835418567455,27.474835418567455,25.931305319970246,26.46051597595215,5844162.0
2021-10-21,26.50461905598249,26.901527511870306,25.622601760511333,25.754905700683594,5298862.0
2021-10-22,25.887208506390753,26.636923559870304,25.53440191719876,25.666704177856445,6802595.0
2021-10-25,25.710804485049067,25.887208621587313,25.269795826017987,25.35799789428711,3598668.0
2021-10-26,25.402097702026367,25.754905969752304,25.313897317409385,25.402097702026367,2577567.0
2021-10-27,25.534402461308517,26.107713391251437,25.402098515517068,25.578502655029297,3503229.0
2021-10-28,25.578501785010623,25.578501785010623,25.049291066788882,25.137493133544922,2451857.0
2021-10-29,25.13749406686754,25.225696136898407,24.784687469058625,25.005191802978516,2302929.0
2021-11-01,25.269794847641933,25.490299168620158,25.005190335393845,25.22569465637207,2309534.0
2021-11-02,25.22569465637207,25.490299168620158,25.137492591517887,25.22569465637207,1599085.0
2021-11-03,25.3579984416329,25.49030070573503,25.18159430128702,25.26979637145996,1234776.0
2021-11-04,25.490301963377856,26.019512728211183,25.357999692748187,25.931310653686523,1332709.0
2021-11-08,26.85742881675472,26.989731081985543,26.32821807351685,26.372318267822266,5588691.0
2021-11-09,26.592822360586613,27.25433536300078,26.504620290468477,26.989730834960938,3968763.0
2021-11-10,27.122029343912423,27.29843345972539,26.548718490991774,26.681020736694336,2316488.0
2021-11-11,26.72512486920932,26.901529011060134,26.32821807351685,26.372318267822266,2059217.0
2021-11-12,26.548717949587573,26.813322435596653,25.97540710835837,26.195911407470703,6377687.0
2021-11-15,26.24001521234927,26.24001521234927,25.269795826017987,25.35799789428711,3446215.0
2021-11-16,25.446200813215306,26.063611947109976,25.31389854754606,25.799007415771484,3669481.0
2021-11-17,25.79900711018304,25.975411250528918,25.22569617753077,25.26979637145996,2452973.0
2021-11-18,25.357997459277772,25.490299718254583,25.00519087456811,25.137493133544922,1843971.0
2021-11-22,25.446199024862185,25.49029921621439,24.431879482931347,24.65238380432129,3243139.0
2021-11-23,24.60828160741523,25.093392117489664,24.475979352781998,24.961088180541992,2076029.0
2021-11-24,25.313897267057,25.313897267057,25.00519087456811,25.137493133544922,1654838.0
2021-11-25,25.44619957664936,25.66670390282082,25.2256952504779,25.402097702026367,1750334.0
2021-11-26,25.18159382706818,25.31389777099333,24.696484973724406,24.784687042236328,2101861.0
2021-11-29,24.69648426136174,24.7846863273295,24.034971290075266,24.299575805664062,2661725.0
2021-11-30,24.34367795523713,25.005190934008166,23.814467235757398,24.56418228149414,2084423.0
2021-12-01,24.608283448948377,24.916989854403905,24.520081378487575,24.69648551940918,1404626.0
2021-12-02,24.784686220407906,24.96108866926794,24.520080023646145,24.6082820892334,1897173.0
2021-12-03,24.740584624040938,25.049291015902707,24.696484431909752,24.872888565063477,1385122.0
2021-12-06,24.9169921875,25.04929446442201,24.740588030060838,24.9169921875,1506986.0
2021-12-07,25.049290244402293,25.313896435983196,24.82878592590876,24.961088180541992,1392168.0
2021-12-08,25.137493133544922,25.22569520030096,25.00519087456811,25.137493133544922,1194107.0
2021-12-09,25.313897267057,25.357997459277772,25.049291066788882,25.137493133544922,1641700.0
2021-12-10,25.137492591517887,25.402097103765975,25.093392400248028,25.22569465637207,1126678.0
2021-12-13,25.578502269712104,26.06361112259118,25.490300201284676,25.622602462768555,2399052.0
2021-12-14,25.622602848750077,25.710804918506195,25.357998321796288,25.578502655029297,1357576.0
2021-12-15,25.666704682678976,25.710804876327412,25.225696016936432,25.31389808654785,1188837.0
2021-12-16,25.534401643580843,25.754905969752304,25.269795442786393,25.402097702026367,1555783.0
2021-12-17,25.5344021472526,25.578502340430976,24.961089542046484,25.049291610717773,1446029.0
2021-12-20,24.961091135046445,24.961091135046445,23.85856941207947,24.255477905273438,2337481.0
2021-12-21,24.431880022202833,24.740584733111053,24.255475888271423,24.56418228149414,1475185.0
2021-12-22,24.78468573513583,25.005190053629363,24.60828160741523,24.961088180541992,1020457.0
2021-12-23,25.049291610717773,25.225695748060353,24.916989348868107,25.049291610717773,1098598.0
2021-12-24,25.490299718254583,25.490299718254583,25.049291066788882,25.137493133544922,2101821.0
2021-12-27,25.402098087264406,25.446199962556232,25.22569563304069,25.35799789428711,1454790.0
2021-12-28,25.446199310805792,25.931308150389135,25.446199310805792,25.754905700683594,2291466.0
2021-12-29,26.10771331349065,27.12203290687848,25.97541105040781,26.151813507080078,7225894.0
2021-12-30,26.460519405638415,26.813325994584027,26.151813009443064,26.504619598388672,8067720.0
2021-12-31,26.81332252812964,27.342533184288403,26.592818228256345,27.03382682800293,5098783.0
2022-01-03,27.563039719563676,27.563039719563676,27.254333338241675,27.29843521118164,3325751.0
2022-01-04,27.607141124329935,27.651242999209465,26.54872136193887,26.813325881958008,4554961.0
2022-01-05,26.901526904186653,26.901526904186653,26.328216011543926,26.416418075561523,2687534.0
2022-01-06,26.195912758249694,27.430736560488956,26.107710697593806,26.857425689697266,3889882.0
2022-01-07,27.166131864558977,27.430738061001083,26.50461889692542,26.63692283630371,5224580.0
2022-01-10,27.254333885486993,28.577361500905827,27.033829563302934,28.04814910888672,23661820.0
2022-01-11,28.224552634703326,28.665561269620564,27.739443809220134,27.871746063232422,12853934.0
2022-01-12,28.18045304804873,28.489157753254837,27.87174666052815,28.04814910888672,5878122.0
2022-01-13,28.136354001818216,28.268656271961625,27.518942847044087,27.6512451171875,5388079.0
2022-01-14,27.563039397292442,27.827643902580682,27.430737144648322,27.607139587402344,2821577.0
2022-01-17,27.87174523186029,28.312752171308528,27.518938670913077,27.695341110229492,4870046.0
2022-01-18,27.871743766323622,28.004046009432887,27.25433105539466,27.342533111572266,3172663.0
2022-01-19,27.34253540180717,27.518939528938148,26.98972882985964,27.29843521118164,3311650.0
2022-01-20,27.430735704552454,27.518937762456122,27.21023140095045,27.254331588745117,2277103.0
2022-01-21,26.59282155450389,27.254334536866246,26.59282155450389,26.813325881958008,2080357.0
2022-01-24,26.636924004595286,26.8133264609792,25.75490667573206,25.887208938598633,3998306.0
2022-01-25,25.666700833136442,26.59281821936905,25.666700833136442,26.46051597595215,3325260.0
2022-01-27,26.416420144442256,26.72512486920932,26.240016002591442,26.372318267822266,3009022.0
2022-01-28,26.725123926768994,26.945628255149312,26.460519405638415,26.504619598388672,2038425.0
2022-01-31,27.38663337133734,27.518937297112757,26.7692223410807,27.03382682800293,2749870.0
2022-02-01,27.210234619133953,27.298436687469376,26.901528221117243,27.077932357788086,1785054.0
2022-02-02,27.254333338241675,27.43073746537266,27.166131274676186,27.29843521118164,1566381.0
2022-02-03,27.21023214572462,27.871745074636983,27.21023214572462,27.739442825317383,3492756.0
2022-02-04,27.87174809036916,27.95995016023051,27.518941493238323,27.56304168701172,1658162.0
2022-02-07,27.695341649936562,27.871745775005003,27.51893920718254,27.607139587402344,1942712.0
2022-02-08,27.695342524133416,27.827644780953626,26.945627492399602,27.210233688354492,2126047.0
2022-02-09,27.607141880785115,27.695343950646464,27.38663754728902,27.56304168701172,1832191.0
2022-02-10,27.651242717280944,28.18045343423797,27.43073839207506,28.00404930114746,3005956.0
2022-02-11,27.298434379938147,27.563038880262916,26.989728008016325,27.12203025817871,3007513.0
2022-02-14,26.769222248699904,26.901524491704446,26.10770935136291,26.195911407470703,3073621.0
2022-02-15,26.901528062399056,26.901528062399056,25.88720848831249,26.504619598388672,1868362.0
2022-02-16,26.63692342938342,26.98973001684711,26.59282155450389,26.813325881958008,1625943.0
2022-02-17,27.03382812869466,27.122030189350543,26.592819507729608,26.857425689697266,1691639.0
2022-02-18,26.769224324412974,26.901526577676364,26.63692207114958,26.725122451782227,1479119.0
2022-02-21,26.862644153789635,27.137689348255037,26.587600708007812,26.587600708007812,2405203.0
2022-02-22,26.31255772585134,26.31255772585134,25.899990801225627,26.129194259643555,2755717.0
2022-02-23,26.12919495817071,26.6792836228163,25.94583148706096,26.220876693725586,1624134.0
2022-02-24,25.67078882212625,25.991674032139574,24.891496668860675,25.02901840209961,3195126.0
2022-02-25,25.304062636493963,25.945831282962402,25.258220894735302,25.80830955505371,2523125.0
2022-02-28,26.220877915195587,26.40423964616338,25.579107485098973,26.2667179107666,2654368.0
2022-03-02,26.12919379924906,26.725122430898722,26.083353807846613,26.587600708007812,2869207.0
2022-03-03,26.908485893875657,26.908485893875657,26.495918976519345,26.587600708007812,1558101.0
2022-03-04,26.49592015170655,26.587601887261425,26.037513222615836,26.220876693725586,1259425.0
2022-03-07,26.220876471257725,26.220876471257725,25.487424341725273,25.670787811279297,3037640.0
2022-03-08,25.71662619996371,26.72512172222736,25.71662619996371,26.49591827392578,2068885.0
2022-03-09,26.587603134250724,26.770966613960432,26.312559663369903,26.404239654541016,1595805.0
2022-03-10,26.679283124738507,26.816804851161585,26.495919657051985,26.54176139831543,2119506.0
2022-03-11,26.587601902173912,26.67928363778021,26.22087670843238,26.3583984375,1847000.0
2022-03-14,26.495920658618058,26.587602395926957,25.854151994823138,25.899991989135742,1748856.0
2022-03-15,26.129195970503776,26.129195970503776,25.349903811120427,25.5791072845459,3484042.0
2022-03-16,25.899990545736777,25.945830537494732,25.349901901223348,25.44158363342285,3693655.0
2022-03-17,25.67078829678622,25.80831002721084,25.166541369001393,25.21238136291504,5383269.0
2022-03-21,25.624947608717026,25.716627594060796,25.21238067993554,25.258220672607422,3025058.0
2022-03-22,25.34990309333966,25.44158482985063,25.07485963249042,25.21238136291504,2792952.0
2022-03-23,25.34990309333966,25.395744835936984,25.07485963249042,25.21238136291504,3319594.0
2022-03-24,25.16654065286275,25.395744113276134,24.93733719244937,24.983177185058594,3726055.0
2022-03-25,25.120700140486804,25.16654188402226,24.98317840724787,25.02901840209961,1772922.0
2022-03-28,25.16653941717699,25.16653941717699,24.845654238617104,24.937335968017578,2800248.0
2022-03-29,25.02901717766782,25.1206989115699,24.93733719244937,24.983177185058594,1456086.0
2022-03-30,25.120700140486804,25.304063617261193,24.98317840724787,25.02901840209961,1297773.0
2022-03-31,25.166542053222656,25.624948999556885,25.02901857037541,25.166542053222656,2614895.0
2022-04-01,25.21237968179011,25.71662657595249,25.120697951392344,25.62494659423828,2142185.0
2022-04-04,25.94583126692669,26.08335474343403,25.579106076502285,25.670787811279297,6372791.0
2022-04-05,25.808309772545876,26.541761908712594,25.533266314410643,26.3583984375,6205914.0
2022-04-06,26.404239654541016,26.81680660954599,26.03751444380534,26.404239654541016,6139079.0
2022-04-07,26.495918997223747,27.18352936089919,26.31255728278711,26.725122451782227,7067210.0
2022-04-08,26.95432517052894,27.046006899586278,26.404236544868443,26.49591827392578,3786018.0
2022-04-11,26.587600708007812,27.18352933965748,26.495918976519345,26.587600708007812,6226370.0
2022-04-12,26.541761184269266,26.770964642687193,25.99167253432952,26.129194259643555,6093725.0
2022-04-13,26.17503302271768,26.450078209113695,26.03751130386144,26.08335304260254,3944477.0
2022-04-18,25.991672743939493,26.770964858581767,25.854151017516415,26.54176139831543,7875148.0
2022-04-19,26.67928437530745,27.59609825934768,26.633442631895214,26.862646102905273,11968312.0
2022-04-20,27.229373758511066,27.412735490843158,26.770966804655217,26.954328536987305,4615350.0
2022-04-21,27.18353201391523,27.412735490843158,26.862646796479385,26.954328536987305,6435178.0
2022-04-22,27.000169069865834,27.733619463645805,26.954327327327288,27.046009063720703,9687935.0
2022-04-25,27.046008311427922,27.046008311427922,26.495919657051985,26.54176139831543,4179340.0
2022-04-26,26.679281732040458,26.95432517052894,26.35839655468154,26.49591827392578,3062910.0
2022-04-27,26.358397030762493,26.587600483203907,25.89999012587967,26.175033569335938,2877534.0
2022-04-28,26.495921385989142,26.495921385989142,26.083356179798812,26.2667179107666,2107829.0
2022-04-29,26.26671598495759,26.450079451165372,25.99167253432952,26.129194259643555,3806204.0
2022-05-02,26.037513222615836,26.358398422716068,25.716628022515604,26.220876693725586,4471718.0
2022-05-04,26.266719662628017,26.312561409940187,25.67079093704063,25.716630935668945,3008440.0
2022-05-05,26.083353497543555,26.220875218798426,25.57910485469762,25.62494659423828,3303042.0
2022-05-06,25.487425057483694,26.266717201947543,25.304063331464004,26.037513732910156,6541892.0
2022-05-09,26.175033479257763,26.175033479257763,25.304061412187878,25.62494659423828,6096149.0
2022-05-10,25.808308793325416,25.85415053373106,25.16654016579868,25.304061889648438,2139013.0
2022-05-11,25.39574409563081,25.533265822046562,24.7539737074458,24.84565544128418,2926150.0
2022-05-12,24.70813373203599,25.1206989115699,24.433088530329755,24.983177185058594,4158159.0
2022-05-13,25.12069770219436,25.258219422085013,24.93733599190134,25.074857711791992,2807496.0
2022-05-16,24.891496668860675,25.16654188402226,24.753974935621745,25.02901840209961,3391727.0
2022-05-17,25.670789023652834,25.808310757971373,25.166542081590286,25.5791072845459,3589336.0
2022-05-18,25.808310263872773,26.22087720761354,25.487425057483694,26.037513732910156,3164861.0
2022-05-19,25.67078829678622,25.67078829678622,25.166541369001393,25.21238136291504,1704162.0
2022-05-20,25.5791072845459,25.716629018864438,25.395745555015758,25.5791072845459,883594.0
2022-05-23,25.670788310305003,25.80831004080204,25.2582213701302,25.349903106689453,1549840.0
2022-05-24,25.395743641664897,25.57910535738031,25.304061909465393,25.44158363342285,811029.0
2022-05-25,25.533267067153012,25.579107061965733,24.478931448307037,24.75397491455078,1930718.0
2022-05-26,24.29556680381845,25.1206989115699,23.3329129695557,24.983177185058594,6031524.0
2022-05-27,25.029017689342208,25.166541167348566,24.524770765597776,24.799814224243164,1712397.0
2022-05-30,24.341408150874067,25.258222043542524,24.341408150874067,25.166542053222656,2754314.0
2022-05-31,25.21238067993554,25.349902406634826,24.937337226536965,25.258220672607422,1237445.0
2022-06-01,25.258220672607422,25.349902406634826,25.02901721188074,25.258220672607422,833581.0
2022-06-02,25.258222245497063,26.0375144102329,25.120700510233974,25.85415267944336,2146353.0
2022-06-03,25.71662708133777,25.854150553978823,25.395743641664897,25.44158363342285,666141.0
2022-06-06,26.037516172118725,26.037516172118725,25.25822395465036,25.716630935668945,1193845.0
2022-06-07,25.670786137350284,26.17503302271768,25.3957426996378,26.08335304260254,2195042.0
2022-06-08,25.89999034486968,26.725122430898722,25.80830861338121,26.587600708007812,3395050.0
2022-06-09,26.404237923208726,26.770964858581767,26.12919447036257,26.54176139831543,3128709.0
2022-06-10,26.40423769151822,26.54176116541819,25.899990782830365,25.99167251586914,799958.0
2022-06-13,25.716628989876753,25.945832463043867,25.120700309379,25.166542053222656,995881.0
2022-06-14,25.02901840209961,25.212381878873998,24.891496668860675,25.02901840209961,628146.0
2022-06-15,25.02901529448045,25.258218737648523,25.02901529448045,25.120697021484375,483995.0
2022-06-16,25.212379170355394,25.258219160282632,24.34140537226971,24.524768829345703,2282773.0
2022-06-17,24.52476997885755,24.570609970933376,23.79131961354273,24.020523071289062,1290366.0
2022-06-20,24.020521630687472,24.249725074687607,23.424591277340323,23.699636459350586,1129320.0
2022-06-21,23.88300081332647,24.24972776333369,23.653797343913798,24.066364288330078,719006.0
2022-06-22,24.066362884473538,24.158044616627297,23.791319436695847,23.882999420166016,514873.0
2022-06-23,23.837159428430933,24.020522892738455,23.699637704542088,23.882999420166016,643409.0
2022-06-24,23.928841338453807,24.15804479620014,23.928841338453807,24.020523071289062,399967.0
2022-06-27,24.295566540081936,24.47893000589562,24.066363082156634,24.158044815063477,840803.0
2022-06-28,24.387249709997885,24.7998149093635,23.974682761948554,24.75397491455078,1149258.0
2022-06-29,24.616452501374127,25.25822115444125,24.295567300498732,24.799814224243164,2948123.0
2022-06-30,24.937337687636628,25.120699410398217,24.570610744746123,24.66229248046875,475645.0
2022-07-01,24.570608408144295,25.258218737648523,24.478928429823863,25.120697021484375,834442.0
2022-07-04,25.212380610241137,25.258220602786306,24.66229195628097,24.708133697509766,749736.0
2022-07-05,24.75397250921663,25.029015948734507,24.708132518858164,24.937335968017578,808528.0
2022-07-06,25.12069889411568,25.12069889411568,24.61645198103005,24.84565544128418,678013.0
2022-07-07,24.93733719244937,25.074858918960672,24.84565545854729,24.983177185058594,929156.0
2022-07-08,25.02901717766782,25.1206989115699,24.84565545854729,24.983177185058594,490540.0
2022-07-11,25.074857687776515,25.12069767813498,24.845654238617104,24.937335968017578,533394.0
2022-07-12,24.937336729350974,25.57910535738031,24.799813256709918,25.44158363342285,2012004.0
2022-07-13,25.670786585095385,25.808308306350256,25.487423124299852,25.62494659423828,800181.0
2022-07-14,25.716627335017844,26.26671598495759,25.349902151285885,26.129194259643555,2875177.0
2022-07-15,26.26671809899998,27.09185026597747,25.85415288985311,26.81680679321289,2812034.0
2022-07-18,27.000168838060418,27.000168838060418,26.266716701893703,26.3583984375,1257402.0
2022-07-19,26.220874575929386,26.4042362835458,25.854149412013044,25.945829391479492,822969.0
2022-07-20,26.0375144102329,26.175036145495994,25.85415267944336,25.85415267944336,532871.0
2022-07-21,25.85415079065278,26.1291942410855,25.80830904979159,25.99167251586914,611604.0
2022-07-22,26.08335547592785,26.12919547026185,25.808310263872773,26.037513732910156,551551.0
2022-07-25,25.945829575062767,26.17503302271768,25.808307856206525,26.08335304260254,991100.0
2022-07-26,25.94583077500795,26.175034233263084,25.85415079065278,25.99167251586914,569102.0
2022-07-27,25.991673726444642,25.991673726444642,25.808310251826843,25.899991989135742,444825.0
2022-07-28,26.037513017796076,26.037513017796076,25.716627820220037,25.80830955505371,465880.0
2022-07-29,25.99167251586914,26.175034233263084,25.71662731675281,25.99167251586914,1071107.0
2022-08-01,25.99167253432952,26.587601176479406,25.854150809015486,26.129194259643555,1672470.0
2022-08-02,26.12919447036257,26.679283124738507,25.991672743939493,26.54176139831543,2408127.0
2022-08-03,26.58760259309024,26.95432779636164,26.129195651830063,26.312559127807617,1706196.0
2022-08-04,26.312558944965236,26.770965883040002,25.899992001224465,26.037513732910156,1490858.0
2022-08-05,26.17503617924575,27.275213560136518,25.441585757774398,26.404239654541016,11420616.0
2022-08-08,25.899991289887385,26.12919475262975,25.716627820220037,25.80830955505371,3582640.0
2022-08-10,25.716630935668945,25.945834426178237,25.67079093704063,25.716630935668945,1297093.0
2022-08-11,25.85415004589092,25.945830027605126,25.57910485469762,25.62494659423828,959703.0
2022-08-12,25.67078852020534,26.770965870544757,25.624948525892734,25.899991989135742,5501576.0
2022-08-16,26.220876693725586,26.358398422716068,26.037513222615836,26.220876693725586,1489798.0
2022-08-17,26.266717384471377,26.450080860448928,26.220877389818842,26.312559127807617,1178825.0
2022-08-18,26.312559655021353,26.358399650592364,26.220877915195587,26.2667179107666,692152.0
2022-08-19,26.40423771027162,26.495919443375513,26.083354267433414,26.129194259643555,741508.0
2022-08-22,26.129196149969545,26.220877889706184,25.80831093523317,25.85415267944336,663086.0
2022-08-23,25.716627820220037,25.945831282962402,25.716627820220037,25.80830955505371,491299.0
2022-08-24,25.85415079065278,26.083354248907916,25.762469057614005,25.99167251586914,680725.0
2022-08-25,26.083353587306224,26.40423702177735,25.991671856592948,26.175033569335938,1404284.0
2022-08-26,26.35839655468154,26.633439993170022,26.175033096566864,26.49591827392578,2015540.0
2022-08-29,26.129195386751064,27.871141396131065,25.9916736555049,27.458576202392578,5397617.0
2022-08-30,27.733618537695218,28.696272365976483,27.412733345373592,28.237865447998047,11060638.0
2022-09-01,28.329547391962492,29.24636123473593,28.14618567261798,28.650432586669922,7437850.0
2022-09-02,28.650432586669922,29.33804296875,28.51291085999063,28.650432586669922,6578921.0
2022-09-05,28.742115006940345,29.246361933031853,28.467069798331064,28.60459327697754,3799449.0
2022-09-06,28.696271069825727,28.8337945379545,27.733617285025527,27.916980743408203,2877460.0
2022-09-07,27.825299755552802,28.37538839667303,27.779458015394024,28.283706665039062,1974656.0
2022-09-08,28.28370739929727,28.83379605469806,28.28370739929727,28.650432586669922,2848422.0
2022-09-09,28.650433284504803,29.10884021705688,28.558751548257653,28.742115020751953,2673363.0
2022-09-12,28.879635558796707,29.42972245620786,28.74211383444392,28.971317291259766,2247045.0
2022-09-13,29.062999043113866,29.292202500082638,28.83379558614509,29.10883903503418,3040273.0
2022-09-14,28.512910893693224,29.062999549744223,28.512910893693224,28.92547607421875,1983458.0
2022-09-15,29.200521687765573,30.438220744137748,29.062999958987252,29.7506103515625,8671226.0
2022-09-16,30.07149307552126,30.8966269256113,29.017157515463964,29.521406173706055,15608702.0
2022-09-19,29.75060963235693,29.979813091007802,29.017157515463964,29.521406173706055,3183306.0
2022-09-20,29.796449661254883,29.933973135561413,29.475566217695953,29.796449661254883,2827068.0
2022-09-21,30.589156822131145,30.68241858330157,29.74982053824567,29.843080520629883,3289237.0
2022-09-22,29.749819101318753,30.682417101329833,29.749819101318753,30.542526245117188,3869344.0
2022-09-23,30.635787211322306,30.822307183928764,29.60993269834566,30.122859954833984,5421055.0
2022-09-26,30.21612110584355,30.26275020865438,28.910484881705276,29.563302993774414,5102887.0
2022-09-27,29.563302993774414,29.936339373833558,28.863855778894447,29.563302993774414,2999756.0
2022-09-28,29.33015251159668,29.563301572010687,29.143632551751004,29.33015251159668,3032270.0
2022-09-29,29.423408347276826,29.749817361372443,29.283519278031854,29.51666831970215,3097269.0
2022-09-30,29.51666943556225,29.889707560580003,27.931256959540285,28.957111358642578,7234048.0
2022-10-03,29.143633953331932,29.936339373833558,28.58407582567071,29.563302993774414,3195515.0
2022-10-04,29.703191090859807,31.615014481740953,29.563302008304163,30.868934631347656,5600103.0
2022-10-06,31.568382326824416,31.61501498639766,30.49589875051614,30.635786056518555,4445936.0
2022-10-07,30.68241916876695,30.7290482714557,30.35600833480071,30.495899200439453,1275112.0
2022-10-10,30.309379232111958,31.055455547849444,30.16948836647321,30.495899200439453,2824308.0
2022-10-11,30.542527029012653,30.682417888815696,30.122858007175875,30.21611976623535,1971202.0
2022-10-12,30.635782386209343,30.775673233024627,30.26274605732195,30.589153289794922,2078526.0
2022-10-13,30.682417288472596,30.7290463883038,30.12285741778132,30.40263557434082,1827366.0
2022-10-14,30.589157953721084,30.775677925389473,29.982972492764524,30.16948890686035,1203466.0
2022-10-17,30.169485384269436,30.449267087890966,29.889707238220048,30.07622718811035,1355847.0
2022-10-18,30.542528303128204,30.962197342471946,30.122859263784463,30.495899200439453,10326181.0
2022-10-19,30.63578577041904,30.63578577041904,29.843080371090903,29.88970947265625,3241047.0
2022-10-20,29.843080737110423,30.169488009643587,28.630706293679804,28.863855361938477,9343911.0
2022-10-21,29.003741282044157,29.70318841049159,28.910481309160627,29.47003936767578,2562077.0
2022-10-24,30.30937796772248,30.40263616920961,29.843079845142135,30.21611976623535,1880148.0
2022-10-25,30.26274978862448,30.96219699379651,29.982971618070156,30.682418823242188,4567573.0
2022-10-27,30.915570470628104,34.08639593070999,30.542530507054824,33.806617736816406,29820799.0
2022-10-28,33.80661877718838,34.41280784725677,33.06054238465466,33.3403205871582,13589784.0
2022-10-31,33.52683810321058,33.71335807698767,32.54761268784664,32.6875,6261421.0
2022-11-01,32.874020715735824,33.48020975479974,32.54761342243844,33.2004280090332,6177185.0
2022-11-02,33.3403181294335,33.38694723348462,32.64087089594888,32.6875,3806240.0
2022-11-03,32.54760918222119,33.20042368376899,32.407718327562534,32.59423828125,3474859.0
2022-11-04,32.64086694863727,33.94650304961162,32.45434699741633,33.66672134399414,6520408.0
2022-11-07,33.94650770946227,36.27799852583817,33.80661683745065,35.95158767700195,17569636.0
2022-11-09,36.37125058205712,36.74429047259422,34.97235632890108,35.20550537109375,9751736.0
2022-11-10,34.97235610993523,35.15887605403596,34.039759947003624,34.41279983520508,4254276.0
2022-11-11,34.78584148974603,35.39203051145655,34.27291423314545,34.55269241333008,4768861.0
2022-11-14,34.22628472235245,34.22628472235245,33.01391025092175,33.85324478149414,5199696.0
2022-11-15,34.0863881330057,35.81169312288024,33.806610003115,34.87909698486328,8813249.0
2022-11-16,34.97235892283439,34.97235892283439,33.71335542464128,33.899871826171875,4330752.0
2022-11-17,34.17965875224168,34.27291696721857,33.10717149214311,33.3403205871582,4184008.0
2022-11-18,33.34031328161727,33.57346232554466,32.82738609649142,33.15379333496094,3436031.0
2022-11-21,33.013910934282194,34.69258358774665,32.82739095999223,34.459434509277344,4640990.0
2022-11-22,34.69258603158274,35.205513328832616,33.94650963943993,34.226287841796875,4681636.0
2022-11-23,34.31954501855011,34.366174124603575,33.66672686108324,33.806617736816406,2773305.0
2022-11-24,34.13302181171259,37.21059232647673,33.993134506769394,36.27799606323242,31337390.0
2022-11-25,36.371252243896336,37.02407030337815,35.67180508535987,36.231361389160156,12785734.0
2022-11-28,36.23136152807464,38.74937201997466,36.18473242884121,37.11732864379883,20355748.0
2022-11-29,37.210593769976846,37.53700105174561,36.37125567746779,36.511146545410156,6440033.0
2022-11-30,36.60440317072671,37.91003935653318,35.8116977734979,37.16395950317383,10384736.0
2022-12-01,37.44373863285918,37.81677497612242,36.184731635718855,36.604400634765625,6241462.0
2022-12-02,37.2105895842301,37.63025502570472,36.46450978255932,36.604400634765625,9816113.0
2022-12-05,37.91003504712685,39.49544566136363,37.39710431685636,38.3297004699707,35794761.0
2022-12-06,38.2364466795813,38.98252297644889,37.8167776508519,38.1431884765625,10130167.0
2022-12-07,38.37634212035195,38.37634212035195,36.697665805151985,36.884185791015625,8583910.0
2022-12-08,36.511148349368355,37.117333839399954,35.99821751328498,36.464515686035156,5292692.0
2022-12-09,36.604402927682465,36.79092288978386,35.205508548280584,35.485286712646484,4822642.0
2022-12-12,35.57854877226675,36.13810510571335,34.73921071452445,35.39202880859375,5120200.0
2022-12-13,35.67180508535987,36.83755034958732,35.57854688725056,36.231361389160156,5678896.0
2022-12-14,36.511147558400374,36.69766397740162,35.904958523928364,36.04484939575195,3685227.0
2022-12-15,36.231364014106376,36.27799667411176,34.83246959568416,35.01898956298828,5662355.0
2022-12-16,35.71843774761483,35.76506685132111,34.366172394697244,34.64595413208008,7160368.0
2022-12-19,34.87910497329189,34.972363185423916,33.89987595804182,34.69258499145508,4656117.0
2022-12-20,34.692581320681036,35.71843577588013,34.22628319421374,35.485286712646484,8984811.0
2022-12-21,35.625176473420076,35.718434672804534,33.10716595674475,33.29368591308594,12583369.0
2022-12-22,33.48020356700158,33.853239896458064,31.288600456460152,31.52174949645996,8986100.0
2022-12-23,30.915567340525488,31.3352328100897,29.609931157783254,29.936338424682617,14073715.0
2022-12-26,30.82230453036621,32.59423878121882,30.58915547407362,31.42849349975586,18060968.0
2022-12-27,31.84816639959594,32.50098099083198,31.335235567092337,32.3144645690918,6110891.0
2022-12-28,32.267826080322266,33.013905862873585,31.70826980098084,32.267826080322266,6401852.0
2022-12-29,32.17456644047972,32.45434456757821,31.84815921846014,32.03467559814453,3677382.0
2022-12-30,32.26782877271125,32.54761049329868,31.894792407881944,31.941421508789062,4907850.0
2023-01-02,32.08131453219022,33.15379815565641,31.848165454362015,32.6875,4099418.0
2023-01-03,32.87401997377708,33.06053994755417,32.50098002622291,32.6875,3586439.0
2023-01-04,32.87401760421658,32.92064670490668,31.941421360125336,31.98805046081543,3307082.0
2023-01-05,33.06054092877062,33.29369001351855,32.08131548434387,32.3144645690918,9862273.0
2023-01-06,32.5009736335024,32.5009736335024,31.941417379804648,32.12793731689453,3087322.0
2023-01-09,32.36109068315521,32.40771978427999,31.848163455637916,31.894792556762695,3084693.0
2023-01-10,31.89479309167608,31.941422193582877,31.47512405936999,31.568382263183594,2055836.0
2023-01-11,31.6150112470031,31.708269439974217,31.33522955294571,31.52174949645996,2249827.0
2023-01-12,31.521751737782427,31.661642594757918,31.241973581403713,31.33523178100586,1542385.0
2023-01-13,31.428495256779975,31.708273428457755,31.241975289803964,31.47512435913086,1740349.0
2023-01-16,31.52175316127679,31.80153133029004,31.381865855556384,31.568382263183594,1998445.0
2023-01-17,31.568382370269806,31.801531438167135,31.47512416613985,31.615015029907227,2593233.0
2023-01-18,31.94142169914007,32.26782896500744,31.708272635642697,31.801530838012695,2824218.0
2023-01-19,31.661643981933594,31.801531287465625,31.56838222067314,31.661643981933594,1774826.0
2023-01-20,31.61501078388157,31.988047107873523,31.61501078388157,31.754898071289062,2635636.0
2023-01-23,31.89479259795507,31.94142169914007,31.6616435344577,31.801530838012695,1823665.0
2023-01-24,31.8947927060794,32.2211999730533,31.708272743134717,31.848163604736328,4322573.0
2023-01-25,31.89479003407726,32.827386213099565,31.568379236876197,32.17456817626953,6446459.0
2023-01-27,32.45434953979416,32.54761130149656,31.008826030345187,31.615015029907227,4523843.0
2023-01-30,31.70827169455899,31.89479165133556,31.008824524826075,31.33523178100586,2816324.0
2023-01-31,31.381867552735937,31.848165712166946,31.19534757744901,31.708274841308594,2045116.0
2023-02-01,31.894792646852245,32.127941710707056,30.495898263723394,30.868934631347656,4105537.0
2023-02-02,30.682418823242188,31.241975164350833,30.589157061342444,30.682418823242188,2060787.0
2023-02-03,30.775674332019896,30.962194281910204,29.936336336299586,30.07622718811035,2885139.0
2023-02-06,30.21611976800015,31.195345113961604,30.07622890818894,31.05545425415039,2675638.0
2023-02-07,30.775678080170294,30.96219805277675,29.936339982227526,30.122859954833984,3854376.0
2023-02-08,30.16948695966055,30.49589777840615,29.843079698487276,30.26274871826172,2262343.0
2023-02-09,30.35600903119891,30.495899900046897,30.029601747317045,30.122859954833984,1657229.0
2023-02-10,30.122859803336397,30.309379775004782,30.076230699812438,30.16948890686035,1715543.0
2023-02-13,30.30937653136654,30.40263472843418,29.93633662795162,29.982969284057617,1709750.0
2023-02-14,30.029598090030813,30.169485384269436,29.749818165195354,30.07622718811035,2561751.0
2023-02-15,30.02960042723862,30.8689349307123,30.02960042723862,30.775676727294922,2300490.0
2023-02-16,30.86893508107602,31.008825944455925,30.58915691188865,30.729047775268555,2044352.0
2023-02-17,30.825681686401367,31.30884469025198,30.197572546065906,30.825681686401367,2218127.0
2023-02-20,30.9223114832751,30.9223114832751,29.85935665741484,30.052621841430664,1716125.0
2023-02-21,30.197569397967204,30.197569397967204,29.666092913808328,29.8110408782959,1811326.0
2023-02-22,29.61777660790301,29.811041795239902,29.37619604528861,29.666093826293945,1941166.0
2023-02-23,29.76272639167056,30.8256813006117,29.71441101344696,30.5841007232666,2571884.0
2023-02-24,30.729045607014136,31.018941533393885,30.439149680634387,30.777362823486328,2436718.0
2023-02-27,30.777363001374137,30.777363001374137,30.004304121371074,30.439149856567383,1783921.0
2023-02-28,30.487465145973818,30.58409773609639,29.907673291465088,30.149253845214844,996349.0
2023-03-01,30.197567607490686,31.16388977093039,30.149252236564006,31.018939971923828,2577723.0
2023-03-02,30.97062966599977,31.01894504482805,30.729049085631242,30.825681686401367,1420974.0
2023-03-03,31.018943327426676,31.550423523793086,30.873997198966947,31.405473709106445,2375566.0
2023-03-06,31.502099908467418,32.17852613553081,31.40546917012681,31.840314865112305,2096378.0
2023-03-08,31.69536894305891,32.56506043926531,31.69536894305891,32.13021469116211,3482065.0
2023-03-09,32.32347763341051,32.613373549942466,32.08189708859612,32.17852783203125,1738330.0
2023-03-10,32.033582799011754,32.033582799011754,31.45378726013508,31.69536781311035,1585010.0
2023-03-13,31.647055229831565,31.647055229831565,30.100939185858312,30.342519760131836,2829551.0
2023-03-14,30.245884675788275,30.632415037346487,30.149253928512085,30.439149856567383,2294387.0
2023-03-15,30.729044775012845,30.825677362227513,30.19756831000213,30.294200897216797,1509169.0
2023-03-16,30.487464398267488,30.487464398267488,29.472826834647886,29.95598793029785,3317680.0
2023-03-17,30.05262084372317,30.390833982965937,29.376194565237633,29.907672882080078,9981625.0
2023-03-20,30.342517362454775,31.067260871119352,29.521143106207393,29.8110408782959,7823459.0
2023-03-21,29.95598892476419,30.34251744549331,29.714408368919315,30.100936889648438,2175612.0
2023-03-22,30.245884178209515,30.294201394166098,29.81104029328024,29.907672882080078,1590798.0
2023-03-23,29.95598825492333,30.149253432523007,29.85935566612349,29.907672882080078,1440046.0
2023-03-24,29.955988694011197,29.955988694011197,29.37619499582702,29.521142959594727,1566566.0
2023-03-27,29.61777569690356,30.052621433479636,29.376195141719823,29.8110408782959,79243560.0
2023-03-28,30.245885037339473,30.53578281197349,29.5211433654245,29.762723922729492,4152094.0
2023-03-29,29.859356593590473,32.27516401617094,29.714408627445124,31.598737716674805,7030120.0
2023-03-31,31.792003379430085,32.42011062782196,31.308842256254714,32.13021469116211,6745398.0
2023-04-03,32.17853125409934,32.27516569403776,31.598739359376708,31.93695068359375,1587840.0
2023-04-05,31.888632992735907,31.936948366085623,31.502102633484792,31.69536781311035,1521541.0
2023-04-06,31.59873613303095,31.79200130694774,31.50210170295926,31.5504207611084,1170634.0
2023-04-10,31.550420956641958,31.59873632886394,31.30884040930542,31.50210189819336,1903198.0
2023-04-11,31.598737716674805,31.8886336489655,31.405472533072082,31.598737716674805,1689674.0
2023-04-12,31.647054017160915,32.1302151471939,31.502104203660263,31.743684768676758,1581788.0
2023-04-13,31.792005593444586,32.27516675026759,31.64705577190685,32.08190155029297,2438487.0
2023-04-17,32.033583291229206,32.323479222008636,31.888633482726114,32.226844787597656,1566643.0
2023-04-18,32.226843203748814,32.51674280650734,31.985262658934424,32.17852783203125,1021790.0
2023-04-19,32.033579705608474,32.275160235254916,31.695364752367656,31.888629913330078,1102253.0
2023-04-20,31.936951728755233,32.516747328679095,31.792005593444586,32.08190155029297,1867170.0
2023-04-21,32.08190149529182,32.13021687364587,31.50210589636196,31.79200553894043,1447497.0
2023-04-24,31.79200273454189,32.323479222008636,31.743683674223018,32.226844787597656,1718067.0
2023-04-25,32.46842680540951,33.82127945822945,32.420111429143134,33.5313835144043,9389245.0
2023-04-26,33.77295929394436,34.54601626329019,33.19316380226519,34.30443572998047,10331460.0
2023-04-27,34.25612120708037,35.75391981336806,33.96622529719025,34.78759765625,13720295.0
2023-04-28,34.884233019837545,34.9325520830772,34.11117592895378,34.35275650024414,3358476.0
2023-05-02,34.35275769366755,34.69097271695992,34.01454635660229,34.15949249267578,3816567.0
2023-05-03,34.062858095960806,37.106774549239475,33.91790828914689,36.913509368896484,22608506.0
2023-05-04,37.34835832038664,37.686569650451155,35.85055580837426,36.09213638305664,13960726.0
2023-05-05,36.09213519996886,37.97646435796916,35.319078123571195,36.285400390625,16039840.0
2023-05-08,36.81687993620825,37.34836017589566,36.52698396943244,36.72024917602539,5983414.0
2023-05-09,37.01014168391746,37.01014168391746,35.70560811223145,36.043819427490234,3609732.0
2023-05-10,36.33370903119616,36.33370903119616,34.9325449526972,35.51233673095703,4368159.0
2023-05-11,35.753924272924884,35.947189465699594,35.07749794132686,35.60897445678711,4052021.0
2023-05-12,35.56065656889363,35.99550230037164,35.22244527009222,35.41571044921875,3280214.0
2023-05-15,35.41571056104721,35.46402593442473,34.83591502183687,35.07749557495117,2330430.0
2023-05-16,35.07749638385024,36.47866436146994,35.07749638385024,35.5606575012207,7906653.0
2023-05-17,35.56066012503288,36.43035167495986,35.367394926579436,35.75392532348633,6011003.0
2023-05-18,35.850554222505366,36.0921347865013,34.93255102830233,35.12581253051758,3266844.0
2023-05-19,35.02917842017824,35.174128219166136,33.96622551502206,34.44938659667969,3316760.0
2023-05-22,34.642647858191694,34.98086282491891,34.30443657769097,34.78759765625,2660265.0
2023-05-23,35.270765414516625,35.70561120481774,34.497708279663065,34.64265441894531,5973189.0
2023-05-24,34.642652311463266,34.932551944846125,34.35275636430737,34.69097137451172,2849958.0
2023-05-25,34.78759787934943,34.98086304925778,34.30443679769179,34.44938659667969,1917099.0
2023-05-26,34.44938669224661,34.739282604800096,34.014540980303124,34.11117172241211,3658217.0
2023-05-29,34.30444307439288,35.36739617403812,34.15949324888344,34.64265441894531,5447404.0
2023-05-30,34.69097348493325,35.029184829485686,34.497708279663065,34.64265441894531,3277433.0
2023-05-31,34.64264902091387,34.8359141960694,34.497702904217185,34.59433364868164,2353519.0
2023-06-01,34.594337071534504,34.9325520830772,34.30444112323146,34.35275650024414,3050427.0
2023-06-02,34.59433812390826,35.41571430301828,34.401072923751364,34.49770736694336,6038664.0
2023-06-05,34.73928185941291,35.02917776574622,34.497701323097424,34.546016693115234,3585780.0
2023-06-06,34.594336934641774,34.83591750497619,34.54602155782029,34.69097137451172,2059166.0
2023-06-07,34.83591363615344,37.300034442657555,34.69096752178646,36.86519241333008,27372537.0
2023-06-08,36.8651990742689,37.058460595010736,35.657296138496356,35.802242279052734,10440452.0
2023-06-09,35.80224151680548,35.89887596134622,35.270764973626406,35.3190803527832,3530566.0
2023-06-12,35.46402870273647,36.96182751171754,35.07749831309046,36.76856231689453,9881684.0
2023-06-13,37.68656735124321,38.26635922061777,36.9135102966682,37.05845642089844,17566106.0
2023-06-14,37.25172108015377,37.541617010748105,37.010140523620706,37.15509033203125,5680880.0
2023-06-15,37.68656604888186,39.28099916390215,37.30003569183855,37.589935302734375,30079215.0
2023-06-16,37.83151638027307,38.218043056463294,37.34835527036525,37.49330139160156,6919324.0
2023-06-19,37.68657228544161,38.1697334685883,36.72024991914824,37.20341110229492,8232442.0
2023-06-20,36.91351032771479,38.21804387801814,36.816875891919885,37.976463317871094,8384560.0
2023-06-21,38.21804315539164,39.715841862737626,38.07309703378014,39.329315185546875,25411081.0
2023-06-22,39.329318222441394,39.957425503711995,38.16973072887571,38.84615707397461,12894555.0
2023-06-23,38.55625447953273,38.84615038142311,37.638247718357874,38.07309341430664,9395359.0
2023-06-26,38.12141580737045,41.455228508923376,37.92815060842605,40.58553695678711,45797506.0
2023-06-27,40.87542781278131,40.92374318493319,39.667525077851444,39.86079025268555,14367151.0
2023-06-28,40.199001887617065,40.48890149545973,38.89446839723163,39.184364318847656,15309179.0
2023-06-30,39.667525310420665,40.102371034790224,39.232679586051106,39.522579193115234,11240884.0
2023-07-03,39.81247586965182,41.93838547319071,39.232680330744834,40.923744201660156,23501710.0
2023-07-04,41.16532886739324,41.60017464346137,40.39227175784271,40.58553695678711,11866216.0
2023-07-05,40.58553626320579,42.904711238451206,40.00574436250794,42.51818084716797,30734460.0
2023-07-06,42.808073788809715,46.09357082511954,42.61480860675148,45.75535583496094,46768102.0
2023-07-07,45.41714700791562,46.86663042306186,44.06429434595501,46.28683853149414,26119022.0
2023-07-10,46.38346928795,46.81831504976992,44.93398587270156,45.368831634521484,12216528.0
2023-07-11,45.417143036046795,47.156522244862835,45.127247115615226,46.62504577636719,15444570.0
2023-07-12,46.81831278743229,47.639685208558895,46.04525574056723,46.33515167236328,14527977.0
2023-07-13,46.57673073373397,46.81831128350829,43.67776413644214,44.11260986328125,11523923.0
2023-07-14,44.450819856261205,44.740715770252386,43.91934339957296,44.305870056152344,6872910.0
2023-07-17,44.64408914328421,45.465461589683784,44.30587414059324,44.88566970825195,7465417.0
2023-07-18,45.1755637610417,45.1755637610417,43.822711179268474,44.2575569152832,7692884.0
2023-07-19,44.83735411222853,48.46106256894225,44.69240429946924,47.05989456176758,45247722.0
2023-07-20,47.34978848147972,49.13748310271838,46.57673144759886,48.60600662231445,29278745.0
2023-07-21,48.26779819348514,48.89590545815651,47.15652610688875,48.461063385009766,17172907.0
2023-07-24,51.31170565135071,57.73774954367267,51.31170565135071,55.17699432373047,127946570.0
2023-07-25,57.54449120663059,60.58840787210726,57.01301468830702,57.78607177734375,122627086.0
2023-07-26,58.510810624230956,58.510810624230956,55.32194798421997,56.09500503540039,29606734.0
2023-07-27,56.38489992648413,56.43321898634895,53.77583288775973,54.114044189453125,20161600.0
2023-07-28,54.11404919523901,56.33658976422663,53.67920341981757,53.92078399658203,24369257.0
2023-07-31,55.080367791369376,56.28827059381169,54.403941484756324,55.4185791015625,19709287.0
2023-08-01,55.660154458542486,55.70847351510442,54.74215136348926,55.032047271728516,13573349.0
2023-08-02,54.83878579812789,54.83878579812789,52.374664882770126,53.19603729248047,13128605.0
2023-08-03,52.857827996292436,55.998375319727586,52.22971705711466,55.32194900512695,19138776.0
2023-08-04,56.67480122296164,57.302908471353525,54.64552229388899,55.08036804199219,19787527.0
2023-08-07,55.563526076845875,55.61184144923259,54.114042787884685,54.6455192565918,10804825.0
2023-08-08,54.645521330334155,55.2736322538775,53.63088372680217,54.01741409301758,8143993.0
2023-08-09,54.25899310068809,54.40393921920907,50.97349614037247,52.71287536621094,24752050.0
2023-08-10,51.93981741975848,54.83878397341941,51.69823687362006,52.567928314208984,22530111.0
2023-08-11,54.355628844429866,54.597209417071774,53.53425637193817,53.77583694458008,12201045.0
2023-08-14,54.40394033227646,55.95005809838613,52.95445700005119,55.61184310913086,20664645.0
2023-08-16,55.7084786010836,56.433220280961216,55.225317481165185,55.75679397583008,13459343.0
2023-08-17,55.998371693951256,55.998371693951256,54.35562323235045,54.983734130859375,7734221.0
2023-08-18,55.273634276389096,55.418580404353506,53.87246625537171,54.30731201171875,7316411.0
2023-08-21,54.597202853489826,54.693833596439006,53.14771959189275,53.58256530761719,5834798.0
2023-08-22,53.77583181070794,57.689435976637455,53.340986084220965,57.06132507324219,24899842.0
2023-08-23,57.30290984742515,58.365866555672895,56.09500701048015,56.38490295410156,24007101.0
2023-08-24,56.8197436930197,57.73775050524379,56.23995185699743,56.578163146972656,14265718.0
2023-08-25,56.04669310360423,56.529854251049095,54.452259842545374,54.935420989990234,10308279.0
2023-08-28,55.08036801790398,59.23555293814962,54.69383764504199,58.75239181518555,40391201.0
2023-08-29,60.39514065360052,61.65135884195004,58.84902652735909,59.33218765258789,48208655.0
2023-08-30,59.91197942229269,61.6513587327913,59.09060698534877,60.25019073486328,24459041.0
2023-08-31,60.781673038867346,61.11988436322444,59.5254511227365,60.54009246826172,12134327.0
2023-09-01,60.54008503777128,63.10084024638309,59.815343414906785,61.119876861572266,23749326.0
2023-09-04,61.603044583247254,65.08180327345751,61.45809476856061,62.81094741821289,43045010.0
2023-09-05,63.24578786935217,63.29410693049431,61.16819725817891,61.84462356567383,19953550.0
2023-09-06,61.94124868266203,62.472728817079,59.28386275548309,59.960289001464844,16661114.0
2023-09-07,60.00861122804817,62.037886511614275,60.00861122804817,61.313148498535156,11792364.0
2023-09-08,61.50641225503978,62.23115393745002,60.97493207229081,61.84462356567383,12088351.0
2023-09-11,64.55032490345724,74.21354675292969,64.06716381098362,74.21354675292969,158827225.0
2023-09-12,77.20914639123701,80.44632433440717,66.0481218679325,67.98076629638672,171217993.0
2023-09-13,68.02907760911162,74.31017128631386,67.64254729294713,73.3438491821289,129170387.0
2023-09-14,75.08323695262445,75.80797865051639,71.89437790537214,74.74502563476562,68766476.0
2023-09-15,74.98661078569835,74.98661078569835,72.47417422054367,72.81238555908203,26849144.0
2023-09-18,72.8123816148695,78.17547316565528,71.12131764132761,74.068603515625,69977046.0
2023-09-20,73.3921696095377,80.8328551218919,72.57079719759336,78.99684143066406,156990340.0
2023-09-21,72.83328598628512,73.4661895881637,68.88976969645427,69.181884765625,140188157.0
2023-09-22,67.76999430725058,72.15167506972963,67.52656759822396,70.3503189086914,159457227.0
2023-09-25,70.39901971967778,71.22666919153893,67.57526790792069,67.96475219726562,72178536.0
2023-09-26,68.15947626406987,68.84106805519322,65.53047086540165,66.74760437011719,43609313.0
2023-09-27,66.84497732764714,68.50027601572482,66.45549309845423,68.0621109008789,40488851.0
2023-09-28,69.03582326268487,71.27534475867947,68.01342800815199,70.49638366699219,58070191.0
2023-09-29,71.42140009187268,72.44379531501288,70.4476931855655,71.2266616821289,44385691.0
2023-10-03,71.03191322734308,71.6648241788902,69.86346795432831,70.39900970458984,22896169.0
2023-10-04,70.10690360091104,70.25296113583858,67.33184015246728,68.2568588256836,25690477.0
2023-10-05,68.84107645037776,71.3727203919553,67.72131943251954,70.78849029541016,34896534.0
2023-10-06,71.03191473897937,71.61614481671369,70.1068961638901,70.73980712890625,17976537.0
2023-10-09,69.13319259635641,69.57135774692824,67.42920545489692,67.86737060546875,20508019.0
2023-10-10,68.40291620036625,69.81478836750358,68.01343191773688,69.181884765625,19579616.0
2023-10-11,69.52267351688805,69.6687310363257,67.72131725394112,68.11079406738281,16269121.0
2023-10-12,68.45160020890117,69.96084149441182,67.7213200107783,68.9384536743164,23997128.0
2023-10-13,69.86347334829621,72.78459418515877,69.66873493068981,71.1292953491211,69842825.0
2023-10-16,71.61614569440788,74.29383967792859,70.7884888837389,73.85566711425781,56799382.0
2023-10-17,74.63463589057898,75.65702368542331,72.15168030676789,72.93064880371094,46034251.0
2023-10-18,73.2714440188424,74.2938392324834,71.1779727039738,72.29773712158203,28707177.0
2023-10-19,72.24904951168723,73.85566739363593,71.17797339998616,72.93064880371094,27050034.0
2023-10-20,72.83328580335481,74.34252718016013,72.24905566648073,73.36882019042969,55365013.0
2023-10-23,73.46618509196941,73.70961182511549,63.14489309233445,64.60545349121094,44075690.0
2023-10-25,64.99493923478656,66.79629561545994,62.02513376543981,64.94625091552734,44740197.0
2023-10-26,64.45938741953088,66.21206263733052,61.73301282703447,65.82257843017578,26932375.0
2023-10-27,66.21207275803816,68.50028261024087,65.62785007240261,67.57526397705078,25340751.0
2023-10-30,67.57526071264321,68.25685257482611,65.8712736283918,67.81868743896484,17563823.0
2023-10-31,67.67263595623423,69.66873826171302,67.57526674277558,69.181884765625,21385658.0
2023-11-01,69.47399240600093,70.59375693276233,68.69503126953698,69.181884765625,18275724.0
2023-11-02,69.86347056158964,73.4175022571018,69.57135551803745,72.93064880371094,45746818.0
2023-11-03,73.32012828161336,73.56355499247026,71.61614130561512,71.90824890136719,15893638.0
2023-11-06,72.44380204413302,73.66093579007345,71.2266682981926,71.5187759399414,20267823.0
2023-11-07,71.81088478736628,75.26754729780124,71.66482726475178,74.48857879638672,38537422.0
2023-11-08,75.31622450483972,76.53335808581255,74.14777923862334,74.87805938720703,27095114.0
2023-11-09,75.31622363012612,75.41359282971435,71.66482292961457,72.5411605834961,17655562.0
2023-11-10,72.5411620412877,74.48857578736255,70.64243661038229,73.8069839477539,19770509.0
2023-11-13,74.19646128050134,75.36491399371502,73.32013103158351,74.43988800048828,16784727.0
2023-11-15,75.267542117326,75.94913393755583,73.32012842661943,73.61223602294922,23816049.0
2023-11-16,73.80698551136345,74.2938389581962,73.02801702491342,73.2227554321289,11142031.0
2023-11-17,74.68331799992653,75.85177076444863,73.80698771252779,74.19646453857422,26532739.0
2023-11-20,74.48857519469271,75.26754365844234,73.75829504572513,73.95303344726562,12962640.0
2023-11-21,74.24514805612388,80.42818512979315,73.27144119637144,79.35710906982422,97612427.0
2023-11-22,79.64923316987458,81.01241698573494,78.23735360516972,78.91895294189453,57544116.0
2023-11-23,79.25974312863742,80.42818843686739,78.3347171165608,79.11368560791016,26679526.0
2023-11-24,79.16237101683336,82.66771424156828,78.09128752336967,80.13607788085938,55902988.0
2023-11-28,80.72030716263453,84.07959314871894,80.18476537178887,82.1321792602539,46010669.0
2023-11-29,82.95982347603118,83.98221867489532,81.49926315125039,82.18086242675781,31183007.0
2023-11-30,82.3269233202767,83.25194192571134,79.64922928173043,82.71640014648438,35313652.0
2023-12-01,83.54405467239181,85.29672262842041,82.13217521550851,82.66771697998047,24563214.0
2023-12-04,85.19935577812699,85.8809476528343,83.8361645999181,84.4203872680664,23596153.0
2023-12-05,84.76119385451177,85.10198980481314,82.6190340848561,83.39800262451172,18516727.0
2023-12-06,83.73879427555983,84.12827852539104,81.88874966045724,82.22954559326172,17196392.0
2023-12-07,82.42428839547216,89.288917402029,80.67161305020996,88.50995635986328,69825250.0
2023-12-08,88.94813596090084,89.67841623550396,84.32302755508108,86.31912994384766,34358360.0
2023-12-11,86.61122451421612,89.04549172854253,86.22174770295908,87.2928237915039,22010858.0
2023-12-12,87.68230887272459,90.84685628170762,87.43888214895665,88.70469665527344,33564019.0
2023-12-13,88.89944351557797,90.50605396791723,87.63362156588639,90.1165771484375,27303712.0
2023-12-14,91.0415942154704,95.86144034947769,90.36000236398448,94.88773345947266,59200486.0
2023-12-15,95.37459301125355,97.76017950178998,93.18375236846401,93.76798248291016,34800115.0
2023-12-18,92.35609909127554,92.35609909127554,89.77577428944774,90.74948120117188,24984118.0
2023-12-19,90.74948178114202,92.21004215806252,88.16916439161788,88.89944458007812,22167005.0
2023-12-20,89.38629612531041,90.31131470603792,78.91894698148391,81.74269104003906,42484587.0
2023-12-21,80.81767061133378,88.31521057604839,79.16237189563125,87.58493041992188,42900547.0
2023-12-22,88.46127139158108,88.5099597086559,85.88094659129334,87.34150695800781,19350518.0
2023-12-26,87.68230771860921,90.26262501355063,86.90333924128737,89.14286804199219,18112291.0
2023-12-27,92.11267336924364,93.08638029160096,89.92183279393967,90.4573745727539,30200399.0
2023-12-28,90.84685841597211,90.89553930459292,88.50996032714049,88.89944458007812,16418489.0
2023-12-29,89.2889197008962,89.97051898773307,88.2178435973458,88.55863952636719,14891333.0
2024-01-01,91.5284507015881,91.72318911454187,89.33761012628413,90.4573745727539,24607805.0
2024-01-02,92.01530045176153,92.5995230958552,89.62972155971494,90.84685516357422,29129762.0
2024-01-03,91.04159513937596,91.62581779354896,89.77577319800602,90.26262664794922,12797596.0
2024-01-04,90.5060572295543,93.42717805368788,90.16526128583092,91.57714080810547,39135556.0
2024-01-05,92.01530130431645,94.44956853458937,91.52844785826187,92.25872802734375,46219735.0
2024-01-08,93.96271588683132,94.44956933702215,91.62581784015649,91.96661376953125,22160288.0
2024-01-09,92.69689243240047,92.79426906388515,90.89553618184364,91.62581634521484,18098807.0
2024-01-10,92.01529962159378,92.01529962159378,86.51385429602543,88.50995635986328,32301729.0
2024-01-11,88.50995753831751,91.23633236538835,88.50995753831751,90.70079803466797,21381314.0
2024-01-12,91.52844961872881,92.98900998498513,91.18765368569451,91.67450714111328,21610624.0
2024-01-15,92.35610252112468,101.07078416197129,91.04159962723895,99.80496215820312,115323467.0
2024-01-16,100.53523720158542,100.97340233409406,94.74168413097779,97.2246322631836,67344615.0
2024-01-17,96.39698854108597,102.09317274184579,94.06009036342196,98.73388671875,72622449.0
2024-01-18,98.83124795282335,99.65889731198968,94.1574519746698,97.95491027832031,30447421.0
2024-01-19,98.68519419284199,104.47875478517204,98.4417674644784,102.6773910522461,78843768.0
2024-01-23,109.05516830524861,113.43684917465592,99.80495313649985,101.16814422607422,59032672.0
2024-01-24,101.89842595006775,111.00258374516217,99.90232388488717,110.17493438720703,61539848.0
2024-01-25,111.00258187365878,115.7737469662678,109.44465238575216,113.3881607055664,73902690.0
2024-01-29,116.84483192951289,130.86620581801895,116.0658634117984,125.80293273925781,135868902.0
2024-01-30,129.9898687064351,131.15831399295288,123.36865893938372,124.5857925415039,54326487.0
2024-01-31,125.21870529916728,129.35695936031473,123.85550681153106,128.33456420898438,43866759.0
2024-02-01,128.87012364506094,128.87012364506094,122.4923400090303,124.19632720947266,40747230.0
2024-02-02,125.41345610681542,142.50201577495176,125.17002937324536,138.5098114013672,150820832.0
2024-02-05,141.18749079765396,166.01701504137932,131.54779909312487,144.40072631835938,238154964.0
2024-02-06,148.00345028277303,155.59836715038037,140.1164183707215,143.0862274169922,94207941.0
2024-02-07,144.49811237501132,153.26147534578237,141.7717446701765,143.0375518798828,74842579.0
2024-02-08,151.46012266869596,157.20498786814403,144.2546821517051,146.68894958496094,80234599.0
2024-02-09,147.41921837201556,147.9547601372801,133.93338675312424,136.85450744628906,68554166.0
2024-02-12,121.71335580335389,127.26348185646935,109.49333190917969,109.49333190917969,117827264.0
2024-02-13,104.43005884051406,111.00258002628068,98.00359516685654,105.306396484375,158431484.0
2024-02-14,103.40767097772391,119.96068846489065,101.6063146781146,117.38037109375,166998522.0
2024-02-15,119.76595489919491,124.8292280697569,119.47383984255713,121.66468048095703,103105342.0
2024-02-16,122.10284554675951,122.58969899197882,115.4816357202594,117.33168029785156,55011256.0
2024-02-19,118.3053908225212,125.12133926497098,117.76984904481102,122.97918701171875,60306871.0
2024-02-20,122.63837734304644,122.97918069068731,118.59749977432735,119.91200256347656,31893112.0
2024-02-21,120.8948885457907,120.8948885457907,117.11078174554409,118.7325439453125,27013817.0
2024-02-22,118.92912254746491,121.28804879197197,113.71982740329595,119.51885223388672,34354009.0
2024-02-23,119.91200135043475,120.01028837636795,116.96334557952243,117.45478820800781,18339054.0
2024-02-26,117.8970894340588,125.46531078819534,116.32447444450439,118.29024505615234,52788418.0
2024-02-27,119.22399333371541,124.7281496729576,118.92912473566925,120.20687866210938,26174798.0
2024-02-28,120.79660444787596,122.2709323927268,114.21126846158373,115.8330307006836,29143381.0
2024-02-29,116.96334848989315,120.45259423848923,112.63865175184746,119.07655334472656,30018100.0
2024-03-01,120.79660376896751,122.02521038277145,118.78168592280117,119.12569427490234,14130712.0
2024-03-04,121.87778072085112,123.64697731148823,119.66628873196471,120.20687866210938,24900057.0
2024-03-05,119.91200550726474,121.48462047316985,118.1428089838592,119.12569427490234,16109330.0
2024-03-06,119.81372078658002,119.86286055278724,114.80100720543535,117.40564727783203,18223921.0
2024-03-07,117.65136080160404,121.58290178075632,116.17703293442194,120.10857391357422,22891665.0
2024-03-11,120.74746255061214,120.79660981715293,117.06164252465437,117.84795379638672,14752739.0
2024-03-12,117.94623622982547,117.94623622982547,109.10026851258857,110.42716217041016,24775563.0
2024-03-13,110.23058534598306,112.39292995645685,97.01077386736321,99.46798706054688,50527598.0
2024-03-14,98.6816892362696,117.94624032251666,96.37191019638432,116.61934661865234,97307324.0
2024-03-15,114.80100559750207,125.80931791558815,111.6066283848016,122.4675064086914,119509864.0
2024-03-18,125.80931721516552,128.56139902877513,120.10857952932547,121.53376770019531,63037512.0
2024-03-19,120.10857466641947,122.12349243039232,115.98045961196212,116.52104949951172,30678573.0
2024-03-20,117.65136699956902,118.68339956049249,113.27753042937275,115.8330307006836,34239826.0
2024-03-21,117.65136914110829,122.12350032142065,117.11078671744824,118.6342544555664,30305264.0
2024-03-22,118.7325502879611,122.66409158890261,117.74966496272573,120.7966079711914,24076684.0
2024-03-26,120.79660115910579,121.63205213867826,118.33938798458703,119.32227325439453,19125648.0
2024-03-27,119.91200723773554,124.97386805942028,119.42056458512187,120.69831848144531,44973081.0
2024-03-28,121.77948642891329,122.61493740848577,118.92911764670764,119.32227325439453,18585313.0
2024-04-01,120.60001996166407,124.04011841613979,120.60001996166407,123.25381469726562,19806573.0
2024-04-02,123.6961111826506,132.3454971609532,121.97606193994717,130.2322998046875,68386748.0
2024-04-03,129.7408479881399,133.62324157613617,128.5613887332299,131.0677490234375,43916185.0
2024-04-04,132.00149152513822,133.42667213217888,128.75796721411,129.44598388671875,23550235.0
2024-04-05,129.34771973875112,135.14673738000045,126.49734318815233,133.08267211914062,48760930.0
2024-04-08,134.06555018321563,134.75358189780525,131.06776198810203,132.78781127929688,21045516.0
2024-04-09,133.377530692101,133.377530692101,128.02080886760987,128.46310424804688,20383640.0
2024-04-10,128.7579693178468,131.26432973539374,128.31567394948885,130.13400268554688,18015899.0
2024-04-12,128.75797672547918,131.85405947974587,127.97166547113913,128.6105499267578,18246054.0
2024-04-15,120.05943813039224,125.07215154521043,119.61713525628443,122.07434844970703,41098936.0
2024-04-16,121.53376432911439,126.2024618318268,120.45259203904985,125.31787109375,19899223.0
2024-04-18,125.80931724698763,128.21738321039038,124.13841525182895,125.76016998291016,25152210.0
2024-04-19,122.8606596711301,124.48242187855293,120.45259374110377,122.07434844970703,23340179.0
2024-04-22,123.79440145162651,126.93963143537525,123.64697465459125,126.44818878173828,15646667.0
2024-04-23,126.98878207298898,128.85627320499233,125.31788000577333,127.18535614013672,16476180.0
2024-04-24,127.87338774090856,129.44599527412294,126.6447810754411,127.480224609375,15583301.0
2024-04-25,128.16823067595845,132.09977167825951,127.23449268743971,130.67459106445312,25448191.0
2024-04-26,131.31347098421708,135.04842281053476,129.4951273337954,132.29635620117188,35340965.0
2024-04-29,133.6723908083997,138.88168550854883,133.08265367342497,134.75357055664062,29352480.0
2024-04-30,135.34330168421667,136.86677688606702,131.60833457576922,132.0997772216797,22527023.0
2024-05-02,132.68950660316756,136.2770317085682,131.3626055380805,134.80270385742188,20225776.0
2024-05-03,135.2450256045967,137.35822303687738,130.72374714779744,132.83694458007812,19293037.0
2024-05-06,134.06554506904237,134.55698770492248,128.2665279647125,130.1831512451172,18424655.0
2024-05-07,129.88829001241587,130.37973267609908,123.4503956174578,124.43328094482422,22142878.0
2024-05-08,124.67899626438304,127.97166045251738,123.10638131619557,126.00588989257812,14655120.0
2024-05-09,126.20246801372396,127.33279512067766,120.89489332999935,121.33718872070312,14126991.0
2024-05-10,122.22178471825858,123.69611265816235,117.79880089854727,123.05723571777344,14316298.0
2024-05-13,123.00809183018895,123.20466588272738,118.78168221123786,121.3863296508789,11861165.0
2024-05-14,121.97605939513397,129.15111730142453,121.877772368794,128.315673828125,17989336.0
2024-05-15,128.61054951817155,129.54428756826653,126.64477888738645,127.08707427978516,10558012.0
2024-05-16,127.92251131903285,131.16603569504693,127.62765773746344,129.54428100585938,14514506.0
2024-05-17,130.08488302170912,133.57411404158262,129.052850397143,132.4438018798828,19367924.0
2024-05-21,133.03353590453287,148.612259443827,131.21519203827972,145.6144561767578,82857438.0
2024-05-22,146.44991208453328,150.38145334854758,142.0760754278453,143.6978302001953,33312243.0
2024-05-23,143.69782944488256,149.39856724726673,142.37094327383602,144.87728881835938,31445912.0
2024-05-24,144.8772866694572,147.1870731147206,141.09318727744537,142.37094116210938,15046518.0
2024-05-27,143.1572285254702,144.68070363974567,139.52055615430962,142.02691650390625,16544136.0
2024-05-28,142.81324391802372,142.960670721017,135.24502974568378,136.62106323242188,18723285.0
2024-05-29,136.96506593267486,139.07826322645954,133.67239433779858,137.30906677246094,16472648.0
2024-05-30,131.6083324785554,134.2621347222944,129.2494138148309,131.41175842285156,32562990.0
2024-05-31,133.18095171155667,141.0440337314272,128.31567271128955,137.30906677246094,30917309.0
2024-06-03,150.38145386046847,150.38145386046847,138.93084588910307,140.7000274658203,47119535.0
2024-06-04,140.5525923531419,140.5525923531419,112.5895096712229,121.09146118164062,91763944.0
2024-06-05,124.7772882693023,126.15333671472635,114.80100827876682,124.08927154541016,26386273.0
2024-06-06,126.59562542497052,131.51005176136192,126.30075684525924,128.9545440673828,20232853.0
2024-06-07,128.75796277610854,132.39463506109695,126.89048687230421,131.0677490234375,17454204.0
2024-06-10,132.68950709581526,133.08265519185858,129.67204221706615,130.12417602539062,14138283.0
2024-06-11,131.21518524165268,133.08266127974412,129.93743137460314,131.32330322265625,12882797.0
2024-06-12,132.00150032431978,134.25230108852864,131.2643363407487,131.83441162109375,12171563.0
2024-06-13,132.6895192793523,133.07284395736482,130.17333523930697,130.84169006347656,8994923.0
2024-06-14,131.4510787667714,136.47362299542334,129.59342624371592,132.718994140625,19486439.0
2024-06-18,133.18095969850555,133.9083002281126,131.4609104035064,131.83441162109375,9005824.0
2024-06-19,131.70663148272948,132.1980741375158,128.26653289922535,129.65240478515625,9063500.0
2024-06-20,130.1340089427455,132.0801326533177,128.97421147672335,130.0160675048828,8799777.0
2024-06-21,129.740855482131,131.90320007397204,129.01351498406598,129.681884765625,11534887.0
2024-06-24,129.68188133935328,130.33058919905804,128.48276014328275,128.94471740722656,6611342.0
2024-06-25,129.4754761841386,130.23230206339323,126.48751147538135,127.12638092041016,5687103.0
2024-06-26,127.77508330437573,129.9865751307976,126.11400482179663,127.45072937011719,10653386.0
2024-06-27,128.75797146643347,131.1267285867379,127.48021760502502,130.09469604492188,16665695.0
2024-06-28,130.2323026802051,130.99895201692647,128.26653207371143,129.377197265625,9005418.0
2024-07-01,130.18315905742813,130.62545445673464,128.27635911616363,129.52462768554688,8431793.0
2024-07-02,130.47802970245593,130.52717696929187,128.27636112791185,128.7579803466797,6830983.0
2024-07-03,129.05284462572644,134.6552879115704,128.37465135998013,134.01641845703125,37265683.0
2024-07-04,134.16383902672396,139.5697079984967,134.0164122356403,137.99708557128906,47117085.0
2024-07-05,138.53767988296977,141.7320571044534,137.0633519345927,139.73680114746094,35158182.0
2024-07-08,140.84747232058234,144.97558775195753,139.56971837815573,140.572265625,30388072.0
2024-07-09,141.73205709549524,146.4499095295315,140.56242119023437,142.87220764160156,40997969.0
2024-07-10,143.50126259565576,144.36620651191558,133.68223244766548,140.44448852539062,31536147.0
2024-07-11,140.89659992273153,148.95625559201557,139.894052815809,147.37380981445312,60668031.0
2024-07-12,150.1848810730059,154.31299644984315,147.4327991559011,148.11099243164062,87200911.0
2024-07-15,148.95627176417722,155.2958790156027,144.9952451637803,151.14810180664062,62528081.0
2024-07-16,152.0032074466263,153.33010861640102,147.92423940236125,148.7400360107422,22878049.0
2024-07-18,149.30026079009284,150.77458863857026,141.74188595158148,143.9337158203125,25911911.0
2024-07-19,142.51837660772304,144.96576654310275,137.7808619933438,138.48854064941406,21169916.0
2024-07-22,137.58428687969786,142.3119630062232,135.76595798360975,141.71240234375,14036159.0
2024-07-23,142.51836228086373,146.6268154567144,127.87337794898913,144.08114624023438,33060907.0
2024-07-24,141.83035102940883,145.71274494407382,140.96540717079975,142.00726318359375,14271564.0
2024-07-25,140.55259084059335,141.14232799002895,138.18383378713327,138.62612915039062,9982023.0
2024-07-26,153.85104236907438,156.91763985651528,144.9755888737662,145.5751495361328,105299846.0
2024-07-29,146.8430623700908,149.64429156092766,145.36873437441662,148.24859619140625,25730974.0
2024-07-30,147.32467305016453,149.3002670508186,146.76443624302226,148.26824951171875,15490158.0
2024-07-31,148.9071113643908,151.06945585662328,144.4841278585178,145.92897033691406,19842731.0
2024-08-01,147.0396446289245,147.43279274385242,143.50125160401635,144.0025177001953,11503150.0
2024-08-02,140.552589718201,142.4692129421033,139.8252492393905,141.34872436523438,11812640.0
2024-08-05,137.60394571502576,139.76629043387678,134.26214160385965,137.1125030517578,22974955.0
2024-08-06,137.67274953734594,141.30942210469445,132.6895139265701,133.2792510986328,13822499.0
2024-08-07,136.62105389514275,139.02911983117679,134.4095620155451,138.183837890625,8869977.0
2024-08-08,137.99708387569453,140.9359161888438,135.99200455339854,137.44667053222656,11181186.0
2024-08-09,139.37312856275133,140.30686653138346,136.12960430540534,136.93557739257812,8861770.0
2024-08-12,135.63817074752865,139.4714174000335,134.65528545225672,138.14453125,12376316.0
2024-08-13,138.5966469902215,140.86712456958324,133.33821977659915,134.77322387695312,9445769.0
2024-08-14,141.73205930846234,146.29264656645603,138.3705933336068,139.69749450683594,77316074.0
2024-08-16,141.5354845279024,142.1645305258986,139.56971390945932,140.51329040527344,10909616.0
2024-08-19,141.28976068726067,141.28976068726067,138.2821340941663,138.7342529296875,11478780.0
2024-08-20,139.37313578625037,139.37313578625037,135.78559551353754,136.13943481445312,8504210.0
2024-08-21,135.6381682076903,136.12961084612397,133.67239765395567,134.18350219726562,11552938.0
2024-08-22,134.18349529954196,134.37024589216907,130.72373510347956,131.02842712402344,20320367.0
2024-08-23,131.01861376850533,133.57410655536304,129.64256534699163,131.42160034179688,14522068.0
2024-08-26,132.09977922223203,132.9450611859048,131.01861438343914,131.3331298828125,7200371.0
2024-08-27,131.63782702591305,132.1980788712981,130.23230818176205,130.438720703125,5502648.0
2024-08-28,130.43871059136438,131.06775656334594,129.740855451716,130.04554748535156,7422106.0
2024-08-29,130.4780270358536,134.1638470086178,130.08487890448134,131.43142700195312,18034863.0
2024-08-30,131.90319245508127,131.99164852473095,130.28143785428477,131.0677490234375,7628424.0
2024-09-02,137.60394623941013,137.60394623941013,133.00405009255988,134.1147003173828,27209402.0
2024-09-03,134.1638433204673,134.50785917419094,132.69933882573102,133.4659881591797,5889109.0
2024-09-04,130.53698578596936,132.39463828199612,130.4288678101101,131.4412384033203,4878488.0
2024-09-05,132.05064766914586,132.0997799366352,130.1831565777212,130.517333984375,5039825.0
2024-09-06,129.98657770752908,130.96946298320037,127.57851178166221,128.27635192871094,7226505.0
2024-09-09,127.87338812883888,127.87338812883888,122.62477653865278,124.04995727539062,12382417.0
2024-09-10,124.82643090404413,132.13909980702144,124.82643090404413,131.32330322265625,24670862.0
2024-09-11,131.8540469091138,132.05063595218633,128.75796445001978,129.57376098632812,7434710.0
2024-09-12,130.3837256596616,130.87760340837244,127.72666096008484,129.9194793701172,7846440.0
2024-09-13,130.18618757642838,131.22333394279292,128.6057726303535,128.97125244140625,4785993.0
2024-09-16,129.19843288051368,130.68006625053803,127.91434761210178,128.19091796875,6108302.0
2024-09-17,128.4082234913376,130.5812827206464,127.61801602469245,128.1415252685547,6791823.0
2024-09-18,128.4674842473919,130.18618432796603,127.12413609833422,127.47972869873047,5328689.0
2024-09-19,129.29719209883254,129.39597368004132,123.97319796184433,127.19328308105469,8065441.0
2024-09-20,127.4204589089486,129.395969899785,126.26478678794362,128.7045440673828,6597480.0
2024-09-23,129.05025546585506,129.79107212196664,126.23516121580316,127.25254821777344,5043734.0
2024-09-24,127.42046259202684,129.22805700952486,126.92658483004224,127.79581451416016,5439398.0
2024-09-25,128.40821859192445,129.19842602841925,125.08935941620888,125.39556121826172,7744852.0
2024-09-26,125.84005796677472,126.38331899505341,124.25965060163627,124.44731903076172,5843848.0
2024-09-27,125.55361160042494,133.23834875955663,125.55361160042494,132.20120239257812,35532267.0
2024-09-30,131.3616152023069,133.346998419539,128.32919844815453,130.88748168945312,16081941.0
2024-10-01,131.37148586602726,131.6184247492341,128.70454894178428,129.23793029785156,7161741.0
2024-10-03,125.44495321092776,127.79581621223637,125.04984948889485,125.42520141601562,6910638.0
2024-10-04,124.47695304176814,126.41296058170343,122.58046416474487,125.1189956665039,6079979.0
2024-10-07,125.15850268111029,125.93883045649125,115.9229899548296,116.5551528930664,12710176.0
2024-10-08,117.04903414486317,120.1110748811199,114.94511750989453,119.06405639648438,10965315.0
2024-10-09,120.80250294771774,122.28413622572258,119.07393079004544,119.5282974243164,6747216.0
2024-10-10,120.97042287944016,121.72111920419479,117.14780620488848,117.6021728515625,6102757.0
2024-10-11,117.54290653582457,119.23196756576168,116.9304954022662,118.71833801269531,3995606.0
2024-10-14,119.2319729432125,119.93327848767123,117.44413778812722,117.65156555175781,4213161.0
2024-10-15,118.33311805178778,121.88903652902171,118.04666803761376,119.83450317382812,8648171.0
2024-10-16,119.12331331034801,120.75311141330572,117.1379226199822,118.30347442626953,5051985.0
2024-10-17,118.03678940195621,118.7479746108038,117.0984246344904,117.44413757324219,3367212.0
2024-10-18,116.55515220317328,122.34340019512425,114.10551518002264,120.76299285888672,11128401.0
2024-10-21,121.47417734424333,121.47417734424333,117.34535896312651,117.92813110351562,4534966.0
2024-10-22,117.54291138899265,118.24421693077782,108.65311136797641,109.58160400390625,9842266.0
2024-10-23,109.5816002833575,111.79417054783727,104.89963367201588,110.4903335571289,9896931.0
2024-10-24,110.49033204760312,113.24617082721784,109.33465990853206,110.45082092285156,5834815.0
2024-10-25,110.44094689198512,110.7767877015185,105.215719068649,105.96641540527344,6877354.0
2024-10-28,106.65784542970906,108.45556019260839,104.91939358708856,107.48755645751953,4983337.0
2024-10-29,107.96167998828722,110.3717983022158,106.6775948140973,109.83840942382812,4446340.0
2024-10-30,108.96918842370506,112.59424936544487,108.46543099954692,112.08061981201172,5043181.0
2024-10-31,111.91270557572103,112.45596660054925,110.68788328153846,111.94233703613281,3453974.0
2024-11-01,112.40658109287617,113.69065874617628,112.1596422130904,113.49311065673828,1191170.0
2024-11-04,113.58200403165404,113.69065774067695,109.13710423482149,110.04584503173828,4296481.0
2024-11-05,108.80127502018898,115.41923417136393,107.81351947308963,112.16951751708984,11375103.0
2024-11-06,113.09801038086876,114.38209560919074,111.72503077038964,113.98699188232422,7126848.0
2024-11-07,114.38209476779635,115.96250212766014,113.09800954892009,113.562255859375,5278150.0
2024-11-08,113.57213377669758,113.57213377669758,109.64086346457066,110.09523010253906,3626568.0
2024-11-11,108.67286374861597,109.73964156551801,107.0825842249454,107.78388977050781,4677441.0
2024-11-12,108.60371798532341,110.40143275636711,106.33188477794769,107.29988098144531,4305092.0
2024-11-13,105.88739201644906,107.07270319882811,102.09441431918037,102.91425323486328,6363826.0
2024-11-14,102.23269896696216,105.03792109912493,102.18330817529274,102.4993896484375,5101719.0
2024-11-18,102.72657809850436,104.08967805647517,100.45473729924285,103.3389892578125,5543260.0
2024-11-19,103.81310718806502,106.638088674563,103.6155590917131,104.53417205810547,5049335.0
2024-11-21,104.30697935913335,104.30697935913335,101.59065173240604,102.17343139648438,4789835.0
2024-11-22,104.20820739725725,108.949436909343,103.71432963708068,106.25286102294922,27960948.0
2024-11-25,108.504946561534,112.80168173252682,108.40617251290895,111.59662628173828,10377460.0
2024-11-26,112.2090242361111,112.81155569905452,110.83604468244701,111.44845581054688,5158383.0
2024-11-27,111.132375641014,112.76217375585354,110.1940033756329,112.28804779052734,4539803.0
2024-11-28,112.60412930310369,118.23433275386826,112.30779963265228,116.51564025878906,9646657.0
2024-11-29,117.5429063630439,117.74045445178446,113.06837508287923,113.48323059082031,7526829.0
2024-12-02,113.09801187935835,113.85858034647269,112.21891003182054,112.41645812988281,4666093.0
2024-12-03,112.60413253333451,116.45638067982816,112.47572702497621,115.59703063964844,6261955.0
2024-12-04,116.51564310847613,117.44413573168778,115.36985059572557,115.78470611572266,6000744.0
2024-12-05,116.40699069420135,116.45638148636102,115.02413140947561,115.61679077148438,3270035.0
2024-12-06,116.16004774196625,121.29638097184845,115.28094593130905,119.13319396972656,20024908.0
2024-12-09,119.66658392521865,122.97556344237641,119.3702542519307,120.77286529541016,14027054.0
2024-12-10,120.60494766233879,121.0099310434037,117.58241817820203,117.92813110351562,6551124.0
2024-12-11,117.83923620534752,119.70609352980308,117.65156024558455,118.71833801269531,4952625.0
2024-12-12,118.71834077667305,119.123316629408,116.39710922864607,116.97988891601562,3381492.0
2024-12-13,116.55515510819188,117.04903288407405,113.59188845289886,116.61441802978516,4333788.0
2024-12-16,116.61441282214692,117.78984428776793,115.66616843911603,115.87359619140625,3770291.0
2024-12-17,116.20944106827277,118.4812742941621,115.17229473438245,116.58478546142578,6282544.0
2024-12-18,116.5551506327386,116.69343580179763,113.72028959507554,114.28330993652344,5738171.0
2024-12-19,110.67800818437883,113.64127472172791,110.4310693062664,112.87081909179688,4171712.0
2024-12-20,112.90046280955441,113.92772195380881,109.64086646774426,110.17425537109375,4865491.0
2024-12-23,110.91506667439847,111.33980184342266,107.99131128092029,108.42591857910156,4755898.0
2024-12-24,108.64323203835508,110.31254134786609,108.01106908222792,108.58396911621094,3571079.0
2024-12-26,108.57408796089229,109.74951947380347,106.99368059225755,107.53694915771484,4244013.0
2024-12-27,108.10984225572187,108.75188487233316,105.68984416539102,106.14421081542969,2957351.0
2024-12-30,106.18371862144286,106.7763704274835,101.45236876645859,102.23269653320312,9762940.0
2024-12-31,102.13392605708229,104.04029458271171,101.83759637571897,103.13156127929688,5336257.0
2025-01-01,105.96641173920315,110.95458016533918,105.19596363383835,109.4926986694336,70715703.0
2025-01-02,110.27303141483404,111.12250180932122,106.03555910818801,108.01107025146484,17092773.0
2025-01-03,108.15923296642674,110.42119408529298,107.56658114229923,107.7542495727539,7370301.0
2025-01-06,108.10983730983457,108.20861888939166,100.95848954373265,101.59065246582031,12191154.0
2025-01-07,102.59817356850297,104.11931804764978,102.23270129536495,102.96363830566406,6529601.0
2025-01-08,102.96363812943063,103.65507154748315,100.53376034045182,101.74870300292969,6771947.0
2025-01-09,101.71906822092569,102.13392373662748,99.10151454827586,99.44722747802734,5329003.0
2025-01-10,98.77554985248945,99.44722389292544,95.41717965030954,95.73326110839844,8282410.0
2025-01-13,93.79726092446558,95.77277191496226,89.05603906885935,89.49064636230469,11287576.0
2025-01-14,89.79686233011608,93.83677898713542,89.7869826643597,92.88853454589844,10042149.0
2025-01-15,94.03432238181156,95.91105937485544,92.69097427327341,93.57008361816406,8555894.0
2025-01-16,94.82453295061376,97.78779960532043,94.81465328502456,96.06910705566406,6647070.0
2025-01-17,95.31841193353583,99.82257489421931,95.22951755003771,99.52625274658203,10420509.0
2025-01-20,98.9731027721666,100.9782528623343,98.47922499878058,100.28681945800781,6182385.0
2025-01-21,100.73131479638668,101.1165388598884,97.10624618285442,97.68902587890625,6200896.0
2025-01-22,97.49146597913106,97.78779564699742,92.84901808906825,94.5578384399414,8542598.0
2025-01-23,94.53808222548925,97.54085998399736,94.17260996120518,97.0568618774414,6538648.0
2025-01-24,97.29392314643715,97.81743239009822,93.8466583348755,94.29114532470703,4561538.0
2025-01-27,92.55269160696552,93.20461388432076,89.40175654101215,90.01416015625,9305249.0
2025-01-28,90.87351184392506,91.65383964342381,87.08053409727361,88.8486099243164,10596590.0
2025-01-29,88.94739238420698,92.07857574272762,88.5917997749642,90.2808609008789,11064396.0
2025-01-30,90.87351182870557,93.94543223361931,90.50803955731236,93.48118591308594,11978051.0
2025-01-31,93.48118647173382,96.5531068950055,92.67122720638103,96.31604766845703,6967787.0
2025-02-01,96.61236438900939,102.13392162961593,93.99481830633592,96.37530517578125,26754733.0
2025-02-03,93.83677705924863,94.76526968587376,91.41677898105873,92.83914184570312,8918062.0
2025-02-04,93.05644850309989,95.43694297135985,93.05644850309989,94.42942810058594,4707808.0
2025-02-05,94.97269683180544,97.26428938687282,94.67636715493546,95.23938751220703,5272527.0
2025-02-06,95.91105975968685,96.49383943686492,94.72575614668038,96.197509765625,7349816.0
2025-02-07,96.15800007131112,96.3456760349543,93.64910010166874,94.22200012207031,6559395.0
2025-02-10,94.62698086002116,95.19000119920851,92.53293646614335,93.14534759521484,4667772.0
2025-02-11,92.8687689993304,93.3330152911122,89.16468586614756,89.70795440673828,5925094.0
2025-02-12,88.71032615746033,89.57955589019163,85.1939187069805,89.08567810058594,8647865.0
2025-02-13,89.48077175982243,92.05881435115634,89.48077175982243,91.43653106689453,7728469.0
2025-02-14,91.41678060976203,92.2563713333183,87.4953898086127,88.65106201171875,11088301.0
2025-02-17,87.91024123504243,89.62893372889005,85.53962648105946,87.53489685058594,9103990.0
2025-02-18,87.76207918402726,88.89799957467682,85.79644774794957,88.41400146484375,8114134.0
2025-02-19,86.92249076404933,89.78698344415089,86.68543153567548,88.87825012207031,6948254.0
2025-02-20,88.40411905267483,93.21449114871606,88.05840612782058,92.7699966430664,9156417.0
2025-02-21,93.44000244140625,95.75,92.58999633789062,92.98999786376953,8791330.0
2025-02-24,91.5,91.5,90.0,90.77999877929688,4682847.0
2025-02-25,90.31999969482422,91.80000305175781,89.05999755859375,89.52999877929688,5834609.0
2025-02-27,89.54000091552734,89.98999786376953,87.27999877929688,87.9800033569336,6591109.0
2025-02-28,86.91000366210938,87.55000305175781,82.80000305175781,84.11000061035156,8528372.0
2025-03-03,84.5,85.75,80.54000091552734,82.0,8862458.0
2025-03-04,81.0,84.87999725341797,80.69999694824219,82.9000015258789,7362054.0
2025-03-05,82.61000061035156,86.94999694824219,82.61000061035156,86.58000183105469,8090516.0
2025-03-06,87.01000213623047,88.37000274658203,86.75,87.44999694824219,6158861.0
2025-03-07,86.9800033569336,89.4000015258789,86.7699966430664,87.76000213623047,6175552.0
2025-03-10,87.7699966430664,88.93000030517578,85.05000305175781,85.80000305175781,5654494.0
2025-03-11,85.0,86.69999694824219,84.43000030517578,86.08000183105469,5587489.0
2025-03-12,86.5,88.13999938964844,84.86000061035156,86.33999633789062,6313074.0
2025-03-13,86.69999694824219,87.44000244140625,85.18000030517578,85.41999816894531,3596563.0
2025-03-17,85.51000213623047,87.0,85.5,86.26000213623047,4673615.0
2025-03-18,86.26000213623047,86.26000213623047,86.26000213623047,86.26000213623047,0.0
2025-03-19,88.29000091552734,91.94999694824219,87.94999694824219,91.70999908447266,9211611.0
2025-03-20,92.43000030517578,92.75,90.44999694824219,91.06999969482422,5538285.0
2025-03-21,91.0,96.8499984741211,90.58000183105469,95.2300033569336,21495051.0
2025-03-24,96.0,97.8499984741211,95.9000015258789,96.93000030517578,9209244.0
2025-03-25,97.4000015258789,97.4000015258789,93.05000305175781,93.5,8796395.0
2025-03-26,93.9000015258789,94.80999755859375,91.30000305175781,91.52999877929688,7445890.0
2025-03-27,91.19999694824219,92.8499984741211,90.80000305175781,92.37999725341797,9560355.0
2025-03-28,92.9000015258789,96.16999816894531,91.20999908447266,91.58999633789062,11724143.0
2025-04-01,91.5,92.94999694824219,90.55999755859375,91.29000091552734,6079541.0
2025-04-02,91.94999694824219,93.5999984741211,89.69999694824219,93.31999969482422,6696982.0
2025-04-03,92.83999633789062,96.0,92.5,95.7699966430664,8044837.0
2025-04-04,95.94999694824219,96.12000274658203,91.7300033569336,92.41999816894531,6542740.0
2025-04-07,83.16999816894531,90.0,83.16999816894531,88.91000366210938,6304022.0
2025-04-08,91.08000183105469,92.05999755859375,89.52999877929688,90.5999984741211,4027939.0
2025-04-09,90.58999633789062,90.75,89.02999877929688,90.02999877929688,2524732.0
2025-04-11,92.01000213623047,92.5,90.5,91.43000030517578,3123108.0
2025-04-15,92.5199966430664,94.44999694824219,92.33999633789062,94.11000061035156,4722031.0
2025-04-16,94.12000274658203,95.55000305175781,93.8499984741211,95.02999877929688,5980819.0
2025-04-17,94.98999786376953,95.69000244140625,93.41000366210938,94.18000030517578,4951325.0
2025-04-21,94.6500015258789,96.4000015258789,93.80999755859375,95.87000274658203,6038998.0
2025-04-22,96.30000305175781,100.9000015258789,95.16000366210938,99.0999984741211,23034145.0
2025-04-23,100.0,100.87000274658203,97.5,100.01000213623047,10896395.0
2025-04-24,99.8499984741211,101.77999877929688,98.51000213623047,98.7699966430664,11489970.0
2025-04-25,99.45999908447266,99.80000305175781,93.5199966430664,96.63999938964844,11624755.0
2025-04-28,96.0,98.0999984741211,95.19999694824219,98.01000213623047,5850616.0
