Date,Open,High,Low,Close,Volume
2010-01-04,72.56420080148906,72.87668501830638,71.26960677864227,72.57536315917969,859488
2010-01-05,73.21148965102691,74.10431599272857,72.78739733183899,73.63558197021484,845013
2010-01-06,74.1824221697207,75.04176126803061,73.22263732786215,73.3007583618164,785060
2010-01-07,73.21149337257661,73.63558571332237,71.4370106808209,71.78297424316406,636633
2010-01-08,71.87225932418276,73.09989466934695,70.30982276649941,70.77855682373047,1042047
2010-01-11,71.20264450581722,72.39680055346896,70.66695172805126,71.35889434814453,1118575
2010-01-12,71.4258381143608,71.74948464005527,68.97057555682078,69.24958038330078,971489
2010-01-13,68.0777578968357,70.6334665316454,68.0777578968357,70.35446166992188,602686
2010-01-14,69.19378113958233,71.29191001506777,69.19378113958233,70.44373321533203,342651
2010-01-15,70.53301476532641,71.31423286103511,69.42814244120106,69.67366790771484,1376037
2010-01-18,70.30981108676121,71.40352113034352,68.30095779646241,70.8678207397461,1065638
2010-01-19,71.40352297543642,72.31866624580054,70.30981290359225,70.66693878173828,2607541
2010-01-20,71.37003615963373,71.37003615963373,69.41698686716575,69.85224151611328,790587
2010-01-21,70.30981081415904,70.85666583382995,68.97057529248559,69.41698455810547,1077529
2010-01-22,68.88128851021872,70.00847783726012,66.30326334758284,69.32769775390625,1158820
2010-01-25,67.43046163306275,69.2942276185202,67.29653652471991,68.32328796386719,1087103
2010-01-27,68.07775779331087,68.88130075463785,64.56226795912562,65.031005859375,1279749
2010-01-28,65.85686459790111,66.88360833943358,62.609217327422,63.200714111328125,851139
2010-01-29,63.122597124542615,66.89477500343482,61.61595689960534,66.25863647460938,2345816
2010-02-01,66.96172969084847,68.76969939745429,66.19167381244495,68.27864837646484,782202
2010-02-02,68.68040590176511,69.07101882462571,65.86800985175869,66.22514343261719,613893
2010-02-03,66.97288926082673,67.83222851179445,66.96172690404661,67.5309066772461,354864
2010-02-04,66.98405838134404,68.16704429987276,65.96846920734826,66.58228302001953,546796
2010-02-05,65.84571002925843,65.84571002925843,62.28557813473932,63.848018646240234,1555425
2010-02-08,63.63595435256833,65.6001658259918,63.63595435256833,65.28767395019531,451012
2010-02-09,66.06890923689323,66.8724444400774,64.95287438835612,66.38139343261719,361099
2010-02-10,66.73852434982592,67.15145429161073,64.59574587032452,64.74082946777344,482037
2010-02-11,65.17607054950876,65.6224797694222,63.948439401137044,64.2162857055664,2488749
2010-02-15,63.836847158322996,65.1091241026033,62.94402468835031,63.23419189453125,652455
2010-02-16,63.83684971810329,64.06005824135228,62.7208225514879,63.82569122314453,566161
2010-02-17,64.72966394886309,64.72966394886309,63.61363692492016,64.16049194335938,1318989
2010-02-18,64.2832584663883,66.82780069417653,63.82568681891326,65.13143920898438,2131773
2010-02-19,66.29211058881965,67.7206296451927,62.92170447520087,66.04658508300781,4325642
2010-02-22,66.53764361543783,68.0331215334076,63.06679520825647,63.71409225463867,1690212
2010-02-23,63.83683349418698,64.5399343701195,63.27882005269653,63.60247039794922,541679
2010-02-24,63.41276062982655,64.26094142267216,63.0556308585212,63.435081481933594,979123
2010-02-25,64.26093802506365,64.68503033026751,61.10257817418316,62.6984977722168,11301550
2010-02-26,62.051205920838825,65.8457045414377,62.051205920838825,64.28326416015625,1807681
2010-03-02,64.72967101394374,65.37696799445169,63.50203960865086,63.76988983154297,712651
2010-03-03,63.948450455582254,67.15145589482009,63.74756665813609,66.72736358642578,2001382
2010-03-04,66.961731999472,68.97058558166731,66.63808542673563,68.71389770507812,2154202
2010-03-05,69.03753504474255,69.27190589954293,68.18935819944838,68.74736785888672,829966
2010-03-08,69.41699022846582,71.29191856700031,68.74737241293104,70.91246795654297,1751659
2010-03-09,70.39908835762161,71.07986069299349,69.19377803331592,69.53974151611328,805241
2010-03-10,69.18262920816737,70.33213570691258,68.59113242296627,69.5732421875,494992
2010-03-11,67.3300130763,69.7741210964754,67.3300130763,68.87013244628906,895351
2010-03-12,68.97057632522595,69.35002691036944,67.65366549576216,68.1000747680664,251949
2010-03-15,67.68715841040397,69.8076125350109,67.63135434337218,69.58440399169922,728586
2010-03-16,69.58440001590267,70.28749723114278,68.55765622496419,69.82992553710938,603879
2010-03-17,69.47280478939727,70.71159484546378,69.47280478939727,70.04197692871094,707482
2010-03-18,70.30981370104115,70.979431489372,69.20494126036958,69.5174331665039,454949
2010-03-19,69.64017913178523,69.64017913178523,68.52415232842985,68.73619842529297,431783
2010-03-22,67.69832650517299,70.2205484966453,67.69832650517299,69.13800048828125,927812
2010-03-23,70.28748025688797,70.28748025688797,69.22725737361074,69.53974151611328,685440
2010-03-25,69.20493622343433,69.20493622343433,66.98404459693975,67.51973724365234,1364694
2010-03-26,68.68041301619128,70.55534133547668,67.89919481435928,70.12008666992188,1010786
2010-03-29,70.29866242863635,71.64906057463848,69.31656030413686,71.38121032714844,1230622
2010-03-30,71.82761089222839,72.3186696192046,70.42141657701433,71.40352630615234,2025063
2010-03-31,71.42584784386172,74.07083991456274,71.03523485373003,73.2449722290039,2445998
2010-04-01,73.43469918450184,73.646745347032,71.21379951893739,71.51512908935547,1649785
2010-04-05,72.1512680053711,72.765081782227,71.42584610558525,72.1512680053711,764806
2010-04-06,72.54186855109153,72.98828556419639,71.90573782584197,72.25170135498047,277876
2010-04-07,72.95478947404388,72.95478947404388,71.53743301351821,72.11776733398438,395348
2010-04-08,71.33655287491362,73.65789799971598,71.33655287491362,72.0396499633789,1179199
2010-04-09,71.91689090393886,72.87667587415878,71.64904842667636,72.2851791381836,282777
2010-04-12,72.87668867560758,74.32752487967295,72.59768379304532,72.82089233398438,1086647
2010-04-13,73.2114807673422,74.94132918048,72.31866225879217,74.47259521484375,803613
2010-04-15,74.77393495616137,74.95249404736843,72.76508145036071,73.28961181640625,904589
2010-04-16,72.76508796876652,73.836473511244,71.87226153349172,72.98829650878906,701324
2010-04-19,72.54188047065094,72.70928494686841,70.81203936628074,72.16242980957031,603562
2010-04-20,72.65348770057336,73.2114974644774,72.11778720349133,72.66464233398438,371982
2010-04-21,72.98829393157214,73.76951220684317,72.60884328933992,73.0440902709961,312968
2010-04-22,72.5418759718092,74.27172469371455,72.5418759718092,73.86994934082031,838356
2010-04-23,74.30518794140892,76.71580863717908,74.11546652615132,75.99039459228516,2157479
2010-04-26,76.49260340698291,77.78719720229462,75.0752468730959,77.21802520751953,1543921
2010-04-27,76.78277034202183,78.94787338112948,76.55956957702703,78.68002319335938,1350124
2010-04-28,77.89881385472854,78.65771508088216,76.22476930433514,76.7158203125,886809
2010-04-29,76.61538509280295,78.01041711957328,76.61538509280295,77.1399154663086,427326
2010-04-30,77.22920325529537,79.57286584497233,77.22920325529537,78.98136901855469,930472
2010-05-03,77.78719362773306,79.43892093195358,77.78719362773306,78.91438293457031,591536
2010-05-04,79.01482577489396,79.47239734896141,75.94574983964438,76.38099670410156,468136
2010-05-05,75.88997579961634,76.95019908021023,74.14897220371627,76.54843139648438,509542
2010-05-06,76.89439071356996,76.89439071356996,74.77393675903676,75.51051330566406,282244
2010-05-07,74.99714805672704,75.23151897241428,72.76509338948365,73.3565902709961,380594
2010-05-10,73.90344142983325,76.3363798035988,73.88111671297196,75.85649108886719,625011
2010-05-11,75.88995839293864,76.88322274002783,74.89669404584943,75.14221954345703,451313
2010-05-12,74.99712635534937,75.7783522151612,73.88109934466438,74.61767578125,712846
2010-05-13,74.79625278483519,75.55515403662645,73.97039283869196,74.88553619384766,1001419
2010-05-14,75.37657610848193,75.88995177222733,74.34983250580473,74.7962417602539,444944
2010-05-17,74.43911283283781,76.11315712402526,72.82087259296104,75.83414459228516,546163
2010-05-18,75.53283351119698,77.00598651650232,75.52167115438922,75.76719665527344,508261
2010-05-19,75.22033824524567,76.67117419715433,73.45701039033374,73.73602294921875,467045
2010-05-20,74.10430775142014,74.5507170102175,71.89457071939331,72.35214233398438,332406
2010-05-21,71.69369807719113,71.69369807719113,69.94153238754666,70.82319641113281,811384
2010-05-24,71.87226487166275,72.47492409530697,66.55997089573032,68.08892822265625,1089237
2010-05-25,65.84569762498273,67.89919268891421,65.84569762498273,66.44834899902344,1080319
2010-05-26,66.96172327671789,68.747368097791,66.63807674614128,67.93267059326172,1103662
2010-05-27,68.07775387011722,74.3275149317989,67.02869318014673,73.18917083740234,2027454
2010-05-28,73.65789764202515,73.7918150107483,70.08660043844628,71.23611450195312,833287
2010-05-31,70.37677279693668,72.47490957581542,70.37677279693668,71.77181243896484,1080841
2010-06-01,72.09546985423425,72.63116262384366,69.67368617041319,70.57766723632812,857099
2010-06-02,70.75622306726848,71.15799065080853,68.30096041547162,68.87013244628906,1119564
2010-06-03,70.09776225052973,70.62229254013081,69.46162385477334,70.27632904052734,789485
2010-06-04,70.53302787956417,71.6490550416248,69.58439745323862,71.33656311035156,707062
2010-06-07,69.64019592793034,70.97943150488474,67.96615145673732,70.16472625732422,858601
2010-06-08,70.83434354479498,71.26959819415228,68.54648535861776,68.88129425048828,402830
2010-06-09,69.19379068924971,69.77412510988358,68.2451602835699,68.6246109008789,606179
2010-06-10,68.33443193195346,69.86339649517141,68.33443193195346,69.68482971191406,400206
2010-06-11,70.53302491223657,70.53302491223657,68.99289776011953,69.46163177490234,382733
2010-06-14,70.53302692187843,70.53302692187843,69.57324187607885,70.387939453125,354810
2010-06-15,70.95709830816995,71.9838495809741,70.33212229530302,71.3142318725586,1241475
2010-06-16,71.76065908735467,71.99502225410917,69.78528480751267,70.13125610351562,938397
2010-06-17,69.43930349522881,70.42140534288042,68.97056955666183,69.53974151611328,742032
2010-06-18,69.41699350623448,69.64020203022379,68.5911335546962,68.90362548828125,434395
2010-06-21,70.30981263521508,71.11335551399404,69.24958191149187,70.83434295654297,1055109
2010-06-22,70.97942353045234,71.09102390772235,70.12007667855205,70.33212280273438,566512
2010-06-23,70.33213552206247,72.47491413692865,69.8187675139289,71.51512908935547,783883
2010-06-24,72.08430921308243,73.52399080771477,71.68254155750927,73.2784652709961,1612507
2010-06-25,73.43470616554752,74.08199934704768,72.37447525210627,72.82089233398438,668731
2010-06-28,73.4347058640188,73.4347058640188,72.69812926916745,72.98829650878906,441674
2010-06-29,73.21148573360917,75.65559375427009,72.43026755443091,74.20475006103516,1960173
2010-06-30,74.7739255881006,75.75602750354811,73.21148159329063,74.61767578125,1886754
2010-07-01,74.02620149945334,74.70697401704103,73.52398808616891,73.65791320800781,718661
2010-07-02,77.20602315152956,77.7770372226792,75.9212394329037,76.70638275146484,689471
2010-07-05,76.58743033973239,78.37185460873674,76.37330107428338,77.0751724243164,944786
2010-07-06,77.52721818033098,78.01496020521103,76.8253469162132,77.51531982421875,630815
2010-07-07,77.33687309403432,77.74134307182143,76.56361997064448,77.25360107421875,725983
2010-07-08,77.56290698916008,78.24098979247296,77.12275014336664,77.37256622314453,863940
2010-07-09,78.18152741610744,78.3956567187828,77.44396909930148,77.812744140625,807469
2010-07-12,78.038757352781,78.89528263904161,77.08706990952022,78.01496887207031,605047
2010-07-13,78.06255898039136,78.9190760863981,77.57481687063165,78.25289154052734,771066
2010-07-14,78.94286464397824,78.94286464397824,77.20602566094433,77.38446807861328,514698
2010-07-15,77.27738887284497,78.03874363410709,77.08705635814638,77.3249740600586,616613
2010-07-16,77.15843697845538,77.96737699986477,76.93240937735109,77.37256622314453,636994
2010-07-19,75.89744796852048,78.00307022102275,75.89744796852048,77.44395446777344,345139
2010-07-20,77.80082593219488,77.91978478315099,77.11084483467523,77.3249740600586,493450
2010-07-21,77.44395620014406,78.60977292812092,77.32498909190501,78.21720123291016,881969
2010-07-22,78.27668870003279,78.68115877311817,77.39637487267672,77.61050415039062,637631
2010-07-23,78.39563236324965,78.39563236324965,77.19412073546047,77.88410186767578,1037357
2010-07-26,77.97928547064177,78.4432308552852,77.6699858028269,78.07444763183594,421479
2010-07-27,78.15772443020086,78.39564217385028,77.80083958056933,78.03875732421875,348414
2010-07-28,78.26479747766257,78.68116594696102,77.59861286728028,77.93170928955078,736069
2010-07-29,78.49081180327677,78.75252625924581,75.94503268499972,76.62311553955078,2433389
2010-07-30,76.65879889304317,81.03658723828178,76.65879889304317,80.13247680664062,2610002
2010-08-02,80.8224734786262,84.15339645186124,80.8224734786262,83.90357208251953,2700989
2010-08-03,84.46268250301951,84.47457262599413,82.84480236275245,83.16600036621094,719779
2010-08-04,83.17790124215976,83.23737656130548,82.04776313434458,82.67826080322266,395391
2010-08-05,82.36896579219365,82.97566678029847,80.46558255489578,80.88194274902344,1349207
2010-08-06,81.60760389155493,85.97349401762857,81.13176018134634,84.62922668457031,3287080
2010-08-09,85.15265643102516,88.2099660915529,84.9385271710223,87.5318832397461,2376301
2010-08-10,88.0553280850484,88.25755900547233,85.6998895506955,86.06866455078125,1583763
2010-08-11,86.08056507310268,88.86427046905554,85.77126538845883,86.17573547363281,1541808
2010-08-12,85.65228900449151,86.96086115901934,85.23592064578362,85.77124786376953,1418604
2010-08-13,85.7236617449839,87.43671211765194,85.7236617449839,86.41364288330078,723127
2010-08-16,87.35346164304295,91.5765886021386,87.31776656609951,91.19591522216797,4008489
2010-08-17,91.60036027373614,93.00410275661447,91.5765635622806,92.2308578491211,2543492
2010-08-18,92.95654269747621,96.23988867254857,92.77810024994483,95.56180572509766,3706291
2010-08-19,96.35884890785636,98.08378984674377,92.82568675046426,95.46663665771484,2682030
2010-08-20,95.16921180006315,96.07331395172787,93.14686178813581,94.3245849609375,802125
2010-08-23,94.69336729433175,96.92984672130675,93.50375390655752,96.43020629882812,1423807
2010-08-24,96.95362481206745,97.17965240196449,94.24131020161549,95.43092346191406,1044869
2010-08-25,94.49112964276833,96.25175700150632,93.01600519493448,94.30078887939453,1682142
2010-08-26,94.57442054370742,95.35956399809126,92.39742438913565,92.84947967529297,743522
2010-08-27,93.14688793268164,95.0978565893425,89.70889606450501,90.8866195678711,1149789
2010-08-30,92.29036153862373,93.74169789069734,91.00557751548493,92.12381744384766,560851
2010-08-31,92.00483347344924,94.5744008193049,90.64866789781868,94.07476043701172,1093485
2010-09-01,94.69336052823557,95.05024534248317,93.28961798374517,94.30078887939453,619293
2010-09-02,94.93130600351589,95.82351822260367,93.88444805800395,94.28890991210938,424112
2010-09-03,94.90750327906069,98.47635192952565,94.52682993228471,97.66741180419922,2822591
2010-09-06,98.73807149564082,101.03403475521823,98.38118661217395,99.59459686279297,1874885
2010-09-07,100.1656012737696,100.1656012737696,97.59603365673719,98.27411651611328,567306
2010-09-08,98.02430070983897,99.57080734489311,96.96554442900083,97.35811614990234,1074839
2010-09-09,97.90532673155367,101.59313384235625,97.90532673155367,101.1529769897461,2603368
2010-09-13,102.3068860665141,103.25858151507768,101.59311653863026,102.21171569824219,1347978
2010-09-14,102.42586841115951,102.723277938788,100.20128730338386,100.700927734375,1053376
2010-09-15,100.87936766286691,101.96192053088677,99.52321022274702,100.02284240722656,543298
2010-09-16,100.4748944460841,101.04590852035267,97.88153851569112,98.20272827148438,684660
2010-09-17,99.07113297605082,99.14250663392349,97.66738241992762,98.14323425292969,1304306
2010-09-20,98.15514016741704,99.8087070263276,97.85773889955195,98.98787689208984,861717
2010-09-21,99.92767243563951,100.14180167425761,95.90676915542458,96.477783203125,1444120
2010-09-22,97.22725625864979,97.22725625864979,94.00340230445724,94.62200164794922,1498827
2010-09-23,95.16922503491442,95.78782436361122,93.77737242826778,94.19374084472656,727972
2010-09-24,94.50302084579904,97.19154687124683,94.05096568408196,96.9298324584961,1220281
2010-09-27,97.21537107529639,99.21392480218346,96.47780458153959,97.73880004882812,1659105
2010-09-28,98.02429058908561,98.47634582132586,95.68075062991683,96.6324462890625,693617
2010-09-29,96.83468619659548,97.42949706814981,94.6933769399895,95.07405853271484,581818
2010-09-30,94.6933769399895,96.35884243984682,93.3848045503912,95.07405853271484,1530469
2010-10-01,95.40713649947024,96.5848597584459,95.19300724351751,95.58557891845703,1200603
2010-10-04,95.58558871467513,96.89416933274228,94.93130252272053,95.69265747070312,2020284
2010-10-05,96.09712700162666,96.32315463650912,94.21753224172318,94.57441711425781,2139434
2010-10-06,95.85921294374074,99.19013609073626,95.0145858558569,98.60722351074219,3863881
2010-10-07,99.92768266354834,100.95074377119757,97.33431835422377,98.0718765258789,2537686
2010-10-08,98.5834206827027,98.97599238742228,96.69192760429317,97.66741180419922,1230048
2010-10-11,98.44068005823769,100.95076461901961,98.16706718887684,100.59387969970703,1967319
2010-10-12,101.11729316592198,101.35521090005584,99.20201176511205,100.32025146484375,1619619
2010-10-13,101.04592742814418,101.46229588074301,100.16561355583192,100.54629516601562,1327801
2010-10-14,100.7603998782308,103.81770920205918,99.74922900759182,103.34186553955078,4373696
2010-10-15,104.16271693113497,104.54339852623698,101.95003397915764,102.64000701904297,2754779
2010-10-18,103.4965395634811,103.4965395634811,99.96338560991086,101.2005844116211,1093381
2010-10-19,102.42587384329532,102.87792910320685,99.92768802416349,100.29646301269531,1185128
2010-10-20,100.16558763739516,101.71208569320504,99.22579044813017,101.10538482666016,1476489
2010-10-21,101.83106212139413,104.13891517805632,101.11729245569184,102.74706268310547,1928353
2010-10-22,103.49652304720804,103.67496547029215,100.87937025336026,102.16415405273438,792515
2010-10-25,102.5210390334489,103.48462482570473,102.12846734898012,102.46155548095703,495825
2010-10-26,102.78275127537668,105.75678885522211,102.3782812422921,104.6861343383789,2182195
2010-10-27,104.75752230723094,106.23264694249956,103.5560104955393,104.18650817871094,2506774
2010-10-28,104.44821960528655,104.90027484550694,100.07043102375563,101.22435760498047,2024242
2010-10-29,101.84295816652062,102.44966735814336,91.83830037633744,92.89705657958984,4831005
2010-11-01,93.97959929536705,94.69336898762656,89.0427032361152,91.87398529052734,3908057
2010-11-02,93.74167698965248,93.96770459680623,91.89776929637847,93.694091796875,1303693
2010-11-03,94.09856632645703,98.13136014406923,93.96770909858913,96.88226318359375,4262330
2010-11-04,97.22723701889032,99.11872974939823,96.48967894272664,98.74994659423828,2438350
2010-11-08,99.01168209794763,99.01168209794763,96.83468600487336,97.72689819335938,840749
2010-11-09,98.03619313795006,98.29790760271966,95.65696623959495,96.62055206298828,1533967
2010-11-10,96.83468735497331,98.26222687645414,96.83468735497331,97.60794067382812,696293
2010-11-11,98.3692939987718,98.50015123712141,94.76475841379221,95.71644592285156,624249
2010-11-12,94.6933886518043,96.34695599786504,92.67104625987777,93.05171966552734,735311
2010-11-15,93.05171144762221,94.38408060096542,89.69700008095657,91.63607025146484,1160095
2010-11-16,89.91111890519225,93.26582988149967,89.22113769134177,89.79216003417969,819841
2010-11-18,89.93491881730897,91.36245838754284,87.55569168969143,90.69627380371094,809623
2010-11-19,91.27918401498013,93.14688047383015,88.03153322238875,88.53117370605469,1987478
2010-11-22,88.82856073963828,92.55206293388112,86.90138926637243,90.22041320800781,742252
2010-11-23,89.6969886248807,91.31486054207281,87.55567956603264,90.45834350585938,971364
2010-11-24,90.76765233282946,91.57658425614697,86.78243510337583,87.734130859375,793112
2010-11-25,88.26945961618738,89.16167182879693,82.89239785746759,84.73629760742188,2642397
2010-11-26,85.06939146952789,86.7348487272355,81.13176772715742,83.76081085205078,1192558
2010-11-29,83.98682981555945,86.12813884077705,82.14293031106013,85.59281158447266,778916
2010-11-30,85.65229514596761,85.65229514596761,83.27306015071457,84.42698669433594,1505752
2010-12-01,84.46268093690713,89.32820315630893,84.22475496946856,88.8642578125,960575
2010-12-02,89.6969900593853,90.62488901956102,87.10362572652878,88.00773620605469,988565
2010-12-03,88.68580872197651,88.68580872197651,84.99800179204466,86.163818359375,626619
2010-12-06,87.29397096429588,87.29397096429588,85.65230222262296,85.93780517578125,288153
2010-12-07,85.89022843744034,86.36608046316832,83.55858644800766,84.40321350097656,701161
2010-12-08,83.51099577897136,85.41437905481578,80.89384274541551,84.55785369873047,1391557
2010-12-09,85.27162338526499,86.48503361919317,78.53840412624282,82.79722595214844,1833873
2010-12-10,83.21358519289669,85.64039715841707,80.90573209569718,84.95042419433594,911402
2010-12-13,84.9623209703547,86.56830287215254,83.77270749152,85.93780517578125,368031
2010-12-14,86.12813586595544,88.98321446763265,86.02107535888665,88.78097534179688,739732
2010-12-15,88.9594296131285,89.31631448591266,86.48503222004264,87.25828552246094,580842
2010-12-16,87.4129291205579,89.55423830528392,86.61588735524204,88.59065246582031,731299
2010-12-20,88.59063261088357,90.3393614658251,87.07982145592877,88.94751739501953,819272
2010-12-21,91.07695979547313,91.07695979547313,88.81669144525316,89.17357635498047,876526
2010-12-22,89.57802384265253,92.65913028390287,89.57802384265253,92.3498306274414,2059665
2010-12-23,92.78997941306051,95.13351922988132,92.55206168834329,93.83684539794922,1565716
2010-12-24,93.03981575787846,94.14615719991107,91.95726279773056,93.23014831542969,876866
2010-12-27,94.43164773344775,95.12162889556619,93.28961960171132,93.58702087402344,531688
2010-12-28,92.90895124291134,93.587034144726,91.95726374289997,92.26656341552734,715531
2010-12-29,92.57585393737918,92.98032396685893,91.90966945955792,92.0881118774414,376407
2010-12-30,92.54017506336984,93.14687604271528,91.36245171033721,92.63534545898438,929939
2010-12-31,92.55206361170553,94.14614698389656,92.55206361170553,93.71788024902344,707702
2011-01-03,93.74169669370747,96.88227890637138,93.74169669370747,96.26367950439453,1011881
2011-01-04,96.8346753219789,97.98860186056413,96.3588316186679,97.09638977050781,1365689
2011-01-05,97.7625644133643,97.77446276914324,94.22941147952123,94.85990905761719,600421
2011-01-06,95.4071262625255,95.4071262625255,90.50591767895378,91.61225891113281,1834250
2011-01-07,90.64866495748626,93.47995487587261,88.50736439483401,89.57801055908203,949409
2011-01-10,90.01819625933885,91.12453774458542,87.34155964947225,88.85237121582031,676010
2011-01-11,89.22113045024997,91.57656860374087,87.55567345461144,90.36316680908203,794135
2011-01-12,91.60039568912603,92.04055267966903,89.47098443006037,91.00558471679688,667234
2011-01-13,91.36246337252625,93.62273173733679,90.26802015157173,90.8866195678711,659607
2011-01-14,91.55279015292636,92.19518618976595,89.47096456327711,90.79143524169922,603761
2011-01-17,90.86281187574131,92.02862853899937,88.54306043790592,90.00628662109375,706243
2011-01-18,91.07696157613918,91.2910908793303,89.3639106822924,90.19664764404297,383236
2011-01-19,90.64868285511231,92.0881206929437,89.72078384012268,90.25611114501953,464505
2011-01-20,90.10146717158881,90.82712704945638,89.2330434619939,89.54234313964844,346438
2011-01-21,89.93490120569366,91.3267536609421,88.54305698460198,88.80477142333984,314855
2011-01-24,88.74528850610727,89.38768448514737,88.26944481721334,88.78097534179688,265705
2011-01-25,89.22113590706319,90.3631723357428,88.76908891259272,89.0427017211914,458589
2011-01-27,88.74529779490483,89.6850951486008,82.80912059946924,83.65374755859375,2260909
2011-01-28,83.28496565549554,83.74891927783035,80.19196895378961,82.09535217285156,1329776
2011-01-31,80.89384501438803,84.43889718557145,79.75181666368051,83.47531127929688,528367
2011-02-01,83.91545588202692,84.86715152389752,80.91762160916805,81.50053405761719,425384
2011-02-02,81.60759535422049,82.55928267507743,79.12130008310116,79.71610260009766,735840
2011-02-03,79.94212488293688,82.29756278517183,78.15770921628501,81.8812026977539,901588
2011-02-04,81.95259185232008,82.93997436197442,79.29975220984691,79.84696960449219,617495
2011-02-07,79.94213822446176,80.57263587252484,78.83579686815511,79.07372283935547,359591
2011-02-08,79.7161118141078,79.7161118141078,76.63501366986235,77.53911590576172,348961
2011-02-09,76.63500922148754,77.49153444686749,73.99405987413134,74.62455749511719,645769
2011-02-10,73.77993702320444,75.42160571092741,71.92413906911021,72.36429595947266,836228
2011-02-11,73.04238920213106,74.3033764983134,72.39999307765126,73.91080474853516,1142211
2011-02-14,74.707832810833,75.88555607683195,74.08923351921077,75.55245971679688,1081070
2011-02-15,75.77848569424614,77.05137108717375,74.83868842000139,76.24243927001953,1030518
2011-02-16,75.60004910389966,77.28930300951419,75.10040865321537,75.49298858642578,642687
2011-02-17,74.85059031253324,77.610498715518,74.85059031253324,76.57553100585938,835108
2011-02-18,76.8967317722182,79.18079653609225,76.62311894676813,77.80084228515625,1613824
2011-02-21,78.39563863712218,80.70349169818124,77.32498413652894,80.38229370117188,969924
2011-02-22,79.70422854018875,81.94069995880128,79.51388774399773,79.94214630126953,971042
2011-02-23,72.56652530023719,80.65590969033326,72.56652530023719,79.84696960449219,324116
2011-02-24,79.84698017625634,80.870057893455,75.68332855878319,76.68260955810547,726636
2011-02-25,77.32498687457297,77.96738289133867,75.31454325970554,76.62311553955078,635392
2011-02-28,77.32499241663564,78.44323223038671,74.96955390993713,76.49226379394531,916487
2011-03-01,77.61050297001458,79.95404309929053,77.08707402486183,79.44251251220703,614823
2011-03-03,77.80084052491598,79.91835293354808,77.32498856352647,78.56218719482422,516385
2011-03-04,78.75253578853304,79.57337432770672,77.34879294863165,78.81201934814453,1023578
2011-03-07,77.58670462986767,78.20530395831048,76.84914642569592,77.52722930908203,419784
2011-03-08,77.0870641440107,78.4670182442707,77.0870641440107,77.59859466552734,824055
2011-03-09,78.51460794964296,78.68115201420747,77.91979713228189,78.13392639160156,888088
2011-03-10,78.28858422889417,78.28858422889417,76.7539760314497,77.52722930908203,501919
2011-03-11,75.18370288700517,79.63285787008344,75.18370288700517,78.19342803955078,548077
2011-03-14,78.2766892306097,78.51461522643676,76.86104808229433,77.289306640625,559935
2011-03-15,74.208201453879,76.31382391455531,74.208201453879,76.00452423095703,387099
2011-03-16,76.58742220413662,76.81344980314427,75.93313611972322,76.25432586669922,1018860
2011-03-17,76.00451345274983,78.03875370771495,75.90934306603754,77.7056655883789,1562420
2011-03-18,78.99046013150432,78.99046013150432,76.19486463509378,76.59933471679688,600146
2011-03-21,77.11084968787787,77.11084968787787,73.51821311499317,75.15988159179688,846961
2011-03-22,75.89743457341127,77.53910293956876,75.18367323670255,75.86174774169922,563777
2011-03-23,76.08779910397543,76.70639849419126,75.7784994088675,76.06401062011719,500170
2011-03-24,76.40900119651855,78.03877180293757,76.19487189384319,77.812744140625,1276673
2011-03-25,78.70492812121662,79.70420881982005,78.08632892080725,79.38301086425781,1609907
2011-03-28,79.7161091060404,80.18006268258657,78.31236648784117,78.89527893066406,624669
2011-03-29,79.79938971794807,79.79938971794807,77.7532510977875,78.27667999267578,653428
2011-03-30,78.76444476694562,79.9421601201024,78.49083188366369,79.76371765136719,925140
2011-03-31,80.19195969401315,83.51098364461382,78.53839277997196,81.36967468261719,1944135
2011-04-01,82.10725266674007,83.02325334303053,80.97711447662763,82.22621154785156,534850
2011-04-04,83.98683256435893,83.98683256435893,82.30947706670325,83.02324676513672,662288
2011-04-05,83.24928939327526,84.65303232837458,81.96450535130808,84.21287536621094,481311
2011-04-06,84.77199291404229,85.12887780005772,82.5949967561798,83.52289581298828,401161
2011-04-07,82.84479295174309,86.12812981950931,82.84479295174309,85.71176147460938,619092
2011-04-08,86.37798384656975,86.37798384656975,83.76082225531317,84.61734771728516,1781151
2011-04-11,84.3199166267406,85.52142822813721,83.15409185822585,84.54594421386719,238189
2011-04-13,87.79361866351606,87.79361866351606,85.50955367914202,86.2590103149414,1459405
2011-04-15,87.0322579690986,88.42410238693665,86.2233178254743,87.57947540283203,1257428
2011-04-18,88.26946337994973,88.60255156197563,86.25901122620105,86.75865173339844,860665
2011-04-19,86.9251863377392,87.88877216961907,85.05748999475973,87.17501068115234,441438
2011-04-20,87.79360473572392,90.648675220558,87.57946724447383,90.23231506347656,1489079
2011-04-21,91.32677518269244,91.57659132377027,88.98323480415513,90.9817886352539,1173162
2011-04-25,90.98177074321897,91.12452632468641,88.79287652985613,90.00628662109375,319049
2011-04-26,89.48287385482013,91.33867204598153,89.03081854909037,90.82713317871094,318777
2011-04-27,90.87469866532969,93.2301368535961,89.9586981276204,92.64722442626953,1024664
2011-04-28,93.5037662643031,93.74169226696584,90.16094503914324,90.4940414428711,798657
2011-04-29,90.41076620812301,91.32676687625413,87.79361320787609,89.5661392211914,494557
2011-05-02,90.30369555010772,90.30369555010772,87.71033108683179,88.5430679321289,370632
2011-05-03,89.14976913900693,89.14976913900693,86.77054217707733,87.67464447021484,349321
2011-05-04,87.66275572169536,87.68654420397529,85.77126259951864,86.09246063232422,310287
2011-05-05,86.27089023272434,87.29395950169733,84.71249373344605,85.62849426269531,366736
2011-05-06,86.73484910770587,88.03153137261592,85.0218066436215,87.50810241699219,420249
2011-05-09,88.88804745923682,88.88804745923682,87.07983478543352,87.32965087890625,230414
2011-05-10,87.1631068165911,87.75790939176154,86.63967791551082,87.32965087890625,215859
2011-05-11,89.34011887158908,89.34011887158908,86.9132982346668,88.72151947021484,292644
2011-05-12,89.69698832010316,89.69698832010316,88.03152297971681,88.74529266357422,387051
2011-05-13,88.74529285711077,89.24493328373201,85.6522963764216,88.9951171875,268516
2011-05-16,88.49548963772537,88.88806137499415,86.4850375156609,86.87760925292969,368140
2011-05-17,86.61589980425643,87.25829594566677,84.85527194642778,85.30732727050781,333045
2011-05-18,86.4493366893812,86.84190836314939,84.1057967696205,86.46123504638672,252319
2011-05-19,86.62777320430217,87.02034485131728,84.4031923037267,84.8552474975586,315034
2011-05-20,84.8790422432578,86.59209276383274,84.76008337499684,86.1400375366211,174569
2011-05-23,86.14004889904871,86.14004889904871,82.34517239547405,83.52289581298828,1313085
2011-05-24,83.5110044553894,84.22477428725828,81.71468151607696,83.89167785644531,577644
2011-05-25,82.8685914308194,85.557117610952,82.79720952877207,85.24781799316406,564294
2011-05-26,85.99727595751051,87.29395799751704,84.86714620244399,85.42626190185547,837120
2011-05-27,85.65230518128716,86.92519074185186,85.42627754206043,86.27090454101562,440272
2011-05-30,86.96087723444562,88.86426873969057,86.60399235648194,88.65013122558594,650675
2011-05-31,89.22113743497553,91.60037248749174,88.18617796840964,90.73194885253906,1212965
2011-06-01,90.64868736903763,91.4814242631159,89.93491759363242,91.0888442993164,560974
2011-06-02,88.98322160772739,90.41076102311305,88.74529562711061,89.10218048095703,212911
2011-06-03,88.66203041667653,91.77882394894455,85.09318160352105,88.85237121582031,168576
2011-06-06,88.98323157435848,90.20853198492118,88.98323157435848,89.80406188964844,290337
2011-06-07,89.60182028619327,89.92301829920315,88.76909171119067,89.1259765625,221237
2011-06-08,87.13931564093413,89.56613599244584,87.13931564093413,88.63823699951172,126541
2011-06-09,89.55423787896845,89.80405398900083,88.50738000741444,89.23303985595703,252217
2011-06-10,88.89994566004953,89.30441569221622,87.1987935003715,88.19807434082031,143058
2011-06-13,88.26945736797124,88.43600144764098,86.05677443071968,87.50810241699219,259595
2011-06-14,87.50810031639773,89.10218386161814,87.50810031639773,88.81668090820312,823820
2011-06-15,89.23303509321273,90.05387352663497,87.68653684997943,88.12669372558594,482774
2011-06-16,87.8173945731086,88.72150504387196,86.84191042693016,87.80549621582031,263394
2011-06-17,88.69771080935854,88.95942527207468,87.49619901189396,88.48358154296875,387500
2011-06-20,89.05459205370464,89.05459205370464,84.71249864555385,86.98466491699219,1179415
2011-06-21,87.31776503286532,87.47241899442928,85.65230770277016,85.80695343017578,284633
2011-06-22,86.3660830114931,86.3660830114931,83.21360236028126,83.64186096191406,766623
2011-06-23,83.28496898133947,84.53406606995146,82.09535545119029,83.3206558227539,561899
2011-06-24,84.20095256126253,86.38984661119468,83.34443560472268,86.1162338256836,370387
2011-06-27,85.87832629996707,88.00773705622757,85.50954309015202,87.09172821044922,722499
2011-06-28,87.74602830202748,88.86426812755461,86.6753736755116,87.21070098876953,561978
2011-06-29,88.03151517055583,88.48357036145192,86.92517390555041,87.28205871582031,1218558
2011-06-30,88.15050590454754,89.20926226318832,87.79362099856448,88.69772338867188,946327
2011-07-01,89.43527018985779,89.43527018985779,88.17427493778386,88.43598937988281,323109
2011-07-04,88.32892304726902,89.06648113234922,87.4842962274105,87.9958267211914,248969
2011-07-05,88.03152508411755,90.41076016523708,87.80549746321567,90.0181884765625,1131050
2011-07-06,90.1728213566455,91.98103383242166,89.51853530194957,91.61225891113281,961480
2011-07-07,92.05242605377663,92.71861053892958,90.45834263224891,91.42192840576172,740229
2011-07-08,92.07621809064652,92.07621809064652,90.03007936191055,90.29179382324219,292607
2011-07-11,90.41076893837237,91.45762687642126,89.57803205038817,91.13642883300781,299974
2011-07-12,90.48212113894402,91.81448996239027,89.22112598190674,89.82783508300781,569822
2011-07-13,90.10148289405471,91.2554097659874,90.06578781281516,90.63681030273438,388237
2011-07-14,90.41076274394575,92.27845908340312,89.97060584704512,90.9936752319336,584231
2011-07-15,91.14832009901951,91.74313093927255,90.55351749292406,90.79143524169922,225834
2011-07-18,91.36246456900768,91.4814316973486,89.89923805734965,90.19664764404297,338983
2011-07-19,90.42265364626299,92.21897632272467,90.42265364626299,91.24349212646484,638849
2011-07-20,91.55279794699311,91.92158119339467,90.64868736903763,91.0888442993164,499928
2011-07-21,91.32676377031014,91.32676377031014,89.93491116099129,90.37507629394531,208062
2011-07-22,91.08882754286147,91.10072589937164,90.19662372189063,90.91038513183594,551879
2011-07-25,95.34464792228785,95.34464792228785,94.14320148270814,94.69966125488281,969377
2011-07-26,94.5984768108635,95.31934986325685,93.58672469765685,93.91554260253906,327681
2011-07-27,93.61202288322171,94.69965268209147,93.16937969336885,94.06730651855469,603199
2011-07-28,92.7520304139519,94.06730196684504,91.37352162163366,91.7149887084961,506598
2011-07-29,91.13322671349835,92.44849821006406,89.29943438641075,89.66619110107422,1276571
2011-08-01,91.05735439880212,91.05735439880212,89.21091276479942,89.78002166748047,297688
2011-08-02,89.602974469469,91.43676703910324,88.32564164447882,88.70504760742188,1511585
2011-08-03,87.81976330264249,88.97063041891003,86.89654677263086,88.74298858642578,676613
2011-08-04,88.7809137540941,90.22265972731238,87.83239897007425,89.5144271850586,1318112
2011-08-05,88.5279755002579,89.89383506842111,85.49273687865656,89.10973358154297,1160476
2011-08-08,88.47739448730493,90.55148677796547,86.02390499836166,89.24885559082031,2649687
2011-08-09,86.51713565294985,89.05915201302665,85.99861477223114,88.62915802001953,907032
2011-08-10,89.51444418241164,92.30940102645607,88.84416786103054,91.53794860839844,794838
2011-08-11,90.65265061823567,92.82791015900956,88.26239846467674,89.64090728759766,1246610
2011-08-12,90.55148129909077,91.19646787704869,88.78091737871097,90.04560089111328,1077071
2011-08-16,90.0582571653456,91.77823318006067,89.42591098257766,90.18472290039062,1064919
2011-08-17,90.31118869291804,91.18381706211255,89.03385600451519,89.86854553222656,707536
2011-08-18,89.81795278183911,89.88119001684159,87.26328753901238,88.11062622070312,744629
2011-08-19,84.1395187804246,89.62825551676731,84.12687833563822,88.83150482177734,985805
2011-08-22,89.14766021740913,90.04558685943312,87.99680216458106,89.61559295654297,381497
2011-08-23,90.03295953126556,90.03295953126556,87.83240166335383,88.22445678710938,498810
2011-08-24,87.83240337660904,90.55148214513834,87.83240337660904,88.56592559814453,829746
2011-08-25,88.80620427730918,89.37531315336521,86.0744851737484,86.52977752685547,518261
2011-08-26,85.74568906507143,86.88390710615886,84.10159925698048,84.5315933227539,524258
2011-08-29,89.13503978365112,89.13503978365112,82.96336841278988,83.9751205444336,1434515
2011-08-30,84.72128812041801,85.23980903864131,83.54513134268083,84.67070007324219,700383
2011-09-02,85.97333385023816,85.97333385023816,84.06365470970788,84.7212905883789,509154
2011-09-05,83.82335092887863,85.08803444538401,83.73482404563802,84.01305389404297,808077
2011-09-06,84.22803972771163,84.60744562752187,83.38070105197146,83.88658142089844,1068883
2011-09-07,84.31657584893655,85.56861007334425,83.93716994691542,85.25244140625,1667533
2011-09-08,85.99861716459276,86.50448886006212,84.78452159395769,85.80891418457031,918545
2011-09-09,86.02389479708968,86.58036321354474,83.72216971267574,84.06363677978516,1060759
2011-09-12,83.46924544696607,83.57041277760503,82.02749937478143,83.29218292236328,725189
2011-09-13,84.40512855766019,84.4557166103301,81.97692829082317,82.72309112548828,761204
2011-09-14,83.68424854165532,83.68424854165532,81.57222596484375,83.35543060302734,666284
2011-09-15,83.74749278390945,84.43041836557579,82.47015977069933,83.33013916015625,891026
2011-09-16,83.49453631784382,84.2280498099356,82.20455435332225,83.1783676147461,1589424
2011-09-19,82.59661629272209,83.73483422203721,82.59661629272209,83.46925354003906,429839
2011-09-20,82.53337641781371,84.98686598633205,82.53337641781371,84.60746002197266,535208
2011-09-21,85.74568413415308,85.92274668312885,84.62011535925554,85.3536376953125,834661
2011-09-22,84.62011146406078,84.98686823832081,82.71044114561501,84.0510025024414,1009532
2011-09-23,83.5324666861753,84.91097539754605,81.19280276385304,81.79985046386719,545421
2011-09-26,80.93987632903794,82.2045599817916,79.68784187633015,80.71223449707031,367917
2011-09-27,81.72396555180751,83.44394136201215,81.06632980173404,82.88748168945312,482574
2011-09-28,82.28044996265264,83.4186679251546,80.13047978222492,81.07899475097656,384926
2011-09-29,80.13047634021953,81.87574205700022,79.85224646184002,80.71223449707031,357330
2011-09-30,81.67339116764617,81.67339116764617,79.16931373710261,79.966064453125,688645
2011-10-03,79.42225856534401,79.7763749175191,76.13407906400825,76.57671356201172,656790
2011-10-04,76.57670558287646,76.89288305281656,75.12231898397484,76.28583526611328,1004755
2011-10-05,76.28584323119,77.06994488051483,72.59295932658179,74.616455078125,1304979
2011-10-07,75.57760481353142,76.8549375205431,74.71761687645552,75.24878692626953,409140
2011-10-10,79.87753874321835,81.34456571547189,75.12231526738736,78.01844787597656,761252
2011-10-11,78.91638149997337,79.42225321523135,77.98051576292599,78.90373229980469,721657
2011-10-12,79.04284355623675,79.6625405365859,78.15756590735425,79.44754791259766,364967
2011-10-13,79.6751816348122,82.10337251099449,79.15666079627636,80.93986511230469,775579
2011-10-14,79.81430293903509,81.44574326735763,79.67518800799628,80.45928955078125,227488
2011-10-17,80.61106626179216,81.69869623500657,80.18107220226344,80.56047821044922,186730
2011-10-18,80.53517221873359,81.44573945058087,79.18195306213319,80.83869171142578,379360
2011-10-19,81.20545160412796,81.43310217471983,80.18105905154877,80.91458129882812,330510
2011-10-20,79.67518540125934,80.64898988667095,79.54871967366287,79.966064453125,221745
2011-10-21,80.28223178374571,80.81340183665134,77.664329115245,77.96785736083984,438145
2011-10-24,78.62549557357914,79.20725368542954,77.19639869208808,78.61284637451172,491078
2011-10-25,79.14401765180011,82.45749509407221,77.90462372232042,81.20545196533203,298777
2011-10-28,82.45747663937595,86.25153526669266,82.20453647963178,85.36624908447266,1178562
2011-10-31,85.21450905686243,85.21450905686243,83.59570925111278,84.1774673461914,290403
2011-11-01,82.96337399260543,83.70953675356908,80.87664109896194,81.34457397460938,541241
2011-11-02,82.29308689919253,83.86129883088671,80.53518073561163,82.9886703491211,525281
2011-11-03,83.21631375539182,83.94982731180222,82.45750179840351,83.16572570800781,292748
2011-11-04,83.84863884584308,84.68333712764031,83.21630147749698,83.67158508300781,354824
2011-11-08,83.79807665421026,84.430414151551,82.76102600117768,83.41867065429688,127099
2011-11-09,84.1015841398009,84.48099008529886,82.47014382642236,83.93717956542969,1227555
2011-11-11,81.59751155577308,85.39157123884503,81.21810558746589,83.72218322753906,2158357
2011-11-14,85.34097419359938,86.12507569365721,84.22804605216331,84.91098022460938,839524
2011-11-15,84.22804315828591,84.70862515145545,82.96335969199842,83.4945297241211,463747
2011-11-16,83.57039524717415,83.87392343673321,82.28042232597089,82.65982818603516,533793
2011-11-17,81.98956749085212,84.60746169363884,81.9516286444209,83.43130493164062,719741
2011-11-18,83.00131191582952,84.15217904536506,81.69868939873606,83.46925354003906,892988
2011-11-21,83.39334884043062,84.32921437647597,82.58394901759495,83.5577621459961,527279
2011-11-22,84.73393516994368,88.52798608919906,82.91278302538211,83.87394714355469,785337
2011-11-23,83.83600535249803,84.43040392863152,82.71043669004597,83.36807250976562,987157
2011-11-24,83.43129248698709,83.93717287651837,82.59660297491601,83.4945297241211,451932
2011-11-25,83.33010955541391,88.27503524531126,82.96335286849622,87.1241683959961,780887
2011-11-28,88.78091824601705,91.0320554453109,86.4538946078999,86.89653778076172,1124438
2011-11-29,87.0989057120102,88.45211636553493,86.08715345680122,86.59302520751953,741136
2011-11-30,86.16301651148329,87.93358046873418,85.73303128640424,87.52888488769531,896326
2011-12-01,88.27505572138267,89.94443499544835,88.27505572138267,88.74298858642578,1023444
2011-12-02,88.51534208552731,90.32383620371613,88.51534208552731,89.24885559082031,1282280
2011-12-05,88.78093662080458,89.52709944207892,88.02212459814658,88.92005157470703,359011
2011-12-07,90.04560650688495,91.14588552064244,89.02121393594214,90.17208099365234,1443297
2011-12-08,90.00767942994257,90.7032541830176,88.55329267214118,90.08355712890625,633417
2011-12-09,88.65445085246435,89.53972842776898,88.42680904781695,88.98326873779297,331546
2011-12-12,89.2868047183491,90.0203270618924,87.01036874385035,87.94624328613281,317429
2011-12-13,86.07449037290272,87.49093804947486,86.07449037290272,87.23800659179688,590368
2011-12-14,87.01035314012654,87.2506441445944,84.30393235931277,84.74656677246094,378176
2011-12-15,83.46925331762385,85.56862662888946,81.44574894616325,84.65805053710938,703118
2011-12-16,84.50629182234047,84.64540675760111,82.29308455031594,82.62190246582031,368187
2011-12-19,82.71043922557233,82.96337070012824,80.4213542320808,82.34367370605469,290713
2011-12-20,82.65986146662318,82.65986146662318,79.16932965017841,79.67520141601562,279661
2011-12-21,79.9281239796972,80.91457764387616,78.92902111688538,80.38340759277344,261473
2011-12-22,80.53518417090405,82.3183888106483,78.10698410014545,81.07899475097656,471613
2011-12-23,81.40779802516721,81.50897410411123,79.0681340262261,79.43489074707031,317348
2011-12-26,80.1937151529663,80.47194503678,79.43490319573917,80.13047790527344,126977
2011-12-27,80.47193808190487,80.49722772653323,78.66343523964579,79.08078002929688,198150
2011-12-28,78.66343774574845,79.46018850660585,76.26053626357358,77.77816009521484,538193
2011-12-29,77.63904516089916,79.42224966156908,77.01934817939421,77.77816009521484,410034
2011-12-30,77.92992749452885,79.71313206991806,77.08258865352707,79.05549621582031,306345
2012-01-02,79.16931991312286,79.181960359229,77.74022294009217,78.11962890625,116834
2012-01-03,78.37255426730937,80.40869887659807,78.18285129902924,79.966064453125,400177
2012-01-04,80.10518373791281,80.9398733422502,79.16931804448521,79.44754791259766,978495
2012-01-05,79.43489439513382,80.18105706940052,78.5369675954813,78.89107513427734,412681
2012-01-06,79.06813411687604,79.06813411687604,77.9678551993115,78.5243148803711,378566
2012-01-09,81.0283979201448,81.91367554377167,80.2316471835035,80.59840393066406,1069934
2012-01-10,80.93987286160953,81.44574455028534,80.77546828314269,81.10428619384766,716572
2012-01-11,82.12868238873376,82.12868238873376,78.95431967606537,79.35902404785156,766012
2012-01-12,79.3716582393744,80.76281627710378,78.91637461076455,79.68783569335938,957681
2012-01-13,80.47193417374298,80.48458337232837,79.29577754956658,79.77635955810547,671267
2012-01-16,79.25784158390323,80.40869985267426,79.16931469813399,79.52342224121094,332310
2012-01-17,79.87754684305173,82.76102179118641,79.47284246171924,82.10338592529297,1226809
2012-01-18,82.95072479224419,83.59572021163348,81.06634408929317,81.34457397460938,852731
2012-01-19,81.19280502124036,82.96336013269384,81.19280502124036,82.00220489501953,756643
2012-01-20,82.43218760731571,83.17835897485212,81.19280256825064,81.95161437988281,1042460
2012-01-23,81.95161737203716,82.9633606553066,81.47103537328746,82.45748901367188,384724
2012-01-24,82.62189526976992,84.32922194326194,82.62189526976992,83.39335632324219,590264
2012-01-25,84.08892579896099,84.08892579896099,82.25513351300364,82.53336334228516,468360
2012-01-27,82.24249690608036,85.66979064828905,82.24249690608036,85.17655944824219,760614
2012-01-30,85.02480196035128,85.25244375708718,83.49452911233007,84.54421997070312,656524
2012-01-31,85.73303250416416,87.18741903206045,84.26599677718266,86.34008026123047,878565
2012-02-01,88.2624048173667,88.2624048173667,84.46834516996933,87.64270782470703,556846
2012-02-02,88.50268293024574,89.02120375613843,87.51622931662816,88.28768157958984,920876
2012-02-03,89.236189859551,89.236189859551,86.01124861831492,87.2632827758789,614143
2012-02-06,88.5279884358559,89.0338689081835,87.5162449987443,88.1485824584961,793640
2012-02-07,89.5270898184979,89.5270898184979,86.51714045418325,87.21271514892578,566222
2012-02-08,88.00945638205549,88.30033542839878,86.88388779263464,87.78181457519531,578286
2012-02-09,87.84507079386574,89.7800397008891,87.32654982863428,88.92005157470703,730811
2012-02-10,88.80621168615039,91.56322941622332,86.84595345204355,90.29854583740234,2391634
2012-02-13,91.19647155588571,92.94173714938475,90.39972082339386,91.92998504638672,1563702
2012-02-14,92.33467509411568,93.0049599926254,90.62734860862591,91.05734252929688,645247
2012-02-15,91.9173379470661,93.44760205928242,91.5252828318919,93.15672302246094,1232856
2012-02-16,92.82791177654283,94.06730569425328,92.49909387529017,93.59937286376953,825480
2012-02-17,94.3076078879396,94.77554077389038,93.13145107274276,93.96614074707031,691442
2012-02-21,93.58673004448717,94.75024635421492,92.19558065734088,92.67616271972656,562736
2012-02-22,93.71319651553142,94.00406681429452,88.4141625904037,89.64090728759766,564403
2012-02-23,89.53972431642883,92.57497158241495,87.76916049334686,89.35002136230469,1451188
2012-02-24,89.8053192792014,92.06910589193286,88.78092666499656,89.79267883300781,508594
2012-02-27,90.95619163417113,91.05736773218783,85.17657487670178,86.54243469238281,353052
2012-02-28,88.6418186883081,88.78093363753595,85.64450954877185,88.24976348876953,339999
2012-02-29,89.00857190463071,92.57498989854055,89.00857190463071,91.67706298828125,817730
2012-03-01,92.08176011340991,92.66351829827438,89.85591222541983,90.93089294433594,580831
2012-03-02,91.79086914995705,91.79086914995705,89.59031994786696,89.94442749023438,285808
2012-03-05,89.86855349821478,90.72854149899166,89.08445194090135,89.8812026977539,371955
2012-03-06,89.1097372244387,91.20911907923454,88.89474461165366,89.64090728759766,607062
2012-03-07,89.78002051519336,89.78002051519336,87.26329392760906,87.63005065917969,414461
2012-03-09,89.05914380547961,89.05914380547961,87.89563641936275,88.76826477050781,455316
2012-03-12,89.21092570563806,90.07091378383002,88.55328982320235,89.57768249511719,334168
2012-03-13,91.01942859514878,92.29676150945639,89.53974348544969,90.93089294433594,548009
2012-03-14,91.57587589455267,92.82791023686578,89.9444268607185,90.39971923828125,475398
2012-03-15,90.29853606354123,91.75292245945198,89.70412880573157,90.85499572753906,427643
2012-03-16,91.80352521529356,91.81617441525876,89.33738641820553,89.79267883300781,577138
2012-03-19,91.06998796062847,91.06998796062847,88.83149157701935,89.61559295654297,284912
2012-03-20,89.10974960775994,90.26061677890849,88.71769441692523,89.57768249511719,445652
2012-03-21,89.08446438635497,90.79178267311744,89.07181518504869,89.98239135742188,298368
2012-03-22,89.8053158335284,92.04381271421389,87.76917112943559,88.3509292602539,410819
2012-03-23,89.02122459899834,89.32475289907157,87.32654680802021,87.80712890625,316089
2012-03-26,87.76918245739009,87.76918245739009,84.98687468522654,85.84686279296875,718416
2012-03-27,87.06093955647898,87.76916335807368,85.79625607229642,86.23889923095703,617245
2012-03-28,86.37801925211944,87.20005962618185,84.9868612097331,85.42950439453125,627518
2012-03-29,85.41685226805136,87.4909356845564,84.75921648983126,86.27684020996094,452166
2012-03-30,85.49274860708181,88.27505616494336,85.49274860708181,87.68064880371094,781934
2012-04-02,88.02211842641077,88.38887521064069,86.56773173621588,86.97242736816406,269464
2012-04-03,87.9209363332084,88.19916620252796,87.03565868048511,87.31388854980469,981369
2012-04-04,87.01036331198715,89.41327363757564,87.01036331198715,88.74298858642578,267227
2012-04-09,87.2632931557517,88.73032882282878,85.75831864673923,85.97332000732422,431998
2012-04-10,85.49273886387077,86.99771338810062,84.29128383196377,84.77186584472656,527621
2012-04-11,84.93627020563721,85.8215565443666,83.24159272017293,84.92362976074219,233553
2012-04-12,84.99951080488098,86.37801965458347,84.99951080488098,86.20096588134766,490703
2012-04-13,85.99862694500074,87.51625095777584,85.49275519199983,85.84686279296875,358496
2012-04-16,87.212702820853,88.75562488498026,85.5306745912124,88.03475189208984,287157
2012-04-17,89.38796365734866,89.71678154028842,88.04740248248832,88.36357116699219,719401
2012-04-18,89.07180369489566,89.51443814579042,88.35093062001813,88.67974853515625,692818
2012-04-19,88.7935602967994,89.71677665695857,84.22804027191289,89.02120208740234,393320
2012-04-20,88.16123794598813,89.38798285976755,86.17568102337424,86.61832427978516,310187
2012-04-23,86.1756601809407,88.02210170560633,86.1756601809407,86.8080062866211,187401
2012-04-24,89.03386126820483,89.03386126820483,85.99861370978041,86.20096588134766,141570
2012-04-25,86.75743694090234,86.98507878678883,84.986872715771,85.21452331542969,180071
2012-04-26,85.27774176430569,85.92273713105638,82.20455532249944,82.73572540283203,1033390
2012-04-27,83.58304900350055,84.22803549929029,82.78629840465159,84.08892059326172,468133
2012-04-30,84.98688023675523,85.49276077657375,84.17748888059153,85.05011749267578,324488
2012-05-02,85.23979220851061,86.23889500075093,84.48098040446834,85.25244140625,292496
2012-05-03,85.73302977920521,85.73302977920521,83.59570912143556,84.01305389404297,278643
2012-05-04,84.20276022576984,84.69599145642559,82.20455441231115,83.93717956542969,356627
2012-05-07,82.98866175975402,85.96067197620714,81.59750375765411,85.37891387939453,400803
2012-05-08,86.50448268746685,86.50448268746685,84.79715598909252,85.2271499633789,213158
2012-05-09,84.99951699192167,85.7456797366746,84.75922595913777,85.11334228515625,142681
2012-05-10,85.27772999434191,87.13682064203017,85.11332544084135,86.12506866455078,547079
2012-05-11,86.12507996756653,87.2632978089463,83.6083620218132,84.2280502319336,450159
2012-05-14,84.22804497383147,85.59391330123705,83.01394952032715,83.51982116699219,162799
2012-05-15,83.46924765734296,83.97511933901768,81.33192689045485,82.73572540283203,565165
2012-05-16,81.96425501787556,82.83689210482494,81.4457341956183,82.39424896240234,201777
2012-05-17,82.49544335191595,83.4566075299731,82.17927461072225,82.30574035644531,308026
2012-05-18,82.20454858979716,82.20454858979716,80.56045919367989,80.93986511230469,194213
2012-05-21,79.96606306729167,81.66074055355273,78.68873035326003,79.63724517822266,739716
2012-05-22,80.39606484801776,80.66164552329802,78.92902902648297,79.32107543945312,271051
2012-05-23,78.9290102430487,79.29576692270918,77.90460912410013,78.35990142822266,180026
2012-05-24,78.62549116265929,79.28312692447872,78.10697032146433,78.37255096435547,521463
2012-05-25,78.41050575850645,78.916377447789,78.24609242607112,78.67608642578125,293333
2012-05-28,78.91637197121214,82.20455085401531,78.66343176723856,81.73661804199219,375940
2012-05-29,82.20455460316491,82.50808286177639,80.44664855512941,80.59840393066406,163650
2012-05-30,80.16840945652424,81.86309575953649,79.47283481029189,80.14311981201172,364620
2012-05-31,79.67517117639632,79.67517117639632,76.93080322574754,77.86666870117188,884584
2012-06-01,77.65169436050186,78.53697201103547,77.39875413730454,77.77816009521484,339698
2012-06-04,78.17021724171843,78.17021724171843,75.7040784525521,75.85584259033203,388698
2012-06-05,75.62819373963606,77.96785781989826,75.62819373963606,77.06993103027344,680067
2012-06-06,77.15846689685183,78.35992207373326,77.15846689685183,78.1575698852539,627372
2012-06-07,79.14402367108411,79.54872804803081,78.43579976519919,78.9163818359375,536846
2012-06-08,78.91639037617796,79.62461435870608,78.00581418327819,78.78992462158203,653916
2012-06-11,79.61193704584808,81.4457292319476,79.194592324652,80.19369506835938,618094
2012-06-12,79.90282332219259,80.67428435664371,79.52341740410456,80.1810531616211,310718
2012-06-13,80.18105482346145,80.4972235104976,79.04283704560655,79.1693115234375,918191
2012-06-14,81.44575113993106,81.44575113993106,78.78991799417535,79.10608673095703,462810
2012-06-15,79.67519014169191,79.738427386138,77.91727528078735,78.38520812988281,486564
2012-06-18,80.93987969276799,80.93987969276799,76.99406443128967,77.43669891357422,509424
2012-06-19,77.38609976686303,77.91726982319965,75.69142226910547,76.47553253173828,668305
2012-06-20,76.6399374735483,78.28402693804924,76.51347174667002,77.84139251708984,230210
2012-06-21,78.73930638735887,78.73930638735887,77.44932467136256,77.8919677734375,318983
2012-06-22,77.65170649579792,77.90463800475166,76.63995419866478,77.42406463623047,2380300
2012-06-25,77.62639355930177,78.38520545164246,77.01934579618343,77.13317108154297,518333
2012-06-26,76.89288453930689,77.65169647579819,76.66524270911383,77.05728912353516,497369
2012-06-27,77.22170381133552,78.06904265472568,77.18376496460212,77.3861083984375,302077
2012-06-28,78.05639130276306,78.06904050258274,76.76640927298641,77.3481674194336,639511
2012-06-29,78.00579350465196,79.04283517723736,77.82873974439846,78.6634292602539,555961
2012-07-02,79.89018552338742,80.38341678878882,78.91638094643623,79.8016586303711,688920
2012-07-03,79.92811658465135,80.63633158223583,79.80164211756565,80.23163604736328,661181
2012-07-04,80.92722155955177,81.25603946171378,79.76371407969485,79.9913558959961,357529
2012-07-05,79.68781813593333,83.051874074368,79.18193782252514,82.05278015136719,2104726
2012-07-06,81.95163890697245,82.33104492633997,81.09165076256973,81.36988067626953,383908
2012-07-09,81.6986665043809,81.6986665043809,79.72575948127631,80.4466323852539,429426
2012-07-10,80.59841154628558,81.52163685480136,80.59841154628558,81.35722351074219,1020178
2012-07-11,81.16750905562934,81.69867910648156,80.93986724919858,80.9778060913086,222466
2012-07-12,80.87663014071579,81.54691511623655,80.49722421146032,81.14221954345703,480034
2012-07-13,81.92632104549202,81.92632104549202,80.67428673121138,81.14221954345703,259216
2012-07-16,81.14222265260425,81.9136749855518,80.47193765140001,80.73751831054688,384792
2012-07-17,80.91457835772735,81.39515161853838,80.40869794565666,80.68692779541016,972067
2012-07-18,80.95251897633118,80.95251897633118,79.71312507022114,80.43399810791016,697579
2012-07-19,82.20455332769224,82.20455332769224,80.23164593864216,80.43399810791016,840994
2012-07-20,82.20455332769224,82.20455332769224,79.95341608278414,80.43399810791016,591709
2012-07-23,79.61195462947406,80.52253070196205,78.94166958658388,79.48548889160156,300149
2012-07-24,79.64988578894588,80.40869765049575,79.53606926197583,80.07987976074219,339580
2012-07-25,79.91548562380427,80.09253941360386,78.41051090296413,78.62550354003906,324127
2012-07-26,78.67607583829447,78.91636682796613,76.63993140187891,77.25962829589844,751558
2012-07-27,77.8793282299964,78.25873414915468,77.0446387093564,77.17110443115234,368636
2012-07-30,78.28403045978239,78.41050494612114,77.17111100413706,78.2081527709961,731172
2012-07-31,78.14491887329051,78.41050830295508,77.27229039980526,77.37346649169922,505394
2012-08-01,77.14581604349128,78.6634399170221,77.14581604349128,78.57491302490234,684760
2012-08-02,77.65168738740832,78.97960812084762,77.65168738740832,78.3978500366211,321369
2012-08-03,78.15756775211148,78.84050199270418,77.77816178595364,78.11962890625,704975
2012-08-06,80.43399839692552,80.43399839692552,78.41050295828761,78.61284637451172,691405
2012-08-07,79.16933322160166,79.40961553703998,77.42406723464825,78.08170318603516,2755081
2012-08-08,82.04858030834006,83.05865928672051,81.35244683901026,81.69368743896484,1452787
2012-08-09,81.89841881268563,83.09960100096302,81.89841881268563,82.62185668945312,948263
2012-08-10,82.62186464956208,83.80939468530984,82.36251879237726,83.550048828125,1217258
2012-08-13,83.91859344630515,84.4918753344847,83.19515550405595,84.150634765625,1031929
2012-08-14,84.36902518487868,85.02421117143572,83.56369260656766,84.75121307373047,740390
2012-08-16,85.17436610440564,85.28356535418173,84.32808609054561,84.81947326660156,478183
2012-08-17,84.6283752767104,86.64853295763646,84.51917603213018,86.29364013671875,1681929
2012-08-21,87.1535643056067,87.1535643056067,84.58741063945955,85.21530151367188,314771
2012-08-22,84.90135627859733,85.6384463890297,84.5191684049918,84.91500854492188,653993
2012-08-23,85.29721638655401,85.7203611581911,84.08239114972488,84.62838745117188,507909
2012-08-24,84.08237230162887,86.06159191681743,83.80938366003652,85.80224609375,548395
2012-08-27,85.93875125035593,85.96604633878263,84.12333970791836,84.56012725830078,341344
2012-08-28,81.89843688986092,84.34173971066937,81.89843688986092,83.31800842285156,388859
2012-08-29,82.59457605093355,84.80582797297916,81.93938049839252,83.52275085449219,674088
2012-08-30,83.52274808030268,83.94589283194645,81.92573495585579,82.52632141113281,492150
2012-08-31,82.63552041907809,83.35895839619637,82.5809207916765,83.2361068725586,484970
2012-09-03,82.59456588143698,83.33164661538633,82.59456588143698,83.19515228271484,595830
2012-09-04,83.22245460372396,83.80939823630675,82.8539094807475,83.2361068725586,458834
2012-09-05,82.93580160092031,85.06515841652146,82.86754971459644,84.90135955810547,2473694
2012-09-06,85.26990082920928,86.38917880662359,85.22895347841316,85.66574096679688,851724
2012-09-07,85.46101391640767,87.08533162949344,85.46101391640767,86.94883728027344,734926
2012-09-10,87.03072485238793,88.83249357462402,86.7713884445504,88.13636016845703,963020
2012-09-11,88.54583779164173,88.77787907216573,87.617653773676,88.50489044189453,602970
2012-09-12,88.72328574719904,90.30665581718885,87.87700581665948,88.36839294433594,1832429
2012-09-13,88.1909549945819,88.70964667790673,87.15357162793224,87.75415802001953,1027150
2012-09-14,88.19096264439325,88.72329719339666,86.94883295015735,87.34467315673828,1083535
2012-09-17,87.68590827242048,87.87700220890098,86.3891791721561,86.74407196044922,481209
2012-09-18,86.67583278305462,87.48117489387477,85.54291181645833,85.85685729980469,745806
2012-09-20,82.99041612708824,86.59394441982604,82.99041612708824,86.12985229492188,629640
2012-09-21,86.79867657697318,88.84613872271872,86.18443793324951,88.35475158691406,953437
2012-09-24,88.35475888280543,89.65147871689707,86.83963110108068,87.42657470703125,2117547
2012-09-25,87.61767498240583,88.62775394436561,86.41650204341306,86.88058471679688,791424
2012-09-26,86.43013418833411,87.56306453726178,86.02064174645355,86.18444061279297,509583
2012-09-27,86.77139557108116,87.79511736213702,86.60759668325481,86.94883728027344,1099900
2012-09-28,86.15714840232985,88.42299972790173,86.15714840232985,87.59036254882812,755987
2012-10-01,87.33103154182875,88.35476274397391,87.33103154182875,87.6313247680664,890996
2012-10-03,87.35833414384814,90.19747721638157,87.35833414384814,89.26930236816406,2049125
2012-10-04,89.56958305006697,90.5250623041645,88.75059813285868,89.03723907470703,1317569
2012-10-05,89.44671312349718,89.70605892376399,87.35830390403717,87.48115539550781,1762049
2012-10-08,87.6313235581433,88.15001528646019,86.88058105497772,87.34467315673828,1571692
2012-10-09,87.35832910731655,88.28651334995851,86.74409036862147,86.88058471679688,800118
2012-10-10,87.5494096241323,87.5494096241323,86.10254330169627,86.26634216308594,706788
2012-10-11,86.83962259948208,88.68233850241342,86.67582374074553,88.21824645996094,1618336
2012-10-12,88.15000791072761,89.24198145461281,87.67226358031785,88.83248901367188,1235863
2012-10-15,89.52862688882928,89.67878294280314,88.5049051829032,88.69599914550781,798249
2012-10-16,88.1909476042621,89.40577255407456,87.9042972517426,88.42298889160156,917381
2012-10-17,88.72329304683153,89.61052985095374,88.27285323474598,88.81884002685547,940445
2012-10-18,89.00994398650373,90.6069570167108,88.85979738154464,89.03723907470703,1330960
2012-10-19,89.00993258915965,89.91081210356042,88.88708108813447,89.24197387695312,531438
2012-10-22,89.2283187212651,90.27935423530016,86.44377611823589,89.21467590332031,881268
2012-10-23,89.74701424520734,90.27935815829716,88.69598813343588,88.85978698730469,654413
2012-10-25,89.74701727090398,90.170161962347,87.91795362754279,88.7369384765625,2178729
2012-10-29,88.72329788619976,89.06454791682579,87.63132424241962,87.82241821289062,236617
2012-10-30,88.42300117392483,89.13278684876553,86.6212418983768,87.16722869873047,1076275
2012-10-31,87.35831448451272,87.90430123375944,86.08888985995112,86.3891830444336,1505207
2012-11-01,86.81234347053012,87.08533217066656,86.15715736309048,86.34825134277344,866281
2012-11-02,87.33101676948057,87.33101676948057,86.32092855907027,86.47108459472656,1596140
2012-11-05,86.71677755493722,87.75415139533817,86.67582075571194,86.81232452392578,1319627
2012-11-06,87.07168432777357,87.33103019150276,86.53934033171453,87.0853271484375,647806
2012-11-07,86.81232046711706,87.35830717065238,86.75772085197005,86.90786743164062,541069
2012-11-08,86.27998729951491,87.22182369184902,86.26634447998448,87.04437255859375,472713
2012-11-09,87.1672240699194,87.68591575428289,86.8123312513448,87.04437255859375,500116
2012-11-12,86.79867993339656,87.63131709097989,86.26634542367925,87.2218246459961,321941
2012-11-15,87.35831448451272,87.35831448451272,86.26634098601926,86.3891830444336,705368
2012-11-16,86.00701087235049,87.07168947952545,85.72036045445977,86.60759735107422,1441142
2012-11-19,86.64853257366927,86.79867917231772,84.38267187851045,85.3654556274414,955261
2012-11-20,85.5702167413328,86.4301491283396,84.94232570246469,85.40641784667969,1828541
2012-11-21,84.64201811220579,85.67940148797646,84.64201811220579,85.32450866699219,758231
2012-11-22,85.4337160789541,85.99335517508152,84.62838338295509,85.1334228515625,358818
2012-11-23,85.14706528650747,85.93875515799034,84.90137168774964,85.5838623046875,334538
2012-11-26,85.61115764166443,86.21175354339695,84.76487758840126,84.87407684326172,456083
2012-11-27,84.62836813114144,85.47464803327875,84.62836813114144,84.72391510009766,1189937
2012-11-29,84.38266426291435,89.11913144645904,84.38266426291435,88.72328186035156,1643874
2012-11-30,87.90431917942679,89.6651407409242,87.90431917942679,89.32389068603516,778560
2012-12-03,89.67877446285145,91.9855729600187,88.16364682964226,91.27578735351562,2172991
2012-12-04,91.45323578610811,100.10716658221324,91.45323578610811,96.24429321289062,8377550
2012-12-05,96.23063943440187,97.45911664739612,93.69179030672113,94.16952514648438,1821834
2012-12-06,94.5107841570441,96.91313919575462,93.58260002537065,95.68466186523438,2596650
2012-12-07,95.82115981192257,96.3535037877383,94.26509413665632,94.81108093261719,2157965
2012-12-10,95.00217778440268,96.3671495398016,94.22414019912998,94.83837890625,2163354
2012-12-11,94.63362270327859,95.68465830810564,91.72622835205182,93.0912094116211,1324517
2012-12-12,93.6508506040961,94.93391809104654,92.09477556138208,92.64076232910156,1158135
2012-12-13,91.99925272915834,94.01941091342943,90.36128254820845,90.87997436523438,1254548
2012-12-14,91.18024415764314,93.09121202594534,90.87995096152662,92.04017639160156,672229
2012-12-17,92.27222285811368,93.03660808032329,91.80813081806475,92.4360122680664,501384
2012-12-18,92.8182174588248,94.18318916088039,92.42237727137785,93.1048583984375,1433479
2012-12-19,93.52800836024068,95.90305906588338,92.57252906007976,95.0840835571289,1415638
2012-12-20,95.27517368976643,96.50365107531874,94.53808347926046,94.87933349609375,1187299
2012-12-21,94.5926816162907,94.5926816162907,92.8182174588248,93.1048583984375,1127289
2012-12-24,92.80455926202657,93.74639562847543,92.40871909986794,92.7909164428711,577383
2012-12-26,92.8182180080196,93.77369726031834,92.12208460887766,93.32325744628906,614512
2012-12-27,93.51433931533383,94.319671858823,92.4360086859436,92.90010070800781,2137999
2012-12-28,93.60990204593556,95.6573644151179,93.22771410925444,95.46627044677734,1151597
2012-12-31,95.7256124531491,96.91314246901494,95.47991886833391,96.64014434814453,1541946
2013-01-01,96.62649931440662,97.431832021348,96.24431136451052,97.09059143066406,640298
2013-01-02,97.74575476677778,97.84130173200859,95.78019695074076,96.08049011230469,1025508
2013-01-03,96.43538589475898,100.03891339376227,96.39443854380323,99.72496795654297,2738939
2013-01-04,100.02527214470777,100.84424752047715,99.11074035129558,99.5611801147461,1785327
2013-01-07,100.20273585470771,103.16473035879854,99.58849710184269,102.25019836425781,2284359
2013-01-08,102.65968362480504,102.87808212986839,100.5985689911273,102.61873626708984,2280039
2013-01-09,102.83712517801506,104.1475067585955,102.00449741253402,102.35939025878906,1040348
2013-01-10,102.90537246536213,103.27391756364757,100.10717717826212,101.26740264892578,1328361
2013-01-11,101.2947080262754,102.18193538559159,99.27454082685102,100.21637725830078,1526854
2013-01-14,100.2163805831293,101.55405724843604,99.67039377097953,101.02171325683594,1361181
2013-01-15,101.39024638069178,102.5777668480942,100.84425018517112,101.97718048095703,1364347
2013-01-16,102.37304099580454,103.87451666018323,101.5131086267632,101.64961242675781,2000604
2013-01-17,101.73149829725544,102.8371241829797,100.93981789709156,101.36295318603516,1250477
2013-01-18,101.60866564574413,102.91903788719522,99.86149635851767,100.23004150390625,2576455
2013-01-21,100.48937019952666,101.7451521614643,99.65674242904274,101.19916534423828,346361
2013-01-22,101.5676842326243,102.30477434484608,100.46205851222683,101.2127914428711,455498
2013-01-23,101.55404980836994,101.73149149394577,99.91608004398513,100.7214126586914,1811124
2013-01-24,100.23002164094156,100.7214087721213,95.82115193554084,97.04962921142578,1990400
2013-01-25,97.00868511915743,100.70775989016998,96.24429986277651,99.94337463378906,444863
2013-01-28,100.1890679809257,101.28105096525715,99.54753423688852,100.24366760253906,534519
2013-01-29,100.25732334767775,100.98076127319774,98.551101646962,99.52023315429688,535582
2013-01-30,100.14812172280337,100.55761416541749,97.99146026531083,98.33271026611328,775178
2013-01-31,98.96059445600226,99.37008690981516,96.99503634646211,97.69116973876953,1186065
2013-02-01,97.62292698046392,99.15169754338017,97.4591281098794,98.55110168457031,316747
2013-02-04,98.55111104297096,100.09353402022161,97.73213550815109,98.23717498779297,639087
2013-02-05,97.45914062138895,98.53747151458285,96.95410112487012,98.22352600097656,528817
2013-02-06,98.48284106916444,98.93328079420499,95.04310321333146,95.57544708251953,1215897
2013-02-07,96.51728588356139,99.61578362658885,94.72916957844215,99.20629119873047,1438473
2013-02-08,98.31905847967295,100.31192108028414,96.1623970116274,96.76299285888672,3752973
2013-02-11,95.54815845222231,96.65379372269636,93.69179962968546,94.26509094238281,1267975
2013-02-12,95.52086222941345,95.52086222941345,93.36420078457836,93.82829284667969,1267873
2013-02-13,94.0467027985874,94.81108815029752,92.42238510719552,92.80457305908203,2553515
2013-02-14,92.90014041840718,93.36423263884878,90.9618767998319,91.80816650390625,1720747
2013-02-15,91.24850844377652,93.36421337147043,90.38857609298925,92.68173217773438,714835
2013-02-18,92.54521307945383,93.47339717532606,91.7398804910695,92.27222442626953,474389
2013-02-19,92.54523872383803,93.21407717096605,91.58975927705727,92.85918426513672,355114
2013-02-20,92.54521229235885,93.4597441134131,92.05382516245781,92.35411834716797,323440
2013-02-21,92.28587474920754,92.6271247653387,90.22476962395268,90.63426208496094,531377
2013-02-22,90.64792198647048,91.15296147118461,89.71973773696554,90.22477722167969,409208
2013-02-25,89.78797600377361,91.11200041777501,89.78797600377361,90.47046661376953,273505
2013-02-26,90.08827124160254,91.5078425232475,89.32387653063186,90.72980499267578,948629
2013-02-27,90.93456294851539,91.89004228862326,90.36127156527577,91.04376220703125,676366
2013-02-28,91.42594949485719,92.13573522207889,88.75060547254549,89.33753967285156,1113397
2013-03-01,89.8971878680505,90.32033267248325,88.3684170013869,88.65506744384766,1432562
2013-03-04,88.5322076245873,88.85980540020742,87.48118129502957,88.17731475830078,501046
2013-03-05,88.17731003240172,89.26929311133962,87.44021980072972,88.61409759521484,872584
2013-03-06,89.05087724985839,90.86628849013596,88.7369318215544,88.91438293457031,823933
2013-03-07,88.94169300772495,89.93811962833121,88.51854827670431,88.8051986694336,388673
2013-03-08,89.97908268435869,90.51141725423507,88.99629881574603,90.04732513427734,410753
2013-03-11,90.21112455513236,90.87996292468516,89.00995161254755,89.44673919677734,330378
2013-03-12,90.3612560866208,90.37490835358099,88.31379396001671,88.99628448486328,495396
2013-03-13,87.9316136384576,89.97907594132327,87.82241438924657,89.4057846069336,789648
2013-03-14,89.28293605922636,89.99272175476978,87.767817683886,88.46395111083984,1118437
2013-03-15,88.98265870288236,88.98265870288236,87.09899487533619,87.60403442382812,1305866
2013-03-18,87.52213969356289,88.66871315696827,86.6758500571095,87.60403442382812,586059
2013-03-19,87.68593860203177,88.99631097390605,87.08534260431252,87.60403442382812,945977
2013-03-20,87.64495591069993,87.7541551507701,85.72034528628633,86.19808959960938,530084
2013-03-21,86.93518070394184,87.57672395416007,84.62838191110453,84.7375717163086,470647
2013-03-22,84.72392871580634,87.74052264765689,84.13698509340422,86.67583465576172,480163
2013-03-25,86.88057715907048,88.42300000623243,86.60758848646691,87.6995620727539,463563
2013-03-26,87.69956368665714,88.17730804440967,86.37553931156158,87.94526672363281,396813
2013-03-28,87.78146978923581,88.72329680936683,87.09897918420397,87.79511260986328,975959
2013-04-01,87.1126327903343,88.66869854450549,86.6758357730674,88.34111022949219,191334
2013-04-02,88.45029092506897,89.40577002795531,88.20458793044158,88.91438293457031,1685031
2013-04-03,88.92803181557238,89.65146968699881,87.11262045152182,87.54940795898438,595186
2013-04-04,87.11262418063883,87.11262418063883,83.50909638402253,84.99691009521484,1178843
2013-04-05,84.64200641502477,86.59392138465958,84.62836359728708,85.01055145263672,272065
2013-04-08,85.17435436541213,85.42004791957787,84.24617031817701,84.91500854492188,191067
2013-04-09,84.94231035497336,86.53933275539818,84.94231035497336,86.1161880493164,475464
2013-04-10,86.67582075571194,87.26276428398695,85.31084920912002,86.81232452392578,380546
2013-04-11,86.83963156234464,87.75416347476136,85.73400568564658,86.41649627685547,384200
2013-04-12,86.3072839929628,87.04436465014105,85.48829918636355,86.37552642822266,526469
2013-04-15,86.53933443422034,87.07167839400114,85.82954878647001,86.7713851928711,162570
2013-04-16,86.00700697508032,87.76781897117509,86.00700697508032,87.37197875976562,316427
2013-04-17,87.63131962857118,88.45030454225459,87.1126279235135,87.6995620727539,841545
2013-04-18,88.45030564902221,90.03367587209357,87.69956317012758,88.13636016845703,552369
2013-04-22,88.72330858077521,89.2693049164157,87.4265885414895,88.51856231689453,192772
2013-04-23,89.40577608692247,89.40577608692247,87.90430072526007,88.10904693603516,215270
2013-04-25,89.26927939800908,89.26927939800908,87.94525519645627,88.85978698730469,954385
2013-04-26,89.24198879251334,89.24198879251334,87.3583252988884,87.49481964111328,245989
2013-04-29,86.86691683402344,88.2455405310483,86.59391876849668,87.48115539550781,465144
2013-04-30,87.35831376772036,89.67877396686636,87.0853156713692,88.40933990478516,937281
2013-05-02,88.72328279155239,91.04374292369073,88.72328279155239,90.02001190185547,976969
2013-05-03,90.36125590766878,90.42950779439894,88.47759264451055,88.7369384765625,566993
2013-05-06,89.92448332150684,90.5387220602135,88.79155283261183,90.15652465820312,599282
2013-05-07,90.82536792877647,90.98916682419467,90.25207651878162,90.38858032226562,170933
2013-05-08,90.4022154621232,90.7161609563454,88.36840533200363,88.75060272216797,582360
2013-05-09,88.45030892699417,89.13279009027204,87.03072807775017,87.71321868896484,1187625
2013-05-10,87.93161259750721,88.31380051728496,87.38562580585199,87.9998550415039,232044
2013-05-13,88.45030863704679,88.45030863704679,87.08532741909195,87.19452667236328,140701
2013-05-14,87.15357907949287,88.43665613006793,87.15357907949287,87.90431213378906,203421
2013-05-15,88.55951546041449,88.61410564377977,87.38563755930942,88.16366577148438,865612
2013-05-16,88.45029082625332,90.04730360193788,88.21824009779445,88.50489044189453,2689989
2013-05-17,88.5049125339209,88.72330160306376,87.79511735341065,88.17731475830078,1528673
2013-05-20,88.17729273988361,88.72327944831032,86.48472355103249,86.82597351074219,800547
2013-05-21,86.82597975363457,86.82597975363457,85.44735589358291,85.72034454345703,1734936
2013-05-22,85.20165274123367,86.5393292463942,84.71026561392127,84.90135955810547,268631
2013-05-23,84.62838599200643,84.96962658857409,82.74472240433595,83.82304382324219,676171
2013-05-24,83.26340511555404,84.49188260670789,81.9393806348132,82.9631118774414,1665455
2013-05-27,83.48180075123877,83.97318795156035,82.71741541299576,83.75479888916016,485419
2013-05-28,82.30791186670085,83.93222931114317,81.4206845716022,83.24974822998047,1618894
2013-05-29,84.3280869981191,84.3280869981191,81.9393746414158,82.38982391357422,736770
2013-05-30,82.38982679748206,83.12690759529895,81.7892308962269,82.41712188720703,3612791
2013-05-31,82.99040158386245,83.0313489366619,81.76192431226558,82.36251068115234,485621
2013-06-03,81.89841480062364,82.92214581232577,81.81652009886153,82.15776062011719,1544121
2013-06-04,82.15777628705393,83.3589586455449,82.14412401817847,82.52632141113281,292378
2013-06-05,82.52631006634084,83.34529491929263,81.92572369362571,83.14054870605469,338632
2013-06-06,82.71741069501826,84.05508732263027,82.44441257266793,83.37259674072266,741791
2013-06-07,83.31800213549339,85.09247586576373,83.31800213549339,83.86399841308594,1110480
2013-06-10,81.62544817840129,84.76488449575078,81.62544817840129,83.31800842285156,855448
2013-06-11,83.24975537412129,83.24975537412129,81.8711313785073,82.06222534179688,1470843
2013-06-12,81.99397241738387,83.05865091823904,81.77558336834387,82.44441223144531,1283741
2013-06-13,82.19871291832673,82.36251177964473,80.53344811476636,80.86104583740234,895392
2013-06-14,80.69725043315339,82.990406246037,80.53345156481825,82.48536682128906,457641
2013-06-17,82.77200360887079,83.2633907413265,81.78921989602374,82.17141723632812,945020
2013-06-18,81.76193658990287,82.90850988013842,81.65273733408291,81.92573547363281,422969
2013-06-19,81.89843764268927,82.41712942634325,81.63909175086229,81.748291015625,525185
2013-06-20,82.63550838827997,82.63550838827997,79.98745991260837,80.87468719482422,1529514
2013-06-21,80.87469559878852,80.91564295564898,77.53051343751171,78.5951919555664,720238
2013-06-24,78.2675952357517,78.28124277940515,74.44566889694153,74.92340850830078,750823
2013-06-25,76.16553732383761,76.16553732383761,71.04688621881226,73.7495346069336,1317662
2013-06-26,76.41123015997704,76.41123015997704,74.04982251376921,74.5002670288086,925830
2013-06-27,74.855159331465,75.52399760378358,73.421935811916,73.72222900390625,695819
2013-06-28,74.92341590511343,78.0765042649284,73.44924484660173,76.86167907714844,424958
2013-07-01,77.02547914197224,79.33228747598886,76.47948757816714,78.40409851074219,260142
2013-07-02,79.16847901723015,79.16847901723015,76.861675548456,77.17562103271484,200969
2013-07-03,77.1756115492219,77.48955227093478,75.25099624704667,75.67414093017578,202874
2013-07-04,75.61956046743096,76.95723256916398,73.81779148897655,74.24093627929688,346924
2013-07-05,74.66406805474034,77.03912346335638,74.32282747511441,75.40115356445312,828639
2013-07-08,75.08719837871735,75.89253090490976,72.39819799613498,75.31924438476562,583589
2013-07-09,76.356635464976,77.77620681858536,75.76969658239238,77.51686096191406,399111
2013-07-10,78.62248446255671,78.62248446255671,77.46225434635532,78.14474487304688,560001
2013-07-11,78.63614151739851,79.91921857193543,77.35306918683,77.70796203613281,470728
2013-07-12,77.88540087071881,78.60883404350476,76.99816883392403,78.11744689941406,379213
2013-07-15,77.5305078339108,78.89547946753613,77.2575097280114,78.41773986816406,246740
2013-07-16,77.80350663107541,78.59519174535023,77.25751510524275,77.51686096191406,342857
2013-07-17,77.31212641712644,78.58155135591757,77.0118331583103,77.42132568359375,339875
2013-07-18,77.80350663107541,78.29489853192798,76.99817397253969,77.51686096191406,328325
2013-07-19,78.56788809143212,78.56788809143212,77.25751132788307,77.72160339355469,303735
2013-07-22,78.04920034293288,78.28124638748106,77.12102088870839,77.36671447753906,225973
2013-07-23,77.5305073856633,78.34949225069066,77.5305073856633,78.0491943359375,193092
2013-07-24,76.98452390861281,77.95365546983801,76.94357655068941,77.03912353515625,231586
2013-07-25,76.9845048805049,77.65334305439413,74.3910563284875,74.85514831542969,1333067
2013-07-26,74.02252947566444,75.5649523890701,73.76318833596564,74.17267608642578,414874
2013-07-29,75.0462613076477,75.0462613076477,72.93055174621355,73.42194366455078,1550812
2013-07-30,73.62668388317299,74.66406253797683,71.9341144828374,72.72579956054688,961629
2013-07-31,70.70563265025842,72.00235698060509,69.9412474834877,70.51453399658203,2064578
2013-08-01,70.02315705223482,71.21068712805366,69.08132529760354,69.99585723876953,829771
2013-08-02,70.15965951915008,74.2545797737097,69.17688035868449,71.87952423095703,1407039
2013-08-05,72.2890172848061,73.68129367780159,68.71278875974588,70.86944580078125,817056
2013-08-06,68.68548176703446,70.30979933181742,68.54898270630842,68.7810287475586,880064
2013-08-07,68.52167698372206,69.13591561805484,67.48429838358943,67.93473815917969,1034830
2013-08-08,67.56620510818468,70.35074821571656,67.55255283983152,69.61366271972656,890021
2013-08-12,74.76189106293876,74.98662638825891,73.47340922245826,73.99779510498047,430399
2013-08-13,73.48840412146005,74.31243030050585,73.26366876623601,73.92288970947266,428235
2013-08-14,74.85179297190629,77.57858217706683,74.162606998593,76.97928619384766,523707
2013-08-16,76.1402762741661,77.18904296704508,74.31242841894675,74.64204406738281,765386
2013-08-19,74.89674586350233,74.89674586350233,71.31597026393821,73.15879821777344,447775
2013-08-20,72.51455098283805,74.59709406640239,72.27483051066966,74.19257354736328,279704
2013-08-21,73.71313739068592,75.81066558503139,72.81419599522881,73.14380645751953,506324
2013-08-22,73.56330810570464,74.85179001127342,72.06507598466155,74.2225341796875,212167
2013-08-23,74.40231223859209,75.51100888013065,72.9190601951137,73.56330108642578,390585
2013-08-26,73.71312581042962,75.72075851279966,73.20372507500848,74.95665740966797,270881
2013-08-27,74.82183212599843,75.49603820064196,73.93787581577524,74.02777099609375,347221
2013-08-28,74.012788837078,74.40232944889266,72.73929187964478,74.1026840209961,251217
2013-08-29,73.89292301311086,75.51102064598273,73.17377196638783,74.47723388671875,806675
2013-08-30,74.94170159285612,75.96050339156842,73.83300978792204,74.20756530761719,441966
2013-09-02,74.01277946634295,74.85179070635739,73.68316901887223,73.96783447265625,371227
2013-09-03,74.25250864048395,74.74692436971313,71.01631834552255,71.72048950195312,1168982
2013-09-04,71.01629039793437,71.52569104979142,69.87763408243636,70.86647033691406,1528058
2013-09-05,71.2260687904505,73.15879175837534,71.2260687904505,72.6943359375,303689
2013-09-06,72.69433488685536,73.69815138368476,71.6156083363585,72.30479431152344,1604230
2013-09-10,72.51455302207737,73.6831748012719,72.51455302207737,73.0239486694336,370428
2013-09-11,73.14381336217828,75.1963967545768,72.81420286877285,73.39851379394531,1153695
2013-09-12,73.71313871098613,74.52218494435594,71.64557553846731,71.94522094726562,517633
2013-09-13,71.8852899285594,74.31242859828413,71.16613888238096,74.19257354736328,596152
2013-09-16,75.2113718658346,75.2113718658346,72.85914319268288,73.18875885009766,862062
2013-09-17,72.81420234743977,73.23370802290596,72.3647316105,72.7992172241211,307454
2013-09-18,73.11384999297113,73.59328580591537,72.15497836708266,72.84416961669922,386729
2013-09-19,73.9828221824449,75.99045532089299,73.1887610378457,75.3462142944336,1031698
2013-09-20,75.36119411318734,76.40995560700544,73.56331134074111,74.53716278076172,1069092
2013-09-23,74.13264017873693,74.85179119338187,72.37970245094058,72.61942291259766,874414
2013-09-24,72.64938705202017,73.32359306416404,72.0950412691898,72.9190673828125,162686
2013-09-25,72.96402986622627,73.45844561777942,71.79540280366547,72.84416961669922,336395
2013-09-26,73.39851447980868,73.39851447980868,72.21490749497772,72.45462799072266,346774
2013-09-27,72.66437946777853,73.29364059458322,71.72049296273542,71.99017333984375,178039
2013-09-30,71.33094811126124,71.88529395646694,71.03130268942427,71.28600311279297,473654
2013-10-01,71.46578836174858,72.1999245718729,70.73165215162427,71.97518920898438,420717
2013-10-03,71.91525009613983,72.72429626435272,71.76542481122522,72.48458099365234,713377
2013-10-04,72.51453642051003,72.99397208340343,71.91524054560269,72.3946762084961,947404
2013-10-07,72.1549653668402,72.75426132133565,71.90027016022987,72.48458099365234,1045166
2013-10-08,72.37970245094058,73.35355904867772,72.37970245094058,72.61942291259766,331337
2013-10-09,72.48459232782238,73.09886831428004,72.21490677280627,72.7093276977539,290239
2013-10-10,73.0688998333259,75.79568402140798,72.06508327731608,75.36119842529297,1973820
2013-10-11,76.11031145653081,76.23017169270577,74.14762342240097,74.47723388671875,1192359
2013-10-14,74.61207643073068,75.33122745032831,73.63822501144989,73.95285034179688,456013
2013-10-15,73.75808314668838,75.3012655457859,72.93405698246755,73.29363250732422,575431
2013-10-17,72.66437188254804,75.49603628725177,72.66437188254804,74.62705993652344,1076128
2013-10-18,74.62706035758583,75.21137124039875,74.01278441525712,74.13264465332031,506301
2013-10-21,74.56713411887532,76.6496825303594,74.0277733898506,76.1402816772461,843203
2013-10-22,76.40995366684662,78.65730707534087,76.37998860905583,77.53363037109375,1631159
2013-10-23,77.95313914431537,78.95695565795357,77.32388327561289,78.70225524902344,1000752
2013-10-24,78.80714072860016,79.73604206321575,78.2078446943402,78.8221206665039,1034565
2013-10-25,78.80714265152415,78.82212258979341,77.90820117078154,78.22283172607422,262163
2013-10-28,78.85208572747509,79.70608218740826,78.2078446943402,78.8221206665039,903756
2013-10-29,79.31653298142707,80.38028482238037,78.05802121545173,79.24162292480469,512833
2013-10-30,79.69109779326085,79.88586809877323,78.11795022595739,78.56742095947266,289228
2013-10-31,78.08796757270657,80.90465158422415,77.65348206027863,80.275390625,902348
2013-11-01,79.3464972500718,82.40289701098517,79.3464972500718,80.63497924804688,905494
2013-11-05,81.80359595261758,83.30182799354517,80.33532378215881,81.60882568359375,724429
2013-11-06,81.54890084174995,82.37292696195713,80.33532897316118,80.87469482421875,455341
2013-11-07,81.35413086182209,82.22310716418492,80.67992484179076,81.11441040039062,1317250
2013-11-08,82.10324988062969,82.10324988062969,80.35031727672323,80.9046630859375,267515
2013-11-11,82.07329046202442,82.07329046202442,78.37264952541393,79.72106170654297,2043158
2013-11-12,78.52247971171312,81.86354012629273,77.83329364047256,80.97958374023438,2380363
2013-11-13,80.30536285438143,82.07328048686763,79.9008423603062,81.62380981445312,714960
2013-11-14,81.53391997564076,83.51159313767896,81.53391997564076,82.83738708496094,1222924
2013-11-18,83.31681671544315,84.44048820212993,82.73250069795088,84.15582275390625,1196378
2013-11-19,83.90112016645615,84.80005623968785,83.21192910293391,84.11087036132812,1056404
2013-11-20,84.69520741885906,84.69520741885906,83.30185011012526,83.73633575439453,1313587
2013-11-21,83.61648264529263,85.00983998668862,83.04715160895266,83.82623291015625,1316254
2013-11-22,83.94607963316491,84.4854455182563,83.60148404197272,83.9610595703125,1090013
2013-11-25,84.20078254112445,85.57915976157558,83.96106205835196,84.2457275390625,1197310
2013-11-26,84.24572944882217,85.03979578826133,83.15201768428832,83.64643859863281,287885
2013-11-27,83.60148141985881,83.8711669465277,81.08444761526232,81.44402313232422,442186
2013-11-28,81.92345993501095,84.50042388972226,81.32416912726987,81.83356475830078,1200299
2013-11-29,80.91965224169813,83.7063719123754,80.91965224169813,83.27188110351562,464688
2013-12-02,83.70634979653278,83.87115500233422,82.37291784525165,82.97221374511719,266830
2013-12-03,83.75130140116622,83.75130140116622,82.04331391456584,82.58267974853516,187667
2013-12-04,82.10324638241156,84.09589937145236,81.30918013699409,82.05829620361328,567529
2013-12-05,82.16318087380498,83.24190744497564,81.50395475934232,81.7436752319336,332501
2013-12-06,82.25307052269291,82.40289062282949,80.96458862460538,81.38409423828125,371299
2013-12-09,83.84119073292248,83.84119073292248,81.80359295056572,82.2680435180664,515246
2013-12-10,83.3767506064487,83.55654096733583,81.17434720398069,81.4140625,517440
2013-12-11,81.87850990542171,82.73250106875732,81.20430389929005,82.52275085449219,572530
2013-12-12,82.40289421112531,82.40289421112531,80.03568571128784,80.51512145996094,372197
2013-12-13,80.30536820638413,81.17434455195479,78.95695609927482,80.15554809570312,458614
2013-12-16,80.8597166582472,80.8597166582472,77.00925568862327,79.18169403076172,567744
2013-12-17,79.70607670888457,81.00953862346584,78.44755979008896,78.8670654296875,332397
2013-12-18,78.85207222380306,79.70606853748662,78.08797107763823,78.95694732666016,298570
2013-12-19,79.27157238875876,79.66111290281931,78.83708688659985,79.00189208984375,429594
2013-12-20,78.82211954549996,80.32035701726016,78.55243918575837,79.97576141357422,477102
2013-12-23,79.70607404493832,81.87851222502073,79.40642346583766,80.5750503540039,718879
2013-12-24,80.90466711680243,82.91230022756604,80.35032127996932,81.77364349365234,776169
2013-12-26,81.80359931323143,82.91229086165804,80.73985275751721,81.18932342529297,417800
2013-12-27,81.18932509224591,82.74748734043995,80.45518896178406,82.05829620361328,489322
2013-12-30,82.05829069037287,82.70253160511673,81.26422968346897,81.69871520996094,280194
2013-12-31,82.10325208321963,83.66141443960409,81.87851672911314,82.37293243408203,685726
2014-01-01,82.94226319206292,83.60148413052352,82.34296718741956,82.82240295410156,412592
2014-01-02,82.40290529373591,83.75131754601284,79.85590610115636,80.54509735107422,456945
2014-01-03,79.60120169852172,80.90466888486387,78.80714054751918,79.67611694335938,417530
2014-01-06,80.00572146428404,80.00572146428404,78.88204472711769,79.40642547607422,214242
2014-01-07,79.57122519505974,80.27539624725725,78.56740876209244,79.04684448242188,155598
2014-01-08,79.48134191701175,81.4739898302062,78.89702585672029,80.88967895507812,549574
2014-01-09,80.03567273169213,81.18931432873862,79.88584746416583,80.44019317626953,333050
2014-01-10,80.754837796989,81.47398883681461,78.83709996239959,79.36148071289062,331948
2014-01-13,79.36148112398327,80.27540245787758,78.20783931879647,78.8670654296875,218100
2014-01-14,78.8071293589388,79.09179480451394,78.34267357347527,78.59737396240234,235762
2014-01-15,78.98692048017041,79.0768156569051,78.08797908315022,78.8670654296875,289006
2014-01-16,79.3165291197673,79.91582509905905,77.93815718217374,78.32769775390625,189901
2014-01-17,78.35766596850954,78.95695678677853,77.69843984621754,77.95314025878906,178735
2014-01-20,78.31272147133141,78.35767165632066,77.15908474761645,77.86325073242188,251664
2014-01-21,77.87822508203351,79.64614273149085,77.87822508203351,79.37645721435547,283517
2014-01-22,79.4963210539997,81.0544833719944,79.28657082742194,80.45519256591797,783338
2014-01-23,80.81476886735506,80.94960904076679,78.80713583282545,79.06183624267578,496433
2014-01-24,79.40642682798645,79.40642682798645,78.20784001632391,78.61236572265625,233387
2014-01-27,77.90819867548151,78.14791397625865,74.43229311064925,74.89674377441406,965669
2014-01-28,74.9117179789092,75.94549946094504,73.1737654498014,74.58210754394531,916213
2014-01-29,76.40995025634766,76.55977553861432,74.61207279496227,76.40995025634766,775139
2014-01-30,75.51102240014279,77.72840570991033,75.51102240014279,76.55978393554688,484248
2014-01-31,76.40993786407499,79.07679634492918,76.2301527396757,78.687255859375,334819
2014-02-03,78.68727854922979,79.4064296245217,76.75455549736466,79.13674926757812,602843
2014-02-04,75.8106619129402,77.90819000568631,75.63087156849207,77.54861450195312,1108006
2014-02-05,77.30889629202751,78.17787261181725,75.24133319653271,76.33504486083984,700335
2014-02-06,77.12911365185647,77.12911365185647,75.5559661887474,76.61971282958984,520490
2014-02-07,77.59356095381547,80.38028023415798,75.42112276930096,80.12557983398438,749247
2014-02-10,80.84471971370168,81.77362601246932,78.29772124813235,80.99454498291016,569706
2014-02-11,81.50394593827373,82.22310209305085,80.45518453968309,81.80359649658203,749029
2014-02-12,82.10325023052198,82.25307552493324,80.91964336758134,81.54890441894531,255186
2014-02-13,80.90464704140405,81.41404256888451,80.05065081400376,80.75482177734375,195004
2014-02-14,80.90465896754345,81.06946418972255,79.22663650336027,80.03568267822266,189125
2014-02-17,80.09561836618342,81.74367588781848,79.406427187117,81.0844497680664,339176
2014-02-18,80.85971460083702,81.8036061936537,80.41024389525673,80.63497924804688,286883
2014-02-19,80.78480315136095,80.87469832795892,79.30155088556589,79.6011962890625,224455
2014-02-20,80.1255839817988,80.27540409424726,78.20784091302004,79.73603820800781,472336
2014-02-21,79.7060713241324,80.9046580441312,79.7060713241324,80.3353271484375,211121
2014-02-24,80.60502504909519,81.30919103126432,79.7060835746416,80.94961547851562,157694
2014-02-25,81.08445000140196,82.10325165069449,80.60501942131968,81.03950500488281,412102
2014-02-26,81.20431042624624,81.44402571684012,79.40642759872014,80.59003448486328,316348
2014-02-28,80.59003221263924,81.23427319532757,79.39144542313696,80.26042175292969,377398
2014-03-03,80.15553892410121,80.59002445458991,79.22663256648063,79.85588836669922,364168
2014-03-04,80.00571973390284,88.0362515801505,80.00571973390284,86.1784439086914,8080240
2014-03-05,86.83767431849523,87.70664548881678,85.63908749355541,87.00247955322266,2841369
2014-03-06,87.00249039735822,90.46341112833595,86.40319431760932,87.3171157836914,3125687
2014-03-07,87.54184082892013,88.15611677517897,84.83003662895261,85.65406799316406,1212046
2014-03-10,85.38438642029998,87.91640541098799,85.09972094972991,85.71399688720703,772388
2014-03-11,86.29830923480851,89.29477891759893,85.39936781145504,85.60912322998047,1231933
2014-03-12,85.42932395685553,87.16727650263172,84.72515290303,85.26451873779297,721705
2014-03-13,85.38438158534683,86.44812816661211,83.00218802594794,83.55653381347656,499787
2014-03-14,83.81124059219552,84.91993225167465,82.40289833407593,83.21194458007812,866995
2014-03-18,83.30183643558605,84.53038828549712,83.30183643558605,84.03597259521484,470445
2014-03-19,84.32063362246264,86.07356612907319,83.60147743743319,85.20458984375,852436
2014-03-20,85.0997142606659,85.69900502881592,82.64261070389232,83.01716613769531,462252
2014-03-21,82.61264349495107,83.72133501676183,81.87850739718634,82.23808288574219,922437
2014-03-24,82.70253068138192,83.48161692959576,82.40288531524594,82.85235595703125,458025
2014-03-25,82.582689518714,85.14466845913526,82.582689518714,84.05095672607422,849812
2014-03-26,84.20078523301113,85.09972670181988,83.30184376420239,84.08092498779297,786684
2014-03-27,83.3318082609884,84.80007551430937,82.73251222412115,83.19696807861328,1195146
2014-03-28,83.1969553910796,85.98366935240371,83.1969553910796,85.7589340209961,1217966
2014-03-31,86.29831424222445,87.52687139454716,85.12969239812163,86.05859375,886864
2014-04-01,86.3582352648664,88.09618272453012,84.84501796523537,87.7066421508789,1083533
2014-04-02,88.24601776223533,88.68050335331533,86.1634694311017,86.53802490234375,1245265
2014-04-03,87.1373035396762,87.4968842083978,83.93108924337362,85.4293212890625,686100
2014-04-04,84.8000717163086,85.87880349732296,84.50042630387726,84.8000717163086,644776
2014-04-07,85.06975281419722,86.1334994172312,83.79625080379438,84.83003234863281,625193
2014-04-09,85.21958651705884,85.84884243095178,84.2906799916324,84.97986602783203,927592
2014-04-10,85.09971284005702,87.09236057382904,85.06974778363345,85.51921844482422,1557154
2014-04-11,85.24954260276134,87.94636687567687,84.9648823122064,86.29830932617188,1685002
2014-04-15,86.8076980068375,86.89758798855465,83.3018279798231,84.33560943603516,812744
2014-04-16,84.33562220504626,85.81887453507002,83.8112414299293,84.05095672607422,580409
2014-04-17,84.05095015614238,85.02480157242705,83.75130476309243,84.44049072265625,702673
2014-04-21,85.27949578312243,85.80388166436232,84.65023998486242,85.4742660522461,539429
2014-04-22,85.98367757034896,87.46693504753286,85.69901209867051,86.35823822021484,1584430
2014-04-23,86.97251043898908,87.43696106200757,84.605296773818,84.99484252929688,1189025
2014-04-24,84.99484252929688,84.99484252929688,84.99484252929688,84.99484252929688,0
2014-04-25,85.32447129093805,86.37323299445649,84.11089913984995,84.66524505615234,763381
2014-04-28,84.78509459765299,89.74425252333207,84.18579856770351,88.6505355834961,3540466
2014-04-29,89.87907163520123,90.73306793807033,87.49688342968005,88.12614440917969,3502185
2014-04-30,88.39582953525641,89.41463110603637,84.7701042936699,85.20458984375,1146920
2014-05-02,86.25336297877644,86.25336297877644,84.53039529569548,84.97986602783203,667484
2014-05-05,85.09971938951243,86.29830618321266,84.65024869372944,85.12968444824219,621863
2014-05-06,85.54918364321466,86.23836957177485,84.85999252949156,85.06974792480469,1386443
2014-05-07,85.39937199399478,86.20841827760425,85.09972656658928,85.62410736083984,872949
2014-05-08,85.15965745964968,86.68785485692538,85.15965745964968,86.05859375,1042353
2014-05-09,86.8077115078783,87.7965481270237,85.99866525045518,87.33209228515625,1852077
2014-05-12,87.85646657484409,87.94635655859872,86.86763008707712,87.15229034423828,1072843
2014-05-13,87.34707044141358,89.20487292005782,87.12233509976654,88.2160415649414,1259526
2014-05-14,87.39202637644071,92.41110938802149,87.39202637644071,91.93167877197266,3579021
2014-05-15,92.29123149662486,92.77067239133886,86.47808324049709,87.61674499511719,2064635
2014-05-16,88.84530992043379,90.19372208148529,86.73279649775374,87.28714752197266,2516304
2014-05-19,88.11116306088205,91.48219305573704,88.0961779399291,90.6281967163086,2713632
2014-05-20,91.49719761058826,97.04065650800612,91.49719761058826,93.96927642822266,4854321
2014-05-21,94.98805493446801,96.9057977629022,92.98042212389574,94.4187240600586,3022474
2014-05-22,95.55740696329123,96.18666808853983,94.14906458595496,94.44871520996094,1452449
2014-05-23,95.06297937319675,97.37026296489613,94.95810426043678,96.1417007446289,2916425
2014-05-26,97.05563553220833,98.76362846649384,91.46722161361424,94.2239761352539,3464981
2014-05-27,95.73718464623768,95.73718464623768,92.9205002649606,94.68842315673828,1518777
2014-05-28,95.58736620184834,97.804760064021,94.08913383248486,96.36644744873047,1867972
2014-05-29,97.17549475384874,97.17549475384874,93.78948953764765,94.23896026611328,2535658
2014-05-30,94.388778589557,96.33648158574003,89.89407139042143,90.94283294677734,3283914
2014-06-02,91.39230058033671,91.99160176686759,89.36969277935712,90.1787338256836,1821893
2014-06-03,90.32854826198154,93.02537232095372,90.17872815992514,92.66580200195312,2372799
2014-06-04,92.29123764758538,95.76714288461898,92.29123764758538,95.24276733398438,3546603
2014-06-05,95.60232688078068,98.01448525274036,94.53858040756833,96.35144805908203,1957394
2014-06-06,96.20163013776835,102.59909493058032,96.20163013776835,100.62142181396484,4162293
2014-06-09,100.98100183904175,104.24715689136372,99.51272954063452,102.41930389404297,3584079
2014-06-10,102.68898498217307,102.86877533294138,99.78241060756139,101.02594757080078,1510669
2014-06-11,101.6102639595715,101.84998442806793,97.6099727154253,98.70368957519531,973122
2014-06-12,97.98453807967796,100.98100244049894,97.84969272420062,98.7935791015625,896304
2014-06-13,99.69250400176747,100.11201475030776,94.68840747986219,95.63229370117188,883684
2014-06-16,95.63231157209073,97.22043377681267,91.7069355008143,96.48629760742188,1088881
2014-06-17,96.48629587971864,101.5802936078948,95.73718497195324,100.98100280761719,1957206
2014-06-18,100.98100885259646,102.13464552699764,98.31415477990616,100.1120376586914,1824663
2014-06-19,99.55768081787903,102.47924047735182,97.68489307792223,98.82355499267578,1436041
2014-06-20,97.83472220135818,99.85734061337547,97.14554131031878,97.90963745117188,539506
2014-06-23,98.53888900735019,99.78241566326923,97.55004721318574,98.50891876220703,851558
2014-06-24,98.5538468009256,101.7301115012296,98.38904159197824,101.22071075439453,1624022
2014-06-25,100.83118779220833,101.87994933823934,99.82737124366075,100.29181671142578,1479492
2014-06-26,100.36673826056719,100.92108412845799,98.22425966607399,98.56885528564453,2513585
2014-06-27,98.89845902491956,99.6925253339701,97.38524164909796,97.98454284667969,1019749
2014-06-30,97.83470431829787,103.6778231071817,97.83470431829787,103.03357696533203,2421226
2014-07-01,103.94752328852597,104.5468141809482,101.9249048599818,102.31444549560547,1535260
2014-07-02,102.77888871508014,106.40461424140513,101.8949324243732,105.64051818847656,2758563
2014-07-03,106.10497951740943,106.55445029114365,102.0747276783469,102.55416870117188,1903463
2014-07-04,103.22837289939572,106.31473812901011,101.65522522123162,105.34088134765625,2306716
2014-07-07,105.44573386370921,105.89520453250879,103.8276415300959,104.4419174194336,1091122
2014-07-08,104.09732463041466,105.0561961074194,97.3852346617078,98.4639663696289,1424336
2014-07-09,98.28416962308023,100.53152288060103,97.3702535699272,98.4040298461914,1128090
2014-07-10,98.73364252360454,101.08587093734685,96.23159401272335,99.58763885498047,2124785
2014-07-11,99.63258086479546,99.90226117970347,95.91696582655905,96.66607666015625,1204486
2014-07-14,95.70721313253034,99.42283884701926,95.28771269042831,98.44898223876953,930847
2014-07-15,98.67372651735046,99.90227845237366,97.86468543274671,99.19811248779297,839474
2014-07-16,99.18311404801464,102.07470313286788,98.92841884363068,101.28064727783203,1635424
2014-07-17,101.28065937944136,107.6930993213217,100.14199745831567,101.53535461425781,1346944
2014-07-18,101.55032249699902,102.74890396491959,99.96219012613005,101.5653076171875,1454678
2014-07-21,101.32560024779795,103.75273373714799,101.28065525175938,101.8050308227539,1291847
2014-07-22,102.50922246531498,103.03359811481431,100.98101977892776,102.61409759521484,770828
2014-07-23,103.37818932457238,103.94752032277745,102.23953769849005,103.33324432373047,1337681
2014-07-24,103.54299656570618,104.56179833257787,102.86879042912885,103.70780181884766,1741271
2014-07-25,103.99245574649277,104.39698145747106,101.01096602752028,102.10468292236328,941997
2014-07-28,102.32941807812031,102.74891854030288,100.05210466976403,100.72631072998047,697951
2014-07-30,100.72631240468932,102.68899012871395,99.01831954227931,102.40433502197266,1038176
2014-07-31,101.89493874182818,104.7265981461786,101.44546800745566,104.03740692138672,2061008
2014-08-01,103.01861384607382,104.72659638578268,102.55415799627546,104.02243041992188,1168471
2014-08-04,103.76772242109372,110.21013256701484,103.76772242109372,109.01155090332031,3140051
2014-08-05,109.37111418014007,112.87697931962768,105.50566834260563,112.17281341552734,6770919
2014-08-06,112.96685912154831,116.68247380689765,112.51738851594783,112.90692901611328,6847182
2014-08-07,113.11670154863921,115.40900001603016,112.96688144061368,113.85083770751953,2474267
2014-08-08,117.17489789996789,117.2545580654591,114.29093080936076,115.83647918701172,3130590
2014-08-11,116.4100837377942,118.16277285147612,114.83267346129392,116.5534896850586,1475468
2014-08-12,116.63314390738775,117.4935463797137,114.84859319217833,115.90019989013672,2013478
2014-08-13,114.75300999142999,117.27050525976628,112.52232663693336,114.56180572509766,2276963
2014-08-14,114.80079373761502,116.31448020153863,114.41839628214237,115.05573272705078,1906022
2014-08-18,114.72114775892443,119.58085943097744,114.24314260897285,119.2303237915039,1920696
2014-08-19,119.97917139235726,120.90331965962292,118.43362316124151,118.60890197753906,2339386
2014-08-20,119.56489086712163,119.94729929583217,118.21054698229409,119.54896545410156,1134146
2014-08-21,119.50117278962736,121.62033382732533,118.89570923610886,119.27810668945312,1965251
2014-08-22,119.40558423973695,120.44126567692173,117.04743152752022,118.16277313232422,1582996
2014-08-25,119.50118110040289,120.64839559758119,118.46551068975002,118.80010986328125,1209213
2014-08-26,118.86383517710209,119.66051399246443,117.66882246839899,118.19462585449219,743111
2014-08-27,118.70452122875366,119.70832984549634,117.76444736773135,119.38965606689453,921806
2014-08-28,119.81983658654899,121.33352291649933,118.95943411637722,120.12257385253906,2470223
2014-09-01,120.26598973894077,127.14925418510332,120.138520244948,126.766845703125,2839554
2014-09-02,127.46791076660155,128.3283131922462,125.61962540979374,127.46791076660156,2826499
2014-09-03,127.14924670604661,131.3716210599583,125.55590018222112,129.7782745361328,1755957
2014-09-04,130.73430281279647,133.33145811761676,128.10527461758576,132.20018005371094,2869400
2014-09-05,132.69412853187418,133.10839892773933,129.10908989726272,131.99305725097656,1575505
2014-09-08,132.8534683870882,134.65395604234465,131.26012145732884,133.1243438720703,1414345
2014-09-09,133.809455746663,133.809455746663,130.1606827509904,131.13262939453125,2065508
2014-09-10,130.6546047772895,132.23201475318564,129.37992102582757,130.6864776611328,1931313
2014-09-11,130.654602903038,131.9292866362145,129.45959034964736,129.794189453125,1767457
2014-09-12,129.69862733480252,132.55072177934656,129.42776289742068,130.57496643066406,1689089
2014-09-15,131.51501432452872,131.51501432452872,127.97777501531311,128.45578002929688,1268372
2014-09-16,128.10524349672764,129.85792118196548,122.64005876116371,123.78726196289062,1695140
2014-09-17,123.96256071274368,125.55590732724188,120.50499205236086,125.1097640991211,1125452
2014-09-18,123.96256805681955,128.87007768480493,123.32522055031635,127.14926147460938,1082243
2014-09-19,129.02940770441242,130.33595353612577,125.68338295915622,126.400390625,2147466
2014-09-22,125.8905250700559,128.37614747922552,124.85484355189398,127.3404769897461,933140
2014-09-23,128.05748295763988,128.05748295763988,122.43295420787233,123.42083740234375,1392698
2014-09-24,122.17800629477631,123.6120216440562,120.53686127700838,121.70001220703125,902294
2014-09-25,121.41319235125344,122.32140421863458,118.22649913653198,119.07097625732422,1884609
2014-09-26,118.57704934690145,122.65601848805198,118.57704934690145,121.8912124633789,1111501
2014-09-29,122.01866492214215,126.60751145764601,121.20606070235317,125.31690216064453,1269520
2014-09-30,125.93830708882226,128.16900121296308,123.7076239933625,127.27672576904297,853087
2014-10-01,126.91026548736968,128.7904131571912,125.55592126612459,126.06578826904297,540332
2014-10-07,126.16138011107205,126.51191569954752,122.36920132644701,122.7516098022461,513829
2014-10-08,123.96257510094976,125.34878119183142,122.78348766125838,123.93070220947266,1107922
2014-10-09,124.59990384084087,126.41631665255694,124.36090128440338,124.950439453125,769657
2014-10-10,125.69931682598647,125.69931682598647,122.86315886126894,123.93070220947266,569075
2014-10-13,122.6878694374049,123.6438795544384,122.14612963584055,123.02246856689453,460633
2014-10-14,123.80322879128373,125.5559179353921,121.89120828086797,124.80703735351562,864675
2014-10-15,124.80703735351564,124.80703735351564,124.80703735351564,124.80703735351562,0
2014-10-16,124.44056495888248,128.58327973014738,122.36921308759092,123.48456573486328,1674426
2014-10-17,124.12191044505964,125.20539027368085,122.13021861050454,124.7114486694336,599613
2014-10-20,125.87455101784931,126.59155854036179,123.37299290979638,123.85099792480469,533695
2014-10-21,124.66365070743556,126.03393142894531,123.89884465823891,125.30098724365234,969429
2014-10-22,125.71523051079456,130.2403421014193,125.31689664022497,129.3799285888672,1761389
2014-10-27,131.0688746226982,132.13641771160258,128.26457920192087,128.74258422851562,1333925
2014-10-28,127.96187486127583,129.95356666057154,127.10147220931975,127.850341796875,1017520
2014-10-29,128.3920690438684,129.25248263968163,126.57565627191335,126.9102554321289,823457
2014-10-30,126.57565753830755,128.58327457704976,126.40038973424852,127.94593811035156,5403995
2014-10-31,129.02941576597257,131.5150491134051,128.40801570062604,129.66676330566406,1940823
2014-11-03,129.7145686880327,133.7776126032474,129.7145686880327,132.43919372558594,2554654
2014-11-05,133.42705381239247,134.1759343872276,131.2441688969106,132.0408477783203,1664099
2014-11-07,132.47104915062172,134.00067222626393,130.654636223442,133.47486877441406,1708549
2014-11-10,133.793530519254,137.28297245049274,133.26772707132707,135.02041625976562,5254922
2014-11-11,136.35884186516247,136.59784446626352,132.05679504534396,133.5386199951172,2750549
2014-11-12,134.128144159597,135.27534770121397,132.9809295892977,133.6023406982422,1842093
2014-11-13,133.77758273908333,136.39067412493876,132.56663364664098,134.6379852294922,2091214
2014-11-14,134.79731796974684,136.55000688335195,133.76164768193144,135.38685607910156,1652194
2014-11-17,135.43467104710703,135.72147189215514,134.1759235889751,135.11599731445312,694465
2014-11-18,135.7533422693576,138.30271023319548,135.00447273648174,137.26702880859375,2205423
2014-11-19,137.5060019659468,138.74881279253634,133.26769159095429,134.1759033203125,1492193
2014-11-20,134.44677906771722,136.58186536310225,133.6501113319742,136.1197967529297,1016297
2014-11-21,136.13573009904513,137.6653418221167,134.9566539363158,135.73739624023438,963090
2014-11-24,136.04015536108315,137.93623939154313,135.35500954401218,137.3307647705078,763604
2014-11-25,138.30271336623946,138.30271336623946,131.9293153696279,134.2396697998047,912827
2014-11-26,133.23586184601677,135.3072137228514,133.23586184601677,134.49459838867188,462245
2014-11-27,134.47868278312404,138.52579021800028,134.47868278312404,137.2989044189453,1842501
2014-11-28,137.5697555385729,141.01138768783773,137.5060207929435,139.3224334716797,1669883
2014-12-01,139.73673682573016,141.09109221889804,137.936260165093,138.76480102539062,1042167
2014-12-02,138.33454752088508,140.2465676397786,137.42633575867475,139.3861541748047,575435
2014-12-03,139.38616216704884,142.76405942406168,139.38616216704884,142.06298828125,1108698
2014-12-04,142.5728838510767,146.4287866419437,141.42566936638946,144.91510009765625,1758851
2014-12-05,145.60025451107978,146.81119278935415,142.82782026171753,143.6563720703125,835743
2014-12-08,143.81569549732168,144.27776417046158,138.63731039459924,139.37025451660156,689868
2014-12-09,138.36643761320732,141.68061164234484,136.7093561129795,137.45823669433594,868651
2014-12-10,136.64561594635285,139.25870759758425,136.64561594635285,138.6532440185547,672310
2014-12-11,138.9400611154586,138.9400611154586,134.95668842339322,135.49842834472656,598871
2014-12-12,136.64559962565724,137.98401818060023,131.1644779790908,131.69029235839844,1101333
2014-12-15,130.65462542013063,133.4429848490298,129.95355420896627,132.2161102294922,640126
2014-12-16,131.29192109020875,133.36328324861927,130.399645909041,131.45126342773438,1116046
2014-12-17,130.65462315094422,132.31170454080058,126.19324593645366,130.0491485595703,657529
2014-12-18,132.05676869384467,135.8808095483862,132.05676869384467,135.10006713867188,1307424
2014-12-19,135.75333423799358,137.60161983665395,133.93692152705333,134.685791015625,547299
2014-12-22,135.2434461598608,137.9840067562398,135.2434461598608,137.42633056640625,1198329
2014-12-23,137.42636958176735,138.9400562246633,134.4946039426586,135.92861938476562,857020
2014-12-24,135.6417999267578,137.10768805990884,134.63799146048484,135.6417999267578,1151803
2014-12-26,135.75332962147277,136.5978067158061,133.57044494806897,134.3352508544922,568157
2014-12-29,134.1918511271931,136.42253402168967,134.1759146844478,136.1197967529297,750830
2014-12-30,136.3747521257862,137.6334996517886,135.1000681551216,137.2032928466797,1107702
2014-12-31,136.58191829695636,139.57741926000557,136.58191829695636,138.7966766357422,1352106
2015-01-01,138.57358445574988,138.9878548491646,137.42636989372363,138.46205139160156,349548
2015-01-02,139.25871104285707,140.83613235084965,138.81257881267356,139.62518310546875,945882
2015-01-05,139.5773897859313,140.97954333520693,138.6213795114604,138.86038208007812,378049
2015-01-06,137.9840547080535,138.36645223306633,133.84135051976398,134.66989135742188,663773
2015-01-07,134.7654556568001,139.2746308703112,132.3116955975159,137.85655212402344,1104039
2015-01-08,139.25871383891337,140.9317317930559,138.4301730844956,140.34219360351562,1110188
2015-01-09,141.77619280560785,143.0827385406069,140.05537674069885,140.86798095703125,1313834
2015-01-12,141.0751340914278,141.63281040459933,139.27464667880244,140.15098571777344,451177
2015-01-13,140.85206695486838,144.67609683746625,139.80044908705767,142.71627807617188,1255696
2015-01-14,142.92341334982842,145.53650493241523,140.7723904188422,141.18666076660156,1545545
2015-01-15,143.40140685269068,144.6601542383827,140.94764682416957,142.06298828125,944403
2015-01-16,141.5531388820633,142.70035336686553,141.1707303775687,141.50534057617188,540044
2015-01-19,142.12674902775936,143.68823397057088,141.20261163018657,141.7124786376953,781288
2015-01-20,141.0432781748509,143.81571260076842,141.0432781748509,141.72842407226562,1045581
2015-01-21,141.52127991508522,142.65255806632393,139.60927029055512,139.83233642578125,869256
2015-01-22,139.2587210195351,142.12675194594993,139.2587210195351,140.724609375,939831
2015-01-23,141.48940302203684,141.8877369395846,139.67297918295063,140.42185974121094,1064281
2015-01-27,140.54932832573283,142.22234620868426,139.672978272685,140.2625274658203,1035780
2015-01-28,140.5333787450733,142.2860676586591,139.25869489622178,140.48558044433594,1420324
2015-01-29,140.6767942939859,144.64422998532427,139.86417901117122,143.4810791015625,3099980
2015-01-30,144.48489849004048,148.78693333395722,144.11842644521724,145.52056884765625,2925361
2015-02-02,143.49702372362017,149.23308521949932,143.40142711016153,147.67160034179688,1575770
2015-02-03,148.4682730091726,150.26874934513268,145.50463474318508,146.66778564453125,1598637
2015-02-04,147.35292773898243,151.0176373996732,144.51676985905698,149.44021606445312,1930495
2015-02-05,148.85066426483172,151.70275832920777,146.03044308806525,147.3688507080078,1653421
2015-02-06,147.51226910186918,148.5957488558361,141.07513635867008,143.00308227539062,3922392
2015-02-09,142.09487595232994,145.8711074736516,141.5212632068781,144.19808959960938,1391879
2015-02-10,143.8794219232368,146.50844992043037,143.41735327683287,145.98263549804688,1271772
2015-02-11,146.5721720946667,150.4121379037763,145.4727560695857,149.85446166992188,692914
2015-02-12,150.73081238360746,151.35221233379042,148.75505743409335,150.34840393066406,1431929
2015-02-13,150.69895321340042,150.9220193169121,147.79906078170538,148.67539978027344,687547
2015-02-16,148.81880027140485,149.47207314254192,145.55243591571954,146.12603759765625,443815
2015-02-18,146.57218624882518,148.7072727346565,144.42116331882704,147.65565490722656,732435
2015-02-19,147.86282075360992,148.97816249011575,145.37719824527707,147.14581298828125,644748
2015-02-20,147.22545017507946,149.6154644785725,145.9507663216935,148.65945434570312,1010763
2015-02-23,149.29681917446416,150.41216078314892,145.3771815846746,146.49252319335938,985862
2015-02-24,146.42878151200821,148.50013326687542,145.9667128568227,147.71939086914062,714613
2015-02-25,147.67158528487184,148.14959036078997,142.55693538402008,143.8316192626953,740662
2015-02-26,143.7200762053353,144.9628982344748,140.13504913922287,140.9317169189453,2635321
2015-02-27,141.47345838109715,146.6677795677458,140.72458889490377,146.34910583496094,1095139
2015-03-02,145.31345532019512,148.8666210534028,144.0387712439061,148.30894470214844,1151041
2015-03-03,148.50013664156774,153.4076572449446,146.93865181061315,152.67471313476562,2502458
2015-03-04,153.59885296060244,153.59885296060244,147.62380001292277,148.1336669921875,973653
2015-03-05,147.8627970298179,150.25282253078004,145.9507766290482,148.64353942871094,873006
2015-03-09,147.86278701043057,147.86278701043057,144.19807781438735,144.72389221191406,343417
2015-03-10,144.9788127770588,146.23756012674576,142.79592822531407,143.3217315673828,469844
2015-03-11,144.0387418710888,144.35741558234673,142.36572418717483,143.35360717773438,643816
2015-03-12,143.38551718144458,144.86733113617694,142.6844458099469,143.2421112060547,458723
2015-03-13,143.76787469396027,144.6760754532047,138.9878242613901,139.4817657470703,628014
2015-03-16,139.32245293589557,139.80045808055604,135.72148893382047,136.6934356689453,954560
2015-03-17,137.0280020421298,138.62134846651605,136.07199198176212,137.25106811523438,804718
2015-03-18,137.66536392595168,139.95979290763714,137.02802744378644,139.03564453125,755833
2015-03-19,140.21473013254322,140.6130751102697,137.34671025927025,138.03184509277344,541516
2015-03-20,137.66535873336645,138.14336383413095,134.15999167065377,135.46653747558594,951078
2015-03-23,135.75332668234964,135.7692631253227,132.39136584980304,133.6182403564453,523945
2015-03-24,133.6182561266928,135.62587320312124,132.88532303627,133.18804931640625,399895
2015-03-25,133.71382903004954,134.73356271952284,132.2479411726591,133.42701721191406,598162
2015-03-26,132.9012673338284,135.27535680709775,131.92933154723846,134.3034210205078,1225875
2015-03-27,134.79732734294598,136.67748587504343,131.148565388484,135.99234008789062,861826
2015-03-30,136.70939003966092,141.80811633878912,135.59404814212974,140.53343200683594,1348280
2015-03-31,141.45752609457452,142.20640663145755,138.6213683898205,141.3459930419922,1087357
2015-04-01,141.7921475743059,141.7921475743059,139.9597982255331,140.5652618408203,466657
2015-04-06,140.86796756121123,141.17070481528134,137.69721115748044,139.3861541748047,549282
2015-04-07,139.57737056757935,146.2853669821287,138.73289347091483,145.568359375,1092873
2015-04-08,146.52437436149378,146.58810910836857,142.66847180463253,143.0986785888672,804187
2015-04-09,143.83162051170055,145.9507704847102,141.56906460319792,142.8756103515625,668838
2015-04-10,143.0668266771672,145.31345753370732,142.58882151986282,143.51296997070312,503296
2015-04-13,143.6563610674339,146.2375798268922,143.40142206893088,144.1024932861328,928125
2015-04-15,144.5805124737948,145.28158375926978,140.11913470893253,140.724609375,1045229
2015-04-16,140.7245900754462,143.05088077258893,140.2784468458047,142.66847229003906,626363
2015-04-17,143.33768913452639,144.18216630625102,140.21471944935934,141.0113983154297,719453
2015-04-20,140.82016843246276,140.94763791012693,135.30718520990447,137.09173583984375,956007
2015-04-21,136.39065078392915,139.2586696231581,135.86483648520343,137.15545654296875,524110
2015-04-22,137.3466977839734,139.89605467792416,135.78521296424861,138.06370544433594,496190
2015-04-23,138.6213862822831,139.89607038673233,136.5659707089852,137.72911071777344,396015
2015-04-24,138.22301056578084,138.30268174470254,134.47864161532812,135.35498046875,672562
2015-04-27,135.27534280241906,135.27534280241906,130.39969484106416,131.40350341796875,447675
2015-04-28,130.7661599097067,137.23515429693208,130.20849463501224,136.61375427246094,601124
2015-04-29,136.69343662872635,139.57739293406024,135.70555344086125,137.53790283203125,542915
2015-04-30,137.63351273437252,138.43018064166793,135.64182090876903,136.05609130859375,520819
2015-05-04,137.8247077807951,141.4256716262311,136.96429414636074,140.7086639404297,584814
2015-05-05,141.79214451929346,142.50915220927985,139.78452739880427,140.182861328125,811272
2015-05-06,139.57735300334636,141.79211029079818,135.46651211218088,136.40658569335938,1095940
2015-05-07,136.5819073741032,138.49392817388988,132.42326654604054,133.7298126220703,922443
2015-05-08,134.00064948717534,139.94383987789132,134.00064948717534,138.97189331054688,851710
2015-05-11,139.88009897812947,143.0827283420837,138.90815245356114,142.04705810546875,978264
2015-05-12,143.72007104589846,143.72007104589846,136.72527392993396,138.97189331054688,2016084
2015-05-13,139.38617385475544,143.00307394361576,139.38617385475544,141.7761993408203,1291382
2015-05-14,142.04708187581062,144.6920354581884,140.40592581332143,141.23446655273438,1228483
2015-05-15,141.71245973122632,143.0508783689812,140.61305466255976,141.52125549316406,435393
2015-05-18,141.80808900379324,143.24209343637992,140.38999895994888,141.74435424804688,649271
2015-05-19,141.8080770764674,144.99477048102557,141.489403324539,142.03114318847656,1212286
2015-05-20,142.28607199609874,143.32174231547407,140.5333830290841,140.9317169189453,642405
2015-05-21,141.1707445149432,141.80809208626061,139.19500012990727,139.4977264404297,521366
2015-05-22,140.00759173280125,141.2982011468577,138.3027119494994,138.60543823242188,500973
2015-05-25,138.605429908567,141.2185324984348,137.82469855196447,140.10317993164062,790612
2015-05-26,140.05538968497058,142.95528226235544,139.97571848885042,141.6646728515625,1817491
2015-05-27,140.75644890050205,141.47345651831654,135.45059473441108,136.50221252441406,1881426
2015-05-28,135.45060664242035,141.13886978289617,135.43468122610136,138.60543823242188,3048220
2015-05-29,138.62136461597004,139.09936970184168,136.50221461723552,137.74502563476562,1720080
2015-06-01,138.60543364372623,138.74883958662116,136.11981151054334,136.55001831054688,600636
2015-06-02,136.96427856666236,137.18734465811167,132.47102870767813,133.65011596679688,733871
2015-06-03,133.66605137592694,134.14405648116295,130.39968683304136,132.80564880371094,818068
2015-06-04,133.84135228354842,135.1160254219663,132.24799431750137,134.3034210205078,436659
2015-06-05,133.80944838809506,136.67747882808945,132.88531112828204,135.5143280029297,664479
2015-06-08,135.68958843582476,136.50220363362826,128.66292967906261,131.2919464111328,1570406
2015-06-09,132.08864695192315,134.95667770940585,130.6546315731818,133.90505981445312,1142932
2015-06-10,134.1599728573892,135.03631174300799,131.94521546584383,132.45509338378906,580484
2015-06-11,133.68199525247115,133.68199525247115,128.98161513255977,130.22442626953125,1384708
2015-06-12,130.17661948833066,132.24797124844991,128.53547452457343,131.0370330810547,631439
2015-06-15,129.87386100207493,132.05674545908963,129.71452967072975,130.7183380126953,789542
2015-06-16,130.86176669599996,132.15237607037608,129.63488104230393,130.7661590576172,572044
2015-06-17,131.61063486837557,132.18423657807725,129.53928310702938,130.0172882080078,688060
2015-06-18,130.01728712490237,132.7259753220948,129.53928202790593,130.63868713378906,2044802
2015-06-19,131.29196529659256,133.8094603788959,130.82989662527962,133.18804931640625,913571
2015-06-22,133.4589265773575,133.68199269361753,132.40731971897586,133.0605926513672,826072
2015-06-23,133.23585693244033,134.95667312270916,132.90124673823047,133.5545196533203,720766
2015-06-24,133.80945833638592,134.2237286954949,131.05296073807517,131.9452362060547,748888
2015-06-25,131.94523101193226,132.08863695042066,130.8139530340511,131.3397674560547,1595230
2015-06-26,131.29196329251042,133.0446523679294,130.98922598831368,131.9452362060547,678641
2015-06-29,131.29196075151063,131.48316499709458,128.75854034073714,131.13262939453125,710294
2015-06-30,130.8776889977115,134.7973263611076,130.8776889977115,134.1281280517578,455360
2015-07-01,138.94003752970357,141.42565955009874,137.68129007575607,139.2905731201172,2312808
2015-07-02,139.2587183782009,139.57739215131906,137.5060401977567,138.30271911621094,469953
2015-07-03,138.525784634677,139.57739153832512,137.50603959385967,138.49391174316406,308892
2015-07-06,138.07962574444645,142.12673255867963,136.7093452239892,140.6289825439453,681231
2015-07-07,139.89603519263147,144.35741189281683,139.89603519263147,143.1623992919922,780560
2015-07-08,143.08273511913708,143.08273511913708,136.4544099990782,139.56143188476562,778809
2015-07-09,139.83231575956728,142.82780478203048,139.83231575956728,141.02732849121094,492774
2015-07-10,141.68059620204426,141.95146059792816,139.76857590132747,140.86798095703125,344560
2015-07-13,141.8080688750997,141.8080688750997,138.30270192134353,141.48939514160156,493641
2015-07-14,141.61685113208299,144.03873818970365,140.21469786706484,143.1623992919922,1375379
2015-07-15,142.62069963527586,147.2254835545203,142.62069963527586,146.65187072753906,1400675
2015-07-16,146.95457967385283,157.7415558873711,146.95457967385283,155.38339233398438,4754982
2015-07-17,156.11634042065134,156.75367687074348,153.12084035646046,154.45925903320312,1666823
2015-07-20,154.45925270902077,163.39794320318873,153.75818153975598,160.02003479003906,4980277
2015-07-21,160.0200378893503,162.776535346698,156.59434213675078,157.9168243408203,1962860
2015-07-22,155.60648194550475,166.53685394356154,155.54274719415446,165.3737030029297,3436707
2015-07-23,165.43741260711664,167.6203082088627,162.61719164610696,163.39793395996094,2225150
2015-07-24,163.60508752172552,165.62864105086626,159.01624059443893,159.8607177734375,1105638
2015-07-27,159.33490980926902,163.03148114616116,153.90158585780068,159.5101776123047,1846405
2015-07-28,158.37889415598949,161.00792213982967,153.98125175812916,155.2559356689453,1571452
2015-07-29,156.7855446631538,160.7529802033317,154.8894607899627,159.30303955078125,2214778
2015-07-30,160.9282526831103,162.17106371949114,158.3948323067726,161.35845947265625,3433314
2015-07-31,166.4731081864425,166.4731081864425,162.6865979296595,163.47059631347656,3633565
2015-08-03,165.07194437833888,165.53899743844087,160.4680795631645,161.56900024414062,1629093
2015-08-04,161.80249600044505,165.27208349011164,161.4522062719913,164.03770446777344,1690037
2015-08-05,165.10526898003536,167.92430520763332,160.51808880203367,161.38548278808594,6668140
2015-08-06,161.3855099725039,166.70664957381896,159.8842482331835,161.1352996826172,3557833
2015-08-07,161.2854141390948,162.8867552138348,157.46553666399655,157.81582641601562,1872907
2015-08-10,158.0994093427502,159.30040941489074,155.23033308889043,156.6648712158203,3052915
2015-08-11,157.79915630468142,158.5164195814904,152.91171419924245,156.78163146972656,1949862
2015-08-12,157.03184585302216,158.3829767166601,150.12604920596766,152.52806091308594,1281366
2015-08-13,152.62813725577908,155.34708248514073,150.19275825541607,153.07850646972656,1357740
2015-08-14,154.12940643334153,157.96595609921397,153.47885513168882,156.71490478515625,1591205
2015-08-17,157.79916624604905,159.13361339492678,153.82915769078627,154.94676208496094,718641
2015-08-18,155.79748312014056,156.7983242492241,153.87920813801634,156.4313507080078,565651
2015-08-19,157.1319336189423,157.61568197529738,152.14441163134194,153.87921142578125,1520034
2015-08-20,153.56225362165836,154.62980657248622,148.6414559163195,149.3253631591797,906934
2015-08-21,147.12351574816188,149.19192131036118,144.57137343435934,148.57473754882812,775502
2015-08-24,146.1226582948796,146.1226582948796,127.757243648286,131.71055603027344,2365687
2015-08-25,133.5120818161017,139.31694540066027,124.27098690209365,138.56631469726562,2572687
2015-08-26,138.7831867826541,138.7831867826541,131.86070658851418,132.84486389160156,1215754
2015-08-27,134.44621867571178,137.7823479199081,133.47873357462913,134.42953491210938,2520616
2015-08-28,136.1142852337015,138.73315123052686,134.99668088187343,136.44789123535156,1759768
2015-08-31,138.09929000772794,138.09929000772794,132.86155777344615,133.378662109375,936739
2015-09-01,133.4453905818291,134.4462317616736,129.90907892192075,132.2610626220703,1182134
2015-09-02,131.8773900270962,133.92911189903947,128.19095954457336,129.64218139648438,1424390
2015-09-03,131.1100593309494,132.79480747822424,129.14174497184962,131.56044006347656,872500
2015-09-04,131.41032466188645,131.41032466188645,126.10586936493459,127.70722198486328,1146627
2015-09-07,128.65801462971868,128.69138215684706,124.93822810633351,126.60629272460938,824405
2015-09-08,126.7731089349886,128.8581868487778,125.10503274892848,128.04083251953125,1099246
2015-09-09,129.79231343061926,131.12677216280696,129.10840607251436,130.70974731445312,1138199
2015-09-10,130.7431047030476,130.7431047030476,126.82314763524234,129.55877685546875,716781
2015-09-11,129.77564293545902,131.11009013951525,128.324420921129,129.12509155273438,923469
2015-09-14,129.10838200321078,129.85901273528006,126.78976630553976,128.00746154785156,1310026
2015-09-15,128.1075484770868,129.32524379021245,126.90654847261773,127.82398223876953,1210141
2015-09-16,129.4420054828695,129.4420054828695,126.189272160491,127.99078369140625,1164665
2015-09-18,128.50788693261003,133.72893473238008,128.05750616703583,132.16094970703125,1831732
2015-09-21,132.16093954082146,132.64467624825988,130.1926251887035,131.41030883789062,713812
2015-09-22,132.11093745376476,133.69560657130063,126.03916660103533,127.50707244873047,1337622
2015-09-23,125.77226985966473,126.62298018427033,123.4703376173283,125.4052963256836,1665279
2015-09-24,125.48869925522813,128.04084192135375,123.85400202255924,126.85651397705078,501130
2015-09-28,127.62380532445432,128.4745155426132,123.45363840590977,124.23762512207031,692390
2015-09-29,123.43695386658592,124.88817559359067,121.46863943467048,123.50367736816406,971741
2015-09-30,124.10420393771395,128.77479188550348,123.65382313388879,127.35692596435547,999273
2015-10-01,128.4411562045192,129.77561466372063,126.72305205118344,127.44031524658203,680748
2015-10-05,127.5571011910712,134.0125172821629,127.5571011910712,133.07839965820312,1383202
2015-10-06,134.4462113469266,136.7814993813939,133.445370319053,135.81402587890625,1490063
2015-10-07,134.64637880040308,137.89911234595948,134.64637880040308,135.31361389160156,665817
2015-10-08,135.49710460348945,137.31528852887814,132.1609636878566,133.49542236328125,716609
2015-10-09,134.67976170350798,137.43207501780998,133.44539396265603,135.89744567871094,1158616
2015-10-12,136.34780229197028,137.24856383486795,135.31360528517718,136.03086853027344,719500
2015-10-13,135.83070966855811,138.4495757085079,135.6805904291008,138.21604919433594,710158
2015-10-14,138.4495772646732,139.78403594581894,135.48042142009234,136.84823608398438,1127074
2015-10-15,137.44870590879262,138.11594087553775,136.44786500453006,137.21517944335938,603353
2015-10-16,138.78318531857738,139.7840263744421,137.79902802587222,139.05007934570312,1123386
2015-10-19,138.9499783832768,142.3528423483919,137.78233441682642,138.48292541503906,2096200
2015-10-20,138.44959503560966,141.10182897403132,138.11598898189587,139.3837127685547,694132
2015-10-21,139.4503794096745,140.0508908439701,136.76479057961873,137.68223571777344,1736089
2015-10-23,138.1159673187421,139.45041441601072,137.19852195028042,138.6664276123047,1107799
2015-10-26,138.84988619610104,141.33530466753865,138.39950548519198,140.46791076660156,957683
2015-10-27,140.35117194631835,142.68646007167482,139.30029113532225,140.30113220214844,895814
2015-10-28,139.9508135419747,140.11762806299234,138.16598591558835,138.89993286132812,983276
2015-10-29,138.89997170140626,141.652285063405,137.13181579601445,138.03257751464844,1533028
2015-10-30,138.1159363186061,138.94996268073734,135.36362392269254,136.26437377929688,1604035
2015-11-02,136.26440790921495,137.94915636139027,134.69643426100694,136.48126220703125,1860408
2015-11-03,137.78232888159718,139.6005240331705,136.86489519808976,139.0834197998047,711267
2015-11-04,139.78403645048155,140.7848775784898,138.7831953224733,139.80072021484375,602369
2015-11-05,139.98418983842217,140.06758555830248,138.11595483443014,138.5830078125,503146
2015-11-06,138.4162148565044,139.45041191563712,135.5137711121505,136.71478271484375,719335
2015-11-09,134.12927915869287,141.03507540452773,134.12927915869287,139.90078735351562,1240953
2015-11-10,139.4170699965198,140.11766113090962,136.7147965043638,138.26609802246094,873210
2015-11-13,136.8482271615075,140.45125035606978,136.8482271615075,139.8173828125,607883
2015-11-16,139.78400253519897,141.78568430555472,138.6497146592167,139.55047607421875,960146
2015-11-17,140.05091259911757,140.91830659309556,138.98334809594706,140.28443908691406,507712
2015-11-18,140.2010400912847,143.60389276484753,139.31696228292986,139.8173828125,1260343
2015-11-19,140.78487249167347,143.7540282396928,139.75066387230868,143.35369873046875,963378
2015-11-20,143.47045291737427,145.372043944182,142.46961188878393,143.9208221435547,654717
2015-11-23,144.10430852172627,144.73817604430252,143.08679527892843,143.55384826660156,478462
2015-11-24,143.4537837980391,144.37121765261054,142.53634994346766,142.9700469970703,491903
2015-11-26,142.97002977183993,145.1218310161932,141.5521639768605,143.78738403320312,1463710
2015-11-27,143.95418759012247,145.78905508546976,141.101795318174,141.9024658203125,1083783
2015-11-30,141.9692022531743,142.5863860619838,139.45041572598626,139.73399353027344,1182778
2015-12-01,140.11763300778796,143.07010465621354,139.51712149347227,142.65309143066406,596125
2015-12-02,142.41957156332322,146.35620061074457,141.88578352580404,145.8057403564453,780934
2015-12-03,146.1727221620073,146.23944567048713,141.7189885867287,142.10264587402344,483550
2015-12-04,140.4512352934053,141.91914074411903,139.46707810302493,139.7840118408203,882695
2015-12-07,140.1676678009554,141.35199548007387,138.44955212794943,138.89993286132812,692821
2015-12-08,137.33195157528726,140.0842642403612,135.8140179057529,137.0817413330078,809580
2015-12-09,136.1142710185732,136.1142710185732,129.27519860284195,132.0608673095703,2060781
2015-12-10,133.11173411526812,133.31190460192477,129.99244822223062,130.87652587890625,1320731
2015-12-11,131.11007849994593,131.34360500804524,129.10839632570685,129.52542114257812,2291027
2015-12-14,128.90823374673448,132.12761149685443,127.50706306589458,131.49374389648438,836730
2015-12-15,130.60965481098015,132.678060444272,129.77562828903743,132.0775604248047,808777
2015-12-16,132.77813665349672,133.3619644411255,131.04334859933383,132.22767639160156,548143
2015-12-17,132.77815802738397,134.07924927744855,130.30942255995757,131.99417114257812,1991112
2015-12-18,131.94408656272924,133.4453478517826,130.00912833767296,130.65966796875,1117741
2015-12-21,130.6596998871336,132.61134234883355,129.8089895671949,131.5104217529297,579697
2015-12-22,131.77729642273238,133.76229474863516,130.09254810098903,130.5262451171875,2260946
2015-12-23,132.11093665870624,135.113460308057,130.60967483403084,134.3461456298828,2216722
2015-12-24,135.1134562218834,136.54799448568747,134.446232613048,136.16433715820312,980305
2015-12-28,137.1151001273481,137.1151001273481,134.51290684579038,135.1467742919922,549819
2015-12-29,135.14681282823526,138.06592911940598,134.32945841937013,136.89828491210938,602852
2015-12-30,137.24856979470704,138.01587281531533,135.31361116099322,136.01419067382812,743384
2015-12-31,136.3811589585274,137.71561751691337,132.61133287039684,133.92910766601562,3448150
2016-01-01,135.11342929014896,136.7814937526766,134.11258830346114,136.41452026367188,565732
2016-01-04,135.78066425904234,137.01503183487782,134.7798231876391,135.79734802246094,552818
2016-01-05,135.8140396933437,136.28109272940122,134.16264721103693,134.56298828125,939121
2016-01-06,134.4628923621767,139.2836110649293,134.2794055981174,138.29945373535156,1930794
2016-01-07,135.84736631897843,137.08173369992926,130.54291178719154,131.12673950195312,1136681
2016-01-08,131.77730359398475,134.77982689068824,131.77730359398475,133.79566955566406,728248
2016-01-11,133.5287572513182,133.77896749181662,130.77644460583596,131.26019287109375,429657
2016-01-12,131.8440131845822,133.01166870726658,128.89154149120836,129.80897521972656,525290
2016-01-13,129.8757066379892,132.07755926648736,126.10586892145878,127.55709075927734,948710
2016-01-14,125.47203224048187,126.62299270250791,123.80395586274825,125.70555877685547,1555716
2016-01-15,126.77312272316917,126.98996549250987,123.43698153405869,124.78812408447266,1165754
2016-01-18,124.90485604055557,124.90485604055557,118.99990135566694,119.76720428466797,1249710
2016-01-19,120.10081081525317,122.30265147024113,117.96568210812428,120.53450775146484,1195868
2016-01-20,119.36689056122833,120.21760086355465,116.46444680177882,117.69881439208984,1370804
2016-01-21,118.46612900772092,119.61710087206039,113.1283175930908,113.66209411621094,2414219
2016-01-22,114.32932749055657,116.1141670674001,113.42857736546551,115.43025970458984,2219312
2016-01-25,116.24758864665245,117.61540307282459,114.86309045907791,116.09745788574219,1267832
2016-01-27,116.11415551805324,118.24928467352868,115.51364394853118,117.24844360351562,1135561
2016-01-28,117.29847756730284,117.76553055250186,113.11162673380265,115.23007202148438,7428750
2016-01-29,115.09662491728872,118.26595096489986,113.31179715326768,117.88229370117188,1376116
2016-02-01,118.33268307880978,121.76890339395487,117.38188173159207,121.2017593383789,1042723
2016-02-02,121.20174335329457,122.30266379170149,118.69964095159179,119.23342895507812,1154645
2016-02-03,118.39941149398994,119.60042316414228,116.13084672354412,118.66630554199219,1392757
2016-02-04,119.43360965689561,121.43528020335948,118.1325070602018,120.3843994140625,712288
2016-02-05,120.43442356195065,122.66964340922806,119.13333267959396,122.05245971679688,1165813
2016-02-08,122.11919053369984,125.10502998380144,121.10167724497,124.30435943603516,1942447
2016-02-09,122.76975121640078,125.10503953009473,121.26848949508698,122.9031982421875,1839904
2016-02-10,122.75306015407136,122.75306015407136,115.16335626698532,116.8314208984375,2837815
2016-02-11,116.09746620153255,118.06578072062021,110.29259058228463,111.5603256225586,4290400
2016-02-12,111.87727021628793,112.7613480775701,108.42436604636659,111.62705993652344,1151819
2016-02-15,112.76134406859748,114.7296587083084,111.52696493201601,113.66209411621094,1148950
2016-02-16,112.21086614837013,114.22923196944079,108.6578943498162,109.85889434814453,1143676
2016-02-17,109.92561507988263,111.46024411036254,106.42267156613393,110.95982360839844,779306
2016-02-18,111.59370524018328,113.76220227806786,110.15916690763416,112.477783203125,782082
2016-02-19,112.26092114105819,112.87810492330377,109.14163470329979,110.07575225830078,939359
2016-02-22,110.59284328425097,112.34431511582956,110.07575054379414,111.47692108154297,770031
2016-02-23,111.64373467545286,111.64373467545286,108.64121156100317,109.14163208007812,820921
2016-02-24,108.25754680085439,110.32595223965939,107.49023231246159,107.90725708007812,1323931
2016-02-25,108.22419611406342,108.22419611406342,104.82133203506972,105.12158203125,1921876
2016-02-26,105.67206691524021,106.35596271321694,103.28672732118626,105.75546264648438,1126062
2016-02-29,105.88889547205602,106.75628947251329,103.58696346378768,105.43851470947266,797793
2016-03-01,105.75547021320973,109.0248879225528,105.32177312379265,108.34098052978516,1181220
2016-03-02,109.07490590571477,111.19335117851864,109.07490590571477,110.64289093017578,1319023
2016-03-03,112.09410592842295,115.09662909704646,110.6595678509155,114.79637908935547,1032424
2016-03-04,114.16250091473742,118.23258826729192,113.44523771571683,117.16502380371094,745411
2016-03-08,117.16502306962653,118.06577300316155,114.44607796165883,115.19670867919922,357725
2016-03-09,116.09745747219362,116.28094420939942,114.16249907793335,114.71295928955078,885632
2016-03-10,115.39688616121195,115.84726697321746,113.76218900918734,114.4627685546875,1247149
2016-03-11,114.62958115778873,115.88063253330013,114.09579307977995,115.06327819824219,504140
2016-03-14,115.43025369722018,116.56454183647297,115.09663614277595,115.66378021240234,1026311
2016-03-15,117.03160283017783,117.54870718828802,115.44694531692029,117.23177337646484,545941
2016-03-16,117.4319333085939,118.93319495126649,116.11415843030193,118.5495376586914,1404299
2016-03-17,119.26679322726696,120.76805477270004,118.93318724774177,120.1842269897461,802100
2016-03-18,120.61796138073002,121.76892188457136,119.81727914831635,120.86817169189453,573779
2016-03-21,120.93485133678153,122.06913931695436,119.7838911406179,121.06829833984375,349695
2016-03-22,121.40190162388822,122.48614973734473,119.9006403341121,120.53450775146484,395298
2016-03-23,119.93401622082392,122.20259229203447,118.4661222071158,121.85230255126953,872867
2016-03-28,121.28516730583256,123.10336273766933,121.11836430471654,121.93570709228516,666976
2016-03-29,122.25259839866041,123.77054328272082,120.517810843079,123.01991271972656,951344
2016-03-30,123.47032759605662,126.33940367055197,123.1033540918603,124.87149810791016,1025833
2016-03-31,124.43780680794134,127.80730355108774,123.10335973979562,124.67133331298828,1828725
2016-04-01,126.27268747943448,126.27268747943448,122.76974367812254,123.30352020263672,535163
2016-04-04,123.67050811353849,124.67133767675041,122.10252293960595,123.0032730102539,286536
2016-04-05,123.00328234962946,124.2710175962691,119.85063954420195,120.43445587158203,1030503
2016-04-06,120.73471109239749,122.36940826865414,120.45113328047063,121.50201416015625,297466
2016-04-07,121.73555414294012,122.3360542134066,120.11752915976184,120.50117492675781,298498
2016-04-08,121.08499485698415,122.88650649638629,120.61794184292222,122.53621673583984,312573
2016-04-11,122.76971823429307,123.92068986310139,121.78556111583235,123.17005920410156,358688
2016-04-12,123.52039028012271,125.65551974278975,123.52039028012271,125.23849487304688,511051
2016-04-13,126.43948403584072,135.33027855783052,125.8056165075017,134.29608154296875,2492070
2016-04-18,134.37951689061356,135.2135435635607,131.51044019661984,131.9774932861328,1224003
2016-04-20,132.29440767372492,140.5179791973855,131.81067088900542,138.84991455078125,2208092
2016-04-21,139.23355916018315,140.2010326414869,137.64889038546255,138.3661651611328,1321414
2016-04-22,138.29947446322984,139.1168289150354,136.1143051849397,137.73233032226562,983061
2016-04-25,137.88242656679512,142.8532759672073,135.3136119137297,141.98587036132812,1170175
2016-04-26,142.7865305558853,143.5371612479734,140.7681649493759,141.4520721435547,1054669
2016-04-27,141.4854502517003,142.78655289153127,139.16684586069016,139.5171356201172,1120585
2016-04-28,139.53380212148969,140.30111659962054,133.62884741140422,135.64720153808594,1326367
2016-04-29,135.7806669095832,137.24857256436255,133.54545821871153,135.31361389160156,1049611
2016-05-02,135.54712796228645,139.4670846934743,134.5462869631869,135.63052368164062,1782843
2016-05-03,136.38116446250993,138.9833581790874,135.1134409040307,135.9808349609375,1581842
2016-05-04,135.9808124432399,136.61467989044297,132.17761930587665,132.8615264892578,504097
2016-05-05,133.41197549901884,135.53042036849277,132.17760822940804,133.44534301757812,649414
2016-05-06,133.4453758183107,134.11259934910373,132.37781124152767,133.2118377685547,394527
2016-05-09,133.945790122578,136.7147751513808,133.54544909520925,135.69725036621094,655018
2016-05-10,135.88075905971155,138.86661039282367,134.94665293672193,136.19769287109375,1094615
2016-05-11,134.74645166984098,137.93246127672424,134.16262393022112,135.43035888671875,710294
2016-05-12,136.0976022552234,138.44957422761505,134.91327438705957,136.96499633789062,676865
2016-05-13,137.34863104732617,140.08425986524736,136.81485460186698,138.56631469726562,1018035
2016-05-16,139.01671909869606,140.91832182275513,138.1159690287661,140.5012969970703,603242
2016-05-17,140.75148371969854,141.25190419009013,138.64972236239612,138.93328857421875,479322
2016-05-18,136.48125882701171,139.9842026669808,136.48125882701171,138.84991455078125,681811
2016-05-19,139.03342675218747,139.91750475584868,136.11431020010303,137.0150604248047,583097
2016-05-20,137.1484693556005,140.784859869396,136.364482625344,138.43287658691406,775836
2016-05-23,138.61639086929293,139.30029819656818,137.7823527560407,138.54966735839844,363438
2016-05-24,138.7831735914041,140.7181320328482,134.6797302274423,139.7006072998047,768444
2016-05-25,140.9016373678776,145.28864753121545,140.45125656219213,144.78823852539062,1494817
2016-05-26,146.3728790283203,147.72400974370294,144.25443380995196,146.3728790283203,1956480
2016-05-27,151.1268903251615,151.76075789328266,143.8207526196226,144.27113342285156,2538691
2016-05-30,145.10513778780918,147.1235034388797,141.0016945321413,141.7356414794922,1239236
2016-05-31,141.11847606501922,144.80490658686912,140.8349098152725,144.0209197998047,1807137
2016-06-01,145.25527328456155,145.43876002738267,142.25275035200974,142.86993408203125,1050244
2016-06-02,142.6698027521819,144.1210132139339,142.21942191590867,143.1702117919922,690358
2016-06-03,143.83741680831704,145.45544149028262,142.63640534510736,143.1034698486328,811014
2016-06-06,143.77070581156252,144.28781009897435,142.71982501955478,143.4037322998047,574904
2016-06-07,143.57053285327214,145.95587218502612,143.4871255853419,144.07095336914062,1545877
2016-06-08,144.42124611530096,144.78823117431207,143.1535225823653,143.95419311523438,500642
2016-06-09,144.12099000602248,145.03842375006022,142.31947849688643,143.78738403320312,1225147
2016-06-10,144.78823596136957,145.07180221423442,142.5196597550218,143.05343627929688,1168138
2016-06-13,142.75318643801515,143.75402752488455,141.58554235195325,143.23692321777344,480105
2016-06-14,143.12016563192415,143.62058619517765,142.31949503989009,142.6364288330078,980405
2016-06-15,142.7865389488477,144.38787990108662,142.569684681432,143.42039489746094,441551
2016-06-16,142.81990713471484,143.55385417173895,141.60222332745732,142.9199981689453,543927
2016-06-17,142.61971246999926,143.78736788127085,142.5029492380431,143.270263671875,361025
2016-06-20,141.4520797537191,142.78653823784396,140.26775203443103,142.4696044921875,718187
2016-06-21,143.40372451516038,143.78738176913228,141.85242328299375,142.2027130126953,352404
2016-06-22,142.20271048619134,143.13682796132196,141.7856972612143,142.4696044921875,300321
2016-06-23,142.31947540895877,142.65309292039592,140.38451693433552,141.68560791015625,605912
2016-06-24,138.29943982665554,140.45124103346487,133.52876134918404,139.58384704589844,1422369
2016-06-27,138.7831592899735,141.73563061435672,138.7497917699124,140.43453979492188,438122
2016-06-28,140.21770413694134,142.9199769257951,139.13345596005516,140.901611328125,1351997
2016-06-29,142.15269437150098,142.76987820354762,141.30197247246707,141.7857208251953,649493
2016-06-30,141.96920950038242,144.788246193889,141.8023949437483,143.5872344970703,1702702
2016-07-01,144.47129890806536,148.7582294063692,144.47129890806536,148.04095458984375,1395372
2016-07-04,148.62474791592,150.2928121186427,146.8732764620122,147.20689392089844,883323
2016-07-05,147.15687896394041,148.27449484059574,145.8224318907357,147.40708923339844,448369
2016-07-07,147.45716367855277,149.45883460267382,145.55556071372828,145.9892578125,961920
2016-07-08,145.95586384218527,146.40623304403852,142.6530909354112,144.5380096435547,772892
2016-07-11,145.15518170079966,148.07429712651745,145.15518170079966,147.4404296875,431599
2016-07-12,148.12435842990718,150.6931845350842,147.82410842714242,150.2261199951172,1333997
2016-07-13,151.46049304190916,151.59394005818297,148.32453434290332,149.442138671875,885838
2016-07-14,149.45880308568795,153.7123774374268,149.0751573662538,153.11187744140625,1129507
2016-07-15,154.42966823700834,154.59647124300648,150.4429874905487,151.04348754882812,845396
2016-07-18,151.22697364259355,152.54474855789886,149.9759222385605,150.30953979492188,574360
2016-07-19,150.45965576171875,152.0109687056475,149.65898518973265,150.45965576171875,681022
2016-07-20,150.1260221280062,155.4304766802269,150.1260221280062,154.6631622314453,1050217
2016-07-21,155.79745940752517,156.7649328605975,151.82745147833492,152.46131896972656,1249268
2016-07-22,152.46131730407592,154.29619625669736,151.12687038022017,153.2453155517578,526852
2016-07-25,153.22862537102324,156.63147758474403,152.36123144309724,155.58059692382812,814795
2016-07-26,156.5480949289515,157.2653581597767,152.5280471371201,153.37876892089844,1144441
2016-07-27,153.2953667393396,154.77994453728243,150.45964660912014,152.84498596191406,1076243
2016-07-28,152.84501015533672,157.46555881787128,152.29454980506648,155.69740295410156,1415477
2016-07-29,157.4655736985005,159.617375552151,156.13111479179304,158.3162841796875,1217825
2016-08-01,159.30039270983525,160.50140420188885,156.63148726315978,158.21615600585938,2378154
2016-08-02,162.3964404627208,163.23733857160448,159.8737825133889,160.3993377685547,835709
2016-08-03,160.39935273807419,160.99498289123503,157.54384205225745,159.08546447753906,1190950
2016-08-04,159.29566819590693,161.64314501424894,158.89274089859043,159.54092407226562,1220579
2016-08-05,160.3993109210654,169.22863045454318,160.10150198501253,166.86363220214844,3414672
2016-08-08,168.58047449669266,169.22865769045467,163.62274308862357,164.2008514404297,1233654
2016-08-09,165.1643371949307,165.1643371949307,161.2752386955597,162.2913055419922,369562
2016-08-10,162.6592146371383,183.83908369521822,159.97888531784938,176.6214599609375,17211886
2016-08-11,178.14555044624123,181.21128494656068,171.19070519860756,174.4491424560547,6682393
2016-08-12,174.65940458025665,176.7616257478277,171.82140357888096,173.45062255859375,1794154
2016-08-16,172.7148186900983,177.26962218236918,171.2257497167526,176.25355529785156,2038055
2016-08-17,175.88567428550658,180.40544680698912,173.78345338009402,178.8287811279297,1496550
2016-08-18,179.70467667959272,183.54122183346396,179.109046726928,181.4740447998047,1749618
2016-08-19,181.15874408461548,192.3530628706036,179.73973773094008,190.5836944580078,5840872
2016-08-22,191.28446002949053,191.28446002949053,185.69605458713096,186.1515350341797,2142705
2016-08-23,187.2902012596173,195.29615688190933,184.99527778284437,194.61293029785156,5166214
2016-08-24,195.50638091242675,197.57357040164015,193.08882936629533,194.71804809570312,3019013
2016-08-25,194.43773434194202,195.4888446208035,192.3179920460326,193.68443298339844,1196303
2016-08-26,192.38809777206382,199.58819948835028,192.38809777206382,198.0640869140625,4112728
2016-08-29,197.95897419273186,200.63930332078402,195.99690303852674,197.01296997070312,2021808
2016-08-30,197.88890440788177,199.60571974307555,193.68446264847563,195.2436065673828,1352841
2016-08-31,195.64653289928893,197.57357273821614,193.49175893324892,194.8582000732422,1820920
2016-09-01,194.94578778177245,196.73267786466644,190.2858658748753,193.66693115234375,2220090
2016-09-02,194.1048933530606,197.41588365060343,193.0012299205463,195.83921813964844,1717713
2016-09-06,196.2071427757587,197.4859874104538,194.98083911486665,195.8917999267578,1055345
2016-09-07,196.20712307318377,201.81303706431794,195.59397130430875,199.27285766601562,4024420
2016-09-08,200.41156970634376,201.32253050495277,196.96042929139148,198.09913635253906,920767
2016-09-09,198.46700519465014,199.71081835956505,195.8742726751319,196.34727478027344,734617
2016-09-12,193.05380519211707,193.05380519211707,184.32959078767365,185.836181640625,2657714
2016-09-14,185.3456603090613,196.03193327970232,185.3456603090613,194.68301391601562,2504104
2016-09-15,195.50639724352652,195.75166525478338,190.758890331809,192.03773498535156,1094062
2016-09-16,193.40416362788852,197.0480188176229,190.61872823298904,193.78958129882812,3290947
2016-09-19,194.06985604532835,196.06697060634727,193.14137359814086,194.12242126464844,749609
2016-09-20,195.50638681147825,195.59398339123683,191.10925434634547,191.68736267089844,917941
2016-09-21,191.68737754938175,193.64944893239704,189.60267822064966,190.3734893798828,1553724
2016-09-22,192.70342836561335,195.12097996866842,191.14428443603202,193.87716674804688,1597603
2016-09-23,194.10492742156356,195.6815932092485,191.02167068958678,191.54722595214844,1683305
2016-09-26,191.65233599824654,193.00126766628878,188.51652610227458,189.1997528076172,1113501
2016-09-27,189.1997314720267,191.12675917224735,186.39677437348715,187.2201385498047,1391832
2016-09-28,187.86833327377303,190.21581014003058,185.20552568493616,189.567626953125,1896843
2016-09-29,191.63481528074485,191.63481528074485,176.72656570569706,178.37330627441406,2378769
2016-09-30,180.05511202429258,185.50335576225368,178.39084951339223,183.80406188964844,2135336
2016-10-03,184.9952779361944,188.42890834731944,184.6449037741088,187.7456817626953,1604396
2016-10-04,189.60264948687933,190.2157891225436,186.7821707855091,187.7807159423828,1769786
2016-10-05,188.49899278286898,194.42023760626165,187.72816958701085,193.3165740966797,2990331
2016-10-06,194.36769611639156,195.33121001153063,188.7267381743543,189.5325927734375,2089155
2016-10-07,190.60120639841136,191.98516928761703,188.8493597051192,189.30484008789062,1411927
2016-10-10,190.74137923536148,193.3516339142527,189.93552456576936,190.93408203125,1314882
2016-10-13,190.7589046435264,190.7589046435264,184.32961315782663,186.44935607910156,1438663
2016-10-14,187.43038147476082,191.35452422340157,186.39679268620824,189.6902618408203,1637249
2016-10-17,190.25084472049534,191.75743554744747,186.27413707642268,187.55299377441406,1203729
2016-10-18,188.8493591849386,191.10925147745164,188.8493591849386,189.4099578857422,1620254
2016-10-19,190.60120974829857,199.53564865492746,189.55009928869515,198.50205993652344,4020648
2016-10-20,199.53565754262647,200.91962051780013,197.0830623190511,198.27432250976562,3184340
2016-10-21,199.34294195686513,203.95029887180485,198.7297901589031,203.42474365234375,4006300
2016-10-24,204.5809756193352,205.3517867654488,200.62180156153232,202.6013946533203,1635961
2016-10-25,198.6597067865916,200.37652204651098,193.5968697073428,198.53707885742188,8410505
2016-10-26,197.95897670212887,201.09478624052315,188.86687878969562,192.33554077148438,1880068
2016-10-27,183.9441933242731,189.8654508006371,183.68141569736804,189.07711791992188,8388373
2016-10-28,187.57052651846243,192.28300204863783,187.57052651846243,190.82896423339844,2370345
2016-11-01,190.95158438761925,194.1049157737648,189.39244043578663,191.9676513671875,1152876
2016-11-02,190.26836753493228,190.95159422075588,184.89019913637506,185.4683074951172,1656766
2016-11-03,185.3456520126842,188.11356545168266,176.28858602745294,178.9338836669922,3316384
2016-11-04,179.0389926801711,181.12369169355506,176.9718154066029,178.9689178466797,2534488
2016-11-07,180.4404790639116,182.7529122153905,178.19810862086698,178.91636657714844,1055338
2016-11-08,180.75583080415063,180.75583080415063,177.16454060453395,179.28427124023438,616080
2016-11-09,171.68123989239908,175.74551978886564,162.11613988538684,173.53819274902344,1650023
2016-11-10,175.14993949886036,181.14126050166522,175.14993949886036,177.2171173095703,1396409
2016-11-11,173.625789109849,176.23604342569502,167.70453211259473,169.3512725830078,2668932
2016-11-15,169.22867033999503,169.3162669304308,160.92490401660402,166.11038208007812,1437264
2016-11-16,168.1775297990671,169.33374638313848,161.53802712205936,165.07675170898438,842481
2016-11-17,164.393546318681,166.3205861911364,158.892738181431,163.69281005859375,1180703
2016-11-18,163.69280820741224,166.42569050404182,160.81977623519566,162.62417602539062,643419
2016-11-21,162.624180119959,164.09573962490123,155.73940898236526,157.40367126464844,2529865
2016-11-22,157.66643165663035,161.17012474865714,156.26494714435688,160.32923889160156,948663
2016-11-23,160.32924906805889,166.14538773048034,158.0168037200515,161.27525329589844,1268068
2016-11-24,161.87090017996115,162.9219985830041,159.5934859503439,160.4343719482422,3266452
2016-11-25,160.43435082137395,164.32346169100921,159.80368943744244,163.23731994628906,683247
2016-11-28,163.9030407428152,168.75566625910596,163.39500720069148,166.98629760742188,1211980
2016-11-29,167.37169350922971,169.00092449954286,163.18477321333867,164.5862579345703,1742274
2016-11-30,164.72638487546354,168.59797390911393,164.2709045259618,167.96730041503906,1409303
2016-12-01,169.2286487432807,169.2286487432807,165.0242069513111,167.19650268554688,1259438
2016-12-02,166.42571250424098,168.17755942911455,163.86801090110055,164.79649353027344,1057078
2016-12-05,164.7789619763729,167.7921438430956,164.00815083041434,166.5833740234375,427832
2016-12-06,168.1775424904977,176.4813079613127,167.7921369333895,173.4155731201172,4833674
2016-12-07,174.48420391683234,175.0973436046217,169.40383262419576,172.83746337890625,1244933
2016-12-08,174.48418094955855,177.98787395673614,173.92358230791675,175.09732055664062,2118169
2016-12-09,176.9017625285298,179.73975119695717,175.39517161013725,176.3236541748047,1798942
2016-12-12,175.9031886096297,176.656490061,170.13960310385124,170.630126953125,935344
2016-12-13,172.3469221139755,172.85496768002074,168.35270517260054,169.8242645263672,831889
2016-12-14,169.75421480518304,172.38199109293362,166.11037148658124,166.9162139892578,1103907
2016-12-15,165.3745756468285,168.84323758477817,163.9205379586567,167.94979858398438,883752
2016-12-16,168.1074379484007,170.26221161466512,165.90011119286555,167.6694793701172,1003372
2016-12-19,167.12644008845143,171.9265122942489,167.073886987357,171.34840393066406,1517977
2016-12-20,171.8914535471194,172.3469339257833,169.8593075209792,171.05056762695312,2025542
2016-12-21,171.05059675219314,172.38200675919288,170.3148168995999,171.2958526611328,964859
2016-12-22,169.92938733991417,172.20680142577214,169.80675940272945,170.70021057128906,1088434
2016-12-23,170.98052663332933,172.1367556124702,168.84327399128946,170.45497131347656,935939
2016-12-26,169.57903282233983,169.9293949082513,165.51474046989168,166.5308074951172,1239796
2016-12-27,167.12641571326637,171.68123136579348,165.9001243215662,170.59507751464844,705420
2016-12-28,170.98051261438798,173.34551135981584,170.63015051372918,171.3308868408203,831957
2016-12-29,170.27977933780798,174.39662503760255,170.27977933780798,172.97763061523438,1503497
2016-12-30,172.94255736468926,176.90174307269686,171.68123459556443,176.2360382080078,917987
2017-01-02,177.28715792612147,179.7397408846859,177.09445515260245,177.62001037597656,1375882
2017-01-03,178.26819125557225,179.02148059903257,175.21996614866438,178.60104370117188,1130324
2017-01-04,179.12662177223407,181.2638742672918,176.3762174042573,176.9718475341797,1244171
2017-01-05,178.33828743408282,179.03902376488722,176.4638004699536,178.04046630859375,1169993
2017-01-06,179.72224346899327,180.26530834444335,177.2871699603492,177.91783142089844,883153
2017-01-09,178.05796630353132,179.94996265365717,176.76160000586,179.52952575683594,955893
2017-01-10,180.30034245556075,180.79085420476045,177.7075976536812,178.77622985839844,1717551
2017-01-11,179.0039574010501,182.17479807536253,177.81269738358978,181.4215087890625,1983203
2017-01-12,181.49159566652878,182.19233190681305,179.73973687716006,180.59814453125,944310
2017-01-13,182.40256616798197,183.61133594394963,180.09012068791552,181.35145568847656,1193112
2017-01-16,181.2988994047775,182.71789367687327,180.10763926549518,181.64926147460938,630684
2017-01-17,181.64926329484027,184.7149981283382,181.5791884550172,182.7178955078125,1245764
2017-01-18,183.20841503502973,187.93841235782133,182.96315914812817,185.4683074951172,2695031
2017-01-19,184.94274029271685,186.7471400952048,184.29455713304029,184.57484436035156,692369
2017-01-20,184.64491525777203,185.74859090554003,179.2842569362078,179.66966247558594,919778
2017-01-23,180.02001803931032,181.28135284502906,178.09299054173943,179.44190979003906,1125116
2017-01-24,180.40544369391105,183.73395602812,178.93389636097874,182.49014282226562,1267233
2017-01-25,183.10332341423563,190.88153457785234,182.38506531270542,189.65524291992188,3626896
2017-01-27,189.62017034575783,191.9676470918458,188.30628229745898,190.2333221435547,2484794
2017-01-30,189.6026750898119,191.5297029560745,187.72818819853367,189.55010986328125,1059713
2017-01-31,189.77783262809555,192.4931930467115,187.93838944900727,190.7938995361328,2503555
2017-02-01,192.28300886524102,194.56041099804122,189.2347834426079,194.017333984375,1623892
2017-02-02,192.7034297915444,199.11519871567054,191.68736281895846,196.69764709472656,2052675
2017-02-03,196.90787946713147,197.87139338057318,195.15603268111755,196.38232421875,715704
2017-02-06,196.20714729705034,198.30935620893703,195.26114297979416,196.4699249267578,985456
2017-02-07,196.71516323083773,197.5210177901153,193.5443102155889,194.91075134277344,528288
2017-02-08,195.85676577692138,202.5838655710549,195.5764664154821,200.86705017089844,4176712
2017-02-09,201.81303567756535,203.66998845991057,198.13414934113783,199.81593322753906,2557180
2017-02-10,200.76195704051264,202.3035793772249,197.95899962099813,198.78236389160156,782733
2017-02-13,198.8173958003739,199.81595318802306,196.55750340336647,197.55606079101562,935567
2017-02-14,197.60859910809953,198.62467816139429,195.2260910750604,197.74874877929688,731474
2017-02-15,197.74875227620115,198.3093388451318,192.70342465273697,193.15890502929688,838192
2017-02-16,193.0888366771573,199.67579880649856,192.37057866977648,198.69476318359375,919243
2017-02-17,199.01008508987792,199.71082132500672,195.41879521190643,197.20567321777344,763077
2017-02-20,197.59109215866044,200.49916773926276,196.55750341342446,199.5006103515625,626579
2017-02-21,199.7108229459485,204.30065805535583,198.65971252183806,203.68753051757812,1208567
2017-02-22,204.96636119506354,207.06858202538018,203.8101445886982,204.56344604492188,2321477
2017-02-23,204.61600462927746,205.0890067539412,200.86704323959677,201.8656005859375,3226105
2017-02-27,202.0758329592267,202.51379161906723,197.31080442271977,198.4845428466797,1311634
2017-02-28,199.02762691753466,200.39406817054353,195.71662392398306,196.36480712890625,1061628
2017-03-01,197.4509508789352,199.76338420586433,195.2786551052788,199.08016967773438,1468965
2017-03-02,200.37655342739438,200.9546618093482,195.94437703997482,196.78526306152344,823264
2017-03-03,196.80276453325035,197.90642808071397,192.5808009917593,197.13560485839844,1118444
2017-03-06,199.3429338431015,202.4612215512366,196.64508301795908,199.02760314941406,1908784
2017-03-07,200.0611952324126,202.7940774588798,198.37941129431803,201.49771118164062,1536273
2017-03-08,201.0072007333812,201.81305533816783,196.9429084777737,198.4845428466797,953906
2017-03-09,197.95898117806513,198.97504814609528,196.25968756715295,197.13560485839844,889331
2017-03-10,198.27432260248182,198.27432260248182,194.57792621206997,196.03195190429688,528699
2017-03-14,197.95898489959927,199.518128863038,197.0129806264047,197.85386657714844,593827
2017-03-15,196.20715510828188,199.2904119445461,193.14140788912826,197.80133056640625,1720296
2017-03-16,197.95899117357524,203.91526785726538,197.52103250583872,203.3897247314453,3653356
2017-03-17,204.6160126179117,207.4189819934709,201.48020290634975,202.37364196777344,1518471
2017-03-20,203.9152384987901,203.9152384987901,200.0611833763554,201.72543334960938,609391
2017-03-21,201.8130658701623,203.7926590022176,200.27144354657656,202.68899536132812,746704
2017-03-22,202.1634198171302,202.1634198171302,198.60716123309197,200.79696655273438,541926
2017-03-23,200.41155461464757,202.44370057984898,199.46556252999292,201.98822021484375,529123
2017-03-24,200.77947207495734,204.4758684864961,200.69187549028956,202.2159881591797,779328
2017-03-27,202.86419745362036,205.31679300784373,200.41160189939697,204.37078857421875,1060739
2017-03-28,205.66710186105294,208.29487780063565,204.9663535266499,207.41896057128906,2541855
2017-03-29,209.41605467761852,211.62338165654415,207.47151742318295,208.13722229003906,2459640
2017-03-30,208.75035181528878,210.57229753523572,207.38392283975816,208.31239318847656,1452002
2017-03-31,208.31245200804517,212.49938519562733,207.27887517729576,209.7840118408203,1090780
2017-04-03,210.57235699291613,211.85118975386965,208.68034802912658,209.7840118408203,862218
2017-04-05,208.8730052345911,215.12711496941657,208.4875996782158,214.26870727539062,1487257
2017-04-06,214.3912859042409,215.56503623697554,211.58834129883988,212.62191772460938,1135008
2017-04-07,211.6934782646857,213.86576186236968,210.62485820676255,211.9912872314453,616994
2017-04-10,212.67450913295593,217.56218983776557,211.64093252095995,215.67018127441406,3020281
2017-04-11,216.80890411193087,218.210376769124,215.98553983526295,216.68626403808594,1058518
2017-04-12,216.87893219797627,218.71838750262316,212.88472727477307,218.01763916015625,1094449
2017-04-13,217.5621884656853,218.4906588742052,215.2322212592454,215.91543579101562,596553
2017-04-17,215.91542889512846,221.4687900563311,213.84825149864932,220.5753631591797,1255893
2017-04-18,221.08341259214714,222.02941695779649,217.19431317414683,218.0001678466797,948109
2017-04-19,218.28043025237235,224.72721803734112,217.12418941716206,223.71115112304688,1223343
2017-04-20,224.23674423070221,225.81341008904477,222.39731285507634,224.3243408203125,625018
2017-04-21,224.32431405555462,226.23383217565782,222.15203044951937,223.62356567382812,705806
2017-04-24,223.62354431002808,224.76225122721843,221.46877052506235,222.76513671875,748618
2017-04-25,222.83527613281436,225.18275322551276,222.0119118263358,223.78128051757812,624140
2017-04-26,223.71113174761112,231.76962790665408,223.27317316308157,229.96524047851562,3881287
2017-04-27,231.9448645592386,232.2777170261784,227.00465490656785,229.0367889404297,1103787
2017-04-28,229.8426406999025,230.89375118753244,227.33750454672082,230.12294006347656,376096
2017-05-02,230.1229475290401,231.22661115170166,226.77691317658542,229.3170928955078,397573
2017-05-03,228.0907780948016,230.19299881236472,225.63817108994954,226.56666564941406,1145931
2017-05-04,227.28498332317955,233.5215601569446,225.67327388236654,230.89378356933594,1534690
2017-05-05,230.7886474926433,230.7886474926433,218.40306777107372,222.71261596679688,938350
2017-05-08,224.13165136046314,225.86597663237455,220.90825673121427,221.94183349609375,887113
2017-05-09,221.8192005649827,224.69223284501382,221.2761114195678,222.81773376464844,736355
2017-05-10,222.37972602846745,227.49512797835473,222.1520040515677,225.76080322265625,1789607
2017-05-11,226.4440309606708,227.39003515628377,222.16952671779353,223.5709991455078,663170
2017-05-12,223.53596802957782,224.91993091967805,218.7008648475645,220.17242431640625,509390
2017-05-15,220.34764524582968,223.11557137489106,219.71698375156643,220.6629638671875,791041
2017-05-16,220.69795970913532,226.6892789885515,220.69795970913532,225.6031494140625,968341
2017-05-17,225.98856272856952,226.68928681665506,222.85274119171706,223.5709991455078,691061
2017-05-18,222.4848489564346,222.4848489564346,218.0001322633726,218.94613647460938,1067953
2017-05-19,220.0323243241923,222.69514451178756,213.72566024928776,215.98556518554688,646724
2017-05-22,214.46140822254682,218.77095627151945,208.96060003179986,209.83651733398438,910481
2017-05-23,208.5050837477821,213.5328892318359,203.5473652207796,210.88760375976562,1676410
2017-05-24,211.62340246376644,213.6906042280674,207.26130117161424,208.8379669189453,849116
2017-05-25,209.01317466508945,216.87897008279018,209.01317466508945,215.56509399414062,1070582
2017-05-26,216.28331679461562,219.31400793915995,212.3241310541313,213.86575317382812,2760400
2017-05-29,214.42637909298085,216.49355667530938,211.97379593176984,213.1125030517578,1206838
2017-05-30,213.3752359623266,220.55781542745123,210.83505660278462,219.7344512939453,1060743
2017-05-31,220.73300174625194,221.7665782217765,218.08771628153454,220.13735961914062,756300
2017-06-01,221.43376788953998,224.58707491346817,220.73301952225364,223.34326171875,1237451
2017-06-02,223.71115803455638,226.30389062073743,223.1330497248624,224.13160705566406,1410766
2017-06-05,224.86737688986514,227.00464124642244,221.36368351555134,223.44839477539062,1404023
2017-06-06,223.500946706849,224.2367143086092,217.2818806929598,217.7548828125,880663
2017-06-07,218.6308011177116,220.71548812495016,216.54608985892864,218.96365356445312,1348518
2017-06-08,219.6819292710701,220.382677702708,214.63658906636977,215.2147216796875,748192
2017-06-09,215.82782217908795,218.28042925614415,213.91830416270093,217.38697814941406,654494
2017-06-12,217.57969245878812,220.5403210220129,215.47747156777749,216.66873168945312,1212974
2017-06-13,217.22934767343187,219.2439721456443,215.44244522300866,216.0205535888672,788895
2017-06-14,216.52861350643488,217.03665918788852,214.46143579669092,215.40744018554688,937016
2017-06-15,215.4774561957149,217.8950197485271,213.63802517307704,214.4263458251953,536496
2017-06-16,214.56649731684735,216.861420836955,213.76064279238727,214.37379455566406,393742
2017-06-19,215.12712646947352,218.26292418656257,214.89938019629207,215.79283142089844,1066107
2017-06-20,216.8789446172387,219.15635867201155,216.35338939317916,217.68479919433594,987880
2017-06-21,218.4556217760159,221.39874088611904,216.63370013701714,217.56219482421875,1722020
2017-06-22,217.82491328254076,219.17383247854625,214.93437214824334,215.7577362060547,437373
2017-06-23,215.75775161928055,216.4059225934841,209.6788357452644,212.28907775878906,1402319
2017-06-27,212.429226744509,212.95478191857038,205.8597991945128,207.5766143798828,740886
2017-06-28,207.41898051035753,211.25552647549034,204.9663732299506,209.34600830078125,1481481
2017-06-29,209.3460188363024,212.23656066740705,207.6467129708313,210.48472595214844,1205412
2017-06-30,210.92265754592069,213.6730493364352,206.3153008243899,212.656982421875,589915
2017-07-03,217.22934465852697,219.3140318196922,214.2511820330041,218.5257110595703,1776093
2017-07-04,220.52276264691156,221.34615099723217,218.28041658048406,219.17384338378906,1662620
2017-07-05,218.98118865362864,226.724368156239,218.2279113457273,225.63821411132812,3432339
2017-07-06,229.1243976518624,230.35070138477028,225.00755201480374,226.04115295410156,3762520
2017-07-07,225.98856446067978,228.9667024867275,223.88634367722412,227.21484375,2316875
2017-07-10,227.88056622280078,228.5287615234533,226.93456194684094,227.35501098632812,138048
2017-07-11,227.7404391776393,228.4411876464306,222.3973139520791,223.29074096679688,1402081
2017-07-12,224.23669297618792,227.63527981602718,223.5359446710255,225.0775909423828,1367218
2017-07-13,225.58562394270538,226.23381919003964,223.43085007556616,224.58706665039062,773710
2017-07-14,224.51703490774855,225.0600997901001,221.85421509431566,223.95643615722656,1015578
2017-07-17,224.18413746363115,224.88488576122572,220.10233622755433,220.64540100097656,1562949
2017-07-18,220.97826466836997,222.4322901769679,217.57967769209725,218.28042602539062,1332110
2017-07-19,218.87603540360175,221.17095882285662,218.3855237151536,220.15489196777344,1363142
2017-07-20,220.06734085800954,220.85566164503672,218.49067503240812,219.36659240722656,555285
2017-07-21,219.82206915862503,220.04981542019863,216.7563343156299,218.3505096435547,1553048
2017-07-24,218.858552063976,219.99723485209768,215.5125179097638,216.40594482421875,705388
2017-07-25,216.19572544221046,219.19139743025372,216.19572544221046,216.5811309814453,626236
2017-07-26,216.21326075602377,220.7680893087925,216.21326075602377,219.36659240722656,1294036
2017-07-27,219.8571141314765,222.3797598869267,216.8614419824476,217.50961303710938,1304562
2017-07-28,218.98117903598884,220.31258891936275,217.07166079560463,218.56072998046875,1026366
2017-07-31,223.6152121944306,227.10064794022747,223.17724652367943,226.24298095703125,1218310
2017-08-01,226.297723664923,227.86709433739207,223.72469745164528,224.12615966796875,715003
2017-08-02,225.89623471524237,227.1371246720926,222.7392799094034,223.45095825195312,1045844
2017-08-03,225.27582005774642,225.44004770463783,217.7939762787156,219.0348663330078,1445112
2017-08-04,219.2355594838357,221.73557825535678,216.86329014572053,221.29763793945312,2773428
2017-08-07,221.88161651966652,223.2684951959889,220.8232184158072,221.53489685058594,798635
2017-08-08,222.26480789600146,223.92539909392505,216.1151259997677,217.53848266601562,1237966
2017-08-09,212.57495062370586,213.46912095490237,205.29385115981302,211.3340606689453,4984564
2017-08-10,209.52746432357466,214.5640183172282,204.52742641053277,210.49462890625,2419250
2017-08-11,206.60774356168878,213.06766721981143,204.5456774638646,211.07858276367188,1782304
2017-08-14,209.58220410834227,216.79029644049913,209.58220410834227,216.0603790283203,715298
2017-08-16,217.1552954364007,220.4034963525203,213.87059106857527,219.38157653808594,831864
2017-08-17,220.25749882428232,220.91443461867308,214.91074121266197,215.82315063476562,855119
2017-08-18,213.9253230482655,218.54213792531104,212.97641018411477,216.31585693359375,1054740
2017-08-21,216.7903084111419,218.50566747447553,213.615114442842,214.0530548095703,958774
2017-08-22,214.30850047772986,217.0457537221009,210.40336430464754,212.70265197753906,1156072
2017-08-23,213.54210722796577,216.0603906424881,212.702679423125,214.6370086669922,1165282
2017-08-24,215.67717209176823,218.08594520347458,209.85594514324006,213.08590698242188,895401
2017-08-28,213.87058745316733,217.22827340573974,213.14064474091077,215.22096252441406,2534170
2017-08-29,215.3669472412904,217.81222370653444,213.5055996735754,214.0895538330078,769083
2017-08-30,215.3304679119795,217.7392411966118,213.87060761176957,214.9107666015625,1356551
2017-08-31,216.06039634382464,216.57134362567865,212.44721139493225,213.1588897705078,1708053
2017-09-01,214.1808046719719,215.93264192798452,213.1406457751729,214.07131958007812,436657
2017-09-04,214.39977364993973,215.14795545621138,208.39608010518808,211.8815155029297,2295874
2017-09-05,212.4106978308741,213.35961070710272,209.5822109273719,209.98367309570312,2384904
2017-09-06,208.76103138475463,212.9216668001641,207.3376620941442,211.7355194091797,1329200
2017-09-07,209.98365750133635,227.19185007177686,209.98365750133635,225.16627502441406,4748657
2017-09-08,228.10428529020643,229.19918674881845,223.9254105477737,227.5933380126953,3854349
2017-09-11,229.85611772681102,229.929124628862,225.54951888672508,226.0969696044922,883126
2017-09-12,227.41082940574643,232.1189154386656,227.37435121852025,231.1334991455078,1973439
2017-09-13,233.56057058765387,236.13357152043247,230.67732818476193,232.24667358398438,4865103
2017-09-14,237.68463300802117,238.59706762622898,231.75392166822692,232.35614013671875,2431398
2017-09-15,232.37437596151452,233.83423596345395,229.29040307676544,232.4656219482422,967193
2017-09-18,233.57878309119133,235.9510779090812,232.57512767190047,235.20289611816406,1152953
2017-09-19,236.3160309441901,243.61535668819243,234.30872015387484,240.002197265625,4714068
2017-09-20,241.2066188635465,241.2066188635465,234.71021648968502,235.6956329345703,1831585
2017-09-21,235.7685872466163,237.06421975188573,232.1189242663131,233.46929931640625,1302920
2017-09-22,233.19555352412615,233.19555352412615,223.45095141934738,224.25387573242188,2169246
2017-09-25,224.81959903988357,227.26487579300746,218.04948391227694,224.72837829589844,1179966
2017-09-26,224.45461387695372,231.22475347013523,223.70643208331623,228.3050079345703,1203001
2017-09-27,229.52767093855724,229.52767093855724,223.43273117765182,226.89990234375,900264
2017-09-28,227.73935251903583,234.27225856362935,222.99478741149684,231.89996337890625,4848546
2017-09-29,233.4693405713871,235.5861368849623,230.2941208391164,234.7284698486328,2565783
2017-10-03,235.76861202122387,236.58980080367726,232.50214651144591,233.41458129882812,909424
2017-10-04,233.2868021884699,235.27587390024266,231.53496500697804,232.556884765625,662092
2017-10-05,232.429153525838,250.02055887979952,232.429153525838,242.44749450683594,3971809
2017-10-06,247.08255574735435,251.00595664347048,243.88909753899793,247.72125244140625,5387318
2017-10-09,249.63735150203718,252.5570973916468,247.59353695788238,248.54244995117188,2755877
2017-10-10,249.98407874397802,250.8417457570348,247.31983169581943,248.68844604492188,925344
2017-10-11,249.9840407389233,256.3162147095244,245.440207434508,248.8526611328125,6736873
2017-10-12,250.7322141258458,256.13373939373184,248.54241136408973,253.48773193359375,2768672
2017-10-13,253.52425883375582,255.7870689287011,250.93299341857835,251.53518676757812,2567300
2017-10-16,251.9183660469843,255.4767829681312,250.09352195860717,254.67385864257812,1405136
2017-10-17,255.36731443648387,264.5827309457239,254.78336024843964,263.5425720214844,7030907
2017-10-18,263.21412145221746,266.790777763297,261.60824740632904,265.0389404296875,6765029
2017-10-19,265.3309076453272,265.6958663748454,260.531600567641,262.6301574707031,564242
2017-10-23,262.9585804067584,267.8856105926013,262.9585804067584,266.4257507324219,2433725
2017-10-24,268.2323728632072,274.27259483608236,266.06083444891755,272.2652587890625,4101333
2017-10-25,272.99524603238234,273.7251888288154,267.8856969811641,270.6594543457031,1287891
2017-10-26,270.80538518843616,279.41860730299004,268.06813186258427,276.5718688964844,5724009
2017-10-27,277.0098284133983,277.37481239006956,269.8199876348564,271.37109375,1521045
2017-10-30,272.210528993779,275.7689460305751,269.03530977633073,270.2944641113281,956533
2017-10-31,270.2579796486178,272.9222265242859,266.6995623618071,267.4842224121094,1322294
2017-11-01,269.7105071882528,271.6630755018154,265.3856440331128,266.4988098144531,4503101
2017-11-02,266.49877575086174,268.7797990432394,259.91110368629796,262.39288330078125,1835658
2017-11-03,267.6849686359663,267.88569974932125,263.14113467824575,266.5535888671875,2305328
2017-11-06,267.88571032975113,274.58286950823515,265.3674517649104,268.1047058105469,2855683
2017-11-07,273.4148980428856,273.4148980428856,256.5351981189463,259.6191711425781,3580527
2017-11-08,259.85642485642074,262.70316384323047,257.3016629854746,259.2359924316406,1580259
2017-11-09,260.58634938567496,264.45500800691354,257.84909569364856,262.1009521484375,1493660
2017-11-10,262.41120581757156,264.12653975554343,259.1629794264153,262.52069091796875,1214750
2017-11-13,262.77619168840613,269.345601532998,261.0060897556752,264.4550476074219,5083385
2017-11-14,263.48787666940916,266.42586196913265,260.075447453347,261.17034912109375,1708502
2017-11-15,259.12645993423155,263.8345205961801,256.6446801652175,257.6300964355469,1097264
2017-11-16,258.031596393103,261.6630205890191,257.30165362998486,260.8053283691406,930754
2017-11-17,261.31634457985257,264.60102440773386,260.69588681209564,261.5900573730469,1236911
2017-11-20,262.68490856913303,270.51344661621226,260.22139285634927,269.82000732421875,2086767
2017-11-21,272.24702340003887,273.68864441857744,267.2652245568909,268.2506408691406,2592857
2017-11-22,269.3455889792907,273.23248709665546,266.0608842100889,268.9076232910156,2390298
2017-11-23,270.0754358072484,272.24699932092534,267.02796640829996,269.2542724609375,1599558
2017-11-24,269.2360845108237,271.53539810917795,268.9988751953121,270.18499755859375,1054302
2017-11-27,269.8564920479717,275.1120036593823,269.19955625428327,272.6302490234375,1564697
2017-11-28,273.688652621369,275.5134715012167,270.3127023269855,271.1521301269531,1211245
2017-11-29,272.2652517054485,272.520725320371,264.9659261702572,266.1155700683594,867549
2017-11-30,265.62287761697996,268.85283933548493,261.90020773277894,265.2396545410156,2264200
2017-12-01,266.44406001173894,267.95868806715123,258.5972827765873,259.9841613769531,999720
2017-12-04,262.4112473690368,263.7798618645266,258.1593647811327,260.7323913574219,957610
2017-12-05,260.95127153592153,262.99508565527714,258.46949183486805,260.82354736328125,926338
2017-12-06,260.2214148873508,261.7542568881481,257.8308806156964,259.2907409667969,1275154
2017-12-07,259.49142772419503,264.1994885511187,259.49142772419503,262.703125,1281203
2017-12-08,264.96593626098775,265.5133869600708,262.100933322295,262.79437255859375,986179
2017-12-11,264.60093953077387,270.07544625768264,262.79435988946454,269.27252197265625,2190077
2017-12-12,271.4258698653885,272.4477897597998,264.6192513157147,265.45867919921875,2017463
2017-12-13,265.45862064754795,267.94037503419577,258.19577367255766,259.60089111328125,1326621
2017-12-14,260.98777521873734,262.73961228520864,258.8344760174893,262.0461730957031,773338
2017-12-15,263.5060789610223,265.69588199064174,261.75424158970793,262.33819580078125,868565
2017-12-18,262.42946594203624,264.9659888600495,248.54246462728213,262.867431640625,1164625
2017-12-19,263.50608827404113,266.79079293456067,263.50608827404113,265.3309326171875,770397
2017-12-20,266.4075413565787,270.0389649522098,264.7286859098795,267.283447265625,1882030
2017-12-21,268.6156110029143,270.2579631725264,266.79076683826617,268.63385009765625,1082744
2017-12-22,269.71055478081144,271.827351103086,266.8820547233358,268.1047058105469,1453318
2017-12-26,267.90388679022936,269.72870538066024,266.06080384627836,267.11920166015625,1136255
2017-12-27,267.1739611337174,272.26524473233184,265.69583676177075,268.7250671386719,2556218
2017-12-28,269.3638057138744,270.2032335645689,265.87837011797865,266.6630554199219,1480176
2017-12-29,267.86744743483047,268.79812130623833,265.7323869427218,266.99151611328125,1323689
2018-01-01,266.99152308375835,268.3966661064999,263.87107135082186,264.9659729003906,423720
2018-01-02,265.33090589649095,269.96598530462904,260.5315988504378,266.4623107910156,1424603
2018-01-03,272.1557485515536,279.78355409197445,269.72871147808775,275.87841796875,7828490
2018-01-04,276.09741451950276,278.28721729641745,273.9441151920441,275.33099365234375,2041216
2018-01-05,275.91491671823366,278.3966965146783,273.0681782206303,276.4988708496094,1915589
2018-01-08,277.3747995954228,281.7544050182324,275.2579785188439,279.966064453125,3204007
2018-01-09,281.0062744518447,284.6741769782159,278.3420022121239,279.3639221191406,2738792
2018-01-10,280.29456042525567,280.55003407711575,276.64489712997414,278.45147705078125,1001219
2018-01-11,280.65954782131956,285.40411268856934,278.4697447653726,281.38946533203125,3917567
2018-01-12,282.4843586124469,284.4916696011565,275.7324828950123,279.0719299316406,2376340
2018-01-15,280.89674485808166,282.61210398338716,277.10109312994894,279.7471008300781,1663655
2018-01-16,279.9295415956194,280.80547272420876,268.70681610875766,270.4221496582031,1583545
2018-01-17,270.42218254196786,274.27260184330436,262.5023990233738,273.57916259765625,1374923
2018-01-18,275.5499841454439,276.64488561464367,261.5170214017075,265.93310546875,2311658
2018-01-19,266.95501602961593,268.2141450969203,261.7542216004828,264.4732360839844,1461970
2018-01-22,265.69583885322305,269.71048550969033,262.41116010398815,268.5426025390625,1900499
2018-01-23,270.07544472431965,270.458667771598,265.3856232160049,267.37469482421875,863380
2018-01-24,267.88568748508936,268.0681794932053,263.48784228950433,266.13385009765625,912602
2018-01-25,266.42578954782635,267.9586565183814,260.5680849009908,261.79071044921875,2968521
2018-01-29,262.79440618301425,265.4769174779377,262.04622430726795,262.9768981933594,679893
2018-01-30,263.1410741825098,263.52429722423307,258.90745741656593,260.82354736328125,688643
2018-01-31,260.51334272574985,263.5060700635912,258.6337812229186,262.41119384765625,2100291
2018-02-01,263.3965386018075,264.96590889933964,258.0497816063857,262.39288330078125,2627943
2018-02-02,259.8563954566938,260.53159561847554,248.28694880551186,252.6483154296875,2775399
2018-02-05,248.9074006634184,255.47678382748708,241.62631390320396,253.81619262695312,2010039
2018-02-06,244.9657796565512,255.3673185423771,240.1664471469923,250.4402618408203,2103666
2018-02-07,254.38191034274325,257.027943411871,247.6300344496027,248.48770141601562,1793082
2018-02-08,250.34907263164547,259.8564423232639,248.57897072095628,258.4513244628906,3332685
2018-02-09,254.78337199014751,257.5936327031929,252.5753298499664,255.75054931640625,2745560
2018-02-12,256.9366152789909,262.5206062166528,254.0898772776239,261.13372802734375,1454672
2018-02-14,262.374678034373,263.8710416327978,259.4001899319296,260.7688293457031,1762954
2018-02-15,260.9513083692667,265.4586637331991,259.23597450954003,262.41119384765625,2146983
2018-02-16,263.50604228767946,265.22140122849663,257.2468755332618,262.2834167480469,1985564
2018-02-19,263.1411400883689,263.26888955490637,255.87829114068435,259.2542419433594,770261
2018-02-20,259.4184322907605,260.9512993591906,255.47679215901456,257.0279235839844,1367078
2018-02-21,257.6665979820264,258.88924888418865,253.87094634972672,255.3855743408203,1707542
2018-02-22,253.6519583122413,257.3016211432162,252.593560385782,254.32713317871094,1202779
2018-02-23,255.1118384817138,258.5790348644102,254.78335793844093,257.9403381347656,680850
2018-02-26,259.8199155093624,262.15568163238487,258.1045564748228,259.5096740722656,796668
2018-02-27,260.7688400318805,260.98781022134375,255.6592914126581,256.8636779785156,1265022
2018-02-28,255.40381279804697,259.30894951347074,254.74687698054348,257.17388916015625,1081948
2018-03-01,256.9366801052999,258.63377482779777,254.03517357743547,255.3673095703125,1340997
2018-03-05,254.80159547361922,255.0753081792805,245.62268346604827,247.301513671875,1552116
2018-03-06,248.5424403817849,251.46218615897843,245.0752691121422,245.84169006347656,1365045
2018-03-07,245.91468973433896,248.5424330683954,244.21759497196717,247.2285614013672,1659254
2018-03-08,248.90740822186518,255.60454103329866,243.4146366774817,253.6702117919922,2464165
2018-03-09,255.4038418799073,255.45858443244057,248.4512093033906,250.6957550048828,1265816
2018-03-12,252.75775830244365,252.92198591089075,248.5971234599214,251.66285705566406,579236
2018-03-13,250.76870736811486,254.96582073667972,250.76870736811486,252.28330993652344,1513393
2018-03-14,252.2103444152844,253.06801128907716,249.4183483555123,251.4256591796875,806568
2018-03-15,251.13371429256546,253.4330024880453,248.63369498893906,249.40011596679688,1100433
2018-03-16,248.90741524239857,251.4621769148349,247.08257104099857,248.9438934326172,846891
2018-03-19,247.81247697085635,249.10810934071938,242.08249683847757,243.45111083984375,1516845
2018-03-20,242.33797368442265,246.7175789664413,240.14817104341333,245.14820861816406,1295852
2018-03-21,244.8927342288418,248.3781692459105,243.35986733265477,244.1992950439453,697128
2018-03-22,244.19936815986972,245.91472754312164,241.95482231415866,243.0862274169922,826194
2018-03-23,237.22844011020237,244.3635382174934,237.22844011020237,243.6153564453125,755504
2018-03-26,244.5277938237403,250.89647113581236,241.38907816448182,247.70298767089844,1258603
2018-03-27,247.15551430399262,253.28695652286646,247.15551430399262,252.0643310546875,936753
2018-03-28,251.86365491248912,252.46584823175212,245.98768501370532,247.1373291015625,1951418
2018-04-02,249.61907899901036,253.1957602880903,247.90371999253793,252.3015899658203,1188582
2018-04-03,255.09360475118757,263.36010843469944,254.65563910491505,261.6082458496094,5724480
2018-04-04,263.4878402996529,263.50607939556437,257.66661306091805,258.414794921875,1611951
2018-04-05,260.03894399457965,265.8601720368302,259.83821286422307,261.17034912109375,2025455
2018-04-06,263.3235934055873,265.6958630102714,260.22138108920603,264.2542419433594,1216129
2018-04-09,266.4258492601039,266.91855751327773,262.4112268444772,262.867431640625,2067610
2018-04-10,263.15938206874796,264.76523087204407,261.68125745922015,263.1046142578125,1295827
2018-04-11,263.17763471508374,263.59733603322576,259.92943348792454,262.0827331542969,713163
2018-04-12,261.681271096278,265.6229116651917,260.6776155419142,264.8382263183594,991859
2018-04-13,266.42578649502366,267.86740745789933,263.1958249639756,265.5316162109375,1567380
2018-04-16,264.9659191339411,270.31267633588726,263.21408206249225,269.30902099609375,2501941
2018-04-17,271.35283615780224,272.6302294652656,268.8345529904348,269.6739807128906,2580934
2018-04-18,272.0098102410499,272.55726098399094,266.71779481325484,268.5973815917969,1625791
2018-04-19,268.25065947778813,270.9514097149406,266.06085652617156,269.3638000488281,1706705
2018-04-20,268.8163395369153,269.6557673394345,265.87835485905,268.1776428222656,641636
2018-04-23,268.17765474019154,268.59738129105585,266.18858286766937,267.06451416015625,567610
2018-04-24,266.0608439308492,268.4878560532025,264.16301816421196,266.1885681152344,552777
2018-04-25,265.87832773069096,266.3527967601005,259.7651244597983,262.0461730957031,1437842
2018-04-26,262.73965671368217,266.3528417995526,260.6958422468793,263.7798156738281,2911260
2018-04-27,263.87102701944855,270.8783755499013,262.2651784197116,268.9623107910156,1445946
2018-04-30,270.4404274698183,283.15951698785994,270.0937078719023,278.743408203125,5428350
2018-05-02,281.04272236807554,286.6997215474827,276.35290043992455,280.0025634765625,4775593
2018-05-03,279.9113559290215,283.94424223724326,277.59380349764285,280.7872619628906,2722963
2018-05-04,280.6595728074151,287.4114493230758,277.3748679310694,279.5281677246094,3835024
2018-05-07,280.8054896263513,280.8054896263513,274.765267870088,276.80908203125,1437554
2018-05-08,277.739773580077,281.7544205259182,277.0828377828784,279.6741027832031,2521839
2018-05-09,281.0245075280605,282.44788962400713,278.907686111256,279.3091735839844,1719731
2018-05-10,279.56461242021436,281.9004037476713,277.52079816642737,280.5682678222656,2344915
2018-05-11,281.0244537053608,284.2726542240647,278.65215908710115,283.0682678222656,1537559
2018-05-14,286.4625074975302,287.0281973511703,260.44037003959494,283.32379150390625,3955098
2018-05-15,281.8456390238089,284.05370619436695,270.6594156802004,271.68133544921875,2687020
2018-05-16,268.65210001622995,273.9806184182537,265.33089240410817,266.2615661621094,1257090
2018-05-17,268.25061047821754,274.61926181267484,266.097286110398,271.86376953125,1673584
2018-05-18,271.5901047446862,272.0463094797529,260.8783246015099,262.5936584472656,1529952
2018-05-21,265.3308798783402,277.00981061976023,258.7614718630784,268.23236083984375,5699479
2018-05-22,267.8674293100938,267.8674293100938,262.79438425533374,265.6046447753906,2111103
2018-05-23,265.330892813214,268.0681462863475,262.44765080405324,263.87103271484375,2167117
2018-05-24,264.1082905203292,265.31267710227377,258.03158980060425,261.9184875488281,1124064
2018-05-25,262.19217025798815,270.91487769219935,262.19217025798815,268.287109375,2101029
2018-05-28,268.7981114358347,272.4112711652602,265.6958737323596,270.03900146484375,1059979
2018-05-29,271.1338823461368,271.17036053399437,263.5243151066764,264.6009521484375,693900
2018-05-30,264.1995300988396,267.88569701292704,262.44769264909917,265.7871398925781,1013490
2018-05-31,266.2067902621924,272.99516790972575,266.1702868173402,270.5863952636719,3130470
2018-06-01,272.95872451413555,272.95872451413555,267.192239958676,268.3783874511719,2291309
2018-06-04,269.0170946368466,269.65579140850537,264.41851829995335,267.17401123046875,1177838
2018-06-05,266.4258271944329,267.15576996495946,258.21406575815604,264.9112243652344,1401369
2018-06-06,266.04257771090033,268.17763799888667,263.1775999866458,266.6812744140625,2613704
2018-06-07,265.36742868078164,271.1703915955904,264.673989365415,270.0572509765625,1862504
2018-06-08,269.1630394768613,271.3346030954321,266.84548732671004,269.7287292480469,1183107
2018-06-11,270.7871625664473,273.3784275217425,266.31631098529624,267.3017272949219,1198784
2018-06-12,266.79076697180227,272.9039709276246,265.7506333329077,271.9732971191406,1168492
2018-06-13,270.95139934997576,271.18863388843687,267.0097592402303,270.56817626953125,1402585
2018-06-14,269.89299781740715,270.1667105413364,267.7031949783594,269.74700927734375,740821
2018-06-15,269.34557101405886,271.5353740474678,266.2981010203427,269.96600341796875,1541814
2018-06-18,270.07545897510494,271.53534434562545,266.42579607260956,267.3017272949219,675005
2018-06-19,267.3017219610831,267.3017219610831,262.46591176474897,264.2724914550781,855773
2018-06-20,264.6009963471447,267.35651465723777,261.2250708589078,266.3345947265625,535539
2018-06-21,265.73235143421067,270.0572143903764,265.002434025694,266.0790710449219,1375358
2018-06-22,264.9841924790153,265.87836285403176,260.9878096960212,262.5936584472656,1230388
2018-06-25,262.0461950603866,264.1265128032751,261.0425396393185,261.5352478027344,666806
2018-06-26,260.2578757565296,260.3126183056349,254.83813603795397,257.9585876464844,1172876
2018-06-27,257.484165412029,260.1484124936999,255.8600521125675,258.0316162109375,1471694
2018-06-28,257.301648349652,257.95858419202386,249.08988716524053,251.68115234375,1298139
2018-06-29,252.33809795004512,255.84179801477526,250.09355233231312,254.69215393066406,790914
2018-07-02,255.47680474997867,255.84178875591428,248.56070139940897,252.63006591796875,790481
2018-07-03,250.84168423019386,262.0461709904111,250.00228178196903,256.80889892578125,1537954
2018-07-04,256.8089580773513,257.3016663089969,251.7541768216533,252.42935180664062,814039
2018-07-05,252.77604659075303,254.01693659607315,249.41836056935432,253.06802368164062,839440
2018-07-06,252.4110761566337,257.1008979645787,251.0972045704533,256.2979736328125,872064
2018-07-09,256.97313198265044,261.46222241876075,256.97313198265044,259.838134765625,1265460
2018-07-10,260.58636764607957,265.2579509760832,258.10458742314603,259.2359924316406,1144645
2018-07-11,258.5425841431041,261.6447971633359,254.9659019371424,257.429443359375,1476727
2018-07-12,258.21403786262164,261.38925699400266,258.1227918684251,260.4950866699219,1272709
2018-07-13,262.7761394264818,262.84912106579395,256.9366735910783,257.7030944824219,1181626
2018-07-16,258.3648201337118,258.970163249071,252.3493080332014,253.27622985839844,1202903
2018-07-17,253.42757066576283,259.8025020941106,250.59005749020355,258.7620849609375,1049818
2018-07-18,259.53772558416995,261.95907241548923,250.87384845428036,252.50070190429688,1255455
2018-07-19,252.74653659703984,256.37856903098856,248.56596107650597,252.2547149658203,1395864
2018-07-20,253.10602474131932,253.654620351732,249.30377453110086,249.75778198242188,704855
2018-07-23,250.4576551435917,255.28144114184016,248.1876443649323,253.370849609375,1415159
2018-07-24,253.4843146476613,258.27023339110013,252.67088810541037,253.69239807128906,1087055
2018-07-25,254.24104567783309,256.52999023004065,251.97103447090961,254.3167266845703,849742
2018-07-26,254.3355900267257,258.118932657419,253.33301326417427,254.94093322753906,1322289
2018-07-27,254.99770379835584,260.1241357496195,254.95986329810515,257.05963134765625,684059
2018-07-30,257.26769040724525,260.6916137687156,256.60559955806934,259.2539367675781,582065
2018-07-31,258.8756014833139,262.6589439653027,257.58926032574277,260.6348571777344,661675
2018-08-01,261.05105035071534,261.8077293981817,258.2513771558847,259.1215515136719,508204
2018-08-02,259.1404048940235,264.56950719158107,255.9056582851575,261.0888366699219,1129086
2018-08-03,261.0699811059157,265.9693960547031,259.59446352478216,262.2049865722656,1806894
2018-08-06,262.64001197851053,265.21269405040476,261.1266803662399,262.1860046386719,454180
2018-08-07,262.20495046545386,263.2453676351384,251.36565237315193,252.86007690429688,2265935
2018-08-08,253.46542833088904,258.78103638286575,251.97100359653845,254.10861206054688,1658404
2018-08-09,255.35709905497413,256.8136832119961,253.48434799594588,255.22467041015625,489143
2018-08-10,255.54625827402813,256.7001707548075,253.48433105653524,254.5436553955078,965995
2018-08-13,253.14384127228254,257.64602248371057,251.74400473699126,255.69761657714844,816913
2018-08-14,255.18687541396014,258.32703457141133,245.25559047842313,256.41644287109375,6391214
2018-08-16,257.3622917999605,266.6882332581735,254.9976927257261,262.9237976074219,3423953
2018-08-17,265.5910444761348,270.03647776714496,262.6021952853189,267.785400390625,1898240
2018-08-20,270.4904609570855,270.6228633977015,263.9831009732156,266.21527099609375,2755759
2018-08-21,267.7286411625087,268.93932757785785,264.8343799582083,267.9556579589844,946020
2018-08-23,269.3743727400613,270.3391351003834,265.5910304724026,268.25830078125,955054
2018-08-24,268.73124318258505,277.37618626793534,268.65556218829306,276.127685546875,4260559
2018-08-27,278.03827406525676,283.9970393443638,274.9926771032254,283.3538818359375,3724851
2018-08-28,283.94030632818703,286.55082936756764,280.3461398206991,283.5241394042969,2387422
2018-08-29,284.0538140051564,288.48034074035854,283.7889828772585,286.6643371582031,2372282
2018-08-30,285.35903061678965,290.0314541854867,281.68918369880976,287.4966125488281,2480040
2018-08-31,286.58864240337914,291.2421595428167,285.47257028845814,287.4020690917969,1116659
2018-09-03,287.53447990774623,295.85784401941305,286.02112193311984,290.542236328125,2453528
2018-09-04,289.4261397613133,289.4261397613133,281.61353064771043,283.2781982421875,2205910
2018-09-05,280.42175334877595,283.35385472729786,277.67882824860783,280.3082580566406,1750305
2018-09-06,281.1027557532592,287.1182943910866,279.21109768844747,281.4432678222656,1337778
2018-09-07,281.1027779877525,289.36939456652436,279.589446178764,287.761474609375,1518378
2018-09-10,287.40203847841434,288.6694724523772,281.89728092559744,282.6161193847656,830982
2018-09-11,281.97291925398827,283.39168893579375,278.07608179154164,279.2489013671875,1282325
2018-09-12,277.69779147359964,284.22408633546235,274.1982129277751,283.0890808105469,690682
2018-09-14,284.12944717518724,286.1724410409935,280.85683365971187,282.5025939941406,854811
2018-09-17,282.4269778690738,288.4803316819124,279.96779060735975,284.1294860839844,1031185
2018-09-18,284.280793170894,284.7537077071663,277.508601494623,280.4028625488281,912734
2018-09-19,280.9325194523375,282.5971869686188,277.98151080424054,279.4948425292969,589094
2018-09-21,279.21113479389413,281.4622123801253,255.41386053604467,278.73822021484375,3462738
2018-09-24,277.6977664455952,277.71669978786264,265.9693858075759,267.8421630859375,744438
2018-09-25,267.7664671254723,271.511995285658,260.3889322907745,268.9203796386719,862765
2018-09-26,269.41221221100994,269.7337909341663,263.0183473049967,264.4560241699219,671591
2018-09-27,263.73720980149034,264.3614601518198,257.00285840492074,257.9676208496094,1270751
2018-09-28,258.062151280602,264.00200864753964,255.659738320528,261.9590148925781,1659193
2018-10-01,263.52915255379264,263.52915255379264,253.67352223844645,261.240234375,835530
2018-10-03,261.8077210013042,263.32105286050364,251.9899317910952,253.20059204101562,1150122
2018-10-04,249.7010007849484,254.22208897236,246.10680834542077,249.79556274414062,824847
2018-10-05,249.3226740056404,251.573777848745,244.42323272556345,248.01742553710938,882706
2018-10-08,247.80933630747163,250.6468499908332,238.5212090568412,242.22889709472656,1630245
2018-10-09,241.37760812212215,243.43953541893745,235.32425487273895,240.5263671875,842041
2018-10-10,238.91845272632852,248.56599859954412,237.95369028284853,245.72848510742188,1325204
2018-10-11,242.07752315373327,245.97436069854825,235.74040589458272,239.99668884277344,1599513
2018-10-12,242.1343005186155,249.62533114469105,241.1127903906971,248.1687469482422,944650
2018-10-15,250.0793299630143,250.0793299630143,242.51261860150026,245.84197998046875,1198626
2018-10-16,248.565961221818,259.91598729636934,247.43095599564379,255.96240234375,1875123
2018-10-17,256.5866705401892,259.7646696833709,251.1197274456236,253.5221405029297,926138
2018-10-19,252.61415656844235,255.88674391117917,246.86347513642593,254.22207641601562,685123
2018-10-22,254.9976742972601,259.1593694146383,250.57114808316055,253.23841857910156,1037125
2018-10-23,250.07933047506467,256.1137767097052,249.70100407173248,254.05184936523438,863822
2018-10-24,254.6193325161622,257.0784932298186,250.23064706309736,252.86007690429688,1003369
2018-10-25,250.2684719243976,257.83518303961336,247.27964892324886,252.16015625,1522726
2018-10-26,251.21431862376957,255.37598733626595,246.8634736289986,253.86265563964844,989645
2018-10-29,254.99766608369754,260.54026415636537,252.59525294905475,259.2350158691406,1266558
2018-10-30,259.5376647618651,260.27541031355634,255.0165509425663,257.7027282714844,728285
2018-10-31,257.85413275116383,261.05106590985724,253.6357155515042,259.4431457519531,652966
2018-11-01,259.84033470925107,262.5454191734959,257.2109050400382,260.2943420410156,949234
2018-11-02,262.8481149240558,269.4878778337567,261.25910221020155,263.3777770996094,1459367
2018-11-05,262.1671254739226,262.1860326282375,252.72766321423617,257.3244323730469,2500684
2018-11-06,257.74060346383965,266.3287987369452,257.74060346383965,262.48870849609375,1236854
2018-11-07,264.0398792952856,266.6693093198998,264.00203879905945,265.7234802246094,185737
2018-11-09,266.536859372426,269.5824560505092,263.69934612616237,264.60736083984375,771626
2018-11-12,264.8343522648384,267.48271542788126,261.1455981265896,264.38037109375,652301
2018-11-13,260.50246975541785,265.83698479592033,257.41903223015356,259.9349670410156,1224017
2018-11-14,261.8077195668473,268.1637447652952,260.67271413186745,264.6452331542969,1342394
2018-11-15,264.6452155293582,266.13964012546194,258.83776009269366,260.1051940917969,868887
2018-11-16,261.78876480692537,264.1722969751382,259.53768746360436,263.2642822265625,557919
2018-11-19,264.3803694177271,266.7260348065198,262.1860136268762,264.8343505859375,1262294
2018-11-20,265.5910181176245,267.86102861006174,259.85924424293967,261.6184997558594,1491925
2018-11-21,260.3511282921052,262.4698033006647,256.9650192344848,259.14044189453125,994576
2018-11-22,259.9160038602084,267.40703359290586,259.9160038602084,264.60736083984375,1434740
2018-11-26,264.83438370217044,267.48274717958896,261.03213381980106,264.53173828125,966420
2018-11-27,264.07769880277766,273.46038657908343,263.339927027382,268.25830078125,3447147
2018-11-28,269.37439165098874,270.6985733218676,260.7672893518592,261.9968566894531,1479448
2018-11-29,262.28058897108724,266.32876210476326,261.06992893626534,264.58843994140625,1959408
2018-11-30,265.95049409035624,270.69859951103183,261.42940547969994,263.8696594238281,3102012
2018-12-03,263.7939780038439,265.98833416547876,261.5050598743152,263.6048278808594,756241
2018-12-04,263.7182864365831,265.5910373724572,257.759495368339,258.51617431640625,1069893
2018-12-05,258.2135094298563,258.64860965646983,251.59265357103868,252.16015625,1636766
2018-12-06,250.83596469109494,255.37598594337797,249.9468833062012,253.0681610107422,1765291
2018-12-07,253.48433518742596,255.98133647329058,250.45764553624983,254.978759765625,673859
2018-12-10,252.29261857581469,253.46543839832157,247.50667256720624,248.58493041992188,827047
2018-12-11,246.67432931091327,256.2083542783784,246.67432931091327,253.9951171875,487836
2018-12-12,254.37339195049876,260.86184465892353,254.37339195049876,260.2943420410156,1030273
2018-12-13,261.0510125277912,262.92376343833683,259.1782616172456,261.1834411621094,571933
2018-12-14,261.8077302360627,263.2454073372516,258.51620910304564,260.029541015625,495659
2018-12-17,259.91599622729115,270.774201043432,259.91599622729115,266.8962707519531,1958149
2018-12-18,267.82321029107186,274.12248731036874,265.64778775358656,270.6796569824219,2438189
2018-12-19,270.60404623126493,273.384812655209,268.12595146822366,269.2987976074219,1245038
2018-12-20,267.7286082408035,275.2007307067288,266.0450336588758,271.5308837890625,1656460
2018-12-21,272.4010694660055,274.6710801240351,265.26945875904096,266.57470703125,970430
2018-12-24,266.3477107381923,271.2660583295637,264.4560265012682,268.6744689941406,846380
2018-12-26,268.6177400160094,270.13107179840654,259.82143519953945,265.30731201171875,1046765
2018-12-27,266.72605478802865,268.9771583935449,264.09662478493095,265.5343017578125,1909016
2018-12-28,267.06659275416894,270.5094235362983,267.06659275416894,268.4285888671875,1181452
2018-12-31,268.99605486079145,272.7037424462452,266.70713703749095,267.36920166015625,1597079
2019-01-01,267.8610486095234,269.6203042537954,266.4612121929625,266.83953857421875,789966
2019-01-02,267.4448932558761,268.25831988845425,263.71829836901526,265.1559753417969,1732725
2019-01-03,265.401894181733,266.9909070772124,261.4672155355526,262.7346496582031,1026926
2019-01-04,263.32103340752377,266.6503946764393,262.753530728849,264.2479553222656,1968379
2019-01-07,265.8369871118207,267.1043950122828,262.602213755389,264.79656982421875,528744
2019-01-08,264.79656852503336,266.72606728646514,263.6993774024038,264.75872802734375,528227
2019-01-09,264.89114385397636,265.42083228677046,261.82663950479656,263.75616455078125,637577
2019-01-10,262.9805492551566,265.2694671390067,262.9805492551566,264.5506286621094,464650
2019-01-11,264.569533610954,265.02354099055657,262.43195153938353,263.9831237792969,384295
2019-01-14,263.6615708104022,263.6993851220032,261.63748383909063,262.2049865722656,549815
2019-01-15,263.321058238305,264.45606370268376,261.8266335039664,263.07513427734375,422252
2019-01-16,262.98055770224346,265.72348305758476,262.24278586034444,262.9048767089844,539948
2019-01-17,264.07772084204925,264.07772084204925,261.0699644047925,262.223876953125,467587
2019-01-18,261.50503760325694,263.2642933390871,259.36745546648103,262.45086669921875,420233
2019-01-21,262.5265874389856,263.9642646423204,259.34856139085605,260.3133239746094,536211
2019-01-22,261.42938999202585,262.5643692260959,256.32186559633163,260.3889465332031,705851
2019-01-23,260.29437579124556,261.9968576785249,256.77583815424396,257.7406005859375,613712
2019-01-24,257.36229942891765,261.1078018477948,256.6056203703175,260.7483825683594,859721
2019-01-25,259.5377301159429,262.5643940675423,257.04072842779374,258.19464111328125,1110410
2019-01-28,257.30552906443774,259.3863635579478,248.49031701172146,250.24957275390625,1259381
2019-01-29,249.2470216263786,253.86269848298647,248.30116624257076,252.38720703125,903230
2019-01-30,253.86271353129337,258.36489534113696,251.97102883874106,257.3812255859375,574360
2019-01-31,256.3597069121613,259.5188257443245,254.16537683306154,255.1112060546875,947851
2019-02-01,256.5110036298152,256.88935621055134,250.45765039717207,252.7276611328125,904673
2019-02-04,251.46025339199463,252.97358515384136,247.80931334732546,248.69839477539062,949497
2019-02-05,248.6983948350051,251.3278248115005,242.56938679509992,244.29080200195312,1441626
2019-02-06,234.5676036194108,239.41027053830854,221.83662051478515,224.88221740722656,12370509
2019-02-07,224.730871257176,228.0412990937648,222.8013726776856,226.28204345703125,3961993
2019-02-08,225.71455140760867,228.8925769450003,223.57696929072586,224.82546997070312,2235055
2019-02-11,224.35255930790774,226.14965555435208,219.43421130752972,221.3448028564453,2509001
2019-02-12,220.56919143986968,221.7798515062036,214.30774221379468,215.27249145507812,1900776
2019-02-14,213.26735229504956,215.44277497385156,209.78666815280778,214.36451721191406,1058321
2019-02-15,213.83485568474933,213.83485568474933,208.12200119348907,210.0325927734375,1294378
2019-02-18,210.35416979387685,212.6052603617731,208.46249847813857,209.91908264160156,1378971
2019-02-19,210.56225367024177,216.65344762717908,210.35417021789905,214.15643310546875,1609032
2019-02-20,215.48059942475427,216.4075082230688,212.75658139677128,213.77809143066406,619427
2019-02-21,215.4427738790022,216.5966995355764,213.32409886294317,214.0807647705078,766380
2019-02-22,213.19168265361495,215.27251716639944,211.110835047233,213.6835174560547,947576
2019-02-25,214.8185261335403,215.70760760371235,212.64310343935952,214.34561157226562,1289096
2019-02-26,213.0025095514657,214.30775784998804,210.35415936584258,211.12974548339844,1886464
2019-02-27,211.86753139115362,213.57003963750168,208.23551118022473,210.33526611328125,1360214
2019-02-28,210.92165939086308,212.4539113592262,209.84340170139433,210.486572265625,1957197
2019-03-01,211.84859272138766,215.04552546780258,211.48917347216957,213.58892822265625,2395206
2019-03-05,214.13751751794535,220.38004741129805,213.8159387549971,219.1504669189453,5662845
2019-03-06,222.46087867024733,222.46087867024733,217.73170688559233,218.29920959472656,3030993
2019-03-07,217.54253489578502,221.28806332513847,215.27252401428495,219.62338256835938,5244051
2019-03-08,223.1986202585802,223.97420631632502,216.78583527746494,218.63967895507812,4389861
2019-03-11,219.47204088615044,223.21755612159822,219.4342134828175,222.66896057128906,3445160
2019-03-12,224.88221774417036,225.10923453250524,220.19086042731416,220.79620361328125,2278288
2019-03-13,220.56922174937904,222.87704690970648,218.0532869468366,218.904541015625,1751798
2019-03-14,219.43418525885463,220.94751688228084,215.29141080647454,218.63967895507812,1913495
2019-03-15,219.43421174466692,222.61221115616718,218.16677769869347,221.60963439941406,1640109
2019-03-18,221.70422689512577,226.2253152473269,219.88822345477075,223.1229705810547,2437513
2019-03-19,225.8280457896519,225.8280457896519,222.17713191072352,223.91748046875,1435903
2019-03-20,224.31471991105613,224.8254749618756,220.70162024577397,221.43939208984375,807525
2019-03-22,221.6852812940348,222.4608674177143,217.59926723238655,219.86927795410156,1304217
2019-03-25,219.69902674968768,220.0016983261676,215.93459157140725,217.42901611328125,1140546
2019-03-26,218.48836350848256,221.32586383988865,216.59669225634616,220.55027770996094,1302940
2019-03-27,221.07995146803418,221.32584920509268,218.29918587668504,220.7583465576172,2212621
2019-03-28,220.94754572080728,222.99056593820484,218.75320279619285,222.17713928222656,1364619
2019-04-01,224.7119770043664,226.6225685400792,220.41787938444864,220.98538208007812,1532678
2019-04-02,220.62596310795223,226.54688782954224,220.62596310795223,225.27947998046875,1778668
2019-04-03,226.9252492482032,228.476421599398,222.74464676210073,223.5769805908203,2171914
2019-04-04,223.27429631040312,230.02758089499724,222.53655067449105,228.81689453125,2625058
2019-04-05,230.4058961526811,231.54090147023297,227.49272805832132,229.63031005859375,2131827
2019-04-08,230.2167135049118,232.2975739876805,227.75755284301025,231.52198791503906,1872232
2019-04-09,231.52199634139563,231.63549163670467,228.5142138925473,230.2545623779297,929651
2019-04-10,228.9493340242794,232.54350041582416,227.24682588495963,231.27609252929688,1439614
2019-04-11,230.7842367569146,232.24084708108495,228.41966402223719,229.15740966796875,798433
2019-04-12,228.19264768927547,231.16258980702435,227.39815439129657,229.80056762695312,973081
2019-04-15,229.85732200513195,232.86510470715695,228.66556892968634,231.06800842285156,748147
2019-04-16,231.31391930553582,234.3405828044365,230.78423093411337,231.635498046875,851343
2019-04-18,231.6355060836476,231.6355060836476,223.48238484567574,226.13072204589844,1633790
2019-04-22,225.86589466222478,225.86589466222478,220.96645373949403,222.32847595214844,970600
2019-04-23,222.08254545275102,223.10405553532098,219.85037518182762,221.00428771972656,1418051
2019-04-24,221.28805126567656,222.04470406014434,217.8451946331068,220.47462463378906,1475180
2019-04-25,220.1908439173209,220.60701077967033,215.9156669081701,216.48316955566406,1919422
2019-04-26,217.16419210279267,220.26653658195283,216.59668942520986,219.5855255126953,1153661
2019-04-30,220.56922021340694,220.7962108219583,213.51326375979508,218.35595703125,1086609
2019-05-02,217.16418682521964,221.4393770507393,215.6697622709963,218.11001586914062,867231
2019-05-03,217.5425149126382,218.60185235378916,208.95432008722037,210.54331970214844,4454656
2019-05-06,212.62417472571843,230.93557036258036,212.52958657979016,228.96823120117188,14780991
2019-05-07,228.51422768473338,231.2760863689779,223.99313944263267,225.48756408691406,3454573
2019-05-08,224.7498260900165,227.37925621982967,221.04213817857965,223.31214904785156,1312881
2019-05-09,222.83921813964844,225.6767315181528,221.34479355406302,222.83921813964844,852298
2019-05-10,223.12298691648277,224.97683098993548,222.83924863340192,223.2175750732422,756493
2019-05-13,223.57698904506287,224.18233228418393,215.70761859167763,217.5047149658203,1351806
2019-05-14,217.54251008306684,220.0016969865977,213.9483309618401,217.20201110839844,1178322
2019-05-15,218.90454160158444,218.90454160158444,210.08934237872873,210.65684509277344,1084669
2019-05-16,212.62414708874928,230.00861853538473,209.23805164652853,228.36288452148438,20751332
2019-05-17,228.5142160822015,236.15658186881532,227.190060645586,234.47300720214844,7738160
2019-05-20,236.87541831294735,240.24259380481763,229.64921946608303,230.57614135742188,4511021
2019-05-21,231.31392349079803,234.20818458960565,226.67931382695758,233.20558166503906,3720805
2019-05-22,233.2434321372264,238.33202322072952,233.22452498206528,235.51344299316406,2446288
2019-05-23,236.6484398363959,238.99410541508146,231.1625891959516,233.18667602539062,1369035
2019-05-24,233.43258720214547,238.2752538920367,233.43258720214547,237.7266845703125,1133624
2019-05-27,237.97263457808555,241.1506341232225,237.17811505140432,240.56422424316406,1587072
2019-05-28,240.9992816168036,245.4068744575517,238.7671113715283,244.17730712890625,1655916
2019-05-29,245.0852966957609,245.87981617056977,239.31570786222872,240.29937744140625,1009375
2019-05-30,240.6209811489929,242.34239654433222,237.97264372834852,239.5048828125,1402210
2019-05-31,240.12910103642625,241.5667779595258,237.8023427068394,238.76710510253906,2039654
2019-06-03,239.10761781633494,243.17469847512058,237.97261247267534,238.59686279296875,1236841
2019-06-04,239.48595908493192,244.02598074171485,236.57276455532545,238.7103729248047,2425286
2019-06-06,236.9700446752947,239.2778961991169,234.28386670995314,236.08096313476562,1322276
2019-06-07,234.9459322774732,238.55903189388044,234.9459322774732,237.80235290527344,759505
2019-06-10,238.0861330693437,239.9967247279561,235.6836934888566,237.310546875,745141
2019-06-11,236.83760061460634,242.51260098961538,235.43773803369606,240.92361450195312,897751
2019-06-12,240.6020402345986,240.92364519093744,236.4592781726418,237.32945251464844,1099793
2019-06-13,237.5564198572103,239.97776634077007,236.080928619962,238.8616943359375,873709
2019-06-14,237.59425354003906,241.358688701983,236.55383636740004,237.59425354003906,970693
2019-06-17,237.2915912116758,238.8049491464806,234.56759930341494,235.3431854248047,1085016
2019-06-18,235.3242666903443,237.04570817463642,233.84877534631732,235.13511657714844,640509
2019-06-19,235.74044484067093,236.64845970120558,228.83584998074275,230.7842559814453,1543520
2019-06-20,228.91146952457655,234.6621508603845,226.09288959690983,233.09207153320312,1675762
2019-06-21,231.57874111522014,232.4489153471127,226.66039348625446,229.8572998046875,1537301
2019-06-24,229.8762421226479,233.05424141194106,229.46007523729767,231.3139190673828,1333290
2019-06-25,229.8572839117573,235.2296385320596,227.53052579890203,232.9785614013672,2151557
2019-06-26,232.67592170850148,243.78005166694248,231.57875681442866,237.74560546875,2743015
2019-06-27,238.9184265104373,244.0259502358222,237.2348257545438,242.62611389160156,1380121
2019-06-28,250.56311319623097,250.56311319623097,244.09121466410826,248.02976989746094,2862464
2019-07-01,246.9610339244763,248.04957462302082,244.22979133512047,245.29852294921875,904807
2019-07-02,245.41727440170814,247.93080863772158,244.76415003809262,245.971435546875,747761
2019-07-03,246.52560773196456,249.3756225180239,242.70579719920636,243.93289184570312,1472880
2019-07-04,244.78390652036677,246.60475283668148,244.13078222399446,244.6057891845703,761034
2019-07-05,245.37767779496087,245.7141308109154,237.93598368556263,239.7172393798828,643578
2019-07-08,238.29222940474884,239.71722290287616,233.02761681745466,234.33389282226562,870969
2019-07-09,234.33390519086842,236.7880668779459,232.80992100455882,235.04640197753906,1139528
2019-07-10,236.78808553569996,237.87662618422598,233.1464197844079,235.38287353515625,1396792
2019-07-11,235.521403586282,237.50055823753587,234.33389983614845,236.05575561523438,447859
2019-07-12,235.89743898681655,238.74742596728953,234.53179054368354,237.44117736816406,917923
2019-07-15,238.60893849183452,241.45892593930122,234.03704024730052,235.36309814453125,3262179
2019-07-16,236.1349459210098,240.6672529824233,233.18596811913872,240.13287353515625,1078353
2019-07-17,240.66725874154977,243.7745448851233,239.30163756499604,241.63705444335938,1151191
2019-07-18,241.85478236111086,243.83393729528873,237.2432932797478,238.56935119628906,702104
2019-07-19,240.48911489200233,241.06308512122246,233.54223668212327,234.5911865234375,881159
2019-07-22,234.59117993901492,238.09431887061285,233.54223012714226,236.84744262695312,605912
2019-07-23,236.8474449257551,238.96515365230567,234.5318097654964,235.8380584716797,445570
2019-07-24,235.83806972707248,236.6891205544887,234.35370359878294,234.86830139160156,508483
2019-07-25,234.53180224873364,238.01515941870147,234.53180224873364,236.74847412109375,882951
2019-07-26,235.9370136010674,237.69848756470856,234.49223835957596,235.34326171875,636277
2019-07-29,236.70891701178914,236.70891701178914,227.36720858957077,229.0495147705078,1953926
2019-07-30,227.22866056587563,229.18804724663025,223.64636760800965,226.49636840820312,3961165
2019-07-31,224.71511758260718,230.49431453569144,222.69637210978684,228.29742431640625,1244446
2019-08-01,228.37659497271312,230.37554508739794,222.91408298007275,224.29949951171875,995057
2019-08-02,222.1224130867658,225.5859611834624,218.8963547847293,222.73594665527344,3276373
2019-08-05,222.73596102639516,224.10159592993656,216.71928765508716,221.56825256347656,1119850
2019-08-06,219.68803581117908,226.77348189573834,219.68803581117908,225.66514587402344,871779
2019-08-07,226.79325009520622,226.79325009520622,221.70678192823124,223.4286651611328,1160821
2019-08-08,222.6567927070172,224.91305549078425,218.93595920102942,223.44847106933594,1225562
2019-08-09,230.69223598154502,238.29226641500802,223.4088906068449,224.57659912109375,7578858
2019-08-13,225.62552975925962,225.6849022056905,214.93800992878687,218.95571899414062,2879312
2019-08-14,217.70884638854386,226.67449692325962,217.70884638854386,222.7557373046875,2662570
2019-08-16,220.08385807180693,221.64740561242974,217.1942664839268,220.04428100585938,1422630
2019-08-19,219.29219822375032,223.3890753515928,216.28386167344726,221.66720581054688,1596360
2019-08-20,221.80576596045918,223.78493456032237,219.1536775707814,223.1120147705078,1068611
2019-08-21,222.45886409088882,222.77553541321794,219.2130241346951,220.22239685058594,2494916
2019-08-22,220.22241458029814,220.22241458029814,215.49219454389836,217.92657470703125,1080916
2019-08-23,216.73905293388256,220.47969524793191,214.93801561529082,218.9953155517578,1273888
2019-08-26,219.29221666947456,222.45888915182505,216.83804104340376,220.53909301757812,1492016
2019-08-27,220.53908910238079,222.85472439302296,218.75783329407574,221.5484619140625,1324587
2019-08-28,222.06304973305396,224.8338967143673,221.11304935921822,223.64639282226562,1490641
2019-08-29,222.8547058436817,227.76304290091204,220.6182385772876,225.78387451171875,2133667
2019-08-30,227.60472373997695,233.12660846692557,224.12137999884513,231.28598022460938,1811637
2019-09-03,229.10889105202324,230.77140187765764,227.70367911337664,229.50473022460938,1153722
2019-09-04,228.3964013670018,232.01828538668582,225.07139331121363,227.01097106933594,1771566
2019-09-05,226.81303604515296,231.54325561875262,226.71407283383357,229.14845275878906,620722
2019-09-06,228.79219344242009,230.67241217227004,227.60468976024657,229.36614990234375,400279
2019-09-09,228.9901456281704,234.53181183638716,228.4953432387582,232.67140197753906,1382435
2019-09-11,233.14640744733822,235.3432703132222,232.05786685641294,234.31410217285156,630049
2019-09-12,234.13597722392515,235.12555456566474,231.36514422798226,232.29534912109375,2329567
2019-09-13,233.46308508352476,236.5307805049429,231.7213926925835,236.11517333984375,671299
2019-09-16,233.68078374168434,237.77764716529427,231.84015560401127,232.86932373046875,935367
2019-09-17,232.8693167038801,233.2057697084738,227.50575441896376,228.19845581054688,691356
2019-09-18,228.27762132167481,231.7609647242761,227.30782568408472,230.316162109375,537145
2019-09-19,229.18806377818586,230.67244358303137,224.22034027791813,224.91305541992188,912795
2019-09-20,225.62554726831186,236.21410471027835,222.08283119870845,233.72035217285156,1641527
2019-09-23,237.48079050991913,242.52766804533766,234.25473207283943,239.87557983398438,1445504
2019-09-24,247.15894396529072,247.15894396529072,238.88600780727032,240.330810546875,2156946
2019-09-25,239.00476043923976,240.05371033160452,234.35370812297302,237.955810546875,1041428
2019-09-26,238.68808077212185,241.55787716105178,237.5797584639486,240.03392028808594,1008309
2019-09-27,238.84641573288707,241.87454778517056,235.52142141981844,236.11517333984375,849957
2019-09-30,235.6005576256232,236.11515536975952,231.56303939704475,233.1265869140625,1265095
2019-10-01,233.99745086406298,237.3620635403265,228.04014963017352,230.4943389892578,1109135
2019-10-03,230.41512636641176,233.3838857400073,227.9015785899977,231.66200256347656,709067
2019-10-04,230.41513727513788,231.16722484528563,227.60471342830817,228.33700561523438,1467219
2019-10-07,228.33701563454676,229.52451949231298,224.8734672824712,228.4161834716797,900847
2019-10-09,229.10889474326976,233.9380642304882,228.00055874139915,232.8891143798828,513838
2019-10-10,232.94847386035718,234.17556839720078,228.198458774205,229.12867736816406,701111
2019-10-11,230.35577476644698,235.7193238073888,229.267234130689,234.98704528808594,1133826
2019-10-14,235.00683608073598,236.90683684573585,232.61204658925718,233.54225158691406,594988
2019-10-15,235.00682367258244,235.00682367258244,230.65266119069878,232.82974243164062,595723
2019-10-16,234.09640744789596,237.10475790653499,231.64224555689708,235.26412963867188,942178
2019-10-17,235.91724240592671,240.60788522461132,234.21514081500163,239.93495178222656,1001494
2019-10-18,240.27138076207106,244.98183219206183,239.93492777377224,242.8443145751953,1821022
2019-10-22,242.64642575191417,248.0297839925335,242.64642575191417,243.81414794921875,878311
2019-10-23,245.3380930091536,245.67454603330947,240.35058790286408,241.5776824951172,469299
2019-10-24,242.25059357955956,245.81310512909994,240.40996535214256,242.4287109375,1373487
2019-10-25,243.8339385031594,244.17041895427852,240.07352767051952,241.32040405273438,555505
2019-10-27,241.41935052659377,244.15059292726352,241.39954144351609,243.31935119628906,111665
2019-10-29,243.33912190134947,249.65268463032567,241.73601096405642,246.46621704101562,1974258
2019-10-30,250.56314568038408,252.02773025575158,240.31102625435355,243.16104125976562,3934258
2019-10-31,244.32875522616516,250.22668409878466,240.80580681235352,248.10894775390625,3659578
2019-11-01,249.77145055479892,255.25377205179583,248.6037557489032,251.25584411621094,2742824
2019-11-04,252.81938506709238,254.8777214345666,251.0183201967108,251.69125366210938,1577659
2019-11-05,252.93810212246115,256.10476046291853,248.8609932061727,252.08705139160156,2154163
2019-11-06,252.14643532490638,257.6089472395755,251.3547570045001,254.73915100097656,1324542
2019-11-07,254.9172583777646,256.4214334284751,254.16517085240935,254.83810424804688,740408
2019-11-08,255.31310548822762,255.68914924246056,248.56412699285892,249.98912048339844,634406
2019-11-11,248.9402196891352,252.36417751513122,248.58395754723261,251.03814697265625,1021904
2019-11-13,251.7110195819925,254.06624546569353,249.11830390094008,250.28602600097656,1625677
2019-11-14,248.70266924512356,251.75061023433193,247.23808489905736,249.9297637939453,739428
2019-11-15,250.4641240049581,253.70996377649553,250.16726178119634,252.99746704101562,1040174
2019-11-18,254.16518943873822,257.0547948576644,254.12562607021255,255.5308380126953,931375
2019-11-19,256.89645336571215,263.50687837114555,254.3631101101172,255.49124145507812,2343679
2019-11-20,255.70896566523408,258.9943966909221,253.8881190922589,256.4808349609375,1298604
2019-11-21,256.8964786157349,257.43085811579004,252.16624465518706,252.87876892089844,1005483
2019-11-22,252.91830833520606,255.27353424950624,250.62248226946923,253.55165100097656,1033608
2019-11-25,253.55163086210575,262.63602598408073,252.54224449351344,261.90374755859375,2296512
2019-11-26,261.8839512951862,263.8037609178588,257.41104420028404,259.6277160644531,1146511
2019-11-27,259.6673030485508,263.5860767819018,259.1329235668004,261.1714782714844,1570093
2019-11-28,260.4589682316095,266.2381516172688,259.68709897417085,265.6839904785156,957474
2019-11-29,265.684011085409,269.89964720062943,264.3777348735247,267.94024658203125,1940039
2019-12-02,267.9402711669138,271.1267393519485,262.16108680274186,263.98193359375,1216979
2019-12-03,264.7735594280257,264.8131227950166,260.10269845763344,261.4881286621094,396611
2019-12-04,261.64647236324106,264.19959733990714,259.54854530858313,263.447509765625,344467
2019-12-05,264.0214452333237,267.1881033833455,262.0818541021711,263.5860290527344,1336762
2019-12-06,264.02147339980803,265.01105075245414,260.3995896028551,262.77459716796875,944360
2019-12-09,263.6256277590223,265.16939367800165,259.9245897278293,262.2798156738281,786407
2019-12-10,262.2402447908838,262.7350335182723,256.8964772178663,257.7475280761719,771966
2019-12-11,257.2923141514877,259.41002315005863,254.38292671484726,257.11419677734375,986104
2019-12-12,257.3318777383249,261.70584927448186,257.3318777383249,261.0923156738281,1609522
2019-12-13,262.3985381102029,267.96001292137277,260.4589468850762,263.8829040527344,2593840
2019-12-16,263.2496123578075,266.7923147337282,258.2620798766937,258.8756408691406,585580
2019-12-17,260.043354709365,262.45795329271976,258.6579517504374,259.1527404785156,1010732
2019-12-18,260.06311872652117,261.72560198913845,251.6912203744231,254.97662353515625,1985503
2019-12-19,253.72980328451698,258.46003744825526,252.48292686364672,256.9954528808594,1182917
2019-12-20,258.123561216771,264.0214897286493,256.7183492337862,257.1933288574219,2328812
2019-12-23,258.08396226626604,266.53501558107246,258.08396226626604,264.3777160644531,4199998
2019-12-24,266.27770454505117,271.0276917145328,263.62558933263193,270.2756042480469,5305281
2019-12-26,271.40376398452673,273.9173254970078,263.2693823605686,264.65478515625,4833701
2019-12-27,266.00061594396146,267.9797979572223,261.25062842935,264.2193603515625,1928249
2019-12-30,265.52565513617975,265.90169892332085,261.3891734776278,263.447509765625,1534085
2019-12-31,264.0215054209317,268.4152589898948,262.7746290378684,264.06109619140625,2100498
2020-01-01,264.6350279480411,266.55483775465694,262.5371007794614,265.7433776855469,1178528
2020-01-02,266.0798014699248,267.26730521603474,264.2391734032997,266.3172912597656,1313122
2020-01-03,266.3173003369188,267.86106621886057,263.64543051632984,265.228759765625,942498
2020-01-06,263.62564650614905,263.62564650614905,259.6871183912436,261.1517028808594,930774
2020-01-07,261.64645782751705,266.39647281237944,261.64645782751705,263.744384765625,1385231
2020-01-08,261.2902028579664,265.12979475547036,260.55792438698694,263.2496032714844,894945
2020-01-09,264.37771185533757,268.81105572013786,264.0808496047034,267.4454345703125,1628767
2020-01-10,267.22777365625467,274.70903247515884,267.22777365625467,273.0069580078125,3533748
2020-01-13,275.1048386735152,279.3402561341787,273.93711655007917,278.92462158203125,2542703
2020-01-14,280.250706846218,290.52260756817674,279.85488133774624,287.61322021484375,6840851
2020-01-15,287.8110715212304,291.90796172874326,285.13917469091774,288.958984375,2491124
2020-01-16,289.7507038056299,293.1152887239632,286.5642362351743,292.08612060546875,2409055
2020-01-17,292.0861229823886,296.9944738176333,290.5819478588591,295.8267517089844,2840341
2020-01-20,295.60905925454097,297.5486507114849,291.8684303297727,295.4111328125,2002051
2020-01-21,293.3132438559628,299.1319910421115,293.3132438559628,296.65802001953125,1812900
2020-01-22,296.9746828224138,300.6361576384591,295.3319810155114,296.22259521484375,1729441
2020-01-23,296.2225620974995,301.2100942109093,296.0840355212244,300.2204895019531,1295519
2020-01-24,300.7351280135917,301.62574223410826,298.2809660873525,299.01324462890625,870942
2020-01-27,298.45903520595294,300.4381897753739,295.2923495370467,296.7371520996094,1153032
2020-01-28,296.0840697202122,299.8049170034368,295.668435146474,296.4601135253906,926902
2020-01-29,297.27157247213296,305.2476190911121,297.27157247213296,299.8642883300781,2012001
2020-01-30,301.09131760525844,302.29863040116646,298.459038709217,300.0027770996094,1189760
2020-01-31,301.22989070955424,301.744488471336,296.084050084006,297.3507080078125,1175672
2020-02-03,293.19443390631625,298.06319378730643,284.7631627858036,293.5309143066406,4234671
2020-02-04,296.8757240586778,297.706965740386,288.56319764778124,291.274658203125,1588669
2020-02-05,292.91738169536677,301.62573421291347,289.3746791945052,297.0538635253906,4321049
2020-02-06,298.4194513442257,299.44861941569167,295.51006446956654,298.1225891113281,1859775
2020-02-07,298.81530864033397,304.6538646947329,297.588241415619,302.3382568359375,3521287
2020-02-10,303.52575620191806,303.52575620191806,298.71636839982125,301.40802001953125,800027
2020-02-11,302.8725997670163,308.67159227668196,299.2903066251254,300.141357421875,2560405
2020-02-12,300.85383500781387,302.39760083353275,299.09236107576504,299.50799560546875,827721
2020-02-13,299.270540963956,302.1205557623741,298.0632279974176,301.1309509277344,965256
2020-02-14,299.6663380065373,304.7923968605514,299.6663380065373,303.4663391113281,2665525
2020-02-17,304.396574680514,305.9799039248142,296.6778000920631,297.9444580078125,1409092
2020-02-18,298.8548977145173,299.64657607956826,294.1444730889882,296.7174072265625,1300640
2020-02-19,298.85492341294196,304.00076473212425,296.20283491003806,302.7143249511719,1684494
2020-02-20,301.22988930736113,308.15698558625274,300.87362721252026,302.2788391113281,1730763
2020-02-24,301.2298830245403,304.7132127749815,295.9059251857949,296.7965393066406,919817
2020-02-25,297.70698463403477,298.57781713636325,293.05593246107765,296.7174072265625,6301860
2020-02-26,297.2715379737843,297.6673634165916,291.3340193394124,294.48089599609375,5849675
2020-02-27,296.0840967834338,296.2820232458681,287.07885371954524,289.67156982421875,4454883
2020-02-28,282.42777545978925,285.17882700554867,277.5194243033374,282.6257019042969,4143967
2020-03-02,284.6840169604927,288.5038271828341,276.15378237917366,279.3006591796875,5400441
2020-03-03,280.60691627435796,290.14650924537403,277.91523756605034,286.7621154785156,5443680
2020-03-04,282.80467481411847,304.98016344940174,273.2880675787775,282.7597961425781,4791542
2020-03-05,284.6002600510335,289.9870157617786,279.5726159079801,282.7597961425781,2529553
2020-03-06,278.27080180271173,280.1112655044978,267.81149705341255,278.6299133300781,1061298
2020-03-09,273.82673188406983,278.3156947018415,263.9510136849722,267.7666320800781,1379643
2020-03-11,267.991063808953,273.243155463794,261.2576199946577,265.2528076171875,1442173
2020-03-12,259.91095054706074,259.91095054706074,231.89981123856543,238.67816162109375,1756140
2020-03-13,224.44811143379735,254.43437364166243,210.9812247477695,247.6560516357422,2398875
2020-03-16,224.44815762156375,238.36394339410072,223.5503649910775,226.28863525390625,1466395
2020-03-17,225.4356973883461,226.8272647740804,210.9812329690724,214.03372192382812,980012
2020-03-18,218.25336036083414,218.25336036083414,200.20772578566445,203.57444763183594,1057890
2020-03-19,202.00331617044483,208.28786378463647,188.80576892048776,200.29751586914062,1572998
2020-03-20,201.10552090920658,211.87903095791407,198.54680679294796,205.54959106445312,1558881
2020-03-23,193.92321141634181,207.3901010980322,176.8651511528673,180.18698120117188,1115170
2020-03-24,190.37691601717341,196.16767531759564,176.86513518336997,180.2318572998047,2011624
2020-03-25,181.08476184188243,191.94805761130533,180.00741347861407,189.38934326171875,984315
2020-03-26,190.9155953030825,210.3977061307284,190.9155953030825,202.09312438964844,1635008
2020-03-27,215.02131639238456,218.07380559216804,199.3099467186195,201.55442810058594,1212347
2020-03-30,201.77888545220208,202.67667804598275,195.71878544418269,200.20774841308594,824243
2020-03-31,206.49229760501518,206.49229760501518,199.75885311789511,200.7015380859375,806336
2020-04-01,204.29270893319566,211.25060158535325,200.20774986208335,201.68910217285156,1783621
2020-04-03,205.5945158565382,205.95362743511146,194.10276725222224,196.21258544921875,1474933
2020-04-07,200.07308825237914,210.4425819195372,199.4895148374093,206.312744140625,2137208
2020-04-08,203.7989085226943,215.38042691940325,202.49711206713044,205.23538208007812,1510164
2020-04-09,213.04617768031918,214.9764262087278,207.12074129204365,209.27545166015625,1426461
2020-04-13,213.67461746151437,221.8894134514576,207.8838585096506,212.77682495117188,2327511
2020-04-15,217.26579894872316,226.2437245251167,214.5724212758051,215.51510620117188,3193041
2020-04-16,216.72711893786297,232.97716978606144,215.4702148310395,228.39842224121094,6163956
2020-04-17,241.0572824252872,241.0572824252872,224.4481214388149,228.03929138183594,2680841
2020-04-20,233.4260594043759,233.87495567246125,225.79482284692514,230.23890686035156,2463895
2020-04-21,229.79001389125597,229.79001389125597,221.08142838604712,223.9094696044922,1465601
2020-04-22,222.65255229661574,225.43571468001429,218.1635895487001,224.3583526611328,1944353
2020-04-23,227.1415245235285,237.91503556812273,226.73752059920173,236.52346801757812,2130844
2020-04-24,236.47853792149454,245.09735136113716,229.25131928945746,242.4488525390625,4175817
2020-04-27,246.84804116076015,253.94059592326275,245.99512738744525,249.8107452392578,2772347
2020-04-28,256.22997437399846,266.28526134725945,253.35705480910445,255.9606475830078,4468934
2020-04-29,257.6664780261651,259.68651139048177,253.6264112975319,255.915771484375,1552564
2020-04-30,260.35982835455314,260.35982835455314,252.27969575044634,253.8059539794922,1981286
2020-05-04,250.93297249998236,259.192673430739,244.37909902555216,252.36944580078125,2381548
2020-05-05,258.02554054641115,258.5642214875337,248.10494509107883,249.8107452392578,1011351
2020-05-06,252.2796995234195,264.84879487334075,252.2796995234195,260.8536071777344,5394744
2020-05-07,263.05320652757206,268.43996161004793,255.87086641760425,256.81353759765625,2665427
2020-05-08,259.4620559856237,261.61675270096896,254.97309307929805,259.327392578125,2452864
2020-05-11,259.46201476048617,263.5020807342654,258.5642223218686,259.19268798828125,870493
2020-05-12,260.13539479573564,262.1554280598958,251.20234784595667,255.87088012695312,1368037
2020-05-13,267.9910711013247,274.7245150988454,261.5718599700457,269.1133117675781,4185344
2020-05-14,268.12575456123807,268.12575456123807,261.033198499582,262.7839050292969,1151572
2020-05-15,265.65681154537,270.05598958518834,258.8335826476647,263.2327880859375,1951693
2020-05-18,263.9510137390388,263.9510137390388,246.084947200339,248.10498046875,1652539
2020-05-19,252.27969612831163,257.3971244112921,249.81076671780323,251.69613647460938,1422466
2020-05-20,252.77349029581637,260.98831433315655,252.50416348081893,259.327392578125,1483842
2020-05-21,260.3598543727846,260.539423852424,253.6264098631436,254.43441772460938,1035194
2020-05-22,254.97306797868114,268.3052919776794,253.6263792393571,264.8487854003906,2854348
2020-05-26,265.88127478824396,271.04358227276407,265.88127478824396,268.8888854980469,1285128
2020-05-27,269.6968899572418,279.79705664720683,268.75421869222737,278.3157043457031,2281434
2020-05-28,280.0663839457956,283.8820021063735,270.54977787736965,273.0187072753906,2471118
2020-05-29,272.48004103665556,277.3730214314567,270.23555964426134,275.1285400390625,1643251
2020-06-01,276.52011567888127,286.2162646199275,275.6223230955083,276.92413330078125,2003651
2020-06-02,279.97663298551817,287.15897391880856,278.62994406052616,283.2535705566406,1847006
2020-06-03,287.0242779711197,287.0242779711197,279.5277049920609,281.7721862792969,2210673
2020-06-04,283.16378581528323,285.4082673569365,277.8668148566728,283.2535705566406,1154359
2020-06-05,284.1962432200684,289.7176897580205,283.38823534085435,285.8122863769531,1564617
2020-06-08,289.0891732274707,291.0643276064179,282.3557297516756,283.29840087890625,1786938
2020-06-09,286.44075311723384,287.20388240029547,279.2135327623509,280.69488525390625,1099217
2020-06-10,282.62505769782234,285.6775740048763,276.87919138778557,279.662353515625,1399424
2020-06-11,280.82951380675246,282.49043559340447,273.4227248703055,275.1734313964844,1839745
2020-06-12,263.05320102229723,281.59261056346145,263.05320102229723,279.8868103027344,1981677
2020-06-15,281.8619966454896,282.62509843379047,274.90410402224603,275.6672058105469,949540
2020-06-16,281.906869660485,282.6250927639322,270.5946776912331,274.36541748046875,1308541
2020-06-17,273.82671058082883,283.6126432825516,273.28802960491373,281.45794677734375,1591833
2020-06-18,282.8046488506956,286.8447152628484,281.4579600466447,282.08642578125,1986028
2020-06-19,284.6002467238154,284.64512539325415,280.1112838417363,282.1313171386719,1284180
2020-06-22,287.43437423827373,293.9468861015833,284.78284587260947,289.1090087890625,1736703
2020-06-23,291.2023184355737,293.9468883847774,289.43464230883353,290.08587646484375,1499330
2020-06-24,293.90032047237264,296.9705213516808,290.22542048243884,291.43487548828125,1719377
2020-06-25,291.15581207741525,296.0401960166471,288.31820056305367,295.2028503417969,1167321
2020-06-26,297.2496466080081,300.41286095604994,292.2722211819652,293.2491149902344,1167005
2020-06-29,293.06305153886643,294.5050964672963,287.52740476399,290.3184814453125,618194
2020-06-30,292.318713942954,293.5281688920893,287.4808373618244,288.45770263671875,486102
2020-07-01,292.1326504627419,292.1326504627419,285.9922769720085,286.8761291503906,815736
2020-07-02,287.8995252561809,290.7371080740655,286.55049371779893,287.75994873046875,833257
2020-07-03,289.8067932128906,291.43492126464844,285.5736716352403,287.0157165527344,656749
2020-07-06,290.2719353590611,291.80702164644305,287.2947759471778,288.31817626953125,986681
2020-07-07,290.5045448866855,298.64518465532757,287.9925646868709,289.99285888671875,4898897
2020-07-08,297.6682746723473,297.6682746723473,289.57414270019535,290.7370910644531,4951610
2020-07-09,291.20230709308595,293.99338351889827,284.87587855149707,285.71319580078125,3271697
2020-07-10,285.62018491248045,285.62018491248045,278.17731364440283,278.73553466796875,2997155
2020-07-13,280.6892477914793,282.36388219386555,276.8747712168262,277.5725402832031,1804382
2020-07-14,277.24689724636886,285.6201256866954,274.4558210995933,284.3641357421875,2451165
2020-07-15,285.34105935004953,286.36443133067644,274.54889143904904,275.5257568359375,1745096
2020-07-16,274.4558392410331,279.06112654453864,269.1062762727757,277.66558837890625,2216406
2020-07-17,277.71209081233644,282.13129493749085,277.4329945402978,279.01458740234375,1219723
2020-07-20,281.89872975931263,285.71320669854197,279.7589157748248,284.9689025878906,2269605
2020-07-21,287.9460150548669,287.9460150548669,279.89841805085524,280.5496520996094,1351562
2020-07-22,280.9683404725182,285.1549548173074,280.503161100875,282.6429748535156,1249661
2020-07-23,282.8290864651139,287.38783908823007,280.73577908173723,285.8527526855469,1664939
2020-07-24,284.6897596342141,288.73682562119853,279.8053765032349,280.5496520996094,1419262
2020-07-27,280.0379809332139,283.9454990008281,276.40958752316953,277.5260009765625,1469327
2020-07-28,277.4330096945182,281.43354123783945,277.4330096945182,278.7820129394531,1371738
2020-07-29,279.8984410713091,292.8769288513883,278.7819991926308,290.6440734863281,3854844
2020-07-30,293.0629895436074,293.0629895436074,286.3178889906196,288.45770263671875,1958379
2020-07-31,289.5741546421557,289.5741546421557,282.5034226174143,284.4106750488281,1441401
2020-08-03,280.03799630614935,280.7357653999354,272.8277156703598,277.2934265136719,1809285
2020-08-04,277.2934372897234,281.85221826012474,275.38621304950925,276.0374755859375,926366
2020-08-05,277.1539044663657,279.8054329508436,274.92104883449474,276.27008056640625,912129
2020-08-06,277.2469263187247,278.1307785481364,273.89762891292486,275.5257568359375,1164575
2020-08-07,276.36305719082526,283.2942412818985,275.52573998864835,279.8984375,1758142
2020-08-10,282.17784777742213,283.7594692910467,278.2703573668276,280.1775817871094,1366528
2020-08-11,281.1544070698064,281.5265448668114,275.2000887485507,276.363037109375,1292917
2020-08-12,274.45586507331694,276.7352556486422,272.1764744979917,275.2931823730469,940734
2020-08-13,278.64245569383775,279.94495231244474,275.107103673005,275.3861999511719,1026757
2020-08-14,277.24691741426113,279.57281437243444,272.78120661148705,274.4558410644531,1093691
2020-08-17,277.71207198470717,277.85162011126573,271.19956108389323,271.7577819824219,1305171
2020-08-18,273.990668279292,276.64219655400274,272.920761331194,275.479248046875,1435608
2020-08-19,277.43303348714426,292.1326926522146,275.7583704429298,289.38812255859375,6391301
2020-08-20,292.5978569311261,299.4825067098693,292.179184093701,295.2028503417969,9029578
2020-08-21,298.9708250292072,298.9708250292072,292.3652714516022,293.388671875,2838166
2020-08-24,297.6218086268356,311.11201277634103,293.9934145685322,301.5293273925781,11679465
2020-08-25,310.7398288986331,321.81109257314904,306.27411816359523,310.60028076171875,13594386
2020-08-26,313.716997194573,315.99635920813375,307.2044856261757,311.20501708984375,4590642
2020-08-27,311.6701804749786,313.1122251769744,305.39025892809474,306.32061767578125,2475119
2020-08-28,309.3442922681262,312.9726858072479,303.8086462074622,305.06463623046875,3256438
2020-08-31,309.8094442382813,309.8094442382813,287.2482459716797,290.7370910644531,3365939
2020-09-01,291.34185547256584,294.9702491506096,277.01433548688425,288.5042724609375,4335860
2020-09-02,288.9228800645765,293.993346286241,285.8062011643012,289.8067321777344,2372724
2020-09-03,292.13265103762205,295.7610445281014,288.6438056828734,291.062744140625,2733912
2020-09-04,284.6897753733096,286.92263067817055,281.0613819538736,282.17779541015625,3028686
2020-09-07,282.363915445441,285.6201714719947,274.31631694398965,276.2235412597656,3305916
2020-09-08,279.1076524755527,279.1076524755527,267.15253568272345,269.1528015136719,4788197
2020-09-09,267.01293080788474,269.2923208424301,262.08204135197326,267.33856201171875,1956047
2020-09-10,268.8736746568199,272.9672474160425,265.1522397134729,268.6875915527344,2161794
2020-09-11,269.0598035687047,274.2697906625616,267.75727840294024,272.64166259765625,1975954
2020-09-14,274.316281136479,286.2248616936277,273.66501865926017,282.6429748535156,4541923
2020-09-15,283.06166744015746,291.10926545391607,283.06166744015746,284.7828369140625,4303122
2020-09-16,284.8293188048107,285.75967753250393,275.5722664996406,280.6892395019531,2411995
2020-09-17,279.71237168026624,281.24745804452044,274.8279879079951,277.8516540527344,1292117
2020-09-18,279.20069408482817,281.8987290474163,268.3154842795431,270.0831604003906,3220580
2020-09-21,271.3856808478367,274.4558536161146,265.24530691898264,266.73388671875,3941634
2020-09-22,267.38510471446557,270.1296744418056,254.40661691344366,259.98876953125,1912120
2020-09-23,262.82635824800093,279.8054061702169,256.8720676688065,273.1068115234375,5567590
2020-09-24,277.6190721433382,279.9449692430516,257.61635708580246,259.384033203125,7541728
2020-09-25,261.57040795070844,272.6882085406668,261.57040795070844,270.4553527832031,2954895
2020-09-28,274.6884245253793,279.7123561625409,272.1764445106504,276.6886901855469,2079581
2020-09-29,278.08423295708803,285.5736381524398,276.31655695803806,279.0611267089844,3884920
2020-09-30,280.92184643442425,280.9683530167467,275.4792418647464,278.6424560546875,2821146
2020-10-01,281.4335697804748,284.3176880748671,279.57285196374437,280.59625244140625,1583960
2020-10-05,280.59621818978525,288.9694473429747,278.3633627607275,286.5970153808594,2588837
2020-10-06,288.41123933564865,289.62069446626583,282.08481060391506,283.0616760253906,2024541
2020-10-07,284.5037029551607,284.5037029551607,277.71209523268703,279.9914855957031,1171644
2020-10-08,280.456654234097,283.75941641247147,278.87503301520763,280.7822570800781,1234252
2020-10-09,281.8521769817057,283.6198528173156,279.1076074845236,280.5496520996094,974031
2020-10-12,281.6661244308987,282.5499766406973,278.1307723762984,279.61932373046875,970637
2020-10-13,279.061127507144,287.1552318603539,278.5494131426023,286.038818359375,3491058
2020-10-14,287.48086848588093,297.1565943033864,287.48086848588093,295.9006042480469,10683534
2020-10-15,296.78448265783226,300.97109761695526,290.5976017855882,296.2727966308594,6790948
2020-10-16,293.80730354391756,298.64518075734196,292.87694472535884,297.3891906738281,2243776
2020-10-19,299.5755129724638,303.2969479162211,294.7376361886611,296.0401611328125,2749075
2020-10-20,293.1095345302966,301.0175844907516,292.8304382415527,298.78472900390625,2772343
2020-10-21,300.04067752343667,301.1105843384723,295.8540634184585,299.0638122558594,1636301
2020-10-22,299.11034960830676,303.2969641440373,295.3889144654351,301.3897399902344,2734398
2020-10-23,301.2501588977994,302.83178016649384,298.59865911248295,299.48248291015625,996980
2020-10-26,298.92430770739156,300.45942262931226,295.3889551911579,297.8544006347656,1633983
2020-10-27,297.71479195491844,302.9248064925885,295.6214848239854,300.6454162597656,2062617
2020-10-28,300.64543798561823,302.5991971274679,296.4123168385248,300.04071044921875,1256044
2020-10-29,296.7844571596085,308.36743557495106,296.3192777596718,303.3434753417969,2699810
2020-10-30,291.24880001491454,303.15740924182546,290.8301556060587,299.9011535644531,4790336
2020-11-02,297.66830601713116,301.43624775717706,289.7602563074521,291.66748046875,2854566
2020-11-03,293.5281755525807,293.71425865311363,284.36413650108557,288.5507507324219,1520147
2020-11-04,289.89977262788176,290.45799351869505,281.8986822390089,284.68975830078125,1350035
2020-11-05,287.1087130230197,292.73737204664127,285.6201333596244,291.43487548828125,1017418
2020-11-06,291.66748730700346,297.71481957971645,289.80676968463024,295.4819641113281,1259253
2020-11-09,295.85407795324556,298.1334682126337,292.0861364305705,295.5749816894531,948495
2020-11-10,296.5053664863892,297.71482159218834,291.80703742275875,292.7373962402344,871806
2020-11-11,293.99338006970345,298.13348807633815,290.7371242777922,295.9006042480469,1690872
2020-11-12,297.3891674729779,304.2273099343654,296.1331774874502,302.59918212890625,1858691
2020-11-13,303.80862168034963,305.8089155962372,300.08718688583406,301.9013977050781,1267172
2020-11-14,306.7393274338731,306.78583401994354,299.622059442543,301.76190185546875,249743
2020-11-17,301.4362551663625,303.9482353163346,295.94714385259505,299.6685791015625,1507783
2020-11-18,300.4128724041861,309.53040633399104,298.73823780090527,304.5994873046875,2775112
2020-11-19,305.1111819535146,334.4639909421439,302.3666121173763,328.4631652832031,13618212
2020-11-20,334.9291595689498,343.1628404201458,326.60243716163643,331.5333557128906,9266501
2020-11-23,334.1848906786105,337.6737361615068,326.6489787570951,333.48712158203125,2968976
2020-11-24,335.8595217046518,348.2798171746821,333.3940766005147,341.8138122558594,5309131
2020-11-25,347.02383604933294,350.65222972902995,337.8132895109335,342.4185485839844,4214218
2020-11-26,344.32581704558527,358.1881582716652,339.9531190811934,356.6065368652344,4880589
2020-11-27,359.16501324199174,369.30594715419346,354.74580882068665,364.793701171875,6115382
2020-12-01,365.07278976477147,380.0050656351751,360.00235130788286,376.7488098144531,5161307
2020-12-02,380.0980742908218,400.0542817978913,375.86495313104206,397.5888366699219,12177480
2020-12-03,409.3579038484516,432.4773275056252,405.0317407703313,423.6854248046875,23888385
2020-12-04,427.9185179992008,460.9927601723034,418.94053335668053,456.7131042480469,23777698
2020-12-07,470.0637691203227,490.29907239269687,463.41170958510503,473.59912109375,31264646
2020-12-08,478.62307689704045,485.4611910900358,466.57491956141735,474.9016418457031,17221399
2020-12-09,478.6695945175094,480.25121580772213,471.7384102176257,475.08770751953125,6313120
2020-12-10,476.29718881534967,478.2044129575808,467.2726972917217,475.5063781738281,5583730
2020-12-11,475.92505521091863,478.2044457352532,469.1799535930576,472.7618408203125,5031540
2020-12-14,474.4830322265625,477.6927817426622,470.94767981395125,474.0178527832031,3385649
2020-12-15,474.6690932901191,475.4133690079675,466.2958636989808,468.5752258300781,3819810
2020-12-16,469.55209287989175,470.4824516703078,459.82983216312533,463.5047607421875,4084107
2020-12-17,462.202270428486,470.71507671385604,457.2713798259398,459.41119384765625,2878824
2020-12-18,459.50417812974956,464.202506823826,453.4568462918201,455.7362365722656,3120905
2020-12-21,455.7827990433408,456.7596928800223,410.1952149825769,428.7093505859375,5748216
2020-12-22,421.0803963573467,444.89758719130657,410.5673249369232,442.6647033691406,7637385
2020-12-23,442.85077100260276,447.17693357028236,438.47807346141485,441.03656005859375,2809018
2020-12-24,445.2231856675598,451.5961490298927,440.1527473194181,443.036865234375,3224567
2020-12-28,445.64186089012674,449.5493791692555,441.03657351774626,444.944091796875,2366379
2020-12-29,452.1078684988731,466.10975702874583,445.6883700894298,449.1772155761719,10626647
2020-12-30,451.2240424052457,451.3170839687375,441.1296432008129,446.29315185546875,2842106
2020-12-31,445.3628038828363,449.6424319849967,442.06001284815216,444.1533203125,1832359
2021-01-01,444.61847370496014,448.61903366008926,443.8276630307359,446.5257263183594,1501968
2021-01-04,451.1309731221003,459.9693816570669,448.7585695564755,455.17803955078125,3206596
2021-01-05,454.01510831843154,456.48055353555355,448.8516281770572,452.66607666015625,1724507
2021-01-06,453.0847194837573,469.45903945978154,448.1538293760682,456.8526611328125,7590353
2021-01-07,459.5972576119452,470.2963840543286,458.2947609408973,463.73736572265625,6607905
2021-01-08,469.7381654091869,473.5526422729492,461.6905672454834,465.1794128417969,4156351
2021-01-11,468.2961074679742,469.59860410898494,456.85267719725056,465.45849609375,2784015
2021-01-12,465.1793850083652,497.74194195895075,461.9696358948889,486.57763671875,15935064
2021-01-13,492.0667761853066,513.3254513667674,491.22943057843804,504.20794677734375,16661781
2021-01-14,509.8366676707279,515.4188209663928,496.90465648859765,498.6258544921875,5733798
2021-01-15,502.20771124190867,502.3472877875192,484.90305881618156,496.7186279296875,6761899
2021-01-18,496.71856619108667,497.83495127881395,468.6682267777946,474.9016418457031,5626246
2021-01-19,480.34424146470917,494.6717898292408,476.7158761823686,492.0202331542969,5481389
2021-01-20,492.90409666209814,505.18484457215266,489.55482758871807,498.6723327636719,6082428
2021-01-21,499.32359934442417,508.8597774269133,487.1824278743696,491.78765869140625,6349869
2021-01-22,494.7647999765094,499.7887602255119,480.99550105186626,483.13531494140625,3588732
2021-01-25,488.25227598397964,488.99655165044646,468.7612765944495,471.7849426269531,4117136
2021-01-27,472.5757359628539,479.0417405986604,455.1315094910333,458.5273132324219,5431254
2021-01-28,449.22374899917577,460.8997404975432,447.502579553204,455.6432189941406,3861384
2021-01-29,468.9008650606788,469.5055926407298,438.7572436995236,442.1995544433594,5600660
2021-02-01,447.9677763584353,462.0627069454591,433.5472145026601,459.6437683105469,4358295
2021-02-02,464.71420947487445,486.94980697639846,463.1791231700834,483.4143981933594,4910238
2021-02-03,486.5311339492668,491.2294344177451,477.97182184112984,481.5536804199219,3559483
2021-02-04,481.5537199902014,497.7419867593928,477.27409197676354,492.81109619140625,4375696
2021-02-05,494.950927734375,497.36983812600374,482.85626220703125,488.43841552734375,2596192
2021-02-08,492.9040815586966,502.39375268862284,489.3222228876249,498.4397277832031,2779603
2021-02-09,500.99820095959495,545.8880119090851,497.3232724368631,532.1187133789062,19308883
2021-02-10,537.4683424813257,537.5613556565498,514.1163002554287,521.9778442382812,7824688
2021-02-11,521.9312790285536,540.5384547514966,519.2332158348893,523.885009765625,7590816
2021-02-12,526.5830660767164,529.7463086221098,515.6513504823675,521.884765625,2989444
2021-02-15,525.6527514602176,543.3295696509152,517.0004254922168,529.048583984375,6137722
2021-02-16,532.165206280943,548.8186506598652,529.2345534975522,543.0504150390625,9104300
2021-02-17,543.3295482104662,553.0983157724694,535.468004863173,539.9337158203125,6047258
2021-02-18,545.1902514739407,557.6105186187671,541.6548994253972,549.93505859375,7810691
2021-02-19,549.7490056289255,584.8700482842726,545.1902250604876,575.5198974609375,22374011
2021-02-22,582.4046137844133,598.2207135197727,573.10102570479,592.7781372070312,16020738
2021-02-23,599.0580497794765,613.5716242425668,592.8246345068256,608.4546508789062,13630689
2021-02-24,613.1064636349664,629.8529224292447,603.3376960049707,625.480224609375,6377043
2021-02-25,632.643962076555,686.6047706066141,628.6899373135766,681.580810546875,24769312
2021-02-26,679.161957179154,704.7468254290536,662.8806773837633,688.0003662109375,27465351
2021-03-01,697.7690704586811,702.420864261739,680.7900230775199,691.6752319335938,8707722
2021-03-02,693.117288659799,694.0476474365236,672.7424087356937,682.5577392578125,7804433
2021-03-03,686.6047692867986,727.5405549895345,684.2323657904903,722.3770751953125,12732034
2021-03-04,711.6314315574776,736.8906375836044,706.8400612746192,718.5160522460938,10104938
2021-03-05,720.8420247638585,725.0751461693932,686.6048304815878,696.4201049804688,7005537
2021-03-08,708.0030221337223,722.8887624151147,700.606658574487,714.980712890625,7124305
2021-03-09,721.0280619297207,721.8654075541865,699.1646303744325,709.6776733398438,3961473
2021-03-10,715.9110408618833,720.2837382383606,709.8637091327056,713.5851440429688,2868563
2021-03-12,720.097707333049,739.6352420281318,716.3762721530333,729.26171875,8922262
2021-03-15,734.9834742779243,739.0770758358424,712.0035998644673,727.773193359375,5671236
2021-03-16,732.0993820960107,732.0993820960107,716.9344878210476,723.0748901367188,4118140
2021-03-17,722.888792619596,722.888792619596,678.5571727779281,681.99951171875,5788155
2021-03-18,691.2566006982323,700.4671756959367,656.1355553733894,665.3461303710938,8695141
2021-03-19,659.9034915035485,706.1423356423162,642.1336609752677,699.6763305664062,18059484
2021-03-22,699.6298076923077,717.3066246419804,691.6287448394513,710.5615234375,9238739
2021-03-23,713.5387092938091,720.0977276265112,703.5838585498051,712.79443359375,4371135
2021-03-24,706.1423119866539,716.1901754248023,683.1624388299061,686.2791748046875,3847722
2021-03-25,690.326172281197,692.1403831474794,662.4154105986689,680.1387329101562,7066714
2021-03-26,688.9306449459217,704.7002368995089,683.8136718909554,692.3264770507812,5428127
2021-03-30,697.1643026491046,708.7007737975852,691.3030539142279,699.8623657226562,4111733
2021-03-31,694.0476559714962,711.7244729466414,692.0473618631027,699.4437255859375,3557369
2021-04-01,705.9562567289867,736.5650844244094,702.5139177601568,724.842529296875,7295960
2021-04-05,725.5867778645858,733.1226606728954,696.3734917686069,708.7007446289062,5260782
2021-04-06,718.2370065117748,758.2424356309539,707.4448669516019,752.7532958984375,12743464
2021-04-07,758.4750211180137,767.3599364114191,749.1714330024906,755.4513549804688,7321417
2021-04-08,760.1031778278187,775.8727716378369,756.6143321523545,762.382568359375,4903152
2021-04-09,764.2898410061656,770.2906673046436,744.3801377110324,749.1715087890625,4304784
2021-04-12,734.9834746274581,734.9834746274581,692.7917244623661,698.0482177734375,6113675
2021-04-13,698.1877882904147,714.0038882409369,687.8142647266749,706.2819213867188,5478421
2021-04-15,693.117307702181,707.0261831532579,680.0922844701937,696.792236328125,4474232
2021-04-16,700.2810887883367,719.3999510081621,693.7685771076937,700.6531982421875,5047883
2021-04-19,680.0922982920243,688.4655276827606,668.1837167376741,681.208740234375,4114175
2021-04-20,692.1869222360197,696.7922094868471,668.6953633832514,674.137939453125,3571306
2021-04-22,662.4153772856812,686.7442793759494,661.4850186097182,683.3019409179688,4280782
2021-04-23,680.9760863875849,691.1169625126557,670.090877847992,675.5800170898438,3557549
2021-04-26,680.0922657856551,690.3262123296253,677.3011894554814,682.5577392578125,2818442
2021-04-27,687.6281540928838,711.7244692966335,682.4181676197132,706.7935791015625,6234702
2021-04-28,713.5851851680385,723.1213626751733,707.1656868640323,711.3988647460938,5189267
2021-04-29,716.2832834233993,722.8888083794373,707.584394322593,710.0963745117188,3586133
2021-04-30,705.4445361462982,741.4959384221559,698.0946791620282,737.2628173828125,9213112
2021-05-03,736.8441875345352,738.4723154741632,716.3762934363536,728.6105346679688,6753977
2021-05-04,697.7691350666554,705.0259227144292,655.7634104218038,659.2057495117188,23262075
2021-05-05,658.6940100196721,665.2065214181716,646.13416660828,649.9951782226562,13401236
2021-05-06,651.2511259700665,654.9260543949588,623.852049384836,629.3876953125,9338596
2021-05-07,632.6440015560888,644.1804737100679,629.8994316630071,632.0392456054688,4530655
2021-05-10,637.2957631800192,641.7614739592524,633.6208346485588,636.1793212890625,2631876
2021-05-11,634.5046839028123,659.9965370256482,629.9459031961248,648.1809692382812,7844036
2021-05-12,652.8328019771332,683.9067528097743,646.2272202173293,672.044677734375,10922532
2021-05-14,678.882784599508,682.3716298779234,649.7160040012006,653.4374389648438,5789758
2021-05-17,656.3216290421603,663.5784163498453,642.2731770437725,655.0191040039062,3576459
2021-05-18,660.554751070498,671.3003839035287,658.9731297462271,664.3226928710938,3194827
2021-05-19,665.1135557856566,673.4867853249576,660.2756784726965,662.7876586914062,2638010
2021-05-20,665.4856363292923,669.2070715183665,656.228554939551,657.7171630859375,2222891
2021-05-21,660.5547986818441,666.0904453234921,657.158966087457,658.5545043945312,1961840
2021-05-24,660.5547636159531,670.6026275365723,651.1581622276491,657.9962768554688,2863633
2021-05-25,662.7875986650572,664.0435602683656,649.4834230631803,654.4608764648438,2183985
2021-05-26,654.972581713019,656.0425170248252,648.4600702471226,651.0650634765625,2075398
2021-05-27,654.6003502998642,654.7399268169286,642.226591103794,643.5756225585938,2436381
2021-05-28,644.7851873870079,666.6021137003448,644.7851873870079,659.2057495117188,4321419
2021-05-31,661.4386509046153,663.8575612561447,652.228075364948,654.8330688476562,2490566
2021-06-01,655.9029193708678,666.6020450059955,653.2979262253203,657.2054443359375,2217052
2021-06-02,656.7867356119303,663.9505089587392,655.8098703338629,662.2758178710938,1352949
2021-06-03,663.4388844536797,680.5575102973501,663.4388844536797,677.0686645507812,5645617
2021-06-04,681.5807885011554,696.7456813528036,677.115077917271,694.1871948242188,5464935
2021-06-07,701.0253113571969,703.3047016296096,694.0476207995605,696.0944213867188,3781787
2021-06-08,698.6994116872211,698.6994116872211,680.6039228904674,692.3264770507812,2277807
2021-06-09,694.0475863494772,707.0726080772155,680.3713021784345,687.20947265625,4430473
2021-06-10,690.4191989957532,698.5598379796622,688.2793852483296,696.0944213867188,1879289
2021-06-11,696.8387756143798,702.0953258078199,691.5822254209396,696.3735961914062,1717152
2021-06-14,698.5423283290522,700.1453662675724,675.6284914891793,696.1849365234375,2526252
2021-06-15,707.2256624261117,720.2737774182391,705.6484555840061,711.1926879882812,2428741
2021-06-16,712.1007447075432,716.402312998938,701.7291505987055,704.5968627929688,1444777
2021-06-17,700.4864635760925,709.6153354206996,686.5780715674242,693.6039428710938,1775728
2021-06-18,699.721773950813,700.8210869605051,665.357011225325,683.2802124023438,2878683
2021-06-21,670.088808810143,688.9679157630678,670.088808810143,686.386962890625,1597788
2021-06-22,690.5929216237427,703.6888193280441,688.0597524472472,691.93115234375,2254491
2021-06-23,692.0745583382183,697.5710068333077,681.7030223415081,683.3758544921875,1813984
2021-06-24,684.9052719607031,688.250936234063,671.857157957097,674.8204956054688,1435054
2021-06-25,678.6919363604395,691.5488586546107,677.2580801568611,684.3795776367188,1900518
2021-06-28,690.0671997070312,696.3761434896821,686.3391503439832,690.0671997070312,1624567
2021-06-29,693.0304642178631,698.574696262855,685.1920390227859,688.824462890625,1521271
2021-06-30,690.1627461402093,697.3320267441588,687.5817934540365,691.8833618164062,1268766
2021-07-01,693.0304675214544,696.7106749425143,689.2546346848277,691.1664428710938,796598
2021-07-02,693.0304205033599,736.0461017759823,690.1627084185185,733.8475341796875,13309645
2021-07-05,740.777850205927,746.5610580005612,727.825362084783,739.343994140625,5598513
2021-07-06,739.1528438912761,745.9875815305213,721.0862330988172,726.4393310546875,2456170
2021-07-07,730.0717420701857,737.9101672053531,722.7112689756534,736.046142578125,1797718
2021-07-08,741.064696348296,745.1272890080577,722.4723488601641,730.5975341796875,2349551
2021-07-09,729.3548403853713,742.3551130232827,725.5790074590547,731.1710815429688,1950867
2021-07-12,733.6564412344068,756.4069485251061,732.7005370764467,744.5537719726562,4592584
2021-07-13,749.3810139416956,750.4802686256193,738.2447080906663,748.4251098632812,1901115
2021-07-14,750.4802094771143,757.5061389059697,741.4947468544542,743.024169921875,1952407
2021-07-15,746.5610407679223,747.0389927786573,739.0093756608104,743.5021362304688,978998
2021-07-16,745.5574695162007,751.1972691163936,739.0094909414402,746.5611572265625,1256613
2021-07-19,743.6934257392444,760.4217482976464,735.1380719620528,745.2706909179688,2775607
2021-07-20,744.171294660354,750.0501278400658,721.7075497348327,726.1525268554688,2204811
2021-07-22,731.935766442029,733.9909252097901,724.0017742390049,729.0680541992188,1137807
2021-07-23,735.0902448107587,735.0902448107587,718.8398752895845,721.75537109375,975600
2021-07-26,716.9280682602131,732.6049186903386,710.2367396231177,724.862060546875,1390129
2021-07-27,726.487029372226,730.1194528503373,706.4608291964391,710.8101806640625,1181138
2021-07-28,715.5897650739565,715.5897650739565,697.4754295817183,706.1741333007812,1728583
2021-07-29,705.4572031673324,721.2296203113174,705.1704436152835,718.5531005859375,1614348
2021-07-30,719.2222008325116,736.7630160875599,718.0273208193953,729.4981689453125,2255806
2021-08-02,737.0020157792401,746.5132726581118,732.7482311270685,740.4910888671875,1643860
2021-08-03,741.9250098738075,746.8000975732627,735.711633061998,738.1969604492188,999181
2021-08-04,740.8256534726961,745.3184142657329,726.773851989689,729.7849731445312,917071
2021-08-05,733.7041819812915,740.8256792114952,720.7516930651193,735.3770141601562,1462902
2021-08-06,772.2271127076446,806.7830696566248,767.3042415424156,787.3304443359375,23725308
2021-08-09,792.2055231263963,819.9745255714572,776.8154904490149,808.9816284179688,11320092
2021-08-10,810.558862131501,827.8129188050494,793.973891627249,806.448486328125,8084425
2021-08-11,810.0809668574392,824.6585048439015,799.1358528972125,821.9341430664062,4877031
2021-08-12,825.8055694218514,847.3134115180407,822.2209290724866,837.2285766601562,5941940
2021-08-13,841.53007109826,848.6515676350131,837.3719119960538,840.2396240234375,2918639
2021-08-16,841.8647094675142,852.5708465085212,827.8129082476771,833.1181640625,2605354
2021-08-17,835.8425681329425,847.7913693794463,820.6914531461218,827.1915893554688,2826322
2021-08-18,831.6365481545768,834.5042603895926,817.3457705146639,821.6473388671875,1790409
2021-08-20,816.3420298707597,826.8569740494229,794.4040210292532,802.3380126953125,1839507
2021-08-23,807.73894419312,815.3861768008655,778.5838698760903,785.9921264648438,2025363
2021-08-24,789.5768114795081,800.952093965445,784.9884833236815,793.2570190429688,1759753
2021-08-25,796.7460233229883,799.1357834409337,783.8413186860832,785.8486938476562,1298473
2021-08-26,782.0250840868873,797.6541503929667,782.0250840868873,790.1502685546875,2292653
2021-08-27,793.8783752294156,805.2058157648428,789.4812395951483,792.4445190429688,2867557
2021-08-30,796.8894562204108,802.9594237649414,795.3121911576563,797.6063842773438,1552884
2021-08-31,800.952066289949,822.8422351070766,799.7571861685855,807.4044189453125,4538227
2021-09-01,811.3235559109103,816.2464850663097,797.2239712868326,803.6285400390625,1752608
2021-09-02,806.4484872812624,815.6251429621453,803.9631017075309,809.1727905273438,1487639
2021-09-03,812.5184810969549,816.2465304065491,798.1799196658321,803.9153442382812,1532492
2021-09-06,805.8271259227548,809.0772230777385,799.374773490989,802.1947021484375,864668
2021-09-07,804.8712922374893,806.7831005325902,783.9848099510153,786.7568969726562,1359443
2021-09-08,788.620910514305,798.6579039208507,777.3890369403134,795.5989990234375,1726690
2021-09-09,797.988727744216,797.988727744216,785.084022447049,792.6834716796875,831574
2021-09-13,792.4444263340351,805.5403229735649,790.6760272484739,800.37841796875,1639671
2021-09-14,802.0034776345863,805.6359012638234,794.260678363219,798.8967895507812,819659
2021-09-15,799.1358183625563,823.9893246752674,799.0402512911635,820.930419921875,3384102
2021-09-16,826.9526230096907,840.9566415720071,825.4709833065334,827.2394409179688,4899479
2021-09-17,830.4895063291391,831.4931940087964,803.2462383008933,807.2610473632812,2025904
2021-09-20,802.9594544926149,802.9594544926149,760.4217214867562,764.4843139648438,2678451
2021-09-21,764.5320631863253,774.1388874169163,745.6529578119971,766.5872802734375,2838627
2021-09-22,769.7895119678592,792.1576898478868,766.874016313759,788.9075927734375,3326873
2021-09-23,796.029146943026,818.2539174821138,791.0584339063927,809.794189453125,3624791
2021-09-24,814.3346897056651,861.9387000877825,813.7133287309537,845.9273071289062,11074121
2021-09-27,860.3136836716828,887.748142808631,855.5341632068402,874.4132690429688,7817188
2021-09-28,879.1927532975751,885.836298138838,861.0783598131255,866.4314575195312,2952084
2021-09-29,865.0932194132487,896.25567005682,855.7253708054809,891.9541015625,3724758
2021-09-30,899.3622936574474,903.8072707856977,875.0345824884557,878.7625732421875,3823155
2021-10-01,876.2772641098554,887.5091368230472,867.1961755332321,870.7330322265625,1597635
2021-10-04,876.5640421364673,898.5498359959424,868.5822663988989,894.4872436523438,2679786
2021-10-05,898.5498461418433,910.0206952415264,886.3620689734299,889.89892578125,4403016
2021-10-06,891.8584554411648,937.5984397058719,891.8584554411648,920.1054077148438,8555640
2021-10-07,935.7823418205518,935.7823418205518,910.0207143414004,916.7598266601562,2853274
2021-10-08,922.447425639379,935.1609380752952,912.4582164598183,923.0687866210938,2624580
2021-10-11,927.2269773503026,943.8597320340889,923.4033609488581,925.6019287109375,1735386
2021-10-12,927.99169921875,932.9146287275245,905.1456259738593,927.99169921875,1873688
2021-10-13,937.0727477190915,1093.8410734703803,937.0727477190915,1058.2813720703125,21151990
2021-10-14,1091.64239418828,1091.64239418828,1030.655670850221,1036.247802734375,4586953
2021-10-18,1045.7590945113534,1106.9369574443758,1037.7773185443132,1046.1414794921875,6845528
2021-10-19,1053.9798606646173,1071.7596539808776,1019.9496972884656,1032.2808837890625,4356219
2021-10-20,1033.1411803154624,1037.9684259255362,964.5550039677262,988.2614135742188,4962360
2021-10-21,991.272525989041,998.1549886555234,951.2201219003908,959.5364990234375,3169781
2021-10-22,962.5953594743253,982.0002579838141,940.8963262960741,944.1464233398438,2702586
2021-10-25,948.2568266821859,956.8599632145847,911.0721354435383,937.3594970703125,2218054
2021-10-26,939.3670000342354,969.2390040908359,939.2713746149996,962.2130737304688,3183161
2021-10-27,970.6249736814185,973.5882528316725,950.2163876707923,953.418701171875,2004692
2021-10-28,917.6679454594183,917.6679454594183,845.0192331105477,852.0451049804688,9648852
2021-10-29,855.534218963282,888.9908643976003,837.8499920908566,861.6041870117188,4325902
2021-11-01,870.8285778599163,875.1301460271717,861.5085134975297,865.188720703125,1879146
2021-11-02,869.5381755034743,878.5714224446615,866.9094392659583,870.4940795898438,1544886
2021-11-03,871.6889636320267,875.2257620925521,848.0303373876035,856.5856323242188,1558072
2021-11-04,863.5637796064816,866.049106906902,860.3136823578498,864.3284912109375,260466
2021-11-08,869.8726867981715,886.648791231957,854.9606069334184,885.0237426757812,2094324
2021-11-09,887.5568791751194,912.7449266682753,885.3105280742121,906.1014404296875,3150110
2021-11-10,903.2815345295534,903.2815345295534,892.0018785230221,893.8658447265625,1038512
2021-11-11,893.7703353236681,904.7632324960982,878.475869692461,884.5458374023438,1155179
2021-11-12,888.9907484305385,904.667597869395,886.7921808289767,894.582763671875,1193780
2021-11-15,900.461663671875,906.1970882812501,893.7703349609376,896.1600952148438,722956
2021-11-16,898.5498686772867,913.7965509900836,889.9467316367595,893.5313720703125,1969045
2021-11-17,891.8585140034039,905.0499787475649,889.0385852753709,899.1712036132812,1143181
2021-11-18,903.0426167813387,905.0022085215859,875.3213978247758,884.5458374023438,1447755
2021-11-22,886.1230858088609,889.9944856800515,841.1955938638592,852.6664428710938,1590577
2021-11-23,849.6552670317565,874.3654210187636,841.434515776046,872.0712280273438,1681550
2021-11-24,878.1890776722646,883.0641650745234,857.4459477578664,860.696044921875,1549985
2021-11-25,863.563785179753,871.5455610578614,852.5230461765681,860.88720703125,1240769
2021-11-26,856.4900274332897,863.6593077968496,807.2609689368451,816.0552978515625,2095768
2021-11-29,815.3862076781825,848.5083085022608,792.2533164949973,830.3461303710938,3134483
2021-11-30,834.5042815925946,853.1444115938037,830.3461220836734,833.787353515625,1770628
2021-12-01,842.0559327613051,848.6516359489722,831.6365548855814,844.9236450195312,992357
2021-12-02,848.7473040178418,865.0932413736979,839.2838297526041,860.313720703125,1243763
2021-12-03,864.1372563959478,890.0900745466679,863.4203283624335,869.8726806640625,2571339
2021-12-06,874.4610675093459,880.3876846556925,853.8135620861938,856.6812744140625,1498134
2021-12-07,861.7475356917577,873.7919038680838,860.313679559159,869.3469848632812,1070496
2021-12-08,874.6522205129648,885.7885262209321,872.4536528296065,883.1597900390625,769754
2021-12-09,887.0789403693975,899.0277407515284,877.5199000636928,894.582763671875,1489306
2021-12-10,894.5828031169904,910.0206772289112,890.5680526865722,898.6932373046875,2306800
2021-12-13,908.0133337554255,908.0133337554255,891.9540980973472,894.6306762695312,730970
2021-12-14,889.3731838240988,899.0277917429538,884.2112784287424,892.1930541992188,715048
2021-12-15,891.8584808046153,901.3219542599791,879.0015596323041,881.15234375,636803
2021-12-16,886.6965913886006,888.1782893710916,862.3210376202569,866.909423828125,739095
2021-12-17,866.909453062177,869.2992133161318,839.9051621924868,844.6368408203125,1265520
2021-12-20,837.3719439851802,838.232280963762,787.8083425559786,805.2057495117188,1645980
2021-12-21,810.6066806788475,827.000459409796,809.9375361368943,818.68408203125,834671
2021-12-22,822.0774791308461,845.6405371899465,820.7870320069209,843.5375366210938,958034
2021-12-23,850.5634682155456,855.0562292161202,843.9677648410383,847.026611328125,640303
2021-12-24,850.7067983903501,852.6663899720961,829.9158858545954,833.739501953125,644902
2021-12-27,833.261611372475,844.5890515619765,822.4120648867707,841.1000366210938,508491
2021-12-28,848.8428046704249,869.5859344262796,846.1662849730977,867.6263427734375,1673007
2021-12-29,871.8801044352957,874.0787305356677,858.4496635273472,861.2695922851562,1037054
2021-12-30,865.0932050565101,865.7145660551026,843.3941704542973,844.971435546875,823403
2021-12-31,841.1956201303526,858.0673510761517,841.1956201303526,854.7694702148438,583208
2022-01-03,857.4460035677674,876.8986292521193,855.8687384176814,873.8397827148438,799020
2022-01-04,878.1891044624668,879.3362010461548,860.3136862026169,869.0123901367188,702903
2022-01-05,867.769731139961,877.5199646380236,861.747546972961,874.8434448242188,749483
2022-01-06,869.442609129415,875.8949621505657,862.751280070444,864.28076171875,696490
2022-01-07,867.9609001105571,888.3694287745535,866.2402844442871,886.3142700195312,1286246
2022-01-10,892.814389441792,902.1344539996694,884.4980124752431,897.8328857421875,1505658
2022-01-11,893.961505178037,938.3632612581505,892.7666250808528,929.3299560546875,5039766
2022-01-12,937.6941358517529,957.6724964777179,932.2932543648709,949.2127685546875,3612732
2022-01-13,949.2127642055484,974.4008137147895,942.1868924605625,969.3345336914062,2721558
2022-01-14,964.0292943238343,1003.9861327715082,958.3416532041887,983.3863525390625,3465609
2022-01-17,981.71353457036,989.0262244506705,952.7974348422651,983.8643188476562,2763467
2022-01-18,984.4856505792224,996.0042249091397,956.0475037587144,961.5917358398438,1212958
2022-01-19,960.6836196763849,975.0221811640921,941.900080789986,967.0404052734375,1508638
2022-01-20,960.6835839736556,971.9632402560383,949.212735209791,954.0400390625,977785
2022-01-21,950.0731003252877,953.1319467445189,917.6679282707254,922.4474487304688,1180770
2022-01-24,918.6238077853328,919.5797118517067,863.515915021375,871.9279174804688,1594186
2022-01-25,863.1813421718834,881.7736872905156,849.3207336873959,878.7147827148438,1080389
2022-01-27,869.8726952344335,875.2257346368363,852.7142056761684,870.7330322265625,1004093
2022-01-28,878.4758189123322,914.4177877305478,878.4758189123322,902.4212036132812,2235105
2022-01-31,915.6604838318215,915.6604838318215,890.8069793189785,892.5753784179688,1533507
2022-02-01,895.6820746741206,914.5133957036822,884.7369618794165,911.2155151367188,1274082
2022-02-02,917.667886927851,931.8152551825715,914.0832467445391,924.1202392578125,1004642
2022-02-03,922.4473783175755,937.7418426212867,919.1017142511387,922.7819213867188,1577566
2022-02-04,927.226969011514,929.138777195043,908.6824062937815,915.4693603515625,935679
2022-02-07,917.6679217548773,925.0761784148776,904.7632166051993,911.1677856445312,657299
2022-02-08,914.8001831778195,917.2855103902265,875.6081168138794,886.9833984375,1061197
2022-02-09,893.0056310413878,930.0946988327717,892.6232460599662,924.885009765625,1041919
2022-02-10,928.9476566299066,932.0065616291338,913.8443824794379,917.476806640625,1395980
2022-02-11,921.4915382534016,926.1754916089967,871.3543573093488,874.365478515625,3439322
2022-02-14,855.5341361750993,869.8726971165814,843.7287443374473,846.7398071289062,1753038
2022-02-15,853.62235208103,875.3213865854356,831.6365580184727,872.4536743164062,1913236
2022-02-16,881.2479338268263,881.2479338268263,859.1187325656597,865.0453491210938,1434290
2022-02-17,866.0491586015779,876.4685371584603,854.5783088187756,857.3026123046875,1133932
2022-02-18,852.6664080925086,863.0379436426798,844.6367907774547,847.7913208007812,731374
2022-02-21,847.6956533388055,851.2325097984079,833.5482858441457,838.2322387695312,1119313
2022-02-22,812.5184721828673,835.4601702209718,812.5184721828673,830.2026977539062,1089327
2022-02-23,834.6954046833221,843.2985408916719,824.0848350201063,825.9966430664062,704493
2022-02-24,807.0698353626603,809.4118121211038,746.5611163467163,750.958251953125,2833879
2022-02-25,766.6350842239341,800.5218960619352,761.8555637487225,789.9591674804688,1964093
2022-02-28,787.6650114923848,809.077287569487,778.5361386226022,804.1543579101562,1199536
2022-03-02,796.1247394537071,821.360632080624,791.5364112516564,818.1105346679688,1644989
2022-03-03,827.2394143595737,859.1187920973965,826.857029389984,850.324462890625,2822048
2022-03-04,846.5007781008919,849.4641155161374,820.6435864911498,823.55908203125,1646850
2022-03-07,806.7830032101435,819.3053226949803,794.4518178567531,811.3235473632812,1213330
2022-03-08,810.6544161373756,837.6587054900353,803.9630878022033,831.5409545898438,1399463
2022-03-09,838.1367073515403,855.5341737262329,833.7395718073215,851.614990234375,995816
2022-03-10,870.8286455388574,884.8326641092298,855.4386126818754,869.4903564453125,2152832
2022-03-11,868.7734020904056,888.7996042886331,864.1850741629042,886.362060546875,1296404
2022-03-14,889.516491691671,897.115940469352,876.9941721201166,890.7591552734375,1531845
2022-03-15,893.3401320802589,899.2189654162157,873.7440987520745,880.0531005859375,960407
2022-03-16,886.1230628307833,903.1859269490849,886.1230628307833,896.685791015625,873968
2022-03-17,904.2374925104036,906.5316273376719,891.0460276364043,898.0718994140625,833784
2022-03-21,898.5498137851012,912.7449656972899,895.5386926673624,897.8328857421875,1014336
2022-03-22,897.5939180292811,917.6679034165174,885.26273223962,912.6016235351562,1178357
2022-03-23,915.7560956483076,926.0320643625239,904.5242228676524,919.5797119140625,1470775
2022-03-24,916.23401243807,931.910861862148,909.2081411575009,929.807861328125,1826181
2022-03-25,931.7197241531604,942.0434766116605,924.5982270447779,932.10205078125,1421106
2022-03-28,937.1683585046859,937.1683585046859,909.5904915221249,914.4656372070312,1383281
2022-03-29,916.42523591346,946.0582618356317,915.7083078669559,943.9552612304688,1627998
2022-03-30,952.8930109595516,953.13198699263,936.7860496675665,940.5140991210938,1026192
2022-03-31,939.9404851568694,946.1538617757716,928.1828764544672,931.3851318359375,761235
2022-04-01,932.006536919561,950.8856436930597,931.0984163174004,943.6685791015625,1154065
2022-04-04,950.7900391599201,964.6506486501178,938.9845884844291,957.7681274414062,1261875
2022-04-05,963.3601083037157,970.1948457291347,954.9959477066141,959.4887084960938,1082989
2022-04-06,955.9040739983643,972.6801788282847,952.1282412373199,956.4298095703125,1205753
2022-04-07,957.3379155430225,965.4631000483802,934.8741701458572,937.7418823242188,692829
2022-04-08,938.6978394555538,960.6836340660199,938.6978394555538,955.521728515625,676739
2022-04-11,953.8967035683448,976.7427760453238,952.2716549656401,962.2608642578125,1178976
2022-04-12,960.77916863132,961.6395056418613,919.5797260710443,931.6719360351562,1178158
2022-04-13,936.3558718153585,946.3450815673206,929.5211923436267,933.8705444335938,798634
2022-04-18,924.3591890419516,946.9663424940769,910.3073882533288,944.48095703125,808690
2022-04-19,948.3524106737289,964.6027799693553,910.0206805550768,925.8408813476562,1149060
2022-04-20,934.8742131663342,942.2824699680102,917.6679393043772,927.5615234375,758269
2022-04-21,932.0065215511132,944.1465156031459,930.0947133017776,939.7015380859375,485694
2022-04-22,936.7860249312179,945.3891618948719,926.8445988801594,930.285888671875,816473
2022-04-25,917.6679011004317,922.4474214186631,889.4687312228664,895.1563720703125,1049248
2022-04-26,907.1529961871184,922.4474618762584,903.5205722546989,919.8187255859375,705947
2022-04-27,907.7264547844551,924.8371604707166,902.3256319543659,919.436279296875,600878
2022-04-28,927.226971769291,927.752707352574,906.8662262229021,917.0465698242188,560736
2022-04-29,919.8664775091705,929.7601196680694,894.5350195821052,898.6932373046875,1180407
2022-05-02,927.226956599218,1001.7874747587427,927.226956599218,987.4489135742188,13562497
2022-05-04,994.5703436945219,1007.7140246667752,980.8054184263144,988.9306030273438,4351369
2022-05-05,995.0961373375536,1022.7695135020527,992.2284251262063,1000.1624755859375,3357200
2022-05-06,992.9931895510625,1002.6955224623114,982.2392688181441,986.970947265625,1757289
2022-05-09,975.0221650166185,979.8016854333666,954.709203245439,962.6909790039062,1497599
2022-05-10,958.7717903431761,974.974376135872,916.1384917970233,924.6937866210938,1496830
2022-05-11,926.4622333546686,950.407618562963,908.204430669711,944.7677612304688,2296845
2022-05-12,931.5285365774404,936.7860090773644,886.0275251883278,894.1527099609375,1294615
2022-05-13,904.2852156086399,915.7560640095951,873.9352625477791,878.7147827148438,1473361
2022-05-16,884.2113401283514,891.4284048033498,871.8323696978025,880.9612426757812,1010872
2022-05-17,886.7922243225737,931.0983549750521,884.7370072185464,928.9475708007812,1637953
2022-05-18,931.0505768440324,944.098690914513,922.0172715909117,937.1205444335938,1334854
2022-05-19,912.9839230505396,926.5577720543441,902.6601711123475,910.1162109375,820520
2022-05-20,926.2233176940749,950.6466565273586,921.7783401556143,945.5325927734375,1455732
2022-05-23,951.1245614159803,951.9848984271249,924.4548141955579,927.4181518554688,811232
2022-05-24,932.0065130117829,938.6978418231496,917.8591437650734,921.8261108398438,1201622
2022-05-25,927.2269326418756,931.0983323929183,877.6633307654787,880.0052490234375,1039711
2022-05-26,887.079009117726,898.3586658838768,849.7509654997884,891.1416015625,1751250
2022-05-27,898.4542872662576,917.5723692734658,884.976004444922,893.0534057617188,1671471
2022-05-30,907.5831441494447,916.7120164821583,900.987382632874,908.0610961914062,1100892
2022-05-31,911.932460046908,912.8883640930787,900.7961545715175,906.6749877929688,1644812
2022-06-01,910.4030426439939,916.3296010925742,896.7814099002754,903.6160888671875,1016784
2022-06-02,906.8661857566985,915.1347207998414,903.3293290957213,908.2522583007812,1260814
2022-06-03,913.8920776806634,914.5134386658584,891.9062839930566,894.439453125,862099
2022-06-06,894.4394453455342,906.4360296932883,883.4465485973425,904.8587646484375,1066431
2022-06-07,903.185914174354,906.1970352555841,892.3842101275053,899.6968994140625,807541
2022-06-08,902.3256736910284,911.4545460440081,890.9026081940384,895.2997436523438,760538
2022-06-09,892.5276868221123,902.0867280040054,886.2665265167237,900.1271362304688,552903
2022-06-10,892.8144237773095,906.2926481649249,889.5643265202751,902.7080078125,489312
2022-06-13,897.4027138498832,897.4027138498832,860.3136482389971,866.4314575195312,848042
2022-06-14,865.0931715807094,886.1230608346051,861.6040984351754,868.3910522460938,615268
2022-06-15,873.624918270456,881.8634626832093,841.3976710088033,845.9046630859375,2176399
2022-06-16,852.9316377653734,862.1394224912495,824.8236633390145,827.4890747070312,1346343
2022-06-17,823.8059580345256,828.7006106283253,809.2189006380553,812.27197265625,920356
2022-06-20,819.0082206628624,822.4005624052529,757.0252789953488,768.8015747070312,1631418
2022-06-21,780.2386475281505,800.592699202798,768.1715907752027,796.1342163085938,1534004
2022-06-22,795.746407566546,795.746407566546,766.9599544381323,769.86767578125,1590458
2022-06-23,775.3923875498602,782.7101413758132,757.9945090226614,768.2684936523438,951915
2022-06-24,779.2694001150603,785.5694636732045,772.8239268117059,783.1463623046875,847793
2022-06-27,808.8311994096097,808.8311994096097,785.6663277346604,788.62255859375,1609502
2022-06-28,787.9925375263787,792.7902899000627,778.3001323907529,789.882568359375,654137
2022-06-29,783.1463651417725,786.0540867945266,778.9786426043746,781.934814453125,467974
2022-06-30,781.0140170304984,787.1202206144749,765.7000282961255,768.9469604492188,775514
2022-07-01,766.6692036398703,780.1416696930992,749.562085862685,770.8853759765625,770388
2022-07-04,776.2647513286068,780.917093964275,764.0038351633624,778.6393432617188,493317
2022-07-05,785.8116988566203,789.8340704077901,776.3616044207868,778.6878051757812,702545
2022-07-06,779.7539854308264,789.4463904703645,777.2339837836448,788.137939453125,677194
2022-07-07,786.0540344114213,798.6541607336759,772.3392578667925,794.43798828125,1984221
2022-07-08,801.5619176093628,813.1928039591965,796.958025095887,810.7212524414062,1963294
2022-07-11,809.3158017425172,818.4751361207329,802.6765281098828,817.1666259765625,1077720
2022-07-12,813.8712497455755,818.7174521864116,805.632705596154,809.3642578125,645833
2022-07-13,814.1620157271616,818.3297380237397,806.9896124017052,812.078125,725104
2022-07-14,812.1750909236473,821.9159461424897,809.315819609645,815.2766723632812,950301
2022-07-15,816.1005573663326,830.3968557287476,815.1313167993892,828.216064453125,1062779
2022-07-18,835.4853094531504,836.6968600759074,829.6698664639174,832.3837280273438,536664
2022-07-19,831.4144663022172,837.3268686849678,826.7621238611592,831.3175659179688,595873
2022-07-20,838.3930343643648,843.9177170581993,831.6083508492774,836.0668334960938,578773
2022-07-21,839.7499890240636,852.543916239378,835.485307180462,849.733154296875,755682
2022-07-22,852.9316613730979,855.8393829459607,841.3007750816465,843.9661865234375,572186
2022-07-25,844.208496624196,868.4395097305161,841.2038746621109,865.2410278320312,968433
2022-07-26,866.4526147762501,866.4526147762501,842.4639107962945,844.8385620117188,791497
2022-07-27,842.4638815328107,853.7070480313945,837.1815088063327,851.57470703125,747154
2022-07-28,857.7778817508997,866.4041462587255,849.4908869282458,862.6240844726562,569107
2022-07-29,873.2856624336707,884.9165480598683,868.7786705904217,881.9119262695312,1176936
2022-08-01,882.9780881814329,917.870745892225,882.0088476894665,915.011474609375,1450419
2022-08-02,915.0115144596535,919.8092669353866,905.416068665935,913.9453735351562,949852
2022-08-03,917.192255447966,918.4522562418672,900.521307341232,909.09912109375,702899
2022-08-04,910.1168674970264,932.409399927731,907.4999062062202,921.5538940429688,1682996
2022-08-05,925.8669581275019,927.9023394495579,913.0245219116532,919.3245849609375,751942
2022-08-08,919.8092472789928,932.7970938225322,913.7514940698319,927.5631713867188,1140055
2022-08-10,983.779024726241,1053.128223992495,979.0297230127422,1041.109619140625,15504357
2022-08-11,1046.7796963336348,1060.0098522698374,1033.791850512324,1042.5150146484375,2782046
2022-08-12,1037.0872730164829,1124.3189128029162,1035.2456925134504,1084.483154296875,10654214
2022-08-16,1091.8493739342637,1102.9956391808184,1070.526083897376,1087.972412109375,2577899
2022-08-17,1095.2417738709985,1104.934178949503,1066.1645586354853,1073.046142578125,1462856
2022-08-18,1069.0722323306156,1087.7301112720158,1057.4413467567558,1083.8531494140625,2042013
2022-08-19,1092.9156098825147,1145.8361197344834,1085.6463058282473,1089.57177734375,8907831
2022-08-22,1084.5801488415948,1084.5801488415948,1046.004328571791,1054.049072265625,2861331
2022-08-23,1045.8104975480633,1072.7554307239686,1030.3995499637285,1067.3760986328125,3151149
2022-08-24,1074.112262508459,1087.730138704152,1049.396630040688,1061.4637451171875,2254878
2022-08-25,1070.8169054154112,1078.6192201136814,1061.7060214463413,1065.970703125,1126027
2022-08-26,1076.1477754015445,1102.414169311032,1070.2353136940678,1076.4384765625,2444978
2022-08-29,1018.6717908384961,1102.026475911865,1018.6717908384961,1097.5679931640625,2469682
2022-08-30,1113.6088352811917,1114.335765662806,1088.7963019185281,1094.8056640625,1693174
2022-09-01,1088.4571404168694,1109.2473029410194,1085.5979281133,1104.0618896484375,1390775
2022-09-02,1110.7496453333235,1125.9182832629724,1081.5270197445705,1085.3555908203125,2601751
2022-09-05,1085.5492945794413,1102.801821765915,1080.5092916093731,1084.7254638671875,1069350
2022-09-06,1092.140321679227,1098.101056532748,1076.8747827006505,1085.5494384765625,1101924
2022-09-07,1086.4700127591104,1099.2155480776078,1076.292988243391,1090.5408935546875,929641
2022-09-08,1098.149549080866,1100.1849305837593,1077.0200576505515,1082.5447998046875,870236
2022-09-09,1090.3956095706717,1092.7702015719829,1074.6939601190525,1078.813232421875,702066
2022-09-12,1085.3555498422284,1127.4204925261429,1081.2362777528435,1124.07666015625,3385341
2022-09-13,1137.8398735536846,1157.273193518105,1122.7197449396624,1124.9974365234375,4497078
2022-09-14,1112.6880693301066,1132.9936100287073,1105.709585211026,1120.3450927734375,1435793
2022-09-15,1125.9666828355257,1140.4568998314662,1101.299558531685,1134.30224609375,1546094
2022-09-16,1132.0728913491973,1133.7690622052428,1057.392864332543,1071.7376708984375,2492742
2022-09-19,1073.9184686543585,1083.6108736061126,1056.472139741201,1068.8299560546875,1199413
2022-09-20,1076.8262642385675,1099.312597947773,1075.953924069784,1079.394775390625,1072438
2022-09-21,1074.8877968851546,1085.4525428079914,1056.6660267623445,1063.5477294921875,860142
2022-09-22,1058.895328466301,1121.4113455702611,1057.0053566707534,1114.6751708984375,3258442
2022-09-23,1119.3759003897333,1125.7243548074505,1091.9463463431587,1099.5064697265625,2377503
2022-09-26,1086.5187119954476,1092.818775891942,999.9170880967343,1030.6419677734375,4692089
2022-09-27,1034.3734130859375,1043.920526652366,1003.1639163479745,1034.3734130859375,2046370
2022-09-28,1020.6102268938868,1033.840383127831,1010.1423823687797,1015.7155151367188,1042615
2022-09-29,1042.9027940587832,1090.3955792900847,1038.2020012244977,1059.3798828125,5790446
2022-09-30,1054.5336543901335,1075.8084358450621,1016.2971643397753,1070.7684326171875,2948687
2022-10-03,1064.2261313296704,1097.0834098671558,1049.1060023072116,1060.058349609375,3073292
2022-10-04,1076.8261538718316,1114.287321411748,1072.7553912553963,1105.8548583984375,3217331
2022-10-06,1113.6088655349415,1118.842788087853,1103.1411387446135,1112.542724609375,2074065
2022-10-07,1108.8111475869061,1152.91159095684,1104.9341855324064,1145.448486328125,4737463
2022-10-10,1133.8660944562687,1176.6580906927506,1125.0945379984787,1162.74951171875,5201365
2022-10-11,1169.8732873750243,1177.5303110134853,1123.9797732111074,1128.53515625,2871961
2022-10-12,1134.2052164714378,1136.9191372710873,1111.2342633259177,1127.17822265625,2138197
2022-10-13,1129.1652143317767,1134.6898380113225,1103.2865395784393,1116.419677734375,1477297
2022-10-14,1138.857537311123,1141.086837689075,1105.6610516490753,1108.520263671875,1255257
2022-10-17,1108.76260816638,1132.0728892131024,1095.2417506941829,1126.2574462890625,1658559
2022-10-18,1134.1083081998863,1143.7038130060014,1118.018939239341,1130.570556640625,1828207
2022-10-19,1134.0113651995653,1135.1744064530615,1120.2481976660736,1128.438232421875,1282883
2022-10-20,1127.2267941247308,1127.953724559463,1111.7189448504437,1122.5260009765625,725540
2022-10-21,1126.1605873728065,1131.9760305109924,1102.074984038585,1108.3265380859375,1002594
2022-10-24,1123.349736431543,1124.3189769288956,1115.6443218037869,1121.1689453125,214740
2022-10-25,1124.367530929446,1149.519275508342,1115.5958567538798,1144.3338623046875,1667372
2022-10-27,1148.065397847087,1162.9917255429805,1136.9191318485719,1151.6031494140625,2008073
2022-10-28,1144.7700344867797,1150.2947768260547,1090.4925615747543,1097.1318359375,6601985
2022-10-31,1101.0572107581354,1113.6573372896987,1090.1047457545033,1097.9556884765625,1926174
2022-11-01,1103.4802638736626,1115.2080497783047,1098.6825709221453,1107.06640625,1605249
2022-11-02,1111.7189043188591,1122.3805503062238,1095.2418150656588,1097.9072265625,1232415
2022-11-03,1097.1802989843404,1106.72729470728,1090.5894159398615,1096.6956787109375,1089567
2022-11-04,1102.2202215729703,1104.982651580938,1074.4030672482634,1088.7962646484375,1371711
2022-11-07,1090.3956596544529,1110.1681912792872,1086.518697309015,1087.8271484375,1348034
2022-11-09,1094.2725464244852,1101.0572300604208,1073.9184955166781,1077.7469482421875,1268573
2022-11-10,1078.7646190105993,1082.6415808039885,1033.3072183200118,1037.32958984375,1892318
2022-11-11,1051.6260165855533,1057.3445596015147,1032.241205219921,1034.664306640625,901885
2022-11-14,1039.8496022591482,1039.8496022591482,1024.0994448082124,1032.4833984375,673296
2022-11-15,1037.6688769027062,1041.2066284633065,1020.3194479340519,1024.6810302734375,717692
2022-11-16,1020.6102853899794,1031.4657320774259,1006.1201866890358,1016.9271240234375,862086
2022-11-17,1015.7640506329114,1019.2049017565764,1000.2562025316456,1004.3269653320312,644347
2022-11-18,1006.8470834361752,1009.9486057244877,966.3327830204552,984.5060424804688,1510831
2022-11-21,984.5060709599181,1012.3232269185341,978.0121475601369,1004.4240112304688,1300208
2022-11-22,1007.4769903007576,1010.8209410147267,999.5292655277274,1007.2346801757812,549767
2022-11-23,1010.8209789876197,1014.6010407423532,992.6961099692032,996.8638916015625,829776
2022-11-24,1000.06239379115,1004.8600869330693,988.2375887188236,992.3084106445312,660819
2022-11-25,995.4585556189021,1008.3009929246597,993.083845278728,1000.3531494140625,636738
2022-11-28,1002.4854735923053,1011.2086378931803,1000.3530735516875,1006.8954467773438,590946
2022-11-29,1008.0101445871989,1011.9840070710304,993.4715367325758,996.5730590820312,529315
2022-11-30,998.3177367044151,1010.8209630893458,997.54229696136,1003.6485595703125,735398
2022-12-01,1008.9794000663488,1026.3772203973947,1005.1993383050185,1016.4425048828125,1169027
2022-12-02,1015.7640812486676,1020.6102839263807,999.3355014974182,1007.380126953125,1021911
2022-12-05,1011.9840042322852,1038.4927088164222,1007.8163409816136,1024.1964111328125,1495223
2022-12-06,1022.5487184254802,1027.9764415142142,1008.9308421951346,1011.1116333007812,1047006
2022-12-07,1014.1163561511613,1015.4248071290976,990.273004975454,997.8330688476562,683379
2022-12-08,1000.6923048943459,1016.733282463411,994.4407510080645,1014.06787109375,747048
2022-12-09,1017.6540417547237,1024.4387254287715,994.6830886416453,1001.952392578125,770753
2022-12-12,1001.2254376512452,1007.5255009084893,993.7623331188602,1002.340087890625,633628
2022-12-13,1003.0670292322541,1013.2924456415042,1000.4500088613405,1001.9038696289062,535565
2022-12-14,1006.0716586299294,1012.759441873516,1003.1639370731955,1004.6177978515625,706162
2022-12-15,1007.2347082466268,1010.869360222568,990.6607188994338,995.1192016601562,545640
2022-12-16,994.2469495103867,994.2469495103867,955.3803700719045,961.001953125,1758284
2022-12-19,961.9711762075935,967.2050984616443,939.0001650046393,958.2396240234375,1640959
2022-12-20,960.2266005910059,960.6142613066169,938.6125487006052,948.886474609375,856249
2022-12-21,954.8957702546982,965.8481762775759,931.391687690994,935.8986206054688,1035557
2022-12-22,940.5995067149179,944.961089204459,904.3983365570776,911.3284301757812,1218644
2022-12-23,905.125242259414,908.2752739714107,861.7032784917466,864.2717895507812,1406373
2022-12-26,869.4087423775885,887.9697219119589,849.8300721335228,878.9072875976562,836992
2022-12-27,883.3173197379339,895.3843759819952,881.2334881252001,890.1505126953125,968330
2022-12-28,894.0759039654504,910.5045421417005,887.4365710984611,904.4952392578125,1018813
2022-12-29,899.4552107906713,906.2398944927562,893.6397676174558,899.98828125,918301
2022-12-30,902.9443985320112,917.8707254387804,902.1690179872652,908.32373046875,874888
2023-01-02,912.879151505438,914.6722819452061,901.5390848543859,912.39453125,745481
2023-01-03,915.9323076247019,919.4215498954112,909.2930336081934,912.7338256835938,498529
2023-01-04,913.0245352608471,914.8176064918391,897.5651377207945,902.992919921875,728111
2023-01-05,905.9491291782825,917.1922955881721,897.3713150503633,913.1699829101562,835241
2023-01-06,913.1700044740012,926.593962378838,909.6322528164638,919.1307983398438,1100983
2023-01-09,920.7784966447861,931.3432420062302,918.355395337826,928.8231811523438,653230
2023-01-10,929.6954985320227,942.4894849511929,923.8316053442454,938.7578735351562,933245
2023-01-11,943.0709954756725,945.009476453012,932.7970699588709,937.9824829101562,643479
2023-01-12,941.8594327427384,948.4987063415783,939.1940214332014,943.3132934570312,593507
2023-01-13,943.9917943080334,945.9787254962254,934.3962897203321,944.6217651367188,390146
2023-01-16,946.560255611039,951.6003180797227,939.6786716734346,940.5025024414062,356574
2023-01-17,945.251792768583,958.7242593124637,940.5024906798852,956.834228515625,885830
2023-01-18,961.0504357697741,969.7251503455441,957.9488542419671,968.2228393554688,734651
2023-01-19,966.332788730462,968.2228195570206,948.2079793570275,950.2918701171875,598387
2023-01-20,950.8249251985479,957.3188483438893,943.071001241781,945.8333129882812,418246
2023-01-23,945.833323805481,948.5472445475837,941.3263909487127,947.0933837890625,290614
2023-01-24,947.0933700741673,953.7326437788387,937.3040056139042,941.9078979492188,444221
2023-01-25,940.1633512410032,940.1633512410032,919.2277786290456,921.166259765625,623055
2023-01-27,925.2855069032973,930.7616804698827,900.812183222561,915.9323120117188,648243
2023-01-30,915.9322519012035,931.1493392405289,907.596807451761,925.9638671875,549412
2023-01-31,928.5324126518213,948.8864634510784,925.6246911090703,943.458740234375,759060
2023-02-01,949.855680887797,954.7987837272784,913.4607122934922,926.7393188476562,1175811
2023-02-02,918.9369445533123,956.3981155864826,883.9473842562677,937.4979248046875,2772046
2023-02-03,938.8062969977825,968.2712309934122,931.4885432697714,940.1148071289062,1424837
2023-02-06,940.1632973850192,978.9329178957416,937.3040260408042,975.7344360351562,1203295
2023-02-07,980.6290338441274,1008.0100767955449,972.3420397558665,999.2384033203125,2630267
2023-02-08,1000.256207721119,1009.2216824511776,980.3867772382868,997.7362060546875,1004359
2023-02-09,989.5945742334409,1004.1331820821201,979.6598588701767,981.4044799804688,661402
2023-02-10,982.0344927291243,994.6345601521805,973.1174682403923,988.9160766601562,724694
2023-02-13,989.3038032229462,996.3792471346684,978.3028879082805,986.0083618164062,560147
2023-02-14,987.6560751932327,992.1630672073109,976.2674992525845,978.8844604492188,386474
2023-02-15,978.8845080627882,988.528463394017,973.2144153346595,979.56298828125,626181
2023-02-16,981.8406479242866,1003.1639393895722,979.9990672710042,993.3746337890625,1129579
2023-02-17,992.5508028508121,1001.5646687067668,984.3121992646106,987.5106811523438,466079
2023-02-20,989.2554050656555,994.149998923349,973.6021462978174,979.853759765625,598142
2023-02-21,980.8713637020433,986.6383563774924,967.301997010513,969.4827880859375,574836
2023-02-22,969.4827923640544,970.7912433519854,929.0654524229518,935.5109252929688,1803876
2023-02-23,939.1940458771578,959.4511960199593,932.6516724925646,942.9255981445312,1070215
2023-02-24,947.9172120651834,954.3626850741236,938.7094272854091,942.1986694335938,839873
2023-02-27,942.1018238107802,954.2173308042316,931.537078049391,944.8641357421875,1644171
2023-02-28,945.9787620192308,950.7765144983163,935.5109760743379,945.009521484375,715101
2023-03-01,942.101756928733,968.2712501767534,942.101756928733,963.90966796875,610565
2023-03-02,966.3328050736624,967.4474553424128,954.6050183642524,958.67578125,576642
2023-03-03,959.6450052885593,981.8406366306729,958.6757647785586,976.9459838867188,949753
2023-03-06,979.8536809791526,980.8229214649804,968.8043157776181,971.2274169921875,775814
2023-03-08,970.9851482441395,984.7483755608904,961.5835032994596,979.7083129882812,632362
2023-03-09,979.9021388758888,984.6514409568819,960.1781184973208,962.6981201171875,595044
2023-03-10,957.6096353834756,959.4027066854169,940.9386865796633,950.5826416015625,534453
2023-03-13,949.8557226710296,954.7988257279534,931.7309128660636,935.4625244140625,639656
2023-03-14,937.9340965909101,945.0095408084907,924.6554891603079,936.77099609375,618342
2023-03-15,946.9479793928887,953.2480427153592,930.4708907033502,933.6693725585938,340658
2023-03-16,936.2378824394377,936.2378824394377,914.2361110315139,929.0170288085938,634780
2023-03-17,933.766283331539,939.7755268605908,928.0477409513525,933.4754638671875,581953
2023-03-20,932.7971465851012,932.7971465851012,905.5130009246466,921.166259765625,698608
2023-03-21,921.7477249645248,928.2416482127536,918.8400034346682,923.8800659179688,366923
2023-03-22,923.686199376686,936.0924659837744,922.0384786900054,931.9247436523438,350721
2023-03-23,930.4708918219445,941.9563682297733,922.7654179174948,938.3217163085938,657902
2023-03-24,934.3478499047667,940.1632929539664,920.7784827899671,924.6069946289062,572686
2023-03-27,924.6554050448444,931.1008778101935,918.9853719788932,925.673095703125,372570
2023-03-28,927.0301199632203,930.6163217681999,921.1662265679449,924.4616088867188,498770
2023-03-29,924.461533955143,931.4400770612398,915.9322297844658,925.38232421875,608017
2023-03-31,930.0347373851677,950.873408750036,928.5808765922699,942.5379638671875,689153
2023-04-03,949.8072453734195,952.7634170841967,943.1679124148588,947.0933837890625,399269
2023-04-05,945.0579939779262,946.9480248970391,929.7440049974256,945.591064453125,479875
2023-04-06,945.6880070992966,959.5481349954592,942.489525147528,958.7243041992188,393374
2023-04-10,963.3766145205137,973.8444001727825,954.7019001445043,972.7782592773438,647601
2023-04-11,976.9944379852373,987.1230131867723,971.7605155472178,985.5237426757812,620280
2023-04-12,986.6867991482048,995.4099633842891,980.9198065161337,989.2553100585938,587158
2023-04-13,988.6253287892383,997.3484934550257,985.2329869747655,994.586181640625,468566
2023-04-17,990.5637512330537,998.2207745387548,956.3011245966514,960.3718872070312,608548
2023-04-18,949.8556581706373,949.8556581706373,897.5651231163275,903.4290161132812,6210562
2023-04-19,905.2706686128515,910.9892114888157,893.3005715507167,904.6891479492188,1912439
2023-04-20,901.5874970543011,916.4168644142254,898.4859157186536,913.7030029296875,1395931
2023-04-21,916.4653107713505,919.6153422857701,908.6629368517983,915.399169921875,835643
2023-04-24,917.8222740653491,920.1969250462435,913.8483526473084,919.3245849609375,460973
2023-04-25,921.7477327999328,925.0916244192421,912.5399478771154,915.3507690429688,728106
2023-04-26,914.9146140999661,919.7123665758597,901.393696816174,902.9444580078125,1074739
2023-04-27,906.0944275770443,916.1745521043417,900.472844695866,914.6722412109375,710930
2023-04-28,918.791554349515,929.5016501658623,914.9630424990344,923.3954467773438,737346
2023-05-02,925.915477760826,957.5127549185245,925.1885473544675,942.101806640625,1373516
2023-05-03,942.0533329222047,966.2358956681136,939.1940615637071,962.552734375,1096572
2023-05-04,969.1920680275141,986.5414378090377,940.1633026752196,952.0364990234375,3686017
2023-05-05,956.6888312440426,956.8826911771216,928.5324063283692,929.9862670898438,1526091
2023-05-08,935.3170549636064,943.9433188227413,930.9554728420145,940.1148071289062,859127
2023-05-09,942.7318130210595,948.8380164498352,934.3478588814828,936.1409301757812,842765
2023-05-10,942.150251198971,946.3179736722733,933.9601568381196,944.52490234375,902870
2023-05-11,946.9479353311327,959.5480613897864,945.5425248238112,958.1911010742188,974505
2023-05-12,960.5173350187594,965.266637129478,951.9395802611551,954.895751953125,719326
2023-05-15,959.4511577297402,963.1342596566047,949.0318227552817,959.6449584960938,422352
2023-05-16,963.4250995586011,965.315130448641,945.0095292451067,946.754150390625,452542
2023-05-17,949.8556709001198,954.265703254893,936.8678247981837,951.8910522460938,779613
2023-05-18,957.5611526797221,961.9711850719286,949.9041291555983,954.3626708984375,683500
2023-05-19,958.9665643295722,960.5173254502487,944.3794476309988,953.8780517578125,845534
2023-05-22,956.5919183918699,963.4250520502143,945.494102892338,956.834228515625,667367
2023-05-23,956.6403684859937,963.4250519504334,949.8556850215541,951.697265625,627065
2023-05-24,953.9264817858159,967.9320183997658,945.0094576360603,956.7372436523438,728156
2023-05-25,958.0457858344517,959.2088862681593,916.9499648950897,927.2723999023438,1620350
2023-05-26,930.4708636627158,942.3440595792453,925.6246612478058,940.4055786132812,702059
2023-05-29,942.392529921498,945.833321878104,937.8855970739138,941.9563598632812,456813
2023-05-30,944.4279766191058,945.0094972620149,933.8632313968732,939.2909545898438,477951
2023-05-31,941.1325318774442,942.5863926372961,934.3478483314689,940.7448120117188,710320
2023-06-01,942.1017404609696,946.8510424453209,936.4317073527742,939.1455688476562,414830
2023-06-02,940.1632813175084,949.2741656449205,938.2248003251012,939.9694213867188,516827
2023-06-05,949.4679703539789,986.6383790321245,946.8025589783696,964.9273681640625,5155439
2023-06-06,969.2404923349056,976.1220761673854,958.3849869892057,963.1827392578125,966295
2023-06-07,966.7689386939143,969.2404901121513,960.8080860166266,964.1519775390625,485131
2023-06-08,968.2712309262475,983.7790784686098,966.3812001754734,972.3905029296875,1389967
2023-06-09,973.1174598182904,977.0913221962829,950.9703381060419,955.6226806640625,959079
2023-06-12,959.5481007082859,961.3411719808546,952.9088269068875,957.3673095703125,601656
2023-06-13,959.5481457561417,975.055994576443,958.6273554008866,969.2890014648438,1236924
2023-06-14,960.8050846787636,968.6477994547147,944.9717157304212,964.7510986328125,3249390
2023-06-15,955.9218853158011,957.6975795620344,940.6310811647227,945.5635986328125,3592424
2023-06-16,946.0568522404859,959.6212753044136,943.0973417538107,957.8455810546875,1397816
2023-06-19,959.275989832011,966.7733920531723,954.738037783293,965.2443237304688,1155057
2023-06-20,966.7734340246885,972.6924550493295,960.9037261329738,970.2261962890625,1267022
2023-06-21,975.1093666132591,985.5169661757392,963.961889448545,983.7412719726562,1757441
2023-06-22,989.9562488110281,996.171208734379,978.8087714546377,990.9920654296875,1685291
2023-06-23,995.2834163252309,995.3820425917718,963.2220522179638,966.82275390625,1289496
2023-06-26,968.6971143661099,983.5439798532099,956.9576987466942,980.53515625,962543
2023-06-27,980.535147635859,1006.2335512907608,980.535147635859,992.6691284179688,2034613
2023-06-28,996.3684997941499,1001.9422684567636,979.6472540177022,982.8040771484375,1118507
2023-06-30,988.4764605071343,993.8529163715324,979.6472425551364,987.8845825195312,892662
2023-07-03,990.4494971539834,1002.7807906942472,987.4899867043201,994.44482421875,817032
2023-07-04,996.9603743095001,1015.112062089338,991.2879794047249,993.260986328125,2029338
2023-07-05,996.3685308095006,1002.7808035325321,990.0055712189827,993.7542724609375,612300
2023-07-06,995.7766615162604,1004.260567570312,991.0907698699353,999.1307373046875,566109
2023-07-07,1000.4131837476979,1012.1525995817916,982.0642425766799,988.673828125,1235538
2023-07-10,992.4224892407387,993.4089927091688,968.4997801313074,982.8533935546875,1102693
2023-07-11,984.5304883599853,985.516991855336,972.692446415777,978.8580932617188,938584
2023-07-12,979.795289015402,984.7278065192941,968.7464377644047,970.1768798828125,827540
2023-07-13,974.0735641261191,977.131700841773,958.289508383092,963.8139038085938,908833
2023-07-14,965.7869305205818,977.2303470836628,963.8139235123681,970.2261962890625,935472
2023-07-17,973.5802983566963,982.3601431104177,970.7194142099349,980.2391967773438,795781
2023-07-18,980.5844320803504,992.4224735139161,976.8850441323613,984.3824462890625,961824
2023-07-19,982.5574933737628,991.1893990635424,979.5979828515527,984.2838745117188,520288
2023-07-20,988.2791577200295,988.2791577200295,977.0823674935444,981.0283813476562,565418
2023-07-21,979.4499603793334,980.5844634709249,965.3922857269584,974.3201904296875,628105
2023-07-24,976.6384621186427,983.5439865982695,973.6789516273741,977.1317138671875,591437
2023-07-25,981.0777214428109,981.5709731881316,961.8409033753048,963.9125366210938,1065233
2023-07-26,963.9125237027224,988.476484375043,963.9125237027224,984.727783203125,1543349
2023-07-27,989.660292870944,992.4224905438969,972.8404207544022,980.2391967773438,1019601
2023-07-28,985.5169490797081,1039.7252656272408,983.9878807705616,1036.864501953125,5379672
2023-07-31,1045.9897408413842,1057.334531434359,1036.8645831905133,1045.052490234375,1732206
2023-08-01,1049.8369035569663,1068.9750942112332,1045.2003855983658,1058.4195556640625,1489507
2023-08-02,1045.6442934781833,1045.6442934781833,1013.188426006613,1027.3447265625,1742065
2023-08-03,1025.9635886393698,1032.7211131915242,1016.1479274748666,1025.4703369140625,643369
2023-08-04,1032.3758581749062,1044.5098987525735,1028.2325918630504,1033.31298828125,905449
2023-08-07,1040.810492111796,1047.6666427819816,1021.1296764273355,1025.17431640625,704409
2023-08-08,996.368492991302,1018.0221957342266,988.7724043192878,996.7137451171875,2803220
2023-08-09,995.3820406803964,1000.5118709699879,974.0735889684269,996.5658569335938,2504277
2023-08-10,998.3415250197522,1002.1889126888722,990.3014975469425,994.44482421875,694086
2023-08-11,995.3820364379333,1003.32337761005,988.476511903676,992.1265869140625,821837
2023-08-14,992.4224915992496,993.4089950700242,974.8627418617403,988.1312255859375,650309
2023-08-16,986.0102593830848,986.8981366276679,975.1587207605596,977.3290405273438,556999
2023-08-17,979.2033483139832,986.5034982858566,975.1587080555693,978.0195922851562,704109
2023-08-18,979.3020344301088,988.4765049185106,968.7464349600573,985.0237426757812,694939
2023-08-21,985.0237347833571,992.422510958495,982.7547887985937,987.539306640625,583175
2023-08-22,993.40903445544,994.3955379653262,986.5035098862362,990.4495239257812,426545
2023-08-23,995.3820253914506,1002.1395502404223,989.956256174748,991.0907592773438,633794
2023-08-24,996.4178052530887,1003.6686417928948,990.5974709803968,1001.9422607421875,575632
2023-08-25,1003.2740184279395,1007.2200322663975,986.5034596144932,997.6016235351562,1015895
2023-08-28,1001.3010485495112,1026.9501394483163,992.1758912105132,1021.77099609375,1955741
2023-08-29,1026.950145565612,1062.4642716370454,1025.9636420636277,1052.5006103515625,3555138
2023-08-30,1062.4148903602945,1065.2757745792462,1042.4875679381164,1045.397705078125,907511
2023-08-31,1049.2450299083716,1057.5316828510897,1038.393492117922,1047.1240234375,628121
2023-09-01,1050.6262167571658,1061.4777551462068,1047.4694537585603,1056.6932373046875,591330
2023-09-04,1060.6391882454072,1083.1807675660273,1056.0519232053116,1075.0421142578125,1378530
2023-09-05,1081.5038683533264,1095.8574224644042,1077.4098546183393,1088.853271484375,1233591
2023-09-06,1091.0728810509268,1092.0593845600145,1063.6480353291738,1075.387451171875,642702
2023-09-07,1080.2212539115264,1081.4050098562896,1063.647948148155,1071.49072265625,665262
2023-09-08,1071.5399784292342,1079.5307525574126,1067.0020867318424,1070.6522216796875,473019
2023-09-11,1071.3427668873014,1083.1808085103655,1065.522372338071,1071.244140625,511237
2023-09-12,1071.2442120800795,1076.176729752036,1028.9231863701334,1031.9813232421875,868126
2023-09-13,1035.8286909167934,1048.7026099587333,1024.0400220797621,1038.6895751953125,745777
2023-09-14,1044.7071859883213,1062.6122482463331,1043.0301782403637,1060.04736328125,610424
2023-09-15,1062.464209203973,1066.9034747020398,1048.998413108614,1056.0025634765625,646144
2023-09-18,1055.6081118483005,1056.6438682632524,1041.8956891981236,1043.6220703125,337323
2023-09-20,1041.895727659455,1041.895727659455,1025.2731672576842,1033.658447265625,591699
2023-09-21,1033.6584077084008,1036.2725456255412,1016.197223635825,1020.8338623046875,618526
2023-09-22,1024.977136566244,1025.5197616603953,1008.2558901978844,1021.8203735351562,486756
2023-09-25,1027.9366290097346,1034.2009020405433,1020.0446011478556,1031.192138671875,612625
2023-09-26,1031.1921121210353,1035.2860051307457,1021.0804516833549,1022.9547119140625,268848
2023-09-27,1027.887253272145,1035.8286544587777,1021.9189794691745,1029.4163818359375,461560
2023-09-28,1022.0176170948167,1035.5820401016254,998.0455942959721,1002.435546875,622778
2023-09-29,1007.1707480924423,1024.6811247926403,1005.0497415087339,1017.2823486328125,340818
2023-10-03,1019.008737830225,1019.008737830225,1008.2558858527076,1011.2647094726562,227220
2023-10-04,1011.0180465013561,1011.0180465013561,986.5034596144932,997.6016235351562,457424
2023-10-05,1005.14844831863,1011.1660956324698,992.4225289817216,995.677978515625,286411
2023-10-06,998.3415432724945,1001.1037410337361,991.7319577717908,999.0814208984375,348344
2023-10-09,991.4359901113747,997.3550109478605,982.9027109875502,990.7947387695312,405937
2023-10-10,994.3955026549513,1009.1930547777928,994.3955026549513,1003.0767211914062,366136
2023-10-11,1027.9366054367179,1048.6531780990701,1019.0580742957098,1022.1162109375,2758083
2023-10-12,1028.8737416885149,1028.9231150309292,1016.0985699730173,1024.8291015625,465767
2023-10-13,1021.9682035571886,1031.4387330404259,1013.1390458254865,1021.1296997070312,409241
2023-10-16,1020.9324764811222,1035.8286549583465,1018.0715923019177,1026.8021240234375,583658
2023-10-17,1030.9455128011912,1036.8151603543483,1027.9366290097346,1031.192138671875,536501
2023-10-18,1032.869134546325,1036.5191492213569,1018.367581685993,1030.15625,976236
2023-10-19,1029.909645596591,1029.909645596591,1005.8883096521479,1017.3317260742188,734831
2023-10-20,1011.16607764152,1020.1926086630729,996.3685252857904,998.0455932617188,588202
2023-10-23,1000.3145131309482,1003.422023129078,961.8901911414798,965.2936401367188,825192
2023-10-25,966.7734076734292,978.6114494000427,949.0163450835091,950.5947265625,729081
2023-10-26,949.0163575124985,950.0028610026362,922.3807632787797,928.0038452148438,1061128
2023-10-27,938.9540071906125,946.7967219570997,934.268115625834,942.8507080078125,404416
2023-10-30,942.1108355414297,948.0298564977109,935.6985628387916,937.6715698242188,406988
2023-10-31,945.021021040192,951.7292326642691,939.1513132898516,946.254150390625,432972
2023-11-01,945.5635870291925,947.0433422514603,936.1918039548291,937.5235595703125,363571
2023-11-02,943.0973165978015,947.4872690782184,940.384432057379,946.1061401367188,230632
2023-11-03,950.9400612995488,951.9265647999972,943.9358503195277,945.6622314453125,280436
2023-11-06,951.9758548214169,965.6882772293088,951.9758548214169,960.213134765625,400869
2023-11-07,962.7780880997967,962.7780880997967,948.0298489587321,950.6934204101562,547913
2023-11-08,947.2406633344164,955.5272565252778,941.272329260972,945.5142822265625,910691
2023-11-09,948.0298372255788,950.8907213808482,942.5054418632442,946.1554565429688,462572
2023-11-10,945.0703555931775,954.2448261260723,939.7432125940023,950.9400634765625,436075
2023-11-13,941.0256853229112,950.0028428268525,932.4430930806391,933.87353515625,1293837
2023-11-15,942.1108310519471,942.6533959280752,935.303932900103,936.734375,463515
2023-11-16,938.6580837711666,944.6757310591825,935.5012605170455,941.3216552734375,510001
2023-11-17,938.7073587667495,956.020482511028,938.7073587667495,950.3974609375,824095
2023-11-20,950.6934194727295,954.836746147371,940.1378201527648,942.8013916015625,390897
2023-11-21,944.083852642223,957.8949016881907,944.083852642223,948.3258056640625,385963
2023-11-22,950.9893800926575,954.4421423647782,938.214147643532,947.4873046875,456965
2023-11-23,947.4872962354601,958.2895215755843,947.0433576192971,952.6171264648438,722824
2023-11-24,953.9488390548763,955.823219700141,945.0703079778403,947.6351928710938,410255
2023-11-28,947.635190796943,958.8320410908667,945.6621838952534,955.4779052734375,542859
2023-11-29,956.859065224482,960.8543922877117,953.9981810396837,959.4239501953125,458992
2023-11-30,958.585424247033,959.8185535721908,949.016328641529,957.352294921875,810025
2023-12-01,957.2043219603154,967.463982315745,953.011682138084,956.8590698242188,603363
2023-12-04,965.7868828952337,965.7868828952337,957.8948552515545,959.9171752929688,599063
2023-12-05,961.840896211121,971.8045573078273,960.3611409861809,969.9302368164062,1291543
2023-12-06,981.5709866173834,1015.9999829963604,981.5709866173834,998.242919921875,4017068
2023-12-07,1006.0362094232989,1011.4126652849415,994.494106979817,1004.5071411132812,796187
2023-12-08,1010.8208417358634,1013.3857267674847,976.6384711606813,983.39599609375,1179751
2023-12-11,991.3867037311319,1012.3498428812851,986.0102476173028,1004.3098754882812,1163115
2023-12-12,1010.2782186102785,1011.1660958521703,987.884637144425,992.1759033203125,942123
2023-12-13,998.1441839220715,1001.3010070209679,987.687271381582,993.162353515625,592127
2023-12-14,997.355046167974,1005.5430132386466,992.6198413738474,994.7901611328125,1124981
2023-12-15,1010.9194285716826,1030.7974975313016,998.5881352248701,1016.0985717773438,2655928
2023-12-18,1020.735134079437,1028.775161774052,1013.1391052181933,1020.2418823242188,896701
2023-12-19,1025.963647206932,1026.9501507138618,1007.3187068414016,1019.3047485351562,608182
2023-12-20,1019.5513549175284,1035.7300362063895,971.7059357462656,975.25732421875,1651350
2023-12-21,975.2573081438783,998.3415134687203,966.7734023708952,996.0232543945312,813289
2023-12-22,1002.2875254243482,1026.9501121719945,998.8347632796778,1008.255859375,1179769
2023-12-26,1013.1390855251885,1087.126847369774,1006.9241255725223,1079.4814453125,7243281
2023-12-27,1085.1537810435893,1087.965291755373,1062.6122015855588,1075.1407470703125,1984857
2023-12-28,1079.9253467479004,1080.2213459707077,1064.4866631186076,1071.9346923828125,1387134
2023-12-29,1077.2618181058326,1107.843426495284,1068.9259117300821,1089.198486328125,2522155
2024-01-01,1097.978421449606,1119.5828726947632,1091.3195226672296,1102.762939453125,1851611
2024-01-02,1102.8122561533487,1124.120707077903,1086.1403233811068,1107.2021484375,1578917
2024-01-03,1107.1529618770985,1114.3051124824472,1082.1943743541433,1097.6331787109375,1404894
2024-01-04,1101.9737755169856,1122.5916021916632,1097.9783881994351,1116.278076171875,867201
2024-01-05,1124.564654828837,1125.6005317081158,1079.4814915176212,1089.7904052734375,1608206
2024-01-08,1094.0323360528191,1095.8080904481687,1067.5447422626978,1084.2166748046875,1206551
2024-01-09,1087.1267962433544,1102.9108513612252,1082.3915315388797,1089.247802734375,920494
2024-01-10,1090.1356996982165,1093.5884618178961,1073.3157674889492,1082.53955078125,389257
2024-01-11,1081.2078227090672,1098.9648854907855,1081.2078227090672,1089.9383544921875,572512
2024-01-12,1095.0188274971458,1109.668379618294,1081.8982834670303,1097.1890869140625,1080170
2024-01-15,1103.7987322706438,1109.8163792200803,1092.2073167543451,1097.1890869140625,575875
2024-01-16,1097.1890873345308,1102.6148563016861,1074.7461338794797,1087.5706787109375,603729
2024-01-17,1083.1314638535675,1090.036988316575,1065.3744009486918,1069.0245361328125,612371
2024-01-18,1065.4237983587338,1077.7550923212193,1033.8556858147713,1051.859375,785453
2024-01-19,1060.4419158125056,1082.0463670901408,1055.7067711471514,1060.7379150390625,998025
2024-01-23,1045.7430903680918,1053.5857450766525,986.5528197591312,990.4002075195312,1148896
2024-01-24,995.3327039322934,1009.1930658640019,985.0730435965278,1004.112548828125,808345
2024-01-25,1008.2065786750519,1012.1525926816079,987.5886314062387,992.0772705078125,713684
2024-01-29,996.5165027781285,1004.2605309212051,992.8171147712969,999.4760131835938,626512
2024-01-30,999.4760533651694,1014.0269801103592,989.4630186729042,992.1759033203125,709805
2024-01-31,996.467117457629,1018.663445231809,993.4089808266323,1014.1749267578125,941821
2024-02-01,1021.0310881770052,1021.9682183013864,998.3415084397384,1001.202392578125,722085
2024-02-02,1009.1930561661145,1010.1302465107958,981.077707094038,983.8399047851562,2230529
2024-02-05,985.5169515368706,989.4136522263669,962.8273720720578,966.0335083007812,2154399
2024-02-06,922.6273747302581,988.8711071421471,922.6273747302581,978.5621337890625,5059499
2024-02-07,981.4723601168445,982.5081767536627,968.9930667079236,973.728271484375,967740
2024-02-08,973.7282699040048,976.6384672780721,954.9353902274484,957.9442138671875,1013560
2024-02-09,957.9441660181383,966.8720102257406,937.2769066349755,944.1331176757812,1277795
2024-02-12,948.0298554530322,960.2625228337582,931.3086092276847,933.2816162109375,1054918
2024-02-13,940.976319448413,948.7204078861305,924.5017595166732,945.3662719726562,917512
2024-02-14,945.0703274452075,956.9083691251057,934.9586668436277,953.15966796875,464013
2024-02-15,954.9846880592208,965.6882870145284,948.9177277441132,952.4691162109375,654078
2024-02-16,963.8138755825855,967.7105762723064,957.1056641305328,959.0293579101562,655961
2024-02-19,965.2443159533303,971.3112760644763,958.8813566370712,964.2578125,515992
2024-02-20,970.6208111255777,978.5621522042259,960.9530287222897,970.0781860351562,877382
2024-02-21,973.7282248752806,983.5439463115409,960.90367993842,964.30712890625,771887
2024-02-22,965.2936589043824,970.374175930542,955.9711889401348,967.3159790039062,415917
2024-02-23,971.8045848229117,974.4188432122155,961.8409234441004,963.3206787109375,396790
2024-02-26,968.4997657806656,971.1633371482385,952.9623363831148,954.639404296875,447272
2024-02-27,958.8813782548198,961.8408886815322,945.8102072035066,948.8190307617188,427306
2024-02-28,948.0298430308401,952.4691086849907,927.806521717487,931.35791015625,733055
2024-02-29,932.344443470467,934.3174504910046,920.4077750807731,926.5241088867188,867903
2024-03-01,933.2322873202237,958.1908131946486,932.2457838452551,954.9353637695312,871124
2024-03-04,968.6971260165185,995.5793464511618,956.2178326292727,989.4630126953125,1736389
2024-03-05,1006.282867341262,1070.3562807030457,997.3550228486445,1046.9761962890625,9469271
2024-03-06,1048.6531487605685,1186.6156297128564,1033.4117188973664,1162.544921875,18967589
2024-03-07,1171.028963630654,1330.7931485258566,1159.832053181405,1297.4986572265625,47822207
2024-03-11,1203.5342875394504,1205.5072945682036,1154.2091118206204,1159.5362548828125,14713647
2024-03-12,1149.276546756723,1153.6664390451767,1090.1849646028716,1128.2147216796875,7447480
2024-03-13,1130.532975169933,1153.2225549508303,1066.8541280939953,1082.63818359375,3797424
2024-03-14,1077.2124507824929,1134.3310276298132,1062.9575233484675,1119.9281005859375,2785690
2024-03-15,1121.3584011729242,1132.5059381056203,1097.4850663262216,1113.5157470703125,1603137
2024-03-18,1110.8029114716123,1127.9680959998695,1088.1627049175713,1121.2105712890625,921313
2024-03-19,1119.3854037159197,1121.4571572754014,1098.5209523257874,1105.771728515625,956762
2024-03-20,1110.8029364105198,1116.7219573860643,1006.7761307230461,1017.381103515625,9017251
2024-03-21,1034.6941707580097,1040.7611913609276,1016.59185563738,1020.9324951171875,1736489
2024-03-22,1010.2288939234077,1050.4781619429425,1006.2335068301161,1032.2772216796875,2872800
2024-03-26,1036.8151632870731,1081.2078201357108,1031.9812721234414,1072.378662109375,2028039
2024-03-27,1077.3603844458303,1127.3761811867182,1055.7559349910553,1095.3148193359375,7031720
2024-03-28,1096.991879935849,1109.1751739423053,1060.6885033659785,1066.3116455078125,2523895
2024-04-01,1081.6023931379793,1110.5068716078279,1068.8764747075736,1072.5264892578125,2104600
2024-04-02,1081.1091722662134,1090.086329720531,1072.3292673359433,1079.0867919921875,1280532
2024-04-03,1072.4279364669876,1097.6824021166944,1072.4279364669876,1077.0645751953125,1747357
2024-04-04,1087.1268061221222,1091.911323788647,1072.3292543146522,1078.8895263671875,1138261
2024-04-05,1080.1719004450588,1144.3439978012148,1073.4143759219103,1117.2645263671875,8082508
2024-04-08,1124.614029044481,1132.358057703781,1105.9690881626057,1122.1971435546875,1945676
2024-04-09,1126.5869398759035,1147.3035123254601,1114.9955243386512,1122.591552734375,2377893
2024-04-10,1124.7619636846437,1172.7553819379898,1124.7619636846437,1152.7786865234375,5057112
2024-04-12,1154.2090264327492,1165.4551897492147,1130.5329438392569,1132.9498291015625,2492408
2024-04-15,1105.8703458583093,1114.6502504764421,1060.9844397596894,1087.2747802734375,2859502
2024-04-16,1076.1767100553,1114.3543479683792,1074.4009555567786,1091.2701416015625,1695444
2024-04-18,1106.758302098426,1140.3486740611454,1082.095714568034,1090.1357421875,2704435
2024-04-19,1075.2888479437995,1108.3367162062925,1065.9170644066746,1088.853271484375,2126463
2024-04-22,1103.897335520545,1107.8433492310742,1082.9835110238528,1100.345947265625,1853764
2024-04-23,1104.7359273899478,1114.7489620629476,1095.0188919379398,1099.852783203125,1354218
2024-04-24,1108.8299685142326,1129.4479163905596,1100.9873136142326,1111.6414794921875,2258338
2024-04-25,1118.6455803306153,1125.797730607632,1093.588488112126,1097.7811279296875,2113748
2024-04-26,1107.1529328146294,1117.2152204054562,1101.085912168929,1106.85693359375,1171198
2024-04-29,1119.6813942639055,1120.667897694975,1081.1091341936435,1084.6605224609375,2083202
2024-04-30,1051.6126672581845,1070.2576063626095,1035.8286122149098,1057.6796875,5927320
2024-05-02,1057.5316960802527,1095.9559572043534,1050.724798205627,1085.7950439453125,3008089
2024-05-03,1089.0011739380566,1094.4269428702012,1067.791349930583,1076.0780029296875,1026369
2024-05-06,1081.2078692473467,1088.6066457248605,1054.0296488174952,1067.8406982421875,798202
2024-05-07,1067.840619796667,1073.2171358957014,1046.1869170656482,1049.19580078125,700537
2024-05-08,1049.195772775097,1069.4683460394128,1041.0571194649572,1065.4237060546875,634335
2024-05-09,1065.4238164627407,1069.369830597788,1027.9366821797926,1030.2056884765625,623050
2024-05-10,1030.8961418217966,1048.5545782877994,1028.9231348518026,1044.3619384765625,684671
2024-05-13,1042.7341773678195,1050.62620520031,1018.2688429179835,1048.6531982421875,598289
2024-05-14,1047.9133266705794,1053.9309738429672,1033.8556520129605,1051.3660888671875,567464
2024-05-15,1051.4646871957214,1086.6335595770763,1051.4646871957214,1057.9755859375,962430
2024-05-16,1065.4237902527702,1070.9975591659656,1056.939884155686,1068.38330078125,533612
2024-05-17,1068.3832168255663,1090.332918186941,1064.2399505803971,1069.8135986328125,695850
2024-05-21,1064.4372868722633,1079.580091660262,1060.7872720558123,1072.773193359375,572520
2024-05-22,1069.5177354208663,1080.0732741274605,1061.9215866304717,1071.78662109375,496537
2024-05-23,1066.4596419362367,1080.0733177922589,1062.4642546479715,1074.154296875,927993
2024-05-24,1075.1408507753854,1103.3055747964565,1065.4731884108783,1069.616455078125,3184058
2024-05-27,1077.8537078162801,1101.9244174750472,1071.7374342411306,1090.234375,2360517
2024-05-28,1093.9337102349323,1113.7624056847087,1075.7326491549697,1081.6024169921875,1614143
2024-05-29,1081.6024692246392,1086.5842396816151,1055.8053784304739,1057.8277587890625,913212
2024-05-30,1058.1729238506277,1064.3878231799786,1023.004052633586,1029.4656982421875,1061955
2024-05-31,1034.2995234264872,1041.698299512106,1013.1390719907325,1016.24658203125,1306729
2024-06-03,1053.5857507574665,1053.5857507574665,1019.6993792067075,1046.5322265625,1408614
2024-06-04,1053.585687156549,1053.585687156549,947.0926274283629,983.49462890625,1950548
2024-06-05,1002.2875090037244,1032.8691160697829,978.1181743870007,1029.021728515625,833436
2024-06-06,1032.8197325198873,1052.5991747410706,1030.8960989732134,1048.9984130859375,857357
2024-06-07,1015.0134112036452,1047.2720254495327,1004.2111865178116,1041.8956298828125,2477378
2024-06-10,1050.5768271276306,1082.884815921441,1045.6936830973757,1071.3427734375,2458143
2024-06-11,1066.5089199106071,1105.8210606750058,1058.9128910574661,1096.4000244140625,3432029
2024-06-12,1110.9000244140625,1135.0,1097.0,1123.5999755859375,3594685
2024-06-13,1123.5999755859375,1130.0,1106.050048828125,1116.300048828125,1081926
2024-06-14,1116.300048828125,1123.0,1100.699951171875,1105.8499755859375,1024057
2024-06-18,1106.0,1124.4000244140625,1101.25,1121.0999755859375,1365786
2024-06-19,1127.0,1139.0,1104.199951171875,1106.8499755859375,1620864
2024-06-20,1113.0,1161.300048828125,1105.300048828125,1154.0,6000213
2024-06-21,1162.0,1162.0,1120.449951171875,1126.300048828125,2066048
2024-06-24,1125.0,1125.300048828125,1092.4000244140625,1103.449951171875,1640665
2024-06-25,1106.9000244140625,1122.0,1095.0,1097.050048828125,1007056
2024-06-26,1100.050048828125,1111.0,1089.5,1092.449951171875,1154125
2024-06-27,1092.3499755859375,1099.199951171875,1074.0,1091.6500244140625,1657793
2024-06-28,1095.0,1106.9000244140625,1087.550048828125,1103.0999755859375,1052712
2024-07-01,1107.949951171875,1117.300048828125,1103.5999755859375,1107.3499755859375,1136445
2024-07-02,1108.949951171875,1116.050048828125,1090.3499755859375,1095.300048828125,863073
2024-07-03,1098.5,1112.8499755859375,1095.0,1103.449951171875,878761
2024-07-04,1107.0,1120.0,1100.5,1103.6500244140625,1102773
2024-07-05,1103.6500244140625,1110.0,1089.0,1101.75,1658503
2024-07-08,1101.75,1111.1500244140625,1078.6500244140625,1079.949951171875,1111230
2024-07-09,1085.0,1096.4000244140625,1079.0,1082.75,816669
2024-07-10,1082.75,1089.8499755859375,1043.25,1063.6500244140625,2550443
2024-07-11,1072.0,1073.6500244140625,1053.6500244140625,1059.0,1366004
2024-07-12,1065.0,1074.0,1061.4000244140625,1065.699951171875,617639
2024-07-15,1066.949951171875,1070.449951171875,1058.0999755859375,1066.449951171875,1152257
2024-07-16,1071.449951171875,1077.949951171875,1064.4000244140625,1065.9000244140625,603025
2024-07-18,1065.949951171875,1068.9000244140625,1047.1500244140625,1060.550048828125,1395138
2024-07-19,1059.949951171875,1061.75,1038.050048828125,1044.199951171875,1851329
2024-07-22,1039.949951171875,1070.0,1032.4000244140625,1067.0999755859375,984913
2024-07-23,1069.0,1069.9000244140625,1019.2000122070312,1044.8499755859375,794063
2024-07-24,1046.0999755859375,1057.6500244140625,1043.0999755859375,1051.5,426005
2024-07-25,1048.5,1052.0,1041.449951171875,1047.699951171875,425920
2024-07-26,1048.050048828125,1075.949951171875,1048.050048828125,1070.699951171875,873682
2024-07-29,1079.0,1105.949951171875,1076.050048828125,1098.5999755859375,1876689
2024-07-30,1098.0,1121.0,1094.050048828125,1111.5,1426606
2024-07-31,1121.0,1129.0,1106.050048828125,1119.6500244140625,1377588
2024-08-01,1129.949951171875,1133.0,1095.199951171875,1103.75,872250
2024-08-02,1095.949951171875,1100.199951171875,1078.5999755859375,1087.0,944709
2024-08-05,1050.0,1083.5,1045.0999755859375,1053.25,1034008
2024-08-06,1066.0,1078.4000244140625,1027.1500244140625,1032.8499755859375,1715631
2024-08-07,1045.9000244140625,1056.800048828125,1034.300048828125,1053.050048828125,538673
2024-08-08,1048.199951171875,1051.1500244140625,1027.3499755859375,1029.9000244140625,711931
2024-08-09,1035.8499755859375,1055.75,1035.8499755859375,1041.699951171875,488798
2024-08-12,1041.699951171875,1056.0,1030.5999755859375,1048.3499755859375,506098
2024-08-13,1049.0,1050.0,1025.050048828125,1027.75,662395
2024-08-14,1034.9000244140625,1034.9000244140625,1011.0999755859375,1019.75,917164
2024-08-16,1022.0499877929688,1044.9000244140625,1022.0499877929688,1042.3499755859375,461190
2024-08-19,1045.0,1055.0,1041.1500244140625,1052.949951171875,387913
2024-08-20,1052.0,1064.0,1048.5,1059.6500244140625,547522
2024-08-21,1053.949951171875,1067.949951171875,1051.699951171875,1062.300048828125,376197
2024-08-22,1062.300048828125,1093.050048828125,1062.300048828125,1085.449951171875,967795
2024-08-23,1091.9000244140625,1091.9000244140625,1068.0999755859375,1072.300048828125,614605
2024-08-26,1079.949951171875,1083.0,1071.0,1073.1500244140625,317928
2024-08-27,1073.4000244140625,1097.75,1072.75,1086.800048828125,1126815
2024-08-28,1089.0,1106.0,1072.449951171875,1075.6500244140625,1009628
2024-08-29,1075.6500244140625,1076.550048828125,1057.550048828125,1073.300048828125,663496
2024-08-30,1073.300048828125,1096.0,1073.300048828125,1082.6500244140625,784070
2024-09-02,1083.0,1097.0,1077.25,1084.1500244140625,524425
2024-09-03,1082.0,1112.5,1082.0,1108.300048828125,1756062
2024-09-04,1106.9000244140625,1106.9000244140625,1076.300048828125,1081.4000244140625,1108263
2024-09-05,1083.300048828125,1088.25,1071.300048828125,1081.25,1278880
2024-09-06,1082.0,1085.5,1053.300048828125,1056.6500244140625,1014325
2024-09-09,1057.0,1057.0,1039.0,1052.050048828125,431616
2024-09-10,1060.0,1068.0,1055.0,1062.8499755859375,452578
2024-09-11,1063.699951171875,1065.8499755859375,1028.25,1030.199951171875,755783
2024-09-12,1032.0999755859375,1045.5,1025.0,1043.6500244140625,622430
2024-09-13,1045.0,1066.050048828125,1041.5,1053.699951171875,507348
2024-09-16,1053.699951171875,1060.199951171875,1040.0,1041.75,697399
2024-09-17,1049.0,1049.0,1029.0,1030.8499755859375,595277
2024-09-18,1031.0,1035.800048828125,1006.0499877929688,1017.5999755859375,1193561
2024-09-19,1025.699951171875,1029.0,993.0499877929688,1022.5,1428078
2024-09-20,1025.0,1030.949951171875,1015.5999755859375,1025.699951171875,541066
2024-09-23,1030.0,1038.300048828125,1026.0999755859375,1034.0999755859375,455243
2024-09-24,1031.25,1056.300048828125,1031.25,1049.949951171875,1082182
2024-09-25,1051.0,1066.8499755859375,1051.0,1058.050048828125,859249
2024-09-26,1060.0,1062.0,1042.0999755859375,1054.449951171875,481760
2024-09-27,1057.5999755859375,1089.800048828125,1056.1500244140625,1067.199951171875,2285624
2024-09-30,1079.949951171875,1101.300048828125,1074.1500244140625,1091.0999755859375,2456424
2024-10-01,1099.0,1139.949951171875,1088.0,1132.5999755859375,3781132
2024-10-03,1119.5,1140.0,1091.25,1133.050048828125,1946547
2024-10-04,1132.5,1163.0,1102.25,1128.6500244140625,3609598
2024-10-07,1142.0,1143.25,1071.1500244140625,1077.6500244140625,1550240
2024-10-08,1077.6500244140625,1104.449951171875,1055.8499755859375,1085.699951171875,1023319
2024-10-09,1093.0,1144.5999755859375,1091.199951171875,1105.3499755859375,2757842
2024-10-10,1160.0,1204.449951171875,1132.6500244140625,1151.199951171875,12418567
2024-10-11,1156.9000244140625,1188.699951171875,1145.699951171875,1183.0999755859375,4347446
2024-10-14,1194.0,1200.300048828125,1097.0,1104.5,6645765
2024-10-15,1107.9000244140625,1121.75,1095.1500244140625,1099.0,2058334
2024-10-16,1095.0,1109.0,1092.0,1100.3499755859375,929093
2024-10-17,1102.0,1118.0,1064.300048828125,1073.8499755859375,1406274
2024-10-18,1055.050048828125,1093.449951171875,1040.0,1088.0999755859375,2178864
2024-10-21,1140.0,1247.3499755859375,1127.199951171875,1189.0,19163502
2024-10-22,1170.0,1181.5,1129.300048828125,1143.300048828125,6566552
2024-10-23,1142.0,1163.4000244140625,1122.1500244140625,1124.8499755859375,2878025
2024-10-24,1129.699951171875,1143.949951171875,1101.0,1107.25,1686540
2024-10-25,1110.0,1115.050048828125,1052.3499755859375,1064.75,1915919
2024-10-28,1070.0,1105.949951171875,1065.0,1091.6500244140625,1585694
2024-10-29,1097.0999755859375,1103.5,1072.6500244140625,1096.199951171875,1099457
2024-10-30,1096.0,1138.5999755859375,1088.050048828125,1131.75,2265808
2024-10-31,1131.0,1158.4000244140625,1124.6500244140625,1148.9000244140625,1792719
2024-11-01,1154.0,1163.8499755859375,1148.0,1154.75,287093
2024-11-04,1154.75,1154.75,1110.9000244140625,1125.75,658591
2024-11-05,1128.0,1141.0,1112.0,1129.800048828125,922441
2024-11-06,1130.0,1156.0,1126.199951171875,1150.550048828125,927428
2024-11-07,1150.9000244140625,1159.199951171875,1117.0,1120.25,692065
2024-11-08,1127.0,1127.949951171875,1098.0,1101.5,634107
2024-11-11,1101.449951171875,1104.800048828125,1080.0999755859375,1096.550048828125,876068
2024-11-12,1095.5,1112.449951171875,1068.0,1072.3499755859375,673271
2024-11-13,1076.6500244140625,1080.800048828125,1034.800048828125,1041.1500244140625,848792
2024-11-14,1041.1500244140625,1066.949951171875,1041.050048828125,1058.550048828125,588233
2024-11-18,1058.0,1069.0,1047.199951171875,1058.949951171875,470959
2024-11-19,1067.949951171875,1086.5,1061.0,1068.25,442292
2024-11-21,1062.300048828125,1065.0,1042.3499755859375,1045.0999755859375,543330
2024-11-22,1045.0,1072.4000244140625,1042.199951171875,1069.9000244140625,404809
2024-11-25,1090.0,1104.300048828125,1076.25,1081.949951171875,1155800
2024-11-26,1085.0999755859375,1102.0,1082.3499755859375,1095.300048828125,692757
2024-11-27,1100.0,1115.0999755859375,1086.0,1107.1500244140625,562395
2024-11-28,1107.1500244140625,1120.9000244140625,1095.0,1103.8499755859375,608222
2024-11-29,1100.0,1117.5,1100.0,1111.75,334105
2024-12-02,1111.75,1134.0,1095.449951171875,1129.800048828125,659775
2024-12-03,1134.0,1139.0,1127.0,1136.4000244140625,492734
2024-12-04,1136.0,1145.75,1122.4000244140625,1125.949951171875,368829
2024-12-05,1130.0,1142.3499755859375,1118.550048828125,1136.699951171875,546100
2024-12-06,1128.0,1141.5999755859375,1117.0,1119.5,443419
2024-12-09,1118.0,1121.0,1100.0999755859375,1106.050048828125,432099
2024-12-10,1110.0,1134.9000244140625,1109.9000244140625,1123.5,792491
2024-12-11,1123.0,1139.449951171875,1119.300048828125,1125.6500244140625,305863
2024-12-12,1120.0,1124.300048828125,1096.3499755859375,1100.300048828125,421157
2024-12-13,1100.300048828125,1100.9000244140625,1067.3499755859375,1093.550048828125,567527
2024-12-16,1093.0,1100.9000244140625,1081.0,1084.75,304355
2024-12-17,1084.75,1090.0,1070.0,1072.6500244140625,542449
2024-12-18,1077.0,1077.4000244140625,1047.75,1057.1500244140625,495635
2024-12-19,1049.199951171875,1061.9000244140625,1037.25,1059.550048828125,436526
2024-12-20,1062.4000244140625,1064.9000244140625,1021.0,1028.8499755859375,756678
2024-12-23,1040.0,1045.0,1025.1500244140625,1034.25,270757
2024-12-24,1040.0,1107.0,1032.8499755859375,1067.5999755859375,3912449
2024-12-26,1068.0,1073.949951171875,1047.0,1057.6500244140625,715129
2024-12-27,1059.5,1067.4000244140625,1043.300048828125,1046.3499755859375,364011
2024-12-30,1049.199951171875,1054.949951171875,1028.5,1031.800048828125,899161
2024-12-31,1034.800048828125,1061.050048828125,1030.0,1052.199951171875,1558889
2025-01-01,1042.0,1048.0,1034.050048828125,1038.4000244140625,630282
2025-01-02,1042.949951171875,1045.0,1018.1500244140625,1031.449951171875,1949445
2025-01-03,1038.0,1041.5999755859375,1023.2999877929688,1027.9000244140625,534063
2025-01-06,1034.449951171875,1034.449951171875,986.0,991.25,1560552
2025-01-07,1001.0,1022.5,991.0,1012.2000122070312,1311159
2025-01-08,1014.2000122070312,1016.9500122070312,999.7000122070312,1003.7000122070312,1682463
2025-01-09,1008.0,1027.4000244140625,998.0499877929688,1014.8499755859375,1712582
2025-01-10,1015.5,1016.0,969.5499877929688,977.75,1867534
2025-01-13,965.0499877929688,972.2999877929688,947.0499877929688,949.5999755859375,1131747
2025-01-14,952.5,973.0499877929688,952.5,965.5,1120814
2025-01-15,966.7999877929688,976.9500122070312,954.0,961.9500122070312,1108334
2025-01-16,969.0,982.2000122070312,969.0,972.4500122070312,600983
2025-01-17,995.0,1002.1500244140625,968.75,975.3499755859375,1214761
2025-01-20,976.9000244140625,982.2000122070312,958.6500244140625,971.4000244140625,1122721
2025-01-21,974.9500122070312,983.9000244140625,956.0,960.0499877929688,792769
2025-01-22,962.0,966.25,941.0499877929688,954.0499877929688,744699
2025-01-23,953.7999877929688,985.0,941.1500244140625,975.4500122070312,730913
2025-01-24,975.4500122070312,983.1500244140625,951.7999877929688,956.9000244140625,464543
2025-01-27,953.0,963.0,935.0,943.9500122070312,961156
2025-01-28,951.0,954.2000122070312,930.0499877929688,941.7999877929688,606676
2025-01-29,941.9500122070312,965.0,940.5,962.7999877929688,540595
2025-01-30,962.5499877929688,977.4000244140625,958.9500122070312,967.9500122070312,383812
2025-01-31,968.0999755859375,990.0,968.0499877929688,986.0999755859375,570528
2025-02-01,985.0,988.9500122070312,952.6500244140625,964.2999877929688,349881
2025-02-03,964.2999877929688,966.9000244140625,937.0,946.5499877929688,832855
2025-02-04,930.0999755859375,935.9500122070312,899.2000122070312,918.5,5589827
2025-02-05,917.5499877929688,937.4500122070312,913.0,933.75,886319
2025-02-06,943.0,958.9000244140625,930.5,936.1500244140625,1132979
2025-02-07,935.0,941.4000244140625,920.8499755859375,931.4000244140625,956627
2025-02-10,928.0,930.9000244140625,905.0499877929688,909.4000244140625,840800
2025-02-11,910.0,917.7999877929688,878.0499877929688,883.0499877929688,711445
2025-02-12,884.9500122070312,887.5,858.0499877929688,878.5999755859375,525775
2025-02-13,878.9500122070312,888.1500244140625,867.0,868.25,412094
2025-02-14,871.0499877929688,876.0499877929688,838.6500244140625,846.5,599907
2025-02-17,846.5,859.25,831.7999877929688,854.5,404275
2025-02-18,855.8499755859375,859.0,841.75,856.5999755859375,361609
2025-02-19,853.4000244140625,861.7999877929688,848.1500244140625,853.8499755859375,614343
2025-02-20,853.4000244140625,857.2999877929688,844.0499877929688,854.7000122070312,494774
2025-02-21,853.0999755859375,866.8499755859375,841.0,846.0499877929688,414749
2025-02-24,844.0,844.0,834.0999755859375,836.3499755859375,357017
2025-02-25,844.0,844.0,824.0,827.7000122070312,492961
2025-02-27,827.25,829.0,800.0,801.8499755859375,743101
2025-02-28,799.9000244140625,801.5999755859375,765.0,777.3499755859375,835197
2025-03-03,777.3499755859375,790.0999755859375,756.0,787.5499877929688,617215
2025-03-04,787.0,794.0,774.0,783.0,490881
2025-03-05,780.0,805.7999877929688,780.0,802.7000122070312,709790
2025-03-06,817.7999877929688,817.7999877929688,805.5999755859375,814.7000122070312,792050
2025-03-07,814.7999877929688,825.7999877929688,810.0,815.2999877929688,522339
2025-03-10,820.0,825.25,808.3499755859375,814.1500244140625,1082771
2025-03-11,810.0,825.5,802.7000122070312,815.9000244140625,450253
2025-03-12,815.0999755859375,824.5999755859375,797.0999755859375,806.0,495651
2025-03-13,808.0,810.9000244140625,795.0,796.0999755859375,342005
2025-03-17,799.7999877929688,805.6500244140625,791.0,803.2999877929688,712442
2025-03-18,803.2999877929688,803.2999877929688,803.2999877929688,803.2999877929688,0
2025-03-19,822.4500122070312,835.0499877929688,819.2999877929688,833.0999755859375,550187
2025-03-20,840.0,843.8499755859375,831.0,837.4500122070312,561486
2025-03-21,839.7999877929688,854.2000122070312,834.4500122070312,847.25,933659
2025-03-24,849.9500122070312,860.0,845.5,852.6500244140625,477959
2025-03-25,852.7000122070312,862.5499877929688,846.7000122070312,855.9500122070312,841053
2025-03-26,857.0,861.0,847.75,850.9000244140625,647911
2025-03-27,849.9000244140625,858.8499755859375,844.2000122070312,847.7999877929688,2839769
2025-03-28,850.0,872.1500244140625,849.5,864.9000244140625,1643302
2025-04-01,860.0999755859375,864.8499755859375,835.2999877929688,839.75,635894
2025-04-02,841.0,853.9000244140625,827.2000122070312,851.5,416659
2025-04-03,843.2999877929688,854.4500122070312,841.0,849.9000244140625,208804
2025-04-04,849.9000244140625,855.0499877929688,810.0,812.4000244140625,586343
2025-04-07,770.0,809.2000122070312,765.0,800.5,1145265
2025-04-08,805.0,816.4500122070312,801.9000244140625,809.25,322203
2025-04-09,809.0,814.4500122070312,797.5999755859375,811.5,249489
2025-04-11,837.3499755859375,837.3499755859375,815.0,832.25,831867
2025-04-15,837.0499877929688,847.9500122070312,836.4000244140625,846.9000244140625,504370
2025-04-16,854.0,855.0,844.5,847.5,478419
2025-04-17,848.0,859.6500244140625,843.0999755859375,848.75,613179
2025-04-21,857.4500122070312,858.8499755859375,847.2999877929688,853.6500244140625,565994
2025-04-22,855.0999755859375,861.9000244140625,846.3499755859375,851.8499755859375,716475
2025-04-23,855.7999877929688,867.5999755859375,851.0,857.5999755859375,786517
2025-04-24,857.5999755859375,875.4000244140625,855.8499755859375,864.0999755859375,937615
2025-04-25,865.0,870.25,822.1500244140625,826.4500122070312,1669531
2025-04-28,826.4500122070312,841.75,824.0499877929688,838.6500244140625,846965
