Date,Open,High,Low,Close,Volume
2020-01-01,19.028783876711316,19.169589754464067,18.698898100316764,18.817577362060547,121005300
2020-01-02,18.988555035109382,19.624188060618216,18.988555035109382,19.505510330200195,216749610
2020-01-03,19.431081002432716,19.559816822082837,19.28826475046624,19.45924186706543,129568630
2020-01-06,19.31039141251809,19.31039141251809,18.9302182043563,19.03883934020996,96016080
2020-01-07,19.12935915044189,19.495451982982377,19.050910795944088,19.15349769592285,131957880
2020-01-08,18.974474544723233,19.235968550565268,18.787405035822477,19.11930274963379,133048410
2020-01-09,19.511544562005394,19.551773936932122,19.274187566772227,19.437118530273438,101311520
2020-01-10,19.531657401108077,19.86757740737884,19.310392790645693,19.559818267822266,159276340
2020-01-13,19.756946010053138,19.994302984513144,19.62217592772599,19.944015502929688,109427500
2020-01-14,19.972177417049128,20.356372998472224,19.944016548658,20.058671951293945,156608220
2020-01-15,19.7891301877102,20.257809907771303,19.67849864349745,20.19947624206543,121179480
2020-01-16,20.195454428366066,20.2779251063408,19.79717686905092,19.889705657958984,104383690
2020-01-17,19.845454156427245,20.07074111090263,19.789130883156123,19.92390251159668,56824600
2020-01-20,19.994303280124146,20.10694674944781,19.678497952497015,19.738842010498047,72918780
2020-01-21,19.624186200501363,19.624186200501363,19.048897291977372,19.155508041381836,113158030
2020-01-22,19.256085765478417,19.304361324720244,19.036831517669658,19.111257553100586,76621710
2020-01-23,19.1454507417406,19.384819653817136,19.03481766439795,19.320451736450195,72000200
2020-01-24,19.3224624661413,19.515566221593076,19.16757768982606,19.447175979614258,74811300
2020-01-27,19.219876600726668,19.219876600726668,18.509816052240115,18.60435676574707,129631190
2020-01-28,18.505795262440913,18.586255548773295,17.781655754754123,17.952632904052734,180152830
2020-01-29,18.216138353764958,18.49372625738563,18.087402512969266,18.192001342773438,110818340
2020-01-30,18.179930380285246,18.28251727575139,17.757515828189398,18.0451602935791,146520160
2020-01-31,18.22418421346766,18.274471698347345,17.55837840474934,17.648895263671875,107387270
2020-02-03,16.81613269141292,17.66096326044629,16.759810960407776,17.54228401184082,162371260
2020-02-04,17.781653739773986,18.240275324850494,17.437687550966604,18.179929733276367,133362630
2020-02-05,18.194012719591772,19.29832707164656,18.023035565677194,19.111257553100586,160567650
2020-02-06,19.229932847206904,19.602059907799003,18.972461184411337,19.21384048461914,166660740
2020-02-07,19.137403716481828,19.298324270130397,18.861827767120595,18.948322296142578,116499090
2020-02-10,18.51585222996276,18.636541884679914,17.701194374980606,17.854068756103516,267960480
2020-02-11,18.037113682843028,18.413264600832118,17.80981481658456,17.86613655090332,168243710
2020-02-12,18.10349309445666,18.28452833233165,17.80378013848436,18.021020889282227,117858580
2020-02-13,18.053204976803183,18.171882690714074,17.675043686866896,17.751480102539062,99652210
2020-02-14,17.741423283392756,17.92447045706096,17.433664134801074,17.48194122314453,94848170
2020-02-17,17.52015917771126,17.737401477639885,17.41958420937233,17.57447052001953,97247650
2020-02-18,17.459813891766412,17.506077514549222,16.948892904314608,17.355215072631836,115024230
2020-02-19,17.558379151351,17.640849832041262,17.2244695009186,17.427631378173828,84651090
2020-02-20,17.258663924316316,18.010964203018194,17.21843301911839,17.844009399414062,129802370
2020-02-24,17.494009454441564,17.494009454441564,16.62906415162752,16.713546752929688,175231420
2020-02-25,16.856363814863503,17.11986971748979,16.671304723170845,16.94889259338379,145581760
2020-02-26,16.546593676506554,16.872455581027705,16.546593676506554,16.747743606567383,142707060
2020-02-27,16.691421543748557,16.731650915109444,16.375616221143954,16.606937408447266,102263790
2020-02-28,16.039695796979625,16.049753907847474,15.086245510423492,15.357797622680664,245328330
2020-03-02,15.838545373962594,15.85061541356648,14.402334967928958,14.645726203918457,202207720
2020-03-03,15.025898874110418,15.729923615849367,14.889116862900766,15.591131210327148,186489330
2020-03-04,15.611245930423433,15.685671955760352,14.687966969060426,15.172739028930664,229371480
2020-03-05,15.446302680152948,15.601187444701772,15.058083269668417,15.116416931152344,146284680
2020-03-06,14.360093214943449,14.41440455482468,13.94572485499286,14.140840530395508,148481880
2020-03-09,13.57761951820716,13.58566569911694,12.863537459974067,12.966123580932617,204221360
2020-03-11,13.034516643320414,13.116987320179,11.912099616911528,12.058938980102539,286928700
2020-03-12,11.063246139402398,11.739110026327156,10.749451972665593,11.564109802246094,437671340
2020-03-13,10.862095708622968,13.360377353289746,10.272726380083823,13.143135070800781,338414370
2020-03-16,12.229915293556465,12.779054497042619,11.550028331814815,11.650603294372559,236054820
2020-03-17,12.068996035750358,12.376755189117638,11.284510986496143,11.375028610229492,206539390
2020-03-18,11.666695382728854,11.79342004742703,11.091406487635918,11.298590660095215,187721700
2020-03-19,10.819854969217923,11.445431377201764,10.479911094847001,10.936521530151367,187219810
2020-03-20,11.252326150390557,12.27014501294787,11.02905038569243,11.978477478027344,173077660
2020-03-23,10.781635812027629,11.183935667212632,10.200312644057474,10.908360481262207,121004020
2020-03-24,11.145717972411886,11.491696109407975,10.403474981523187,10.938533782958984,129288020
2020-03-25,10.743418567319267,11.867846794284338,10.743418567319267,11.53796100616455,94428290
2020-03-26,11.6666969750369,11.887961610736447,11.26842017038202,11.44342041015625,114938330
2020-03-27,11.706925077541035,11.877902196477713,11.031061247811916,11.153762817382812,111835940
2020-03-30,10.741406828793778,10.892269279943545,10.09169186392848,10.220428466796875,158537210
2020-03-31,10.5503136659483,10.960659695015336,10.44772677501851,10.846003532409668,157868130
2020-04-01,10.701175305070235,10.77962364675533,10.383358080747437,10.715255737304688,119647990
2020-04-03,10.769568249557295,10.817843806699923,10.09772740193424,10.208359718322754,125266950
2020-04-07,10.703186868763769,11.171866542348228,10.508071971614175,11.11152172088623,159566590
2020-04-08,10.902325883066839,11.783362752819519,10.727325666465118,11.05318832397461,204349980
2020-04-09,11.28450982622308,11.650602606946434,11.169854437058403,11.459510803222656,138556280
2020-04-13,11.46554530359854,11.747155495178745,11.016981079414073,11.366981506347656,155103280
2020-04-15,11.562098129253847,11.893995827715246,11.340833508496985,11.471580505371094,209917430
2020-04-16,11.103476756918917,11.743133622634405,11.103476756918917,11.622443199157715,172487980
2020-04-17,11.968420797857581,12.056926490545523,11.485660660425328,11.80146598815918,174923730
2020-04-20,11.859798714427813,11.867844895125126,11.469568158520389,11.521866798400879,119607480
2020-04-21,11.266407125951329,11.30462610334745,10.590544012647507,10.699164390563965,169249100
2020-04-22,10.705199431813313,10.858073039728438,10.427612315852443,10.795716285705566,147898560
2020-04-23,10.862096262888098,11.224165984852483,10.821866123264035,10.874165534973145,154678570
2020-04-24,10.71324420579448,11.016981009146349,10.638818951605879,10.763531684875488,123808460
2020-04-27,11.023016281258311,11.139683611840164,10.882211173334943,10.928476333618164,124106120
2020-04-28,11.018992809977314,11.079338402236436,10.843992587473673,11.004912376403809,85471050
2020-04-29,10.982786561279276,11.51181112527696,10.912384388285309,11.37100601196289,198765690
2020-04-30,11.664684619312332,12.250030876939942,11.614397137497845,12.000604629516602,236333720
2020-05-04,11.46554523957581,11.511809628287956,10.866118580533252,11.00692367553711,128914590
2020-05-05,11.224165674429745,11.360947684972974,10.902326100990425,10.968705177307129,121823300
2020-05-06,11.027039310135834,11.282499818155003,10.944567867966345,11.17387866973877,95077310
2020-05-07,11.081349125011833,11.37905091457351,11.049165168500464,11.097440719604492,89583760
2020-05-08,11.377040350825974,11.425315904466737,10.942556531428647,10.978763580322266,98777550
2020-05-11,11.085372016899818,11.385084962669024,11.06324540332101,11.11152172088623,109074080
2020-05-12,10.994854971475743,11.135660073742974,10.640831437825579,11.021004676818848,150402970
2020-05-13,11.5661217768447,11.586236464308755,11.002902087263577,11.125603675842285,147231160
2020-05-14,10.942557343083221,11.071293185442245,10.753475903208024,10.803763389587402,107969020
2020-05-15,10.86209659784657,11.135660634934883,10.81382027534376,11.000889778137207,149896650
2020-05-18,11.027038052962975,11.111521414541395,10.558359159626038,10.725313186645508,116153670
2020-05-19,10.940544452244618,11.28048832137667,10.761521139242477,10.942556381225586,168970940
2020-05-20,10.942556784520848,11.425316168724759,10.866119594274604,11.393132209777832,144218120
2020-05-21,11.421292522310225,11.51583323282272,11.204051001818497,11.413247108459473,130358110
2020-05-22,11.224165981780082,11.274453464464873,10.99485518350961,11.041119575500488,106567390
2020-05-26,11.163821770665624,11.441408905219978,11.143707083414698,11.282500267028809,121075590
2020-05-27,11.352901035842287,11.682787544177353,11.226177140644989,11.584223747253418,140074620
2020-05-28,11.743133007629325,12.012673941753723,11.642558043662401,11.887960433959961,166019580
2020-05-29,11.75117723659383,11.944281731105548,11.58020012202177,11.875890731811523,131279850
2020-06-01,12.149455768585641,12.785089500456015,12.149455768585641,12.68049144744873,243843600
2020-06-02,12.793135238612768,13.012389460289794,12.654342063176815,12.849457740783691,165626630
2020-06-03,13.092847928231933,13.127044581939309,12.674456481751873,12.768997192382812,103869540
2020-06-04,12.74888330711077,12.978193346724932,12.656353752304558,12.87158489227295,112512660
2020-06-05,13.1069301411565,13.825035327992461,13.076757344804971,13.635953903198242,309184760
2020-06-08,13.987965676700153,14.112679180071892,13.169285560423805,13.420722961425781,164816490
2020-06-09,13.517273694326281,13.839114786528578,13.229629254060622,13.364400863647461,149268320
2020-06-10,13.320148872441782,13.336241235475192,12.954056054018851,13.034516334533691,172188830
2020-06-11,12.95405700869198,13.014401072536122,12.51152696789949,12.598021507263184,139066840
2020-06-12,12.068995513707057,12.891697971258393,12.068995513707057,12.777043342590332,175578850
2020-06-15,12.622157403567863,12.672444883263353,12.173593176763223,12.318421363830566,185810020
2020-06-16,12.676468580111946,12.976182311057682,12.121294348013743,12.429054260253906,234418060
2020-06-17,12.358650821051265,12.664398791839355,12.272156293977778,12.398880958557129,114470230
2020-06-18,12.398881474766945,12.841411471103449,12.354628244935471,12.797158241271973,113692780
2020-06-19,12.913825146644916,13.108940828134607,12.764974625213979,12.895722389221191,151342880
2020-06-22,12.86353808829913,13.19543501011577,12.807215586505611,13.102906227111816,110312750
2020-06-23,13.183365663113587,13.416698767376907,13.121009680316435,13.356354713439941,125450560
2020-06-24,13.54141371890817,13.603769708388251,13.064687814988071,13.116987228393555,207826420
2020-06-25,12.95405590493055,13.171298199424717,12.913824997810044,12.998309135437012,113456530
2020-06-26,13.106929456387082,13.273882722792374,12.976181702129466,13.02847957611084,97063330
2020-06-29,12.994285672317885,13.114975328042995,12.555778746616603,12.907791137695312,119611330
2020-06-30,12.998308417126909,13.583653887850275,12.998308417126909,13.143135070800781,365236470
2020-07-01,13.235667580761696,13.2598045930527,12.885665556018575,13.02244758605957,104894330
2020-07-02,13.157217144546125,13.577619745209217,13.056642183470501,13.4730224609375,119713930
2020-07-03,13.5575060153893,13.5575060153893,13.169286576891556,13.271873474121094,106126140
2020-07-06,13.402618930059118,13.746585117132033,13.287963534368147,13.633941650390625,141439660
2020-07-07,13.629919668527844,13.631930062875627,13.197447012667743,13.2879638671875,108393710
2020-07-08,13.388538724047006,13.935666774056031,13.356355533568207,13.444860458374023,215601630
2020-07-09,13.55750608904801,14.020150024322996,13.537391402236443,13.859230995178223,244037810
2020-07-10,13.756644221288521,13.851184938271812,13.485092110256081,13.625896453857422,125261130
2020-07-13,13.810955235578527,13.959805757364688,13.617849948018057,13.762678146362305,121150000
2020-07-14,13.637966275467505,13.637966275467505,13.380493068264412,13.543425559997559,83070350
2020-07-15,13.704344712449341,13.939691306055865,13.597735490939394,13.65003490447998,96874130
2020-07-16,13.59773537190477,13.939691184027758,13.3382517702066,13.744575500488281,105860440
2020-07-17,13.919573853114176,14.354058417040045,13.885378735023371,14.11871337890625,244153950
2020-07-20,14.12474926819061,14.269577472953221,13.943714012237347,14.177048683166504,95320490
2020-07-21,14.321874377509195,14.506933479126594,14.060380389750202,14.448599815368652,113681040
2020-07-22,14.502910735814092,14.599463384715989,13.943714133940569,14.082508087158203,178429190
2020-07-23,14.084515880149645,14.337965193882479,13.985952854951547,14.156929969787598,96250490
2020-07-24,13.959804381833825,14.07244784293459,13.780781080590659,13.92359733581543,89188290
2020-07-27,14.120723400764003,14.23739071962868,13.849171322797783,14.195149421691895,118356070
2020-07-28,14.225322102792285,14.482793746066925,14.191126985875007,14.42244815826416,106392570
2020-07-29,14.442564738028796,15.225037796914197,14.327909346061457,15.035956382751465,301158810
2020-07-30,15.166706157662581,15.198889350838577,14.647738931323632,14.748313903808594,103982570
2020-07-31,14.708082382571279,14.901186117407732,14.49888628616877,14.73624324798584,90249550
2020-08-03,14.673885629819393,15.160669588611515,14.565266026624547,15.025897979736328,111369710
2020-08-04,15.066129116632094,15.206933444918008,14.790553177384432,14.975610733032227,111842600
2020-08-05,15.007797063761958,16.00751250561672,15.007797063761958,15.923029899597168,305597410
2020-08-06,16.086053519403112,16.624663027388948,15.910644648570166,16.527671813964844,221228070
2020-08-07,16.339881923956636,16.785626808962252,16.224318726812676,16.676254272460938,151763170
2020-08-10,16.746418708729312,16.985799841188225,16.492590602246974,16.930082321166992,120182110
2020-08-11,17.04977453006893,17.648228178458336,17.025010311911153,17.188037872314453,258851910
2020-08-12,17.074538336959883,17.225184585762,16.820711774881147,17.10755729675293,115744020
2020-08-13,17.260266440205886,17.40472045649186,16.874365604655218,17.049776077270508,124220440
2020-08-14,16.92183005937802,17.786494806473822,16.884684515782645,17.272647857666016,477423650
2020-08-17,17.252010345983134,17.712202232198354,17.097237523068635,17.542984008789062,181455010
2020-08-18,17.402657180355185,18.027939154362926,17.322175435647097,17.933012008666992,173400200
2020-08-19,17.933012447514955,17.976348651538995,17.69982037302236,17.817447662353516,118436810
2020-08-20,17.540919155133587,18.089847498538525,17.460437416729178,17.854591369628906,158466000
2020-08-21,17.98460257030317,18.242557278499056,17.60489242113492,17.699819564819336,134818760
2020-08-24,17.895864635204678,18.06714692540811,17.668864825302652,17.726646423339844,90928540
2020-08-25,17.829830778589564,17.85665750300148,17.394403079968278,17.499649047851562,105529000
2020-08-26,17.54092025756836,17.654420959595456,17.425357051453936,17.54092025756836,79571570
2020-08-27,17.56155613963775,17.75553858314123,17.45837425682621,17.61727523803711,95491160
2020-08-28,17.73283754994232,18.077464643314094,17.460437456015157,17.50790023803711,152112670
2020-08-31,17.6028278077265,17.753472457580134,16.921826829920935,17.045644760131836,157459100
2020-09-01,17.08279425067335,17.858722540386992,17.002312498686194,17.69156837463379,140728230
2020-09-02,17.749347895003105,18.230174271604085,17.627592454767335,18.104293823242188,117392780
2020-09-03,18.263194021713907,18.310658382542425,17.990793902672348,18.081594467163086,102142880
2020-09-04,17.66886706525164,17.910312305271887,17.293285055965484,17.388212203979492,105290810
2020-09-07,17.487265282122664,17.681247728111632,17.270584270100457,17.4377384185791,96263460
2020-09-08,17.571876481671758,17.571876481671758,16.616411156335364,16.719593048095703,116372720
2020-09-09,16.459575627615898,17.340748280497415,15.951920914849149,17.227249145507812,319997830
2020-09-10,17.499649967459504,17.578067640621047,16.554503434329526,16.839284896850586,229205440
2020-09-11,16.87023641434184,17.031199886019348,16.612281729107256,16.818645477294922,136871250
2020-09-14,16.92183038158191,17.091048622420498,16.597839301887387,16.701021194458008,123310520
2020-09-15,16.798011306861753,16.944529395624215,16.65561980077782,16.725784301757812,91323090
2020-09-16,16.775310695962084,16.921828780618696,16.620537871749107,16.698955535888672,99873490
2020-09-17,16.589583005936014,16.818646911917806,16.228446415802807,16.455446243286133,148080220
2020-09-18,16.595773906350413,16.74229199324306,16.236701389537018,16.323373794555664,168417030
2020-09-21,16.34400984092809,16.476082526858093,15.31219099808085,15.411246299743652,141383050
2020-09-22,15.436009999765528,15.621736125688917,14.783899757285132,15.442200660705566,220130270
2020-09-23,15.559828259691367,15.601100383088376,14.71167305610894,14.911846160888672,169844110
2020-09-24,14.72611874074567,14.744690724303323,14.146237051352099,14.193699836730957,124957470
2020-09-25,14.36291868157002,14.67659250685197,14.206081768929044,14.532136917114258,122425760
2020-09-28,14.856127450536285,15.062491221773636,14.678654481317713,14.899463653564453,122701960
2020-09-29,15.064554755104279,15.345209599783955,14.92835391529036,15.272982597351074,178916090
2020-09-30,15.314254315009217,15.332827871960696,14.775644779874265,14.847871780395508,129636870
2020-10-01,15.035663741141947,15.28329962438407,14.98819938339809,15.062490463256836,95540970
2020-10-05,15.275044953651165,15.910645717773805,15.25028230987402,15.778573036193848,195905330
2020-10-06,15.964301129207655,15.982873112497163,15.398864848888529,15.576337814331055,142863360
2020-10-07,15.518556047520564,15.654756901744834,15.2709201345701,15.316320419311523,96937190
2020-10-08,15.454582439981415,15.807464293882568,15.341081737953003,15.421565055847168,141111310
2020-10-09,15.520619281886715,15.970492373003605,15.149165432668319,15.250283241271973,220065830
2020-10-12,15.415374154719414,15.566020410958616,14.961374456166652,15.316320419311523,157568610
2020-10-13,15.353466081614947,15.52887498583793,15.132656892301856,15.20281982421875,119024640
2020-10-14,15.28742746285362,15.570144801687267,15.25234600210398,15.499981880187988,148921160
2020-10-15,15.72491806942721,16.038591870042485,15.332828180303954,15.43188190460205,316506980
2020-10-16,15.563953663289704,16.33988180493553,15.485536005003285,16.255271911621094,288554790
2020-10-19,16.41004619957431,16.50910150133177,16.170665046508915,16.323373794555664,147289680
2020-10-20,16.178919369327303,16.399728533241053,16.079864070122092,16.1954288482666,109496320
2020-10-21,16.35639140195734,16.839281825249298,16.275909664742013,16.676254272460938,263519520
2020-10-22,16.58751850645846,17.068346446410374,16.51322742670492,16.90738296508789,208883010
2020-10-23,17.045646696308346,17.582192171120845,17.012629312569256,17.476947784423828,285885950
2020-10-26,17.47282023814674,17.47282023814674,16.680384107544416,16.855792999267578,166073190
2020-10-27,16.86817329273096,17.204547228990453,16.649428211063217,16.96310043334961,160621710
2020-10-28,16.981674777756517,17.26026555164076,16.52767354028718,16.604028701782227,169657540
2020-10-29,16.48640324146152,16.71546717687689,16.315120915983222,16.566884994506836,138603960
2020-10-30,16.62053753719164,17.04151979950859,16.310991894996583,16.944528579711914,180209980
2020-11-02,16.921832179644262,17.02501408317868,16.45544953482805,16.626731872558594,131431090
2020-11-03,16.81864849836954,17.01263096032808,16.69276646340888,16.79388427734375,122580340
2020-11-04,16.876428694135285,17.13025682150977,16.56688304215355,16.67006492614746,136143660
2020-11-05,17.004374333811853,17.675056561500064,16.88674705224068,17.561555862426758,265177560
2020-11-06,17.520283162379968,17.86697433470689,17.443928006025825,17.602828979492188,173981930
2020-11-09,17.87110279751679,18.155885817798104,17.639976374599406,18.0898494720459,158308620
2020-11-10,18.160014253967685,18.706878634456288,17.97635059939907,18.238431930541992,262002400
2020-11-11,18.23842954625346,19.701549503919978,18.143502400358226,19.561222076416016,368618330
2020-11-12,19.480741176442578,19.806796327200637,19.245486592840102,19.5282039642334,234936850
2020-11-13,19.4332766355332,20.157613938612528,19.191831392650318,20.08125877380371,234181870
2020-11-14,20.493982852066388,20.615738279369253,20.0998289208987,20.3144474029541,78374000
2020-11-17,20.884013073945535,21.91376942869717,20.706540104263837,21.57326889038086,642845990
2020-11-18,21.379285082877946,21.618667798656784,21.075930105730514,21.346267700195312,174815130
2020-11-19,21.125458090039427,22.109812505093817,21.049102934169518,21.61041259765625,201379980
2020-11-20,21.709468237531116,22.35745035723572,21.503104465028233,21.994251251220703,266860000
2020-11-23,22.204743571150278,22.534925321483993,22.13664314233529,22.41523551940918,170254250
2020-11-24,22.6154034131049,22.718585291783757,22.345067394784067,22.629850387573242,130291260
2020-11-25,22.741285421143235,23.05702329228466,22.266649724085525,22.338876724243164,176809890
2020-11-26,22.534924084653944,23.57087113910454,22.33887912396189,23.459434509277344,225701850
2020-11-27,23.52546811723169,24.035186845013925,23.238622623160236,23.82882308959961,462912480
2020-12-01,24.433472439465376,24.433472439465376,23.812317006268493,24.177581787109375,147391090
2020-12-02,24.173452060744097,25.077324812864383,24.105351638304935,24.94318962097168,249970850
2020-12-03,25.135106049413167,25.785150619687062,25.09383235365529,25.626251220703125,247756520
2020-12-04,25.754199378867664,26.105017161543024,25.366234479819404,25.700544357299805,201535520
2020-12-07,25.737689905454573,25.96056315716197,25.15368005261099,25.364171981811523,155883210
2020-12-08,25.424013835793357,25.64895114611626,24.86476825198409,25.318769454956055,170158530
2020-12-09,25.506561740536696,25.61799836563284,25.056688657488095,25.149553298950195,127307310
2020-12-10,25.011287529315844,25.341470810762452,24.495378120093733,25.180505752563477,198293280
2020-12-11,25.378614179413475,25.814040235058965,25.351785884794207,25.65926742553711,163956980
2020-12-14,25.867698669433594,26.369162701552398,25.80785298624222,25.867698669433594,177227150
2020-12-15,25.731499588584665,26.29487181221598,25.47973553137128,26.222644805908203,132263120
2020-12-16,26.464092260866998,26.804591238066102,26.34027273341566,26.554889678955078,160402560
2020-12-17,26.55488743479912,26.662197472930742,26.061679743036603,26.220579147338867,79651860
2020-12-18,26.342336344089947,26.44964481495335,25.91928997315146,26.05342674255371,253515060
2020-12-21,25.754198064446687,25.906906807113018,24.169324313181807,24.592369079589844,190766540
2020-12-22,24.59856109578661,25.194952273413243,24.144561425254928,24.81937026977539,188468790
2020-12-23,24.722381776229405,25.762453854654783,24.610945144734387,25.64689064025879,122383430
2020-12-24,25.807854209852756,26.288682202323937,25.558154221241335,25.684036254882812,120907400
2020-12-28,25.929606514394806,26.222642672968426,25.8615060963736,26.1112060546875,104805170
2020-12-29,26.32582660640233,26.400117691053783,25.632444199275852,26.092636108398438,104163260
2020-12-30,26.123588429420124,26.577588085668292,25.756261177185237,26.433134078979492,115144280
2020-12-31,26.27217035992477,26.971743395765056,26.27217035992477,26.56520652770996,177130120
2021-01-01,26.620924499124477,26.814906933400977,26.41456074331731,26.542505264282227,84113960
2021-01-04,26.786018427288354,28.8868001298466,26.68077088754307,28.602020263671875,381849550
2021-01-05,28.354380790891007,28.63710129753948,27.86323715860838,28.088172912597656,215452540
2021-01-06,28.230561611208255,28.75266164645606,27.859106231680332,28.222305297851562,196105220
2021-01-07,28.602015483594336,30.191015644047184,28.548358896185977,29.831941604614258,382321940
2021-01-08,30.005291618688997,30.01561043720893,29.018873026320346,29.433666229248047,193293130
2021-01-11,29.386198689040896,29.386198689040896,28.40390830749561,28.71139144897461,170245090
2021-01-12,28.684563337645567,29.902108291713397,28.523599852839617,28.680435180664062,245254840
2021-01-13,28.950775566360118,29.491450853311818,28.602023396031147,29.268577575683594,193538710
2021-01-14,29.303654078607117,29.487317700046763,28.77123519706205,29.15300941467285,115408580
2021-01-15,29.386199706002497,29.778292759887638,28.793936691368994,29.134435653686523,206884370
2021-01-18,29.22110907237877,29.25206237619542,27.219378122608507,27.516542434692383,250452260
2021-01-19,27.73528682374697,28.22849606177368,26.703468070648334,28.110870361328125,312451180
2021-01-20,28.484392166137695,28.87029142526832,28.172783993408512,28.484392166137695,233131500
2021-01-21,28.51947041354495,28.674243230350218,27.306053671017153,27.516542434692383,161178670
2021-01-22,27.652744819263525,27.89212754506742,26.15248092368429,26.70347023010254,237156650
2021-01-25,26.868562443770806,27.316371450466505,26.04310735702601,26.907772064208984,163484730
2021-01-27,26.864433055335372,26.874751873218976,25.745943416355683,25.836742401123047,149180840
2021-01-28,25.50656100122055,26.026598569929092,25.28368775748832,25.7418155670166,170917520
2021-01-29,26.003898560746975,26.158671385046077,24.598560245498334,24.80492401123047,268265750
2021-02-01,24.965889678223522,26.414562656147115,24.65840652621426,26.253599166870117,210846940
2021-02-02,26.53838321022726,26.744746989003954,25.758326803929585,26.482664108276367,180489570
2021-02-03,26.616798077560382,27.417490509927383,26.301061762500453,26.957300186157227,148463810
2021-02-04,26.992380883347966,27.38447077427594,26.35678011419248,27.07286262512207,147649950
2021-02-05,27.112073191032415,28.502962989706223,26.885071783811433,28.27389907836914,291008880
2021-02-08,28.643288428406077,29.093159880937176,28.17690434955507,29.012678146362305,214621690
2021-02-09,29.15920073241771,29.569862611019627,28.544237592118062,28.857908248901367,293370280
2021-02-10,29.303655947197186,29.902109633053172,28.06753580569366,28.4885196685791,573979190
2021-02-11,28.37914591397564,29.08078145714933,28.1831009665178,28.672182083129883,163407050
2021-02-12,28.684564757356114,28.804256124854483,28.003563669315685,28.086111068725586,147054790
2021-02-15,28.358508674743213,28.395655790461838,27.65274496470149,27.741479873657227,131716720
2021-02-16,27.741479520384082,29.24587313617582,27.5825816879248,28.857908248901367,336618380
2021-02-17,28.793937283600684,29.03538252256916,28.375019072117595,28.75885581970215,159574830
2021-02-18,28.89092634023392,29.344925981522525,28.64329045851842,28.798063278198242,148561470
2021-02-19,28.725837013935802,28.725837013935802,27.07286430035561,27.681636810302734,223923860
2021-02-22,27.772435529126064,28.80425434140362,27.687825630792634,28.253263473510742,281491090
2021-02-23,28.461692686564056,30.376748348502925,28.15627516819195,30.100221633911133,389070710
2021-02-24,30.335476009972204,30.748203574733733,29.716384662829917,30.034183502197266,216767890
2021-02-25,30.343727569608802,31.078385241040888,30.209592377705945,30.661529541015625,219015960
2021-02-26,29.922743578410632,30.607872735935068,29.349052608609288,29.516206741333008,235515910
2021-03-01,29.881473077829085,30.469607904513555,29.35937301693698,30.145618438720703,140586460
2021-03-02,30.14768210557829,30.531518839938702,29.84639276771868,30.356111526489258,111133990
2021-03-03,30.58310621709803,32.295925921290056,30.58310621709803,32.07511520385742,288428350
2021-03-04,30.995835021218152,31.652073392115533,30.6924800528848,31.28268051147461,228738220
2021-03-05,30.892654742536596,31.202200387549713,30.00528993039344,30.265310287475586,168819600
2021-03-08,30.704865716473464,31.004095719250078,30.337538436683264,30.4283390045166,106145960
2021-03-09,30.748200966177627,30.99377435019509,28.983790146735473,29.169519424438477,195564380
2021-03-10,29.505891083823666,30.12704804955066,29.01680995438942,29.902109146118164,196858600
2021-03-12,30.541838741766174,30.748202517048377,29.468747740070977,29.71432113647461,161214090
2021-03-15,29.798926579478206,30.50056527386885,29.51208107041713,30.39325523376465,155429990
2021-03-16,30.545966385500435,30.545966385500435,29.68336418191257,29.88353729248047,125699980
2021-03-17,29.92068209426003,29.964016719626326,28.917754114875308,29.072526931762695,105409590
2021-03-18,29.56160983294565,29.836074022870548,28.82076465987461,29.091100692749023,143206510
2021-03-19,29.004428259711858,30.40770251370032,28.117063426391123,30.2529296875,246378140
2021-03-22,30.174511369070856,30.775030708787046,29.922747312190417,30.68629264831543,137603700
2021-03-23,30.789475180419213,30.931866691670226,30.265312567540963,30.58930206298828,118738960
2021-03-24,30.170382232206062,30.2529296286691,28.847589724459667,29.00649070739746,210302830
2021-03-25,29.3077821371936,30.157999822507715,28.41009851980182,29.846391677856445,367224000
2021-03-26,30.145622349883595,31.982258792632123,29.931002248275668,31.650012969970703,429122470
2021-03-30,32.192748641967775,33.43093128204346,32.10607623502583,33.01820373535156,284794680
2021-03-31,32.77056901192898,33.98811405877437,32.60960551485752,33.507286071777344,280445850
2021-04-01,33.88492544408689,35.86189044915828,33.80238120771437,35.620445251464844,368420980
2021-04-05,35.57711002973489,36.23128590274542,34.551481917572424,35.814430236816406,305759860
2021-04-06,36.13429797060671,36.42320599373202,35.4182154252233,35.61219787597656,207789200
2021-04-07,35.88665691480429,36.526385835881115,35.6864838139643,36.10746765136719,171132080
2021-04-08,36.48511885714755,39.359764952635956,36.43146225624766,37.90489959716797,530630560
2021-04-09,38.01220850114168,38.383663943268175,36.55528068539245,37.12484359741211,321790690
2021-04-12,36.17763183309656,36.864823561606904,34.80737653313628,35.14581298828125,221355040
2021-04-13,35.577112666409064,36.38606141530566,35.04056875405829,36.278751373291016,204285020
2021-04-15,36.815293867300824,37.62011442811243,36.29938446249638,37.07118606567383,218563570
2021-04-16,37.30230885763877,37.739802131755276,36.5779732570551,36.743064880371094,173985980
2021-04-19,35.899044729618005,37.104208454976884,35.494570333343674,36.65227127075195,191469960
2021-04-20,37.14547829945066,37.382795373486,36.40256747391716,36.89784240722656,169152930
2021-04-22,37.143417812304484,38.74067145064312,37.02372644231014,38.028717041015625,319028150
2021-04-23,38.375408662141346,39.00275314737261,37.589160040952414,38.20206069946289,247523860
2021-04-26,38.590025905475144,39.45675313026435,38.38572463473844,38.82734298706055,212348580
2021-04-27,39.1389525143889,40.57111755055465,38.973860872242255,40.354434967041016,249045150
2021-04-28,40.65366740693419,40.69493953595063,39.70439269524794,40.09235763549805,204479680
2021-04-29,40.57112063413766,42.79778444727474,40.57112063413766,42.56665802001953,447186470
2021-04-30,42.26329787843106,43.443698815214596,41.730879009837565,42.676025390625,281297380
2021-05-03,42.59141791374649,44.12057418899537,42.03629887450162,43.94516372680664,264841000
2021-05-04,44.34551020225258,44.849038302518906,43.64799965527435,43.90802001953125,249616280
2021-05-05,44.73966980285472,44.91920529051693,43.21257588456729,44.16804122924805,192498390
2021-05-06,43.54275409855606,46.59693842813222,43.0268446898054,45.437171936035156,464345370
2021-05-07,46.8445744703367,49.1971201225184,46.64233886311505,48.7988395690918,540754330
2021-05-10,49.94003124140881,50.72421417993044,49.52730371048808,50.20211410522461,280808840
2021-05-11,49.11457524757042,51.425848747095635,48.57390319995962,50.926448822021484,411083810
2021-05-12,50.845971962360565,51.460935149120374,48.01053247293845,48.666770935058594,308891920
2021-05-14,48.908209086385895,48.908209086385895,46.02736973107295,46.72488021850586,376480320
2021-05-17,46.968395525390044,47.802103774486945,45.54448361659028,47.498748779296875,287534300
2021-05-18,48.495490914684225,49.380790193117036,47.75464566026753,48.70185470581055,245738800
2021-05-19,48.412940174979774,49.0960037283235,47.79384888450106,48.05180358886719,174350260
2021-05-20,46.68361228477719,46.865213409948474,45.31954763960579,45.608455657958984,284462530
2021-05-21,45.97784764625463,46.386447020824114,45.641473700392545,45.94070053100586,141049260
2021-05-24,45.73021370465236,45.7694201767775,44.66124771496263,45.069847106933594,189238420
2021-05-25,45.48051171897085,46.4710584572582,45.400029973608454,45.614646911621094,181137520
2021-05-26,45.007941285232725,45.15239530020131,44.265030424163754,44.66331100463867,154327030
2021-05-27,44.66331148848093,45.8024404381732,44.36821279390979,45.26176834106445,227910320
2021-05-28,46.6794800044597,47.19951754042133,45.29478099392397,45.54447937011719,192085810
2021-05-31,45.895300039346964,46.623763877299076,45.35875614009748,46.458675384521484,154286470
2021-06-01,46.225483024059514,46.34930254170413,44.801574315452136,45.437171936035156,176909250
2021-06-02,45.60639369128715,46.62995938768559,45.565121566587656,46.39263916015625,128625910
2021-06-03,46.619640485779406,47.04062119513817,45.93657690431336,46.30802917480469,121094770
2021-06-04,46.06039680810722,46.58868760106793,45.68894136028751,46.25437927246094,97133470
2021-06-07,46.63821384299427,47.46366895525965,46.454550206469676,46.58456039428711,122185920
2021-06-08,46.749644089015696,46.749644089015696,45.40208900875993,45.858154296875,108343730
2021-06-09,46.1016628423937,46.55566563464401,45.15032578040553,45.44129943847656,111143380
2021-06-10,45.783863579953085,46.464864612673985,45.51971822102127,45.99641799926758,77767640
2021-06-11,46.54740967650229,48.0662470915468,45.9406997120969,47.808292388916016,174458560
2021-06-14,48.20657753806244,48.64613022334898,47.050939175950745,48.07450485229492,160312640
2021-06-15,48.28912172954599,48.98250411623238,47.88052235043866,48.46659469604492,97681020
2021-06-16,48.24785074227435,48.897895367479116,46.70631310653144,47.13967514038086,175211070
2021-06-17,47.21562502158928,47.84224135009994,46.23245208420594,46.574241638183594,162076870
2021-06-18,46.6269912960087,46.83375261844349,44.316740561180595,46.09109878540039,403470770
2021-06-21,45.150116332491386,46.795775422120606,44.88216847901301,46.675514221191406,130014320
2021-06-22,47.01519517617564,47.72409432840959,46.69028454026022,46.93502426147461,90246340
2021-06-23,47.28103337605804,47.578515334744154,46.32528586314408,46.42022705078125,78063360
2021-06-24,46.626992388083025,47.28103746044336,46.35060665870312,46.97089385986328,72394700
2021-06-25,47.892882074540545,49.36975509005501,47.68190021518133,49.1693229675293,180227700
2021-06-28,49.53854270782939,50.17148830489878,49.0743832471774,49.960506439208984,116603350
2021-06-29,49.98160248514788,50.29807528235902,49.18198263403196,49.47735595703125,78037590
2021-06-30,49.836025272585495,50.25587710270988,49.06593957199228,49.226287841796875,80432670
2021-07-01,49.44992688759255,49.65668819857208,48.79799052632307,49.09758758544922,56149280
2021-07-02,49.20096490438073,49.234722771735086,47.69033414321109,47.93507385253906,75734070
2021-07-05,48.357042484093284,49.02374594558164,47.935078756973226,48.81487274169922,76799000
2021-07-06,48.89082645145007,49.707328454408916,48.53637846514837,49.25371551513672,91468350
2021-07-07,49.283251507493276,51.69055528332685,48.88449592408072,51.422607421875,167456260
2021-07-08,51.69055537696456,51.901537235646046,49.84235545387269,50.20313262939453,124105850
2021-07-09,50.298071722993654,52.496505431722326,50.12928881855393,52.29607009887695,178593560
2021-07-12,52.78766082591669,53.104133616502914,51.409949535110876,51.7728385925293,166477750
2021-07-13,52.2391107655533,52.46908022446078,51.61038249350197,51.848793029785156,79155280
2021-07-14,51.98381950500493,52.64841106538621,51.437377269195636,52.52182388305664,83413880
2021-07-15,52.580901714891475,53.41217079487415,52.22645050048172,52.99653625488281,96555510
2021-07-16,53.36575324262558,54.06621457700471,53.12734270590906,53.945953369140625,84969250
2021-07-19,53.12523249275629,54.47129455776726,52.901592238349814,53.43748474121094,89046290
2021-07-20,53.6737812520993,53.68644286731081,51.69055315353155,52.04289245605469,85799400
2021-07-22,52.7032670015447,53.92485050181785,52.661071275227926,53.715980529785156,78940240
2021-07-23,53.9839274204848,54.66540114534826,53.7581785046176,54.070430755615234,86418650
2021-07-26,54.39111663753979,55.203398022129015,53.929069104860666,54.768775939941406,86784330
2021-07-27,55.488231072175736,56.311059066503496,55.19496318622057,56.14860534667969,103413820
2021-07-28,56.20556384415857,57.80691532133618,55.11689671986623,57.598045349121094,128351250
2021-07-29,58.02000605497537,62.52657507109115,57.72463276642645,61.54762268066406,300610410
2021-07-30,61.423143888756215,62.14259273321057,60.247973498900215,60.522247314453125,140492650
2021-08-02,61.015952919714046,61.05814542605371,59.30699866590959,59.498992919921875,97689200
2021-08-03,59.66566299161479,59.95471352677125,58.667722988831045,59.37873077392578,86405600
2021-08-04,59.91885124220899,61.10035100513862,59.29012294999088,59.75850296020508,112894350
2021-08-05,59.720526482710824,61.18474114803557,58.54746782268921,61.04127502441406,162217990
2021-08-06,61.142538718634064,61.48011097279214,60.172027341080515,60.29228210449219,96740250
2021-08-09,60.50959569656262,60.89991343060908,59.30277918338187,59.589717864990234,78594930
2021-08-10,59.58127665806444,59.83445746842377,57.69088097365593,57.9609375,84516230
2021-08-11,58.65295904113775,60.328155580642544,58.40821930271591,60.18046569824219,145353570
2021-08-12,60.5939875074945,60.96109385165746,59.77326505278416,60.566558837890625,109431080
2021-08-13,59.285897682227784,62.30715920903342,58.68038082505315,61.67631912231445,289698720
2021-08-16,62.61941167745581,64.75032969010083,62.12149759268387,64.11316680908203,271144880
2021-08-17,64.1131735904834,64.72923706353845,62.94644407226798,63.450687408447266,189709230
2021-08-18,63.693316436038394,64.09206880102172,62.796643536246066,63.31354522705078,123317450
2021-08-20,60.97587126214631,61.05815084193265,57.505216984773334,58.04533004760742,273400690
2021-08-23,59.15931006601377,59.48844124033591,55.30889126356782,57.330101013183594,229257290
2021-08-24,58.31537833148424,59.918841576907056,58.10439649494584,59.27112579345703,176075790
2021-08-25,59.834458501493,60.1720307749153,58.262641023906205,58.661399841308594,125650100
2021-08-26,58.66983082450241,58.853390445005395,57.59804584472245,58.02212142944336,91578980
2021-08-27,58.18879398484737,58.84073359347233,58.05588082249482,58.406105041503906,73940810
2021-08-30,59.03271921028871,60.97375481087194,58.99052670337045,60.788089752197266,134443870
2021-08-31,60.97376122090519,61.56450788910563,60.425207064058625,61.195289611816406,247521080
2021-09-01,61.237482564627115,61.41681842662148,59.370291886036654,59.547515869140625,88128970
2021-09-02,59.53908072282162,60.42520063077991,59.49688177730476,60.1340446472168,61480460
2021-09-03,60.2564195813659,61.309216986280646,59.76905200731863,60.91679382324219,84523820
2021-09-06,61.058144567076056,61.26702097160971,60.05176348579546,60.63618087768555,69586760
2021-09-07,60.93156134206614,61.564506950627724,59.94627961705246,60.28595733642578,63527170
2021-09-08,60.172026578027506,60.87459330998609,59.859771120126396,60.33448028564453,46762240
2021-09-09,59.91884295985083,61.26702001700179,59.91884295985083,61.058143615722656,53130300
2021-09-13,61.05814906594918,62.11305836715306,60.61508587171247,61.752281188964844,56702080
2021-09-14,62.28184236752298,62.28184236752298,61.14253526918335,61.28178405761719,55037670
2021-09-15,61.281787353180185,61.76282572152287,60.948438857721605,61.39993667602539,44174640
2021-09-16,61.60669751170496,62.10883532297828,60.39355192714227,60.625633239746094,56067970
2021-09-17,60.636188756368384,60.77543756459895,57.38706921362239,58.47995376586914,195720300
2021-09-20,56.965099583357485,57.04527371665962,52.63364245406543,52.87627029418945,282384120
2021-09-21,53.08303467049423,54.7244732035597,52.023904883623565,54.52614974975586,255935400
2021-09-22,54.8299610526955,55.61481374707307,54.142158200909236,55.10001754760742,111242470
2021-09-23,56.121169160929725,56.519927927101136,55.11056434953176,55.64434814453125,99462510
2021-09-24,55.69921185313203,55.86799476813386,53.102025633709104,53.67800521850586,132866160
2021-09-27,53.67378468977237,54.378463339951566,53.211737113776806,53.61049270629883,86688770
2021-09-28,53.734972206909106,54.72025391988768,53.29402087763606,54.05144500732422,81007360
2021-09-29,53.58939294737799,55.26880676605497,53.471243619751796,54.66750717163086,94945770
2021-09-30,54.98187608314509,55.54730594405235,54.17381192313709,54.386905670166016,75145680
2021-10-01,53.80037584106452,55.31944785203916,53.37841210897774,54.764564514160156,90374700
2021-10-04,54.76456082161085,56.0262281747417,54.0282297804814,55.87432098388672,96902370
2021-10-05,55.44603060280164,56.235107142756696,55.28357688743274,55.56629180908203,57952160
2021-10-06,55.69499545032824,56.06210183775903,53.722313710335385,54.007137298583984,86316930
2021-10-07,54.644298737788496,55.14221280947802,54.16114850210974,54.399559020996094,46033670
2021-10-08,54.93967190224411,56.714030015618846,54.701261383946125,54.90380859375,107220150
2021-10-11,55.06626389058663,56.00935303545438,54.77089058273598,55.41227722167969,63496580
2021-10-12,55.41227779008004,56.332155592344314,55.0662644554377,56.08319854736328,60970190
2021-10-13,55.93129050083807,58.08541341648245,55.61692316167918,57.146541595458984,132857180
2021-10-14,57.977810604500306,58.67827190144231,57.13388319285602,58.02212142944336,82273710
2021-10-18,59.8344551543454,60.119281945320196,58.69937174827063,59.54118728637695,109232300
2021-10-19,59.961047955986395,60.195234733033395,57.28368760317808,57.67822265625,87569240
2021-10-20,57.89341824740356,58.062207590290875,55.97981132609255,56.6823844909668,69757740
2021-10-21,57.24781701163246,57.296345157256745,54.420661380703436,55.47557067871094,83575730
2021-10-22,55.69921204025283,55.89542362829913,53.63158913125668,54.69704818725586,80712890
2021-10-25,54.93967335071778,55.53042640357164,53.47335011310397,54.572566986083984,64185010
2021-10-26,54.981871524150534,57.00729857653861,54.91646766559256,56.6971549987793,77228750
2021-10-27,56.79631166076639,57.03682760076874,55.75194901854285,55.95871353149414,72418040
2021-10-28,55.484013418461394,55.528317807481756,54.47973767629605,54.838409423828125,93076820
2021-10-29,54.44386290178172,56.27729566255228,54.433316384921056,55.52831268310547,79147600
2021-11-01,56.543138134349554,57.931395931654706,56.12117441692904,57.59383010864258,96875330
2021-11-02,57.809026067305005,57.809026067305005,55.31100177192575,55.4312629699707,72161370
2021-11-03,55.90175282506992,56.205567224009606,55.36163976887837,55.954498291015625,57302440
2021-11-04,56.16337533241788,56.33215824983906,55.8722193270091,55.94816970825195,6744340
2021-11-08,56.58111704042226,56.86594385612229,55.11268501016186,56.68027877807617,54936670
2021-11-09,56.6633941276063,57.399718686413635,56.07264111435751,56.37223815917969,47565160
2021-11-10,56.03678416545503,56.07897667491062,54.31095406939281,54.794097900390625,118804170
2021-11-11,55.06204968661452,55.88909499538727,54.36370022550039,54.838409423828125,136638600
2021-11-12,56.543135755978874,56.543135755978874,53.63580612278855,54.31727981567383,232395580
2021-11-15,54.64430161190985,54.81308452405206,52.38679635906715,52.553470611572266,121082150
2021-11-16,52.55346869553334,53.21173426233354,51.63569957174207,51.85089874267578,123148800
2021-11-17,51.69055885152049,52.213792994809786,51.27281564466287,51.481685638427734,87802040
2021-11-18,51.63147769303069,51.82980114367946,49.87610718623326,50.070213317871094,101083510
2021-11-22,50.13350752612517,50.50061711403683,48.35704068727771,49.16088104248047,96210010
2021-11-23,49.28746884460787,51.0154106669332,49.16509898842348,50.3001823425293,93829630
2021-11-24,50.65252565508798,50.760125245409704,49.41828047856025,49.728424072265625,67671010
2021-11-25,49.791717232980126,50.07021482379776,49.20096740160467,49.52376937866211,47502860
2021-11-26,48.85917772354066,48.92669024220088,46.67973480378368,46.93502426147461,106455260
2021-11-29,46.93502351180588,47.97727114089266,45.363206162406975,47.03840255737305,93929910
2021-11-30,46.878061261687655,47.59328965773995,44.85474594197362,45.20075607299805,133559840
2021-12-01,46.07843544432128,46.28941729749002,45.00242992475727,45.67967987060547,93791140
2021-12-02,45.698672168854145,47.09115051341364,45.318904176946035,46.93924331665039,91286810
2021-12-03,47.04895053177152,47.859120028379586,46.510946193484436,47.175540924072266,100737840
2021-12-06,47.00675737151849,48.146058087060915,46.508840070944395,46.78733444213867,82159400
2021-12-07,47.306351164144495,48.76001599722342,47.30213062568821,48.475189208984375,85053900
2021-12-08,48.905595669630515,49.66512843213552,48.48363195068518,49.49634552001953,74485010
2021-12-09,49.87610927103743,49.87610927103743,48.905594668918546,49.65879821777344,52123940
2021-12-10,49.5153318157309,50.167264971759764,49.26848343294311,49.791717529296875,48121300
2021-12-13,50.129291956339216,50.59345141125708,49.0174166364781,49.17143249511719,53537780
2021-12-14,48.90348398642876,49.703107039854615,48.39923746904367,49.25160598754883,53522640
2021-12-15,49.37186526479063,49.60605526463917,48.48363341245423,48.69672393798828,44308330
2021-12-16,49.116575913711024,49.319116689319934,48.25366090948681,48.66085433959961,42460080
2021-12-17,48.69461319010538,48.899265848734146,47.47091777688027,47.770511627197266,47435020
2021-12-20,47.13334686424101,47.141787941576986,44.98344438643247,45.27459716796875,73526500
2021-12-21,45.99404046333642,47.43926733443366,45.783058626348634,46.63120651245117,70268490
2021-12-22,47.04895263354854,47.724093910881926,46.83797078317388,47.63337326049805,43669170
2021-12-23,48.01947094924207,48.39079785093554,47.26837284959838,47.58273696899414,46214780
2021-12-24,47.68400636893492,47.82747569981,46.57846354436069,47.06793975830078,40936300
2021-12-27,46.88228199813097,47.45826159259174,46.51517239125419,47.33589172363281,27588510
2021-12-28,47.55530804531665,47.745193643282946,47.3443261937947,47.57429885864258,28807810
2021-12-29,47.25993239519177,47.54053863010751,46.75357726440282,47.1016960144043,41935200
2021-12-30,47.171322039656935,47.555307329597476,46.3738109104529,46.45820236206055,41140930
2021-12-31,46.626985696798265,47.40761784514164,46.52782397645798,46.89915084838867,36870210
2022-01-03,47.04894961514449,48.56801819652135,47.04894961514449,48.20724105834961,38658030
2022-01-04,48.65241641154499,48.935131320892104,47.95617565532654,48.475189208984375,59757310
2022-01-05,48.39923386807264,49.8254731980727,48.15660603449075,49.69044494628906,61861760
2022-01-06,49.454144846413826,49.91830749651377,48.760015969482225,49.08492660522461,53354000
2022-01-07,49.167212006653486,49.53854214642917,48.4351079027881,48.962562561035156,39738570
2022-01-10,49.15877135323356,49.51321931814274,48.68828272624309,49.32966613769531,38225000
2022-01-11,48.89082302070387,49.06171780348793,46.96456092637481,47.692447662353516,96978850
2022-01-12,48.09753690667122,48.55958771461618,47.783172763078404,48.40768051147461,50358430
2022-01-13,48.69461420938722,51.71165546844756,48.616548731599465,51.528099060058594,157231160
2022-01-14,51.18419782623902,51.74540709757331,50.89304184459856,51.20951461791992,52679070
2022-01-17,51.26859155822607,52.534482707811904,50.22845254226033,51.890987396240234,89696070
2022-01-18,51.901537167988685,52.059773561793534,50.21368230073703,50.4183349609375,58408970
2022-01-19,50.46685485284022,51.5175435014854,49.91830400729853,51.04072570800781,73043210
2022-01-20,51.061827178192495,51.648356451467926,50.50905255352727,50.918357849121094,59205970
2022-01-21,50.63564328898975,50.81708780621506,48.79377266576445,49.357093811035156,71662670
2022-01-24,48.94779195240457,49.101807810153396,45.99404588631119,46.38225173950195,83920760
2022-01-25,46.192366665345865,47.30213003525583,45.86956469301225,46.79999542236328,57330630
2022-01-27,45.99403998017276,46.56158163080029,44.78300308962689,45.924415588378906,90566560
2022-01-28,46.662859571431824,47.50256650847846,45.612170765425795,45.76829528808594,78648930
2022-01-31,46.83374730123006,47.03207074320992,45.59317628814033,45.80626678466797,55709390
2022-02-01,46.62277000891975,49.557528421900095,45.84213777936585,49.2579345703125,170752680
2022-02-02,49.78750110738981,49.78750110738981,48.87606109706864,49.26426696777344,75247340
2022-02-03,48.65241693995728,49.86345072453027,48.369698808211986,49.226287841796875,65140900
2022-02-04,49.53009867306307,50.54070355220012,49.38030336019077,49.635589599609375,93174180
2022-02-07,49.298021088303365,51.251711909671776,48.98998616302205,49.91830825805664,145105250
2022-02-08,50.42466194919521,51.58084158117928,49.4330479020096,51.46269226074219,140839840
2022-02-09,51.94372922470058,52.0703196185288,50.9795438739769,51.578731536865234,73520600
2022-02-10,51.901535461879526,52.92479872924517,51.732749336837166,52.675838470458984,93920570
2022-02-11,52.2813020375186,53.376298332405426,52.03234178540329,52.93323516845703,96762260
2022-02-14,51.48379219695281,51.80659417152766,49.79593738847675,50.08076095581055,80216130
2022-02-15,50.50272345941646,51.14199819540951,48.59122844927266,50.96266555786133,101889210
2022-02-16,51.26859037558092,51.390960236870754,50.06599445508096,50.289634704589844,66092140
2022-02-17,50.68206183209897,51.03650980578452,50.051224922129805,50.25376892089844,56557920
2022-02-18,50.08708826231799,50.846624185180296,49.91830536330632,50.2474365234375,47251200
2022-02-21,50.12929150129345,50.72003813710222,49.55542058136976,49.869781494140625,49787320
2022-02-22,48.863401360453906,49.228399086528356,47.22829190206185,48.04901123046875,93858570
2022-02-23,48.44143638821034,48.63553931326924,47.85068653580237,48.061668395996094,49608380
2022-02-24,46.16283232983456,47.257828715357434,45.02774887519578,45.318904876708984,121268670
2022-02-25,46.31895644527238,48.55536546432728,46.23034444978453,48.32961654663086,92128860
2022-02-28,47.850689286188924,51.690558718559174,47.64814527225683,51.51122283935547,176054460
2022-03-02,51.51121280704247,54.838400406276456,51.41838350553623,54.4058837890625,248475320
2022-03-03,55.1084617258005,56.06420924754615,54.58733629941304,54.994529724121094,174503380
2022-03-04,54.95655945429139,55.692884115381766,53.71598503666067,53.88898849487305,162829230
2022-03-07,53.83835184196351,54.93123637923927,53.33621718236581,54.51349639892578,110400010
2022-03-08,54.55990798615328,54.60210049318327,52.49228520135761,53.56829071044922,91078220
2022-03-09,53.75395515022877,53.876325008784946,52.68638751097883,52.971214294433594,69348880
2022-03-10,53.0767073399679,55.43759483618919,52.365696292343934,55.222389221191406,136740620
2022-03-11,55.488229737794285,56.538921729072285,54.694935875849986,54.92701721191406,118822990
2022-03-14,55.06626335188192,55.34897826082002,53.91430102387865,54.72869110107422,52780820
2022-03-15,54.50927272082326,54.55991274779596,51.81714844392573,52.059776306152344,96143130
2022-03-16,52.53448459151761,53.6400307274216,52.33194058381717,53.38896179199219,63024510
2022-03-17,53.800374811672285,55.60637903535598,53.63580921685338,55.00086212158203,106239760
2022-03-21,55.19285294400557,56.28995469477518,54.62319937667833,54.979759216308594,84227630
2022-03-22,55.699210351787755,56.12117406657403,54.351033192491066,54.939674377441406,81795880
2022-03-23,55.86799229364136,56.872267977790976,54.532479992505294,56.16337203979492,130552380
2022-03-24,56.16125889581794,57.36596345068618,55.95027704683516,56.988304138183594,94605270
2022-03-25,57.17186533457594,57.64024530980237,56.27096869379401,56.49883270263672,69457440
2022-03-28,56.543137089323544,57.176082653756275,56.01989977147661,56.49883270263672,46554910
2022-03-29,56.7119216771927,56.80264877082619,55.99458463732324,56.317386627197266,43202370
2022-03-30,56.33215686882935,56.35536178297726,54.85528384230573,55.19496154785156,58483160
2022-03-31,55.19285363303443,55.71819638283224,54.85949870206042,55.159095764160156,40067950
2022-04-01,55.27724619361526,56.58111251656908,55.085251932288884,55.57684326171875,55321590
2022-04-04,55.57684191305304,57.133882561870465,55.465021789791315,56.62331008911133,69670320
2022-04-05,56.89969612983302,57.302672239429455,56.089526591519785,56.749900817871094,63296420
2022-04-06,56.965098169980514,58.5137041401851,56.83006669857878,57.84067153930664,114097540
2022-04-07,58.10440431599287,58.27319367113601,56.58533875163786,56.94400405883789,55650640
2022-04-08,57.42714892578498,58.228877361604205,57.22882547632302,57.84067153930664,52287710
2022-04-11,57.838569952910724,58.39977603218424,57.0916923687611,57.2984504699707,44778820
2022-04-12,57.09168992520575,57.384951348746235,54.690715440865496,55.709754943847656,69191680
2022-04-13,56.33004135085738,56.79631586922695,55.48822584049101,55.67810821533203,44937800
2022-04-18,56.20134690268877,57.304777870594236,56.07264462455494,56.50516128540039,80700420
2022-04-19,57.074808684054915,57.66766717722635,55.235046664209484,55.97770690917969,64772190
2022-04-20,56.10851812565612,56.393344933332564,54.9839811708915,55.45658493041992,54100210
2022-04-21,55.53042681937774,55.815247172744144,54.2582064910926,54.94600296020508,66690280
2022-04-22,54.92279581414493,55.342647628218515,53.747625384119765,53.9079704284668,55848230
2022-04-25,52.74546365661267,53.29190588745655,51.175758143099465,51.49434280395508,72310460
2022-04-26,52.11251857098274,52.3952334861381,51.69055485785738,52.053443908691406,44812710
2022-04-27,51.774943629104506,52.956443252346006,51.07448557567356,52.6062126159668,71209740
2022-04-28,53.14633065625388,53.53242785661646,52.45009307524469,53.20329666137695,51295830
2022-04-29,53.5049984524811,54.505050361200254,53.40583672542609,53.633697509765625,57173520
2022-05-02,53.04083604653788,54.97131869519731,52.69271728016571,54.652740478515625,54426170
2022-05-04,56.00723982073542,56.121171821994466,52.93534461504497,53.22439193725586,138374020
2022-05-05,54.011357029991586,55.55152205733774,53.92696557236332,54.19069290161133,87338160
2022-05-06,53.50500077898589,54.433319671702456,52.45009148302266,54.16748046875,69256760
2022-05-09,53.167427026949966,53.76661471763094,52.49228574031453,52.84040451049805,50552970
2022-05-10,52.78766031825294,52.94167617344529,48.88660781751325,49.1545524597168,145537420
2022-05-11,49.580738933401875,50.25165972773396,47.40340451241087,49.18831253051758,107063150
2022-05-12,48.81698004583381,49.04905814240406,46.54259602734623,47.162879943847656,94191610
2022-05-13,47.89288063759763,48.60177979254839,46.078435413816635,46.2894172668457,82924410
2022-05-16,47.21774289615828,47.88444637441467,46.162833551826445,46.563697814941406,62665270
2022-05-17,47.428722942062215,50.51749725477309,47.06372522436419,50.15882873535156,112876010
2022-05-18,50.50905628538262,51.01541468387764,49.580737383800006,49.802268981933594,81575800
2022-05-19,48.56802076644017,48.73258635033636,47.05738996209962,47.35065460205078,66545630
2022-05-20,49.04695414937175,49.724204129542834,48.15450176665042,49.39507293701172,65527500
2022-05-23,46.289416526694836,46.289416526694836,42.261773789409155,43.16477584838867,273883460
2022-05-24,43.50445628403928,43.8800037148135,42.28076092542185,42.464317321777344,123116660
2022-05-25,42.46431689158656,42.97067203241632,41.85035894931808,42.15839385986328,99343400
2022-05-26,42.49174625632176,45.0467367662194,41.99594080594958,44.39058303833008,150536730
2022-05-27,44.8336415890256,45.05095262953445,43.54665106038613,44.03190994262695,74772200
2022-05-30,44.68595688787415,44.888497662927236,44.03191185908351,44.19858932495117,72701590
2022-05-31,44.09520904533305,45.23029249017769,43.75763677926448,44.54460144042969,121248850
2022-06-01,44.96023919348594,45.529889616469426,44.445442899463195,44.87795639038086,94055290
2022-06-02,45.05517673100577,45.772513765430055,44.690179015556126,45.63748550415039,79177040
2022-06-03,46.07843773519461,46.11219560601857,44.93913695917205,45.036190032958984,53954860
2022-06-06,44.939137567023465,45.69445303545521,44.272434096207355,45.49190902709961,57262490
2022-06-07,45.02352730836107,45.635376629501565,44.87795253025656,45.086822509765625,43341570
2022-06-08,45.61427582909726,45.94762754209224,45.3210111831367,45.85690689086914,64734340
2022-06-09,45.35899422857484,45.87800783554356,43.93486657975437,44.08888244628906,98547810
2022-06-10,43.46226620959363,43.521340876992475,42.64576738428766,43.19643020629883,95225630
2022-06-13,42.37781488465824,42.70272551995169,41.77440665968962,41.856689453125,82235750
2022-06-14,41.70056095266642,42.77446100524262,41.586632171296436,42.033912658691406,77202600
2022-06-15,42.425282811229465,43.32809322087374,42.278523569925845,42.67433547973633,92443330
2022-06-16,92.5536088297573,92.5536088297573,85.26323196762749,85.59547424316406,122741050
2022-06-17,85.24424062978221,88.03508268644663,85.00692370959055,86.07009887695312,121290260
2022-06-20,85.90872816380295,85.90872816380295,79.99004338440142,81.7699203491211,139866890
2022-06-21,83.06092538654204,85.00692710681906,82.01673234443595,83.9912109375,124526970
2022-06-22,82.8663191211741,82.95175697708412,79.33029851567491,79.55812072753906,109877390
2022-06-23,79.73849050070976,81.25257371125329,78.50443953650161,79.86189270019531,111515840
2022-06-24,80.68775296382083,82.08792134619607,80.17989127766764,80.95829772949219,85433810
2022-06-27,82.63375751360437,83.42639518679745,81.9265504584659,82.3822021484375,72814730
2022-06-28,82.20658840746705,83.95324489097634,81.67500076751739,83.43114471435547,84647330
2022-06-29,82.58629255057502,84.37091327661012,82.44390094253745,83.68744659423828,72318470
2022-06-30,83.67795071688869,84.91199440380525,81.95028376133517,82.30625915527344,84672090
2022-07-01,82.29677028218107,83.0609311383474,81.55159883741302,82.85684204101562,54761890
2022-07-04,82.44389996427608,82.70020630417002,80.05174849851429,81.11967468261719,77554410
2022-07-05,81.82687258236898,83.4596141799412,81.42818188780025,81.65126037597656,79058290
2022-07-06,81.48988739487196,81.74144275761978,79.55338040520618,81.46141052246094,81439710
2022-07-07,82.30151082580237,86.0558665059869,81.49463468875295,85.43409729003906,111007940
2022-07-08,87.13328798855386,87.13328798855386,83.58302861727107,84.09562683105469,112000630
2022-07-11,84.02917207897089,88.18696916394642,83.06566596049772,86.6444091796875,150193340
2022-07-12,85.89923190684013,86.94817589905874,84.8265620160576,85.63343811035156,100175050
2022-07-13,85.99891313511485,86.78205613343296,85.49580238542315,85.89449310302734,70135110
2022-07-14,86.38336261015358,86.47828793378505,84.95946102866753,86.19351196289062,74498580
2022-07-15,85.9087285524704,86.41183928466658,83.29824232573786,83.89627838134766,81253510
2022-07-18,85.1493164940866,86.19351684013259,84.69841574956949,85.84228515625,73060810
2022-07-19,85.529025806838,87.5129992394865,85.529025806838,87.28042602539062,85341580
2022-07-20,88.84671643925677,89.04131806664812,87.82624926008582,88.134765625,77088650
2022-07-21,88.28190094166636,89.12200493009499,87.75980078109758,88.6900863647461,50877140
2022-07-22,89.4684832987543,89.61087490631806,88.47174928814597,88.85620880126953,48608940
2022-07-25,88.75653392483709,91.59009871562134,88.62363702027251,91.19615173339844,99635630
2022-07-26,92.2688252199918,92.71498223488689,89.80548141710106,90.13297271728516,126264690
2022-07-27,90.27535763564885,91.27683535787384,89.57290155916859,91.07274627685547,52559020
2022-07-28,93.1231654915825,96.82531119148945,92.22136401957745,95.25901794433594,137156107
2022-07-29,97.7745747871055,103.75496429723256,96.96769867665037,102.14120483398438,166959934
2022-08-01,104.89408451635347,105.79588596593895,100.76477132548953,102.75823211669922,125365761
2022-08-02,102.52091537903402,102.52091537903402,100.00535443284011,101.57164764404297,64935371
2022-08-03,101.57164382552156,102.94807909257716,100.62237612621762,101.61911010742188,61428846
2022-08-04,102.04628673036444,103.944822297441,100.66985134116932,102.23613739013672,79526154
2022-08-05,102.18867574182829,103.70750270831073,101.6665755772539,101.90389251708984,54469112
2022-08-08,102.37852296894057,102.66330618414395,101.2868636337783,101.7614974975586,41384943
2022-08-10,102.42599046465438,104.3245259422482,101.09701418187107,103.6600341796875,73880698
2022-08-11,104.70422717596249,105.0364694128772,103.09046778727483,103.56510162353516,75321498
2022-08-12,103.80242636503327,107.17232975339905,103.28033345120043,106.93501281738281,95942333
2022-08-16,107.93174223051473,107.93174223051473,105.46364748433534,107.26725769042969,69207437
2022-08-17,107.74188551161025,107.74188551161025,106.5553008694119,106.79261779785156,54008422
2022-08-18,106.79262160630915,107.26725548011497,105.74842853240398,106.840087890625,49396425
2022-08-19,106.84008052125606,107.17232276153585,103.99227747485034,104.46691131591797,57134813
2022-08-22,103.94481173588947,104.0397370561305,99.3883239409428,99.72057342529297,74037526
2022-08-23,98.91369314982592,102.75823029809874,98.24920864529533,102.14120483398438,70531639
2022-08-24,102.09375325943006,102.66331248244073,100.38506834805962,101.14448547363281,55686404
2022-08-25,101.6191125088952,102.42598862390417,100.38506157370175,100.85969543457031,42186335
2022-08-26,101.80896718962312,103.66003642340823,101.6665755772539,101.90389251708984,71257092
2022-08-29,98.77130613506557,100.2901329920378,98.01188908541059,99.53071594238281,59895805
2022-08-30,101.09700982691349,102.99554522272408,100.66984225979122,102.80569458007812,67401780
2022-09-01,101.57164965792133,102.28360047328059,100.52745657719538,101.00209045410156,52454732
2022-09-02,101.57165252540914,101.57165252540914,99.67311696418653,100.14775085449219,45601352
2022-09-05,100.66983901911296,101.85642360329705,100.43252210227614,101.47671508789062,40352735
2022-09-06,101.95135857797185,103.28033488660063,100.66984855414125,103.0904769897461,59505849
2022-09-07,102.09374579356815,103.3752557622131,101.66657097579454,102.14120483398438,43945660
2022-09-08,102.90062371443602,102.90062371443602,100.00535423160409,100.47998809814453,71228405
2022-09-09,101.57165170982893,101.90389398190743,100.14775005034535,100.33760070800781,63647166
2022-09-12,101.38179838979345,102.47345050619246,101.09701516844004,102.28359985351562,40838533
2022-09-13,102.52091679053075,103.1854013172378,102.0937492008388,102.28359985351562,44179394
2022-09-14,100.90716019855219,104.79915635061735,100.43252634482869,103.6125717163086,86379872
2022-09-15,103.13794085524582,103.47018311402508,101.09701377654744,101.57164764404297,62926791
2022-09-16,100.81223459450234,102.04628559632346,99.67311616385082,100.33760070800781,107967267
2022-09-19,100.81222765167901,100.81222765167901,97.77457388424912,97.86949920654297,51146568
2022-09-20,98.91369151971836,100.95461852476754,98.72384087650636,100.43252563476562,52140254
2022-09-21,100.43253352590571,101.76150261748452,99.00863186292409,99.15101623535156,46142823
2022-09-22,99.1510152516713,99.9578986465598,98.24921377099842,98.3441390991211,61380323
2022-09-23,100.81223176948173,102.4259912837444,98.48652868776612,99.00862884521484,109765520
2022-09-26,99.10354896798212,99.1510080074068,93.50286810988682,94.78437805175781,101291962
2022-09-27,96.20827907745047,96.20827907745047,91.60433222250705,92.69599151611328,104949032
2022-09-28,91.65180226404807,92.88584596812476,90.18043438504114,90.37028503417969,71724106
2022-09-29,92.07896844912486,93.2655530940878,91.50940926801022,91.93657684326172,60884592
2022-09-30,91.93658060977852,95.30648403646883,90.84492124322122,94.26229095458984,66436616
2022-10-03,94.54705821696706,94.59452449726825,93.02823139771674,93.3604736328125,37282313
2022-10-04,95.21155649280873,96.35067487518606,94.92677327604537,96.0184326171875,40186702
2022-10-06,96.8253087528567,98.53399356895997,96.58799181963892,98.29667663574219,48169310
2022-10-07,98.05936431884766,98.24921497742423,96.73038798179647,98.05936431884766,36080875
2022-10-10,96.82530578569828,98.24920734137032,96.0184296859517,97.96442413330078,36641275
2022-10-11,98.29667911143267,98.39160443864296,94.73692502351027,95.25901794433594,41083734
2022-10-12,95.25900991709162,96.0658859938929,93.97750000189691,95.44886779785156,41357469
2022-10-13,95.97096572478527,96.63545747890497,93.78765429868974,95.02169799804688,34668093
2022-10-14,96.68291651983908,97.58472520564337,94.83184734963439,95.02169799804688,32456805
2022-10-17,94.68945391623592,95.30647937518523,93.12316074885317,94.49960327148438,37568783
2022-10-18,95.21155809043043,95.87604261757738,94.736924216086,95.5438003540039,30722156
2022-10-19,95.49633609149228,96.11336158967143,94.64199365111644,94.9742431640625,38764542
2022-10-20,94.45213643837336,96.06588863636522,93.78765194327973,95.78111267089844,38091315
2022-10-21,95.73364839307398,96.30320757826951,94.3097468089162,95.11662292480469,30973997
2022-10-24,96.8253121907626,96.92023751895256,95.8760444241865,96.0658950805664,7480281
2022-10-25,96.01843603764058,97.29994607405067,95.59126119727836,96.0658950805664,37163180
2022-10-27,97.0626270803097,99.3408711203934,96.87277642794362,98.9136962890625,74349009
2022-10-28,98.81876398631972,99.29339782606414,95.68618498940917,96.44559478759766,51006232
2022-10-31,96.73038220745822,96.96769913768145,95.2115553024971,96.39813995361328,38715841
2022-11-01,93.55034129301038,96.30321202221043,93.55034129301038,96.0658950805664,69031178
2022-11-02,95.87604061173803,97.77457606939622,95.68618996290743,96.11335754394531,42336049
2022-11-03,95.63872507506726,97.25247734068898,94.92677426805683,96.82530975341797,39110676
2022-11-04,97.29993870264022,99.67310793928998,97.01515549730715,99.435791015625,70299020
2022-11-07,100.52745538572869,101.99881604129611,99.29340442346351,101.286865234375,74426059
2022-11-09,101.8089597065135,102.09374291031996,100.19520753117752,100.71730041503906,38295904
2022-11-10,99.86296241781048,100.6223794996487,99.1510116194639,99.3883285522461,27864285
2022-11-11,100.85969902092631,102.71076824719862,100.85969902092631,102.09375,77933417
2022-11-14,102.99555126272449,104.41945289308474,102.75823432433111,103.1854019165039,55474425
2022-11-15,103.47018210601645,103.802424361559,101.76149730274336,103.04301452636719,35007427
2022-11-16,102.94808847277683,103.28033799167663,99.86296816893575,101.14448547363281,40404167
2022-11-17,100.5274543817338,101.3817967899742,99.19847810695295,100.47998809814453,32894825
2022-11-18,100.47999312923847,100.9071679759166,99.38833373306778,100.14775085449219,28992538
2022-11-21,102.23612945450792,102.23612945450792,98.58145022003161,98.9611587524414,58404309
2022-11-22,99.10355098811483,100.05281870401184,98.29667487806996,99.86296081542969,27846186
2022-11-23,100.33759769784642,100.6223809181349,99.6256468894634,100.10028076171875,22809651
2022-11-24,100.47999312923847,100.5749184588319,99.29340840347433,100.14775085449219,23737867
2022-11-25,100.24267376503687,101.09701619543779,99.76803988618505,100.8122329711914,27361785
2022-11-28,100.6223790866444,101.002087626005,99.19847749579566,99.57818603515625,33516118
2022-11-29,99.67310740497827,102.18866823080954,99.62564112356462,100.71730041503906,40661568
2022-11-30,100.71730701457544,102.47345090688658,100.52745636115625,102.18867492675781,61142050
2022-12-01,103.18539931923341,105.65350121027069,102.52091480539292,105.13140106201172,91702642
2022-12-02,105.17886715801745,106.79261939866203,104.56184168635758,106.31798553466797,70541914
2022-12-05,107.55203553954871,110.20998080932085,106.93501007327266,109.97266387939453,96441799
2022-12-06,109.49803160643391,109.49803160643391,106.55530308116771,107.21978759765625,50581245
2022-12-07,107.64695647606715,107.74188179570156,105.22632099253262,105.55856323242188,39494279
2022-12-08,106.0806728164294,107.2672575235483,105.17887133595436,106.17559814453125,32416724
2022-12-09,107.07740362811376,107.97920508130814,104.13466784960984,104.84661865234375,35665257
2022-12-12,104.60930152219872,106.41291166754795,103.18539991939744,106.033203125,37082389
2022-12-13,106.8400803956682,107.12485635457142,105.17886195388425,105.55856323242188,32264080
2022-12-14,105.93827759502702,107.45710451994285,105.46364372834469,107.3147201538086,38606984
2022-12-15,106.93501038919679,107.69442022180185,105.08393398489989,105.32125091552734,34361613
2022-12-16,104.75169930188547,106.41291793634961,103.89735684140764,105.41619110107422,34736665
2022-12-19,105.4161848798271,106.4129116562796,105.17886794605201,106.12813568115234,17297590
2022-12-20,105.51110880543209,105.84335105984292,103.47018175356841,105.32125091552734,34836506
2022-12-21,106.12813567517782,106.31798632525197,103.185399902662,103.84989166259766,32303565
2022-12-22,104.41945269495511,104.98901189755087,100.95462395251852,102.18867492675781,39639329
2022-12-23,100.62238384517306,101.33433467426627,96.77784647113441,97.06262969970703,46756489
2022-12-26,97.58472486726629,100.19521110674499,96.49306553683488,99.67311096191406,33995681
2022-12-27,101.2394036636209,105.89081693444435,100.47998659160722,105.5111083984375,76033410
2022-12-28,105.41619055437835,106.60277528712759,104.1346732491384,104.4194564819336,50660601
2022-12-29,103.47018685223539,106.31799016009508,103.32779523837473,106.08067321777344,51751642
2022-12-30,107.17232975339905,108.92847363145155,106.41291266121185,106.93501281738281,56048485
2023-01-02,108.59623287944905,113.62734764754437,107.97920738875992,113.20018005371094,143444095
2023-01-03,113.72228267473028,114.38676722223947,111.77628083335019,112.44076538085938,74419090
2023-01-04,112.7255421220355,113.01032533591058,109.49803041491595,109.87773895263672,55634568
2023-01-05,110.58968734342722,111.06432119468656,108.69115193838984,110.63715362548828,58806907
2023-01-06,111.06432400827602,111.87120012738991,109.40310548678471,109.7828140258789,58551863
2023-01-09,110.96940030152075,112.10851869306852,110.6371580408475,111.58642578125,37763131
2023-01-10,111.68134674087432,113.67480746932178,111.5864214190126,112.82046508789062,56750710
2023-01-11,113.39002426139879,114.24436664282995,112.01358898855925,112.82046508789062,49321252
2023-01-12,112.91539665174822,113.20017987541412,111.63388662992817,112.1085205078125,33740024
2023-01-13,112.53569155226276,115.43095376442007,112.15598301427909,114.33929443359375,68884010
2023-01-16,115.28856377608767,115.28856377608767,112.77301006659452,113.86466217041016,44362359
2023-01-17,113.67481353049965,113.81720514205351,112.01359496116041,113.29510498046875,27880531
2023-01-18,113.91212806467084,116.75993126628762,113.91212806467084,116.23783111572266,64749065
2023-01-19,115.62080970955512,117.99397897910808,115.00378425100378,117.28202819824219,53564076
2023-01-20,117.13963819868178,117.89904802994165,115.81066194105453,116.71246337890625,37784498
2023-01-23,117.13963756637149,117.56680514150324,115.33602745806584,115.81066131591797,28601260
2023-01-24,116.2853004444756,116.33276672934741,114.00705637505496,114.29183959960938,27707765
2023-01-25,114.2443713087426,116.04798146712879,114.00705437322699,114.86139678955078,46522102
2023-01-27,115.71574427546155,116.997254334922,113.05779158430481,114.52915954589844,58771746
2023-01-30,114.33929236545178,114.95631782322239,110.96939635235326,112.72554016113281,46551837
2023-01-31,112.72554836354263,114.33930068528537,111.77628058784964,113.62734985351562,43986769
2023-02-01,114.00704744929283,117.85158446809243,113.24763764716664,115.85812377929688,72919626
2023-02-02,115.76319764464685,116.28529779699717,112.39330152327958,113.86466217041016,38768010
2023-02-03,113.95959353411169,114.86139497791216,111.25417471803426,114.24436950683594,46977350
2023-02-06,113.91212886031458,113.91212886031458,111.06432563880672,111.49149322509766,49546361
2023-02-07,106.88754249157505,109.498028689045,104.94154803522743,105.79588317871094,110953246
2023-02-08,105.79588317871094,107.02993409626825,104.5143732211478,105.79588317871094,66523699
2023-02-09,106.46037571741729,107.21978554424066,104.3719823983927,105.60603332519531,64710455
2023-02-10,105.36872063331826,105.6060375716816,102.8057005959296,103.28033447265625,60810058
2023-02-13,103.28033066273977,104.98900821052128,102.9006221268979,103.23286437988281,56186469
2023-02-14,103.99227985114955,104.32452209902132,102.75822893923971,103.7074966430664,31163587
2023-02-15,103.47018034283441,104.98900722967448,103.28032969785609,104.70423126220703,35544190
2023-02-16,105.36871780667987,106.50783618333038,105.03647555035162,106.31798553466797,30956191
2023-02-17,105.89081336768605,107.36217393693752,105.65349644596765,106.5552978515625,34107244
2023-02-20,106.60276373955433,106.9824650190328,105.41617913533996,106.65022277832031,19896764
2023-02-21,107.17232814810485,108.40637185150212,107.02993654016032,107.4096450805664,29830864
2023-02-22,107.50456915955098,107.93173673609746,105.03647453901343,105.5111083984375,24391211
2023-02-23,105.89082174644852,107.884282598151,105.7009638486484,106.3654556274414,30845778
2023-02-24,106.79262287252857,107.17233142454299,103.99228588080645,104.18213653564453,34326940
2023-02-27,104.22959521185521,104.46691213424802,99.8154990068815,100.71730041503906,56217189
2023-02-28,101.4292541721468,101.6191120610603,98.2966750496223,98.67637634277344,76540448
2023-03-01,99.38833373306778,101.66657785500259,99.19848307388088,100.14775085449219,76175319
2023-03-02,100.66985004659284,101.47672620375657,99.05609048992706,99.34087371826172,55276248
2023-03-03,100.62237990905192,101.99881522785371,99.67311217406086,101.57164764404297,117175295
2023-03-06,102.0462821163023,102.14120744189636,99.67311276476039,100.2901382446289,106868143
2023-03-08,99.95789697772862,101.47672392934902,98.72384600572184,101.09701538085938,43939583
2023-03-09,102.3785197781022,103.42271279740679,102.04627753227862,102.71076202392578,51967449
2023-03-10,101.5716440738483,102.85315402257416,101.19193554473084,102.61583709716797,47699832
2023-03-13,102.75823312014367,103.4701839269807,100.95462296102225,101.38179779052734,34552596
2023-03-14,101.57164965792133,103.04301757326576,100.81223255793617,101.00209045410156,48584984
2023-03-15,102.04628012425836,103.61257331416806,101.95135480051735,103.137939453125,38930902
2023-03-16,101.80895943994653,101.80895943994653,98.43905625385705,99.72057342529297,81088340
2023-03-17,101.04954749286266,101.90388990282223,99.67311217406086,101.57164764404297,48962238
2023-03-20,100.71730563225297,101.0495478923457,98.58145322007935,99.19847869873047,41569640
2023-03-21,99.76803326028842,100.05281646562149,99.00862344996315,99.435791015625,26434897
2023-03-22,99.43579482491195,100.57491320520722,99.10355256752067,99.48326110839844,25891259
2023-03-23,99.10355217154,100.14774522302815,99.05608588824317,99.57818603515625,20913844
2023-03-24,99.67311257108284,99.72057885495668,96.39814176925393,96.92023468017578,39014278
2023-03-27,97.34740909677643,98.1542852228565,96.9202342707307,97.11009216308594,24753289
2023-03-28,97.63219192802691,97.869508878383,97.15755802731474,97.2999496459961,18703734
2023-03-29,97.29994600509505,99.19848153690178,96.49306985254485,98.3441390991211,37221124
2023-03-31,99.67311256810238,100.1477464374743,98.81877015476532,99.19847869873047,34579415
2023-04-03,99.76803911264832,99.9104307236675,98.5339953826045,98.81877136230469,21840428
2023-04-05,98.81876517420793,99.67310754448535,97.9644228039305,99.53071594238281,25194802
2023-04-06,99.53072519818197,99.76804214297609,98.91369969324961,99.05609130859375,21053782
2023-04-10,99.19847330685957,100.3850579157933,99.19847330685957,99.62564086914062,19992257
2023-04-11,100.19521448901786,102.3785259812444,99.76803965364394,102.09375,49304956
2023-04-12,102.71076401534458,102.90062190402327,101.52417936987,102.14120483398438,27349538
2023-04-13,102.04627990722656,102.66330537373784,100.52745300358659,102.04627990722656,34880922
2023-04-17,102.1412026002737,102.80569433261056,101.33432650746403,101.71403503417969,24642162
2023-04-18,101.76149629896491,102.42598804583344,101.42925404669963,102.14120483398438,25476339
2023-04-19,102.37852017176178,104.79915570784001,102.28359485006686,102.61583709716797,62100775
2023-04-20,102.71076281453134,103.18539666717213,101.95135299570879,102.52091217041016,18337948
2023-04-21,102.52091435147668,102.61583967555674,100.005353430496,100.7647705078125,37638506
2023-04-24,101.00209005432151,101.28686603393511,100.00535601982847,101.09701538085938,23475012
2023-04-25,101.28686061879526,102.14120299663637,100.8596930510436,101.61911010742188,23333425
2023-04-26,101.09701037690495,101.61911051052832,100.47998492144218,101.42925262451172,23590297
2023-04-27,100.90716491033281,102.378525580177,100.90716491033281,102.18867492675781,22364308
2023-04-28,102.33105772100946,102.99554219306192,101.85642388601839,102.47344207763672,30072920
2023-05-02,102.52091263326712,105.22632415706632,102.52091263326712,104.70423126220703,52822162
2023-05-03,104.22959900915698,105.36871738120782,103.23286500185901,104.1346664428711,51272624
2023-05-04,104.41945702346034,106.22306727506053,103.94482312789916,105.41619110107422,38636907
2023-05-05,105.22632554477929,105.22632554477929,102.90062252260347,103.137939453125,32958346
2023-05-08,103.70750345533911,104.2770626665804,102.75823568915752,103.9922866821289,23130472
2023-05-09,104.039745725035,105.5585727024579,103.61257812718861,103.9922866821289,27999202
2023-05-10,104.03973889093818,104.41944742093642,103.09047118711149,103.7074966430664,19213215
2023-05-11,103.66003275422992,103.9448159688881,102.758231311709,103.04301452636719,19817637
2023-05-12,102.85316232386519,102.90062860971256,101.14448466843575,101.33433532714844,36794838
2023-05-15,101.6191191247076,102.71077128190586,100.29014277928633,102.23613739013672,22148028
2023-05-16,102.71076481407528,103.13793963517081,101.76149709031363,101.95135498046875,18587658
2023-05-17,101.95135170734873,102.04627702820976,100.1952079232378,100.62237548828125,28895465
2023-05-18,101.09701174303096,101.71403720683159,99.76803549230758,99.86296081542969,24208481
2023-05-19,100.24267520409087,100.33760053275631,98.77131450393075,99.34087371826172,29848841
2023-05-22,99.67311096191406,99.91042789277576,99.00862645243649,99.67311096191406,21588716
2023-05-23,99.76804189285171,100.66985062621148,99.67311656363974,100.24267578125,21304034
2023-05-24,99.76803549230758,100.43252723883822,99.57818484606334,99.86296081542969,28454367
2023-05-25,99.67310754448535,99.86295818573022,99.00862305779053,99.53071594238281,25885062
2023-05-26,99.67311415029663,101.33433271946824,99.62564786567073,101.00209045410156,28362042
2023-05-29,101.57164666468469,103.32779050901772,100.90716215353316,102.94808197021484,41062311
2023-05-30,103.42271294222913,103.42271294222913,101.47671850405872,101.61911010742188,33475211
2023-05-31,101.00208480673945,101.52417769674136,100.24266774921581,100.43252563476562,41249944
2023-06-01,100.52745398383898,101.28686382189505,100.43252865937421,100.57491302490234,21211538
2023-06-02,101.0970106124878,102.80569537892977,101.0970106124878,102.52091217041016,46686933
2023-06-05,103.13794086131249,104.32452553012111,102.33106473499025,103.84989166259766,39642539
2023-06-06,104.18212745386526,104.27705277300946,102.80569222043033,103.47017669677734,26751372
2023-06-07,103.94481778679408,106.08067020707065,103.37525858985461,105.84335327148438,45157197
2023-06-08,105.84335065156675,107.26725222983896,105.3212505092651,105.5111083984375,46380294
2023-06-09,105.60603716292736,105.98574571130665,103.13794246196929,103.37525939941406,36392617
2023-06-12,103.61257433182969,104.98900964543846,103.61257433182969,103.94481658935547,23472313
2023-06-13,104.41944907329456,106.17559290469602,104.08720682016529,105.5111083984375,30018212
2023-06-14,105.84335365112106,108.21652301549598,105.7484283250137,108.02667236328125,66696433
2023-06-15,108.12159387581562,108.40636984409333,107.50456841437371,107.97920227050781,39430138
2023-06-16,108.59623377631912,108.97594233082823,108.07413360857683,108.45384216308594,31715807
2023-06-19,109.59295713767455,109.73534874642965,107.31472036694505,108.31144714355469,33502185
2023-06-20,108.31145054985274,109.40310992818952,107.74189133925823,108.45384216308594,30371599
2023-06-21,109.07086503228288,109.07086503228288,107.1248632637478,108.12159729003906,35627983
2023-06-22,108.41566715202538,109.98406592605112,108.36665913082426,108.90579223632812,34769987
2023-06-23,108.31764382435658,108.56270636694562,107.04331561140745,107.43541717529297,22190233
2023-06-26,107.43541841162211,108.02356702486097,105.96504313916729,107.68048095703125,25332751
2023-06-27,108.41566697286146,109.29789361889152,107.97455738920405,108.56270599365234,24129403
2023-06-28,109.29789306974682,109.8370336503662,108.70974446825356,109.34690856933594,23895274
2023-06-30,109.39591571551708,109.9840643123077,108.21961852193583,109.78801727294922,26741918
2023-07-03,110.03308369607811,111.99358407373651,109.83703664979845,110.86629486083984,30979256
2023-07-04,110.96431803686932,111.16037256125114,109.88604432827326,110.18012237548828,25080307
2023-07-05,110.32715945561323,111.30740962410836,109.98406591366772,110.71925354003906,27877180
2023-07-06,109.78802203360983,110.6212332050861,109.2978969352455,110.42518615722656,34320086
2023-07-07,109.78802137187591,111.0623496114285,109.05283372876067,109.39591979980469,30034274
2023-07-10,110.03308396198086,113.41494413012795,109.44493534300513,113.0228500366211,60652690
2023-07-11,113.3169183013992,113.80704338702697,112.53272265162393,112.87580871582031,37999385
2023-07-12,112.87580944997573,113.7580361055869,111.7485202499568,112.4346923828125,32771204
2023-07-13,113.70902292664641,114.64025762292154,112.23864763018115,112.58173370361328,44847814
2023-07-14,113.41494407653721,115.57149898338317,112.53272488784819,114.83631134033203,34521821
2023-07-17,115.62050841379448,116.99286019327978,114.78729723726553,115.4244613647461,49115369
2023-07-18,115.66952433080034,115.81656335747243,114.1011254966343,114.29717254638672,23433431
2023-07-19,114.39519500732422,114.88532010586239,113.8070463848215,114.39519500732422,17222355
2023-07-20,114.3951962371588,114.93433684283316,114.05211016023675,114.6402587890625,22303831
2023-07-21,114.29717254638672,115.62050882900445,113.21889881531729,114.29717254638672,31546136
2023-07-24,114.19914513129692,114.19914513129692,112.09160576403207,113.2188949584961,38113555
2023-07-25,112.72877307308045,117.53200055193741,112.09160894692428,116.89483642578125,88035259
2023-07-26,117.43397736358925,118.21817303911187,116.502735183092,117.58100891113281,29716336
2023-07-27,117.87508481173546,119.0513820429028,116.79681110337951,117.43397521972656,39664251
2023-07-28,117.82606859842592,118.70829525582391,116.35569332900106,118.21817016601562,33996691
2023-07-31,118.21817062525398,121.40398372138367,118.21817062525398,120.71781158447266,52330311
2023-08-01,121.1099163712276,121.69806500116513,120.12966616175984,120.7668228149414,27863562
2023-08-02,120.47274641150028,120.47274641150028,115.91458166223184,116.60075378417969,54951586
2023-08-03,116.35569516590525,117.2869373384717,115.17939792328133,115.86557006835938,34624188
2023-08-04,117.04187421590049,117.38496028675753,115.6695224537569,116.64977264404297,22303966
2023-08-07,117.23791895146465,117.23791895146465,115.66952017366647,116.50273132324219,20711952
2023-08-08,116.64976998489684,117.13989506886699,115.6205043170734,115.81655883789062,21275054
2023-08-09,116.01260378133539,118.12014310002492,114.59124405502031,117.82606506347656,34154214
2023-08-10,117.63002014160156,118.26718424644497,116.89483251571656,117.63002014160156,24439101
2023-08-11,117.92410278320312,119.00237651415068,116.79681355046522,117.92410278320312,26337436
2023-08-14,117.92409819470534,118.02212171575631,115.03235571205227,115.81655883789062,33095516
2023-08-16,115.62050399248618,115.62050399248618,113.1208705584849,113.66000366210938,31252473
2023-08-17,113.61099473309524,114.49322137045706,112.43469005704108,113.7580337524414,28461865
2023-08-18,114.00310270635245,114.10112623186029,112.48371188547632,113.51297760009766,30381609
2023-08-21,114.44420853582393,114.78729460314328,113.56198187792033,114.59124755859375,22629651
2023-08-22,114.83630725538733,115.4244558531636,114.19914315833171,115.22840881347656,17343131
2023-08-23,115.52248010166942,116.89483182428032,115.32643306074581,116.60075378417969,43744909
2023-08-24,117.13989399754723,117.72804259718937,115.71853425851914,115.91458129882812,27103446
2023-08-25,115.66952126104688,115.81656028381671,114.39519303532886,114.59124755859375,23692527
2023-08-28,114.68927142979202,115.91458415874278,114.68927142979202,115.27742004394531,19218821
2023-08-29,116.15964576253036,117.77706004737195,115.42445813112194,117.18891143798828,36038317
2023-08-30,118.12014643813808,120.27669383805363,117.87508389366062,119.68854522705078,51467177
2023-08-31,120.42373230257984,121.15891993260622,119.73756017270799,120.47274780273438,60626985
2023-09-01,121.06089565786878,126.15819353618767,120.96287213688481,124.54078674316406,76460408
2023-09-04,126.64832346390693,130.2752462300442,126.3052448666985,129.14796447753906,68525900
2023-09-05,129.14796875041637,129.83414092496642,126.30524904552406,129.0989532470703,36466807
2023-09-06,129.78511667484494,129.78511667484494,125.66806894757856,127.0404281616211,36058850
2023-09-07,126.94239507896702,128.21672327201802,126.06017592239422,127.57955169677734,30268235
2023-09-08,128.80486742681447,129.04992997135363,126.64832002635592,126.94239807128906,34313523
2023-09-11,126.9423924549095,129.24598625463082,126.6483144229874,128.55979919433594,33377857
2023-09-12,130.17722410340468,130.5203026845878,126.10917696919898,126.4522705078125,38065283
2023-09-13,127.04043243284299,127.92265163355022,125.17794807061617,126.99141693115234,23371459
2023-09-14,128.41278107252026,131.54957884005734,128.2167340165676,129.0989532470703,58800620
2023-09-15,129.98118099648784,130.6673531370489,127.28549297773093,129.34400939941406,85058495
2023-09-18,132.3337756959125,132.3337756959125,127.48154024521523,127.8736343383789,62420823
2023-09-20,127.87362987515985,129.1969735689022,125.47201998413705,125.76609802246094,43627379
2023-09-21,125.76610318656707,126.69733788163836,124.68782198758073,125.2759780883789,29826091
2023-09-22,124.63881330316863,126.15819661225481,123.02139899199297,124.24671173095703,34059194
2023-09-25,124.78584946471469,125.76609963339676,123.60954477506702,124.88387298583984,23466981
2023-09-26,126.45227141705504,127.97166216587786,125.86411533446864,126.35424041748047,48936598
2023-09-27,126.20721280254733,126.20721280254733,124.19769690818563,125.61905670166016,33277329
2023-09-28,125.81511369702389,126.74634835515488,123.80559788267996,124.29572296142578,29982233
2023-09-29,125.66806829275,126.99141199985418,125.0309116678068,126.35424041748047,28406435
2023-10-03,126.45227319002151,126.55030419097056,124.7368353754282,125.4720230102539,18613557
2023-10-04,124.49177017901738,124.58979369916334,122.04114478179262,122.82534790039062,33272725
2023-10-05,123.4135007910977,123.65856333934106,122.09016452632666,122.77633666992188,27063441
2023-10-06,124.00164653118584,124.49177161628934,122.62929479715298,123.41349792480469,21928671
2023-10-09,122.3352262339795,122.4332497568602,120.17867133702681,121.40398406982422,21457836
2023-10-10,122.23719182208453,123.41349649998153,121.3059571626252,122.82534790039062,28745957
2023-10-11,123.51151968383837,123.80559772219073,122.23719148926509,122.48225402832031,24455932
2023-10-12,122.87435733970473,124.3937480950117,122.62929479715298,123.41349792480469,19361688
2023-10-13,122.5312762460622,123.26646390353858,121.5510260360937,122.58029174804688,26912800
2023-10-16,122.62929863526622,124.73683806291716,122.48225960939001,124.49177551269531,23868700
2023-10-17,125.37399807018087,126.01116217556728,124.49177142262396,124.88387298583984,24241710
2023-10-18,125.3249856180233,126.15819678592278,124.09967287737248,124.58979797363281,20926079
2023-10-19,123.02139530484638,124.00164546663798,121.89410612304299,123.51152038574219,30941319
2023-10-20,122.53126951701097,123.26645713411304,120.2766911664119,120.66879272460938,30746140
2023-10-23,120.91385670814489,120.96287220802333,117.33594209976145,117.63002014160156,30699479
2023-10-25,118.80632248395834,120.3747288032403,118.36521288085753,118.95336151123047,27346103
2023-10-26,118.46323235703177,118.51224785735232,116.55174750397582,117.53199768066406,36298907
2023-10-27,118.12014629093395,119.39447451211481,117.1398961142457,117.53199768066406,28424007
2023-10-30,118.6592908587513,118.85533790917711,116.60075943570236,116.79681396484375,18753217
2023-10-31,117.63002158717106,117.7770606098981,116.06162279508519,116.40470886230469,22319950
2023-11-01,116.64977453699356,116.74779806186977,113.70902391841389,114.29717254638672,24717941
2023-11-02,112.33667189310283,116.20866468649221,112.33667189310283,115.76754760742188,72538804
2023-11-03,115.86557186744152,116.2576734473096,114.78729813184097,114.98335266113281,31747230
2023-11-06,116.15964348108183,117.28693265617713,115.17939332512333,117.0418701171875,27883152
2023-11-07,116.94384783644807,117.82606700318638,116.06162119099449,117.28693389892578,25818033
2023-11-08,117.38495599111567,118.12014360692642,116.20865879730455,116.69878387451172,22552386
2023-11-09,116.84581683684137,118.120145044576,116.50273077436366,117.28693389892578,22979112
2023-11-10,117.13989840226947,118.07113309682641,116.45372625667123,117.67903900146484,23584510
2023-11-13,118.46323624148691,118.85533782076244,117.53200153458367,118.61027526855469,17951775
2023-11-15,119.29644273784277,121.94312268496667,119.1003956952626,121.60003662109375,38344393
2023-11-16,121.5510257222565,122.77633848155344,120.57077551481895,122.23719787597656,30836413
2023-11-17,122.23719272698534,123.26645839292529,121.84509864349893,122.7273178100586,23319439
2023-11-20,122.58029126480298,123.16843989272232,121.60004105869889,121.89411163330078,18780290
2023-11-21,122.58028695301826,123.90362318896707,122.48225595288366,123.75658416748047,29643312
2023-11-22,123.90362088418262,124.3937459608774,123.021394250389,123.60954284667969,19588063
2023-11-23,123.85460680920536,124.88387247358577,123.4134972265939,124.19769287109375,30736851
2023-11-24,124.19769680203858,124.49177485223082,123.07041505997108,123.46250915527344,14719450
2023-11-28,124.49177321505697,124.49177321505697,123.51152303226125,124.34473419189453,18377843
2023-11-29,124.63881062220695,125.61905331357788,124.19769355843897,125.22695922851562,23092165
2023-11-30,125.27597702625295,126.30524271520785,124.00164879028166,125.3740005493164,40165104
2023-12-01,126.35424443488367,127.72660368540897,125.52104074173033,127.43252563476562,31192397
2023-12-04,129.58907805201918,129.73612456170144,127.82462463785276,128.41278076171875,41230928
2023-12-05,128.41277469007616,129.8341344718771,127.43252450160229,129.0009307861328,35192149
2023-12-06,129.88314354648728,130.76536268949138,128.21672130001838,129.24598693847656,40753593
2023-12-07,129.09894797850328,129.58907307709853,127.23647858681372,127.43252563476562,34686333
2023-12-08,127.57955775914412,128.80487051118135,125.4230103070448,126.64832305908203,34393711
2023-12-11,127.28548982385043,127.92264644770589,126.20720866009297,127.48153686523438,24038059
2023-12-12,127.48154022410259,129.54005664901734,127.13844667456802,127.53055572509766,30696410
2023-12-13,127.97166690793215,128.9029016086759,126.59930765018721,128.80487060546875,22767972
2023-12-14,129.68709866825498,130.61833332524154,128.9028955517393,129.3930206298828,43372143
2023-12-15,130.76536107170816,134.04920498296482,130.37326700354166,133.755126953125,77377446
2023-12-18,134.14723843977777,134.8824260491501,132.43180068457565,133.9021759033203,38461877
2023-12-19,133.95118864841265,134.88243833773745,132.1377346878693,132.7258758544922,27726431
2023-12-20,133.21599452436035,133.46105707128334,126.20721166533542,127.18746185302734,39495961
2023-12-21,126.1582022301412,128.85389037590247,125.32499102628542,128.41278076171875,34914399
2023-12-22,129.78511786914805,132.08871177547746,129.14796123502157,130.91241455078125,37357334
2023-12-26,132.0396906047996,133.41204977253753,131.79462807028534,132.52981567382812,25936447
2023-12-27,133.16699711763806,136.15674829457666,132.82390356089206,134.49032592773438,48101400
2023-12-28,135.4215545654297,136.00971064850353,134.14724131448722,135.4215545654297,34661176
2023-12-29,135.86267588182028,138.4603327793096,134.44130120769915,136.84292602539062,49202910
2024-01-01,137.23502898460592,138.16626368980096,136.3037942794109,137.08799743652344,21186105
2024-01-02,137.72514517163185,137.82317616896094,134.34328516780025,136.84292602539062,27764060
2024-01-03,136.74489678926233,136.84292778785402,131.69661446782803,132.67686462402344,45176618
2024-01-04,133.31402485597067,133.65711840291056,131.35352449044169,131.5985870361328,43913498
2024-01-05,132.3337808027185,133.2650155279921,130.2262487951293,131.01043701171875,71330190
2024-01-08,132.62784913711596,133.26500575573036,129.14795809081107,129.3930206298828,39559717
2024-01-09,130.86340546046608,132.13773374857115,129.8831552322978,131.01043701171875,30736868
2024-01-10,131.15747530321417,132.03969447032085,129.49105301121793,131.45155334472656,27213624
2024-01-11,132.1867477461104,132.97093595376944,131.5495761305983,132.23574829101562,23113349
2024-01-12,133.11797848742782,133.55908808042747,131.99068179706111,132.6278533935547,32883921
2024-01-15,133.31402951269374,133.55909206694503,131.30451357634703,132.23574829101562,34158775
2024-01-16,132.03969620858643,135.76464988277692,131.35352407431125,134.53933715820312,56361287
2024-01-17,132.77488033353694,133.0689583711471,128.80486421937576,129.0499267578125,58982971
2024-01-18,129.0499374313806,129.6380935552466,125.66807711273006,128.41278076171875,45273496
2024-01-19,129.9811802175437,132.03969662689067,129.00093003477923,131.5985870361328,32653013
2024-01-23,132.1377286274469,132.52982272054564,126.74635258146927,127.53055572509766,35373970
2024-01-24,127.62856909514632,132.8729134856722,127.53055305264104,132.48080444335938,39340119
2024-01-25,133.8041474244305,133.8041474244305,129.39302168516355,131.10845947265625,61358839
2024-01-29,132.03969271435162,132.72586483046825,130.86339552137585,132.33377075195312,29745400
2024-01-30,132.92193755313602,134.98045406759556,131.84365631406325,132.03970336914062,35704185
2024-01-31,132.3337799293101,134.00020231471146,131.8436548184608,133.2650146484375,36079354
2024-02-01,133.706117126701,134.04921066897222,131.84364778776427,132.13772583007812,31701793
2024-02-02,132.62784881896624,136.8429274723752,132.13772374199849,135.960693359375,69296192
2024-02-05,137.23501908723014,140.5188630269323,136.5978624815829,138.75440979003906,80737626
2024-02-06,140.17577556108358,142.23430691942843,137.67613461378792,141.79318237304688,53192936
2024-02-07,143.94975123304025,144.48887688975455,141.20504761710595,141.54812622070312,61517064
2024-02-08,142.4303489586511,142.7734275346989,140.2247861339703,140.81292724609375,38997666
2024-02-09,141.35207318107834,141.59713572645379,136.40180677300793,138.5093536376953,35961925
2024-02-12,139.19552773090692,140.1267624249444,133.95118320314333,134.68637084960938,36477544
2024-02-13,135.02945618607995,135.519581253906,131.4515491739217,135.1274871826172,39155909
2024-02-14,134.29426834699223,138.70539394963063,133.06895567959265,138.41131591796875,29141690
2024-02-15,138.70539394963063,140.61687871928797,138.2152688826708,138.41131591796875,31587387
2024-02-16,139.24454621058456,140.6168905303698,138.70540560015777,139.48960876464844,22316127
2024-02-19,140.12676510662578,140.5188741667036,138.55837373860828,139.14651489257812,16973568
2024-02-20,139.14651670652276,139.44059476605696,137.28404725852516,138.26429748535156,24291123
2024-02-21,138.75441964763752,143.31257712246162,138.65638864406728,141.05799865722656,88000833
2024-02-22,142.13627448335035,143.26355619455643,140.6658992300743,143.01849365234375,46728176
2024-02-23,143.50862730263137,144.194814427729,142.136282967299,142.577392578125,28414697
2024-02-26,142.96950003616274,143.06751608333798,139.4405932743662,139.8326873779297,22570277
2024-02-27,139.83267534398396,141.64614407111907,139.1955187411689,141.35206604003906,24119469
2024-02-28,141.20504347633297,142.0872626682052,137.28404269924596,137.97021484375,20721926
2024-02-29,138.01922180652002,139.048487438317,136.6468626449807,138.0682373046875,32248156
2024-03-01,140.17577443571227,147.67468225996518,140.17577443571227,146.98851013183594,123709943
2024-03-04,151.84074756995335,151.84074756995335,148.06679333473613,150.07630920410156,67577785
2024-03-05,150.1743267120944,150.95852985869067,147.77271672855596,148.8509979248047,37165490
2024-03-06,148.80197354927122,149.63517718992597,144.97898904664876,148.60592651367188,51782444
2024-03-07,149.3901285621884,156.00681759223983,149.24309701115985,154.14434814453125,124847699
2024-03-11,155.7617483313273,155.7617483313273,149.97827822585174,150.4193878173828,54155385
2024-03-12,151.15458156922068,151.49767513063844,147.9197528381084,149.4881591796875,34947937
2024-03-13,149.78222504092048,149.88024108089263,139.68564556311784,140.81292724609375,70937597
2024-03-14,140.76393919649936,141.10701780299266,135.61762548221654,139.6366424560547,91956952
2024-03-15,140.07774067180483,140.86194378452126,137.08798967555822,138.9014434814453,68482621
2024-03-18,139.73467093546068,147.28259458844028,139.39157737773976,146.7434539794922,166913078
2024-03-19,146.05727262096244,149.43913265325034,144.6849283913886,145.8122100830078,105004268
2024-03-20,146.64543780619724,147.67468856361046,141.0089990830452,142.7734375,77550319
2024-03-21,145.07702770593417,148.21382531349525,144.88098065997988,147.13555908203125,84225737
2024-03-22,146.05728308118972,149.73322141377,145.42012641984834,148.80198669433594,68241556
2024-03-26,148.16480873487126,150.3703716400327,147.52765210079693,149.39012145996094,52965508
2024-03-27,149.43914154901987,151.05656337026002,148.9980319459293,149.6842041015625,35328794
2024-03-28,149.68420599820666,153.8992849468356,149.68420599820666,152.77200317382812,62575327
2024-04-01,153.703231008775,160.66299830295657,153.40915296368436,159.9278106689453,84583929
2024-04-02,159.73177097046656,162.23141203254494,158.6044891961133,161.398193359375,69533405
2024-04-03,161.39818842622202,162.96659471927464,159.87881259177655,160.41793823242188,50938559
2024-04-04,162.2804135958032,162.67250766865556,157.8202724693148,160.17286682128906,61094750
2024-04-05,160.6629964758085,160.90805901769195,157.62422993091224,160.12387084960938,44668121
2024-04-08,163.652770025617,163.652770025617,160.95708194057934,161.9373321533203,48255703
2024-04-09,162.72152709960938,166.44648071144798,161.93732397752274,162.72152709960938,63884687
2024-04-10,163.99586141137462,165.85833080794666,161.25115786055974,161.79029846191406,64134758
2024-04-12,162.7215299927131,162.7215299927131,159.78077945067614,160.27090454101562,55317636
2024-04-15,158.60448297557946,161.4472025300229,155.46768537405512,157.67324829101562,66426404
2024-04-16,157.6732411903605,159.24163244177635,155.8597724462217,156.8890380859375,41391261
2024-04-18,157.72224173147495,160.76102315207774,156.00680398442532,156.8890380859375,68093672
2024-04-19,156.8400282169922,159.2906536578827,154.1933557323166,158.8985595703125,60078229
2024-04-22,160.56498834738608,161.44720755867675,158.31040985944946,158.65350341796875,39304790
2024-04-23,160.27090965489856,160.27090965489856,157.62423707410207,157.96731567382812,30295177
2024-04-24,159.24164437702942,163.60375484069795,158.2613941623879,162.28042602539062,59894921
2024-04-25,162.1333762719018,164.68203276190366,160.90806352813763,164.38795471191406,50128523
2024-04-26,164.68202957352054,167.32870205732314,161.98634158943017,162.52548217773438,65355111
2024-04-29,164.87807519586448,166.2504344049381,163.60374698652132,164.0938720703125,44906151
2024-04-30,165.07413201566615,165.07413201566615,161.25116211862274,161.7412872314453,55043389
2024-05-02,161.74128215765742,165.56425193477514,161.74128215765742,164.0448760986328,69320283
2024-05-03,165.61326460808363,167.3777179202518,161.88831093960215,163.21165466308594,62573586
2024-05-06,164.63301083137395,165.3191829495991,161.44719782200036,164.28993225097656,37621296
2024-05-07,164.63301084556474,164.63301084556474,159.0946034425331,161.00608825683594,43611824
2024-05-08,160.95706959265627,163.79980396598162,160.27089748786395,162.77053833007812,30128705
2024-05-09,162.67251564091913,163.40770328161997,158.31040529758033,158.70249938964844,30223088
2024-05-10,159.97682795034743,161.10412464283968,158.65349916885327,159.04559326171875,31472419
2024-05-13,159.2416391828926,161.2511550488477,154.92854436212673,160.61399841308594,36561003
2024-05-14,160.85905708146163,163.26066697962392,160.27090100306535,161.6922607421875,46261468
2024-05-15,161.692265658651,164.24092213262279,161.692265658651,162.32943725585938,29601304
2024-05-16,163.9468484115131,164.68203607255128,159.0946128401474,162.62350463867188,41126570
2024-05-17,163.30968845246164,165.1231423385586,162.18239175387393,164.0448760986328,39181277
2024-05-21,165.17216171217697,171.73983518046273,164.63302110085868,170.90663146972656,84833644
2024-05-22,171.98489708986168,172.03391259205793,168.11291173525888,169.8773651123047,42919832
2024-05-23,169.63229510157058,172.32798307211513,167.13265417376135,172.03390502929688,49377680
2024-05-24,171.4947598144206,174.0434161734736,170.71055670721736,171.39674377441406,38674485
2024-05-27,174.19045241424638,174.19045241424638,171.39674840104948,172.03390502929688,30410585
2024-05-28,172.4260052106453,173.99441152283768,170.02439519801348,171.4457550048828,39208456
2024-05-29,171.29871883967002,172.52403156384506,170.07340611549498,170.80859375,36575550
2024-05-30,168.60303591815898,168.60303591815898,160.1238775947822,160.90806579589844,108813875
2024-05-31,162.7705454241077,164.63301478363454,160.761029563083,163.8978271484375,83713848
2024-06-03,169.82834357065997,171.54378138450502,165.51524876453612,170.80859375,86397540
2024-06-04,171.05365353207614,171.2006850736301,145.2240557406787,155.81076049804688,125042158
2024-06-05,158.9475556047753,166.25043117743374,155.85977361980778,165.8583221435547,60098501
2024-06-06,166.6425378846769,171.24971094059052,166.05438176799373,168.6520538330078,57920819
2024-06-07,168.60302497613947,176.10193260402477,167.42672779337337,175.3667449951172,84319867
2024-06-10,176.65088697339883,178.50355916762769,173.85716804931593,176.7292938232422,74286848
2024-06-11,176.93515460705106,180.120967640142,176.93515460705106,177.74876403808594,55555544
2024-06-12,178.65059063648067,180.238591100205,177.91540302069268,178.6309814453125,33304643
2024-06-13,179.77787432245768,180.46406140407166,176.94495194320479,178.9544677734375,36669164
2024-06-14,179.3367746029287,179.87591521495025,177.81738377175213,179.53282165527344,28509237
2024-06-18,180.16998597362243,180.95418910866522,177.03318839088206,177.54290771484375,35032118
2024-06-19,178.84664619478943,178.88586457899385,175.76866116170874,176.4646453857422,27476795
2024-06-20,178.01344496815753,179.33677378351155,175.82747622007926,178.6800079345703,38837494
2024-06-21,179.39999389648438,180.89999389648438,178.17999267578125,179.94000244140625,65494855
2024-06-24,177.44000244140625,178.9499969482422,175.10000610351562,177.9600067138672,47597307
2024-06-25,177.99000549316406,179.0,175.25,175.67999267578125,30599989
2024-06-26,175.67999267578125,176.0,171.83999633789062,172.55999755859375,44006436
2024-06-27,172.55999755859375,174.9499969482422,171.8000030517578,174.16000366210938,49767976
2024-06-28,174.1699981689453,177.10000610351562,173.57000732421875,174.00999450683594,37521949
2024-07-01,174.5,175.99000549316406,173.50999450683594,174.07000732421875,27807688
2024-07-02,174.47000122070312,175.75,173.60000610351562,174.5399932861328,33359495
2024-07-03,174.5399932861328,176.8800048828125,174.39999389648438,176.3699951171875,29090492
2024-07-04,177.0,178.19000244140625,175.82000732421875,176.2899932861328,29504744
2024-07-05,176.1999969482422,176.1999969482422,173.39999389648438,174.7100067138672,38123217
2024-07-08,174.60000610351562,175.47000122070312,172.08999633789062,172.27999877929688,31479861
2024-07-09,173.60000610351562,173.6999969482422,171.50999450683594,171.8000030517578,25127904
2024-07-10,172.5,172.88999938964844,167.02000427246094,167.97999572753906,41525591
2024-07-11,170.0,170.9499969482422,168.6699981689453,168.9199981689453,33987236
2024-07-12,170.1999969482422,170.38999938964844,168.00999450683594,168.69000244140625,33311402
2024-07-15,168.69000244140625,168.99000549316406,165.8000030517578,166.75999450683594,32635187
2024-07-16,167.8000030517578,169.82000732421875,166.6999969482422,167.07000732421875,26505901
2024-07-18,167.61000061035156,167.61000061035156,164.44000244140625,166.36000061035156,36568852
2024-07-19,166.0,166.08999633789062,157.1999969482422,157.77000427246094,77987514
2024-07-22,158.39999389648438,160.6999969482422,156.41000366210938,160.32000732421875,40353690
2024-07-23,161.60000610351562,161.97000122070312,155.0,160.02000427246094,37077411
2024-07-24,160.02000427246094,162.02000427246094,159.19000244140625,160.30999755859375,28086566
2024-07-25,158.5,158.5,156.89999389648438,157.38999938964844,45155876
2024-07-26,158.75,162.9499969482422,158.2100067138672,162.5500030517578,45642032
2024-07-29,164.6999969482422,164.6999969482422,162.3300018310547,162.8699951171875,31754833
2024-07-30,162.89999389648438,165.3000030517578,161.30999755859375,164.07000732421875,42824600
2024-07-31,166.2899932861328,166.5,163.5500030517578,165.3300018310547,52769925
2024-08-01,168.1999969482422,168.9499969482422,160.89999389648438,163.05999755859375,118341338
2024-08-02,161.0,161.19000244140625,154.72000122070312,158.22000122070312,72427529
2024-08-05,153.66000366210938,154.0,149.0,149.82000732421875,102883971
2024-08-06,151.2100067138672,153.8000030517578,149.61000061035156,150.32000732421875,53507102
2024-08-07,153.6999969482422,154.3000030517578,151.89999389648438,153.86000061035156,32029697
2024-08-08,153.39999389648438,153.44000244140625,150.0,150.27999877929688,51858615
2024-08-09,153.0,153.0,151.25,151.80999755859375,23290101
2024-08-12,151.0,153.39999389648438,149.8800048828125,152.05999755859375,30550334
2024-08-13,152.10000610351562,152.9499969482422,148.5,148.8800048828125,29396493
2024-08-14,149.89999389648438,149.89999389648438,142.35000610351562,146.1699981689453,97911180
2024-08-16,148.0,150.0,146.4600067138672,149.52000427246094,54131721
2024-08-19,150.85000610351562,154.3000030517578,150.38999938964844,153.9600067138672,62889770
2024-08-20,155.6999969482422,155.6999969482422,152.8000030517578,153.92999267578125,37559016
2024-08-21,153.0,154.17999267578125,151.77000427246094,151.9199981689453,49749381
2024-08-22,152.50999450683594,154.35000610351562,152.50999450683594,154.13999938964844,36719176
2024-08-23,154.0,154.38999938964844,152.5500030517578,154.1999969482422,31490857
2024-08-26,154.61000061035156,156.39999389648438,153.6999969482422,155.6999969482422,32497603
2024-08-27,155.8000030517578,156.5,154.60000610351562,154.6999969482422,24523684
2024-08-28,154.6999969482422,155.0,153.0500030517578,153.6999969482422,25195197
2024-08-29,153.2100067138672,153.55999755859375,151.1999969482422,152.97000122070312,44452983
2024-08-30,153.0,155.25,152.47000122070312,152.75999450683594,55134023
2024-09-02,153.89999389648438,153.89999389648438,152.13999938964844,152.8800048828125,19200143
2024-09-03,152.83999633789062,153.4499969482422,152.00999450683594,152.14999389648438,19780066
2024-09-04,149.5,152.17999267578125,149.16000366210938,151.17999267578125,39613696
2024-09-05,151.0,152.7899932861328,151.0,151.72000122070312,28347324
2024-09-06,151.94000244140625,152.89999389648438,149.64999389648438,151.22000122070312,30709532
2024-09-09,150.89999389648438,150.89999389648438,148.0500030517578,149.47000122070312,32624586
2024-09-10,150.5,151.58999633789062,148.80999755859375,149.4199981689453,41607844
2024-09-11,149.89999389648438,150.1999969482422,147.6199951171875,148.1699981689453,24633287
2024-09-12,152.0,152.44000244140625,148.75,151.74000549316406,73191476
2024-09-13,152.77999877929688,155.39999389648438,152.5,153.49000549316406,54894255
2024-09-16,155.0,155.66000366210938,153.5,154.2100067138672,32575460
2024-09-17,154.0,154.24000549316406,152.27000427246094,152.82000732421875,18275113
2024-09-18,152.39999389648438,152.97999572753906,149.61000061035156,150.60000610351562,24856345
2024-09-19,151.88999938964844,152.19000244140625,147.7899932861328,149.5399932861328,36913781
2024-09-20,151.0,153.33999633789062,150.64999389648438,152.02000427246094,53873369
2024-09-23,154.3800048828125,154.38999938964844,152.8000030517578,153.99000549316406,33281905
2024-09-24,155.14999389648438,161.5,154.85000610351562,160.52999877929688,137414352
2024-09-25,161.5,162.69000244140625,159.52000427246094,161.66000366210938,58044967
2024-09-26,162.0,165.89999389648438,160.47999572753906,165.61000061035156,88661662
2024-09-27,167.0,169.00999450683594,165.88999938964844,166.5500030517578,72795668
2024-09-30,167.5,170.17999267578125,167.25999450683594,168.5500030517578,92381529
2024-10-01,169.49000549316406,169.49000549316406,165.10000610351562,167.02999877929688,50761579
2024-10-03,165.5,169.99000549316406,164.52000427246094,166.97999572753906,75959797
2024-10-04,167.0,169.10000610351562,164.0,166.75,53880875
2024-10-07,167.10000610351562,167.9499969482422,162.3300018310547,164.36000061035156,48775098
2024-10-08,163.0,163.58999633789062,156.6999969482422,159.52000427246094,74956764
2024-10-09,159.52000427246094,162.1999969482422,158.11000061035156,159.05999755859375,42766218
2024-10-10,158.3000030517578,161.17999267578125,156.60000610351562,159.72000122070312,46507936
2024-10-11,159.3000030517578,163.77999877929688,159.1999969482422,160.66000366210938,53263433
2024-10-14,161.8800048828125,163.3800048828125,158.0399932861328,158.32000732421875,35566857
2024-10-15,159.5,159.52999877929688,155.0500030517578,155.6300048828125,38964393
2024-10-16,155.19000244140625,156.5500030517578,154.02000427246094,155.24000549316406,28518262
2024-10-17,155.64999389648438,156.3000030517578,152.10000610351562,152.39999389648438,28404223
2024-10-18,152.39999389648438,156.1999969482422,151.10000610351562,155.38999938964844,34750795
2024-10-21,156.10000610351562,157.92999267578125,154.58999633789062,155.02999877929688,25799090
2024-10-22,154.89999389648438,154.89999389648438,150.10000610351562,150.38999938964844,39079846
2024-10-23,150.3000030517578,151.9499969482422,148.0500030517578,148.77999877929688,42107893
2024-10-24,149.49000549316406,149.8300018310547,148.00999450683594,148.97999572753906,22115070
2024-10-25,149.0,149.5,144.42999267578125,145.86000061035156,39730802
2024-10-28,146.0,149.72999572753906,144.72999572753906,149.3800048828125,28386897
2024-10-29,149.85000610351562,150.4499969482422,146.5500030517578,150.05999755859375,32258407
2024-10-30,148.10000610351562,150.9499969482422,148.10000610351562,148.97000122070312,21362130
2024-10-31,149.0800018310547,149.9499969482422,148.1999969482422,148.55999755859375,26383702
2024-11-01,149.66000366210938,150.25,149.0,149.75,5106804
2024-11-04,150.0,150.0,145.10000610351562,146.9499969482422,25571021
2024-11-05,147.0,152.5500030517578,146.9499969482422,152.2899932861328,42772283
2024-11-06,154.0,154.9499969482422,149.58999633789062,153.6199951171875,48928986
2024-11-07,156.11000061035156,156.9199981689453,150.1999969482422,150.9499969482422,88254789
2024-11-08,152.0,152.0,146.94000244140625,147.57000732421875,61980989
2024-11-11,147.57000732421875,147.69000244140625,144.10000610351562,145.00999450683594,47497863
2024-11-12,145.64999389648438,147.1300048828125,143.60000610351562,144.1699981689453,28861672
2024-11-13,143.60000610351562,143.60000610351562,138.60000610351562,139.1699981689453,57609083
2024-11-14,139.7100067138672,140.72999572753906,137.5,137.97999572753906,36345184
2024-11-18,139.49000549316406,143.25,138.0,141.2100067138672,40233848
2024-11-19,142.0,142.49000549316406,139.05999755859375,139.4600067138672,37611903
2024-11-21,139.5,141.60000610351562,137.25,140.22000122070312,58398744
2024-11-22,140.14999389648438,143.19000244140625,139.64999389648438,142.77999877929688,43710169
2024-11-25,144.94000244140625,146.14999389648438,142.83999633789062,143.6699981689453,53883890
2024-11-26,144.22000122070312,145.8000030517578,143.5800018310547,144.47000122070312,25608469
2024-11-27,144.30999755859375,144.89999389648438,142.89999389648438,144.52999877929688,24895631
2024-11-28,144.0,145.25,143.08999633789062,143.38999938964844,30947861
2024-11-29,143.89999389648438,145.49000549316406,143.0500030517578,144.5399932861328,29742979
2024-12-02,144.11000061035156,146.8300018310547,143.13999938964844,146.41000366210938,23840351
2024-12-03,146.75,148.1999969482422,146.33999633789062,146.5399932861328,35527228
2024-12-04,147.0,147.0500030517578,144.0,145.85000610351562,38537808
2024-12-05,146.5,147.8800048828125,144.8000030517578,147.07000732421875,36328245
2024-12-06,147.5,148.67999267578125,146.60000610351562,148.2899932861328,30604899
2024-12-09,148.2899932861328,150.6699981689453,146.6300048828125,149.8800048828125,39059139
2024-12-10,150.19000244140625,152.5,149.30999755859375,150.32000732421875,36278104
2024-12-11,150.58999633789062,152.11000061035156,150.05999755859375,150.60000610351562,20499709
2024-12-12,150.8699951171875,151.6300048828125,148.6999969482422,150.77999877929688,25761723
2024-12-13,150.0,150.0500030517578,145.5500030517578,148.9499969482422,39701388
2024-12-16,148.94000244140625,149.8000030517578,147.10000610351562,147.7899932861328,22634773
2024-12-17,147.7899932861328,148.5,145.3300018310547,145.67999267578125,27110781
2024-12-18,146.0,146.89999389648438,143.3000030517578,144.4600067138672,19850229
2024-12-19,141.5500030517578,143.8000030517578,141.10000610351562,143.25999450683594,27104579
2024-12-20,142.88999938964844,144.39999389648438,140.0,140.67999267578125,46503449
2024-12-23,142.4499969482422,143.8000030517578,140.61000061035156,141.7100067138672,27514178
2024-12-24,141.1999969482422,141.5,139.25,140.3800048828125,25882917
2024-12-26,140.9499969482422,141.14999389648438,139.50999450683594,140.36000061035156,23939932
2024-12-27,140.6999969482422,141.75,138.61000061035156,138.91000366210938,19562177
2024-12-30,138.91000366210938,139.25,136.08999633789062,136.8800048828125,32555723
2024-12-31,136.8699951171875,138.67999267578125,136.55999755859375,138.0500030517578,20080291
2025-01-01,138.10000610351562,138.4499969482422,136.5800018310547,136.74000549316406,18169498
2025-01-02,137.0,138.4499969482422,136.39999389648438,138.17999267578125,23388424
2025-01-03,138.17999267578125,139.72999572753906,137.83999633789062,138.36000061035156,23351832
2025-01-06,138.36000061035156,138.38999938964844,131.35000610351562,132.17999267578125,44620509
2025-01-07,132.77999877929688,133.8800048828125,132.00999450683594,133.3800048828125,24239451
2025-01-08,133.92999267578125,134.24000549316406,131.77000427246094,132.63999938964844,31570331
2025-01-09,132.0,132.39999389648438,129.6999969482422,129.92999267578125,31903107
2025-01-10,129.92999267578125,130.38999938964844,126.69999694824219,127.43000030517578,34855510
2025-01-13,126.0,126.5,122.62000274658203,122.93000030517578,38968332
2025-01-14,122.94000244140625,127.63999938964844,122.94000244140625,126.93000030517578,36877365
2025-01-15,128.0,128.30999755859375,125.77999877929688,126.52999877929688,18773125
2025-01-16,128.0,128.47000122070312,126.55999755859375,127.80999755859375,22164393
2025-01-17,127.9000015258789,131.16000366210938,127.63999938964844,130.27999877929688,27421959
2025-01-20,130.99000549316406,132.10000610351562,128.91000366210938,131.66000366210938,20571916
2025-01-21,132.05999755859375,132.39999389648438,129.25,129.6999969482422,32238213
2025-01-22,130.25,130.35000610351562,127.12000274658203,128.9199981689453,27505569
2025-01-23,127.8499984741211,130.75,127.69999694824219,130.3699951171875,20722538
2025-01-24,130.5,133.1999969482422,129.30999755859375,129.74000549316406,37092106
2025-01-27,129.02000427246094,129.4499969482422,125.73999786376953,126.37000274658203,24650571
2025-01-28,126.37000274658203,130.49000549316406,124.73999786376953,128.6199951171875,40373804
2025-01-29,129.0,131.33999633789062,128.5500030517578,130.8000030517578,16674706
2025-01-30,130.8000030517578,132.14999389648438,130.10000610351562,131.1199951171875,25256096
2025-01-31,131.1199951171875,135.0,129.92999267578125,134.6199951171875,26689228
2025-02-01,135.0,135.5,130.25,132.97000122070312,21173846
2025-02-03,131.2899932861328,132.50999450683594,127.80999755859375,131.82000732421875,27765357
2025-02-04,132.8000030517578,134.33999633789062,131.8699951171875,133.4199981689453,25032519
2025-02-05,133.14999389648438,135.38999938964844,133.0800018310547,134.39999389648438,16958362
2025-02-06,134.5,134.8699951171875,132.02000427246094,132.5399932861328,22408168
2025-02-07,133.3000030517578,138.75,132.55999755859375,138.30999755859375,52950146
2025-02-10,138.10000610351562,138.10000610351562,133.0,134.0399932861328,26120805
2025-02-11,133.0,134.33999633789062,129.6999969482422,130.11000061035156,23635428
2025-02-12,129.35000610351562,133.2899932861328,128.30999755859375,132.27999877929688,37927696
2025-02-13,132.27999877929688,137.69000244140625,131.86000061035156,136.25,52036196
2025-02-14,136.25,139.25,133.3300018310547,134.47000122070312,41469242
2025-02-17,132.91000366210938,134.8000030517578,130.72999572753906,134.2899932861328,21189637
2025-02-18,134.2899932861328,134.89999389648438,131.75,134.5399932861328,23957576
2025-02-19,134.5,136.8800048828125,133.02999877929688,135.75999450683594,18447487
2025-02-20,135.27000427246094,138.36000061035156,135.0,138.0399932861328,24139808
2025-02-21,137.91000366210938,141.60000610351562,137.14999389648438,140.75999450683594,41987785
2025-02-24,138.80999755859375,140.66000366210938,136.66000366210938,137.64999389648438,25193205
2025-02-25,138.49000549316406,139.35000610351562,136.6999969482422,137.07000732421875,23575603
2025-02-27,137.2100067138672,138.99000549316406,135.8800048828125,138.69000244140625,30747044
2025-02-28,137.8000030517578,137.8000030517578,134.05999755859375,137.1999969482422,45540594
2025-03-03,137.0,139.0500030517578,134.30999755859375,138.57000732421875,31154401
2025-03-04,136.14999389648438,140.94000244140625,135.80999755859375,139.33999633789062,28634645
2025-03-05,139.0,146.49000549316406,139.0,146.10000610351562,62109377
2025-03-06,146.7899932861328,152.1999969482422,146.1999969482422,150.44000244140625,79121467
2025-03-07,149.74000549316406,152.4499969482422,149.27000427246094,151.55999755859375,81821791
2025-03-10,151.55999755859375,154.24000549316406,150.41000366210938,151.0500030517578,54450331
2025-03-11,148.10000610351562,151.6999969482422,148.0,150.75,35916900
2025-03-12,151.0,152.27999877929688,147.6999969482422,150.3000030517578,26377549
2025-03-13,152.0,153.55999755859375,150.02000427246094,150.8800048828125,48286431
2025-03-17,151.99000549316406,152.63999938964844,150.89999389648438,151.80999755859375,35879780
2025-03-18,151.80999755859375,151.80999755859375,151.80999755859375,151.80999755859375,0
2025-03-19,156.8000030517578,159.1999969482422,156.5,158.60000610351562,66161413
2025-03-20,160.0,160.10000610351562,156.64999389648438,159.0399932861328,39889517
2025-03-21,159.02999877929688,159.75,156.82000732421875,157.27999877929688,49184821
2025-03-24,158.0,159.0,157.11000061035156,158.4199981689453,30905773
2025-03-25,159.0,159.0,156.0500030517578,156.72999572753906,28467187
2025-03-26,156.1999969482422,157.5399932861328,155.00999450683594,155.80999755859375,23182869
2025-03-27,154.8000030517578,156.10000610351562,154.1999969482422,155.4199981689453,25909068
2025-03-28,155.3800048828125,156.91000366210938,153.3699951171875,154.24000549316406,24589315
2025-04-01,152.07000732421875,155.33999633789062,152.07000732421875,153.1199951171875,29142122
2025-04-02,154.0,156.25,152.27000427246094,154.69000244140625,24977582
2025-04-03,153.0,155.97000122070312,152.60000610351562,153.6199951171875,15117526
2025-04-04,152.6199951171875,152.99000549316406,140.0,140.38999938964844,80846143
2025-04-07,128.0,130.35000610351562,125.33000183105469,129.47999572753906,121806340
2025-04-08,134.88999938964844,136.1999969482422,128.02000427246094,130.27999877929688,68999181
2025-04-09,130.0,130.0,125.30000305175781,127.18000030517578,73399980
2025-04-11,134.6699981689453,134.6999969482422,130.49000549316406,133.4199981689453,73706472
2025-04-15,135.60000610351562,137.0,134.83999633789062,136.41000366210938,38967608
2025-04-16,136.41000366210938,137.60000610351562,134.6199951171875,136.97000122070312,42684087
2025-04-17,134.39999389648438,137.9600067138672,133.6999969482422,137.13999938964844,62282856
2025-04-21,137.64999389648438,140.3000030517578,137.0500030517578,139.17999267578125,26503486
2025-04-22,142.0,142.83999633789062,137.6999969482422,138.16000366210938,58429662
2025-04-23,139.38999938964844,141.5,137.32000732421875,141.16000366210938,37851304
2025-04-24,140.6999969482422,141.8800048828125,140.27999877929688,141.52000427246094,23061444
2025-04-25,142.0,143.4499969482422,138.02000427246094,138.85000610351562,37764696
2025-04-28,138.5399932861328,142.60000610351562,138.3800048828125,142.07000732421875,26971589
2025-04-29,142.07000732421875,143.3000030517578,140.9199981689453,141.5,25758449
