Date,Open,High,Low,Close,Volume
2010-01-04,104.23336889039075,105.28247704133595,104.09801045364142,104.48906707763672,3172720
2010-01-05,104.9854243555642,107.54237063631666,104.75604156291159,106.011962890625,4254349
2010-01-06,106.03828676718088,112.50587127801703,106.03828676718088,110.93033599853516,8747201
2010-01-07,111.3025909564901,112.95708414151724,108.67043243784185,111.38907623291016,5495560
2010-01-08,111.6786214829848,112.28024890644971,110.15948667248372,111.32891082763672,3916987
2010-01-11,111.68615370997918,114.13781496604668,110.26478878858914,111.3026123046875,4785645
2010-01-12,113.51360387917948,113.51360387917948,109.80603345222625,111.98695373535156,3978032
2010-01-13,111.3025754319215,112.71641270350892,110.97167684107005,112.04334259033203,1436523
2010-01-14,112.43065830574531,113.30302636726718,108.84716171105156,109.52777099609375,5188156
2010-01-15,109.52777032586856,110.4001383820522,108.632832620948,109.54280090332031,2027922
2010-01-18,108.67042677307411,112.61113716564815,106.13979613143725,108.53882598876953,3847827
2010-01-19,110.88144541660994,110.88144541660994,105.28622994325,106.72639465332031,3438063
2010-01-20,106.79033510971614,107.31676210181475,105.9442823864086,106.86929321289062,4694755
2010-01-21,106.86926660162632,107.16632260828993,100.93563797326567,102.02986145019531,6244344
2010-01-22,100.39794274672194,101.80426492704707,98.01772476824327,100.32649993896484,8233345
2010-01-25,100.23250233581673,100.42050347163864,97.99140631663612,99.228515625,4570903
2010-01-27,98.59302304441964,100.60849952363404,97.76577656690007,98.64942932128906,6091705
2010-01-28,99.05930477110587,100.24752898103105,95.38180768170335,99.52557373046875,4992066
2010-01-29,95.61118297121797,99.3450865166191,95.61118297121797,98.13429260253906,4893944
2010-02-01,98.29222550359142,98.29222550359142,96.77685430623924,97.25440216064453,4093771
2010-02-02,97.91620381583397,98.29222988501158,96.12634017955081,96.5700454711914,3913546
2010-02-03,97.21303706098762,99.26235642618565,96.2616990091712,97.67930603027344,3014164
2010-02-04,97.40857404583546,97.76579404440521,95.66006833488879,96.06993103027344,2525157
2010-02-05,95.49085457423837,97.6905867787746,94.40039447441252,96.67908477783203,2735443
2010-02-08,97.69058801466319,100.12721832923509,94.75761566860302,96.63396453857422,4735698
2010-02-09,95.84807892968799,98.50655288824541,95.51717434228944,97.78459167480469,2547643
2010-02-10,98.14179947076777,98.14179947076777,95.43444079750833,95.8931884765625,4704952
2010-02-11,96.26170698560668,97.00999555248839,94.75762050807487,95.20884704589844,11406449
2010-02-15,95.87064876690997,96.39708173365919,92.96399748798086,93.22721099853516,3788502
2010-02-16,94.79519850617027,94.79519850617027,92.50146612537668,93.00157165527344,7787426
2010-02-17,93.62955222977187,95.62247137921277,93.62955222977187,94.9381103515625,4250162
2010-02-18,95.13365069650753,95.85561204420723,92.38869094982344,94.2274398803711,4894814
2010-02-19,92.95269591953087,94.20484752993382,92.50899070476571,93.27983093261719,2557353
2010-02-22,94.75760647788351,95.09602633114339,93.85515353585716,94.35150146484375,2627694
2010-02-23,94.45678863155113,95.05842790135108,93.33248007694466,94.13716888427734,2066781
2010-02-24,94.00556230124577,95.7127040703487,93.40392897613037,94.59591674804688,4427724
2010-02-25,92.5202762924052,95.66006154730452,92.5202762924052,95.46076965332031,2511261
2010-02-26,95.43445779027253,95.43445779027253,90.14006140030742,91.23429107666016,12185690
2010-03-02,91.1477976581332,96.63772188158912,89.96708280485932,95.8555908203125,12669059
2010-03-03,96.63770936801473,101.41319301942771,96.13759789782277,100.3791275024414,8367871
2010-03-04,100.39796013496665,101.51098409705317,98.24711267592434,100.67621612548828,6799112
2010-03-05,100.62354381154101,101.30038347239143,99.69101194233423,100.11967468261719,3595946
2010-03-08,100.39793638847513,101.66137287327206,100.39793638847513,101.23270416259766,3097302
2010-03-09,100.69876735884156,101.30039475240454,99.29619689086006,100.07080078125,1699783
2010-03-10,100.09713229615524,102.65407855485007,99.5105354551008,100.98454284667969,3856086
2010-03-11,101.60121994983358,102.30061744051926,99.31876021180013,99.91287231445312,3591127
2010-03-12,100.6987522917282,102.1276320017426,99.98430054544332,101.69520568847656,3635779
2010-03-15,101.69523538837184,102.27054746240255,100.77398216269687,102.19158935546875,6491407
2010-03-16,102.2743017206683,104.53420395734982,101.1575201957814,104.1356201171875,8091120
2010-03-17,104.4590008312967,104.98543976879861,101.98478182278048,102.4924087524414,5854476
2010-03-18,102.87969434191332,103.60917682107451,100.58971915352377,101.05974578857422,2319254
2010-03-19,101.71405208725058,103.16550210286023,101.25154063094107,102.22544860839844,2363947
2010-03-22,101.30039210838925,102.93232747785515,99.63085651421697,100.4881820678711,3516735
2010-03-23,101.14998963487217,102.27805581489712,100.62730846749751,101.97347259521484,3781165
2010-03-25,101.74412832649598,103.16925091935616,100.77398996880441,101.59747314453125,7282575
2010-03-26,102.27808320914195,102.91731097296822,101.84565673337102,102.61273956298828,3391297
2010-03-29,102.57511298681864,103.48132358499419,101.69897543350434,102.82704162597656,4349363
2010-03-30,103.03009719572579,105.12830150463844,102.5563129618678,103.25946807861328,3116296
2010-03-31,103.93255829346937,104.5304280717555,101.91332381096788,103.30460357666016,3340976
2010-04-01,104.15815926031348,104.15815926031348,100.78900328165234,101.9057846069336,4366347
2010-04-05,101.90204082891333,104.80868592016692,101.90204082891333,104.09424591064453,4818992
2010-04-06,104.55301079848668,105.91796344087571,102.28935077145287,103.01507568359375,5702136
2010-04-07,103.25570761420883,104.2333609913883,102.60142567250443,103.83854675292969,2970486
2010-04-08,103.78215408486052,104.11305276217138,102.46607466523007,103.12788391113281,2277855
2010-04-09,103.03010333792183,103.78214354795053,102.01108011324229,102.79320526123047,3222605
2010-04-12,102.87969527773743,103.78214832784809,100.43554961847431,101.1500015258789,2732345
2010-04-13,101.30039227111031,101.88698907305341,100.36033908682468,100.80780792236328,2372662
2010-04-15,101.60873271502538,102.5788708315762,99.89782736506444,100.38289642333984,2621528
2010-04-16,99.49547253118466,101.14997732132859,99.38266592691474,99.64964294433594,2304093
2010-04-19,99.35635874882193,99.57069311118295,97.84098763535653,98.8224105834961,2826830
2010-04-20,98.89385678398929,100.30018491525443,97.09647203076098,98.72088623046875,3221010
2010-04-21,98.89384411655234,100.88675692548753,98.66823089700202,99.60828399658203,2541229
2010-04-22,99.19467693606433,101.52600988483115,98.26213900004572,100.69499969482422,3740358
2010-04-23,100.62354089827465,103.02257052114513,99.5217961729336,102.44348907470703,3685851
2010-04-26,102.57886758796269,104.45897388921571,102.35325435616117,102.92105102539062,1655162
2010-04-27,102.20283788153112,104.15815645031401,102.20283788153112,103.03009033203125,2052968
2010-04-28,101.57114113144281,102.93233596926818,99.57445844592246,100.2061767578125,2798458
2010-04-29,100.39794271701403,103.40612727829843,100.39794271701403,102.33070373535156,3587749
2010-04-30,103.40612272945083,103.40612272945083,101.37560359098246,102.12388610839844,2743940
2010-05-03,102.5788922719527,102.5788922719527,100.48820281215195,100.8379135131836,1029256
2010-05-04,101.80426038485474,101.80426038485474,98.62687494720574,99.19467163085938,2437739
2010-05-05,97.84100022244482,99.68351255565969,97.84100022244482,99.29244995117188,4656652
2010-05-06,99.11947827233301,99.26988513525615,97.1792017961152,97.98013305664062,3549035
2010-05-07,97.01373387779218,97.75825870606383,95.05842125181945,96.4835433959961,4340637
2010-05-10,97.69058507105336,101.14999617430297,96.62268274796494,100.47314453125,3294438
2010-05-11,101.37560995549792,101.37560995549792,98.44263173682278,100.13848876953125,2675289
2010-05-12,98.91264917626043,102.20284113505176,98.91264917626043,101.57112884521484,4297560
2010-05-13,101.90203374424219,102.63151617258137,100.92438031405386,101.7027359008789,3283268
2010-05-14,101.6764119207545,102.53373742198532,99.64965053324487,100.40921783447266,1241853
2010-05-17,99.26987984065269,99.4729353376912,97.76579345472159,99.24732208251953,1657027
2010-05-18,100.17233641931367,100.17233641931367,96.75805847774433,97.95380401611328,3836097
2010-05-19,97.16414500601499,98.80360156912207,96.80692504319468,97.91619110107422,2820239
2010-05-20,98.36742354514716,99.94671627877148,96.41211071396842,96.96485900878906,2553177
2010-05-21,95.1336404882113,98.42007535225068,94.23118741401397,94.7237777709961,4285726
2010-05-24,95.51717606991463,95.51717606991463,92.70077397398282,93.58442687988281,4585939
2010-05-25,90.99738832196375,92.80229433295095,89.49330196135439,90.54240417480469,4960129
2010-05-26,91.03875843646232,92.77222175841257,90.0949415489441,92.35107421875,4413755
2010-05-27,92.35105813478684,94.38157718397468,91.56517542753751,93.71977996826172,4652839
2010-05-28,94.11837945133964,96.2617054723071,92.57668682279873,95.5547866821289,5686468
2010-05-31,95.88569487345194,97.0137613123734,94.98324172231476,96.6640625,2779370
2010-06-01,96.26169795975221,96.56251760530876,93.25728293109806,94.4154281616211,2620160
2010-06-02,94.4154197865152,94.65231783759437,91.839667778826,93.33999633789062,3812160
2010-06-03,94.00556716028962,96.13761417334909,93.34376987389116,93.60322570800781,1455082
2010-06-04,93.60323595732474,93.60323595732474,91.09516261956946,93.15953063964844,2008409
2010-06-07,91.82464085524464,93.01287104194331,89.64370879532285,91.89984130859375,4354502
2010-06-08,92.5165180723405,94.5846435276078,91.89232100761865,93.51297760009766,5059226
2010-06-09,93.47913184038423,93.96044326942086,90.79809423614532,91.14403533935547,2543498
2010-06-10,92.12168969292549,92.78725051585064,90.9973811688503,92.4638671875,2306186
2010-06-11,93.46409427074515,94.60720295626565,92.3134643510252,93.27232360839844,3944085
2010-06-14,93.55434523601429,94.74257548328563,93.32873197318605,94.26879119873047,1833034
2010-06-15,94.23118403381383,95.46453573155614,93.6408295338079,94.82530212402344,2634802
2010-06-16,95.04713026671268,95.04713026671268,91.92990914475499,94.47933959960938,1811884
2010-06-17,94.48686804036977,95.96087524669068,94.00555665268658,94.84032440185547,4108631
2010-06-18,95.6600503822688,96.63018839241965,95.14866003372569,95.5096435546875,4187500
2010-06-21,96.0436067970447,99.26611981329562,96.0436067970447,98.95777893066406,3225186
2010-06-22,98.51782748093099,100.02190773588613,98.51782748093099,99.39395904541016,5159255
2010-06-23,99.34508116186892,99.64590080193162,98.14180854725781,99.34883880615234,2365201
2010-06-24,99.34508841714384,99.7211085354536,98.10421548651753,99.19091796875,6082441
2010-06-25,99.04427846379632,99.64591784683498,97.76580517971043,98.51033020019531,3950852
2010-06-28,98.51033226146264,102.27807891004257,96.53245538282373,100.29643249511719,4677989
2010-06-29,101.17630292483133,102.278053681502,97.52512741099376,97.98763275146484,5646645
2010-06-30,97.61540063717185,98.93148021030314,97.08897356443231,98.39376831054688,6851173
2010-07-01,98.51785143568839,99.04427846379632,96.89343104712474,98.51033020019531,5701173
2010-07-02,97.97260195667772,99.17963222012241,97.97260195667772,98.55543518066406,3757891
2010-07-05,97.76579748531381,99.23228370438848,97.61538467857163,98.45767974853516,1490895
2010-07-06,98.21700346837011,99.0404923059961,98.01771159492054,98.83367919921875,2073538
2010-07-07,98.66825977941005,99.41654245597529,97.63043628742876,98.13806915283203,2926258
2010-07-08,98.26213965189224,99.64590409628912,97.92747741965586,98.24333953857422,5286683
2010-07-09,99.13452605813184,99.47294597708594,98.23583058579834,98.96155548095703,3029117
2010-07-12,99.05178057106275,99.62333490175432,98.3072556943556,98.99913787841797,3770160
2010-07-13,98.51781672471391,100.14975182814705,98.51781672471391,99.68724060058594,3401711
2010-07-14,100.09713366846752,101.2101574891738,99.5218156985797,99.77375030517578,2789763
2010-07-15,99.98431237227554,101.22519112876063,99.98431237227554,100.92437744140625,4033306
2010-07-16,101.22518676305893,101.22518676305893,99.25483162961642,100.39041900634766,3336510
2010-07-19,100.69876299571705,100.69876299571705,99.72109771379888,100.18360900878906,2119506
2010-07-20,100.54835852334884,100.698771323301,99.26987945195538,99.90160369873047,2423708
2010-07-21,100.37538065020914,100.69876398459081,99.1194653740289,100.4393081665039,1628665
2010-07-22,100.39794563971738,100.75141393561834,99.43532869251378,100.014404296875,3382831
2010-07-23,100.62355106027312,100.62355106027312,99.34507803511433,99.55564880371094,3707747
2010-07-26,99.72110742030829,100.15729146614672,98.99162495047364,99.69478607177734,3411680
2010-07-27,99.6496609639123,100.14224533330825,99.19091323084108,99.69102478027344,1576251
2010-07-28,99.72109385989492,101.37182924947989,99.4578804103782,100.61978912353516,2766116
2010-07-29,100.75892813991457,100.98454139158618,99.42781233330805,99.9730453491211,5635164
2010-07-30,99.64590113791213,100.14977032069127,97.94251698076084,99.34132385253906,1775274
2010-08-02,99.34508864970863,100.15729282063586,99.30748842148166,99.70230865478516,1240983
2010-08-03,100.3979377197248,100.3979377197248,99.45788455034423,99.90911102294922,942366
2010-08-04,100.17234697098687,100.92439918834175,99.45790687752503,100.29643249511719,2919243
2010-08-05,100.69876924188164,101.07478339707,99.57069704811732,99.74366760253906,5127691
2010-08-06,100.30018356653152,100.62355502048356,99.34508194500832,99.52557373046875,3258936
2010-08-09,99.48796537894314,99.97304038616042,99.42028616331338,99.72109985351562,1247894
2010-08-10,99.87152663115903,100.41675375062395,99.29620862543632,100.00689697265625,1689907
2010-08-11,99.8715211680191,101.90204050556181,99.65342914303504,100.3565902709961,3022764
2010-08-12,100.39794563971738,100.75892922453372,99.09315116690576,100.014404296875,3807351
2010-08-13,99.64591382218129,100.76645300693603,98.45768352072292,99.78504180908203,2610678
2010-08-16,100.479420215842,100.479420215842,99.51180998759605,99.80399322509766,2057310
2010-08-17,99.045091759999,100.20622292963297,95.38715508170903,99.50423431396484,3865817
2010-08-18,99.87230568950343,100.17586477069392,98.74911788940975,99.71672821044922,2111516
2010-08-19,100.44148133530994,100.44148133530994,97.9332881057015,98.77947235107422,3174275
2010-08-20,98.25583252289421,98.73394078857328,97.50451267693803,97.88396453857422,2294166
2010-08-23,98.65806400502713,99.25759836710756,97.06435762493292,97.84982299804688,2847192
2010-08-24,97.89913885747944,98.1799342994825,96.76077733587178,97.0984878540039,1846640
2010-08-25,96.45721031758454,97.12884540175453,94.71172468629976,95.26952362060547,3721394
2010-08-26,95.54652150680553,97.36789991203291,94.5257940921541,96.48377227783203,5954070
2010-08-27,96.76836892971497,97.13264102315145,93.34569442736276,93.94143676757812,2943616
2010-08-30,94.48406497596076,95.15190221084218,91.62677303371999,93.40261840820312,2727132
2010-08-31,92.66268224514565,93.56578164788294,92.13144483181068,92.76892852783203,2044098
2010-09-01,93.19390696492542,94.76105152179551,92.61334439055813,94.0287094116211,2188075
2010-09-02,94.48405234535475,96.17641483929145,93.54680157854446,95.67932891845703,3870563
2010-09-03,96.37753056710832,96.43065370644904,94.71552149367116,94.90904235839844,1279251
2010-09-06,95.60724513359057,97.72080702588624,94.86731307427894,97.30340576171875,3571076
2010-09-07,97.51970145717236,97.51970145717236,95.7855973491421,96.38892364501953,3195507
2010-09-08,96.28268593870115,97.6714897244999,96.04363176242171,96.68870544433594,4024083
2010-09-09,97.1781982150345,98.27861057521547,95.24677517611248,95.6148452758789,6096896
2010-09-13,96.38132971817556,97.1098799239448,96.12708983397135,96.77216339111328,4347933
2010-09-14,97.51968188641783,97.51968188641783,95.24295296307821,95.95632934570312,9679693
2010-09-15,95.79695573951692,96.59380872777108,95.28089816617789,96.28265380859375,5153276
2010-09-16,96.07776675139748,97.3451442622415,95.3795700388483,96.13088989257812,5607237
2010-09-17,95.69830628218163,96.83666777642819,95.40612303205344,95.97151184082031,3982198
2010-09-20,96.38131766979727,96.60140007945188,95.5047739694164,95.94114685058594,4443962
2010-09-21,96.24472882184622,99.41696762889183,95.66795812965611,99.01094818115234,5692541
2010-09-22,99.49284453591589,100.15309781539158,98.77947411890251,99.7964096069336,4255468
2010-09-23,100.41871270007051,100.5553184809124,99.58770819972159,100.03926086425781,4486894
2010-09-24,99.83436907817665,101.23835250795692,99.51942214121472,100.85131072998047,3934396
2010-09-27,100.86268594477234,102.96106819897355,99.43594488936047,101.96310424804688,3652598
2010-09-28,102.45259327778103,102.88517429112125,101.54569592517211,102.35394287109375,2053196
2010-09-29,102.49434694748258,103.81863364076304,101.72025140206419,102.54747009277344,2650180
2010-09-30,103.21150711368364,103.89452406958901,101.01825457764738,102.84722900390625,3958033
2010-10-01,102.08072961937232,105.943575167179,102.08072961937232,105.56790924072266,3659748
2010-10-04,105.94357694407705,107.15782533319587,104.42575745782386,105.07841491699219,3449337
2010-10-05,104.46748763775558,106.52413432029697,104.39160086711324,106.13709259033203,5602480
2010-10-06,106.13708458976875,107.52967392499447,106.05739388675686,106.49376678466797,6757724
2010-10-07,106.49377478015946,111.18003486183571,105.86767292313118,109.14995574951172,10759746
2010-10-08,109.41178832056706,111.43807565752995,107.10849744880343,108.20891571044922,4718620
2010-10-11,108.90332135206229,109.19170070570043,107.19956480295063,107.966064453125,2891161
2010-10-12,108.06850518045032,108.06850518045032,106.77835812989588,107.41584777832031,1924836
2010-10-13,107.15403856068609,109.35866706083245,107.15403856068609,108.812255859375,6151548
2010-10-14,108.90333081534035,110.11757935690954,107.8408558415875,108.6339111328125,4501743
2010-10-15,108.67565043237201,110.1175712189114,107.0136411890333,108.52007293701172,4533463
2010-10-18,107.7649562815717,108.78568380331623,105.33644748653822,105.8714828491211,2886674
2010-10-19,106.58863771774391,106.62658110037478,104.1221858488855,104.3422622680664,2468111
2010-10-20,105.10498592215424,106.08018620391616,104.198088539489,105.6058578491211,1532501
2010-10-21,105.27952120336388,109.56355958756042,104.19807477691367,108.70978546142578,4355010
2010-10-22,107.50691087224997,109.28274997950776,106.2471233688791,108.39483642578125,2461676
2010-10-25,109.28275496366429,109.28275496366429,106.77835959572913,107.27924346923828,1057659
2010-10-26,107.08193033494551,108.67563647318289,106.62658572402054,107.22611999511719,1568842
2010-10-27,106.25852382391743,108.14060942644737,105.49581614237088,106.52034759521484,1374369
2010-10-28,106.14088134962057,108.44796390602117,104.74448801287228,107.23370361328125,5119546
2010-10-29,107.23369349042322,108.2013096948148,104.88108389500944,106.04601287841797,1816351
2010-11-01,106.01945117803588,108.51247061930216,105.81834644979261,106.60001373291016,1198849
2010-11-02,106.58107734551022,107.37793664542629,104.4485433331426,104.96839904785156,1705026
2010-11-03,105.48822779260216,107.38549306952861,104.25499576275543,104.73690795898438,2806364
2010-11-04,105.23019754007278,106.60002337843429,105.23019754007278,106.10294342041016,1786310
2010-11-08,105.86766211549377,106.60380211473174,105.19224112639735,105.72726440429688,1430596
2010-11-09,104.34987728057342,105.86768486297811,104.34987728057342,104.91905212402344,1239895
2010-11-10,105.12395588903618,105.85250013441878,103.97041450072349,104.52821350097656,1126487
2010-11-11,104.80519933396408,107.68904031796512,104.34985475756345,106.07636260986328,2349450
2010-11-12,106.09534379141382,107.21853758017542,103.74273393615731,104.42195892333984,2471375
2010-11-15,104.04628483582165,105.86007928474848,103.61750782163028,105.4768295288086,1348846
2010-11-16,106.04982639800659,106.04982639800659,101.06379877647632,102.07694244384766,2035663
2010-11-18,103.0369666367754,104.53580252780202,99.43214662078174,100.34663391113281,3291526
2010-11-19,100.93476858187682,100.93476858187682,98.65805147089412,99.5725326538086,2506494
2010-11-22,99.17790015407269,102.8320449140428,99.04889024554726,102.28182983398438,2081828
2010-11-23,101.39012490625424,101.83030182499441,98.05093262485505,98.58596801757812,4235251
2010-11-24,98.66184700042146,99.78882678129897,96.85564820002001,97.83843231201172,3157850
2010-11-25,97.41344136531765,100.4794276164931,95.489608581511,96.59381866455078,5248538
2010-11-26,96.91256767815293,99.03751142205884,95.25055847130633,97.9143295288086,4531877
2010-11-29,99.34106172835754,99.41695449358792,97.89913518839447,99.12097930908203,1299116
2010-11-30,98.73393767883775,99.41696060811502,97.18197283373628,98.16096496582031,2672584
2010-12-01,98.5024644396232,100.40352745287107,98.01676035645283,99.80399322509766,1962856
2010-12-02,101.0865460284485,101.99723519988301,98.13818803595859,98.96919250488281,2467697
2010-12-03,99.03751267626485,99.49285734144664,97.74737145821759,97.92571258544922,2059559
2010-12-06,99.39419677390352,99.39419677390352,97.51969504729158,98.04334259033203,1139088
2010-12-07,97.61834480152953,99.75087821557494,97.22750514026386,98.95781707763672,1387581
2010-12-08,97.92571410768062,98.81743175750704,97.55764403093389,98.33552551269531,1439881
2010-12-09,98.00160274280009,99.40178815078939,95.65277864110908,97.1554183959961,2331398
2010-12-10,96.38134626723408,97.67148760313745,96.22956069837211,97.32618713378906,1674073
2010-12-13,97.22750111014498,100.32764470274483,95.69830597439686,99.28034973144531,1846754
2010-12-14,99.189272082619,100.17584793049252,98.59732177397346,99.50801086425781,1081991
2010-12-15,98.7756745969851,100.85887673865902,98.05471431476698,99.93680572509766,1709710
2010-12-16,98.65805795160182,99.18929537900559,96.6545402824338,98.46073913574219,2110159
2010-12-20,98.28619040072289,98.43038607449013,96.54070455972546,97.00743103027344,1996959
2010-12-21,97.29200743661015,98.03952924659816,96.84804467641412,97.49691009521484,2236695
2010-12-22,98.20270365150652,99.01852840636234,97.37549108153507,98.34689331054688,1532304
2010-12-23,98.93124846263844,98.93124846263844,97.54624302363959,97.9029312133789,912035
2010-12-24,96.00187457055918,99.40937550395458,96.00187457055918,98.84019470214844,466779
2010-12-27,98.65804268090467,100.40352824376767,98.65804268090467,99.56114196777344,712432
2010-12-28,99.29553332424709,101.61779565476184,98.80982920286786,101.36734771728516,1582635
2010-12-29,101.46601565586585,102.60437725261275,100.67675241544174,101.80372619628906,1563246
2010-12-30,101.803733024458,104.34987603317022,101.17383916534968,103.60993194580078,3411400
2010-12-31,103.29877186082341,104.94560107539091,103.19631752722792,103.6326904296875,1817200
2011-01-03,105.03289078297148,105.03289078297148,103.81863035785334,104.33090209960938,1747585
2011-01-04,104.20567721472847,105.0328959197359,103.48092486289003,104.77865600585938,2267182
2011-01-05,104.57755642087918,106.7783811584758,103.90212324291183,106.3154525756836,3228574
2011-01-06,105.86768076544169,107.08194118413667,104.84695322581297,106.19401550292969,2761494
2011-01-07,105.28710764182584,106.76698362978584,104.43333349491836,105.4312973022461,3027490
2011-01-10,106.09535517107338,106.539324020272,103.59095950821863,104.19429779052734,3847278
2011-01-11,103.59095092635097,105.9435728388522,101.76957241334652,104.03491973876953,4798971
2011-01-12,103.79586387923626,104.42575770755808,101.31423195323,103.22288513183594,3858781
2011-01-13,102.63094505724817,104.55477818504852,101.88342905281213,102.48675537109375,3330438
2011-01-14,102.44121661221281,105.29850244021075,100.43390104921208,103.41261291503906,2424868
2011-01-17,103.41260007897101,103.80343371482411,100.94235630323224,101.86443328857422,1055784
2011-01-18,102.11867907456232,103.05972791616827,98.35449570794525,101.1321029663086,2347170
2011-01-19,101.69370776724462,102.82827764610812,99.42077607008179,99.97477722167969,1600085
2011-01-20,98.65805037394799,101.67091952376329,98.13819480280414,101.06378936767578,1622375
2011-01-21,100.0240975329539,101.61780990479134,99.03751539797935,99.84954833984375,1824154
2011-01-24,99.11339598672167,100.09997800034769,98.81742078264358,99.71672821044922,1733430
2011-01-25,99.12098457385898,100.5515233750835,99.12098457385898,100.11515045166016,1228506
2011-01-27,99.34107321205472,100.77540404140889,97.53866632872062,98.4000244140625,2746490
2011-01-28,98.27858764343594,99.34106236384855,95.03805234597255,95.86526489257812,1513330
2011-01-31,94.86350651079329,94.86730444915857,91.93412005024238,94.33985900878906,1311064
2011-02-01,94.63584116936546,94.85213167521835,91.55088300649363,93.4822998046875,1475341
2011-02-02,93.34568247382036,94.7876029088593,91.78612196134509,92.5564193725586,1726570
2011-02-03,91.850660219741,93.69480862964862,91.67611102045211,93.09526824951172,1162943
2011-02-04,93.34568535052945,93.64924439889164,89.25516807481286,89.87747192382812,3571024
2011-02-07,89.7788156725241,91.7292098608347,87.73735496954386,90.62879180908203,2751391
2011-02-08,92.01002756211781,93.1939225390262,90.41252323117783,91.82788848876953,3210647
2011-02-09,91.08035698534454,92.95865060827833,90.31006544303321,92.26045989990234,2083652
2011-02-10,91.79752142430647,93.87692570497919,88.79604009590545,92.23389434814453,3055489
2011-02-11,91.5622675512593,92.20354321063903,89.61566494037896,91.03861999511719,3206989
2011-02-14,91.15624893419971,94.6282549796667,90.68952245592111,94.20706176757812,3361525
2011-02-15,94.1804877241133,97.06434086630836,92.97382333039769,96.27886962890625,4693605
2011-02-16,95.4706279216787,98.27858209593501,95.4706279216787,97.48552703857422,1683742
2011-02-17,97.52349202359845,98.50627620230313,95.85010096258948,97.67906951904297,3541812
2011-02-18,97.74735810462445,98.42278513238465,95.70589126803482,95.98668670654297,1313613
2011-02-21,95.62242753529402,96.19919824359393,93.69100465026217,94.86351776123047,1294650
2011-02-22,94.90146305772915,94.905254996478,92.43501089830328,93.884521484375,1508128
2011-02-23,94.02871082804899,94.48405544223218,91.09553240502223,91.42945098876953,3641272
2011-02-24,90.46185145797641,92.34774109293899,88.41280045010352,90.39734649658203,7702422
2011-02-25,89.95337538122682,90.39733819211844,87.42621030371672,88.98956298828125,3165612
2011-02-28,89.55115368999165,90.1203344719241,86.36374131116997,87.28581237792969,6901421
2011-03-01,88.18510876830692,88.53799900893524,85.9539191826042,87.36548614501953,8290204
2011-03-03,87.09229751571294,91.2852638983051,86.89498469765624,90.4314956665039,11128796
2011-03-04,90.02547592120158,93.51645361297726,90.02547592120158,92.89794158935547,5179016
2011-03-07,91.22835107326193,94.27915795024545,91.06897563946897,93.80863952636719,2072574
2011-03-08,93.34948399525928,94.78761263990958,93.14078338457759,93.42916870117188,1116954
2011-03-09,93.64925159404588,94.46887428738083,92.79168551672596,93.47850036621094,1392286
2011-03-10,93.42158242757044,93.58854172257467,90.78058721572962,91.14485931396484,3218999
2011-03-11,90.10514795478888,92.10866535679465,90.00649155996614,91.35734558105469,2361211
2011-03-14,91.3573680310946,95.24297776559862,90.48083007729947,94.91285705566406,3382862
2011-03-15,92.28322859032197,94.55995189437702,90.33283402654061,91.89618682861328,2841120
2011-03-16,92.5867940536302,93.88452514195261,92.5867940536302,93.10664367675781,1335126
2011-03-17,92.96624685669882,93.64926385728386,92.66268774526327,93.20530700683594,1077006
2011-03-18,94.02872424760113,94.10461102752693,92.42742799253678,93.22807312011719,1431995
2011-03-21,93.72515625267954,93.95282858527895,91.52431970428309,93.35708618164062,1395094
2011-03-22,94.18050065532783,94.84074801806416,93.05731875094281,94.25639343261719,1099617
2011-03-23,94.25636261853232,95.61480628850187,94.11216698881302,95.30744934082031,3264750
2011-03-24,94.93938931443299,96.78353719317857,94.86349655402184,96.57862854003906,2594389
2011-03-25,95.85009719033243,100.32765693237027,95.85009719033243,99.01094818115234,4915456
2011-03-28,98.8591676362288,100.25176314879464,96.91256506969005,98.85157775878906,2318466
2011-03-29,98.96160017408819,101.83785709486271,98.29375710549498,101.01065063476562,3026215
2011-03-30,100.7905803198012,102.43740965958338,99.42454643427295,100.53634643554688,2423096
2011-03-31,101.23835558834566,102.45260410522158,99.95579816751459,101.32563018798828,7277373
2011-04-01,100.56293582772116,101.67094413082114,99.52323043369998,99.97477722167969,1289189
2011-04-04,99.20827195799207,101.76958275215769,98.52145700732788,101.51155090332031,1979457
2011-04-05,101.99725779925387,102.0731565802266,99.07546072688945,99.76227569580078,2217432
2011-04-06,99.7964314699821,101.46603072649549,98.65806970415568,98.88953399658203,3327018
2011-04-07,98.8857379121442,100.32766475504837,98.8857379121442,100.16449737548828,2031829
2011-04-08,99.64463120726312,100.76781298297833,98.81741862927365,99.95198822021484,1127917
2011-04-11,100.93476924900573,101.97068847114028,99.0640655471355,100.02408599853516,3809051
2011-04-13,99.68257220758302,100.14929862350998,98.89710097110151,99.4397201538086,6018639
2011-04-15,99.41695698407594,100.17586065578152,98.80982684682841,99.14374542236328,2590378
2011-04-18,100.08479507317027,100.76781198404827,98.35448316565166,98.89710235595703,3089654
2011-04-19,98.71877118690811,99.40178816652795,97.09091345215717,98.6580581665039,1535081
2011-04-20,98.51006991584175,100.9537584714432,98.51006991584175,100.66536712646484,2235058
2011-04-21,100.17587571876223,101.65194796210858,100.17587571876223,100.9992904663086,1621888
2011-04-25,100.28591709828333,102.06555440533522,100.03168319727592,100.98789978027344,1453963
2011-04-26,100.93478248715819,101.48878958705849,98.69600845296459,100.4604721069336,2039435
2011-04-27,100.17587826405908,101.45842965461591,98.88573699546473,99.65982055664062,2381791
2011-04-28,99.41696987895808,100.17587364909731,97.82705550069332,99.32210540771484,3396146
2011-04-29,99.34107223406811,100.43390056940564,98.0585149655412,98.99197387695312,1705824
2011-05-02,100.14553400140572,101.99726641676881,99.3410908537802,101.62540435791016,2079009
2011-05-03,101.541900589736,102.83583964791083,100.17586669838381,100.79058074951172,3904241
2011-05-04,100.5553343357838,100.9234044145286,97.97504584566873,98.58596801757812,1222061
2011-05-05,97.89914910983335,99.09063389389912,92.6740673784939,93.44056701660156,3707301
2011-05-06,93.72513874524331,94.48784031699174,91.82786766134892,93.24702453613281,4498976
2011-05-09,93.34569653343726,95.81214859630079,93.34569653343726,95.41751098632812,2038896
2011-05-10,95.31886339300284,95.62242850568957,94.0780473697932,94.61687469482422,910906
2011-05-11,94.33226204371819,95.2050078148127,92.45776060485603,92.93966674804688,1649576
2011-05-12,92.09729222579678,94.19567428217715,92.09729222579678,92.81825256347656,1572241
2011-05-13,92.81825387159124,94.44611156215893,91.55088235484682,93.37605285644531,1639670
2011-05-16,92.74615973760541,93.80104469652825,92.74615973760541,93.27739715576172,927900
2011-05-17,92.74237959615245,94.40818089796468,92.51470724511057,93.56199645996094,1005163
2011-05-18,92.96625156663848,95.24297501726733,92.95486974935643,94.89767456054688,1694591
2011-05-19,93.95281589309444,94.48405326402874,92.05554471110267,92.27562713623047,2445614
2011-05-20,93.11802009282123,95.31885035912462,92.81445502164392,93.82759857177734,3958261
2011-05-23,92.47672630873029,93.4974596010122,91.0841311032137,91.89995574951172,1700695
2011-05-24,92.21492444667297,92.88276767344489,90.76541382926916,91.88480377197266,1720539
2011-05-25,92.28322304159772,92.28702098015465,89.55115524100303,90.15827941894531,1981964
2011-05-26,89.71052568795155,91.66851003404844,88.93644220223119,91.0689697265625,7239767
2011-05-27,90.20003082801188,92.81067288490713,90.20003082801188,91.47879028320312,1870547
2011-05-30,91.67609506242634,92.20353450763865,91.47498432433571,91.83546447753906,2243068
2011-05-31,93.10663987342852,94.06286842567124,92.29081505298039,93.4822998046875,2684781
2011-06-01,93.0079809704222,94.86351094474628,93.0079809704222,94.62065887451172,1033536
2011-06-02,93.72514439810452,95.22778400316454,93.34569255840059,94.98493194580078,1052478
2011-06-03,94.6434174759991,96.25609519214176,94.10079831975278,94.84452819824219,1665089
2011-06-06,95.5465267367953,95.5465267367953,93.87313583538547,94.81038665771484,647895
2011-06-07,93.77068653181063,94.84074526095651,93.4747113088801,94.2412109375,1063193
2011-06-08,93.19390932017161,94.67757726980975,93.19390932017161,94.19567108154297,1313002
2011-06-09,94.63584356143217,94.65861319416705,93.37226394246954,93.64926147460938,1488823
2011-06-10,93.20150403453941,94.46888155604185,92.82964204314754,94.18049621582031,1822817
2011-06-13,93.42158981763563,94.48406468796662,92.13144861783746,93.89591217041016,2887036
2011-06-14,93.45571854036817,96.0018548712997,93.45571854036817,94.85590362548828,2931419
2011-06-15,94.26776410075676,95.08358886049702,93.52403417096833,93.93384552001953,1566676
2011-06-16,93.87691827199005,94.46507668792594,92.89034234828284,93.24702453613281,2295793
2011-06-17,92.89035308782078,94.48405930257613,92.89035308782078,93.86175537109375,1477403
2011-06-20,93.34569350825645,94.44231371608856,91.23592973822133,92.13143920898438,3064878
2011-06-21,92.51090531457606,92.87518346048776,91.4522283279178,91.7709732055664,1932556
2011-06-22,92.05553571736007,93.81240900823389,91.68367379396841,93.51264190673828,1969374
2011-06-23,92.90173810178533,94.48406255516294,92.67406577755415,94.19187927246094,1802693
2011-06-24,94.10458919203639,97.65627926540118,93.90727641012842,96.88978576660156,3523160
2011-06-27,96.00185924505065,98.3924182310133,93.06868111465847,97.6904296875,2096273
2011-06-28,97.36789124338874,98.55558383935497,96.30542260156497,97.62971496582031,2870570
2011-06-29,98.65804403252378,99.23481464378258,97.06433797506217,97.3678970336914,2636295
2011-06-30,97.41343796003916,100.32764457212406,96.4875690155945,99.28414154052734,4211251
2011-07-01,99.03751099301526,100.13413130971236,98.5138634369755,99.02233123779297,2578420
2011-07-04,99.341059885947,100.55531410760135,98.5138473599749,100.36937713623047,3257662
2011-07-05,100.36939988431479,100.39975939668562,99.57254668323105,99.96717834472656,863725
2011-07-06,99.53459588398583,99.94819920997546,97.56522966218915,97.91053009033203,1022520
2011-07-07,97.70942634628895,100.17587872394878,97.70942634628895,99.70915222167969,2600865
2011-07-08,99.72052609041693,100.63121538805338,97.24648403188309,97.94847869873047,8384462
2011-07-11,97.51969241398275,98.79465378880246,96.98845500786449,98.2292709350586,960438
2011-07-12,96.98844861809324,99.26517163731562,96.98844861809324,97.83463287353516,1474243
2011-07-13,97.21613415771739,98.5062753776515,96.19540059848393,97.17060089111328,2287907
2011-07-14,96.38133756635608,97.88397136313044,96.00187967836082,96.62418365478516,1474947
2011-07-15,96.45720970490586,97.06433983359396,95.11014760675111,95.7741928100586,2148169
2011-07-18,95.85009985315281,98.65047073912704,95.85009985315281,98.27481079101562,3362997
2011-07-19,97.76634347975565,100.02409511882063,97.76634347975565,99.88748931884766,1821366
2011-07-20,99.94820094566782,100.45287681085166,97.72839872642173,97.97124481201172,1465165
2011-07-21,96.77596117425215,98.55180642289668,96.77596117425215,97.46656799316406,636921
2011-07-22,97.86118694996198,100.47941822161908,97.86118694996198,98.79084777832031,2810333
2011-07-25,98.43038903300481,100.02409537048362,97.61456416975552,99.739501953125,2143547
2011-07-26,99.50425007713426,100.39975969628826,98.04714347657652,98.66185760498047,1640157
2011-07-27,98.22168520731847,100.01650224820517,98.22168520731847,98.6580581665039,848554
2011-07-28,97.23509191998455,98.71875981023223,96.9315328528499,97.93328857421875,3505253
2011-07-29,97.1592131490135,98.77948095284336,96.57105465824392,97.23130798339844,2071776
2011-08-01,96.85943075935916,99.39418553623088,96.85943075935916,98.33171081542969,1549402
2011-08-02,98.40836845876483,98.82982972983972,96.93706774165913,97.85662841796875,1528242
2011-08-03,96.783799186147,98.99841080664868,96.17075476264314,98.58077239990234,1286236
2011-08-04,98.16313527783025,99.38921800686366,96.55390434650182,97.1592788696289,1157492
2011-08-05,95.32781155991924,96.87573788856473,94.02510296287868,94.51170349121094,2891005
2011-08-08,92.95996086806521,94.40827005554272,91.89480597763793,92.42738342285156,2706449
2011-08-09,89.1629152665163,91.68787743856349,89.1629152665163,90.21658325195312,2918632
2011-08-10,91.26642831003359,91.80284065804027,89.43497099602692,90.12464141845703,2535913
2011-08-11,89.27405814978631,89.99437783670695,85.68394028918176,86.17436981201172,10125011
2011-08-12,86.59198455969668,87.43491902857642,82.45396244888435,83.18194580078125,7721727
2011-08-16,83.45782839013408,84.66858355093133,82.01334815016006,82.76815795898438,3612277
2011-08-17,82.14744399366758,83.14363656639499,81.15508635613286,82.25856018066406,6462610
2011-08-18,82.38499951671173,82.63021727317573,79.08224179167942,79.82172393798828,2977542
2011-08-19,77.6607617791813,81.3581605206476,77.6607617791813,80.74128723144531,2870228
2011-08-22,80.46158961117861,84.21646383342261,79.4194201920109,83.57659912109375,2573933
2011-08-23,84.21647322829303,84.29309924289636,82.37734588585775,83.24710083007812,1167367
2011-08-24,81.68765396239633,82.73365815900259,79.00560481322498,79.56500244140625,4723377
2011-08-25,80.00181217869861,81.04781664948669,79.31214169741762,80.1435775756836,7275580
2011-08-26,80.14356387396161,80.15889149759633,77.12050817534737,77.63776397705078,5733732
2011-08-29,77.77952430392843,80.92135979436443,77.6339240055427,80.06693267822266,2599777
2011-08-30,81.21639490450352,81.7183231222882,78.79104969389194,80.05928039550781,3254253
2011-09-02,82.3773438971014,82.77965469745753,77.11669064914119,78.17801666259766,5052138
2011-09-05,78.46919150764612,79.40407951801521,76.42700094326905,77.51898193359375,4888089
2011-09-06,77.4730276214057,78.39258834866149,76.25844338221732,76.70289611816406,4862887
2011-09-07,77.24311089062107,80.61483643724173,77.24311089062107,79.58415985107422,6796500
2011-09-08,80.46160070348506,80.74896038250637,78.32362094283269,78.70293426513672,4803790
2011-09-09,79.23167370079827,79.23550863619617,76.51513996029024,76.78717803955078,4052881
2011-09-12,76.47682861874362,76.47682861874362,75.2507517872937,76.2392807006836,3279578
2011-09-13,76.41935499213943,77.46918829640609,74.50360171592547,75.08599090576172,7052330
2011-09-14,75.81779921252058,75.81779921252058,72.64531434172271,73.5188980102539,5284672
2011-09-15,73.94802736703129,74.21623656202154,72.79857669807195,73.41162109375,10496694
2011-09-16,73.71046166364634,76.5534386919601,73.71046166364634,75.47679138183594,10343163
2011-09-19,75.32738477733277,76.05536828350736,74.75265330401541,75.56110382080078,3096473
2011-09-20,75.47298828764694,76.63010307244063,74.84845103892302,76.46151733398438,6690596
2011-09-21,76.24694627384822,76.63010062402121,75.5687744637419,76.53814697265625,7846596
2011-09-22,76.01704675495888,77.46534979166279,74.04381800278219,74.99403381347656,6235961
2011-09-23,74.33883631050311,76.53811993587857,74.06679827198084,75.91741180419922,4818318
2011-09-26,77.6645939906171,77.81785207106067,70.84451550645319,74.25455474853516,3169443
2011-09-27,75.63390442909052,78.16269637094113,75.17412407602679,77.51134490966797,3150903
2011-09-28,78.31594634187289,78.31594634187289,76.63008333322217,77.28144073486328,3505272
2011-09-29,77.39637342607641,79.23549421111605,76.13197788636164,78.20098876953125,5020462
2011-09-30,77.77954019055494,77.77954019055494,75.8637868947255,76.51514434814453,4424030
2011-10-03,75.8637864286768,75.8637864286768,72.79858238584995,74.13961029052734,3382620
2011-10-04,74.63770359987606,75.28906104929365,73.37330776523312,74.13961029052734,2472830
2011-10-05,74.33118707808426,76.36188542823133,73.64151662614941,75.25074768066406,4205429
2011-10-07,78.1626850468882,79.1588776869835,74.52275575969561,75.32737731933594,3533357
2011-10-10,75.28906131684352,81.41946942428244,74.40781371254101,79.3887710571289,8936158
2011-10-11,80.46159180050867,81.38115236498936,78.20100339337705,78.6990966796875,6711055
2011-10-12,78.89068004818596,79.65698259856548,75.86378891211456,77.54965209960938,6246647
2011-10-13,78.6224653064433,78.69909737360899,75.48063536954811,75.71052551269531,4228308
2011-10-14,75.86377812999378,77.51132807623459,75.71052006503974,76.74502563476562,2934914
2011-10-17,77.62627375270138,77.62627375270138,76.24692692382212,76.63008117675781,3036915
2011-10-18,76.1702903511092,77.24310878210429,75.71051015806151,76.82164764404297,2370587
2011-10-19,77.39638301293172,77.39638301293172,76.13198731660009,76.74502563476562,2604164
2011-10-20,76.59176309439214,76.66838909321703,74.02465279173003,74.67601013183594,2935323
2011-10-21,75.17410823687536,75.71052055521146,73.94802553425687,74.52275085449219,2322495
2011-10-24,75.59559356768273,75.97874185334204,74.98254904060674,75.44232940673828,1896372
2011-10-25,75.86377872923589,77.1664934958581,75.17410834397099,76.63008117675781,5546153
2011-10-28,81.22789141643999,81.38115555542848,77.1665007835455,78.12437438964844,5972426
2011-10-31,78.92898059619839,78.92898059619839,76.05535405882024,76.97491455078125,3576981
2011-11-01,77.16649687010394,78.04773836202112,76.24693025785822,77.43470001220703,6927066
2011-11-02,76.630071079527,78.77571401485613,76.47680697520792,78.20098876953125,4557430
2011-11-03,77.81784584679795,81.22788481612784,77.81784584679795,80.76810455322266,4058320
2011-11-04,81.22789354656554,81.22789354656554,78.58415675070988,79.15888214111328,1773426
2011-11-08,80.04012855087853,80.07844155687698,78.35426541169531,79.00562286376953,993162
2011-11-09,78.92897854905168,79.8868580755665,77.81784096396812,78.4308853149414,1522420
2011-11-11,78.08605315377672,78.69909147006612,76.51513527399521,78.23931121826172,2027573
2011-11-14,78.92896916272244,78.96728215822111,75.86376594742121,77.6645736694336,2876938
2011-11-15,72.72195365178165,76.47682195095277,71.49587086887993,75.71052551269531,5415130
2011-11-16,75.02085234221573,76.05535794858041,73.94802767449336,75.17411041259766,2889867
2011-11-17,75.0974890411013,75.44232429232275,72.49207118188403,72.83690643310547,2886436
2011-11-18,72.79858626045566,75.0974879003442,72.03228975272643,74.44613647460938,2983286
2011-11-21,74.10128685865149,75.0974733371857,73.37329744162739,73.60318756103516,2342925
2011-11-22,74.67601109390336,74.67601109390336,70.99776317740212,71.95564270019531,3404739
2011-11-23,71.64913223381339,72.22385761806336,69.15865354928016,69.77169799804688,2855313
2011-11-24,69.69505830346196,71.57249839220654,69.04370091978024,70.5379867553711,4264425
2011-11-25,71.07439603010747,71.95564350459095,69.88663243625082,70.72956085205078,1205785
2011-11-28,72.03229184566543,72.79858837565986,70.34642857464667,71.99397277832031,3303780
2011-11-29,72.56868491036748,72.56868491036748,70.26978362484307,70.5379867553711,1317577
2011-11-30,70.49965966886971,70.8444947928067,69.12031917312173,70.3080825805664,2451587
2011-12-01,72.68364183337218,72.68364183337218,71.07441067095034,71.22766876220703,2684118
2011-12-02,71.95565587761921,76.97492635186418,70.11653461174015,74.79096984863281,4237742
2011-12-05,75.09746788856212,75.63388014771114,73.67981427452038,74.63768768310547,1792721
2011-12-07,74.52274844519971,77.35806195281243,73.94802314354506,74.98252868652344,2967620
2011-12-08,74.63770324004416,76.13199527758638,72.87521410454956,75.25074768066406,2802091
2011-12-09,74.3694815593391,74.56105865660739,71.87900352824553,72.95182800292969,1910964
2011-12-12,73.79476684421671,73.94802490886684,66.05512855827023,67.77930450439453,4457234
2011-12-13,67.70268335325878,70.42304600209197,66.66817165309496,69.35022735595703,5672096
2011-12-14,69.00540013827909,69.2352903075438,66.05514094659837,66.47660827636719,3416836
2011-12-15,65.9018691219697,70.0398913065412,65.13556669796967,69.50347900390625,5602896
2011-12-16,69.77169622221217,72.2238557798161,66.01682178789837,68.00920104980469,6471923
2011-12-19,67.01301590016367,67.43448323790577,64.9823234054759,66.24671936035156,3728690
2011-12-20,66.5149227388961,67.3578513585065,61.41901983658373,62.070377349853516,3742720
2011-12-21,64.33095670136163,67.24290252325873,62.453516512897764,66.59154510498047,4107346
2011-12-22,65.5953492364619,68.66055298139138,65.36545910705092,68.27740478515625,1966084
2011-12-23,69.19696183385385,69.7333680700223,67.01299965558538,67.47278594970703,1598109
2011-12-26,68.12415321067118,68.3540433824354,67.05133442855495,67.74100494384766,1028487
2011-12-27,68.39235557009223,69.73337739825091,67.85594320381877,69.38854217529297,3111352
2011-12-28,71.57249654719061,72.18553485474423,69.84831456914429,70.49967193603516,5854544
2011-12-29,70.88283108156372,70.88283108156372,67.16627554386507,67.817626953125,2204600
2011-12-30,68.2390819103018,68.89043926000689,66.32332891951278,66.8597412109375,1489596
2012-01-02,67.43447052324474,68.20077297692238,65.94018467650051,67.5494155883789,2346043
2012-01-03,68.5072923187177,71.22765470810242,67.81761589826823,70.99776458740234,2848274
2012-01-04,71.26597681487866,71.87901514351296,69.65674590115778,70.42304229736328,1463473
2012-01-05,70.88283197895193,72.30049201120714,70.19316149569813,71.80239868164062,2073520
2012-01-06,71.95565129320327,72.79857980024337,69.04370543551961,70.34642028808594,3749013
2012-01-09,71.53419494628906,72.07060738278211,70.65294724169708,71.53419494628906,2226415
2012-01-10,71.6491332969045,72.53038091861329,69.9249571185722,72.03228759765625,4772845
2012-01-11,72.7985760261531,72.7985760261531,70.49967470945292,71.03608703613281,2519408
2012-01-12,71.18935176001284,73.02847298531391,70.88282953634597,72.26217651367188,5212314
2012-01-13,73.0284598633341,75.40399303862154,72.79856975147884,73.67981719970703,5099770
2012-01-16,73.56487376609223,75.59557181837938,73.02846147381754,74.82926940917969,4410173
2012-01-17,75.17410398227061,76.09366444260303,74.56106569483202,74.9442138671875,2090183
2012-01-18,75.55726004652735,77.08985883149002,74.33117738354765,74.98252868652344,5042434
2012-01-19,76.47681656958345,80.0784325976915,75.51894305998846,79.61865234375,12617983
2012-01-20,79.69529112067514,81.80261544268774,79.54202698421427,80.46159362792969,5160685
2012-01-23,81.30452214506474,83.14364331579571,79.84854919878607,80.46159362792969,2622107
2012-01-24,79.81022220555501,82.76048058596253,79.58033209950634,82.49227142333984,2784522
2012-01-25,81.26619193852522,82.76047757344898,79.88685135244175,80.80641174316406,3482218
2012-01-27,81.6110539337791,81.84094410708988,79.84855856616275,80.49991607666016,3635572
2012-01-30,80.38496810113604,81.18958367880754,78.2776375492866,78.9673080444336,4618095
2012-01-31,79.46539427855264,80.6148449134064,78.66077883415501,79.61865234375,3232601
2012-02-01,80.38494336896075,84.90611926278663,79.69527308600581,84.40802001953125,5310119
2012-02-02,85.8256831706134,88.46941936402762,84.75285864743017,85.21263885498047,6690985
2012-02-03,85.8256848507098,86.97513539208683,85.2126405230761,86.36209106445312,2948313
2012-02-06,87.66481787528095,87.66481787528095,80.88305268223418,82.30071258544922,5915455
2012-02-07,82.68387154323985,83.6034322233611,81.84094293924555,82.10914611816406,3428743
2012-02-08,81.53440768678567,83.52678682310884,80.80642428393385,82.76049041748047,3825878
2012-02-09,82.03250216590739,86.59199189753232,81.95587615922439,85.40422821044922,4233810
2012-02-10,86.89850693103799,88.12458957867246,83.87161634130746,84.9061279296875,6075302
2012-02-13,84.13983121763103,85.25096888164661,81.7642978201441,82.76049041748047,4619411
2012-02-14,83.29689311203039,83.52678323551471,78.73740364347498,79.84854125976562,7691922
2012-02-15,81.41944998146212,85.5574717395736,80.19336744109066,84.561279296875,10278317
2012-02-16,84.67625516898855,89.3506905415665,84.48467801211514,87.31999206542969,17122608
2012-02-17,88.43111281603011,92.10935474471027,87.51154627551081,90.92158508300781,12275301
2012-02-21,91.38136262805506,92.87565442584432,87.77975286526429,88.50773620605469,7884069
2012-02-22,89.04415195676454,90.34686063265967,84.1398273195457,84.94444274902344,7309434
2012-02-23,84.94444733068815,87.81807401953256,82.79880405023444,85.51917266845703,6176751
2012-02-24,85.90231759386982,87.97133478917873,84.82949902378508,87.20503234863281,3570284
2012-02-27,87.31999151185812,87.70313976482552,82.76050125063938,83.9482650756836,4872405
2012-02-28,84.29309323867601,86.66862674752595,84.29309323867601,85.94064331054688,3888685
2012-02-29,86.7452572299049,90.27024139501938,86.59199309771529,88.04796600341797,11272540
2012-03-01,87.47325594406655,89.8871028353252,87.12842067388675,89.04417419433594,4312687
2012-03-02,89.61887497292004,89.65718797294232,87.35828680462186,87.89469909667969,3542612
2012-03-05,88.89089653146615,89.27404472789615,86.01726385401795,86.97514343261719,1706318
2012-03-06,87.35829562522528,87.81807590531358,82.53060268429813,83.06700897216797,3990495
2012-03-07,82.99038631019779,84.52298528616326,82.03250664916311,83.48847961425781,4093175
2012-03-09,84.40804146183042,85.2509760606952,82.8371233988098,83.25859069824219,3574986
2012-03-12,84.94443659342488,84.98274959165003,81.22787584007217,82.49227142333984,6712050
2012-03-13,83.2202819988042,84.75288107678226,82.33903434833285,82.83712768554688,5800168
2012-03-14,83.90992800917287,84.67623035374326,83.22025771656412,84.17813110351562,4862903
2012-03-15,84.06319245529005,85.21264303049009,82.56890670752999,84.0248794555664,4707005
2012-03-16,84.67624221004735,85.51917066625695,80.46158781230041,80.88304901123047,7346159
2012-03-19,81.22787497584045,81.57271013124453,77.89446847360085,78.62245178222656,3673999
2012-03-20,78.62246791768743,80.19338596748398,77.54964923348615,79.50371551513672,5606138
2012-03-21,79.50371186341002,80.38495942038226,78.62246430643776,79.81023406982422,3475860
2012-03-22,80.19336589486754,80.46157504254691,74.86757469590142,75.94039916992188,3451261
2012-03-23,76.97492773091655,77.0898728120933,75.02086135091179,76.32357025146484,3587776
2012-03-26,76.4001899352324,76.51513499776854,72.5303708103993,73.25835418701172,4083952
2012-03-27,73.5648721437794,74.944212814911,71.72575124893727,73.67981719970703,5244288
2012-03-28,74.33118408723938,75.17411258623748,72.68363403500925,73.33499145507812,4746793
2012-03-29,72.79857489378625,78.69909222043508,71.61081125141642,74.52275085449219,8915160
2012-03-30,76.70671294130737,78.086059873775,76.17030664027264,77.35807037353516,3089550
2012-04-02,77.74122065972507,78.43089106133823,76.40019285936073,76.66839599609375,2517329
2012-04-03,77.08985722866173,78.00941769218996,77.01322517058466,77.81784057617188,3240832
2012-04-04,78.62247272259894,80.1550778603783,76.85998347833815,77.20481872558594,7468508
2012-04-09,77.39637288535259,78.58413636460959,76.47680644090859,76.82164764404297,4419742
2012-04-10,77.16649067500423,80.46158441471059,76.70670437661919,80.07843017578125,4595633
2012-04-11,79.61867396952496,81.07464718858975,76.40021131774569,78.46922302246094,6091678
2012-04-12,78.92899198495192,80.6148551495853,78.4692116726292,79.15888214111328,2612448
2012-04-13,79.92518713986465,80.99800588217107,78.04774676789046,79.0822525024414,2925418
2012-04-16,79.12055508186695,80.04011554318848,78.62245579308505,78.9289779663086,2721440
2012-04-17,79.69529323857144,80.27001861969816,78.54584247631801,79.77191925048828,2786325
2012-04-18,80.42326790571077,82.30070798428264,80.19337777840397,81.72598266601562,3380191
2012-04-19,82.2623895302263,83.71836236667932,81.84092833262503,82.37733459472656,3820640
2012-04-20,82.56892763645712,82.56892763645712,79.2355201234509,80.49991607666016,1711068
2012-04-23,80.69147973036485,81.1129409386356,77.70290191935162,78.04773712158203,1462327
2012-04-24,78.1626754009432,80.6914727227021,78.04773034351547,80.42326354980469,1672204
2012-04-25,80.80642697971612,81.61104247331338,78.81404171857542,81.1895751953125,3267284
2012-04-26,81.76428657550925,81.99417667725203,77.93278084089698,78.354248046875,3399579
2012-04-27,78.69911330287735,79.77193216859398,78.20101991135733,79.46541595458984,1132037
2012-04-30,79.69527366971126,81.22787229027558,79.50369657025999,80.92135620117188,1884978
2012-05-02,81.22789668686556,81.57273193443906,78.5075277143356,78.9673080444336,2668229
2012-05-03,78.20099416035994,78.96729050138576,76.5534443046214,77.16648864746094,4043274
2012-05-04,76.7450280601673,78.27762693319113,75.94041259161862,76.66839599609375,5058516
2012-05-07,76.17030694445405,78.54584047881553,75.09748222140051,77.97111511230469,7468937
2012-05-08,78.23931519376093,78.54583739665534,75.09747927455484,76.05535888671875,2708349
2012-05-09,75.86378856761218,76.05536571892466,74.5227606251253,74.79096984863281,3946886
2012-05-10,74.48442963406951,76.6300726123168,71.07439109081646,74.63768768310547,2942887
2012-05-11,74.331174239118,74.71432240456305,69.65673996395284,71.18933868408203,4578135
2012-05-14,70.88283075375118,72.4920679118782,69.50348981108534,72.03228759765625,3458766
2012-05-15,70.95946333564119,73.94803539956625,70.95946333564119,72.68363952636719,4690463
2012-05-16,71.84070557211501,71.84070557211501,70.42304566056737,70.84451293945312,2053693
2012-05-17,70.49968392540204,71.802398880727,69.08202994756641,69.695068359375,2855350
2012-05-18,69.04369396132849,70.6912437554751,67.8176113798343,69.65673828125,3342330
2012-05-21,69.96326360971929,74.25455018171566,69.96326360971929,73.29667663574219,3196661
2012-05-22,74.29286802666721,74.36950009634519,68.9670815552733,69.27359771728516,5133564
2012-05-23,66.32334185245459,68.50730444399964,66.01682567616959,67.93257904052734,8448430
2012-05-24,68.2007891365501,68.96709177179697,65.71031011576093,68.43067932128906,3589548
2012-05-25,68.20076873656663,69.12032920046668,67.62604344662908,68.3540267944336,2042834
2012-05-28,68.39235169613926,71.38092345915955,68.39235169613926,70.80619812011719,1641299
2012-05-29,71.26597716117628,72.03227961945493,71.03608702952764,71.41923522949219,2049551
2012-05-30,71.18935232547285,72.79858341039349,70.6529399443826,72.53038024902344,3948513
2012-05-31,70.92114076042161,73.18172903606222,70.53798650860828,71.64912414550781,6671180
2012-06-01,71.57250178863178,72.49206234647868,69.96326475404997,71.34260559082031,2825167
2012-06-04,69.7333703347063,70.49967277199686,68.58391970794514,68.89044189453125,2585060
2012-06-05,69.3502233696243,70.0782067599759,68.00919559527713,68.27740478515625,2616157
2012-06-06,68.77549957132398,71.26597804795712,68.66055450406937,70.19315338134766,3329868
2012-06-07,71.18935028026311,71.91733373069614,70.57631190402215,71.4958724975586,2487613
2012-06-08,70.88282953634597,72.87521490265553,70.15484607078099,72.26217651367188,2407202
2012-06-11,73.5648745605836,75.48062757509814,72.99014926206416,73.60318756103516,2780001
2012-06-12,73.5648745605836,74.63769309837015,72.33879190429239,73.60318756103516,3011072
2012-06-13,73.75646684440194,74.25456018608064,71.87902644432366,72.22386169433594,2189318
2012-06-14,72.07060290236274,73.18174071661115,69.6184371094249,70.5763168334961,2875200
2012-06-15,70.61463120722952,72.22386238944125,70.23148294520071,71.72576904296875,3648242
2012-06-18,72.41541653472103,72.95182877776041,69.50347128204851,70.61460876464844,2988704
2012-06-19,70.49967866493715,70.99777195871857,69.08202479288242,69.6184310913086,3838001
2012-06-20,70.15484011320753,71.34260378423247,69.92494997956724,70.921142578125,2562048
2012-06-21,70.99776140965953,72.68362423878672,70.19314602322252,72.30047607421875,3321634
2012-06-22,71.3426035032914,72.79857636339624,70.38472996967877,72.4154281616211,3274719
2012-06-25,72.41542232953378,74.3311753008205,70.49966935824708,72.07058715820312,2899618
2012-06-26,72.72195489658087,73.7181414950375,72.4537456860849,73.37330627441406,2297380
2012-06-27,75.09747374685436,76.28524340917349,74.40780338486879,74.98252868652344,4035324
2012-06-28,76.17031102618404,76.28525610564576,75.13580531102856,75.78716278076172,5049510
2012-06-29,76.6300795376728,80.84473382136956,76.28524435241623,80.231689453125,8493200
2012-07-02,81.2278987263953,81.38116287917651,79.19720019802406,80.00181579589844,3753367
2012-07-03,80.9979977748609,80.9979977748609,79.3504537893778,79.81023406982422,3505799
2012-07-04,80.3849535743608,81.38114612899622,79.00561283333451,80.231689453125,3337034
2012-07-05,80.23167985481703,81.22787229027558,79.58032862171021,80.92135620117188,2234529
2012-07-06,80.84474588858036,80.99800397434275,78.73741540300873,79.42708587646484,1806858
2012-07-09,79.31211729275442,79.31211729275442,77.05153544971272,77.6645736694336,2460887
2012-07-10,76.89828070636453,78.16267635347809,76.55344552987903,77.70289611816406,3238376
2012-07-11,76.8982861299648,77.39638545891849,76.17030272548968,76.66839599609375,2971927
2012-07-12,76.24692906950405,77.97111113953635,75.86378086413555,77.28144073486328,3050119
2012-07-13,77.24312321939267,77.66459049457784,75.25074402991238,75.55726623535156,2708572
2012-07-16,75.36568659972036,76.01704399279143,73.48824648391243,73.90971374511719,3245230
2012-07-17,73.986348875147,75.09748051965592,72.79857910570672,73.33499145507812,3164251
2012-07-18,72.79857523850906,75.86377898039518,72.79857523850906,75.5189437866211,2603563
2012-07-19,76.63008754160091,77.62628020028757,76.20862025170464,77.24312591552734,2760480
2012-07-20,76.668388338741,76.93659750703588,75.71051489606363,76.28524017333984,1172687
2012-07-23,75.86378856761218,77.01323935878659,74.33118953216305,74.79096984863281,2274485
2012-07-24,75.4895712143779,75.99413261863168,74.51927073511261,75.25669860839844,1705632
2012-07-25,75.29552233246129,75.52839496173486,73.54897761290944,74.71334075927734,1810266
2012-07-26,74.5192708668952,75.06264232745733,71.45311079144503,72.22935485839844,4394550
2012-07-27,73.58778097246093,74.90739037255355,72.96678939658456,73.5101547241211,1415831
2012-07-30,73.82067214454328,77.00326934650174,73.82067214454328,76.42108154296875,1650854
2012-07-31,76.8480126285528,77.23613167283689,75.1790939874877,76.26583099365234,1983362
2012-08-01,76.61513958147798,77.62425645577719,73.93710407467694,77.50782012939453,2083966
2012-08-02,77.62425040705402,78.01236941910322,75.5283966954817,76.07176208496094,1125142
2012-08-03,75.6836276935393,75.87769022860329,74.4416385156342,75.52838134765625,1106343
2012-08-06,76.61513064510531,76.80919321209053,75.14026863730308,75.45076751708984,969950
2012-08-07,75.52839352855831,76.84800302375255,75.29552090370358,76.69275665283203,1352817
2012-08-08,77.31374732690266,77.62424620189014,75.68363897287702,76.18819427490234,4168002
2012-08-09,75.29550933282763,78.40047923272392,74.94620044922482,78.0511703491211,5244687
2012-08-10,77.70185716744203,78.36166489773339,76.53750033149089,77.62423706054688,1883623
2012-08-13,77.85710723595244,78.94384393124136,76.84799064514685,78.28404235839844,2100530
2012-08-14,78.40050639038313,78.63337906011796,77.23613690475996,78.2064437866211,1429876
2012-08-16,78.20642448225898,79.29316129378988,78.05117811973957,78.59454345703125,1585257
2012-08-17,79.95296628829982,79.95296628829982,73.6654059765539,75.48957061767578,3394143
2012-08-21,76.07176589237262,77.62425429216816,74.9462188600116,77.46900177001953,1596167
2012-08-22,76.92562289996074,77.19730556078406,75.68363362472329,76.49868774414062,1772077
2012-08-23,76.0717583437467,78.08999183582121,76.0717583437467,77.19731140136719,1989556
2012-08-24,76.8480071192867,77.15850601462337,76.07176294941914,76.30464172363281,971875
2012-08-27,76.80919805904092,77.00326063827222,74.82978061650591,75.1014633178711,938183
2012-08-28,74.82977879162426,77.35256771231441,74.82977879162426,76.07176208496094,6793251
2012-08-29,76.45989166289922,78.59455555824248,76.45989166289922,76.96444702148438,7580637
2012-08-30,77.3137575397739,78.6333733300764,76.11058421280268,77.50782012939453,9472245
2012-08-31,77.46900240893727,77.81831751817839,76.61513807787148,77.23612976074219,2344597
2012-09-03,77.62423963711089,78.16761108814843,75.450759969908,75.72244262695312,1860439
2012-09-04,76.03294608849608,76.42106507024252,70.17231448352314,74.82977294921875,1330461
2012-09-05,74.985025968207,74.985025968207,73.00560855284861,73.78185272216797,1755287
2012-09-06,73.78182928014918,74.6356932992464,73.43252043548037,74.01470184326172,1162262
2012-09-07,75.2955187949398,75.45076516151242,74.28640206984844,74.5969009399414,1479922
2012-09-10,74.94619209571188,75.14024847367482,73.82063932835251,74.01470184326172,1736056
2012-09-11,73.97589454176227,74.2475833226511,73.31609295833971,73.82064819335938,3293904
2012-09-12,74.13115759297165,74.5192765877707,73.7430324612247,74.16996765136719,2245714
2012-09-13,74.13116652765464,74.20878665380091,73.51016869679272,73.97591400146484,1617097
2012-09-14,74.9073906621313,77.00325027982964,74.9073906621313,75.76126098632812,8320677
2012-09-17,76.84800590780071,78.2064316494167,76.4986969574093,77.04206848144531,4785653
2012-09-18,77.23612107391882,77.62424620189014,75.83888534189686,76.18819427490234,3773913
2012-09-20,75.68362889299604,77.39136327256186,75.29550995366394,76.57630920410156,1778839
2012-09-21,76.61512205868223,81.11732769475272,75.87769420590021,79.68128204345703,16466187
2012-09-24,80.72922292182605,83.25201190525165,78.8274256005113,80.14704132080078,8315303
2012-09-25,82.12646078575212,82.82507872417827,79.60367174023044,79.99179077148438,4385299
2012-09-26,79.95298351213596,79.95298351213596,78.05119221429283,79.79773712158203,3579073
2012-09-27,79.64246516775894,85.85240519247428,78.59453847899478,81.15614318847656,15969826
2012-09-28,82.86387439698895,84.76567143486946,82.70862803883544,83.01912689208984,5178219
2012-10-01,82.43694716964059,83.05793875269957,81.54426678272344,82.32051086425781,1661549
2012-10-03,82.28169294539595,83.4072459194714,81.31139246653963,81.50545501708984,3714574
2012-10-04,82.28169484097151,82.8250663128617,80.84564911726947,81.07852172851562,12419495
2012-10-05,81.93239071206375,82.86388121148272,65.670110893777,80.72921752929688,8368927
2012-10-08,79.91416121907797,80.30228020454136,78.40048919773866,78.63336181640625,4193109
2012-10-09,78.98268066477894,80.7292255241551,78.98268066477894,79.48723602294922,4987103
2012-10-10,79.17672035751053,79.33197284789853,77.50780211294362,77.70185852050781,3373208
2012-10-11,78.32285203545072,79.48721496659226,77.50779798365166,79.0602798461914,3004569
2012-10-12,78.67216946365559,80.26346768811543,75.91650818152945,79.56484985351562,2553347
2012-10-15,79.64248054144508,80.69041356944285,78.78861623142465,80.45753479003906,1862149
2012-10-16,80.18583689300337,81.38901607568378,78.43929240551294,78.94384765625,2094081
2012-10-17,79.37079868277878,80.92328707364621,79.25436236031113,80.69041442871094,3608046
2012-10-18,81.35021806577704,83.6013244440557,81.00090909021124,83.05795288085938,5911073
2012-10-19,83.44605597480249,83.44605597480249,81.42782876948029,81.50545501708984,3263037
2012-10-22,80.72921740147773,82.98031739252676,80.72921740147773,82.51457214355469,1449681
2012-10-23,81.69951980085304,82.28170137520112,81.23377454137456,81.81595611572266,913823
2012-10-25,81.58307512775202,82.47575549594617,81.38901871414919,81.50545501708984,5049766
2012-10-29,81.8159454501773,83.2519972376639,81.54426279654747,82.70862579345703,2273345
2012-10-30,82.59220026050278,83.56250083876692,81.3890270524994,81.81595611572266,1930744
2012-10-31,81.42783047734066,82.8638761980791,81.31139417195787,82.32051086425781,1489890
2012-11-01,82.66982330428573,82.9803160405765,81.50546020082585,82.43695068359375,3495366
2012-11-02,83.05794167883798,83.4072506072925,82.16526126047162,82.6698226928711,1505332
2012-11-05,82.35933048067295,82.98032213581664,81.35021367123475,81.89358520507812,1406745
2012-11-06,81.19495859978974,82.78625683337346,81.19495859978974,82.6310043334961,2081084
2012-11-07,81.5054636389897,82.01001895945681,80.10822171894988,80.57396697998047,3299839
2012-11-08,79.95297421278585,79.95297421278585,77.66305799947561,78.98267364501953,2780708
2012-11-09,79.21554533586749,80.72921739490344,78.20642858419423,78.47811126708984,3241861
2012-11-12,78.86623106657234,79.17672378690233,76.92562394824628,77.27493286132812,2116615
2012-11-15,78.59452851239325,78.59452851239325,77.08085682057208,77.81829071044922,2956519
2012-11-16,77.5854364729005,78.01236552375255,76.4598834161269,76.92562866210938,2722129
2012-11-19,77.15849426373762,77.58542941268675,74.71333194483746,75.1790771484375,2697119
2012-11-20,75.37315454311758,76.80920674532408,75.21790814434485,76.42108154296875,4293260
2012-11-21,76.4986979421952,78.36167903493201,75.68364371412282,78.08999633789062,2008729
2012-11-22,78.40048285339343,78.71097556185927,76.88680481759665,78.43929290771484,2003581
2012-11-23,78.78861937716997,79.48723733242954,77.70187624435601,79.29317474365234,1342305
2012-11-26,79.64247769317149,80.57396822968006,79.48723131606944,80.10822296142578,2224267
2012-11-27,80.34110193321717,81.1173461538573,80.06941921762001,80.30229187011719,2313761
2012-11-29,80.34108753580303,82.74743989269632,80.34108753580303,82.32051086425781,5278014
2012-11-30,82.4369489963032,84.22230367275041,82.20407638037759,83.6789321899414,2552474
2012-12-03,83.83417763644641,84.22229658467614,82.59218841038526,83.44605255126953,1362374
2012-12-04,83.44606602438745,87.05559798719864,83.05794701349241,86.66747283935547,4591292
2012-12-05,87.83182851289527,87.83182851289527,83.29081253888307,83.64012145996094,8415761
2012-12-06,83.64013003447603,84.92092954306494,82.0488316296707,84.41637420654297,3719050
2012-12-07,85.77478624207737,86.08527895164,84.61041710190209,85.23141479492188,3903553
2012-12-10,85.65833924477496,86.04646431648726,83.56248595053755,84.61041259765625,2184932
2012-12-11,85.46429293537332,85.61953930021772,82.47575898772185,83.4072494506836,4165753
2012-12-12,83.75655953574703,83.8341857877195,82.12645120295926,82.6698226928711,4814271
2012-12-13,83.05794775841635,83.29082039443156,81.54427562431742,82.12645721435547,2546674
2012-12-14,81.93240620745823,82.51458787969969,80.92329540020575,81.27259826660156,5188581
2012-12-17,81.35020769573268,82.9803160405765,80.88446245434872,82.43695068359375,2212495
2012-12-18,83.05794364633807,83.32962632925582,82.24288946063695,82.51457214355469,1874926
2012-12-19,82.74745744425208,83.48489162605847,82.32052832525767,83.17439270019531,2308342
2012-12-20,83.25200530541831,83.98943322927435,82.35932487563103,83.7177505493164,1725164
2012-12-21,83.44606258433453,83.44606258433453,81.58308158972248,82.24288940429688,2839536
2012-12-24,82.43696465533776,83.44607542473256,82.04883946377161,83.17439270019531,2338474
2012-12-26,82.9803181281821,84.72686282731121,82.66982538408,84.53280639648438,2573002
2012-12-27,85.11498858610206,85.30905115529782,83.484880188312,84.29993438720703,4337907
2012-12-28,84.76567145103873,85.30904291010071,84.29992623954199,84.80448150634766,2094802
2012-12-31,84.29992109477114,85.93002923552525,84.29992109477114,85.65834045410156,1855992
2013-01-01,86.31816667053275,86.86153821285738,85.81361132641238,86.47341918945312,2104064
2013-01-02,86.93915557861328,87.21083825350883,86.5122204006794,86.93915557861328,1949486
2013-01-03,87.32726828668139,87.3660783411781,85.1925986873642,85.50309753417969,1665263
2013-01-04,85.38665578219094,85.9688372472083,84.22229285215624,85.54190826416016,1408714
2013-01-07,85.77479290458591,85.77479290458591,84.22230468839506,84.4551773071289,1614341
2013-01-08,84.53279758111294,85.38666174377175,83.75655352791121,84.99854278564453,1215570
2013-01-09,85.38666234110441,86.04647009778901,84.33873562357746,84.76567077636719,1677989
2013-01-10,84.88211948239348,85.6195474568407,83.91181273307275,84.41637420654297,1186942
2013-01-11,84.4551767715463,84.7268594460303,82.66982208489138,82.90269470214844,1800251
2013-01-14,83.13557207940566,83.36844470999606,82.2040815570441,82.55339050292969,2220008
2013-01-15,82.74744046378744,84.3387386939838,81.89357626406985,83.87299346923828,4213869
2013-01-16,83.8341912861552,84.2999365546414,81.93239401520441,82.35932922363281,1521785
2013-01-17,82.51456324832303,82.98030844708686,81.54426279654747,82.70862579345703,1926688
2013-01-18,82.82506951507172,84.4551778568185,81.85476897634788,83.95062255859375,2164562
2013-01-21,84.06706721239033,84.72686894395095,83.0967604404156,84.26112365722656,1341868
2013-01-22,84.26112069362364,84.45518326858276,82.35932955203766,83.36844635009766,2114960
2013-01-23,83.52367698462126,85.85240289739936,82.47575032387113,85.38665771484375,2816842
2013-01-24,85.42545762075069,85.77477260312214,82.28167801192409,83.5624771118164,1877227
2013-01-25,82.98031733568152,83.09675364784478,81.89358046780713,82.24288940429688,3611744
2013-01-28,82.55339661076064,82.98032570713129,82.0100250535316,82.28170776367188,1429709
2013-01-29,82.28169756995646,83.71774947823465,82.12645120295926,82.6698226928711,1282785
2013-01-30,83.05794505186327,83.05794505186327,79.99178468627898,80.26347351074219,1980294
2013-01-31,80.18584589216432,80.18584589216432,77.93474590129861,78.47811126708984,4132221
2013-02-01,78.47811637509633,80.06941479151217,78.47811637509633,79.40960693359375,5290574
2013-02-04,79.9529702400571,80.37990541439561,77.62424408357005,77.85711669921875,1282765
2013-02-05,76.88680190078844,78.74978876564471,76.3046265602638,76.57630920410156,3275195
2013-02-06,76.92562582320217,77.8959263375412,76.38225434395956,76.8479995727539,3606992
2013-02-07,76.84799679490725,77.0808694008867,74.98501594707153,75.25669860839844,3550916
2013-02-08,75.29552809295913,75.99414603422777,74.40284756679974,75.4119644165039,3583407
2013-02-11,75.91650734666051,76.34344250875893,74.1311527235219,75.76126098632812,4343164
2013-02-12,75.29551757304985,75.76126280215738,74.67451984294142,75.0626449584961,1345520
2013-02-13,75.10146131167784,75.45077026279407,72.65629865386424,73.00560760498047,2480936
2013-02-14,73.00559885947395,73.97589933957958,72.07410843474936,73.74302673339844,3140302
2013-02-15,73.16085186759473,75.29552170957538,73.16085186759473,74.94621276855469,1990309
2013-02-18,75.56720502096447,75.60601508019406,74.0535329306862,74.71334075927734,1316953
2013-02-19,74.71332220333132,75.29550363192355,74.16995082432973,75.14025115966797,1597629
2013-02-20,75.56719275468735,75.95531169482676,74.98501127600473,75.60600280761719,1579223
2013-02-21,75.45075510624127,76.3046253509653,75.02381998387926,75.52838134765625,3323998
2013-02-22,75.64484123144335,76.45989554116429,74.5192879961791,75.56721496582031,2534114
2013-02-25,75.56720761432675,76.73157080065398,75.2955249164998,76.30464172363281,1942235
2013-02-26,75.99415022132375,76.61514193546152,75.45077863586017,75.56721496582031,1341396
2013-02-27,76.11056418044015,76.18818428629982,74.82976492733836,75.60600280761719,2903506
2013-02-28,76.14939614037438,76.80920405168024,72.30699727567026,73.27729797363281,5877090
2013-03-01,73.1220520366575,76.30464914686705,72.15174519569048,75.56721496582031,3524405
2013-03-04,75.25669801353705,76.22700462208002,74.6745165031902,75.48957061767578,3375327
2013-03-05,75.95532799847557,76.8480085030499,74.36403570647356,76.65394592285156,2092487
2013-03-06,76.88681214091334,77.35256352186848,76.07175796390051,76.18819427490234,1982397
2013-03-07,76.653942320157,77.19731383700517,75.48957916758812,75.994140625,1458872
2013-03-08,76.07175889525412,77.00325553162098,76.07175889525412,76.69275665283203,871245
2013-03-11,76.8091874908676,78.86623090945626,76.30463221862593,78.51692199707031,2042613
2013-03-12,78.16762415422853,78.67217949792175,75.9941441237184,76.11058044433594,2988567
2013-03-13,76.11057828202956,76.45988723395828,75.64483301279127,76.07176208496094,2740903
2013-03-14,75.83888543791865,78.5945468474336,75.72244912676939,78.16761779785156,3739569
2013-03-15,78.36166616041986,79.64246545124617,78.2064198071809,78.94384765625,2467639
2013-03-18,78.24524294287939,78.36167926151211,76.11057914692887,76.30464172363281,1794431
2013-03-19,76.26582465945961,76.5375134911474,75.95532576765137,76.07176208496094,3899360
2013-03-20,75.83886891610673,76.73154915275954,75.72243263032361,76.38224029541016,3961688
2013-03-21,76.42106955936514,77.9347477920723,72.88917004824319,73.47135162353516,2206858
2013-03-22,73.19967333940016,75.87770874691456,73.0444208186801,74.3640365600586,1881917
2013-03-25,74.98501699491884,75.72244487850955,73.35490873028331,74.24758911132812,1668319
2013-03-26,74.09234963287365,74.55809493317851,73.1220489695547,73.66542053222656,1947110
2013-03-28,73.66541119049866,75.29551953484683,72.61747826075562,74.90739440917969,1869705
2013-04-01,74.86858490533284,75.21789383884908,73.7818480467094,74.40283966064453,912486
2013-04-02,74.05354026455974,74.86859454773597,73.66542122298252,73.97591400146484,1701861
2013-04-03,74.86858775637077,78.71098617137002,73.89828717196981,74.48046875,5507803
2013-04-04,74.44165443598862,75.37314498439257,73.58779014560108,73.78185272216797,2384335
2013-04-05,73.4325299270812,74.5192666497583,73.39371373691438,73.85945892333984,1814933
2013-04-08,73.89827908801503,75.48957113592262,73.74302659289181,74.98501586914062,1452476
2013-04-09,75.29550988492197,75.52838247569802,72.96678397716143,73.54896545410156,1490910
2013-04-10,73.66541640361747,74.13116167781945,72.96679849231451,73.78185272216797,1832649
2013-04-11,74.05353513753487,74.44165415224104,72.57867306253424,73.04441833496094,2413314
2013-04-12,72.81152284254942,74.24757440637426,72.77271279434609,74.01470184326172,1213186
2013-04-15,74.16997565411093,74.16997565411093,72.65630343304113,72.92798614501953,1426473
2013-04-16,76.57631105806523,77.23611265720933,74.44164149768942,74.63570404052734,5151217
2013-04-17,74.75214820306267,75.17908338744255,73.08322366036272,73.39372253417969,1934512
2013-04-18,73.31611155699791,73.89829318237899,73.0444227071877,73.66542053222656,1887738
2013-04-22,73.58778675665965,74.36403089023061,73.58778675665965,74.20877838134766,1631884
2013-04-23,74.09233074128102,74.32520333205707,73.1608403781768,73.54896545410156,2623606
2013-04-25,73.43254852294922,74.4416592577843,73.12204960771994,73.43254852294922,4162929
2013-04-26,73.43254572804923,74.51928268456673,73.35491946795928,73.62660217285156,3893856
2013-04-29,73.43254857064645,74.51928556923187,73.43254857064645,73.97591400146484,1746477
2013-04-30,74.16996249264113,74.59689765308909,72.69510059586882,73.5101547241211,2560242
2013-05-02,73.43255050390995,74.24760480854415,72.88917892183754,73.27729797363281,4467349
2013-05-03,73.04442528163135,73.70423319263429,72.57867996491133,72.73393249511719,3089996
2013-05-06,73.12204325064354,73.35491588258289,72.1517365262642,72.966796875,2935251
2013-05-07,73.7430390992837,73.7430390992837,72.77273845646947,73.1220474243164,6079864
2013-05-08,73.74304041790326,73.78185661743485,72.77273975773882,72.92798614501953,2148757
2013-05-09,73.19967499394647,73.43254764334182,72.57867717092651,72.92798614501953,5891440
2013-05-10,72.73392424306066,73.35491588258289,72.73392424306066,72.966796875,1181936
2013-05-13,73.16085369049576,73.39372632364523,71.99649052474844,72.26817321777344,1003558
2013-05-14,72.26817284223388,73.35491588258289,71.41430857077229,72.966796875,2613836
2013-05-15,72.92798067837805,73.6265985741961,72.61748179014289,72.966796875,3188582
2013-05-16,73.08322190826512,73.27728446686675,72.11292138915228,72.3069839477539,2674418
2013-05-17,72.3846145841142,73.12204873183184,72.34580452153115,72.92798614501953,2933380
2013-05-20,73.08322898400138,73.5101641994807,72.30699094833675,72.53986358642578,1728769
2013-05-21,72.53985144872706,73.43253179101713,71.64717110643701,71.91885375976562,2525049
2013-05-22,72.19056179276848,72.38461825246677,70.24995423714373,70.52163696289062,1450903
2013-05-23,70.44400355103305,70.59924991690855,68.03765112675049,68.30933380126953,2453570
2013-05-24,68.4645718371963,71.29785909410067,67.5330814813805,71.02617645263672,4739969
2013-05-27,71.02620348406545,71.6083851780193,70.28876924709105,71.18144989013672,1160943
2013-05-28,71.02618529939598,71.37549422633553,70.32756744551686,70.56044006347656,2729248
2013-05-29,70.56044544427574,70.59925550457936,69.47370238629244,69.97826385498047,2512624
2013-05-30,70.2499465510022,70.94856445815653,69.51251858354425,69.97826385498047,3854167
2013-05-31,69.82300907744074,71.33668116056194,68.96914481979094,69.39608001708984,3165764
2013-06-03,69.08557238138842,69.35725503418738,67.96001944216897,68.34814453125,1769831
2013-06-04,68.309335468045,69.66776114768177,68.1152790402025,69.1243896484375,2442775
2013-06-05,69.31845852375241,69.59014122963373,68.4257780087875,69.0467758178711,1002277
2013-06-06,68.58102133052668,69.04676655639317,68.23170627417923,68.5033950805664,1844505
2013-06-07,69.08557668303295,69.3184492962026,68.4645789566155,68.77507781982422,2060126
2013-06-10,69.16321184575257,69.39608448893124,67.76596984973223,68.03765869140625,1410095
2013-06-11,67.53307843263289,68.07644982797753,62.75919057459171,63.923553466796875,4304804
2013-06-12,63.92357420566413,64.62219216764142,61.63365772908906,61.944156646728516,2770627
2013-06-13,61.905338523517756,62.64276645283364,59.92591508534758,60.66334915161133,2526512
2013-06-14,61.71128146163242,63.14732739003637,60.8574171443312,62.87564468383789,2914123
2013-06-17,62.91443691457018,64.23405228370048,62.332255468467594,63.923553466796875,1511494
2013-06-18,63.7295049646329,65.28199325387415,62.17702281233968,64.66099548339844,3489291
2013-06-19,64.4669278320334,65.04910930495619,63.38018499127956,64.27286529541016,2148545
2013-06-20,63.18614291680442,64.38931618797243,62.33227247163507,62.83683395385742,4131800
2013-06-21,62.87565577494393,65.90300068669413,62.60397302082131,63.26377487182617,4079430
2013-06-24,63.26376119323773,64.4281243690809,62.60395948489203,63.807132720947266,3472389
2013-06-25,63.65187918894291,64.07880821413491,61.478399459343045,62.448699951171875,5699546
2013-06-26,62.2546435349746,63.53544288444555,62.06058098182984,62.448699951171875,4372808
2013-06-27,62.87564307083467,64.00119620240798,62.64277043236766,63.18614196777344,3571334
2013-06-28,63.03088264230823,67.26140587544833,62.8756362790825,66.9897232055664,3991163
2013-07-01,68.81390380859375,69.08558651698166,67.84359702430403,68.81390380859375,3394145
2013-07-02,67.64952559862857,68.30933338927844,66.95090775098082,67.30021667480469,2214744
2013-07-03,66.91209133122899,67.14496392496744,63.65187501889086,64.07880401611328,1984101
2013-07-04,64.42812348825046,66.8344760644106,64.42812348825046,66.40754699707031,3164966
2013-07-05,66.83447326921822,67.99883638044608,66.21348165554598,66.60160064697266,1242170
2013-07-08,66.29110494050941,66.64041385823789,65.47605079914293,65.98060607910156,4280415
2013-07-09,66.1746743650854,67.1449749527065,66.05823804909294,66.40754699707031,2228951
2013-07-10,66.4463379457018,67.88238338426267,66.4463379457018,67.06732940673828,1721675
2013-07-11,67.53308909893835,69.04676723482497,67.53308909893835,68.54220581054688,1066300
2013-07-12,68.54219870068404,69.78418789868276,66.9897168058959,69.55131530761719,1600520
2013-07-15,69.3184492962026,70.40518611201178,68.4645789566155,68.77507781982422,1204870
2013-07-16,67.45547464687594,69.7065747373074,67.33903832949245,69.24082946777344,1114268
2013-07-17,69.86183108564268,70.87094180037853,69.240833267553,70.63806915283203,2799262
2013-07-18,70.71569104242639,72.53986204774655,70.6380647857272,72.26817321777344,1889133
2013-07-19,72.1905390112414,72.2681591158462,70.44399460342946,71.80241394042969,783655
2013-07-22,71.80243079805112,72.77273756594003,71.72481067522283,72.61748504638672,1375164
2013-07-23,72.77273025671896,73.58778442319132,72.77273025671896,73.35491180419922,1488996
2013-07-24,72.96678939859778,73.89827983091179,71.18142864536429,71.72480010986328,1574083
2013-07-25,71.45310678424921,71.45310678424921,68.11527037112988,69.59012603759766,1855657
2013-07-26,70.14056304348969,71.63458985548317,69.59013080397771,69.94398498535156,1368705
2013-07-29,70.76963087630212,71.20210758147186,68.9610704515607,69.35423278808594,1021639
2013-07-30,69.43286184260609,69.98329404032782,67.62430778822439,67.93883514404297,1108615
2013-07-31,67.54567886868816,69.7867160081762,67.19183089929531,69.23628997802734,2824236
2013-08-01,69.31493268430296,70.17989870603726,68.13543921529676,69.19698333740234,1736897
2013-08-02,69.11833027482078,69.11833027482078,66.05164805813946,66.44481658935547,4490181
2013-08-05,66.0516586303711,67.2311519794229,64.40036794169856,66.0516586303711,4280787
2013-08-06,65.30464517512767,65.38328013359542,53.54902039384335,56.14390563964844,15698043
2013-08-07,55.43621005154656,61.333682777258545,53.98150371821996,60.5473518371582,9560536
2013-08-08,60.23282002464131,61.60889765692301,58.97469794277214,61.09778594970703,2743769
2013-08-12,61.3336753578122,61.412310307317995,58.97468903956807,59.32853698730469,2448285
2013-08-13,58.97469556266257,60.508036839121615,57.75588168563011,60.07555389404297,1603097
2013-08-14,60.07555200568093,61.72684255919315,59.5644403351583,61.490943908691406,2392142
2013-08-16,60.940524418638105,61.25505184198405,57.087510640750125,57.75588607788086,4934632
2013-08-19,58.581531017110294,59.68239564089307,57.55930757363298,58.93537902832031,3809201
2013-08-20,58.97469349680901,59.367855840666806,57.48066664343987,57.83451461791992,4161773
2013-08-21,58.77810488758393,60.311445997401755,57.00886514548644,58.188358306884766,4345024
2013-08-22,57.795200321040205,59.68238952063442,57.441346129422826,58.6994743347168,3475539
2013-08-23,59.4071730376909,61.72684527525795,58.14905099078483,61.37299728393555,3863043
2013-08-26,62.12001558083291,64.28241796010937,60.468718692078525,61.09778594970703,3293891
2013-08-27,61.21572968387726,61.962739990199644,58.07041233352614,58.54220962524414,3129473
2013-08-28,58.18835907266315,61.33367628334978,57.00886589574229,60.625980377197266,4029361
2013-08-29,60.743938742491764,61.68753342457366,59.839658433265285,60.468719482421875,4400049
2013-08-30,60.232820710957355,60.3114556732304,57.40203666945579,59.64307403564453,2738145
2013-09-02,59.83965504405506,60.46871605758277,58.070415115358074,58.38494873046875,6158184
2013-09-03,58.542205671645455,59.407165242483025,55.90800015965658,56.57638168334961,4501779
2013-09-04,56.537075070073755,57.95246704373029,55.8686934547269,57.402034759521484,5561490
2013-09-05,58.26699337348461,58.73879063899084,56.812280993711724,57.048179626464844,8898765
2013-09-06,58.10972523297513,58.10972523297513,54.80714427445444,55.67210388183594,10015484
2013-09-10,56.02595654860857,57.16613547611923,55.947327806500056,56.93023681640625,7243051
2013-09-11,57.63793913899732,59.36786490618068,57.048192424809166,57.91315841674805,13298039
2013-09-12,58.97469027413065,62.198636237655975,58.935369690208134,60.31144714355469,7270187
2013-09-13,60.46872795704842,62.08070450375308,60.46872795704842,61.64822769165039,3197315
2013-09-16,62.395217007239786,63.14222724285495,59.48579857813462,59.95759582519531,2874420
2013-09-17,59.95759521897764,60.508027407214065,58.699467167305535,59.44648361206055,1830086
2013-09-18,59.603758501172855,61.88411641240075,59.44649479638584,61.45163345336914,3306045
2013-09-19,63.024292524244416,65.7371273229951,62.00206906338087,65.38328552246094,5010483
2013-09-20,66.52344358600193,66.8379771594269,62.31658268530081,64.71488952636719,5130118
2013-09-23,64.47900081225511,65.89439278520388,61.76616619743663,62.12001419067383,3078270
2013-09-24,62.12000845065197,64.00719757353667,61.56957621757953,63.57471466064453,3136669
2013-09-25,64.99010206359819,65.10805137572184,63.18154801659972,63.967872619628906,4194854
2013-09-26,64.36105785358035,65.26533200358972,63.53541245427954,64.83285522460938,3239278
2013-09-27,64.75420571333947,65.69780024346514,63.84992554973803,64.20377349853516,2218083
2013-09-30,64.12514530979624,64.32172336077903,62.98496650398528,63.810611724853516,1928783
2013-10-01,63.69266053484425,64.20377215574165,60.94051195176866,61.21572494506836,4507598
2013-10-03,61.56957469678258,64.0465103593873,61.490939746373634,63.810611724853516,2498259
2013-10-04,64.0858351118659,64.20378444824743,61.53026408470157,63.69267272949219,2724394
2013-10-07,63.61403686912054,64.6755808815821,62.47386411130965,64.36105346679688,1931372
2013-10-08,64.55761793198022,66.72002609023075,64.55761793198022,66.13027954101562,4097736
2013-10-09,66.28755661848494,67.6243198781258,65.65849557769118,67.5063705444336,4308416
2013-10-10,66.95593802273268,67.62431965030136,65.65849535648955,65.8550796508789,3654059
2013-10-11,66.68071662200556,66.91661525901291,63.69266307545037,64.28240966796875,4408307
2013-10-14,64.47900371093368,64.83285172007825,63.37813909357677,63.69267272949219,2227137
2013-10-15,64.085834509109,64.40036814206609,62.12001639903577,62.35591506958008,2380201
2013-10-17,62.90633392519948,63.69266480885513,61.60889138634897,62.00205993652344,2691918
2013-10-18,62.12001569873652,63.06361037027631,62.12001569873652,62.78839111328125,3072835
2013-10-21,62.78839221671907,63.49608823281089,62.59181413448959,62.906341552734375,2362486
2013-10-22,62.51317955503851,64.83285191646642,62.51317955503851,64.47900390625,3271176
2013-10-23,64.71488480083872,65.97300656928398,63.49607117824863,64.32171630859375,3510617
2013-10-24,64.32173368046428,65.50122704236938,63.37813899094019,63.73198699951172,1957810
2013-10-25,63.45677133427847,64.00720361934204,62.670440386572494,62.94565963745117,1610095
2013-10-28,63.33882555094808,64.00720720477295,61.7268491936971,62.198646545410156,1826326
2013-10-29,62.59181285405495,64.08583360188975,62.002066186042825,63.88925552368164,1674906
2013-10-30,63.06361207463189,64.28241981941227,62.670443473068595,63.37813949584961,1567148
2013-10-31,63.45676783746899,65.10805838497089,62.78838625791564,64.5969467163086,5044481
2013-11-01,64.08582339812554,65.26531654635053,63.96787408330304,64.87215423583984,1857738
2013-11-05,64.4790073464937,66.56278114562265,64.16447369284374,65.61918640136719,2553090
2013-11-06,65.65848239538997,67.467036410001,65.1080502097724,66.0909652709961,3746710
2013-11-07,66.28755698376102,66.75935432112965,64.20378333815164,64.43968200683594,2074973
2013-11-08,64.47900599941575,65.14738145150358,64.04652301176918,64.75421905517578,1306408
2013-11-11,64.71489913899077,64.79352788150676,62.90633859402319,64.16446685791016,1862732
2013-11-12,64.67558264190367,64.75421760608724,62.12001779792074,62.198646545410156,2305678
2013-11-13,62.12001558083291,62.31659365923464,60.94052224364686,61.09778594970703,1800814
2013-11-14,62.120010746671326,63.14223408155416,60.86188254601541,61.805477142333984,4506260
2013-11-18,62.4345518948866,62.82772054113598,61.09779466104522,62.04138946533203,3045228
2013-11-19,62.15933881586788,62.473872489528425,61.72685579167149,62.04138946533203,2091783
2013-11-20,62.39521530564757,63.37812413798798,62.12000232459848,62.47385025024414,3209698
2013-11-21,62.51317443748307,62.63112376456612,60.58666461733092,60.78324890136719,2338846
2013-11-22,61.294364829243534,61.333685418792946,60.19350643904599,60.468719482421875,2095823
2013-11-25,60.62598426241616,61.84479188444403,60.272136286663546,61.490943908691406,1888320
2013-11-26,61.333683300859164,61.80548062560832,60.82256538791839,61.05846405029297,2202579
2013-11-27,60.62598861483261,61.333684617144236,60.62598861483261,61.09778594970703,1161138
2013-11-28,61.176412917342056,62.31658551650962,61.176412917342056,61.41231155395508,3385243
2013-11-29,61.80548375608387,63.02429150118776,61.45163574459945,62.513179779052734,2059573
2013-12-02,63.10291446809831,63.61402609306375,62.23795489891997,62.86701583862305,1785033
2013-12-03,62.78839221671907,63.77130749464263,62.198645536642545,62.906341552734375,3614976
2013-12-04,62.86702756525493,65.06875058994403,62.70976385516788,64.47900390625,5794677
2013-12-05,65.61917867117774,66.48413834595155,65.14737513793584,65.65849304199219,6827015
2013-12-06,66.05166131409048,70.691006153323,65.65849892066345,69.51151275634766,11449948
2013-12-09,71.47732596501206,72.8140828667111,69.51150187229548,70.02261352539062,5260740
2013-12-10,70.61236679292055,70.61236679292055,68.09611644155379,69.00039672851562,3221920
2013-12-11,68.48927948256141,69.19697548364265,67.34910051969926,67.54568481445312,2266193
2013-12-12,66.13028102806261,71.90979734033256,66.13028102806261,70.17987823486328,13637404
2013-12-13,70.29782691800268,70.29782691800268,68.25336804192564,68.56790161132812,5799770
2013-12-16,68.37133696242076,71.32007059410779,67.27047847882244,69.86536407470703,3518620
2013-12-17,69.62945231623272,71.79185450140234,68.92175637744702,69.23628997802734,4667274
2013-12-18,68.68586020067318,72.42092430633916,68.68586020067318,72.02775573730469,4564375
2013-12-19,72.61751779861139,72.81410212488446,70.14058139768935,70.37648010253906,3193272
2013-12-20,70.14058244687764,71.51666031798318,69.19698761336413,71.32007598876953,2279961
2013-12-23,70.53373139517903,71.5559547013693,69.78671488293237,70.02261352539062,3377241
2013-12-24,69.11833489703776,69.70808773330087,67.6243142719234,67.82089233398438,5126391
2013-12-26,68.05679598650458,71.08416426181716,67.74226857740027,70.69100189208984,6877666
2013-12-27,71.35938117156131,71.35938117156131,70.0226179683509,70.49441528320312,2297899
2013-12-30,70.49442517723543,71.12349249645834,69.55083041509558,69.86536407470703,1757802
2013-12-31,69.98331677979834,72.34230379840041,69.98331677979834,71.83119201660156,4549598
2014-01-01,71.24142211628755,72.30296592977294,70.61235497124174,71.08415222167969,4492655
2014-01-02,71.12347326612439,71.79184856412876,68.37131847621323,68.68585205078125,4214035
2014-01-03,68.64652951011529,68.72516445568714,64.16445572968097,66.0909652709961,10509933
2014-01-06,66.05165852552287,66.16960786024082,63.92857050059973,64.36105346679688,7895772
2014-01-07,64.36104684370522,64.95079345660693,62.43453709709739,62.552486419677734,5881685
2014-01-08,62.906341748050686,64.0858351118659,62.51317936567696,63.69267272949219,6924420
2014-01-09,63.69267122877962,64.75421523120146,63.06361018846466,63.88925552368164,3772748
2014-01-10,63.889260386534666,64.08583847970507,62.513182650869915,63.18156433105469,3346433
2014-01-13,62.984968878573035,63.849928498908945,61.25504342120792,62.00205993652344,4098774
2014-01-14,61.25504805459445,61.84479470777182,61.019149393323495,61.333683013916016,2845741
2014-01-15,61.25505904121811,62.12002509881323,61.25505904121811,61.64822769165039,2856127
2014-01-16,61.72684527525795,62.23796318496393,61.1764192109967,61.37299728393555,1618071
2014-01-17,61.412320082825815,62.82771209907197,61.255050158780264,61.6088981628418,2720383
2014-01-20,61.3729928135205,61.92342505438196,60.62598251403897,60.90119552612305,2615816
2014-01-21,61.25505045638812,61.41232038119777,60.35077014716164,60.468719482421875,1690268
2014-01-22,60.311462509570056,60.901209251731025,59.80035073859545,60.27214813232422,2312059
2014-01-23,60.23281330982757,61.1370935064248,60.23281330982757,60.42939758300781,1982358
2014-01-24,60.39010123671708,60.78326368371222,59.21060767903658,59.48582077026367,2145322
2014-01-27,59.1319529546817,59.1319529546817,56.812280993711724,57.048179626464844,2805213
2014-01-28,57.0481739490761,58.4242512420875,56.37979248389473,57.59860610961914,4321872
2014-01-29,57.79520334111082,58.38494999680105,57.24477105690202,57.402034759521484,2981503
2014-01-30,57.008864577114856,57.166128258169074,56.14389878958436,56.57638168334961,2416353
2014-01-31,56.694339096129035,58.58152840510398,56.49775480421287,58.149051666259766,3071288
2014-02-03,59.210597076288835,60.272141088112285,56.930239128649895,57.12682342529297,3102586
2014-02-04,56.61570549735977,57.79520506052424,56.14390815877157,57.12682342529297,1979808
2014-02-05,57.40203867836463,57.79520728679563,56.69434264322189,57.36272430419922,1416928
2014-02-06,57.5986129533291,59.64306573774578,57.5986129533291,59.171268463134766,3595568
2014-02-07,60.0362359804514,60.35076336131722,57.952462552922206,58.89605712890625,5458122
2014-02-10,58.73880530425496,59.761028823607404,58.58153536535877,59.40718078613281,1249405
2014-02-11,59.40717287230316,60.31145314206308,59.01401051082628,59.68239212036133,1451023
2014-02-12,59.76101392216647,60.1541824546756,58.778105024279654,59.05331802368164,1128951
2014-02-13,59.761018674020654,59.761018674020654,57.40203215816478,57.48066711425781,1955466
2014-02-14,57.79520246722997,58.542212814244635,57.32340514981151,58.07041549682617,1815003
2014-02-17,58.50289472075043,61.09777980143642,58.50289472075043,60.90119552612305,5291363
2014-02-18,60.90118865846837,62.984961848390334,59.800330517579404,62.47385025024414,5574545
2014-02-19,62.19864986243965,62.51318351925369,60.586673419222606,60.86189270019531,3094072
2014-02-20,60.19350614659565,62.74907713704919,59.76102318051134,61.6088981628418,4229513
2014-02-21,61.72683559851168,62.827699987842195,61.37298766266104,61.96273422241211,2986265
2014-02-24,65.89440131488193,66.32688432371903,64.20378987277887,65.14738464355469,14447316
2014-02-25,65.46190503519198,65.65848931148233,63.1422329550619,63.653350830078125,4319155
2014-02-26,64.32171860637641,64.43966791492497,62.080681743953896,62.47385025024414,4403633
2014-02-28,62.827699987842195,63.26017665386446,61.37298766266104,61.96273422241211,4599674
2014-03-03,61.962737267985986,62.827703075930614,61.137092043752624,61.53025436401367,3839820
2014-03-04,61.33368337049674,63.496085705820946,61.29436278226048,62.94565963745117,5654256
2014-03-05,63.22086759472494,63.45676623842367,60.62598251403897,60.90119552612305,5360889
2014-03-06,61.49095774479953,62.0413901253878,61.01916033763669,61.64822769165039,4811019
2014-03-07,61.96273243540534,62.86701253984178,61.09777291161349,62.47385025024414,4023442
2014-03-10,62.08069090303373,63.181555423031426,61.215731251629975,62.23796081542969,5996216
2014-03-11,63.142241588366225,65.46191398566017,63.063612840454006,64.63626861572266,11601670
2014-03-12,64.87215970988782,65.8157543080903,64.08582880582128,65.501220703125,7323809
2014-03-13,65.69781163318898,67.30978797384552,64.63626760276264,65.34396362304688,7553409
2014-03-14,65.65849192967794,66.7200358739279,64.8721610098542,65.54054260253906,5064761
2014-03-18,65.50122512995037,67.11320141638767,64.95079905492797,65.9730224609375,5771154
2014-03-19,66.20530330349894,67.54978147546262,64.3719256735559,64.69786071777344,7037784
2014-03-20,64.61636645711573,64.8608130321585,63.39411493182371,63.55707931518555,2053959
2014-03-21,64.16821276962888,65.3089822399832,63.76079554569472,65.06452941894531,4279465
2014-03-24,65.02377609820756,66.123801100177,64.90154971650162,65.55341339111328,3233179
2014-03-25,66.00158378927267,66.61270956509927,65.34971380838049,66.44974517822266,3457592
2014-03-26,66.77568081020542,67.63125947091243,66.00159056799887,66.69419860839844,3936008
2014-03-27,66.69422165465434,67.71276507093403,65.67567823837466,67.42757415771484,8796256
2014-03-28,67.54978603359707,70.84986226016126,67.50904181906033,70.52393341064453,5626196
2014-03-31,70.89059833715939,71.62395059777906,68.60905935227451,69.3831558227539,5635757
2014-04-01,69.62760202561364,69.66834623523566,67.87571291235146,68.6498031616211,2314247
2014-04-02,69.26092940986837,69.95353746062833,67.95719551137427,69.3831558227539,5848748
2014-04-03,69.4646340733635,70.07575988632564,67.63125663447707,68.77202606201172,4253155
2014-04-04,68.93500905565732,69.01649127602873,67.71275710000135,67.91646575927734,3191638
2014-04-07,68.69054332434435,68.85350771984422,67.06087450257289,67.63125610351562,3826405
2014-04-09,67.83496810195017,68.85351116654401,67.67200369829256,68.40534973144531,4457416
2014-04-10,68.73127525307584,71.62393964327715,68.32385808356537,71.13504028320312,9463502
2014-04-11,70.8905905018682,71.42023408803684,69.91279174024375,70.27946472167969,4995075
2014-04-15,70.89059042860252,70.89059042860252,68.44608731037485,68.9757308959961,3537288
2014-04-16,68.64979521640242,70.0757553544286,66.04232773640315,66.5312271118164,3402283
2014-04-17,66.0423347949424,68.64980255362524,66.0423347949424,68.40534973144531,2957439
2014-04-21,67.87571634385766,69.54612333901802,67.75348992550595,68.12016296386719,2529429
2014-04-22,69.09794580956383,69.09794580956383,66.93863383738523,68.28311157226562,4521626
2014-04-23,68.44609474877859,69.30167341981576,67.63126028748361,68.16090393066406,6988690
2014-04-24,68.16090393066406,68.16090393066406,68.16090393066406,68.16090393066406,0
2014-04-25,68.28312284921347,69.01646881054033,67.34606207822672,67.6719970703125,3048548
2014-04-28,67.14235234045381,68.56831246690953,66.97938173884319,67.59050750732422,2450866
2014-04-29,67.83497245071896,68.20164549080205,65.43121315085455,65.92011260986328,4361270
2014-04-30,65.67565105281123,66.57196764477987,63.02743926667616,63.63856506347656,7023343
2014-05-02,64.33117777254304,65.71640007685524,63.9237605448089,65.3089828491211,5147535
2014-05-05,65.71639958783274,65.71639958783274,63.801539875070254,64.168212890625,2678478
2014-05-06,64.53488572054287,64.82008275036895,62.53854381192115,63.1496696472168,2233739
2014-05-07,63.394122355748024,63.51634254923594,62.3348350897674,62.538543701171875,3586567
2014-05-08,62.78299317221682,63.068183969630155,61.642223765870334,62.17186737060547,2659609
2014-05-09,62.742241658141964,66.00157888713635,62.45705089394344,65.67564392089844,4519272
2014-05-12,66.00159431909289,66.85717302842535,65.18675982132632,66.49049377441406,3632458
2014-05-13,67.63126360000473,70.07576710361936,67.18310213766449,68.93499755859375,8949640
2014-05-14,69.58686410112355,69.58686410112355,68.28313020895342,69.05722045898438,4087872
2014-05-15,69.74982487875064,72.19432813069304,69.54611627442212,71.3794937133789,15190345
2014-05-16,72.92768899432579,75.77960979298658,71.86840163957419,74.0684585571289,17989175
2014-05-19,76.2277709769492,80.22045510677235,75.77960950930263,79.60932922363281,23539634
2014-05-20,81.23898769123035,82.46123929872144,78.30558507659038,79.48709869384766,8477857
2014-05-21,79.8537705957033,80.62786078316809,77.40926741420216,78.50929260253906,9017961
2014-05-22,79.52783592872974,82.21679192634781,78.3870665292344,81.0352783203125,21934332
2014-05-23,82.7057045875447,86.94284164623882,81.60567921814278,86.2094955444336,29449859
2014-05-26,88.00212373440313,89.06141104380954,77.93891916181707,82.5834732055664,17705852
2014-05-27,83.3575541293247,84.7020257953682,78.55003035723134,80.38340759277344,7103526
2014-05-28,80.9945371484498,84.33535680260576,78.87596904215769,83.27606964111328,10138958
2014-05-29,84.62056023855614,85.31316830922422,81.60567512308621,82.33902740478516,11421113
2014-05-30,82.29827977003625,85.47613538073279,81.07602809028323,84.57981872558594,9314863
2014-06-02,85.55762167499054,86.82061762448936,83.72424406766932,86.41320037841797,7961792
2014-06-03,86.77986512961962,87.14653812940551,85.15019630089438,86.16873931884766,8559427
2014-06-04,85.76132621064404,87.35025090791682,85.06871816867114,86.29096984863281,6597958
2014-06-05,86.53542833735091,90.44663673697912,83.92796021539503,89.67254638671875,19664512
2014-06-06,90.85404144545195,91.58739369597367,88.6539909105803,90.60958862304688,13457531
2014-06-09,92.07628216347271,94.19485024424947,91.26144780804376,92.85037231445312,15412309
2014-06-10,93.62448507125977,93.70596727772772,88.81696028932453,91.70962524414062,7676143
2014-06-11,92.03554888039601,92.07629308967947,86.61690474714578,87.18728637695312,9263934
2014-06-12,87.22803085489268,88.97991995899385,85.63909993834672,87.10580444335938,7510491
2014-06-13,87.87989818409231,88.65399467679805,83.2760820889688,84.45759582519531,5903253
2014-06-16,84.4576035214551,86.77988077780394,80.34268650024299,86.08727264404297,7741071
2014-06-17,85.92428988874718,87.59470299059404,84.05017439198777,86.94283294677734,6171457
2014-06-18,86.9428338815802,88.2465739832313,84.2946219022284,85.80207061767578,6261319
2014-06-19,85.96503755541127,87.1465450635712,84.1724041878527,84.70204162597656,4790326
2014-06-20,83.84647744743494,84.4168591526218,82.13532611518,82.42051696777344,7041508
2014-06-23,83.1945949921364,83.52053001112827,81.89086113286236,82.86865997314453,4541525
2014-06-24,83.11312114328578,85.7205891238485,83.11312114328578,84.33537292480469,7453252
2014-06-25,84.3761024558905,85.8020626195421,84.33535825025184,85.47612762451172,3893505
2014-06-26,85.51688049359535,86.1280063843548,83.68350282131699,84.33537292480469,6158341
2014-06-27,85.43539117139694,85.43539117139694,83.52053144978926,84.57981872558594,3076730
2014-06-30,85.39464631215459,88.36878685371423,84.8242585107854,87.83914947509766,6336653
2014-07-01,88.00212130948279,88.81695576605208,87.35025125754994,88.32805633544922,4758298
2014-07-02,89.1021499633789,89.55031141817433,88.00212464861004,89.1021499633789,3947984
2014-07-03,89.63178242796188,89.63178242796188,86.3724448851269,87.0243148803711,4413886
2014-07-04,87.79840868561875,88.12434369669984,85.06871462411449,87.30950927734375,4466280
2014-07-07,89.631774924755,90.93550858941295,88.9799049840798,90.52809143066406,13090499
2014-07-08,91.1799797096511,91.42442632404857,85.19094751485405,86.33171081542969,10764632
2014-07-09,86.00578192558874,86.33171074451765,81.64641248043674,83.80572509765625,8250198
2014-07-10,85.15020037066321,88.65399100656408,80.87231949079735,86.29096984863281,9861947
2014-07-11,87.14653681761475,87.92063322962292,82.37975680868495,83.0723648071289,7297889
2014-07-14,83.92794881550014,86.00577916120207,83.27607876520719,85.3946533203125,4018624
2014-07-15,86.00576757226276,86.25021414566424,83.72422892035934,85.19093322753906,3287814
2014-07-16,86.04652755288295,86.12800976484354,84.37612044926074,85.51688385009766,3023157
2014-07-17,84.98721827153177,89.4688068316152,84.82424768478613,88.45026397705078,6232642
2014-07-18,87.75766367105074,88.12434288640536,85.23167823761169,86.2502212524414,4076731
2014-07-21,86.49468148721785,86.98358093296366,84.37611307785677,84.62055969238281,3736984
2014-07-22,84.82425752701204,86.04650909430815,84.33535814343217,85.06871032714844,3101225
2014-07-23,86.34702480506586,86.38826276950051,84.45019798964087,85.15119934082031,4074727
2014-07-24,85.27489471435547,86.09960354855228,84.6151251301864,85.27489471435547,2008514
2014-07-25,85.35737728329431,85.85220140044363,82.47089592588821,83.0069580078125,2703451
2014-07-28,84.28523319945498,84.28523319945498,82.6770536257897,83.50176239013672,2237424
2014-07-30,83.29557699633338,84.03781606955778,80.98639016675257,82.14098358154297,4845623
2014-07-31,82.14100562498602,82.34718285109895,80.24417891996481,80.61529541015625,7123096
2014-08-01,79.99676120155736,80.32664601130986,77.89375104491084,78.34734344482422,5987147
2014-08-04,78.80093247897207,79.99675778471544,77.68757050710788,79.41946411132812,5349328
2014-08-05,79.99674723997171,80.24416237711284,78.63597656975209,79.66686248779297,2948466
2014-08-06,79.37822815021086,80.78023070202624,78.67722687430317,78.96587371826172,3690508
2014-08-07,79.33697966618105,79.54315685480628,78.05868487192163,78.26486206054688,2283552
2014-08-08,77.68757735484893,77.68757735484893,75.0897493035923,75.337158203125,2992782
2014-08-11,75.87321348507473,76.28556790618927,74.30626542643367,74.92479705810547,4258906
2014-08-12,75.29592653255106,77.11028363057628,73.68774037145492,75.337158203125,7891284
2014-08-13,72.98672377698354,74.84231844927973,72.0383074638487,73.02796173095703,8423787
2014-08-14,73.64649505419396,75.04849743451078,72.65684076335693,74.71861267089844,4483658
2014-08-18,75.74950650853363,79.50193428761611,75.25468245762903,75.7082748413086,5758840
2014-08-19,76.53297225373807,77.06902789176421,76.07937993783938,76.36802673339844,4214178
2014-08-20,76.53298389794341,78.47104843959856,76.07939151303236,78.0174560546875,4950709
2014-08-21,78.0587040561749,78.6772357740653,76.69793301841001,76.98657989501953,4094833
2014-08-22,77.1102758991083,77.97622269072275,76.82162906591317,77.27521514892578,2683473
2014-08-25,77.52263098653218,77.64633857098033,74.22379562540316,74.55368041992188,4539905
2014-08-26,72.57438355837225,72.73932282237489,71.08990501423007,72.45067596435547,7472783
2014-08-27,73.0692127797141,73.89392174176965,72.28574178257337,73.1104507446289,4316618
2014-08-28,73.23416342215528,73.44034067695635,71.21362254988642,71.4197998046875,5467007
2014-09-01,71.667197584387,74.63614807251207,71.667197584387,74.38873291015625,3173474
2014-09-02,74.9660507346239,75.17222798840889,73.15168712609784,73.35786437988281,3734173
2014-09-03,73.89390824680255,74.71861705824462,73.44032217572676,74.22379302978516,8421318
2014-09-04,74.14131289293681,74.14131289293681,72.24448037880168,73.52278137207031,3596268
2014-09-05,73.2341599255156,73.93516129996314,72.40945094568785,72.863037109375,3255832
2014-09-08,72.98672724539527,73.77019807189595,71.83213369158214,72.32695770263672,5293469
2014-09-09,72.98674314191456,73.646512828371,72.40944938528772,73.1104507446289,3762779
2014-09-10,72.98672574482705,74.9660280403806,72.4919017439458,74.14131927490234,4245607
2014-09-11,74.59491118668024,75.33715039238447,73.72897069004951,74.96603393554688,2587403
2014-09-12,74.63615297316272,75.13097703833583,73.48155929307256,73.68773651123047,3912825
2014-09-15,73.31662399461885,74.1413329117866,72.53314674809167,73.39909362792969,4915814
2014-09-16,73.77020373068972,73.85267964888264,68.0797177290111,68.90442657470703,7848375
2014-09-17,70.0177797286292,70.67754300613478,69.35801015909468,70.51260375976562,5292749
2014-09-18,70.14149037098898,73.02797135264237,69.68789798563176,72.57437896728516,2889128
2014-09-19,74.22380558549771,74.4299828232352,72.28574080917126,72.53314971923828,5022094
2014-09-22,72.1620228529714,72.36820006112275,71.41978364522075,71.83213806152344,2327887
2014-09-23,71.74968041513259,72.12079693495053,69.68790798941038,69.97655487060547,3040000
2014-09-24,70.01777257488922,71.70842169954024,67.8735311310233,70.3064193725586,9990051
2014-09-25,70.18272261269959,70.5538453743096,68.45083526794069,68.86318969726562,5570528
2014-09-26,68.53330999825393,69.72914170755308,67.5848934817835,69.52296447753906,2885553
2014-09-29,69.5229629912701,69.77037188677996,68.45083890130529,69.15184020996094,3794415
2014-09-30,70.10026062121,70.1827302576525,68.24466548711914,68.49208068847656,4125891
2014-10-01,68.49207728053196,68.78072413973354,66.22412778504454,66.63648223876953,4296594
2014-10-07,66.1828869620042,67.29624268052925,66.0179477044558,66.8838882446289,5010211
2014-10-08,66.88387846527588,68.12094159210108,66.88387846527588,67.91476440429688,4300717
2014-10-09,68.07971701313075,69.8940739377716,68.07971701313075,69.68789672851562,3867500
2014-10-10,69.27554441901518,69.31678237893344,67.79106595036743,68.28589630126953,4671068
2014-10-13,67.7085963298812,70.43013809201992,67.37871152658722,70.22396087646484,4283741
2014-10-14,70.84248696700061,72.28572736269375,70.14148574749827,71.70842742919922,5778203
2014-10-15,71.70842742919922,71.70842742919922,71.70842742919922,71.70842742919922,0
2014-10-16,70.96619933423823,71.0899006285941,68.57454240156699,69.06936645507812,3898781
2014-10-17,69.27554248634388,70.5126057450286,68.16218681193345,70.05901336669922,5017635
2014-10-20,71.04866353312093,71.99707990024314,70.63630913802683,71.54348754882812,2753762
2014-10-21,72.53314451116586,72.98673691843118,72.1620280266975,72.49191284179688,4393254
2014-10-22,73.19291523642656,73.27538486842788,71.74967465429984,72.45067596435547,2251508
2014-10-27,73.15167281892911,73.60526520535363,71.9970854571744,72.94549560546875,4074719
2014-10-28,72.82179608587694,75.00726956819933,72.45067331738548,74.6773910522461,4412559
2014-10-29,75.33715039238447,75.62579722459472,73.93514789763239,74.96603393554688,5228877
2014-10-30,74.55368757726481,75.0485116705327,73.93515588767251,74.7598648071289,4989619
2014-10-31,75.17222177075499,77.93499548455273,74.75986729729175,77.39893341064453,5743498
2014-11-03,77.11028749700361,78.09993572881625,76.4917557791132,76.98657989501953,4225829
2014-11-05,77.60510141844776,78.26487101434002,74.63615082099098,75.7082748413086,5144626
2014-11-07,76.03815952317885,76.2443367521376,74.71862651624872,75.337158203125,2128537
2014-11-10,75.08975306870697,77.19275713431632,75.0485151040356,76.98657989501953,2396002
2014-11-11,76.94533494228368,77.39892101523364,76.20309575051321,77.1515121459961,2402461
2014-11-12,77.52263319933643,77.68757245528926,74.8010914319097,75.0897445678711,4158776
2014-11-13,75.29592713925358,75.87322086817782,72.73932444594118,73.19291687011719,3120197
2014-11-14,71.7084297595127,73.81143977839015,70.3888968989752,73.23414611816406,7347382
2014-11-17,72.98672377698354,73.89390213614489,72.24448464965938,73.02796173095703,3124700
2014-11-18,73.39908950172159,74.01762115482599,72.82179580896923,73.31661987304688,2659512
2014-11-19,73.39908690371756,74.75985775078782,72.82179323139884,72.98673248291016,2476923
2014-11-20,72.7805644719243,74.01762789071054,71.87338588988703,73.7289810180664,2185146
2014-11-21,73.52279958267563,74.22380088821396,72.28573623453873,72.65685272216797,2524562
2014-11-24,72.73931795182263,75.87321409426707,72.73931795182263,75.7082748413086,4558803
2014-11-25,75.87321130023327,76.20309608603138,73.11043801672838,74.38873291015625,5441863
2014-11-26,74.14132964234291,75.87321703361744,73.81144483161695,74.84233093261719,4862623
2014-11-27,75.46086801303822,76.61546178749069,74.5949211091914,76.24433898925781,4647634
2014-11-28,76.69792175292969,77.35769133858372,75.95568254207616,76.69792175292969,5499191
2014-12-01,76.28557305485016,76.90410472826787,74.22380081012449,74.59491729736328,2416386
2014-12-02,74.59491924801979,75.6258053973403,74.26504071386101,74.7598648071289,1923777
2014-12-03,74.80109647788389,75.37839649672121,74.306272384616,74.7598648071289,2350157
2014-12-04,75.04849119846875,75.25466837209092,73.27536624691251,73.52278137207031,2266148
2014-12-05,73.81145417280023,74.75987076415286,73.11045279381096,73.64651489257812,2056592
2014-12-08,73.72896727848621,75.21343932917662,73.23414326158941,73.48155212402344,2909642
2014-12-09,73.23415693914934,73.64651141224809,69.56419835335254,70.43014526367188,4054069
2014-12-10,69.8528349901692,73.97637911690951,69.8528349901692,71.66719818115234,2874888
2014-12-11,72.07956101668512,72.07956101668512,69.6879038852928,69.89408111572266,2573066
2014-12-12,70.51261266479446,71.00743675842216,69.11061001751102,69.52296447753906,2684167
2014-12-15,69.60543262310672,70.4713731954356,68.9869009462877,69.15184020996094,3090059
2014-12-16,69.15184806960049,69.68791017551047,65.35818794567106,65.85301208496094,5186863
2014-12-17,66.22411760423557,66.71894161422902,63.131459676740675,64.73963928222656,5203187
2014-12-18,65.97670822749579,67.62612593318319,65.89423860061727,67.13130187988281,2662912
2014-12-19,68.0797222646393,69.19307802209731,66.71895132017748,68.78072357177734,4597905
2014-12-22,69.5641854576717,69.77036265600033,68.78071462083444,69.39924621582031,3318925
2014-12-23,69.27553687820551,69.56418369012565,66.88388017995698,67.09005737304688,2773675
2014-12-24,66.88389998565505,67.70860900222793,66.47154547736861,66.96636962890625,6973235
2014-12-26,67.29623391986217,67.70858830208195,66.38905553738437,66.92511749267578,2385791
2014-12-29,67.21377150676135,68.16218794593743,67.00759429355041,67.13130187988281,2000305
2014-12-30,67.21377671997658,67.54366154510633,67.0075994907742,67.17253875732422,1371454
2014-12-31,67.21377772040383,68.12095628399105,67.21377772040383,67.74983978271484,1883974
2015-01-01,67.7910714539512,68.1621942472572,67.58489422168003,67.74983978271484,938370
2015-01-02,67.83230814772668,69.06937151820193,67.83230814772668,68.73948669433594,2387959
2015-01-05,69.35800384596786,69.77035821638624,68.20341035039068,68.32711791992188,1932062
2015-01-06,67.62612921502487,67.87354439969653,65.56435698285948,65.68806457519531,3509161
2015-01-07,65.56435625850202,66.14164996031856,64.32729293286991,64.5334701538086,6050723
2015-01-08,64.98706687838421,66.30659992173605,64.98706687838421,65.97671508789062,2131875
2015-01-09,66.6364764134798,66.6364764134798,65.15199799302952,65.811767578125,1628211
2015-01-12,65.68806666730252,66.43030595292764,65.23447424496781,66.22412872314453,1152593
2015-01-13,66.0591831004669,66.38906792620803,64.98706528184533,65.2344741821289,1239610
2015-01-14,65.31693662616306,65.56435179124351,64.49222779860024,65.02828979492188,1698726
2015-01-15,65.97671288318098,68.03848516078038,65.8117736177849,67.37871551513672,3779466
2015-01-16,67.13130476680202,68.45083772969137,66.88388958349736,68.20342254638672,3751660
2015-01-19,68.03848112581848,68.98689757567513,67.95601149801122,68.28589630126953,1681839
2015-01-20,68.32713461200619,68.98690428266643,67.29624843411825,67.70860290527344,2328202
2015-01-21,67.79106911579166,68.98690079693733,67.21377540215553,68.78072357177734,3908410
2015-01-22,68.86318907031114,69.0693662830965,68.16218780524675,68.69824981689453,1743113
2015-01-23,69.19307654159725,74.92480076159335,68.28589802870981,73.27538299560547,7726076
2015-01-27,73.72897845320273,75.21345072888685,72.78056194005387,73.39909362792969,6022715
2015-01-28,73.39908781918612,74.47121184346906,72.16202454133467,72.57437896728516,4184638
2015-01-29,72.53312882293203,73.23413626290795,71.33730370537572,72.69807434082031,6091464
2015-01-30,72.86303625983709,75.50210873973401,72.40945010143847,74.63616180419922,4689840
2015-02-02,75.21344999299106,76.24433612936446,73.6465080993272,75.1722183227539,5228666
2015-02-03,75.4196197534744,75.8732121253834,71.66719836379512,72.03831481933594,3239110
2015-02-04,72.65684907006033,75.87321487195106,72.40944018808673,74.30626678466797,8146546
2015-02-05,75.04850545387202,75.13097508058033,67.91477263309262,68.69824981689453,8635942
2015-02-06,68.69825741126378,69.64666766129677,66.43030781991034,67.70860290527344,6246080
2015-02-09,66.38906079250012,66.71894558279412,64.69840517476148,66.0179443359375,6683197
2015-02-10,64.57471641452791,67.7910764409432,64.28606323448992,67.04884338378906,6072995
2015-02-11,67.46119291594115,68.20342591849356,67.21377772040383,67.74983978271484,1923495
2015-02-12,67.7085985694917,69.60543153215202,67.46118967785958,69.19307708740234,2829265
2015-02-13,69.68790023247054,69.81160782265003,68.57454450491387,69.60543060302734,2601904
2015-02-16,69.52296252236377,70.10025623335605,68.78072325678114,69.35801696777344,1912876
2015-02-18,69.60543147664639,71.5847340682724,69.2755466627038,71.13114166259766,2950082
2015-02-19,71.50226841602516,73.2341623649777,68.86320210948,72.82180786132812,3956381
2015-02-20,72.82180683006983,73.11045372013082,70.47138115892821,70.88373565673828,3317379
2015-02-23,71.29607662538393,72.40943859182346,69.60542728039896,70.05901336669922,4082849
2015-02-24,70.30642944774745,71.00743071169452,68.65701174809355,69.64665985107422,4198879
2015-02-25,69.97655413154982,70.67755549048573,68.12095896799765,68.45084381103516,2045340
2015-02-26,68.28589846884125,68.98689976549846,66.96635921392242,68.20342254638672,4020091
2015-02-27,69.77037528060364,72.49191730780251,69.68790564475547,71.9970932006836,7855296
2015-03-02,71.33731888480808,72.07955814317152,70.18272518202379,71.13114166259766,3162250
2015-03-03,71.25485496990314,72.409448765301,70.10026117450529,71.95585632324219,2803269
2015-03-04,72.57439039689405,72.821805608241,69.110615190218,69.56420135498047,2752005
2015-03-05,69.56419428055399,70.84249558913093,69.27554742469036,70.34767150878906,2394050
2015-03-09,69.72913102104575,69.97653988392749,67.62612108039276,67.8322982788086,2210809
2015-03-10,68.24465914150589,68.61577561700446,66.67771102667874,66.8838882446289,2361600
2015-03-11,67.46118097660984,67.7498277922986,66.43029499770094,66.67770385742188,3338126
2015-03-12,67.0075994907742,67.9560160035111,66.96636152812184,67.17253875732422,3011012
2015-03-13,68.20342832727093,68.20342832727093,65.4818925403913,65.72930145263672,3689687
2015-03-16,66.55400692781342,67.17253861410175,65.56435874656395,66.80142211914062,3030132
2015-03-17,67.3374762935692,67.4611838747585,66.01794344228409,66.4302978515625,2387387
2015-03-18,66.10041871020707,67.7085985269076,65.02829463772039,66.2653579711914,5906417
2015-03-19,66.76017770515976,67.41994729025524,65.56435241070693,65.811767578125,2905760
2015-03-20,65.97671039049166,66.30659520085,64.863354661058,65.11076354980469,2398900
2015-03-23,65.5643553234282,65.6468249522216,64.61593886223059,64.9458236694336,2500710
2015-03-24,64.78088182231959,65.52311474381987,64.45099702830328,64.61593627929688,2560026
2015-03-25,65.06953828385346,65.06953828385346,63.70876723974418,63.791236877441406,1892901
2015-03-26,63.91493560169993,64.53346723655508,62.677872331989605,62.842811584472656,4567870
2015-03-27,63.46133627841454,63.46133627841454,61.02844796421987,61.770687103271484,3761113
2015-03-30,62.34798268815751,62.55415988374799,60.65733345953272,61.31709671020508,4614892
2015-03-31,62.10059147936393,63.914948799439046,61.770706614251054,63.58506393432617,6840776
2015-04-01,63.54381580633081,64.2448170306777,63.2551626915743,63.91493225097656,2798293
2015-04-06,64.32727939642749,64.57469452630191,62.7603315886217,63.70874786376953,4749503
2015-04-07,64.16234912000378,65.15199719347278,63.66751879124028,64.65717315673828,2546427
2015-04-08,65.06953828385346,65.15200792155069,63.62629760204696,63.791236877441406,2227241
2015-04-09,64.16235019304993,64.82211348905342,63.791227440270674,64.61593627929688,1948487
2015-04-10,64.73964947912704,65.64682802233945,64.32729502384596,65.06953430175781,1930751
2015-04-13,65.31693333944787,66.34781932202773,65.06952447884593,66.10041046142578,2412265
2015-04-15,66.3890758341174,67.91478625637116,65.48189717429332,66.96636962890625,4619530
2015-04-16,66.9663561899355,67.04883210866569,65.44064607386495,66.14164733886719,1788962
2015-04-17,65.97670004633588,67.21376317220468,65.35816848340149,66.34781646728516,1602765
2015-04-20,66.3065945666276,66.8426565918288,64.69840849102401,64.9458236694336,1983867
2015-04-21,64.73964105421497,65.4818802355353,63.626285428248885,63.91493225097656,2395252
2015-04-22,63.99741066477086,65.52312090195612,63.131470077626105,64.86335754394531,3366177
2015-04-23,65.81177725742222,66.2653634083613,64.82212273422512,65.35818481445312,2348489
2015-04-24,65.39941391047738,65.44064557750053,63.9974050990779,64.40975952148438,1487555
2015-04-27,64.73966067087352,65.31695449125372,63.8324819708343,63.99742126464844,2222370
2015-04-28,63.832472803164414,64.82212100797663,63.1314714670866,64.24482727050781,2494510
2015-04-29,64.2448257902054,64.45100301912645,63.62629410344224,63.87370300292969,1615193
2015-04-30,63.873692461718534,64.28604685150891,61.358334459214404,62.5129280090332,6036198
2015-05-04,62.92528357560167,64.07987085498398,62.88404561903997,63.74999237060547,1665818
2015-05-05,63.6675123727895,63.791219942509166,62.67786439908892,62.76033401489258,1528185
2015-05-06,62.67787355002546,62.80158113780637,60.28621659036863,60.57486343383789,4113387
2015-05-07,60.53362723631435,60.73980443651159,58.18320841247162,59.13161849975586,5413380
2015-05-08,59.956339818929266,61.19340327840123,59.66769293679183,60.36869430541992,3156909
2015-05-11,60.94598647196216,61.688225709964776,60.40992445051419,61.27587127685547,1887506
2015-05-12,61.60574822201251,61.60574822201251,58.7192672637008,58.96668243408203,3909128
2015-05-13,59.37903673179196,60.73980758196802,58.88421268409952,60.53363037109375,2948873
2015-05-14,60.945987854737595,61.02845748482471,59.99757137866213,60.65734100341797,2013494
2015-05-15,60.987225424727164,61.27587859600556,59.83263790773384,60.20375442504883,1709357
2015-05-18,60.5748666961023,62.265522472090105,59.7913957513448,62.05934524536133,2663775
2015-05-19,62.43046872228103,63.420123296533724,61.44082044005865,62.554176330566406,8089446
2015-05-20,65.56436540174182,65.64683504321216,63.296415655140684,63.54383087158203,9937909
2015-05-21,63.91493560169993,63.99740522794145,62.47169512037122,62.842811584472656,2586311
2015-05-22,62.884049999206425,63.378874052269744,62.30675631930408,62.636634826660156,1980853
2015-05-25,62.4304577274146,62.47169568692393,61.39957165997361,61.68822479248047,3492569
2015-05-26,61.89439913277375,62.100576336691006,61.4408067673442,61.935630798339844,1557907
2015-05-27,61.52329008157213,62.67788393885178,61.35835079854518,62.554176330566406,2333746
2015-05-28,62.18304389395492,62.719105864736086,60.781035178678884,61.11091995239258,6131083
2015-05-29,61.15217082069472,62.14181905876802,60.822285977326935,61.4820556640625,8196956
2015-06-01,61.894393610911656,62.966511200415894,61.11091653070602,62.76033401489258,2732139
2015-06-02,62.34799916936863,62.842823311183,61.44082052737057,61.894412994384766,2958395
2015-06-03,61.729457576298586,61.729457576298586,56.90491195183176,58.43062210083008,6074343
2015-06-04,58.38939458078441,58.47186421512418,56.36885393329631,57.85333251953125,4884209
2015-06-05,57.812086045623275,58.88421001029841,57.02861519668835,58.26567840576172,2612950
2015-06-08,58.306908752797746,59.29656307290226,57.97703027145828,58.88420867919922,2485596
2015-06-09,58.842977578908105,59.91510164426239,58.018268695413866,59.667686462402344,2864231
2015-06-10,60.121283653761125,61.52328635055825,59.91510641646567,60.904754638671875,4019510
2015-06-11,61.028445325578964,61.482037638729004,57.23478646915132,57.729610443115234,5389454
2015-06-12,57.72962035440506,60.203746941022416,57.48220517893161,59.91510009765625,4929775
2015-06-15,60.162509591741035,60.78104124467338,58.71926906823223,59.4202766418457,5738366
2015-06-16,59.37903275543157,61.44080472610628,59.04914798171787,61.11091995239258,4089658
2015-06-17,61.11092574921032,61.152163709347015,59.79139282121691,59.9975700378418,2194377
2015-06-18,59.87385851498972,60.61609770447065,59.29656486318727,60.28621292114258,2860807
2015-06-19,60.286224429627104,60.65734724122841,59.46151545988657,59.626461029052734,3897925
2015-06-22,59.79139712032856,61.64699220337324,59.00792615763272,61.44081497192383,2835299
2015-06-23,61.02846829027176,61.60576209512426,60.28622890401098,61.15217590332031,3045780
2015-06-24,61.028445545043716,61.81191631563501,60.40991400235746,60.86350631713867,1408455
2015-06-25,60.2862165760668,62.51293427950703,60.03880769259297,61.85316467285156,4048264
2015-06-26,61.85317118863697,61.85317118863697,60.49240016408097,60.904754638671875,1366790
2015-06-29,60.616102002441195,60.69857163111348,59.29656906759665,60.080039978027344,2006949
2015-06-30,60.20375925932214,61.31711519269801,60.20375925932214,61.15217590332031,2226284
2015-07-01,61.15216006831006,62.05933850903973,60.61609807859695,61.6469841003418,1730442
2015-07-02,61.85315672049311,62.26551109862973,61.44080234235649,61.770687103271484,1558746
2015-07-03,61.44081053328747,62.05934218295143,61.028456100178154,61.27587127685547,1118064
2015-07-06,60.451160335122395,61.64698563327052,59.91509833207944,61.39957046508789,1379039
2015-07-07,61.85316700046345,62.14181385472638,60.616103660454186,60.82228088378906,1519519
2015-07-08,60.203747716443296,60.45116289510344,59.46150847249223,59.7913932800293,2119540
2015-07-09,59.79138672912837,60.36868036004641,59.543971577575675,59.75014877319336,1491726
2015-07-10,59.75015332024069,59.95633053154867,58.59556597053933,58.96668243408203,8725027
2015-07-13,59.09039154309816,60.20374725446668,58.96668395471736,59.9975700378418,2062761
2015-07-14,60.203751696089256,60.574868196582,59.6676896349099,60.162513732910156,1117660
2015-07-15,59.79138640843658,61.72945077844224,59.79138640843658,61.23462677001953,2339626
2015-07-16,61.81192114517341,62.842807130196505,61.19338955415955,62.6778678894043,1977357
2015-07-17,62.88406392658492,63.378888089240455,62.38923976392939,62.59541702270508,2361802
2015-07-20,62.76322803928458,62.88908500112234,62.0919610349924,62.51150131225586,1908650
2015-07-21,62.259772649772245,62.595406141484574,60.41379804786903,60.5396614074707,1792346
2015-07-22,60.413799547169305,61.756327145659974,59.95230268440225,61.25288009643555,2257135
2015-07-23,61.420692049528405,61.58851199602658,60.16207125833581,60.329891204833984,2138940
2015-07-24,60.58160637018376,60.70746971893483,59.91034584630446,60.24597930908203,2110460
2015-07-27,60.162072361589885,60.581612633014295,58.945408135129696,59.784488677978516,3130774
2015-07-28,59.57470957221838,60.20401988460097,58.73562915570826,59.532752990722656,2122680
2015-07-29,59.574722990436555,59.74253655086559,56.26035715938588,57.309207916259766,5818545
2015-07-30,55.379316623278136,58.73563884287075,55.379316623278136,58.40000534057617,5359448
2015-07-31,58.483909235722614,59.113219620906186,57.18333828068234,57.43505859375,3855766
2015-08-03,58.06436294155688,58.609766499008295,57.51896578578108,58.31608963012695,1826681
2015-08-04,58.316096095660164,58.903449898543045,57.51897216293678,58.651729583740234,2441973
2015-08-05,58.735633768061156,59.53275766567157,58.14827999105096,58.52586364746094,2964149
2015-08-06,59.071267241356715,59.15517400926159,58.06436682147004,58.52586364746094,1500113
2015-08-07,58.525860873957654,58.86149433134776,57.770687195248854,57.9804573059082,1379657
2015-08-10,58.02241388871037,58.86149433134776,57.686780431320265,57.9804573059082,1268145
2015-08-11,58.06436632239966,58.4839065599941,57.05747231284341,57.267242431640625,1563841
2015-08-12,57.267243461479296,57.47701358404882,56.47011955638556,56.67988967895508,1704026
2015-08-13,56.97356833057529,59.36494652142095,56.42816471470754,58.02241897583008,8195280
2015-08-14,58.65172955172017,58.81954309483043,58.02241916254222,58.483909606933594,1931964
2015-08-17,58.567826320660714,58.7356398739155,57.057478734660776,57.602882385253906,1239265
2015-08-18,57.51898189274154,57.85460903591936,56.67990123144219,57.14139175415039,2079478
2015-08-19,57.43505825035677,57.43505825035677,56.42816420075359,56.55402755737305,1602637
2015-08-20,56.21839158799913,57.47701229519314,55.505174467591054,56.63793182373047,2941443
2015-08-21,56.05057822092717,57.26724234749289,55.54712481521282,57.057472229003906,3125893
2015-08-24,55.75689693979721,56.050580237589095,51.855174516023546,52.23276138305664,5925675
2015-08-25,52.232764219626404,53.02989138202129,46.317246984318295,49.086212158203125,11755899
2015-08-26,49.17011131469885,51.68735257383028,48.45689423828006,50.51264190673828,5847098
2015-08-27,51.51955209232416,51.60345887520043,50.55460808505408,50.806331634521484,5956925
2015-08-28,51.64540081876513,52.23275777121951,50.05114989163224,51.225860595703125,9597680
2015-08-31,51.26782534201816,52.190815957850106,50.34483792702481,50.806331634521484,6311543
2015-09-01,50.59654683432582,51.18390374699992,50.00918992165173,50.63850021362305,5519413
2015-09-02,51.016092134835034,51.10000210266513,48.750574216830145,49.044254302978516,3677920
2015-09-03,49.50575153164231,50.68046556018606,49.21207462492548,50.26092529296875,1759906
2015-09-04,49.79942948317821,50.13506298432912,47.03046430161723,47.45000457763672,4740800
2015-09-07,48.247133576088025,48.49885711109993,46.40115565127002,47.114376068115234,4116671
2015-09-08,47.2821791732477,49.58965026903036,47.15631903398036,49.212066650390625,3906976
2015-09-09,50.260914165731386,50.260914165731386,49.170107151789,49.67355728149414,3209916
2015-09-10,49.33792464146135,51.435625546292506,49.08620117304912,51.14194869995117,3898795
2015-09-11,51.267821244955854,51.60345475131601,49.29598319739537,49.967247009277344,3058038
2015-09-14,50.177010302520046,52.106894698609686,49.92528680752364,51.85517120361328,3161574
2015-09-15,51.897125244140625,52.106895359437615,50.890231251385416,51.897125244140625,2276796
2015-09-16,52.02298994920898,52.31666683794189,51.393679586920165,52.14885330200195,1556239
2015-09-18,52.23275951212219,54.540230815870565,51.77126589154012,53.952877044677734,4338334
2015-09-21,53.44942450293374,55.127582176908014,53.32356115698769,54.28850173950195,3129377
2015-09-22,54.45632357218836,54.959770571901124,52.190805671805,52.7362060546875,2552620
2015-09-23,52.35862504129746,53.65919919006399,51.89712820068258,53.071842193603516,2186897
2015-09-24,52.90402349581084,55.756895200404415,52.56839322512583,54.58218765258789,6380468
2015-09-28,54.456326986060084,56.176438209718945,53.49138310847392,54.959774017333984,2253633
2015-09-29,54.120687428629644,55.63103475475002,53.36551376556945,55.4212646484375,3623790
2015-09-30,55.7988530887479,56.218393337535474,54.330462217991375,54.49827575683594,3624923
2015-10-01,54.791961844844515,55.92471929396764,54.791961844844515,55.25345230102539,1818223
2015-10-05,55.463220302042124,56.63793429365314,55.2534501750286,56.386207580566406,2183790
2015-10-06,56.63793356339005,58.27413797232863,56.21839331477234,57.93851089477539,3684704
2015-10-07,57.980457757623654,59.36494177909676,57.39310400387181,59.0293083190918,3527961
2015-10-08,59.155178002191185,59.57471827171027,57.980463967202446,58.94540786743164,2156145
2015-10-09,59.11321999611154,59.61667342879496,58.10632593409735,58.483909606933594,2545925
2015-10-12,58.69367980957031,59.78448704617099,58.358052722932875,58.69367980957031,5866783
2015-10-13,58.735636427981724,59.02931332978636,58.232189396077146,58.86149978637695,2212905
2015-10-14,58.735636282179144,59.071269769841145,58.31609602302073,58.441959381103516,1506954
2015-10-15,58.903438568115234,59.65861217061417,58.735625057193296,58.903438568115234,2276032
2015-10-16,59.029304247499866,59.23907434532444,53.701145043090776,58.567813873291016,2399414
2015-10-19,58.735620870157476,58.735620870157476,57.68677049747609,58.27412414550781,1948781
2015-10-20,58.232182141100814,60.83333014993536,58.19022555963754,59.49080276489258,7165327
2015-10-21,59.86839657001247,59.86839657001247,58.190235452973994,59.23908615112305,3607852
2015-10-23,59.65861994071687,59.82643987517123,58.77758929111617,59.071266174316406,2483461
2015-10-26,59.32298274197377,60.32988308033655,58.86149235502358,59.28103256225586,3336007
2015-10-27,59.15516936396332,59.99424978047344,59.02930602115169,59.532752990722656,4220398
2015-10-28,59.40690329906898,59.61667342879496,58.2321892922682,58.483909606933594,2772890
2015-10-29,58.40000279451714,58.735636282179144,57.47701550470388,58.441959381103516,6150955
2015-10-30,58.52587237446598,59.994263437624625,57.602884986530235,57.77069854736328,7852546
2015-11-02,57.6448224404395,58.02241247140845,57.141375467489816,57.6867790222168,1629516
2015-11-03,58.316102222586174,58.400009003002694,57.35115824360366,57.77069854736328,1841334
2015-11-04,58.23219153163713,58.31609830641896,57.43506116701826,57.5609245300293,2170065
2015-11-05,57.98045194356865,58.316085369917595,57.18332815745566,57.47700500488281,1836314
2015-11-06,58.23218730563432,58.316094074326905,55.882759372185234,56.67988967895508,2400308
2015-11-09,56.21840430705658,58.35806255404089,55.421280239493164,57.14139175415039,9032436
2015-11-10,58.10632403353693,58.56782086450983,56.51206981942957,56.8896598815918,4596144
2015-11-13,57.435064885743046,57.770698408278086,56.679897462135436,57.309207916259766,1967314
2015-11-16,57.183328885954545,57.51896231657936,55.92470832236791,56.47011184692383,4186093
2015-11-17,56.63793432789394,57.225288123216416,56.176437487514676,56.55402755737305,1783141
2015-11-18,56.67989306060855,57.267246878175655,55.08563875362807,55.25345230102539,2070946
2015-11-19,55.42127122382689,56.17643857480738,55.42127122382689,56.00862503051758,1319920
2015-11-20,55.67299023724345,56.637934098516375,55.63104005299101,55.92471694946289,1435324
2015-11-23,56.21839396394641,56.30230073430362,55.798853710484124,56.17643737792969,1691812
2015-11-24,56.13447808846707,56.47011151713175,55.63103114630765,55.84080123901367,1807371
2015-11-26,55.96666573812657,56.26034902895136,55.5051753128003,55.631038665771484,4945512
2015-11-27,56.050585319736165,56.51207579785413,55.29541151719783,55.589088439941406,1778931
2015-11-30,55.79885378559902,56.973567777210036,55.75689719952582,56.386207580566406,6754131
2015-12-01,57.057473055120084,57.057473055120084,55.6729889727121,55.88275909423828,3104617
2015-12-02,56.050578907891406,56.17643585918653,55.25344860685793,55.631038665771484,1407703
2015-12-03,55.379313033759814,56.050579994839495,54.750002658376175,55.085636138916016,1727696
2015-12-04,54.45632533567472,55.37931259865034,53.701151610812445,53.86896514892578,2544924
2015-12-07,54.45632143374602,54.49827161443046,53.701147762993784,53.82701110839844,1516182
2015-12-08,52.77816979463411,53.95288388768836,52.652306427221724,53.323570251464844,2207354
2015-12-09,53.491382060512414,53.491382060512414,51.77126766971454,52.02299118041992,1717959
2015-12-10,52.2747123526063,52.77816255233322,52.02298885316182,52.52643585205078,1552855
2015-12-11,52.358622058464356,52.987932404355334,51.18390813246602,51.897125244140625,2013081
2015-12-14,52.02298850574712,52.4844821184531,51.26781481161885,51.687355041503906,1926459
2015-12-15,51.6034539367396,52.064947600071235,51.26782043567752,51.561500549316406,1989111
2015-12-16,51.98103779544204,52.945978453285676,51.77126766971454,52.02299118041992,2509005
2015-12-17,52.82011912083527,54.49827695194844,52.274715505115836,54.33046340942383,3638996
2015-12-18,54.33045968275804,55.379310255784254,54.1206895681528,54.54022979736328,3813660
2015-12-21,54.54022979736328,54.95977002657377,54.03678280264587,54.54022979736328,2932353
2015-12-22,54.58218646871632,55.7149438090708,54.33045977011494,54.75,2654585
2015-12-23,55.085637448260385,55.5051777084883,54.79196054643611,55.1695442199707,1163831
2015-12-24,55.37931326488556,56.050580228766776,54.9178164270077,55.71494674682617,1359015
2015-12-28,56.21839158799913,57.35114894413855,56.21839158799913,56.63793182373047,3739245
2015-12-29,56.80574651228989,56.973566451,56.05057919396069,56.30229949951172,1868048
2015-12-30,57.43505194248559,57.43505194248559,56.59597152607718,56.84769821166992,2193301
2015-12-31,56.97356414794922,57.89655136767849,56.721837450897674,56.97356414794922,3580051
2016-01-01,57.14138184098684,58.27413925688924,56.889661527273134,57.85459899902344,1973896
2016-01-04,57.81264602084859,58.65172649603746,56.63793207524897,57.267242431640625,2644953
2016-01-05,57.51896699437945,59.322984827560724,57.435053828642474,58.19022750854492,3266085
2016-01-06,58.148273255346425,58.52585686801836,57.05746619391037,57.72873306274414,3274557
2016-01-07,57.01551638707794,57.393106446280584,55.21149846592197,55.67298889160156,2616771
2016-01-08,56.21839076183561,58.14827837850927,55.67298718306472,57.64482498168945,2913346
2016-01-11,57.01551791968026,57.01551791968026,55.54712703166535,56.34425735473633,3288875
2016-01-12,56.76379500359814,57.26724200462227,55.756894599873945,56.21839141845703,2857305
2016-01-13,56.63792206985367,57.05746223333407,54.03677433661018,55.1275749206543,3728023
2016-01-14,54.62414030968005,55.253450696661794,53.28161276445426,54.33046340942383,2720635
2016-01-15,54.54023662366365,54.95977690538414,51.43563789876436,51.81322479248047,2254377
2016-01-18,51.561492358159896,53.23965319519789,51.26781229117558,51.72930908203125,2870369
2016-01-19,52.19080489828407,54.49827294680018,52.022988167254375,53.910919189453125,3722032
2016-01-20,53.029892249637555,53.44943253135804,50.68046731217048,51.81322479248047,3483973
2016-01-21,52.10689638459603,52.65229997543373,50.42873542920371,51.30977249145508,4223902
2016-01-22,52.35862843905244,52.442535215061206,51.603454651620225,51.81322479248047,2793950
2016-01-25,52.48448980766846,52.48448980766846,51.22586893361964,51.47759246826172,2573219
2016-01-27,52.35862897751459,52.35862897751459,51.183914896280996,51.435638427734375,2950538
2016-01-28,51.43563745695961,51.771270959788424,50.135063234965,50.34483337402344,5165366
2016-01-29,50.512643791287864,51.4775843894527,50.17701033054659,50.428733825683594,4490327
2016-02-01,51.18391537263865,51.18391537263865,50.4287415704119,50.84828186035156,3874248
2016-02-02,50.97413557336686,51.058042335127816,49.00229786444416,49.29597473144531,4705494
2016-02-03,49.08621242681949,49.08621242681949,47.408051318210276,47.869544982910156,3077309
2016-02-04,48.20518269490129,50.21897428060111,48.20518269490129,49.54771041870117,3734608
2016-02-05,50.135059514975644,50.76436988545651,49.88333600695091,50.55459976196289,4254914
2016-02-08,50.554598687058224,51.016092308764186,49.21207120557943,49.46379470825195,4217105
2016-02-09,49.086208099592604,50.34482882009498,48.91839136335802,50.09310531616211,2166595
2016-02-10,49.967234123194004,50.17700421036177,48.3729833812215,49.67355728149414,2181050
2016-02-11,49.505744507293215,49.92528471498215,46.652869814673416,47.24022674560547,3390846
2016-02-12,47.45000333936217,48.58276397555679,46.14942915780972,47.57586669921875,3828563
2016-02-15,47.99540896171686,50.554604044988444,47.95345557363143,49.967247009277344,11819297
2016-02-16,51.01609746068642,51.93908799814565,48.708625918295816,49.12816619873047,6203807
2016-02-17,49.42184124072473,49.883334861647356,47.82758705844149,49.254024505615234,5755969
2016-02-18,49.67355728149414,50.09309745582967,48.960337064621235,49.67355728149414,3013798
2016-02-19,49.63160884373809,50.2189625855933,48.91838855588303,49.337928771972656,4420717
2016-02-22,49.88333677593648,49.88333677593648,49.00230288384915,49.17011642456055,1875698
2016-02-23,49.50574065899027,49.547694036330384,48.498843598639915,48.66666030883789,1930159
2016-02-24,48.58275792449177,49.1701116617647,48.2890778550175,48.49884796142578,1459265
2016-02-25,48.75057892476233,49.46379931642422,47.49195809330542,47.869544982910156,5151016
2016-02-26,48.41494492735844,48.66666843426461,47.82758794401867,48.28908157348633,1469491
2016-02-29,48.66667221451035,48.960349128572936,47.198281242520814,48.079315185546875,3685533
2016-03-01,48.37299744734857,49.33793820840778,47.95345715101715,49.0023078918457,2593429
2016-03-02,49.925279959265,50.17700341973245,49.12815300042016,49.42183303833008,4236895
2016-03-03,49.757468614013604,50.2609187900392,49.08620491348395,49.92528533935547,3763947
2016-03-04,50.17701643010364,50.26092640590807,49.337935877089066,49.71552276611328,4978583
2016-03-08,49.7155149419257,50.17700853328657,48.96034128272589,49.29597473144531,4639963
2016-03-09,48.163216152307605,49.547696889274576,48.163216152307605,49.212066650390625,5840040
2016-03-10,49.63160312219254,49.96723333586999,49.29596970767762,49.42183303833008,2834684
2016-03-11,49.42184198038777,49.84138222402149,49.128161889341335,49.5057487487793,2138542
2016-03-14,49.67355728149414,50.05114407856362,49.54769394885848,49.67355728149414,1546387
2016-03-15,49.67356156104522,49.88333166628541,49.21206796968435,49.29597473144531,3150180
2016-03-16,49.421843213277725,49.5896567542471,48.75057624604774,49.379886627197266,3192053
2016-03-17,49.58965469010322,49.799424808421485,48.876437568156305,49.044254302978516,3314559
2016-03-18,49.1701189328391,49.33793568294933,48.66667188334669,49.086212158203125,3214536
2016-03-21,49.08620728683905,49.7994244029793,49.00230052053006,49.63161087036133,1715057
2016-03-22,49.75747007724674,51.981034551530435,49.631609930167485,51.85517120361328,9339334
2016-03-23,52.90402398103875,53.19770407152448,52.31666700090533,52.56839370727539,7172438
2016-03-28,52.904016179674315,52.904016179674315,50.974131987397165,51.14194869995117,3602398
2016-03-29,51.39367934189889,52.35862317314321,50.68046221504039,51.5195426940918,2455934
2016-03-30,51.771266605725614,53.071840718339445,51.309772978777225,52.56839370727539,6428062
2016-03-31,53.1977084496648,54.62414283202035,52.94598172257778,54.246559143066406,16079185
2016-04-01,54.49827583477886,54.95977266977569,53.4074750273768,54.708045959472656,4168582
2016-04-04,55.25345659178076,58.52587223356267,55.127593220620504,57.309207916259766,9789614
2016-04-05,57.18333523806424,57.18333523806424,55.798851183990934,56.21839141845703,6724126
2016-04-06,56.470125668121966,56.76380259116859,55.37931835203243,55.798858642578125,3777207
2016-04-07,57.01551687213721,58.81954121031698,50.80632315168675,53.617244720458984,53852649
2016-04-08,55.127585090981185,55.505175148778946,53.78505760049992,55.21149826049805,9017859
2016-04-11,55.12758696526347,56.973567928903236,54.959773423876335,56.805747985839844,6184956
2016-04-12,56.80575055953817,58.022421195585494,56.6379370105479,56.93161392211914,6464234
2016-04-13,57.47700565883092,58.94539631434849,57.309192144584706,58.735626220703125,6604092
2016-04-18,58.316098565421676,58.98736557001084,57.644831560832515,58.40000534057617,3167747
2016-04-20,58.399998027558205,59.99425216256287,58.31609126291076,59.19712829589844,4163252
2016-04-21,59.574716842179235,59.95230051501547,57.72874226126111,58.483909606933594,2708771
2016-04-22,58.6517296245788,59.49081014452506,58.5258662662516,58.69367980957031,2624221
2016-04-25,58.81954557862499,59.11322249230731,57.686788110606585,58.358055114746094,1890213
2016-04-26,58.35804713996428,60.58160518375856,58.1482770300459,60.41379165649414,4028690
2016-04-27,60.497701835175214,60.66552177358866,58.94540421448832,59.36494445800781,3189399
2016-04-28,59.53276140591388,59.616674580766784,57.77069356250249,58.106327056884766,4533595
2016-04-29,57.98046403373171,59.57471834006885,57.30920344273682,59.15517807006836,4697803
2016-05-02,59.11322010149107,59.574716948381464,58.31609616778185,58.86149978637695,3813866
2016-05-03,59.86838521213816,61.67240935104111,59.2810314932746,59.65861511230469,9645821
2016-05-04,59.239079707094845,60.4137936415717,58.819539473472815,59.071266174316406,3527824
2016-05-05,59.071272498027874,59.78448969120162,58.65173221949313,58.98736572265625,2260946
2016-05-06,58.9873674638482,60.83334218322002,58.65173395077784,60.58161544799805,3358906
2016-05-09,60.83333493469259,62.09195565747933,60.62356481422813,61.63045883178711,4298244
2016-05-10,61.58850445098315,61.672411213114856,60.2459770518491,60.79137420654297,2270352
2016-05-11,60.20403273676483,60.66552962503449,59.448858920358525,59.57472229003906,2852221
2016-05-12,59.700579251402985,60.45575298674822,59.155175642449414,59.4488525390625,2876247
2016-05-13,59.23907843138542,59.65861865597268,58.39999798221091,59.0293083190918,3286426
2016-05-16,59.155178002191185,59.490811498141746,58.19023410196199,58.94540786743164,4503427
2016-05-17,59.15516640799386,59.281029744516125,58.31608603341239,58.735626220703125,3257541
2016-05-18,58.31608603341239,59.1132098285947,58.02240918264392,58.735626220703125,2552016
2016-05-19,58.73563590834688,59.02931280755336,57.05747488239411,57.39310836791992,2676759
2016-05-20,57.60288256399084,58.861503422337286,57.43506260853861,58.23219299316406,3274768
2016-05-23,59.74252294920605,59.91034287310427,58.94539911613493,59.28103256225586,4459879
2016-05-24,60.581603808948735,61.043100600966476,59.784479970018715,60.16206359863281,7098409
2016-05-25,60.53964663552526,61.58849704015434,60.24596980256408,61.378726959228516,3625265
2016-05-26,61.67241164897162,62.09195186427075,60.66551769292398,61.798274993896484,5051648
2016-05-27,61.79827718688539,62.763220996650745,60.7494266114178,60.917240142822266,4308396
2016-05-30,61.16897632526149,63.77012487536879,60.665529251317636,63.056907653808594,4012385
2016-05-31,62.931037514896715,63.18276422562678,61.50460322522953,61.88218688964844,6855752
2016-06-01,62.889080609482974,62.889080609482974,60.7913793696513,61.04310607910156,4052173
2016-06-02,61.127004996993485,61.714365109709455,60.329881188913276,60.623558044433594,4488291
2016-06-03,60.70747543581645,62.46954327923954,60.70747543581645,62.008052825927734,4785183
2016-06-06,62.09195970774688,62.93104024433806,61.21092258365557,62.25977325439453,2596711
2016-06-07,62.51149718615474,62.679310725312874,61.252876437440214,61.67241668701172,5048835
2016-06-08,61.966085480698126,63.686202839744944,61.378731768751834,63.30861282348633,4076787
2016-06-09,63.937938543631894,64.77701913555187,63.098857951711906,63.47644805908203,6019577
2016-06-10,63.56034360711781,64.31551728674545,63.266666732172546,63.93792724609375,2779257
2016-06-13,64.60920557783862,64.944839094942,63.014951172855284,63.47644805908203,8139327
2016-06-14,63.7281683956519,63.89598835504202,62.55346068830542,63.47644805908203,3686745
2016-06-15,64.0637932225542,64.60919681365401,63.434482863979646,64.23161315917969,3143905
2016-06-16,64.14769990675369,64.56724014525875,62.46953895273344,64.02184295654297,3581801
2016-06-17,63.770116705931656,63.89598005871278,60.665521479602766,61.84022903442383,6058409
2016-06-20,61.546562485745014,63.098860359700645,60.79138864386259,62.97300338745117,2258131
2016-06-21,63.22471163378324,63.686208449301176,61.37873717506328,61.504600524902344,3364513
2016-06-22,61.71437208331875,62.17586250794815,61.294831841832355,61.84022903442383,2269167
2016-06-23,61.504596656520654,63.014937554567624,60.371832980891064,61.33677673339844,6538971
2016-06-24,60.036214549335824,61.16897198576781,58.14828335472371,61.00115203857422,4366513
2016-06-27,60.83334218322002,60.95920555083101,60.204031746841885,60.58161544799805,2383918
2016-06-28,60.62356176641252,61.04310198624929,60.20402154657576,60.41379165649414,2667445
2016-06-29,60.70747129401359,61.42068841987322,60.41379440709209,60.959197998046875,4642666
2016-06-30,61.12700294136739,61.840219966982225,60.91723285138214,61.54654312133789,10502775
2016-07-01,62.091950880859024,62.805167955236485,62.00804411946324,62.38562774658203,7839162
2016-07-04,62.93102513085837,63.3925218758213,62.553441540743194,62.84711837768555,3698418
2016-07-05,62.84713218143552,62.84713218143552,61.966095075422466,62.343685150146484,3605391
2016-07-07,62.30172834304909,62.42759170084506,61.5465545979496,61.71437454223633,3261411
2016-07-08,61.71437958462307,62.175870065346054,61.0850691459016,61.42069625854492,3813860
2016-07-11,62.1339238663776,62.30173743347364,61.67242695434764,62.050010681152344,4781338
2016-07-12,62.13391587668262,62.3436860094173,59.658624469407556,61.00115203857422,6293320
2016-07-13,61.08506370912676,61.4626473780827,60.32988996953861,60.455753326416016,3796673
2016-07-14,60.24597930908203,60.4137928396329,59.700575732277954,60.24597930908203,3847226
2016-07-15,60.875287031131165,60.875287031131165,59.74252334280074,60.120113372802734,4554188
2016-07-18,60.162065645142235,60.32988557598261,58.77758802534492,59.0293083190918,2888146
2016-07-19,59.36494305751663,59.57471317432765,58.56781917430516,59.071266174316406,4152512
2016-07-20,59.113219501957175,61.21092078168137,59.071269317368454,60.70747375488281,6920848
2016-07-21,61.25287555384551,61.378738907236574,59.155174336248066,59.36494445800781,5259727
2016-07-22,59.994256485090965,60.791380409187404,59.61667281613502,60.455753326416016,3320745
2016-07-25,60.539655002780314,60.749425112698695,59.82643790939296,60.41379165649414,2470483
2016-07-26,60.83333293234903,61.252873159468685,59.61666883437238,59.86838912963867,4026980
2016-07-27,59.74252564768591,60.20402245715674,59.23907865660234,59.616668701171875,3949676
2016-07-28,59.700584332827106,59.95230466491658,59.029317310568295,59.322994232177734,5838516
2016-07-29,59.53275463416665,60.83333187633091,59.239077760616055,60.41379165649414,6171422
2016-08-01,60.87528845898487,61.29482867882164,59.658617980452824,60.41379165649414,4255363
2016-08-02,60.70746715237863,61.00114401926466,59.952293493474855,60.16206359863281,2909215
2016-08-03,60.623569220827335,60.83333935653954,59.406904994367146,59.784488677978516,5023751
2016-08-04,60.0362049817528,60.24597508105778,59.15516800400177,59.40689468383789,4065811
2016-08-05,59.700571692941544,59.99424855237333,59.44884501247121,59.65861511230469,7685151
2016-08-08,59.95229887371864,61.50460291253499,59.61667179668649,61.04310607910156,14343063
2016-08-09,61.46265330504049,64.10575844764041,61.46265330504049,63.26667785644531,14218653
2016-08-10,63.686207412347606,63.686207412347606,61.75631981737388,62.09195327758789,4373197
2016-08-11,62.25976955907989,63.770116995970675,61.50460224231057,62.637359619140625,3901357
2016-08-12,62.805165765366425,63.89597283050432,61.75631528030127,63.09884262084961,5276189
2016-08-16,62.93103585745521,64.81896693317887,62.93103585745521,64.23161315917969,8040643
2016-08-17,64.31553292240633,65.95173762464525,63.68622243667179,65.40633392333984,8821668
2016-08-18,65.44828644695136,65.90978333513267,64.10575877452875,64.52529907226562,5317797
2016-08-19,64.6092123591299,65.86783337911295,64.23162861380601,65.49024963378906,3821975
2016-08-22,65.78391869553423,66.41322912999084,64.48334123698649,64.65116119384766,4454151
2016-08-23,65.36436991838428,65.7000033868481,61.92414127040111,62.763221740722656,16453253
2016-08-24,62.133916892296696,64.3994318021918,61.924146756133204,64.147705078125,10358139
2016-08-25,64.60920557783862,64.60920557783862,63.35058468995866,63.47644805908203,4536646
2016-08-26,63.56033706665039,64.02183382384396,62.93102679866375,63.56033706665039,4446656
2016-08-29,63.686210674526116,63.97988756662787,63.0569003050183,63.7281608581543,2310645
2016-08-30,63.81208441467513,65.28047551585209,63.728171230409,64.693115234375,3920589
2016-08-31,64.90287686258652,66.28736099923492,64.2316162884102,65.8678207397461,7628462
2016-09-01,66.9586187730405,67.42010915405031,65.0287312839436,65.57413482666016,7490214
2016-09-02,65.5321798534663,66.58103038377682,64.90286953527999,66.287353515625,3402719
2016-09-06,66.53908771559875,66.70690125872375,65.49023706687667,65.8678207397461,3986718
2016-09-07,65.9957957172097,66.37974414336847,64.9719462664051,65.44120788574219,4132449
2016-09-08,65.52652776937902,66.42239432494205,65.52652776937902,66.16643524169922,5396824
2016-09-09,66.12377872857519,66.97698877668584,65.61185400160402,65.86781311035156,3383997
2016-09-12,65.27057233292089,65.27057233292089,62.7536051539387,63.39351272583008,3976891
2016-09-14,63.09488743319185,65.05727336470481,62.79626518521643,64.28938293457031,4303082
2016-09-15,65.14258969699029,65.65451445402533,63.60681542588515,63.82011795043945,4190124
2016-09-16,64.0760726125314,64.75864324736763,63.69213069885853,64.37469482421875,5836470
2016-09-19,64.5879981205305,65.95313940682885,63.18020674693396,65.5691909790039,5397880
2016-09-20,66.0384510935295,66.08110768512574,64.24671150960502,64.63065338134766,4918419
2016-09-21,64.63066879022317,65.44121582802599,64.41736625296171,65.0572738647461,5084986
2016-09-22,65.52654150647179,65.52654150647179,64.58800514273216,64.80130767822266,2402809
2016-09-23,65.01461802102612,65.05728113703816,64.16140777660596,64.50269317626953,4724644
2016-09-26,64.33204619794097,65.39855887857833,64.24672648538534,64.71598815917969,4237303
2016-09-27,64.6306608909401,64.80130029610265,63.18020641863021,63.905433654785156,6149199
2016-09-28,63.99074587508906,65.09992140738072,63.905426182484,64.92927551269531,4637687
2016-09-29,65.27056393706998,65.3132270401655,61.2178165030689,62.83891677856445,11226254
2016-09-30,62.02838255798804,64.71599614681071,61.943062834901745,64.3320541381836,5403340
2016-10-03,64.41735833526106,65.52653399647981,64.3320386327387,65.2279052734375,2908866
2016-10-04,65.61185410116894,66.72102325971028,65.27056877951158,66.08111572265625,4695492
2016-10-05,66.29442703224522,67.40360284744973,66.16645071543289,66.80635833740234,6805356
2016-10-06,66.67837572361047,68.89672085161219,66.46507318227421,67.4462661743164,5917911
2016-10-07,67.40359517504592,69.19533501071518,66.76368762591574,68.85404968261719,4301610
2016-10-10,69.11001558812254,69.9632256571117,68.85404996363529,68.9820327758789,3776119
2016-10-13,69.06735099970922,69.06735099970922,65.9531395222651,66.29441833496094,3527748
2016-10-14,66.3797454912535,67.2756121515297,66.29441927739046,66.89167022705078,2071637
2016-10-17,66.6783599176603,67.19028459362137,66.0384524453401,66.16643524169922,2024554
2016-10-18,66.2517701152557,67.36093941571723,66.2517701152557,67.19029998779297,2658639
2016-10-19,67.27561300286736,69.7925866257256,67.10497359193431,69.32331848144531,3816188
2016-10-20,69.11002332109092,71.2430487322357,68.98204049452684,69.92057037353516,4880194
2016-10-21,69.96323416610853,71.66965451162338,69.53662907972982,71.328369140625,4707277
2016-10-24,71.37102508544922,72.01093265075305,71.15772256368128,71.37102508544922,4203588
2016-10-25,69.96323428175779,71.07241011196672,69.28066353863277,70.30451965332031,3720701
2016-10-26,69.9632256571117,70.04854536211538,68.25680551913337,68.9820327758789,4997075
2016-10-27,66.08110998439379,68.25679802523848,66.08110998439379,67.87285614013672,10205441
2016-10-28,67.57424227618414,69.45130853964739,66.67837551111306,66.80635833740234,8118517
2016-11-01,66.55037718886251,67.83019213480218,65.313225344911,66.67835998535156,6868528
2016-11-02,66.1237795692249,66.63570430270431,65.52653513174494,65.73983764648438,2066811
2016-11-03,65.65451039711616,66.97698857142515,64.9719462664051,65.44120788574219,2997405
2016-11-04,65.18525204563342,65.99579902569825,63.137546531892966,63.649471282958984,3582019
2016-11-07,64.20406322221687,65.18525618797335,63.94809757567978,64.28938293457031,2464750
2016-11-08,64.58800534185436,65.91048366976331,63.22287041240187,63.47883605957031,2120863
2016-11-09,60.577911231299204,62.07102876164813,57.165071161930236,61.17515563964844,4934441
2016-11-10,62.19901272907879,64.28937470686041,61.772407712431445,63.521484375,4391024
2016-11-11,63.77744525274407,63.77744525274407,61.08983254554939,61.51643753051758,3712989
2016-11-15,61.8577336060011,61.8577336060011,58.53021284116227,59.084800720214844,4954987
2016-11-16,59.46874270067833,60.87654069916437,59.12746386060126,60.32195281982422,4243025
2016-11-17,61.00452401877995,61.90039725501424,59.682045719477266,59.852691650390625,3410138
2016-11-18,60.236629951893576,60.53525217604402,59.25543706441961,59.76736831665039,4256768
2016-11-21,59.85269068020975,60.15131291762177,58.06095074626101,58.53021240234375,6898248
2016-11-22,58.956813529205796,59.46873826057628,58.35956909418625,58.82883071899414,3736671
2016-11-23,59.468743137014705,59.59672595772095,58.65819612166957,59.127464294433594,3746416
2016-11-24,58.87150225523359,59.7673755455171,58.444897166427545,59.21278762817383,7541314
2016-11-25,59.34076327944226,60.4072758724626,59.12746076083819,59.76736831665039,1479482
2016-11-28,60.151310340694984,62.454974941441726,59.81002500849791,62.02836990356445,4400662
2016-11-29,62.582954166094524,62.66827386688235,61.431121931769034,61.64442443847656,4671961
2016-11-30,61.60175879203137,63.564144376574944,60.49258970859531,63.18020248413086,10053588
2016-12-01,63.82011264092149,64.07607174340625,61.85772697449206,62.156349182128906,4458587
2016-12-02,61.985713582509916,63.6921337416459,61.68709135655638,62.668277740478516,6273560
2016-12-05,62.66826681281001,63.43615705241696,62.07102246504637,62.41230773925781,3703955
2016-12-06,63.90542550740822,64.6733157516926,63.436157438824644,64.16138458251953,8017447
2016-12-07,64.24672282168525,66.55038747670365,63.05222738559272,63.39351272583008,14527202
2016-12-08,63.99074626684804,64.67331683081788,63.820106880593244,64.46001434326172,3878732
2016-12-09,64.5879988593105,66.1237795692249,64.11873723256944,65.73983764648438,9503932
2016-12-12,65.56919134792732,65.69717415792239,64.54534188691898,65.39855194091797,4574949
2016-12-13,66.50772869640068,66.55039180776049,65.35589629393095,66.2091064453125,3380691
2016-12-14,66.46505709342007,67.31826705223297,65.99578901228281,67.14762115478516,8826457
2016-12-15,66.55037718886251,68.470099607772,66.25175500337167,66.67835998535156,18054475
2016-12-16,66.89167686537247,66.93433346706104,65.09993685753184,65.35589599609375,3776059
2016-12-19,65.35588903062869,66.55038441170842,65.31323243348635,65.82515716552734,2739927
2016-12-20,66.29441877916408,67.65956007699887,65.09992990777283,65.313232421875,4427929
2016-12-21,65.73983725109173,65.95313976454825,64.58799847084559,64.88662719726562,4125562
2016-12-22,64.67332757660033,65.14258922150874,63.47883214591963,63.7774543762207,1979396
2016-12-23,64.41737288004445,64.41737288004445,61.90040528521121,63.09489440917969,3375465
2016-12-26,62.966906944262085,63.350848879132954,62.540301901304964,62.710941314697266,2706384
2016-12-27,62.7109487463277,63.05223412303308,62.15636082286611,62.796268463134766,1190912
2016-12-28,62.88158109639551,63.948093710035025,62.83892449753577,63.05222702026367,1410555
2016-12-29,63.09488781363917,64.80130810890435,62.71094585099524,64.11874389648438,2634432
2016-12-30,65.01461087289613,66.59305485911109,63.99076129595164,64.75865173339844,5312629
2017-01-02,64.75865926309267,65.09994466491544,64.16140818253339,64.3320541381836,2053581
2017-01-03,64.673331945433,65.14259362204113,64.03342433321359,64.54534912109375,2334237
2017-01-04,64.67332458496094,65.44120842464989,64.28937615564035,64.67332458496094,2803996
2017-01-05,64.92928344210509,65.69717378827889,64.84396373908046,65.5691909790039,2567580
2017-01-06,66.03846686932889,66.37975223100428,65.52654208155423,65.78250122070312,2891404
2017-01-09,66.03845938131902,66.03845938131902,65.0572665188122,65.18524932861328,1185572
2017-01-10,65.0999370068292,65.99580375806563,65.0999370068292,65.78250122070312,2121660
2017-01-11,66.46506413445269,66.50772073122697,65.44120816972892,65.5691909790039,2098665
2017-01-12,65.69718280047834,68.47011584075828,65.69718280047834,67.6595687866211,10133269
2017-01-13,68.25681329919828,68.4274527286555,67.10498087666971,67.6595687866211,4239234
2017-01-16,67.83019950842167,67.95818231882336,66.16644250162821,66.33708190917969,2584541
2017-01-17,66.67836704831414,66.97698926543679,66.08111610459272,66.42240142822266,1536443
2017-01-18,66.59305567401331,67.53158554927673,66.4650728479599,67.10498046875,2845239
2017-01-19,67.6169056745183,67.87287132818109,66.97699804983831,67.6595687866211,4536872
2017-01-20,67.40358708439477,67.70220926958245,65.8251499545667,66.16643524169922,2916442
2017-01-23,66.12377213975437,67.01964520479282,65.95313275092582,66.16643524169922,4403351
2017-01-24,66.25175582866115,68.59808325877842,66.20909272614153,68.17147827148438,2965222
2017-01-25,68.29947596601167,69.36598866685834,67.65956834550367,68.34213256835938,5123965
2017-01-27,68.4274452073833,69.53662090536989,68.3421255020327,69.11001586914062,2690791
2017-01-30,69.11001614912126,69.79258681364384,68.47010859218496,68.72607421875,1829020
2017-01-31,68.6834031324113,70.60312558021161,67.74487345982625,68.0861587524414,5627724
2017-02-01,68.34212531458864,68.93937626935727,67.40359553935366,68.68341064453125,2843799
2017-02-02,68.8540419332881,69.96321749740298,67.78752947143745,68.64073944091797,2895268
2017-02-03,69.15267906912851,69.96322603525869,68.47010840645743,68.81139373779297,2963991
2017-02-06,69.15267192254885,70.38982379762598,68.98202601977835,70.17652130126953,2498815
2017-02-07,70.34717523890575,70.4751580650753,68.85405745570722,69.2806625366211,2860747
2017-02-08,69.3659819615366,70.30451174566251,69.11001633428577,69.66460418701172,3418339
2017-02-09,69.96322594368179,70.38983097992376,68.7260739423706,69.62194061279297,3367729
2017-02-10,69.96322594368179,70.81643601616572,69.11001587119787,69.62194061279297,7624409
2017-02-13,69.96322705086858,71.37102499464109,69.53662200787548,71.15772247314453,3417059
2017-02-14,71.41368140514471,71.79762984851297,70.51781472290482,71.2430419921875,3619668
2017-02-15,71.24304086199274,71.79762870952027,69.32331820403486,69.70726013183594,2627363
2017-02-16,69.96323448519297,71.20038663754275,69.19534402431373,70.94442749023438,2925775
2017-02-17,71.41368140047139,72.52285711304975,70.56047131678845,71.75496673583984,4841292
2017-02-20,72.05359696427907,73.37607534463008,71.79763781643751,72.82148742675781,4558887
2017-02-21,73.33340437319792,73.33340437319792,71.49900789374557,71.88294982910156,3393310
2017-02-22,71.84027927490662,73.20542048018213,71.15771518174456,71.79762268066406,3266659
2017-02-23,71.71230198819087,72.94945386515472,70.81642889833734,71.20037078857422,5234969
2017-02-27,71.49900687090089,71.66964628206767,70.34716806235805,70.56047058105469,2257546
2017-02-28,70.68846123375886,72.18157903022711,70.26185614905364,70.47515869140625,4371200
2017-03-01,70.60314110889227,71.0724093031349,69.66461122988396,69.92057037353516,3931679
2017-03-02,70.261848639357,70.56047086483804,68.89671381610346,69.15267944335938,2051192
2017-03-03,69.06734577736685,70.77376574972403,68.93936948702054,69.87789916992188,5871263
2017-03-06,69.96322603939747,70.60313359463586,69.87790633392761,70.34716796875,4706563
2017-03-07,70.7311246815223,71.45635202706578,70.56047874114459,70.81644439697266,7309780
2017-03-08,71.02973872529263,71.11505843087521,69.92056302429035,70.04854583740234,3008752
2017-03-09,69.96321833490221,70.51780612359838,69.53661334505524,70.13385772705078,4968194
2017-03-10,70.219199138677,70.98708307910755,69.36598897421908,69.92057037353516,1925931
2017-03-14,71.66964731402906,71.66964731402906,70.3045124766095,71.37102508544922,3935493
2017-03-15,71.66964050078967,73.16275801122279,71.20037239372039,72.56551361083984,6653375
2017-03-16,72.94945512667893,73.93064793027794,71.66964012445649,73.54669952392578,3900973
2017-03-17,74.22927810906226,74.39991752391322,73.1201023841018,73.67469024658203,5676646
2017-03-20,73.80265864478669,74.99715384382277,73.63201926327089,74.35724639892578,4079021
2017-03-21,74.91184969975933,74.99716940822391,73.80267396129038,74.78386688232422,3260875
2017-03-22,74.22927046489733,74.65587546756915,73.63202606494707,74.18660736083984,3390664
2017-03-23,74.27194148436831,74.8265228393647,73.97331274309155,74.3145980834961,4769669
2017-03-24,74.78385899778107,75.16780090013049,73.41872427784602,73.84532928466797,4159127
2017-03-27,73.93066445356412,74.74121153233627,72.99213454407081,74.4852523803711,5247392
2017-03-28,74.48523775838954,76.1063315977016,73.9306499404521,75.76505279541016,6485431
2017-03-29,76.78890991210938,77.77010284065942,76.61827049387308,76.78890991210938,8268726
2017-03-30,76.7888948266341,77.5567850767955,76.27697016301826,76.70357513427734,9240905
2017-03-31,77.21551486169768,77.64211991618221,75.55175775299868,77.08753204345703,5424608
2017-04-03,77.38616141177516,77.38616141177516,75.89304358347042,76.1063461303711,3693246
2017-04-05,76.1489858181488,76.53292768066873,74.95449062106712,75.25311279296875,6266078
2017-04-06,75.16781662842206,75.25313634574378,73.93066445356412,74.4852523803711,4469693
2017-04-07,74.22927873883928,75.21047165624798,73.54670805469155,74.6558837890625,5373922
2017-04-10,74.91184971651404,74.95450631601763,74.10129621222806,74.27194213867188,5509757
2017-04-11,74.61321949007967,76.9168906302246,69.23799984869423,72.90679931640625,32224697
2017-04-12,72.56552900078155,73.63204173442338,71.75497541752748,72.99213409423828,7643076
2017-04-13,72.26689147949219,72.69349652130613,71.58432731827567,72.26689147949219,4775644
2017-04-17,72.43753806686146,72.43753806686146,71.41368205142345,71.71231079101562,6224581
2017-04-18,71.79763031810246,72.13891565572541,71.1150596428566,71.28570556640625,4184680
2017-04-19,71.79762334481448,73.93064836094399,71.75496024070158,73.07743835449219,7511675
2017-04-20,73.54669927202531,73.58936237574355,71.62697677526678,71.79762268066406,3216298
2017-04-21,72.821472075145,72.821472075145,71.41367427562695,71.79762268066406,3326507
2017-04-24,72.05359735706858,73.63204140334287,71.84029481129932,73.3760757446289,2678461
2017-04-25,74.01596717264837,74.10128687037589,72.48018657565041,72.69348907470703,4439588
2017-04-26,72.69349708026274,73.03478241823339,72.35221825176849,72.52285766601562,3153522
2017-04-27,72.56552087310322,72.94946281042014,71.58432796615551,72.22423553466797,4571169
2017-04-28,71.92561340332031,72.52285786429452,71.58432806441658,71.92561340332031,2302640
2017-05-02,71.96826888368771,72.22423451125624,71.15772191218122,71.41368103027344,1944305
2017-05-03,71.66963829429007,71.71230139706499,70.00588143767713,70.13385772705078,2287917
2017-05-04,70.13387365441584,71.07241005280072,69.74993168015078,70.81644439697266,3787868
2017-05-05,70.60313461535823,71.79763003763419,70.38983209386168,71.15772247314453,2399071
2017-05-08,70.98706835407887,71.24303395411144,70.38982396663705,70.90174865722656,2569523
2017-05-09,71.0723945604068,71.11505115409516,70.56046336034169,70.90174865722656,1743406
2017-05-10,71.07240230883095,71.28570482895412,69.45130185399958,69.57928466796875,5865523
2017-05-11,69.96323389165539,70.85910717332715,69.62194852199582,70.47515869140625,2866991
2017-05-12,70.47515162435286,70.68845414531609,69.9632268759364,70.21919250488281,1575436
2017-05-15,70.43249547708709,71.49900808873605,70.09121013946415,71.28570556640625,2007841
2017-05-16,71.58432723145535,73.33340399508538,71.15772219015881,71.54166412353516,5141578
2017-05-17,71.66965498777822,73.37607534463008,71.32836961451243,72.82148742675781,5499293
2017-05-18,72.30955468932194,73.03478195953197,71.24304208328475,71.45634460449219,2296399
2017-05-19,72.0109251803039,72.9067917731058,70.85909298414393,71.79762268066406,6222693
2017-05-22,71.88296513873595,72.09626770591322,68.72608974830365,70.00590515136719,5011530
2017-05-23,70.00588885700527,70.17652826723845,68.25680560947205,68.68341064453125,5940971
2017-05-24,68.81140102911958,69.7499309076327,68.29947623261033,68.4701156616211,4879178
2017-05-25,68.55542801807614,69.32331838516087,68.12882298185977,68.59809112548828,8911228
2017-05-26,68.59809159062242,69.32331885521245,67.87286432603237,69.15267944335938,2377593
2017-05-29,69.45128617558407,69.45128617558407,68.08615165686598,69.23798370361328,1724129
2017-05-30,69.28066353863277,70.64580502488283,68.98204127956944,70.30451965332031,1879356
2017-05-31,70.47515068317901,70.47515068317901,68.76873053826196,69.11001586914062,5984254
2017-06-01,69.3659809295023,69.40863752709191,68.29946834761866,68.85404968261719,2767159
2017-06-02,69.11001633565796,69.70726078662003,68.98203352203,69.15267944335938,1447974
2017-06-05,69.49395779795645,69.57928401278332,68.7260739403248,69.11001586914062,2458920
2017-06-06,69.11001510447622,69.15267821141761,67.61689749419433,67.91551971435547,3011010
2017-06-07,67.83020038604737,68.42744482968119,67.57423476193216,68.25680541992188,2020824
2017-06-08,68.0008475742091,68.21415011554537,67.01966109164388,67.4462661743164,2330855
2017-06-09,67.1476293322654,67.4889146592486,66.16644296771847,66.37974548339844,3785162
2017-06-12,66.12378755240616,67.57424222395848,65.39856021662999,67.31828308105469,3119107
2017-06-13,67.40358667514985,67.8301916541065,66.25175453386198,66.63569641113281,2322985
2017-06-14,66.42239432494205,66.4650574268869,65.48386466743416,66.16643524169922,4060663
2017-06-15,65.910484045016,66.4650719440539,65.52654208155423,65.78250122070312,3411180
2017-06-16,65.78249435037831,66.89167003261178,65.52653523796178,66.4650650024414,4329268
2017-06-19,66.46507289894608,67.14763712262628,65.82516527766509,66.59305572509766,2691021
2017-06-20,66.29442020648261,70.3471680616795,66.29442020648261,70.04854583740234,10963089
2017-06-21,70.389823563602,70.389823563602,69.4086307817294,69.74991607666016,5082680
2017-06-22,69.96322659495374,71.15772200944578,68.8967139944209,70.60313415527344,11286863
2017-06-23,70.5604783214123,70.60314143362221,69.23800646610619,69.53662872314453,3436311
2017-06-27,69.7072601283851,71.49900648330475,68.93937627282095,69.1953353881836,6031291
2017-06-28,69.79258700063714,69.96322641248683,68.98203352066035,69.66460418701172,3192237
2017-06-29,70.04854630655393,70.56047105295428,69.06735341209209,69.57928466796875,2374978
2017-06-30,69.45130148138256,69.49395807949253,68.68341111116372,68.72607421875,3999194
2017-07-03,68.47010831272812,69.19533557240071,68.2141426872078,68.59809112548828,5308137
2017-07-04,69.02470339375894,69.70726761753495,68.72608113901462,69.2806625366211,2415946
2017-07-05,69.79257917957985,70.2191841708744,69.57927668393256,69.74991607666016,2227119
2017-07-06,70.219199138677,70.38983856777779,69.83525065898476,69.92057037353516,1223744
2017-07-07,69.96322575668748,70.816435826891,69.45130101646063,69.70726013183594,3227783
2017-07-10,70.90174859511491,71.45633638838255,70.47514360175143,71.20037078857422,1406680
2017-07-11,71.66965457043015,71.84029400133085,70.60314185360828,70.81644439697266,4536568
2017-07-12,71.41368169086483,71.6696473208011,70.6031347118606,70.85910034179688,3279731
2017-07-13,71.32836160691198,71.58432723549488,70.73111715285364,71.02973937988281,1882220
2017-07-14,71.11507385799064,71.3283764229573,70.60314900396618,70.77378845214844,4106073
2017-07-17,70.81643713685479,71.75496692954432,70.81643713685479,71.15772247314453,5230073
2017-07-18,71.07240173893453,71.58432648123,69.87790633392761,70.34716796875,3271847
2017-07-19,70.30452671490839,71.02975413389952,69.87792158497506,70.77378845214844,3930557
2017-07-20,70.77376621304344,71.24303431230396,70.21918492597729,70.73110961914062,1375720
2017-07-21,70.98707608497145,71.32836141902422,70.38983163248633,71.11505889892578,2135714
2017-07-24,71.11505908625166,71.24304190054312,70.73111715285364,71.02973937988281,2111317
2017-07-25,71.02974694033703,71.15772976825106,70.51782213815794,70.81644439697266,7554662
2017-07-26,70.81643705162868,71.20037898606985,69.87790726006862,70.4324951171875,9530863
2017-07-27,70.81643639541254,70.94441920886577,69.83524350490615,69.96322631835938,2646710
2017-07-28,70.04854630380761,70.73111697196552,69.19533622334838,70.0912094116211,1689815
2017-07-31,69.87790661254931,70.56047076850606,69.19533594711626,69.96322631835938,2681618
2017-08-01,69.28064890225032,71.02973199356992,69.28064890225032,70.64579010009766,2365558
2017-08-02,70.64580463097454,70.7737809488045,70.04855360670103,70.47515869140625,867025
2017-08-03,70.38983943747962,71.15772989687481,70.13387378118888,70.517822265625,2966583
2017-08-04,70.43250164262969,70.60314107164045,68.00084746762606,68.4701156616211,5298112
2017-08-07,68.8540498635557,69.02469578279124,68.12882260786428,68.25680541992188,3124773
2017-08-08,68.42744414547322,68.59809006300246,66.59304772573597,66.76368713378906,1840878
2017-08-09,66.80635051475839,66.80635051475839,65.82515764073527,66.37974548339844,2107243
2017-08-10,66.81359906306655,67.5077689740974,65.77235081661516,66.55328369140625,10816439
2017-08-11,66.33635764454802,66.90036988014558,65.81573351172527,66.42313385009766,4403984
2017-08-14,66.81359956066966,70.41459358828318,66.46651460256926,69.02626037597656,8120241
2017-08-16,70.5013713847783,72.41032894654323,70.37121368281802,71.19554138183594,11428360
2017-08-17,71.67275527195012,71.67275527195012,70.5881191249167,70.84843444824219,3774599
2017-08-18,69.7637944042056,70.63150327336214,69.46009762401945,69.6770248413086,2900287
2017-08-21,69.98073641240482,70.1542755748775,69.41672420422654,69.59026336669922,2749000
2017-08-22,70.28443449176225,70.71828902566203,69.11302857425186,69.46011352539062,2316424
2017-08-23,69.72043331895422,69.72043331895422,68.20194220974199,68.33209991455078,2065914
2017-08-24,69.15641236171344,70.11089766419758,68.3754794707283,68.6791763305664,7107291
2017-08-28,68.80932678429785,69.15640509042294,68.0717688335462,68.41885375976562,2117665
2017-08-29,67.98500428772564,68.02839238924905,66.59667110020929,66.77021026611328,4659510
2017-08-30,67.24745918568766,67.6813137610792,66.85699271587346,67.37761688232422,2203355
2017-08-31,67.4210011761897,69.19980765742834,67.29085009422722,68.76595306396484,5439368
2017-09-01,68.76595043541366,70.06751416605239,68.41886544989089,69.50350189208984,7004328
2017-09-04,69.28657142734205,69.54688680957435,67.68131089049675,68.07177734375,1847590
2017-09-05,68.54901279917378,68.54901279917378,67.68130377639943,67.98500061035156,1500822
2017-09-06,67.94162029095399,68.24531713008987,67.55114725198393,67.68130493164062,4084036
2017-09-07,67.8114719142561,68.02839920341233,66.94376275763119,67.11730194091797,2557393
2017-09-08,67.2908335871943,67.94161531774708,66.59666375990038,66.81359100341797,1894241
2017-09-11,67.68130522851126,70.28443235268477,67.59453564839107,69.93734741210938,7804066
2017-09-12,70.45797826378192,70.978609034576,70.02412370151701,70.28443908691406,5963630
2017-09-13,73.75527287410259,75.23037568354663,72.45370923514783,73.58173370361328,31484628
2017-09-14,73.79865170823946,75.75099692147231,73.53833636510407,73.9721908569336,15122422
2017-09-15,73.71187080266603,73.71187080266603,72.7140108313095,73.14786529541016,6486746
2017-09-18,73.75526742715114,73.97219468428982,72.32354620601694,72.62724304199219,3959456
2017-09-19,72.71402456460146,74.3192850609362,71.58600009685544,73.40818786621094,6973722
2017-09-20,74.62297603062221,74.7965151873068,72.67063072749546,72.88755798339844,6704318
2017-09-21,72.80078297432388,73.23463745376552,71.88968591945887,72.10661315917969,3563888
2017-09-22,71.93308183718871,71.93308183718871,69.50349384009323,69.76380920410156,3947805
2017-09-25,70.8918226116996,71.58599245934306,69.72041678638375,71.02198028564453,9668182
2017-09-26,71.93308249448168,71.93308249448168,69.11302804569996,69.37333679199219,7178936
2017-09-27,69.72041963111097,69.8505773103666,67.50776556414368,67.81146240234375,5905731
2017-09-28,68.1151615377383,68.33208880378204,66.68344025783057,67.03052520751953,42574215
2017-09-29,67.63792542913285,68.24532580470544,66.94376208288688,67.50777435302734,7966435
2017-10-03,68.72256282355053,69.02626632562513,66.90037491158053,67.16069030761719,8461033
2017-10-04,67.20406231293096,68.02838987069359,67.11729273319136,67.68130493164062,4682880
2017-10-05,68.02839446233747,68.72255776720206,67.94162487674127,68.50563049316406,3315187
2017-10-06,68.93947343724024,70.19765538693854,68.8960919617917,69.98072814941406,7199557
2017-10-09,69.72042517929025,71.1955346280819,69.6336555929131,70.6749038696289,6239160
2017-10-10,70.93521212896866,71.23890896085362,70.5013576205346,70.76167297363281,3898379
2017-10-11,70.93522093031142,71.62939087797335,69.80719642038457,70.28443908691406,5318204
2017-10-12,70.28443672560942,71.2389154065061,69.80719407511357,70.89183044433594,4280242
2017-10-13,71.67275527195012,71.67275527195012,70.63150721883551,70.84843444824219,2469408
2017-10-16,71.15213748737357,71.36906473581068,70.58812531741822,71.10874938964844,2578188
2017-10-17,71.10875820176061,71.23891589097144,70.71829175422316,70.80506134033203,3977209
2017-10-18,70.978606696163,71.23891545288883,70.32782487420586,71.06537628173828,3092776
2017-10-19,71.62938171923246,71.62938171923246,70.32781819885945,70.7182846069336,536886
2017-10-23,71.15213843296063,71.19552653126236,70.45796858069887,70.93521118164062,1906801
2017-10-24,71.15214516931172,71.58599971302704,70.76167872800593,71.28230285644531,1983329
2017-10-25,71.58599923084573,72.7140236849455,71.02198700379583,71.36907196044922,6803458
2017-10-26,71.75953888247518,72.28016963100953,71.15214516931172,71.28230285644531,7214920
2017-10-27,71.58599134659892,74.36265745382326,71.45583367467718,73.84203338623047,7554777
2017-10-30,74.62297794408093,75.8811534125421,74.05896574025209,74.57958984375,5887950
2017-10-31,74.926670575987,74.926670575987,73.40817983105347,73.66849517822266,3517881
2017-11-01,74.3626723288184,74.79652690861337,73.23465439340882,73.92881774902344,3999344
2017-11-02,73.92881204459188,74.36266659091014,72.93095188413591,73.58173370361328,3855149
2017-11-03,74.5795787853208,76.79223917221881,72.62723372162033,73.32140350341797,23606567
2017-11-06,73.27802763240061,75.01344575627127,72.67063393708379,74.14573669433594,9048909
2017-11-07,74.6229633283818,74.97004820276504,71.54259417085893,72.06322479248047,8529822
2017-11-08,72.41032533073655,73.36481068405256,72.01985886444939,72.2801742553711,5729398
2017-11-09,72.49709986155547,73.23465129195282,71.75954181106289,72.67063903808594,3733865
2017-11-10,72.41031016910654,73.10447998615211,71.45583163573939,71.97645568847656,3201517
2017-11-13,72.15001119025582,72.32355035789132,70.9352171565227,71.32568359375,3917398
2017-11-14,71.15213870201433,72.19338686424996,70.84844187303679,70.97859954833984,5252226
2017-11-15,70.89183787056339,71.75954705683759,70.84845638330711,71.19554138183594,4310040
2017-11-16,71.49923055726669,73.9722001472617,71.49923055726669,73.58173370361328,9687109
2017-11-17,74.18913016665275,78.44090620197704,74.10236057819618,77.18272399902344,17486215
2017-11-20,77.22610456081394,80.17631662086394,77.22610456081394,79.56891632080078,22268784
2017-11-21,79.95939426649247,82.08527889690329,79.56892120247547,80.61017608642578,17274882
2017-11-22,80.48001057702163,81.04402275683634,78.48427720847553,80.74032592773438,10917988
2017-11-23,81.0440375824396,82.38898282023827,80.00278260920341,80.82711029052734,11289675
2017-11-24,80.78372075812044,81.86835719853585,80.34986618195428,81.2609634399414,6622336
2017-11-27,81.04403895820036,83.12654231992866,80.2630993700403,82.64929962158203,11711838
2017-11-28,83.08313703992701,84.08100371742802,82.08527036242599,83.16990661621094,13765563
2017-11-29,83.0397670927485,84.25456128653883,81.99851870955438,82.47576141357422,12104211
2017-11-30,82.21543094640427,83.0831399801394,81.30433381294455,82.17204284667969,17098296
2017-12-01,82.30220572244752,82.95298753884025,77.83350259253183,78.31074523925781,7310376
2017-12-04,78.96151252727923,79.699063792801,77.44302190175463,77.9636459350586,4903439
2017-12-05,77.87689470088354,78.00705239487623,76.44517330715465,77.13934326171875,4046457
2017-12-06,77.226109411277,78.3107457794129,75.49069122225953,75.83777618408203,4891755
2017-12-07,76.2716283904743,79.13506434241403,76.09808260484186,78.83136749267578,10031260
2017-12-08,79.39537763629527,81.43449256850906,79.13506227469578,79.48214721679688,8248218
2017-12-11,80.002759119294,81.6080259041928,78.39749895448882,81.1741714477539,8217955
2017-12-12,80.56678710120832,80.69694478778825,78.22397522314921,78.57106018066406,5463807
2017-12-13,78.5710606138529,79.5255392872099,78.00704838229353,78.31074523925781,7782576
2017-12-14,78.52767944335938,78.96153402591936,77.52981257945227,78.52767944335938,9796726
2017-12-15,79.43876663672563,79.91600264493945,78.70120864386794,79.13506317138672,4984491
2017-12-18,78.09381542509504,80.7403307069834,76.61871267065894,79.04829406738281,8374309
2017-12-19,79.65569438163486,79.82923354565271,78.6144395372434,79.04829406738281,3616578
2017-12-20,78.9615251768764,79.74246466198535,78.57105874436934,78.83136749267578,4907711
2017-12-21,78.83135966271172,79.5689109731312,78.61443241728868,78.96151733398438,4925527
2017-12-22,79.22185058528031,81.43450501672748,78.91814707695805,80.48002624511719,12421581
2017-12-26,83.2133105015622,83.2133105015622,80.34986760028214,80.82711029052734,8476138
2017-12-27,81.13079439270103,81.73818806631981,79.43876443040979,80.08954620361328,5456865
2017-12-28,80.39323604877792,81.13078733691289,79.48213899749159,79.87261199951172,6436421
2017-12-29,80.48001653497869,82.21543468128552,80.0895501000976,81.13079833984375,9494201
2018-01-01,81.39111886024601,86.77091280619179,80.17632475694028,84.29794311523438,33659894
2018-01-02,85.25242164412616,86.98783989642389,83.4302338032326,86.5105972290039,29174233
2018-01-03,87.03122570957773,88.1592435718178,86.42382536520684,87.46508026123047,23056832
2018-01-04,87.59522639504529,87.63861449580386,86.12012365057954,86.42382049560547,6688043
2018-01-05,86.59736702377106,88.33278514753324,86.1635124928305,86.38043975830078,11646646
2018-01-08,86.77089711060269,87.2047515961557,85.81641856640488,86.64073944091797,5874354
2018-01-09,86.81428085507405,88.07245615206605,85.29579023176255,85.55609893798828,8661596
2018-01-10,85.77305032663241,86.68414760525421,84.25455927565983,85.25242614746094,5961340
2018-01-11,85.29580343094942,86.98783345357964,84.86194890000887,86.38043975830078,7143154
2018-01-12,86.51058453263882,87.76876655296,84.55823928533168,85.94657897949219,8351731
2018-01-15,86.3804434307711,86.59737070546404,84.7751763019672,84.99210357666016,4943917
2018-01-16,85.20903611099621,85.4259633990793,80.61018157569217,81.2609634399414,9672170
2018-01-17,81.30433793731343,81.56465330867697,79.39538061429725,80.8704833984375,11511446
2018-01-18,81.47787560793154,81.78157243087082,78.13719731541083,78.61443328857422,8188295
2018-01-19,78.70119842722718,80.26307717157648,78.26734395602946,80.00276184082031,4545029
2018-01-22,80.34986255217237,80.48002024316148,79.17845657346075,79.91600799560547,3904900
2018-01-23,80.04614954768,81.04401615061293,79.61229507858688,80.26307678222656,4928177
2018-01-24,80.04615947677979,80.61017168058092,78.83136548861462,79.65569305419922,4353614
2018-01-25,79.69907889921565,80.34986071922029,77.70335195659177,78.05043029785156,10848150
2018-01-29,78.1805885141531,79.09168571635406,77.61657627565228,78.13720703125,4361006
2018-01-30,76.92240340355941,79.30860312965909,76.48854890790493,78.61443328857422,6984202
2018-01-31,78.44089871912075,79.13506198064896,76.83563831547443,77.22610473632812,5862598
2018-02-01,77.22611000039295,78.83137051346075,76.14147362398293,77.83350372314453,9055967
2018-02-02,76.70548511308569,76.96579386881963,73.01772146938056,73.58173370361328,6950966
2018-02-05,72.36693870553897,74.18912645227769,71.45584152212216,73.7552719116211,5165430
2018-02-06,71.1521360184624,73.06109311726155,69.02625167570451,71.84630584716797,7742393
2018-02-07,72.84417515541331,74.49282374359618,72.6272478838128,73.49495697021484,5612811
2018-02-08,73.71187645337842,74.75313121909831,73.45156772701915,73.79865264892578,3975580
2018-02-09,71.58599206435352,74.57958544809786,71.58599206435352,73.79865264892578,3539836
2018-02-12,74.18912917255325,75.79438970782338,74.18912917255325,75.27376556396484,3958245
2018-02-14,75.92454620649592,77.13934026981886,75.01344900397994,75.57746124267578,8735379
2018-02-15,77.05255763275225,77.05255763275225,74.27588501259807,74.83989715576172,4726842
2018-02-16,75.05683876813588,75.83777829899101,74.49282651695744,75.18699645996094,3919700
2018-02-19,75.23037909904718,75.36053679287089,73.75527622263265,74.70975494384766,3506211
2018-02-20,74.70973929334933,75.31713953058754,74.2325033427628,74.97005462646484,2973442
2018-02-21,75.05683156850017,75.57745566576564,73.40818307708066,74.92667388916016,6105693
2018-02-22,74.79651290240243,75.6642218995073,72.41031316036401,73.66849517822266,11344724
2018-02-23,73.75526228034461,75.01343763591287,73.32140779634258,74.40604400634766,6224406
2018-02-26,74.49282863063532,75.57746505979452,74.27590134480347,74.53621673583984,5083760
2018-02-27,74.92668391923566,75.40392660067037,74.01559328208138,74.31929016113281,3483539
2018-02-28,74.23250051451565,74.4494277438157,73.10447627411791,73.32140350341797,3879178
2018-03-01,73.75525889711359,74.57957973086737,72.84416187446469,73.14786529541016,6936315
2018-03-05,73.14787871844017,73.14787871844017,70.63152104087234,71.28230285644531,5009614
2018-03-06,71.67276251210976,72.1500051130515,70.37119900418975,70.93521118164062,4764070
2018-03-07,70.45796742045924,70.89182191595492,68.54901028831598,68.72254943847656,3996821
2018-03-08,68.20193161503668,69.76381058992322,66.81359842630134,69.3299560546875,8699087
2018-03-09,69.41673278808594,70.80506611982855,69.24319360415393,69.41673278808594,5486959
2018-03-12,69.8939652489999,70.32781976545529,69.37333453317781,70.1542739868164,3328605
2018-03-13,70.11088357161533,71.36905886094404,69.763798678668,70.58811950683594,5000216
2018-03-14,70.50136057533226,70.63151825733642,69.28656657678451,69.76380920410156,3251098
2018-03-15,69.93734857893325,70.45797268843505,69.41672446943146,69.63365173339844,3876762
2018-03-16,69.63365215837918,69.98073710686357,69.1564095267013,69.37333679199219,9813941
2018-03-19,69.37333871398201,69.85058135888191,68.41886004427714,69.02626037597656,4114695
2018-03-20,68.37548326429575,69.89397426782939,68.37548326429575,69.72042846679688,2206517
2018-03-21,69.76380984157267,70.06750668896098,69.24318572889347,69.37333679199219,5279874
2018-03-22,69.32996319611993,69.72042967001471,69.19980549812317,69.41673278808594,3112967
2018-03-23,67.68131446838379,69.67704818407947,67.68131446838379,69.41673278808594,6418882
2018-03-26,70.28443470818712,70.50136197580498,68.33208929962638,69.3299560546875,6556759
2018-03-27,69.80719877188646,70.71829603137176,69.15641690656709,69.50350189208984,4073519
2018-03-28,69.24318108084034,69.72041706038829,67.98499905455363,68.54901123046875,10620637
2018-04-02,68.54901857948501,71.32568503846412,68.3320913054993,71.06537628173828,3657360
2018-04-03,70.41459435520602,73.40818808372494,70.41459435520602,73.27803039550781,3298435
2018-04-04,73.49493914165963,74.57957523654889,71.62937035452475,72.06322479248047,4973672
2018-04-05,72.88756702902789,73.53834887750135,72.28017328515745,72.4537124633789,2956519
2018-04-06,72.49708268011523,73.84202752971936,71.67275523671883,73.32140350341797,4231975
2018-04-09,73.01772051652387,74.10235686816536,72.84417472820428,73.7552719116211,1829399
2018-04-10,74.01558883562775,76.01131579242718,72.88756435823608,75.57746124267578,8597297
2018-04-11,75.40392255218667,76.44517083019927,74.62298303362967,75.49069213867188,5792098
2018-04-12,75.57745916010238,76.7488650881335,74.88329587168516,76.22824096679688,8423805
2018-04-13,76.18485280333702,76.96578560680338,75.66422210756706,76.05469512939453,4719330
2018-04-16,75.36053262756755,76.57532666928627,74.31928437472006,76.18486022949219,2340628
2018-04-17,76.22823421550804,76.44516146519366,75.49068289059579,75.88114929199219,3111160
2018-04-18,75.9679255534643,76.66208878100042,75.57745253163682,76.05469512939453,3471674
2018-04-19,76.2282445305742,76.83564488394282,75.0568385477782,75.31715393066406,7133021
2018-04-20,75.31715628885355,75.4039258791672,74.18913175448982,74.53621673583984,4158260
2018-04-23,74.1891331784048,74.70975735037452,73.40819361040249,74.10236358642578,4863546
2018-04-24,74.1023485285013,74.83989984059264,73.36479721640994,73.9721908569336,5006507
2018-04-25,73.84204655080673,75.44730713710996,73.53834967557565,74.66637420654297,3593228
2018-04-26,74.62298610146908,75.66423442228864,73.66850737070193,74.66637420654297,3632913
2018-04-27,74.53621164573786,76.87902352469222,73.92881131483104,76.18486022949219,6838988
2018-04-30,76.22824791662721,77.35627246577911,75.57746605060007,76.61872100830078,6431222
2018-05-02,77.00918307249573,77.70335300456753,74.88329841318037,75.49069213867188,5877657
2018-05-03,76.35839609318329,77.00917787806837,73.66849937301053,74.75313568115234,8417244
2018-05-04,74.70974890861285,75.10022195854062,72.36693708942538,74.14573669433594,8584365
2018-05-07,73.66849423706427,74.7531304695885,73.19125164671594,73.84203338623047,6888782
2018-05-08,73.92881319024089,74.79652229632397,71.75954042503317,73.1044921875,6183895
2018-05-09,72.88756725377765,73.4081914101427,71.93308853042582,72.32355499267578,4556128
2018-05-10,72.32354357831744,72.67062850114776,70.15427108574588,71.15213775634766,5727033
2018-05-11,70.978606696163,71.4992308297097,70.11089760022016,71.06537628173828,4097448
2018-05-14,70.80505445241955,71.1521393831857,69.72041818133441,70.76167297363281,7645061
2018-05-15,70.58813524918558,71.23891708606209,69.72042613335024,70.5013656616211,4188197
2018-05-16,70.02412299987358,70.71829294057993,69.85058382474459,70.5013656616211,2846781
2018-05-17,70.71827678657944,71.58598570420618,69.8939559628715,70.84843444824219,5906232
2018-05-18,70.71828618222732,70.71828618222732,69.63364989108887,70.1542739868164,7138023
2018-05-21,70.06751077167837,70.11089887530261,67.98500757952277,68.37548065185547,3399879
2018-05-22,68.50564155560612,68.76595697452605,67.4210050102666,67.55116271972656,3793522
2018-05-23,67.68130604206698,68.15854866860661,66.85698509087455,67.20406341552734,2530994
2018-05-24,67.29084240939012,67.59453926611224,65.33849696176868,66.33635711669922,5298717
2018-05-25,66.29297034811218,70.89182417484733,65.90249731766752,70.45796966552734,6118812
2018-05-28,70.50135560801266,72.01984634418524,69.98073153677234,71.4124526977539,3655542
2018-05-29,71.15214876643198,73.19126390096311,70.80506378989374,72.4537124633789,7252300
2018-05-30,71.54261779785156,72.88756964772276,70.71829674154053,71.54261779785156,5164168
2018-05-31,71.5426142191731,72.1933960584746,69.28657183361362,70.54475402832031,9109367
2018-06-01,69.98073056092313,70.5013546249036,67.94161578194475,69.06963348388672,3087156
2018-06-04,69.11303588320116,69.46012087104542,66.46652029849622,66.98714447021484,2185214
2018-06-05,66.90037118986831,68.76594710409302,66.20620787254654,68.37548065185547,5406955
2018-06-06,68.28869813052188,69.15640716201565,67.20406184115467,67.76807403564453,2849279
2018-06-07,68.2886974443037,69.32995224368959,67.76807335465797,67.98500061035156,3366418
2018-06-08,68.54902143101413,68.54902143101413,67.4209969113264,67.63792419433594,4045326
2018-06-11,67.94161939845102,69.72041893007692,67.76807362115699,68.02838897705078,7365983
2018-06-12,68.54902268244402,68.72256186398165,67.4209981421631,67.50777435302734,3505780
2018-06-13,67.85484714151751,67.9850048270254,66.64005973036352,66.85698699951172,3049374
2018-06-14,66.9871297518579,67.46437233279634,66.24957845230274,67.07390594482422,2956563
2018-06-15,67.1606859203313,67.33422509295558,65.85912226536401,66.03266143798828,2703757
2018-06-18,66.03265703169396,66.2495842930465,64.90463924471754,65.07817840576172,1857389
2018-06-19,64.73108650392693,64.94801374195625,63.38614160020158,63.68983840942383,3696735
2018-06-20,63.64645251576719,64.64431916924416,63.169216547648055,64.08030700683594,3586906
2018-06-21,64.90464854487736,65.25172691669843,64.12370896808879,64.6877212524414,2985501
2018-06-22,65.16495259453913,66.2495889780038,65.07818300788097,66.0760498046875,3099772
2018-06-25,66.59667297436573,67.07391562417445,65.94589115376932,66.24958801269531,4466618
2018-06-26,66.4231295884667,66.4231295884667,65.07817792987804,65.16494750976562,2552275
2018-06-27,65.07818351866183,65.29511079705738,61.86766244644591,62.38828659057617,4334784
2018-06-28,61.95441752946996,64.94801062245222,61.607332641275036,62.17134475708008,7471148
2018-06-29,62.4750559940273,63.90677735124279,62.30151681985973,63.5596923828125,3668110
2018-07-02,63.863380454473806,64.0803077023627,62.38827781686697,62.69197463989258,2632012
2018-07-03,62.90890544812762,63.34275996845953,62.38828134774825,62.648590087890625,3149476
2018-07-04,62.69197941005987,62.95229477537137,62.127967198614776,62.51844024658203,2327587
2018-07-05,62.47505396792763,62.648593136467234,61.69411446930955,61.82427215576172,1328748
2018-07-06,61.780882672220145,62.77874941924889,61.6073435075607,62.25812530517578,1688831
2018-07-09,62.47505198306941,64.03693093068404,62.47505198306941,63.516300201416016,1713958
2018-07-10,63.99354406249314,64.29724091368601,63.12583499045934,63.38615036010742,1897237
2018-07-11,62.952293548198654,63.73322638872042,62.17135408758229,62.648590087890625,2829649
2018-07-12,63.0903993985078,63.35548105971425,61.23480080415012,61.411521911621094,4361939
2018-07-13,62.762222516319575,63.48259513822146,62.2219464848844,63.16743469238281,3113836
2018-07-16,63.032352507033536,63.167423207830566,61.81672993982271,62.08686447143555,2182138
2018-07-17,61.86174501820387,64.20295203081311,61.27645013503235,63.84276580810547,2621707
2018-07-18,63.84278137277579,64.65319885395002,62.041856690158596,63.03236389160156,4730154
2018-07-19,63.212446388442615,63.4375619480453,60.87124594257097,61.411521911621094,2671048
2018-07-20,61.411519650774586,61.50157136728578,60.4660384572399,61.09635925292969,2467860
2018-07-23,61.1413880290031,61.86175370560029,59.925765367885184,61.276458740234375,3592808
2018-07-24,61.411525244119424,62.13189782193174,60.55608881920159,61.05134582519531,8544903
2018-07-25,61.3214803893884,62.53710310321239,60.78120439102018,61.05134582519531,2761319
2018-07-26,61.23143620743812,65.28351654469506,61.23143620743812,63.797752380371094,13063298
2018-07-27,63.97784598766413,65.28351350986878,63.79774941461334,64.69821166992188,4748886
2018-07-30,64.74324661166847,67.26453715818342,63.84278423005968,66.4991455078125,5228991
2018-07-31,66.45412406385525,67.53467613400635,65.37356512372163,67.12947082519531,3593905
2018-08-01,66.99439311649569,67.26452767088766,65.4185841709396,65.77877044677734,1910149
2018-08-02,65.73375734176825,65.82380221070557,64.29301882882201,64.78826904296875,2722659
2018-08-03,64.6982064089565,65.91382898077772,64.6982064089565,65.1484375,2275783
2018-08-06,65.37355836140328,65.64369978598856,64.51812196685289,64.69821166992188,1936040
2018-08-07,64.83328091516265,64.92332576465961,63.07738230503632,63.30249786376953,2069326
2018-08-08,63.302488585001136,63.797738619632305,62.221929939479175,62.53709030151367,2391506
2018-08-09,63.03235136078817,63.392537599703175,62.31197888295815,62.94230651855469,1540636
2018-08-10,62.94231280335767,64.06789061861807,62.131895402373836,62.44705581665039,2354841
2018-08-13,62.26696652014782,63.07738392641514,61.72669053929688,61.90678024291992,2145648
2018-08-14,62.1769216683363,62.627152797375714,61.77170953021173,61.90678024291992,1529387
2018-08-16,61.72669009109447,61.72669009109447,60.33097085321398,60.466041564941406,3007914
2018-08-17,60.691160256217366,62.13189855895022,60.375999825929256,61.81673812866211,2814891
2018-08-20,62.04185571323212,63.34752333957723,61.68166940838377,63.077388763427734,1947407
2018-08-21,62.85227306573055,65.73374975923848,62.76222133719778,65.05840301513672,4051774
2018-08-23,66.093933882501,66.093933882501,64.06789371704957,64.87831115722656,3874963
2018-08-24,64.65319541832984,65.28351627575812,63.572636544190104,64.60816955566406,1880021
2018-08-27,64.65319117395872,68.9754057768254,64.65319117395872,68.07494354248047,8322360
2018-08-28,67.8948541470647,69.11047679486734,66.49913492959915,67.39959716796875,6849642
2018-08-29,67.03941531176585,69.92089878622292,66.99439631887282,69.24555206298828,5498653
2018-08-30,69.33559441456126,69.69578069460731,68.16499072190707,68.52517700195312,3984371
2018-08-31,67.98490812199313,69.87587770238316,66.94937503488015,69.06546020507812,8664078
2018-09-03,69.33560088313659,71.13652558139988,68.66025412128786,70.41615295410156,9367421
2018-09-04,71.0014467756076,71.0014467756076,65.50862844494213,66.04890441894531,6421244
2018-09-05,66.18397729394447,67.84983113074804,65.46360472506521,67.44462585449219,4558713
2018-09-06,67.84982355656662,68.25503565756998,66.27401474928745,67.5796890258789,3305924
2018-09-07,67.48964425959016,68.39010652787013,66.49913713847859,67.71475982666016,3672000
2018-09-10,67.8498369769213,68.25504915807358,66.18398299658207,66.4541244506836,2481496
2018-09-11,66.58918231581438,69.29056913381874,66.54416332417014,67.03941345214844,9600604
2018-09-12,67.35457353887614,67.48963736934348,65.64369402981734,66.63420104980469,3114148
2018-09-14,66.76927566836241,68.88536053296029,66.76927566836241,68.61521911621094,3673610
2018-09-17,68.39010582543881,70.86637703777505,67.62471427925853,70.14601135253906,4917413
2018-09-18,70.14601250452644,71.09149377004762,66.67923412431819,67.17448425292969,5822581
2018-09-19,67.75978867436372,69.65075814709371,67.35458338377236,68.0299301147461,5377830
2018-09-21,68.02992599147119,68.88536238419725,61.45654879374461,65.6436996459961,11584620
2018-09-24,65.5536494606453,65.64369430466095,61.32147309209794,62.2219352722168,5131356
2018-09-25,62.13189421036421,64.20296009870235,61.23143197543139,63.30249786376953,6281761
2018-09-26,63.66268977339734,63.887805376372555,62.041861553965596,63.257484436035156,3273684
2018-09-27,63.07738773180935,63.61766374525459,61.41152695787837,61.77171325683594,3697390
2018-09-28,62.22194312873214,62.447058702186304,58.98028024498873,59.295440673828125,4314947
2018-10-01,59.83571185009939,61.5916173034093,58.349954681120714,61.186405181884766,5836832
2018-10-03,60.96129010659901,62.35700930842646,59.74566747241662,60.78120040893555,3650280
2018-10-04,60.240925823815424,61.231432923582915,59.52055327672174,60.195899963378906,2925150
2018-10-05,60.78120631837701,60.78120631837701,56.098801589074185,56.59405517578125,3751740
2018-10-08,56.59405209912731,58.80018877496136,54.34289643193862,55.3784294128418,4837741
2018-10-09,55.7836371474173,56.18884584744516,53.84764193339026,54.883174896240234,4969265
2018-10-10,55.19833723766563,58.935253649547946,55.15331481053279,58.53004837036133,5665257
2018-10-11,56.54902934425966,57.539539893062866,55.468473943288394,56.053775787353516,5043513
2018-10-12,56.81916809796417,64.92332856147677,56.68410081790021,61.996826171875,29093448
2018-10-15,62.98733989909095,64.47310418041684,61.95181367178692,64.15794372558594,11621446
2018-10-16,64.42808415486985,66.67924003910734,63.48259593549709,66.4541244506836,11095793
2018-10-17,66.85932782565735,67.17448826632727,64.5631461422378,65.32854461669922,10862420
2018-10-19,64.83328865180064,65.19347496275158,62.4020430753511,63.16743469238281,4497227
2018-10-22,63.75273915207741,64.29301520523411,61.951814394899884,62.67218017578125,7954462
2018-10-23,62.402026482056485,62.942302369827146,61.1863971470967,62.53709030151367,4377235
2018-10-24,62.672174130502114,63.84277785774564,61.681666983594106,62.35701370239258,2743564
2018-10-25,61.951803462015484,62.94231052966779,60.82622568741478,62.131893157958984,9727241
2018-10-26,62.041847229003906,63.707700932391724,61.231429871415365,62.041847229003906,5515389
2018-10-29,62.311985420153235,77.52979893348004,61.54659387589925,69.87586975097656,44673883
2018-10-30,70.68628724518312,72.08200649292151,69.0204334420637,70.01094055175781,17409930
2018-10-31,70.41614665139302,71.13651921421327,67.21950972008524,68.93038940429688,9638641
2018-11-01,68.70527855185985,69.96592031833022,67.80481622153394,68.75029754638672,9074632
2018-11-02,69.51567915122877,69.69577571337102,67.80480646575636,68.43512725830078,7177611
2018-11-05,67.44462329951764,68.30005968142143,65.95885922622745,67.8048095703125,4561329
2018-11-06,67.93986804344853,69.42563199936495,67.53466281455367,68.11996459960938,4673161
2018-11-07,68.84034501278207,68.8853708789967,67.98490851456536,68.3901138305664,437631
2018-11-09,68.8403352522717,69.42563708016172,67.53466775696309,68.34508514404297,8564873
2018-11-12,68.30006775619525,68.79532479583763,66.76928451181745,67.12947082519531,3131624
2018-11-13,66.67923146890492,68.88536120391339,65.82378822085424,68.48015594482422,5609725
2018-11-14,68.70527513451646,70.91140498609091,67.98490255809351,70.19103240966797,5642238
2018-11-15,70.23606402007236,70.59625033776157,68.34509443968233,69.06546020507812,3328106
2018-11-16,69.15550994873047,69.69578597473975,67.62471986005804,69.15550994873047,4743419
2018-11-19,69.24555155297402,70.05596898888305,68.25504440685502,69.6507568359375,5660440
2018-11-20,69.65075936820037,71.00145285382797,68.75029704444863,70.5062026977539,10567258
2018-11-21,70.3260984083292,71.22656063345501,69.11047577840567,70.37112426757812,4999835
2018-11-22,70.01094196740385,70.46117310545789,67.08443957005255,67.44462585449219,4807716
2018-11-26,67.98490425135496,68.79532170251987,67.03941607999887,68.0299301147461,4950029
2018-11-27,68.11996459960938,68.61521467159407,67.08443172912332,68.11996459960938,4127732
2018-11-28,68.52517546336742,68.52517546336742,66.49913541232841,66.99439239501953,3949157
2018-11-29,67.44462526816531,68.2100168222069,66.09393186574538,67.71475982666016,14742072
2018-11-30,67.714759589345,68.88536328199918,66.4090920529077,68.52517700195312,8135493
2018-12-03,69.24555449537529,74.8734440533547,69.1104837719873,74.33316802978516,29213251
2018-12-04,74.333160522561,75.50375731040772,72.6672998856556,73.3876724243164,9652045
2018-12-05,72.71232586819099,73.38767254808131,71.94693433831164,72.44218444824219,4817088
2018-12-06,72.21707748661952,72.21707748661952,70.95643569671454,71.49671173095703,4685342
2018-12-07,72.0369821590275,73.07251515155993,70.55121802800117,71.5417251586914,5677506
2018-12-10,70.68629001268553,71.40666259520255,68.70527571573686,69.9208984375,3040723
2018-12-11,68.52518580642315,72.1720611967382,68.3000702112181,71.27159881591797,3917069
2018-12-12,71.45167806218078,71.99195403741827,70.01093983822018,71.2265625,4227632
2018-12-13,71.3616357868446,73.20758621134253,69.78582679470608,70.86637878417969,5535207
2018-12-14,70.91139740581355,71.90190444002548,70.3711214662417,71.40665435791016,1828782
2018-12-17,71.67679444489963,72.84739812963313,69.69578022302338,70.14601135253906,3358110
2018-12-18,70.01094032358526,71.09149228155141,69.74079889910283,70.82135772705078,3915779
2018-12-19,70.95643297444484,72.30712644322247,70.77633638995181,71.58675384521484,3721346
2018-12-20,68.48015404387735,72.8473944027547,68.48015404387735,72.26209259033203,9768078
2018-12-21,72.48722273461861,72.62229346774802,68.48016782833781,68.84034729003906,7243377
2018-12-24,69.15550994873047,70.82136389141843,68.52518219340098,69.15550994873047,5132728
2018-12-26,68.9754157414433,69.0654606038899,67.39960660368847,68.3901138305664,4017872
2018-12-27,69.0654527506407,69.96591501268286,67.98490078418286,69.3355941772461,12997320
2018-12-28,69.47065451648051,70.10097525779133,69.15549414582509,69.42562866210938,3477676
2018-12-31,69.65076011007964,70.23606200074903,68.52518219340098,69.15550994873047,3602334
2019-01-01,69.33560166084067,69.5607172506486,68.70528075737153,69.06546020507812,2153622
2019-01-02,69.15550265477849,69.29056649454859,66.99439190869509,67.39959716796875,2504768
2019-01-03,68.43513544026646,68.6602510173726,66.49914010315722,66.81430053710938,4583837
2019-01-04,66.90434239418784,68.02992011367296,66.36405959285003,67.5796890258789,3170169
2019-01-07,67.93988075104564,68.21002220082406,66.85932869189685,67.26453399658203,1691362
2019-01-08,67.30955719888118,67.98490392662914,67.12946748614125,67.4896469116211,1684121
2019-01-09,67.62471036366583,67.9848966204193,66.49913260504961,66.9493637084961,2006348
2019-01-10,66.85932400102554,67.62471556172102,66.5441635783841,67.44462585449219,1704653
2019-01-11,67.6247204582789,67.75979118347168,66.4541235365672,67.53467559814453,3214817
2019-01-14,67.53466342870932,67.53466342870932,66.36405984795253,66.90434265136719,3702534
2019-01-15,67.08443208131297,67.75977871300404,66.76927169385338,67.5796890258789,3099444
2019-01-16,67.53467485016468,69.290573648276,67.0844436844969,68.88536834716797,4222858
2019-01-17,68.750287654573,69.290563601037,67.48963919950276,68.43512725830078,4496763
2019-01-18,68.43512725830078,68.84033250065343,67.66973576164501,68.43512725830078,4009644
2019-01-21,68.43513969678102,69.51569178610556,67.93988264835075,68.3901138305664,5188679
2019-01-22,68.34509224573301,69.78583060025798,67.44462991540709,68.75029754638672,4074882
2019-01-23,69.33559465755684,70.19103106443005,67.39959940675855,67.71475982666016,5394325
2019-01-24,67.80481758653538,68.2100228953464,66.90435523808196,67.12947082519531,3700318
2019-01-25,67.26452667361562,67.80480951435285,66.13894887204923,66.58917999267578,3724093
2019-01-28,66.58917729422019,66.58917729422019,62.71719393572879,63.88779067993164,5766908
2019-01-29,61.681670157611144,65.19347465007017,61.681670157611144,63.97785186767578,12562431
2019-01-30,64.11291045256114,64.38305187976971,61.14138910317627,61.36650466918945,4846733
2019-01-31,61.63663440550938,64.83327794086395,61.141384321005475,64.20295715332031,7442257
2019-02-01,64.383056640625,65.10342925312844,63.25747872732736,64.383056640625,3343602
2019-02-04,63.9328198587021,64.06789057042812,62.62715234197484,63.52761459350586,3028680
2019-02-05,63.25746690136241,64.60816014480787,62.35700473906544,62.94230651855469,2916745
2019-02-06,62.85226403437562,63.842771076067336,61.591615585867366,63.392539978027344,3066537
2019-02-07,63.39255282664536,64.29301520523411,62.2669748534094,62.67218017578125,3536220
2019-02-08,62.1769216683363,63.34751848184969,61.276459410257466,61.90678024291992,2124482
2019-02-11,61.63663790055819,61.63663790055819,58.66511661509335,59.02530288696289,7041255
2019-02-12,59.11535120876193,60.556089510860325,58.98028049013162,59.700653076171875,4213698
2019-02-14,59.250420122726695,61.09636365450965,58.620092411644634,60.826229095458984,6828282
2019-02-15,60.60110852514233,63.21244339696905,59.83571016272965,62.311981201171875,11110591
2019-02-18,62.31198957474624,62.58213101777993,58.57507645600132,58.845211029052734,6717626
2019-02-19,59.34046936035156,60.466047281185304,59.11535377618481,59.34046936035156,2892850
2019-02-20,59.83571649690924,61.18640993358875,59.25042150366712,60.240928649902344,5950455
2019-02-21,60.961294926676175,61.36650708343061,60.1959033461162,60.73617935180664,3283026
2019-02-22,60.781202973621966,61.18640824545336,60.10585627391506,60.421016693115234,3078805
2019-02-25,60.421012264677906,60.73617266077904,59.79069147247565,59.92576217651367,3161336
2019-02-26,59.700645347139734,60.46603682697871,57.67460543992886,59.565574645996094,10552247
2019-02-27,59.92575838419303,61.18639988881955,58.665110009585554,58.98027038574219,4724311
2019-02-28,59.34047297084932,59.65563343386183,58.62010030969257,58.93526077270508,9665743
2019-03-01,59.43050754075439,61.006316452819846,59.07032127257167,60.37599563598633,11001198
2019-03-05,61.09636780936264,62.717202753819066,60.51106591997657,62.266971588134766,13327374
2019-03-06,63.03235355361774,64.9683486439037,62.311981050726715,64.20295715332031,11046556
2019-03-07,65.73374436176414,66.5891807527259,63.34751802121059,63.52761459350586,12534795
2019-03-08,63.43756919719744,63.707710647583006,61.99683082510018,63.03236389160156,6200799
2019-03-11,64.11291731829436,64.9233348167243,63.30250668984705,64.56314849853516,5319324
2019-03-12,64.92332661061297,66.63420625327447,64.78825589961674,66.04890441894531,8901828
2019-03-13,65.73375181973458,67.03941948459929,64.96836019309033,66.4541244506836,7408808
2019-03-14,66.76927755284481,66.76927755284481,65.50862902240358,65.77877044677734,3962991
2019-03-15,65.73375181973458,67.30956093870081,65.5536620969886,66.4541244506836,7751928
2019-03-18,66.72425169212192,67.26452767088766,65.46360316168068,65.77877044677734,5296795
2019-03-19,66.13895468583827,66.90435315416934,65.46360794553367,65.73374938964844,5567624
2019-03-20,65.9138373013605,66.49913916759844,64.5631438577262,64.87831115722656,5050030
2019-03-22,65.7337499161345,66.45412252622206,64.83328758851621,65.32854461669922,3913385
2019-03-25,65.23848280873628,65.86881046267412,63.527610146573835,64.74323272705078,4332510
2019-03-26,65.23848318000182,65.73374013448706,63.797745044201115,64.20295715332031,3789439
2019-03-27,64.33802588809486,65.6437002903125,64.02286547031194,64.29300689697266,4812399
2019-03-28,64.74323811596462,65.4185848135512,64.02286555721282,64.4280776977539,9265724
2019-04-01,66.81429582404925,68.43513061287315,66.36406470159613,66.99439239501953,7267624
2019-04-02,67.98489719945081,69.33559052129421,65.82378651050509,66.67922973632812,12971969
2019-04-03,67.12945859221576,67.12945859221576,63.977840946947055,64.33802032470703,6417056
2019-04-04,64.38306472832238,65.19348230169652,63.25748667363143,63.70771789550781,6416069
2019-04-05,63.932832483089676,65.46361586497322,63.482601268420034,64.78826904296875,7793935
2019-04-08,65.73373976040307,66.22899671206986,63.70769983628105,64.74323272705078,8540124
2019-04-09,64.74323721676652,65.73374431880697,63.70770425418621,65.3735580444336,7591689
2019-04-10,65.37354866713693,65.91382456620799,63.57262442357955,63.84276580810547,6360330
2019-04-11,64.29301089636276,65.86881995328349,63.5726382937775,65.46360778808594,9396530
2019-04-12,65.77876498731196,67.17447724411782,64.74323210646811,65.95885467529297,11615133
2019-04-15,65.7337344459525,65.91382412109981,64.11289988970384,64.24797058105469,11147566
2019-04-16,64.60816172800828,64.78825141688827,64.02285993417642,64.33802032470703,8590291
2019-04-18,64.60816654735036,64.60816654735036,63.032357607171086,63.52761459350586,7272249
2019-04-22,63.03235370580216,63.21244339696905,62.131891510004984,62.311981201171875,7738634
2019-04-23,62.582128447927396,62.76221815589986,61.32147988217419,61.45655059814453,4138151
2019-04-24,61.54659596120699,61.681666678294555,60.78120439102018,61.05134582519531,7350305
2019-04-25,61.2314375244969,62.62715686312172,60.69116150857132,60.96129608154297,6836123
2019-04-26,61.32148146677653,61.4115263230896,60.46604502682911,61.14139175415039,4838776
2019-04-30,61.14139067992634,61.3214803893884,59.92576796610235,61.05134582519531,5128196
2019-05-02,60.82622647541019,61.41152142979974,59.65562282666783,59.97078323364258,8983855
2019-05-03,59.070326946385705,61.36650861536909,58.89023722998722,60.28594970703125,10461436
2019-05-06,60.01581325687426,60.33097368571366,59.07032510037397,59.295440673828125,3484887
2019-05-07,59.88073931146698,59.88073931146698,57.71962854878611,57.94474411010742,6153618
2019-05-08,57.62958757267442,58.349960165325726,56.90921841501421,58.07981872558594,6615929
2019-05-09,57.71963136188663,58.485022933685855,57.53954165204519,57.98977279663086,5987301
2019-05-10,57.98976899256151,58.80018637364958,57.269396460487314,57.44948959350586,5801249
2019-05-13,57.449493889976836,57.899728473690274,55.60354686721331,56.36893844604492,5045201
2019-05-14,55.82865490697722,57.53953441521954,55.378423819017726,56.909210205078125,5023042
2019-05-15,57.089305062084236,57.269394754748106,54.92819440021081,55.24335479736328,3881241
2019-05-16,55.468470348183814,55.738611757161024,54.79312369572221,55.24335479736328,4252067
2019-05-17,55.28838348388672,55.693588748100055,54.7931264987533,55.28838348388672,3714715
2019-05-20,57.08931344512588,61.141393954906356,56.95424272080338,59.20539855957031,12597503
2019-05-21,59.74567151252215,59.74567151252215,57.269400217300955,57.98977279663086,5274759
2019-05-22,58.07981129258656,58.57506824539959,57.7196250423572,58.349952697753906,10055230
2019-05-23,59.43051327992993,60.781206763564704,57.899730079803454,58.169864654541016,8012364
2019-05-24,58.53005057488674,61.2314375244969,58.349960859572306,60.96129608154297,7448138
2019-05-27,60.781199453916415,63.93281720337875,60.42101319426728,63.75272750854492,7770706
2019-05-28,64.33802512389835,64.33802512389835,62.987331746601825,63.52761459350586,10842080
2019-05-29,63.482592005883916,63.66268171748222,61.41152597259272,61.81673812866211,4104774
2019-05-30,61.23143405779034,63.93282085445756,61.05134435267195,63.48258972167969,4710748
2019-05-31,63.482588181048186,63.57263303142212,61.23143257179116,61.951805114746094,7040284
2019-06-03,62.13189069125665,62.35700623723946,61.00631296134258,61.54658889770508,4792922
2019-06-04,61.95965840213705,62.41861883474547,60.995838692387196,61.225318908691406,4864404
2019-06-06,62.489146409608026,62.67637695013508,60.52319716452478,60.9444694519043,4982307
2019-06-07,60.85085869234255,62.34872455475342,59.961502845332674,62.06787872314453,4984037
2019-06-10,62.39552566243687,63.0040355793174,61.74020454333987,62.301910400390625,4586585
2019-06-11,62.25510390407683,62.91041793032276,61.833831621831195,62.11467742919922,2979053
2019-06-12,62.301913887850134,63.42531138006246,61.64659273207038,62.021060943603516,4196963
2019-06-13,61.880640578425165,62.11468234093236,60.94447352839638,61.64659881591797,10026686
2019-06-14,61.78702396355878,62.67637978486708,60.757241659310324,60.99128341674805,7474667
2019-06-17,61.36574872962989,61.36574872962989,59.54021882327127,60.38277053833008,6489309
2019-06-18,60.14873017455057,60.9444707016897,59.82107315071533,60.19554138183594,2523540
2019-06-19,61.03808284024928,61.17850931250861,59.16575249435067,59.44660186767578,6911446
2019-06-20,59.44660849784658,60.7104326043626,58.97852496636748,60.47639083862305,3388105
2019-06-21,60.47638611576718,61.318937835108734,60.008302620842684,61.084896087646484,7069181
2019-06-24,60.85085572364071,61.50616977447877,60.382772218074244,60.897666931152344,3456625
2019-06-25,60.85085869234255,63.23808754415112,60.61681692814123,62.06787872314453,8164192
2019-06-26,62.72319355867666,65.06361122877654,62.442340581309516,64.17425537109375,7878180
2019-06-27,64.17425276746386,64.87637804000772,63.987015076019595,64.26786804199219,3985838
2019-06-28,64.45509354753312,65.71891751074219,63.75296832992952,64.59552001953125,6407062
2019-07-01,64.92318006694866,66.46785704650694,63.799782523117585,66.18700408935547,6683580
2019-07-02,66.51466927758848,68.71466033452249,65.67211753554912,68.43380737304688,20164926
2019-07-03,68.714668203688,69.41679354539656,66.93594924288202,69.13594055175781,13757355
2019-07-04,68.80827284363866,69.323167538199,67.21679183890394,67.54444885253906,4570483
2019-07-05,67.5444531835247,67.87211021816935,65.7189231749827,66.09339141845703,4542388
2019-07-08,65.71891983247566,65.90615751588363,63.05084533980103,64.22105407714844,5025170
2019-07-09,63.84658844094642,64.64233612851069,63.51893140968398,64.12744140625,4835452
2019-07-10,64.54871013832478,64.6891366132024,61.88063568519893,62.11467742919922,6342661
2019-07-11,62.72318044321348,63.425305597428554,62.395523466390394,63.09764862060547,3017441
2019-07-12,63.331698304299245,64.64233351882476,62.91041887335141,63.799781799316406,5451127
2019-07-15,64.17425537109375,64.73595418344014,62.72319355867666,64.17425537109375,5917414
2019-07-16,64.22105114282516,64.96998755746279,63.23808013379864,63.61254119873047,4176351
2019-07-17,63.75297105200487,65.25083681836985,63.65935578080468,64.642333984375,5283091
2019-07-18,65.20403130695792,65.53168832008087,61.88063568519893,62.11467742919922,6841872
2019-07-19,62.11467273391149,63.0040355793174,61.03807936441309,62.301910400390625,6236877
2019-07-22,62.44233475774612,63.004040660094,61.318937237824834,62.816802978515625,3031714
2019-07-23,62.910416696406024,63.6125419146355,61.83383040903048,62.021060943603516,4302826
2019-07-24,62.161494146737105,62.348724701583954,58.97852471762577,59.77426528930664,12131637
2019-07-25,59.914688369598366,60.195541328285834,57.340229103717185,57.62107849121094,10579797
2019-07-26,57.38703703001746,59.118948142177,57.05938000481649,58.323204040527344,5026025
2019-07-29,58.37001147004498,59.212563204996734,57.24661391836761,57.480655670166016,8028637
2019-07-30,57.99554845423471,57.99554845423471,54.67215619870776,55.14023971557617,8542201
2019-07-31,55.14023644911241,56.9189515651264,54.15725826496453,56.68490982055664,8823980
2019-08-01,56.450869068659976,56.965760201528944,54.765769192364424,55.935977935791016,6467008
2019-08-02,55.1402372741452,56.591295397950354,54.0636438045384,55.3742790222168,9264426
2019-08-05,54.765773673951315,55.187049570297425,53.68918011342169,54.20407485961914,4471359
2019-08-06,54.34449310469721,56.12321181579273,54.34449310469721,55.51470184326172,5274512
2019-08-07,55.608319303296305,56.35725216312923,54.90619407760415,55.28065872192383,5497938
2019-08-08,55.42108336693755,55.6551251011128,53.501941860939205,54.06364059448242,16880937
2019-08-09,54.484918887323815,55.88916935570229,53.12747605365256,53.8296012878418,12338857
2019-08-13,54.29768665809803,54.29768665809803,51.863653857074574,52.19131088256836,9698903
2019-08-14,52.70619676665897,52.79981560117055,51.20833112640744,51.9572639465332,7587853
2019-08-16,52.05088318012303,52.75300842214552,50.599825060848616,52.51896667480469,5629413
2019-08-19,52.565772203218664,54.39129477833432,52.565772203218664,53.59555435180664,5798705
2019-08-20,53.59555889878954,53.78279300656115,50.5998238880246,52.425350189208984,8336718
2019-08-21,52.42535055277279,52.42535055277279,47.13600572031024,47.838130950927734,20675582
2019-08-22,48.1189838044337,52.19130870543894,47.697707952662284,49.99131774902344,20698816
2019-08-23,50.03812824243812,52.23811932455496,48.86791946020708,51.02110290527344,11745308
2019-08-26,51.348758021079796,52.846627349197846,50.412591030203636,52.378543853759766,7338648
2019-08-27,52.518970229733824,53.08067260408879,51.58280317700279,51.81684494018555,11904371
2019-08-28,51.86364997825609,52.2849222449006,50.31897309658132,51.910457611083984,7447749
2019-08-29,51.34875402138474,52.37853977385188,50.927481765259444,51.9572639465332,7509337
2019-08-30,51.957267021817785,53.36151748186691,51.48918353513474,53.12747573852539,8245510
2019-09-03,51.582798742160314,52.56577691997126,50.27216712373504,50.41259002685547,7278914
2019-09-04,50.45939880500915,51.11471279710028,49.61684714204424,50.646629333496094,7314423
2019-09-05,50.64663739894653,52.14450686373092,50.459406840643226,51.77003860473633,5761504
2019-09-06,52.425352372823596,55.467895144460684,51.67641948173629,54.484920501708984,10295942
2019-09-09,55.14023653003239,57.80831099356567,54.06364307495413,56.54448699951172,13876046
2019-09-11,55.233850850200646,57.76150236605871,55.233850850200646,57.293418884277344,9565117
2019-09-12,58.042352929096424,60.94446914707379,57.714695913619295,59.82107162475586,33622571
2019-09-13,60.14873017455057,60.616813677854466,58.51043791298694,60.19554138183594,10918356
2019-09-16,59.72745173028913,60.38276932087847,59.16575297903746,60.289154052734375,10435287
2019-09-17,60.47638048958345,60.523191691675926,59.44659832502879,59.86787414550781,12557507
2019-09-18,59.96149826049805,60.38277054689355,59.02532770408125,59.96149826049805,10420154
2019-09-19,60.00829990067506,60.94446684808774,59.540216426968726,60.6168098449707,18037975
2019-09-20,60.991278015579134,64.1274358590402,60.008299864434676,62.769996643066406,18160706
2019-09-23,63.42531801633916,64.4551003490125,61.45936862807411,62.910423278808594,13710399
2019-09-24,63.37850034204792,63.61254208207378,61.17850941428226,62.1614875793457,7243291
2019-09-25,61.22532451330962,61.74021208868226,58.83809575625794,59.727455139160156,16576534
2019-09-26,60.00830462063134,60.14873110226589,58.791288207509076,59.587032318115234,10135989
2019-09-27,59.63383654539001,59.914685921407894,57.94873671808913,58.13596725463867,5874118
2019-09-30,58.51043701171875,58.79128639513627,57.1061865234375,58.51043701171875,7001421
2019-10-01,58.510439576543526,58.83809660969464,54.999813201950914,55.5615119934082,9081992
2019-10-03,55.187047322834616,55.93598023517561,54.85938671848968,55.5615119934082,5139225
2019-10-04,55.98278353069327,56.123210003263324,54.11044960945809,54.29768371582031,4218735
2019-10-07,54.531728137803114,55.23385339279629,53.12747762781677,54.484920501708984,8486582
2019-10-09,54.765768682596025,57.80831138718469,54.344492824645016,57.527462005615234,12749464
2019-10-10,57.19979755059568,58.135964473330105,56.54448356163631,57.66788101196289,7059183
2019-10-11,58.04235412903217,58.04235412903217,56.825337740565395,57.19980239868164,6976429
2019-10-14,56.872143609830204,57.66788410840389,55.748742527989904,55.982784271240234,4814837
2019-10-15,56.17001968447633,56.450869068659976,55.37427916742372,55.935977935791016,4933745
2019-10-16,56.17001495545209,56.216822587009624,54.11044702618017,54.39129638671875,7716452
2019-10-17,54.438109646438186,56.357251182359754,53.92321496626965,56.02959060668945,11906599
2019-10-18,56.17001854152831,56.63810202937438,55.42108567521332,56.12321090698242,10786215
2019-10-22,56.02959560224463,56.82533972451171,55.093428567479016,55.42108917236328,8748155
2019-10-23,55.748744259694575,58.27639587955246,55.467894873308964,57.19980239868164,9254939
2019-10-24,57.57427002561232,57.57427002561232,54.765769048753185,55.3742790222168,5162218
2019-10-25,55.842366930924214,55.842366930924214,53.59556454342112,53.923221588134766,4657499
2019-10-27,54.71895972635089,54.8593826281483,53.97002686985068,54.4381103515625,674171
2019-10-29,54.765771260312654,55.514704170146544,54.20407247073569,54.718963623046875,14361888
2019-10-30,54.953001468455156,55.23385084324992,54.531725620666236,54.85938262939453,4477801
2019-10-31,55.14023718963727,55.88917006807983,54.67215369421147,55.51470184326172,8154223
2019-11-01,55.79555008314284,56.45086767755159,55.37427780284554,55.701934814453125,6997405
2019-11-04,55.93597923692892,56.91895389003369,55.421088092082975,55.8891716003418,9648773
2019-11-05,56.263634570644705,56.31044577701653,54.71896118260297,54.9530029296875,5308306
2019-11-06,54.953005594590046,55.46789674890653,54.20407268183936,55.14023971557617,8233444
2019-11-07,55.60831536475143,55.60831536475143,53.82959682383436,54.99980545043945,9181608
2019-11-08,55.748741149902344,56.49767399555135,54.90619303774478,55.748741149902344,25224076
2019-11-11,56.91895160403573,56.91895160403573,52.98704957833726,53.8296012878418,24360351
2019-11-13,54.15725748231774,54.25087632150889,51.53599069525608,51.863651275634766,10060059
2019-11-14,51.770028246746726,52.37853815306564,50.88066898797035,51.161521911621094,6076033
2019-11-15,51.48918641816585,51.910462294007786,50.74025351177674,51.02110290527344,5676494
2019-11-18,51.021101002750605,52.98705025511307,51.021101002750605,52.378543853759766,7099868
2019-11-19,52.42535263540499,52.706202024570196,51.81684264955226,52.19131088256836,3922027
2019-11-20,52.0976930168223,52.284923552817475,51.58279832925488,51.863651275634766,4758920
2019-11-21,51.81684219911402,52.61258629455749,51.06790931078595,51.348758697509766,7025549
2019-11-22,51.67641578704442,52.191306889654335,51.20833231718205,51.629608154296875,8206981
2019-11-25,51.62961097529757,52.51896675967499,51.62961097529757,52.378543853759766,5254263
2019-11-26,52.659391043697106,53.45513152432446,51.863650563069754,53.03385925292969,13251685
2019-11-27,53.36152000644201,53.82960351527044,52.940244134257654,53.174285888671875,6969108
2019-11-28,52.987049184817074,53.17428329344906,52.14450105276353,52.84662628173828,12572613
2019-11-29,53.17428352947142,55.187043956610424,52.940241785441,53.68917465209961,13401893
2019-12-02,53.689172927495406,53.7359841317527,52.004073138843935,52.75300598144531,12052254
2019-12-03,52.89343218524362,52.89343218524362,51.489181773246,51.910457611083984,5536309
2019-12-04,51.489183061896725,52.56577649985017,51.395567793897975,52.2849235534668,3605231
2019-12-05,52.56578164517015,52.56578164517015,51.72322986593527,52.238121032714844,7119298
2019-12-06,53.68917573704417,53.68917573704417,49.804084850345994,50.08493423461914,14587403
2019-12-09,50.0849377426142,51.16153129079282,48.914728916852184,49.10196304321289,8338162
2019-12-10,49.336000582728154,50.31897519793751,47.79132363654658,48.11898422241211,18892627
2019-12-11,47.88493797626149,49.71046055954497,47.88493797626149,49.42961120605469,7113895
2019-12-12,49.33600119674254,50.318975824185564,49.19557471945339,49.94450759887695,5730574
2019-12-13,50.17855223046704,51.114719276342875,49.52323815530905,50.55302047729492,13996578
2019-12-16,50.69344480657918,52.00407647234573,50.59982596325704,51.48918533325195,13368024
2019-12-17,51.48918569041359,52.61258681971591,51.161528664497546,52.47216033935547,7255855
2019-12-18,52.65938913499986,52.65938913499986,51.301946389725636,51.9572639465332,5634510
2019-12-19,51.442379271092925,52.47216158078718,51.06791102873474,52.14450454711914,6911871
2019-12-20,52.09769171358902,52.518963980233536,51.72322350857894,51.910457611083984,5836678
2019-12-23,51.48918562405847,52.42535263540499,51.48918562405847,52.19131088256836,6340544
2019-12-24,52.84662726379804,53.03386137590944,52.19130965700499,52.51896667480469,7649247
2019-12-26,52.42534862458552,52.94023972719543,51.489181684860775,51.629608154296875,4026238
2019-12-27,51.77003379755276,52.706200786916085,51.77003379755276,52.51896667480469,2983035
2019-12-30,52.331735161395514,53.08066802472986,52.14450105276353,52.84662628173828,3198070
2019-12-31,52.8934326171875,53.26790082525561,52.706198513153446,52.8934326171875,3504310
2020-01-01,53.174288649365046,54.15726335469992,53.033865732142324,53.923221588134766,3878107
2020-01-02,54.20406844823597,54.43811018839037,53.174282648840496,54.29768371582031,12142359
2020-01-03,54.297682328657665,54.81257342960453,53.642364758728284,54.06364059448242,9746134
2020-01-06,53.4083251162965,53.82960096854996,52.37854287407124,53.12747573852539,3833784
2020-01-07,53.45513643643769,53.876412317737966,52.472161760866285,52.98705291748047,3974582
2020-01-08,52.4253515625,53.12747680664062,52.14450217908248,52.659393310546875,3078686
2020-01-09,52.94024201930738,54.484918965209246,52.94024201930738,54.110450744628906,6282472
2020-01-10,54.06364492280625,55.70193719319432,53.68917668966863,55.18704605102539,10571670
2020-01-13,55.42109182808799,56.02959828712838,55.09343120750255,55.60832595825195,5570014
2020-01-14,55.701936415080624,56.49767693539002,55.421087029747525,56.35725402832031,5841008
2020-01-15,56.450867107443926,57.19979996297879,56.076402465273276,57.012569427490234,5808570
2020-01-16,57.199805003777435,57.433846764956876,56.49767972023912,57.1061897277832,14551255
2020-01-17,57.199802624373454,58.13596963014843,56.9189532368797,57.62107849121094,6414265
2020-01-20,57.62108451363252,57.761511007653304,56.076410935374355,56.40406799316406,8384043
2020-01-21,55.795548783156626,56.45086636229707,55.56150704569172,55.748741149902344,6250007
2020-01-22,56.07640426643158,56.17001953718275,55.1402372741452,55.3742790222168,8871316
2020-01-23,55.23385419117575,56.404062966412525,55.14023891763432,56.310447692871094,8476777
2020-01-24,56.170017813763366,57.99554410694939,55.935976072872684,57.293418884277344,6085340
2020-01-27,56.918951725913736,58.042352817260735,56.49767587025941,56.82533645629883,7343803
2020-01-28,56.825335158010006,57.85511738502103,56.40405931198057,56.87214279174805,7799785
2020-01-29,57.43384170353303,58.04235165745147,56.544485946381755,57.012569427490234,5292349
2020-01-30,56.778527276341336,57.62107539352757,55.233850371376285,56.45086669921875,15197956
2020-01-31,56.638098413414184,56.73171367652926,53.923212928756655,54.39129638671875,7977888
2020-02-03,51.58279938749252,52.7998193235901,51.161527101667275,51.39556884765625,5011428
2020-02-04,51.770030368779544,53.17428075981982,51.11471280538873,52.7998161315918,8418747
2020-02-05,53.267898657333234,53.68917091027284,52.56577347417608,53.54874801635742,4115182
2020-02-06,53.40832430708756,54.48491773862414,53.22109020101248,54.0168342590332,3658979
2020-02-07,53.73598496792718,54.484917822182545,53.689173762941465,54.29768371582031,3340932
2020-02-10,54.01683392475822,54.43810976802177,52.37854175632825,53.3147087097168,3640927
2020-02-11,53.361521728687094,54.15726229090049,53.221095243028785,53.97003173828125,3188511
2020-02-12,54.11045001676627,54.53172586645399,52.191308447292876,52.425350189208984,4132841
2020-02-13,52.284929782458406,52.37854863280405,51.25514742701425,51.77003860473633,6687073
2020-02-14,51.77003026493243,52.05087962833844,50.13173814533841,50.365779876708984,7158438
2020-02-17,50.45940040025617,50.50620803385771,48.21259827544724,48.44664001464844,5167878
2020-02-18,48.44664115345791,48.63387526345879,47.37004769934807,48.25940704345703,5096324
2020-02-19,48.68068791437011,49.008344962239235,47.55728670979969,48.07217788696289,7216081
2020-02-20,48.540258950493445,49.28919542949625,47.65090313126676,48.306217193603516,22312622
2020-02-24,48.21259948561546,49.289192941441605,47.60408951994093,48.54025650024414,8835835
2020-02-25,48.82110953529931,49.57004240659188,48.25940720343465,48.39983367919922,7099808
2020-02-26,47.83813281424053,47.884944021726554,45.68494940405166,46.1998405456543,22209900
2020-02-27,46.29345686792969,46.480690974094344,44.467930582412976,46.15303039550781,18385687
2020-02-28,44.655164919799425,45.45090541112759,43.11048799993468,43.718997955322266,24044762
2020-03-02,44.093466607798995,44.74878425675951,40.489224895307025,41.00411605834961,17866454
2020-03-03,41.51900757678517,42.17432523135504,40.629651729005246,41.565818786621094,11775256
2020-03-04,41.238149433780144,42.361550379065825,40.5828319180974,41.89346694946289,8268039
2020-03-05,41.612622444030215,42.87644642241935,41.09773132584181,41.42538833618164,11568670
2020-03-06,40.53602843306169,41.33177248744536,38.80412099496853,40.30198669433594,8034080
2020-03-09,39.36582227574688,39.55305639302956,35.948814812911465,37.21263885498047,12055075
2020-03-11,36.88498251301504,37.493488941490355,35.387113118134785,35.48073196411133,13031174
2020-03-12,33.70200926304962,38.710500877831024,31.689248948029018,37.77433395385742,41974955
2020-03-13,35.480725361153965,40.06794082450973,32.39137187153894,39.459434509277344,36149525
2020-03-16,38.19561126174143,38.80412121434598,37.119021400232626,37.86795425415039,11109146
2020-03-17,37.867953570457715,39.83390272289651,36.04242731679684,36.46370315551758,9356819
2020-03-18,37.0254026166551,37.399870829768616,32.48499428141988,32.859458923339844,12710992
2020-03-19,31.0807435986294,34.35732793885131,30.659467754933594,32.016910552978516,11396652
2020-03-20,32.15733211378082,35.10625932560935,31.829675121885813,34.35732650756836,12777728
2020-03-23,32.15733555583401,32.765845544422206,29.20841159955226,30.799896240234375,7631822
2020-03-24,31.033938548518726,32.71903849238175,29.208412121336362,32.20414733886719,11652363
2020-03-25,32.11052861315381,33.374356254178565,31.829679216657365,32.765846252441406,5874349
2020-03-26,33.09349830042993,33.46796648680153,31.314783343148058,32.95307540893555,11152198
2020-03-27,33.56158645298799,34.49775347897029,31.12755361391152,31.78287124633789,9984277
2020-03-30,31.782872501670152,31.782872501670152,30.00415365357197,30.238195419311523,9090303
2020-03-31,30.706274643048083,31.455207474109073,30.37861764545685,30.753082275390625,7034191
2020-04-01,30.238193208531236,30.706276705787737,29.348835635101988,29.536067962646484,5645202
2020-04-03,29.723300835444018,29.863725521641722,28.03820102987802,28.225433349609375,10639666
2020-04-07,29.77010524478302,32.11052237992624,28.833938390725738,31.502016067504883,12216361
2020-04-08,31.502021297217674,34.12328820950114,30.846703676348373,33.37435531616211,13337227
2020-04-09,33.982863226692565,34.6381808764314,33.32754557695374,34.17009735107422,6744006
2020-04-13,34.310523723203815,34.54456548510508,32.76584666617788,33.6083984375,4971715
2020-04-15,34.26371072153493,35.1062624487832,32.344569088573515,32.812652587890625,8241923
2020-04-16,32.81265382909306,33.233929708652774,32.29776267460622,32.4849967956543,9452838
2020-04-17,33.32754492064666,33.98286255748056,31.876486734853327,32.20414733886719,11813368
2020-04-20,32.43818731077715,32.43818731077715,31.080744474479708,31.408401489257812,24632398
2020-04-21,30.79989601587479,31.03393776805866,30.09777075932318,30.378620147705078,11655125
2020-04-22,30.331809997558594,31.17435809287257,29.67649243151877,30.331809997558594,11600499
2020-04-23,30.519042519750446,31.267978970526922,30.33181197824999,30.612661361694336,8034445
2020-04-24,30.519041712739718,30.519041712739718,28.833941885438836,29.067983627319336,13995409
2020-04-27,29.489259476942948,29.957342960703947,28.78713425130145,29.067983627319336,10333713
2020-04-28,29.395643668760428,29.442453090478228,28.55309371940554,28.740327835083008,10619659
2020-04-29,29.114791870117188,29.4892582848692,29.02117482003001,29.114791870117188,14334699
2020-04-30,29.395643427180566,30.097770462402412,29.067984620236196,29.676494598388672,32595506
2020-05-04,29.489260455042682,29.489260455042682,28.08500995718351,28.178627014160156,15845975
2020-05-05,28.880753686662203,29.48926190860936,28.412670164303325,28.5530948638916,11702153
2020-05-06,28.787134038990942,28.787134038990942,27.008417170936873,27.148841857910156,31848464
2020-05-07,27.242458911091273,27.57011770442678,26.96160775154793,27.148841857910156,13470518
2020-05-08,27.897773818146355,27.897773818146355,25.88501527443926,26.680757522583008,20376200
2020-05-11,27.148840338985465,27.148840338985465,25.416931201620507,25.557355880737305,36502236
2020-05-12,25.510551231149904,26.774377062106065,25.276509476735686,26.587142944335938,27226330
2020-05-13,28.085008705189736,29.021175662029396,27.008417061943483,28.36585807800293,53613887
2020-05-14,29.021175952666642,31.080743992578473,28.553092469559118,28.92755889892578,69089712
2020-05-15,29.021176794029977,29.770109674475886,27.85096805233522,29.39564323425293,36969885
2020-05-18,29.910536734670902,30.050959643693776,28.31905210072215,29.302026748657227,33654540
2020-05-19,29.489260775167626,30.753084808483035,28.646710824425067,30.378620147705078,37940322
2020-05-20,31.9701037415263,32.39137602486049,30.706276177942904,31.127552032470703,91642146
2020-05-21,31.50201867764505,31.7360604105512,30.472232910141933,30.753082275390625,35022500
2020-05-22,30.425425776728876,31.923291463413516,29.863725251423762,31.59563446044922,40498597
2020-05-26,31.595637714946186,33.70201356260927,31.45521122995777,33.46797180175781,51052291
2020-05-27,33.70201356260927,34.12328944638065,33.09350355591794,33.46797180175781,41541291
2020-05-28,33.65520394041801,35.106262057906065,33.6083963052462,34.54456329345703,45712056
2020-05-29,33.88924665972688,34.77860603828093,33.32754430796939,34.21690368652344,149706283
2020-06-01,35.19987828043742,37.493488177836845,34.82541361773968,36.93178939819336,64630249
2020-06-02,38.80412573339073,40.20837633722011,38.008381581837696,39.83390808105469,75507939
2020-06-03,40.58283951008435,40.95730775229716,38.47646368282335,39.03816604614258,70317645
2020-06-04,38.47645899919957,40.44241167471662,37.7275261771331,39.78709411621094,81866339
2020-06-05,41.1445401794964,41.51900483509881,40.06794670585292,41.09773254394531,55224827
2020-06-08,42.03390034767944,42.03390034767944,39.5998639691074,39.92752456665039,42629869
2020-06-09,40.255178975780105,40.910496557066395,39.506246127678715,40.02113723754883,34471524
2020-06-10,40.0211435615886,40.77007652803449,39.787101786374635,40.06795120239258,19799619
2020-06-11,40.06794552408561,40.06794552408561,38.38284569559105,38.5700798034668,23571379
2020-06-12,35.574347304852395,39.459441925833545,35.38711318374599,39.03816604614258,43584191
2020-06-15,39.03816009228468,40.255176337073834,38.89773363007339,39.693477630615234,32174670
2020-06-16,40.67645531037285,40.67645531037285,37.63391267659987,38.42965316772461,33914922
2020-06-17,38.28922913954805,39.506245443020646,37.5871039370223,38.616886138916016,30296333
2020-06-18,38.476459251942046,40.58283483663654,38.476459251942046,40.208370208740234,29310661
2020-06-19,40.676455069753125,41.14453854910312,40.06794511812072,40.442413330078125,28219723
2020-06-22,40.9104970565865,41.097731163696366,40.25517946729874,40.86368942260742,21166722
2020-06-23,40.91049985084706,42.08070863621915,40.161566942447685,41.61262512207031,36865827
2020-06-24,41.56581306198983,41.79985479416051,39.974328568990536,40.489219665527344,40591791
2020-06-25,40.39560474712528,41.75304394838696,40.348793543335475,41.19134521484375,35938924
2020-06-26,41.61262321869826,44.3743165400946,41.472196742399234,43.39133834838867,46055970
2020-06-29,43.484956547102406,44.23388941017889,41.612622603814415,41.98708724975586,29327965
2020-06-30,42.78283131836941,42.92325422139986,41.284962021022864,41.98708724975586,26717326
2020-07-01,42.12751300431169,43.71899754315772,41.23815368220418,43.15729522705078,28893548
2020-07-02,43.67219268330687,47.463668380259094,42.829640941231375,46.621116638183594,112201519
2020-07-03,47.2296280985965,47.93175338181292,46.19984220716277,46.71473693847656,62701725
2020-07-06,47.41686218634086,47.650903947238504,46.71473690364792,47.136009216308594,33194342
2020-07-07,47.13600813324714,47.93175224473135,46.80835110399668,47.60409164428711,25556054
2020-07-08,47.60409599845063,49.33600729042604,47.46367307501096,48.867923736572266,41927350
2020-07-09,49.10196174111167,49.804087017949705,48.77430113587096,49.14876937866211,26268273
2020-07-10,47.370044612568336,49.10195555322773,46.52749652925786,47.089195251464844,53816347
2020-07-13,47.650902588253004,47.83813313467629,46.01261030869294,46.48069381713867,23184293
2020-07-14,47.447021770345664,47.447021770345664,45.32108885095957,46.52900695800781,29076620
2020-07-15,46.867225643178976,47.350392917850925,45.2244561720396,45.56267547607422,18652944
2020-07-16,45.41772249507336,46.09415739714834,44.40307198509773,45.12782287597656,17980227
2020-07-17,45.610988365487145,47.93018891448062,45.610988365487145,47.640289306640625,31130208
2020-07-20,48.316730780283315,48.316730780283315,47.10881251077623,47.398712158203125,16776010
2020-07-21,47.83355944298078,47.83355944298078,46.91554089823448,47.205440521240234,11941105
2020-07-22,47.012177477708214,49.717913488838995,46.91554181064446,48.36504364013672,30638769
2020-07-23,48.31672668457031,48.65494229685282,47.88187540715444,48.31672668457031,18215827
2020-07-24,48.268411838663134,48.70326312638103,47.012177652357714,47.253761291503906,15734602
2020-07-27,47.15712601118668,48.70326352617856,46.09415946472724,47.833560943603516,26232020
2020-07-28,47.978509505708146,48.70326038231236,46.915539341591156,47.49534225463867,19972698
2020-07-29,47.591974651394175,48.65494113864176,47.54365866311449,48.07514190673828,18443993
2020-07-30,48.07514146963755,48.558308720588684,45.997520816038254,46.384056091308594,23600645
2020-07-31,46.43237453526698,47.35039309788897,45.900891268361754,47.06049346923828,19704630
2020-08-03,47.15712641619074,47.833561354417064,46.72227512116854,47.10881042480469,10560743
2020-08-04,47.54365770555903,48.751575819591146,47.44702204467233,48.026824951171875,25280637
2020-08-05,48.26841282336889,48.26841282336889,47.01217861143551,47.30207824707031,14901694
2020-08-06,47.35039174777532,48.41335825127713,46.86722448504292,47.7369270324707,22695057
2020-08-07,47.688605667478754,48.89652378151088,47.44702204467233,48.026824951171875,20079095
2020-08-10,48.12345736695273,50.152762028894294,48.12345736695273,49.71791076660156,27048138
2020-08-11,50.20107553736528,50.82919071963535,49.379689041095105,50.15275955200195,20281106
2020-08-12,50.152761330494684,51.79552700874321,49.47632645260048,51.16741180419922,26298038
2020-08-13,53.14840199539272,55.950773756932065,50.78088153288863,54.211368560791016,112756334
2020-08-14,54.549588090454016,55.274339029601926,52.66523491141468,53.1000862121582,39660917
2020-08-17,53.631564554717286,54.45294740221705,53.00344565749496,54.163047790527344,22574630
2020-08-18,54.30800304650037,54.50127069588767,53.14840083645032,53.776519775390625,24508088
2020-08-19,54.1147370768722,56.288989905853676,53.92146942148573,54.79117202758789,48760656
2020-08-20,54.25968656504519,60.20264184761387,54.11473490774708,59.332942962646484,117113064
2020-08-21,60.39591276898926,61.2656153873723,59.622845822801,59.86442947387695,64263094
2020-08-24,60.25095159845158,60.58917086836375,58.12501875339629,58.849769592285156,36278735
2020-08-25,58.94640267690023,59.6228375432341,57.062049722924954,57.98006820678711,45582317
2020-08-26,58.269967214417946,61.12065460934152,57.980067613604604,60.540855407714844,73743638
2020-08-27,60.975708799225984,61.120660456636614,59.284623332046316,59.526206970214844,28622558
2020-08-28,60.009370151984605,60.15432179950487,58.26996881310905,59.139671325683594,21774977
2020-08-31,59.33294383654411,59.6711594601895,55.9507728549949,56.77215576171875,36839728
2020-09-01,57.5935382619417,58.41492484914195,56.24067209063498,57.49690628051758,43683296
2020-09-02,57.641859943672515,59.2846258026597,56.86878932029746,58.898094177246094,25823443
2020-09-03,58.898089212589376,59.52620443329391,57.883438712779274,58.6565055847168,23071103
2020-09-04,57.980073161876184,58.221656800050674,56.240671704274654,56.91710662841797,20139542
2020-09-07,56.965419513911904,57.40027077617927,54.21136397706764,55.46760177612305,26138463
2020-09-08,55.757503517595424,56.240670786055915,52.810183917241176,53.34166717529297,24213780
2020-09-09,52.23038226656597,54.25968705572199,50.73256443479349,53.776519775390625,36318169
2020-09-10,54.54958262717747,55.27433349373978,52.85849727186543,53.583248138427734,30550597
2020-09-11,53.14840248621377,55.22602333063897,52.9551348308273,54.79117202758789,22160341
2020-09-14,54.98443988759012,56.43394177897186,54.54958858292081,55.177703857421875,22921566
2020-09-15,55.51592083629024,56.77215501859591,55.17770153079817,55.80582046508789,18732445
2020-09-16,56.09571642214705,56.33730004471123,54.646214686761994,54.88779830932617,18216129
2020-09-17,55.419284418195545,56.1923549995452,54.4529498777822,54.83948516845703,27360333
2020-09-18,55.12938536528743,55.41928499316437,53.87315118697155,54.30800247192383,15697096
2020-09-21,54.16304826245968,54.307999912704304,50.732561507315005,51.215728759765625,27253422
2020-09-22,51.2157285044778,51.747211742269556,48.703260278767566,49.71791076660156,34523774
2020-09-23,50.49098291579468,52.375336125504965,49.62128030015179,51.65058517456055,24481334
2020-09-24,50.82919637670822,51.16741568444068,48.41335997693551,48.75157928466797,21625654
2020-09-25,49.33137759839638,51.60226598232086,48.9931619834352,51.31236267089844,24165575
2020-09-28,51.79552799629802,52.7618625013504,51.55394437003493,52.3270149230957,16189540
2020-09-29,52.665234193064975,52.81018585342699,51.4573159776277,52.133750915527344,18384412
2020-09-30,51.988797765494446,52.18206541168135,51.21573086702058,51.50563049316406,10804820
2020-10-01,51.69889810246662,52.810184302543156,51.69889810246662,52.61691665649414,13913795
2020-10-05,52.665228250664086,53.293347126328165,51.79552575917127,52.037109375,13583076
2020-10-06,52.27869266515132,52.906811536902445,51.98879306521749,52.76185989379883,10850162
2020-10-07,52.858499705893784,54.98443641629306,52.52028040749293,54.25968551635742,25064716
2020-10-08,54.16304987614858,54.59790115356445,51.940481185913086,53.148399353027344,16737366
2020-10-09,53.14839991842363,53.6315671904093,52.327017030557485,52.61691665649414,10432260
2020-10-12,52.616915336393916,53.1967145737207,50.82919426313464,51.070777893066406,12879607
2020-10-13,51.02246656662512,53.245035427834786,50.78088291461811,52.230384826660156,18622520
2020-10-14,52.08543030375038,52.18206227790375,50.49097692630502,51.16741180419922,15451124
2020-10-15,51.31236262239737,52.906816088618655,50.925831017989054,51.11909866333008,23963776
2020-10-16,51.74721200830012,52.7618625013504,50.53929387698465,52.3270149230957,24636965
2020-10-19,52.52028060714591,53.679882788705825,52.08543301455044,53.34166717529297,18875642
2020-10-20,53.148394371276574,54.25968045536715,52.71354313462055,52.90681076049805,17720431
2020-10-21,53.00344981887787,53.48661710505277,51.40899998626498,52.133750915527344,17054864
2020-10-22,52.085434730667366,53.7282005485401,51.65058343747065,53.245033264160156,15185237
2020-10-23,53.24503247318916,53.82483541759625,52.85850086319155,53.389984130859375,13365938
2020-10-26,53.776519430267804,53.8248354207361,51.16741539596817,52.08543395996094,20120597
2020-10-27,52.66523015221884,52.66523015221884,51.21572840491007,51.94047927856445,13240998
2020-10-28,51.98879758709453,52.27869721224322,51.11909871164847,51.31236267089844,13646853
2020-10-29,50.8291907863849,51.31235801319948,49.9111760044559,50.34602355957031,15351350
2020-10-30,50.68424777162945,51.07077937900247,49.91118087060966,50.39434814453125,12994219
2020-11-02,50.63593025581624,51.11909751517985,50.24939497381589,50.87751388549805,9575485
2020-11-03,50.925833312749134,52.037115872556306,50.877517320805154,51.7955322265625,11671919
2020-11-04,51.45731450318578,52.13374942170306,50.5392959485033,51.50563049316406,13555398
2020-11-05,51.69890052633864,53.96978533663087,51.69890052633864,53.48661804199219,22517409
2020-11-06,53.486612829684574,54.83948259734434,52.66522998335272,52.858497619628906,21662709
2020-11-09,53.583253504923476,53.728201480988716,52.08543563460591,53.1000862121582,22041528
2020-11-10,53.631569781542986,55.17770365208691,53.14840248621377,54.79117202758789,23878927
2020-11-11,55.5159185494189,56.53056905155099,54.791167664142606,55.32265090942383,40249499
2020-11-12,55.46760018975225,55.46760018975225,53.34166361323737,53.72819519042969,19585504
2020-11-13,53.148400492258205,53.87315140806172,52.761865195986815,53.389984130859375,15417488
2020-11-14,54.114733683340035,54.30800132660671,53.67988240755846,54.0664176940918,2578865
2020-11-17,54.597900381416785,56.240669802714145,54.018101143911196,55.70918655395508,26801425
2020-11-18,55.902448045902574,59.187986743737824,55.75750008604935,58.55986785888672,54298315
2020-11-19,58.22165407526388,59.38125622148652,56.77215231405399,57.158687591552734,28987133
2020-11-20,57.54521725070452,57.88343652872865,54.79116547138211,56.1440315246582,23428511
2020-11-23,56.8687858581543,57.73848841336722,55.854135334588356,56.8687858581543,24196085
2020-11-24,57.351952143608365,58.12502270668784,56.38561762603266,57.93175506591797,25057495
2020-11-25,58.41492629855492,61.74878134824122,58.17334265272655,59.4295768737793,75949155
2020-11-26,60.10600571330868,60.589172955881466,59.139671228163124,60.250953674316406,30119954
2020-11-27,60.87907744987317,63.05333021594007,60.34759417764492,62.71511459350586,56608140
2020-12-01,63.39154032476671,67.1119265930502,62.81174111208761,66.5321273803711,70704403
2020-12-02,67.16024350962495,67.3051951499824,64.45450413144152,65.66242218017578,46261091
2020-12-03,66.19391970858247,67.35351827270637,65.3242170992156,66.91867065429688,37361699
2020-12-04,69.28618156476934,71.12221861216857,67.01529693596773,69.23786926269531,97738908
2020-12-07,70.01093244880477,70.88063498415676,68.75470200667169,69.23786926269531,39355314
2020-12-08,70.54242250654433,70.63905448752323,67.88500248061287,69.57608795166016,43645664
2020-12-09,70.15588337514039,72.47508765459692,69.47945217271635,70.68737030029297,58476323
2020-12-10,70.54241633473812,70.97726389737186,68.60974739406036,70.2042007446289,29242808
2020-12-11,70.30083956348128,71.6053897509745,69.72104029932292,70.34915924072266,36847385
2020-12-14,70.97726440429688,71.60538328901261,70.34915289212812,70.97726440429688,20767955
2020-12-15,70.92895547794153,72.95825650216786,70.05925293254529,72.62004089355469,38943070
2020-12-16,72.95825348685365,73.87626829694094,72.1368706505839,73.58637237548828,36595158
2020-12-17,73.68301211247595,74.11785972674357,72.13687825085486,72.6683578491211,28073186
2020-12-18,72.47509185870904,73.87627401895837,71.1705416797618,73.48974609375,49891456
2020-12-21,73.29647327026214,73.29647327026214,64.1646148305126,66.72540283203125,51731072
2020-12-22,66.67708133126064,69.47945289070712,64.45450900453305,69.23786926269531,46224467
2020-12-23,69.57608121585486,71.94359769709784,69.0929139851892,71.65370178222656,30689573
2020-12-24,72.08854480734371,73.05487920790473,71.75032924165662,71.99191284179688,23223241
2020-12-28,72.7166714778632,75.3257716915052,72.57171982765037,74.60102081298828,35601036
2020-12-29,75.37409007887727,76.1471606184487,73.6830047245435,73.97290802001953,28745694
2020-12-30,74.35944014244376,74.35944014244376,72.66835469202063,73.24816131591797,17918812
2020-12-31,73.29647441090617,73.92459334521159,72.8616268108357,73.10321044921875,15495713
2021-01-01,73.44142908277908,75.13251462086939,73.24816511315933,74.74597930908203,19041567
2021-01-04,75.42240992239134,76.9685436324738,74.89092300366904,76.5820083618164,23712305
2021-01-05,75.37408993735059,79.43269183111218,75.27745796322237,78.41804504394531,46181972
2021-01-06,79.23943826186378,80.68894018128812,78.03151999567683,79.67428588867188,46157617
2021-01-07,80.3507203014414,80.83388758242114,78.75626679969871,79.094482421875,35219703
2021-01-08,81.51031987869972,81.75190352230733,79.81923437344642,80.25408935546875,41178215
2021-01-11,80.78556242931515,81.12377802856575,79.384380358471,80.49566650390625,25575169
2021-01-12,80.20576808804809,84.36100962476117,79.8675524682104,83.15309143066406,43670529
2021-01-13,83.97446243800276,84.6992132518419,80.93050754536912,82.95980834960938,37272052
2021-01-14,83.20140918683066,84.21606348537841,82.04181059353155,83.05645751953125,20620191
2021-01-15,83.49129704464492,85.03743067328624,81.51030849471447,82.66991424560547,35416980
2021-01-18,82.95982185900438,82.95982185900438,78.27310064082269,79.33606719970703,31480725
2021-01-19,79.9641830084453,82.81486694613224,79.81923135325586,82.52497100830078,25469132
2021-01-20,82.71823070847081,83.53961354886249,81.3170486497172,81.9451675415039,19476831
2021-01-21,82.62160105877612,82.81486501281869,79.43269420924305,80.20576477050781,16889392
2021-01-22,80.10913787607014,80.30240184237446,75.32577729828667,76.72696685791016,42934185
2021-01-25,81.17209719107355,81.17209719107355,75.374090248854,76.5820083618164,55671719
2021-01-27,76.96854673525397,77.1134983891622,73.10320861795356,73.39310455322266,47062543
2021-01-28,72.47508596922653,75.27745743454602,71.9435990564334,74.50438690185547,40097316
2021-01-29,75.90557299379026,75.95388529212399,72.47508279258905,72.86161804199219,28386915
2021-02-01,73.8279652960933,78.46636697653837,71.99192807209405,77.21013641357422,45909331
2021-02-02,78.75626712335955,81.26873552027008,76.96854965089712,80.78556823730469,47955673
2021-02-03,81.3170441471099,82.62159415932678,79.48100724683775,81.3653564453125,41816643
2021-02-04,82.09011535002453,87.45327493894568,81.60694808516848,86.58357238769531,94513383
2021-02-05,88.37128901243436,88.56456034019774,82.13843429987456,84.50595092773438,98504307
2021-02-08,85.03743896484374,88.56456148732686,84.55427169799805,86.97010803222656,70145365
2021-02-09,87.11506045020968,87.40495638932912,83.53961822069017,84.21605682373047,37086127
2021-02-10,85.0857590467109,86.92178877145109,83.44298590806517,85.13407135009766,57056934
2021-02-11,85.713864743729,86.14871967979083,84.55426632599132,84.84416961669922,18482937
2021-02-12,85.03744660516425,85.52061391542087,83.10477736413779,84.36101531982422,18854969
2021-02-15,85.03744211295692,85.90714469998534,83.44298859882944,83.78120422363281,28371641
2021-02-16,84.45763343894194,87.93643602704077,83.68456292045471,87.21168518066406,45833754
2021-02-17,87.83981708267662,89.33763129713088,86.77685049152082,88.0330810546875,66947755
2021-02-18,88.66119386668784,90.88376625323687,87.16337238368122,89.96574401855469,48616071
2021-02-19,90.2556535955525,91.65683582400132,86.34199549567438,88.0330810546875,69544392
2021-02-22,87.88811713934672,89.38593851757898,86.00376787096788,87.06673431396484,38203233
2021-02-23,87.64653808004836,90.2556457095137,86.77684290944056,88.95109558105469,43925417
2021-02-24,89.72416030612706,91.31861376704526,88.9510970998816,90.8837661743164,27561130
2021-02-25,91.70514570503413,94.36256558526534,91.17365877996902,92.76811218261719,70938332
2021-02-26,91.60852355932904,93.15465745376983,89.86911832024069,91.94673919677734,50696555
2021-03-01,93.34791859593338,96.15029034170881,92.33327171434851,94.60415649414062,62133610
2021-03-02,96.63345643509217,97.40652703559196,94.70078730639032,96.97167205810547,67108317
2021-03-03,101.07859188695316,101.94829445157085,99.0492908178769,101.70671081542969,85272517
2021-03-04,100.30552170246092,110.16213042285551,99.29086755217898,105.620361328125,147425687
2021-03-05,106.97323467680995,106.97323467680995,100.49879596283849,103.73601531982422,75015270
2021-03-08,105.23383252466814,108.08451645900976,104.55739392542701,105.3787841796875,57273663
2021-03-09,106.29680027471524,106.92491920539351,101.17522422155086,103.39779663085938,51804429
2021-03-10,105.42710082881429,105.5720524898087,102.23820114967594,103.73601531982422,43852673
2021-03-12,104.75066456152487,110.64530372198581,103.39779474456316,109.43738555908203,162828658
2021-03-15,110.16213328124417,110.30708493112365,104.36412626644184,107.79461669921875,101454870
2021-03-16,108.22946938220264,108.51937269563825,105.42709771833253,106.00689697265625,50275101
2021-03-17,105.52372485132705,106.77996265511193,98.95265464992538,99.82235717773438,64241698
2021-03-18,101.07859030092001,103.01125935972364,92.7681148225739,97.1649398803711,102669579
2021-03-19,96.63345554282647,101.22354468111072,93.05802063676092,100.64374542236328,118996777
2021-03-22,101.36849291269003,102.91462667460658,100.30552641215661,101.22354125976562,74913152
2021-03-23,101.41680133377506,102.3831358195568,100.49878652130123,101.0302734375,41887531
2021-03-24,99.5324550298997,102.04492329400907,97.45483434845544,97.84136962890625,49603176
2021-03-25,98.3728663260931,98.75939427236541,93.34792192652517,95.32891082763672,78179436
2021-03-26,97.55146418101157,100.83700293379839,96.63344936109995,99.96730041503906,78988471
2021-03-30,101.80334439062001,101.80334439062001,99.3391956868958,100.11225891113281,47450305
2021-03-31,100.16056784972454,102.28650070413536,99.38749733582233,99.77403259277344,35702981
2021-04-01,100.4021568346873,101.94829057265413,100.06394123146757,101.51344299316406,34637782
2021-04-05,101.46511986196074,101.94828709939866,97.068295052257,99.87066650390625,48340372
2021-04-06,100.30552910837002,103.73601233287327,99.0009715695312,101.17522430419922,56713336
2021-04-07,100.83700754709459,102.09324539528065,100.01562466445637,100.93363952636719,36218955
2021-04-08,101.46512112600125,103.15620647810128,101.17521783090815,101.41680145263672,36910799
2021-04-09,101.80333897275192,102.62472183028018,99.53245435280418,100.59542083740234,35350727
2021-04-12,97.59978545016492,97.59978545016492,86.8734738702503,89.09603881835938,125893617
2021-04-13,89.19267822868973,93.05801626897882,88.46792734613553,92.62316131591797,76861733
2021-04-15,91.51187966867603,93.44454878415004,90.15901718588228,90.98040008544922,38846301
2021-04-16,91.8017814223657,94.6524653701465,90.88376655716104,93.87940216064453,49515934
2021-04-19,89.28931158693811,91.75346020222673,88.70951234643181,90.64218139648438,43657515
2021-04-20,92.76811017367551,92.76811017367551,89.28930751667208,90.44890594482422,35631799
2021-04-22,90.83545035202877,91.80178493024184,89.28931650139741,91.07703399658203,34186730
2021-04-23,91.0287116029122,93.63781930977632,90.4006000438509,92.42990112304688,40943046
2021-04-26,92.47820732659484,93.87939675429902,92.28494337848593,93.05801391601562,24546834
2021-04-27,93.68612858283271,95.13563036001453,93.15464902139442,94.7007827758789,26892254
2021-04-28,95.28057706962295,95.81206397603799,94.36256227404814,94.65245819091797,32345591
2021-04-29,95.5704899221688,96.82672043273482,94.16930037984238,94.3625717163086,39809692
2021-04-30,93.68612637543357,97.98631930328172,93.00969517770547,95.52216339111328,40125740
2021-05-03,94.6524579147082,97.01998177791096,93.10632424494025,96.48849487304688,37404501
2021-05-04,97.21324686865495,99.91898635207592,96.63344765722101,97.64810180664062,55562146
2021-05-05,98.9526515970584,99.4841311341494,96.87503100376503,98.56611633300781,25421812
2021-05-06,99.09760593268298,101.12690690835097,98.17958373407443,99.43582153320312,35150275
2021-05-07,100.3538398997503,100.45047187865849,98.8077061195769,99.2425537109375,28791094
2021-05-10,100.25721043723406,106.77996870664447,99.72572348107788,106.24848175048828,70028129
2021-05-11,105.33046267621302,107.40808336864778,103.49442561376958,105.6686782836914,64737614
2021-05-12,106.63501552880601,106.82828686126665,101.61007884558902,103.01126098632812,61946163
2021-05-14,102.7696753841764,104.36412882687422,97.5997871436509,98.08295440673828,66640242
2021-05-17,99.04928559512746,100.7886906326461,98.22790275006753,99.96730041503906,40412520
2021-05-18,101.4651291040585,103.73601385235409,101.1269134815545,101.8033447265625,40666745
2021-05-19,101.51344225372745,103.39779158118817,100.40215610334543,100.74037170410156,31394002
2021-05-20,101.65839121567603,101.89997485199898,99.00097121612365,99.48413848876953,19494462
2021-05-21,100.35383793641111,102.43145861875378,99.82235837654028,101.36849212646484,27004076
2021-05-24,102.04491772572533,104.31580223720603,100.98195129189892,103.68769073486328,41530007
2021-05-25,104.65403953432785,105.66868643503342,103.05958597887867,103.83264923095703,35294915
2021-05-26,104.36413626515893,104.65403959269241,102.23820310507298,102.5280990600586,26772472
2021-05-27,102.52809257501465,103.39779513005733,101.36849408332269,102.7696762084961,21200089
2021-05-28,103.5910621934102,103.88096551129799,101.56176108583855,101.8033447265625,19973552
2021-05-31,101.75503128277784,103.34947739566765,100.30552945466161,102.8663101196289,29739476
2021-06-01,102.81799273114324,102.81799273114324,100.20888514602741,101.12690734863281,25038000
2021-06-02,100.981966538929,104.75067298474791,100.83701487321521,104.46076965332031,31238619
2021-06-03,106.29679095662917,106.7799581882502,104.26749005833015,104.99224090576172,38360946
2021-06-04,105.42709381715599,105.42709381715599,103.39779281584053,104.50907897949219,19048139
2021-06-07,105.33045832704842,111.1284652074364,104.65402714002195,109.53401184082031,95358858
2021-06-08,110.54867096158603,115.1870722508021,110.16213567768119,113.10945892333984,93023993
2021-06-09,116.68489935350598,128.2325945185606,114.99381385562909,120.45360565185547,360661838
2021-06-10,123.69082607748607,126.01002316840074,120.88845432465847,123.30429077148438,140351463
2021-06-11,124.41557751543935,124.41557751543935,120.0670718935405,121.46825408935547,62530141
2021-06-14,121.9997258765998,121.9997258765998,112.67459684003745,119.24567413330078,86326236
2021-06-15,120.79180965925681,121.37160887111186,117.60290293523364,118.03775787353516,45450324
2021-06-16,117.89281278913104,123.59418799688538,116.10509538118238,121.70983123779297,84445896
2021-06-17,121.2695541381836,124.1557642926299,119.65524168087116,121.2695541381836,73801920
2021-06-18,121.66091224162454,122.00334194944325,114.42093679108038,118.82362365722656,73972898
2021-06-21,115.64389622752465,121.3184729479497,115.39930253206508,120.63361358642578,44593802
2021-06-22,121.51415451987145,122.39469338598225,118.28552196334226,118.82362365722656,44246677
2021-06-23,119.85091941944067,120.53577883036009,117.94309144301675,118.13876342773438,29338636
2021-06-24,118.13875984751995,118.8236192376846,115.64390106373477,116.27984619140625,28009357
2021-06-25,117.30714670130358,119.94875582615548,116.96471699466096,118.48119354248047,25945027
2021-06-28,119.36173215328715,120.82929443386034,118.18768531459169,119.89984130859375,27616278
2021-06-29,120.29118232079387,122.05225999994285,119.11713551096626,120.1444320678711,30981874
2021-06-30,120.73146217328738,121.22064961526634,119.06822039191415,119.4595718383789,30099781
2021-07-01,120.14443228598314,120.14443228598314,118.38335460363707,118.72578430175781,18570986
2021-07-02,119.3617310822235,119.9487544963037,117.9920048064312,118.33443450927734,22789936
2021-07-05,119.31281343337236,124.15577356002632,119.1171414434584,123.17739868164062,61606669
2021-07-06,123.27523543195026,123.76442287414054,119.41065762441026,120.3401107788086,31062811
2021-07-07,120.34010529119,121.80766755083866,119.50848817027062,121.17172241210938,19773453
2021-07-08,121.41631232253602,124.10684304769636,119.75307813274533,120.73145294189453,33870196
2021-07-09,120.34010278379418,122.10118044444197,119.06821253283661,121.75874328613281,24078290
2021-07-12,123.27523206485306,123.56874750791344,120.78037319206315,121.12281036376953,26731429
2021-07-13,121.5141513765961,122.54144793788635,120.29118283430184,121.36740112304688,19316578
2021-07-14,122.29686362367258,123.27523853266196,121.4163247127005,121.85659790039062,23276074
2021-07-15,122.1500947067665,123.76441465162571,121.46523531896318,121.75874328613281,22522585
2021-07-16,122.68820905468995,122.68820905468995,120.97605304804588,121.46524047851562,13479996
2021-07-19,123.51983268034694,125.67225450168674,121.90551258213799,123.0795669555664,65614163
2021-07-20,122.93279526371276,123.6176546387901,118.57902291972653,119.16605377197266,48822351
2021-07-22,120.73146301970051,121.51415845370929,119.7530881288835,121.02497100830078,20890960
2021-07-23,122.1990211374238,122.7371228301522,119.94875598046414,120.24227142333984,18344408
2021-07-26,120.34010478407227,121.07388591080442,119.45956593911217,119.9487533569336,14838935
2021-07-27,120.1444331972078,121.07388630835739,117.60065264465761,118.53011322021484,16292819
2021-07-28,118.8236167958912,119.21496820983205,115.83957812645785,117.74740600585938,19451371
2021-07-29,118.1387702025124,121.31848865516803,118.08984847132366,120.09552001953125,16366211
2021-07-30,119.94875854129809,123.91117978267651,119.65525055656396,122.29685974121094,30163350
2021-08-02,123.81333710957291,131.10222657124083,122.8349622844144,130.56411743164062,102355625
2021-08-03,131.4935917124513,132.56981016502274,129.34116973612586,129.73252868652344,50457587
2021-08-04,130.12385153411978,131.73816402147568,127.28657051730785,128.80303955078125,33758053
2021-08-05,129.2922415431506,132.4719600783205,126.797397404763,131.64035034179688,39952286
2021-08-06,132.3251994142612,133.84168342843174,131.3957462858391,132.22735595703125,47743493
2021-08-09,134.0373493086284,134.0373493086284,127.48224105083071,129.19439697265625,66874756
2021-08-10,129.5857493710773,130.8576396959412,124.30253101095443,127.23765563964844,31526384
2021-08-11,127.48224557671476,128.80304266315372,123.7644181715686,126.7973861694336,32222624
2021-08-12,127.43332753731467,131.2979053098808,127.04198355863045,130.75979614257812,31898731
2021-08-13,131.4446560594695,131.59140630315179,129.14546938301885,129.68357849121094,23715152
2021-08-16,129.68358232326122,131.1511445187063,128.80303604870537,129.24331665039062,17472608
2021-08-17,129.24332849994605,130.0749381963215,125.72117293642637,128.26495361328125,21755033
2021-08-18,128.8519663806234,128.94980983838076,127.28657555821484,127.62899780273438,18082061
2021-08-20,126.21035401963306,127.3844008387038,122.54144837952744,123.47090148925781,27402061
2021-08-23,124.35143981854152,125.08522094351058,119.06821422588278,122.24793243408203,30434681
2021-08-24,122.29685979821191,123.86225811074743,120.97605520527281,123.17739868164062,22809811
2021-08-25,123.66657978245179,124.74279060063458,122.78604094415404,123.32415008544922,18144345
2021-08-26,123.71549568730521,123.8622534063707,121.85658946050134,122.93280029296875,16968193
2021-08-27,122.932801198282,124.84062916696006,122.49252803784324,124.49819946289062,12708091
2021-08-30,125.62332032886201,127.28656945813404,125.23197637421855,126.35710144042969,17545528
2021-08-31,127.48224590591569,127.87358987428254,125.47657447820086,126.25927734375,24301446
2021-09-01,126.89521382974354,131.3468223398748,125.91683898922305,130.51519775390625,31166001
2021-09-02,130.95548544697132,131.8849386098945,129.7325168302787,130.7108917236328,25276744
2021-09-03,131.15114683059463,132.52086559896244,130.36844399346376,130.95547485351562,19000628
2021-09-06,131.49357775369356,131.68926467252786,129.145484015841,129.34115600585938,14304796
2021-09-07,129.53682764150255,129.6835928302268,126.4549527529002,127.23765563964844,14561241
2021-09-08,127.77576649476605,130.61304770178018,126.69954814517253,130.3684539794922,16351745
2021-09-09,130.3195228848673,131.39574115712674,128.90088238329986,129.87925720214844,14453584
2021-09-13,129.87926828373733,129.87926828373733,127.58008129174542,128.21603393554688,13771980
2021-09-14,128.65629330972084,130.41737103280332,128.46062132467068,130.1238555908203,13305823
2021-09-15,130.22170549443467,139.22275161168236,129.92819003792107,137.0214080810547,68917060
2021-09-16,136.97247782280527,138.9292275059882,135.50491556041806,137.21707153320312,24490647
2021-09-17,137.80411034806605,138.44004806020837,133.15682958279405,134.9178924560547,27560843
2021-09-20,134.62439210636623,136.33654818002879,130.31953359243917,131.395751953125,21535092
2021-09-21,131.8359979865363,133.35248183967673,128.36276462710225,132.91221618652344,22526116
2021-09-22,133.98844165610515,136.63005094148494,133.45033246696084,134.86898803710938,21321952
2021-09-23,136.18978325946551,141.76651721046812,135.74951753969464,140.54354858398438,42890085
2021-09-24,141.86433927910508,142.2067764144078,135.70057534535357,136.09193420410156,29040576
2021-09-27,137.2659957363262,137.36382426496024,133.79276200028153,135.74951171875,18192368
2021-09-28,136.97248635016638,139.76086079382128,136.04303317855351,137.0214080810547,29196888
2021-09-29,136.77681327091133,155.31701454053834,135.89626690835246,148.32164001464844,126746990
2021-09-30,149.20217342827263,157.71403213972886,148.02812652476425,155.3170166015625,111302311
2021-10-01,155.31701823227277,161.38293973810062,153.21351813010244,160.20889282226562,90310679
2021-10-04,162.6548080343042,168.7696504416089,160.45346476767455,164.95399475097656,93787605
2021-10-05,165.3453396645686,180.75474262147367,164.70940202199992,175.5204315185547,161189379
2021-10-06,178.89584539963067,178.89584539963067,169.06317527548944,172.14505004882812,101232618
2021-10-07,174.49315880561764,180.0209706838959,173.0255965446076,173.9061279296875,73313810
2021-10-08,176.2542294229614,176.3031511529362,171.21560474069034,173.02560424804688,43365657
2021-10-11,174.0039694519451,189.5112015470296,173.1723448750867,187.35877990722656,126307288
2021-10-12,190.6852495886386,194.403076951665,185.69554688170592,191.5657958984375,104950239
2021-10-13,197.28928289947382,227.37430959316708,195.67497036548477,219.3516387939453,305037222
2021-10-14,229.9180813492224,231.87483097772642,215.92731851965567,217.78623962402344,126938132
2021-10-18,222.58028092303758,259.12258796039,218.2754375052831,251.73583984375,273591610
2021-10-19,260.24772130989015,262.05772083188015,216.7100386095514,224.78163146972656,245771135
2021-10-20,220.13434093227852,231.18997970708494,212.79652956786924,225.36865234375,219286012
2021-10-21,228.93972457665714,229.331068561672,215.78058527371934,221.2594757080078,82393222
2021-10-22,223.55863962946714,228.74402900488508,211.32895474820523,217.19920349121094,85764004
2021-10-25,219.74300443778952,220.03650495929543,203.50197542734966,208.9808807373047,92057542
2021-10-26,210.39951424397924,227.2764803876864,209.6168113790877,220.4278564453125,113036438
2021-10-27,226.49377608113198,227.6678229065886,217.88407447975786,219.4005584716797,78577000
2021-10-28,219.93867290091868,219.93867290091868,211.91600198408273,213.2857208251953,64733467
2021-10-29,205.9479134158077,212.99220960626215,197.04469598545066,209.66574096679688,115032835
2021-11-01,215.19355271661985,220.33002085682222,209.76356912549988,218.12867736816406,59687720
2021-11-02,223.06946735674236,229.91809135453707,222.3356862141215,223.55865478515625,91597155
2021-11-03,225.02620436893537,225.90673571885316,221.30837713707697,223.85215759277344,49974804
2021-11-04,226.78729634245522,228.10809345087566,225.61324949203185,226.34703063964844,14860447
2021-11-08,227.96134494367453,230.5540323803059,223.80325174191222,229.4778289794922,53880144
2021-11-09,229.91808856002066,242.58803981618212,229.57565139276682,236.6688690185547,103894620
2021-11-10,236.17969092840275,236.17969092840275,231.1899879793558,231.87484741210938,47845906
2021-11-11,232.36402525518932,236.08185264503544,230.4561972967519,234.56536865234375,50433666
2021-11-12,236.7667233079349,237.15806729228936,230.89647396972163,234.66322326660156,42038250
2021-11-15,236.6199575380509,238.72345744152187,234.12509874705884,236.4242706298828,32578602
2021-11-16,236.91345965706864,242.29452123442678,236.2775219876342,239.212646484375,47776299
2021-11-17,239.21264673991294,247.03964540624955,237.7450844899748,244.49586486816406,58883464
2021-11-18,244.98504443138722,246.5993718118582,227.4232197225324,231.97267150878906,82052417
2021-11-22,233.24456548538808,233.24456548538808,219.15597318099344,222.72703552246094,62459802
2021-11-23,219.10705413504266,232.85322435700735,217.39489807359408,231.825927734375,61158286
2021-11-24,234.80996747201047,241.3650760781743,232.16835832371348,233.39132690429688,67847218
2021-11-25,234.27186140696688,239.11481406431923,228.93972131091598,237.54942321777344,51777691
2021-11-26,232.85321911110424,235.10348429836125,220.86812695097387,222.43353271484375,80108784
2021-11-29,221.11270693926338,221.8464880463627,208.63842811857484,213.92164611816406,83187881
2021-11-30,217.1502881664269,223.3140525140227,208.49167997256976,212.11166381835938,222571262
2021-12-01,215.24245586012378,222.38459488124536,210.35058186330278,220.3300018310547,67127202
2021-12-02,225.46649547588925,225.46649547588925,216.41652754024034,221.5040740966797,78572738
2021-12-03,221.8954060186636,223.36296820803463,219.49839076178716,220.7213592529297,48145736
2021-12-06,220.72137732656893,221.6997521995966,215.34031552491675,216.0740966796875,34399066
2021-12-07,219.15596315438694,222.8248687875519,217.93299460999862,221.552978515625,36287629
2021-12-08,223.0694596858658,225.80891217654298,222.0910848626822,224.43917846679688,30348053
2021-12-09,224.9283769312047,225.90675180246495,221.89542378758742,222.7759552001953,23516676
2021-12-10,221.50406748267798,224.92837957229685,220.52569259992973,223.06947326660156,26363105
2021-12-13,225.12406272984774,231.38565590327258,224.04784440528297,225.27081298828125,40382575
2021-12-14,225.02622439872678,225.02622439872678,220.62353739962126,224.09677124023438,24698002
2021-12-15,224.0478393327573,227.37430783167383,222.14001137223707,222.92271423339844,20127541
2021-12-16,224.8305498858084,225.0751436052384,214.41084848080138,217.10137939453125,40645402
2021-12-17,217.8840814398852,217.8840814398852,209.37222302240122,211.13330078125,38813929
2021-12-20,205.9479048464569,207.36654538576443,198.4144215266726,204.57818603515625,47944121
2021-12-21,208.39384527112182,211.57356356751217,205.31197043230048,207.317626953125,33006180
2021-12-22,209.86140879359814,213.97058024575162,208.68736193995656,213.2857208251953,21655596
2021-12-23,215.24246848785438,216.46543705880808,212.7476096173457,213.3346405029297,16940883
2021-12-24,214.3130071618711,214.70435111808052,209.51896158982325,212.11166381835938,18770416
2021-12-27,211.91599913367935,213.04112424311563,209.17654655948584,212.6497802734375,15870056
2021-12-28,213.97058051417056,217.39489255006342,213.7749085264541,216.80787658691406,19058757
2021-12-29,216.22084498718004,218.42218843161965,214.11734500068624,214.70436096191406,14504319
2021-12-30,213.970580816119,216.22084600007295,212.3562682541606,213.62815856933594,14315067
2021-12-31,214.16624934203037,217.19921735774125,213.62815511595323,216.1719207763672,12737974
2022-01-03,216.41651748840408,219.05812664224425,211.32897116826456,218.56893920898438,19062825
2022-01-04,219.44946988899142,223.31404735025367,216.22083007406818,221.40621948242188,32469988
2022-01-05,221.50405965259995,221.65082483711367,218.1775911403716,218.66677856445312,17271276
2022-01-06,216.66111104678586,224.8305471477851,214.753283044229,223.50973510742188,27537005
2022-01-07,225.31973858906602,227.81459752701517,222.18894194855667,224.83055114746094,34595209
2022-01-10,225.95566993243108,228.40160707161914,225.4175607760466,226.73837280273438,22061859
2022-01-11,227.96134538395785,231.58132942789703,226.78729852224998,228.05918884277344,25489182
2022-01-12,229.82023786873674,234.467518235877,229.4288939146088,232.60861206054688,32665403
2022-01-13,233.8315817243128,241.36506484431217,231.38564467698734,239.99534606933594,50250827
2022-01-14,238.42996293544118,243.12616549618102,237.25591602746033,239.1148223876953,36940487
2022-01-17,240.5823610252132,243.85992262682893,239.7018296632822,242.49020385742188,25339181
2022-01-18,244.5937237430453,245.18075465155508,232.65755301014792,233.929443359375,30408196
2022-01-19,233.83158355651486,244.3001912153322,230.9453808038188,243.1261444091797,36751594
2022-01-20,244.59373081912176,246.69723093263957,239.84860646970415,243.27291870117188,35990609
2022-01-21,240.48453778819498,245.37641197050647,233.39132022384337,236.71778869628906,35507032
2022-01-24,237.2559042472611,238.57671628366901,221.69974989907004,224.58595275878906,43279408
2022-01-25,221.35731751258484,235.64159679100067,218.1775991394759,233.63592529296875,39449718
2022-01-27,230.40726660177435,237.10913998825635,227.47214218646513,235.83724975585938,35920383
2022-01-28,239.40832232323754,244.5937120034743,237.5983378117011,238.7723846435547,34523855
2022-01-31,242.58804752830082,244.1534533014908,239.99536007832174,240.72914123535156,24939671
2022-02-01,244.10452328270685,250.8553037266143,239.50616450723257,244.44696044921875,74185275
2022-02-02,246.45261570270034,249.48558367180527,243.85992835371553,245.1807403564453,25162901
2022-02-03,245.13181499845186,248.8985491114037,243.90884646915285,247.382080078125,27724870
2022-02-04,248.31154598495172,252.32287401070664,247.52884310005794,248.8496551513672,39309420
2022-02-07,249.97478142754514,251.14884322466068,245.13182876529913,246.35479736328125,32770930
2022-02-08,247.03965774442813,248.11587608632627,227.5700035610471,229.77134704589844,82053977
2022-02-09,231.58132017948938,233.7337418281309,227.56999231811548,232.85321044921875,35604075
2022-02-10,233.34239565008795,239.21264459725998,229.03755239368783,236.08184814453125,55153254
2022-02-11,234.80997290267683,236.81564440698375,225.22189602338767,227.2764892578125,36050888
2022-02-14,221.11272072305485,221.94434533446875,211.3289720184949,215.73165893554688,38301829
2022-02-15,217.9330099737117,226.7383841140637,214.06843208676491,225.41757202148438,36314556
2022-02-16,228.35268716674784,231.77699918895846,225.12406206028749,226.34703063964844,35144286
2022-02-17,228.30378007806806,228.79296750919414,222.09109373124056,222.8248748779297,23381354
2022-02-18,222.0911021692016,225.02622686747299,219.7919151840292,220.86813354492188,18717812
2022-02-21,219.15596354166667,222.72702572606502,217.4438075764974,220.13433837890625,24657963
2022-02-22,213.2857071779018,219.98758055387094,212.60084780116688,217.83514404296875,29360421
2022-02-23,221.11272154647966,221.8954244315224,215.58490947934402,216.41651916503906,23583042
2022-02-24,208.39384689153525,211.4757217543204,198.85469192819033,199.88198852539062,60097152
2022-02-25,205.4587138782848,216.51435242035552,205.0184481914515,215.24246215820312,52157687
2022-02-28,212.79653323464092,219.49840703447657,209.47006466364866,218.2265167236328,35508015
2022-03-02,215.24246243555464,222.3356799476354,213.67705673722455,220.5256805419922,28297089
2022-03-03,224.047846537797,225.56433058091207,221.01487845156686,221.6997528076172,22429798
2022-03-04,220.13435141739302,221.552992029653,216.02517984336492,216.66111755371094,22427429
2022-03-07,212.3073611377834,214.94897047954086,207.660080191219,211.524658203125,23498823
2022-03-08,210.35058404621137,222.8737845937953,209.9592400939304,222.0421600341797,41105290
2022-03-09,224.14566918738763,226.2002472783456,221.4062168039625,224.29241943359375,25437632
2022-03-10,229.9181005438896,230.74972517695778,224.92838260311277,227.22756958007812,25462569
2022-03-11,226.88512468337194,229.1843115821902,225.31973386037743,228.10809326171875,18163055
2022-03-14,228.05917805883544,229.5756470970589,225.56431926516748,226.54269409179688,12074559
2022-03-15,226.93404573137798,228.2548577635558,220.42785888562037,222.48243713378906,16150855
2022-03-16,225.02621075298038,226.68944497713068,224.09675765085066,225.4664764404297,12428032
2022-03-17,228.54837225725976,228.89079449945677,226.2981071034436,226.73837280273438,16453329
2022-03-21,227.91241245413693,228.35267813953922,222.4335223924801,223.02053833007812,12356508
2022-03-22,224.14568483928974,226.88512248519297,221.406232264571,226.39593505859375,14893566
2022-03-23,227.32540261700225,232.31510540015597,226.6405282782028,229.2332305908203,29507641
2022-03-24,228.9397236419869,235.78834785349932,227.91242702449682,234.32078552246094,31525902
2022-03-25,234.80995584908854,239.01697054381435,234.02725301049526,236.13076782226562,24286187
2022-03-28,237.30481231267842,238.72345279640228,232.3150948277851,234.41860961914062,14835527
2022-03-29,238.3321303867498,239.60400580716072,233.34241245086523,233.929443359375,20061075
2022-03-30,235.73940919479125,239.60398673657832,232.60861276583012,236.4731903076172,22893839
2022-03-31,237.64724409602428,237.64724409602428,232.51077615508297,233.48915100097656,13956014
2022-04-01,232.51077825004646,241.0226514290664,231.97268402300898,240.14210510253906,25666798
2022-04-04,241.80533885924478,248.06694687345066,240.7780572070218,246.5015411376953,39380622
2022-04-05,248.36044742791475,269.29766204794583,246.64829153841828,267.683349609375,94568156
2022-04-06,269.98255221246217,290.0881434675847,267.1941779141818,283.53302001953125,227551020
2022-04-07,286.0278824236651,291.6046009406836,270.03144826677067,271.7925109863281,151174247
2022-04-08,274.8254664610939,276.6843725494542,267.145218557934,272.0860290527344,64353330
2022-04-11,274.92335071580385,282.2122557650234,274.28741299350384,276.7822570800781,47972951
2022-04-12,277.22251466845375,277.22251466845375,265.72661039039167,269.1998291015625,44771140
2022-04-13,272.5752451422841,274.2384645090773,266.4114655379141,267.1941833496094,31460232
2022-04-18,262.10662479192075,262.10662479192075,246.55047014702754,252.3228759765625,89819229
2022-04-19,254.86665328904147,256.33421559204936,237.25590565294647,241.1204833984375,53483065
2022-04-20,244.59371891629038,249.1920778461535,241.21832858100876,244.25128173828125,41573598
2022-04-21,247.5288506940052,254.5731619453461,245.27858542920552,253.25234985351562,40617734
2022-04-22,252.42070922078173,253.39908406272275,246.843975607481,247.62667846679688,30569068
2022-04-25,242.6369753114218,246.11020919377998,239.40833515417592,242.00103759765625,24620801
2022-04-26,245.71883231683088,246.012347751276,242.68587930440503,243.4685821533203,17965504
2022-04-27,242.4413033170952,249.7301933396791,240.19103806029858,242.00103759765625,32027943
2022-04-28,245.47424871115481,245.47424871115481,239.11481206134442,242.88156127929688,20911099
2022-04-29,245.47423897500363,247.72450407067905,235.64158387256902,237.10914611816406,26234765
2022-05-02,234.80995838311117,244.2512694882394,233.24455268903105,243.1261444091797,26535475
2022-05-04,244.44695388352,248.7028753781709,237.5983301677547,239.6529083251953,30780217
2022-05-05,243.5664066057577,245.8655933868441,239.65290735544204,242.14776611328125,24304759
2022-05-06,237.74508506121595,241.65858440378742,235.4458982259291,239.8975067138672,28044381
2022-05-09,229.91810442053753,231.38566678917925,218.22652720278836,225.02622985839844,60959066
2022-05-10,224.97730497912568,229.42891375414854,215.87841543509558,217.34597778320312,30274946
2022-05-11,217.98191432121763,224.83053810644287,214.75327440813413,221.60189819335938,35097575
2022-05-12,220.9170334589679,222.14000196247324,212.3562539344305,214.31300354003906,29320356
2022-05-13,220.13435541650364,224.24352706518178,216.51437122430664,217.98193359375,33108597
2022-05-16,220.03650357585596,222.72703448406094,215.73166009425432,221.6997528076172,22192986
2022-05-17,223.99891892682035,237.2559011303843,222.92271554908518,235.93508911132812,34735919
2022-05-18,238.08751908866043,238.08751908866043,231.38564558127095,232.5596923828125,25004758
2022-05-19,224.53703170228042,227.56999975780263,221.4551568465205,223.50973510742188,23697546
2022-05-20,227.4721514833702,230.89646344118435,225.2708080819182,228.2059326171875,18294157
2022-05-23,229.86917582446694,230.79862897775342,223.80325453432707,224.83055114746094,16642801
2022-05-24,225.22189156161951,226.39593841711118,219.88975151835035,222.09109497070312,17636195
2022-05-25,224.04782763605087,224.9283589783785,215.24245449751612,216.12298583984375,16194564
2022-05-26,218.12867989649357,219.44949197652437,205.65439998284128,216.66111755371094,34963419
2022-05-27,220.81919719692132,221.89541548657303,217.88407269294234,219.79190063476562,16159280
2022-05-30,222.97162122443112,228.8418702949697,222.0910898353765,228.2059326171875,19674867
2022-05-31,227.8634912340033,232.46186486389948,226.29810046811141,230.06483459472656,21535025
2022-06-01,228.5483757100467,231.09214141594285,225.5643293693928,227.7167510986328,14805104
2022-06-02,226.98296951024173,230.79862552617206,226.29811008799982,229.13539123535156,13296442
2022-06-03,231.1899805469893,231.72808970143063,225.22188797739503,226.0535125732422,11433422
2022-06-06,226.00460096016383,228.54838166111205,222.62921055496358,227.22756958007812,11689465
2022-06-07,225.90674334675217,230.4072735576203,224.78161825844273,229.67349243164062,14994271
2022-06-08,230.84753697654713,231.2878026620409,226.102428032513,227.96133422851562,13235033
2022-06-09,226.98295736345415,229.62456638148998,226.3959265021951,228.01025390625,10241164
2022-06-10,226.39593811311337,227.37431297951198,224.04784440528297,225.27081298828125,9619461
2022-06-13,218.61785833054415,221.45515436689945,214.16624975521202,214.75328063964844,19190225
2022-06-14,210.057070833962,219.54730360065048,210.008149107207,215.63380432128906,16235651
2022-06-15,217.95141174987407,219.2334818874748,215.28865995535037,215.9296875,11820899
2022-06-16,219.33207824614115,220.2196721484978,206.11693170630133,206.90589904785156,22486470
2022-06-17,206.90589936700337,210.9986458256764,204.1938344719476,207.3990020751953,20447908
2022-06-20,208.87830601305015,209.9631229203483,187.37902535714883,192.21142578125,46007687
2022-06-21,195.07144557652646,204.88418702359178,189.84455355976615,201.72833251953125,40390379
2022-06-22,200.89004993522917,201.77764388149214,196.2548872657486,198.52316284179688,19099052
2022-06-23,198.5231576716808,202.07348821936836,195.90970423209748,200.150390625,20176334
2022-06-24,202.07348817889013,205.87038513360872,200.89004466323132,205.0321044921875,16789270
2022-06-27,207.00451552324617,208.68107680734826,204.785553286606,205.27865600585938,18526023
2022-06-28,203.25694719988624,206.2648617531948,202.0734886332656,205.77175903320312,13321760
2022-06-29,203.2569556026776,206.8072863044104,202.9117776650932,204.44039916992188,12179447
2022-06-30,204.44038982525117,206.36348741515883,198.6217687257836,199.41073608398438,16161389
2022-07-01,199.90384474094364,204.78555878291382,197.83282229347506,204.14453125,15807993
2022-07-04,204.8348716045132,209.8645254838832,204.3417688731358,208.53314208984375,14714951
2022-07-05,211.54107880354175,214.10521911139017,209.07556506457271,209.86453247070312,18209477
2022-07-06,209.56865025457935,211.7876124337455,207.20176328278896,211.04795837402344,13022748
2022-07-07,212.97105938893614,213.3162373084162,209.3714155923042,211.5903778076172,14827327
2022-07-08,214.6969071982791,217.80346315952818,211.78760435073454,217.01449584960938,17940782
2022-07-11,215.9789897361401,218.83897947131666,215.28864894299065,217.70484924316406,14996210
2022-07-12,216.8172708362589,221.10725544818675,216.07761676024023,218.4445037841797,14294272
2022-07-13,218.93760603389543,220.17036282462684,216.81727037315773,217.70484924316406,11090495
2022-07-14,219.8251761451793,220.17035405215108,216.12690592033914,218.29656982421875,11027964
2022-07-15,218.8389820788242,223.0796684991289,218.5924307177402,221.89622497558594,13191940
2022-07-18,223.8193273672995,225.74242501520735,222.38933245210143,224.65760803222656,11035599
2022-07-19,223.52345975963274,226.33415131819874,223.3755349610981,224.85484313964844,7716506
2022-07-20,226.82724463418262,227.41897390037454,223.6713903271932,224.46035766601562,10163009
2022-07-21,223.57276535105262,227.71482509884729,223.3755272770244,226.92587280273438,11218003
2022-07-22,227.02450000726364,230.7720838660304,227.02450000726364,227.66554260253906,12459803
2022-07-25,228.20793835599454,230.13105104948363,226.33415399366808,229.2927703857422,10169772
2022-07-26,229.7858785992762,230.27898134305147,221.9948612669475,223.03036499023438,11541475
2022-07-27,217.85277230519196,220.86070186030142,212.52726903092972,214.99278259277344,33675845
2022-07-28,217.35966343675918,218.3951821130657,213.9079445479376,215.1407012939453,22716582
2022-07-29,217.16244295710268,219.57864336532873,215.83107459255427,218.8389892578125,19006987
2022-08-01,219.2334676827325,228.060003174305,218.54312689900013,227.17242431640625,22010178
2022-08-02,226.82725069604086,230.37759629147308,224.06587246051586,229.44068908691406,20231195
2022-08-03,228.79966765372984,234.02655962272095,227.8627754725666,229.2927703857422,25614730
2022-08-04,230.57484687266435,231.56105236395177,222.19210019672107,224.50967407226562,20979139
2022-08-05,225.49587919290803,230.03243046469422,224.55898698738523,228.89830017089844,33228441
2022-08-08,228.84897838448157,229.63794575656303,224.55897864449548,225.1013946533203,11852419
2022-08-10,226.33415162067706,227.22173050967305,224.0165627851972,225.3479461669922,11392194
2022-08-11,226.72862212371436,228.15863203450533,225.2000157472974,226.2355194091797,9195356
2022-08-12,226.8272505434138,232.44861852548175,225.44656895073072,229.1941375732422,23305682
2022-08-16,230.42688758993697,234.22378443055234,228.2079254216475,232.74447631835938,18790189
2022-08-17,235.1606805120632,238.46447470415666,233.33620950533296,234.02655029296875,23760210
2022-08-18,233.6813666210593,236.4920580315908,232.64584794095293,234.66757202148438,15238636
2022-08-19,235.55517483996968,238.56308938664614,228.7996615716586,229.44068908691406,23097652
2022-08-22,229.440683644608,229.440683644608,219.77588262196957,221.0579376220703,20956719
2022-08-23,219.67726353705788,228.8982904949708,218.59243152496194,228.2572479248047,19119958
2022-08-24,227.76413805943605,229.58862410030991,224.36173238025273,226.43276977539062,14521061
2022-08-25,227.41898723397466,229.9831124251071,225.49587453024878,226.1369171142578,13814880
2022-08-26,227.8134697784471,233.13897344225893,227.66554497323628,231.85691833496094,19400636
2022-08-29,224.01655917896525,230.47620780627352,223.96726094571542,229.44068908691406,14098344
2022-08-30,230.77207812216753,234.22379723937945,230.77207812216753,233.68138122558594,13418819
2022-09-01,231.8075970138052,236.93586241010777,231.16655443407916,233.9279327392578,14693953
2022-09-02,235.16068836724895,236.19620710744283,231.21586653664448,231.9555206298828,12347290
2022-09-05,232.20205754317857,235.11136045252843,231.95550619410994,233.18826293945312,10500643
2022-09-06,234.3717222181676,244.57895477760167,233.92793276956203,243.93792724609375,61475311
2022-09-07,243.54344177246094,247.68550180424592,241.81758217185876,243.54344177246094,30474615
2022-09-08,246.1075621665973,246.6499781497549,240.23964300842013,241.52169799804688,14951235
2022-09-09,243.09962805325307,243.59273074707306,237.87273648910121,239.0068817138672,12290186
2022-09-12,240.33826246951074,241.81757062797917,238.36585159155283,239.45068359375,10322525
2022-09-13,240.53549945741702,241.521704891926,236.7386175635379,237.72482299804688,13871114
2022-09-14,234.1744746469235,240.78204797038242,233.38550729898054,238.16860961914062,24228696
2022-09-15,239.00688657060638,243.49410913691085,236.59067128314976,242.01480102539062,19214950
2022-09-16,243.4941126829505,244.3323933110067,229.44068541884616,233.04034423828125,58044047
2022-09-19,234.2238039401627,234.66759340112586,228.7010471753056,229.1448516845703,14016637
2022-09-20,231.75828566840048,234.22379934572388,230.92000499879,232.0048370361328,10376536
2022-09-21,232.25138284427658,233.3362148556509,227.17243080988985,228.0106964111328,14179308
2022-09-22,225.9396712112451,230.27896910656676,224.31242321427396,228.45448303222656,19648230
2022-09-23,228.06000868833408,229.14484069492866,220.46622978707458,221.4031219482422,16143866
2022-09-26,219.726573082689,220.4662271560946,209.5686541315917,212.3300323486328,22684799
2022-09-27,214.30245673519013,216.8172837531344,211.49176505955214,214.49969482421875,14097631
2022-09-28,212.03415750295153,213.8586434821806,209.81519538954853,210.94932556152344,12102060
2022-09-29,213.16829284891986,214.99277887243264,207.59623831489483,209.3220977783203,18736174
2022-09-30,209.27278719347842,214.10520278228614,207.3496896334113,213.5134735107422,13008102
2022-10-03,213.5134805660363,214.99278874547767,208.87831794678024,210.20968627929688,10864491
2022-10-04,213.80934280947852,216.9158839320836,213.21761352502955,216.02830505371094,11173725
2022-10-06,217.95141331696553,220.17037566974005,217.21175919937403,218.64175415039062,10571565
2022-10-07,218.59242919769054,219.82518599453812,215.73243944832447,219.4307098388672,11098716
2022-10-10,216.96520109816188,217.7048551928147,214.10521128482472,217.3103790283203,9516511
2022-10-11,217.3596627690316,219.18414876683823,213.5134677526231,214.1544952392578,9006207
2022-10-12,214.99277946670338,216.37346102194005,212.08347651569017,214.94346618652344,9504518
2022-10-13,214.94347728338195,215.8803694619685,210.5548659902019,213.16830444335938,9559072
2022-10-14,216.96520133757176,217.5569306332674,212.5272767647578,212.9217529296875,8739363
2022-10-17,212.03416323551022,215.48588217190223,210.90003303287295,214.94346618652344,9420098
2022-10-18,216.02831196097168,218.9376150978824,215.63382074262537,217.60623168945312,10267276
2022-10-19,218.3458690002949,218.5924203496847,214.54898724867192,215.3872528076172,7712123
2022-10-20,214.84486259119709,218.24726837278308,213.11900305940557,217.75416564941406,7889548
2022-10-21,218.19794142467947,219.18414680964975,214.54898450994932,215.58450317382812,8153053
2022-10-24,217.9513995026889,218.09932429751075,215.28864785779126,215.97898864746094,2893840
2022-10-25,216.07762524430265,219.82519400463437,214.64761526921149,217.60623168945312,9040336
2022-10-27,218.74036216445356,223.77000070846458,218.0500213895854,222.7344970703125,12783887
2022-10-28,223.86863901570268,224.55897982679573,219.48002773628855,221.94554138183594,13141721
2022-10-31,224.953453087796,225.84103191004388,221.10724307868867,222.88241577148438,22697530
2022-11-01,223.3755425769831,228.1586452033605,223.3755425769831,227.4189910888672,16978101
2022-11-02,226.8272424640536,228.60241519734535,224.65759358927485,225.89035034179688,9478217
2022-11-03,225.05207464831835,226.3341447086155,222.63587437023943,224.2631072998047,9095013
2022-11-04,224.5589817602238,226.23552804397067,223.62208957650947,225.1507110595703,8681681
2022-11-07,225.20003079695783,227.22174002301614,223.77002079060216,225.98898315429688,9570452
2022-11-09,226.92587359374463,231.2651714306933,225.69311681639553,228.15863037109375,16625632
2022-11-10,228.0106951858016,230.1803441485896,225.34794350200264,226.0382843017578,8944902
2022-11-11,228.79966601349972,228.79966601349972,226.03828772436623,226.58070373535156,7259679
2022-11-14,226.8765640183137,227.2217268926283,223.67139634485957,224.55897521972656,7310857
2022-11-15,225.2986334829007,227.0738063139074,224.85484403722427,226.3341522216797,6426117
2022-11-16,226.33413995665308,226.8272426580837,219.18415078590914,221.50173950195312,10662953
2022-11-17,221.600351822669,221.79758989430164,217.95139482841444,218.3458709716797,10679502
2022-11-18,219.28279603616167,219.77589877962208,215.68313697991982,217.40899658203125,7718744
2022-11-21,217.4089788451995,219.33207637814309,215.38725475228944,218.3458709716797,6226956
2022-11-22,218.0007137266862,218.93760587731185,216.02830286292664,217.4582977294922,7105721
2022-11-23,218.4445064524705,219.184160537524,217.4583010057325,217.75416564941406,5966239
2022-11-24,217.95140060131033,218.64174139445979,216.57071901501143,217.70484924316406,6612342
2022-11-25,218.1486317815492,221.74829052566454,217.31036621933345,221.00863647460938,8062766
2022-11-28,221.0086368005225,223.32621046826628,220.21966946857347,221.50173950195312,7388645
2022-11-29,221.89622090766204,222.34001033981724,219.82518349320364,220.3675994873047,6165404
2022-11-30,220.46623304621954,222.29070411371683,219.57863910543887,221.69898986816406,8815900
2022-12-01,222.14278244367276,224.01656682010355,220.515549435104,221.74830627441406,7833074
2022-12-02,222.3400145686003,223.22760849809282,220.76209488555946,222.1427764892578,7223274
2022-12-05,222.14277273775687,222.73450201409224,219.2827830148374,221.1072540283203,10750610
2022-12-06,221.10724796280434,227.12310693008172,220.41690719155122,225.643798828125,20071039
2022-12-07,225.64380000973557,226.43276734457072,222.2906925987613,222.7344970703125,7548312
2022-12-08,222.88243355748372,224.1645036628286,221.6989900172812,221.94554138183594,7507975
2022-12-09,222.78380967675778,223.3755389781396,214.49968974722015,216.37347412109375,13087278
2022-12-12,216.71865417478583,216.71865417478583,212.72451897214316,214.69692993164062,8858525
2022-12-13,215.78175666385596,217.26106484704286,214.79555120839802,215.83106994628906,7265105
2022-12-14,216.76795523560367,220.121047658359,216.3734640369674,219.62794494628906,9179593
2022-12-15,219.57863730717816,221.69898805253854,218.00071761699232,218.74037170410156,7909066
2022-12-16,217.9514047422644,219.4307129192481,213.0696907678784,214.3517608642578,10349382
2022-12-19,214.9927849436294,214.9927849436294,211.93554207419328,213.80934143066406,9302368
2022-12-20,213.8093451565987,215.4858914165409,211.6396961703029,214.84486389160156,6418826
2022-12-21,215.387259201054,216.37346462788722,209.56865320205824,210.85072326660156,9737819
2022-12-22,211.93554319118888,212.33003439645697,203.70073679016585,206.018310546875,14020296
2022-12-23,203.35556713047725,205.0321134381702,193.29627423601823,194.18385314941406,20819266
2022-12-26,194.57833303485683,201.8269338674335,191.91558140149598,200.34762573242188,18203352
2022-12-27,203.94729049722523,205.42659867532652,201.97487959309018,204.83486938476562,11851262
2022-12-28,204.48969472317074,207.39899762948062,203.9472787461265,205.3772735595703,8920331
2022-12-29,205.91969420765548,205.91969420765548,202.1721106110587,203.01039123535156,15374707
2022-12-30,204.53900473948516,207.10314493418113,204.14452857797855,204.83486938476562,7372810
2023-01-02,205.87038469361636,209.27279043697646,205.3279686943443,208.92762756347656,7746971
2023-01-03,209.07556735475487,210.06177286114524,207.10315634197417,208.43453979492188,7238453
2023-01-04,208.08934457013697,208.43452248803325,203.01039265326665,205.22935485839844,14226706
2023-01-05,206.70866267702516,206.85658747115272,202.32003650610045,204.7362518310547,10272550
2023-01-06,204.73626876289862,205.87039907380486,201.2845494969905,202.5666046142578,9603038
2023-01-09,203.60211166465533,204.29245246837377,202.3693548550506,203.35556030273438,6631221
2023-01-10,203.79935585894492,204.93350118678856,201.87625818792472,203.2076416015625,8246247
2023-01-11,203.99659665296647,204.4403860812331,202.32003540438077,203.01039123535156,7061239
2023-01-12,203.55279807807628,203.9472892855401,200.98867294691516,202.86245727539062,6167789
2023-01-13,202.86245773009213,203.9472897426732,201.33383627538277,203.60211181640625,5801690
2023-01-16,204.44039277052963,205.37728493825884,203.30624747418292,204.09521484375,4396161
2023-01-17,204.0459020134514,205.62383675607984,203.158323125911,204.83486938476562,5676087
2023-01-18,204.7855590779828,205.47591494310154,204.44039619372464,204.63763427734375,4564618
2023-01-19,204.09520469382088,204.63762067394197,202.22142045154823,202.4679718017578,4978935
2023-01-20,202.5172953027678,205.6238364528794,202.27074394011444,204.34176635742188,6362978
2023-01-23,204.88418534873188,205.13073671497585,203.848666600847,204.14453125,4638356
2023-01-24,204.19383472682938,205.27865165722554,202.66521331986618,203.01039123535156,6551672
2023-01-25,203.01039447878247,203.40487063281068,198.07936731192643,198.67108154296875,9681030
2023-01-27,199.70659483561454,201.03797815383876,193.93728718771,199.5586700439453,13521282
2023-01-30,200.64350344428084,202.96109235948134,198.572480949284,201.53109741210938,10341362
2023-01-31,202.6652204382634,211.68899430707006,201.62970170373617,209.963134765625,16807189
2023-02-01,211.93553822612625,212.4286409349337,193.93728935465396,203.01039123535156,19017445
2023-02-02,202.12279454171485,205.91969136646452,201.1859024175676,203.4541778564453,9841415
2023-02-03,204.63762067394197,205.32796144486872,199.21349096933147,202.4679718017578,10618799
2023-02-06,206.11694619650817,209.91384332997495,203.8979838570721,205.67315673828125,17908243
2023-02-07,206.61003213960987,207.1031348416137,202.17210782157528,203.4541778564453,8095192
2023-02-08,203.45418435994995,204.68694115436517,201.38314692601207,204.29244995117188,8259877
2023-02-09,204.3417684414499,204.7855578890918,200.7421245293198,202.66522216796875,6294658
2023-02-10,202.66520954422342,203.30623703441063,200.05177125555227,201.97486877441406,5515771
2023-02-13,202.46797380062142,203.40486593100718,199.50935756889766,200.7914276123047,6844360
2023-02-14,200.89003880137406,201.67900613822522,199.06556782372482,200.29832458496094,5125639
2023-02-15,199.8545153736138,202.81313153042998,199.55866579657214,202.4186553955078,6323738
2023-02-16,202.7638423237106,203.55279462866696,201.67901033194468,202.32003784179688,4862186
2023-02-17,201.67901314171613,203.20763458839176,201.3338352172633,201.87625122070312,5939096
2023-02-20,201.9748681157524,202.51728409322664,199.41072806676516,200.98866271972656,7780404
2023-02-21,202.02419302376288,206.8565937231233,201.77764166056485,205.0814208984375,15068225
2023-02-22,204.68693194119106,204.68693194119106,198.8190128735559,199.5093536376953,15048335
2023-02-23,200.00247103726736,200.89004993522917,197.83282202690424,198.52316284179688,10723010
2023-02-24,199.11486245225848,200.15038112261763,198.5231482465533,199.5093536376953,5212611
2023-02-27,199.16418631971396,199.5093642442845,194.77557510547854,196.99453735351562,12387738
2023-02-28,198.1779856431646,200.15039657775355,196.79730400827282,199.75592041015625,6795039
2023-03-01,200.49557567823405,202.56659814263256,199.60798172351932,201.72833251953125,6502602
2023-03-02,201.67902292098634,203.45419581454777,200.7421307141433,202.76385498046875,6290128
2023-03-03,203.25693765201268,206.36347862271197,203.15831109332694,204.88417053222656,9201938
2023-03-06,205.6238293160442,209.9631271288132,205.2293531688108,207.3990020751953,11959992
2023-03-08,206.56071898567671,208.9769192173085,205.22935071843483,208.3358917236328,7273306
2023-03-09,208.8289934415215,209.81519884148145,206.51140473229552,206.85658264160156,7481807
2023-03-10,205.1800510264197,206.31418129750668,203.15832680342442,205.87039184570312,5967859
2023-03-13,204.19384835076136,206.3141841207833,199.41074573687743,200.05178833007812,7250840
2023-03-14,201.03798172558686,202.36935001916459,198.9176310347548,200.59417724609375,7282943
2023-03-15,202.172114782485,202.61590421990834,199.75591446913498,200.150390625,5658938
2023-03-16,200.15038781490117,201.72832251280872,196.10695460500148,200.59417724609375,7483698
2023-03-17,201.62969705080977,203.55279462866696,200.84072969755277,202.32003784179688,6398045
2023-03-20,201.67902121423504,201.72833449803085,197.73419928339425,199.80523681640625,6100721
2023-03-21,200.19969440183473,200.79142365584,198.8190128735559,199.5093536376953,4431418
2023-03-22,200.5448960220156,200.98868549084656,197.7342043055831,198.17799377441406,7561000
2023-03-23,197.24109511281057,199.4107441493912,196.797305658467,197.3397216796875,5367782
2023-03-24,197.3397108371552,198.47384105242025,189.4500674661273,190.09109497070312,16010459
2023-03-27,190.23902514686972,191.32385716039852,181.90559211011046,184.0752410888672,22247890
2023-03-28,184.12455585206314,184.913523227494,179.8345711421659,181.41249084472656,12023683
2023-03-29,181.95489567759225,185.11074993713706,180.77145221130044,182.94110107421875,17480941
2023-03-31,185.89972036113565,188.9569631609307,185.35730437429453,187.62557983398438,13519886
2023-04-03,190.68283712777114,193.3455889357618,189.40076698368628,191.27455139160156,14927965
2023-04-05,191.96487135051655,192.26073597441206,189.84453580114834,191.9155731201172,7802577
2023-04-06,190.83075060581885,193.29626417953745,189.45006902385668,192.55661010742188,8898362
2023-04-10,192.80315865515252,195.02212083916322,192.40868250842632,193.00039672851562,7752647
2023-04-11,194.2824741282234,195.1700530160878,193.09903059497057,194.82489013671875,4957133
2023-04-12,195.268682416379,195.86041171574908,192.85248203250322,194.381103515625,8183550
2023-04-13,194.47969612402485,194.47969612402485,191.5703932896464,193.5921173095703,6448150
2023-04-17,193.59212679373135,194.8741968483191,192.11281866496873,194.233154296875,4756452
2023-04-18,194.77557357575353,195.465914371172,193.44419021806732,194.52902221679688,4249222
2023-04-19,194.82488129626483,195.02211936814018,190.38695696171803,190.78143310546875,6753761
2023-04-20,190.88005849758005,194.08522605291842,190.7814319380957,193.69073486328125,6086016
2023-04-21,194.23315349741046,194.23315349741046,191.81695324003664,193.00039672851562,4015567
2023-04-24,193.78937347889317,193.98661156183232,192.11282720145866,193.14834594726562,5017631
2023-04-25,193.1483347398901,196.0576376772593,192.65523203700377,194.92349243164062,5957551
2023-04-26,194.92351108926962,196.2055812491509,193.4442028390147,195.46592712402344,4910837
2023-04-27,195.71246650350992,197.1917746630955,194.9234991420708,195.76177978515625,5215692
2023-04-28,196.74799294954434,198.76971719001446,196.2548902103224,198.325927734375,7951645
2023-05-02,199.1641875431565,200.15039299278666,197.6355660865695,198.96694946289062,6881245
2023-05-03,199.01625192767486,201.43245213827817,197.68486862371995,200.98866271972656,8641713
2023-05-04,201.08727735790453,201.72831990427167,199.31211965608867,201.03797912597656,8211667
2023-05-05,201.08727787040183,202.7638391126347,196.64935350795088,197.38900756835938,16337389
2023-05-08,198.720395596345,200.39694182992946,196.74798472193962,199.90383911132812,7724617
2023-05-09,200.93934911020546,202.27073241197348,199.60796580843743,200.4955596923828,7956883
2023-05-10,200.69280427924775,201.6296964246996,199.41073421522387,201.33383178710938,5026713
2023-05-11,201.67900511957143,204.34175670073213,201.33382720884865,203.4541778564453,8986218
2023-05-12,203.9966095698981,204.9335017662956,203.30625369521445,204.19384765625,7304524
2023-05-15,204.785553286606,206.5114128039928,203.60210977005804,205.27865600585938,6740655
2023-05-16,205.969026028946,212.03418387392594,205.32798342081117,208.43453979492188,18196503
2023-05-17,209.47001959341125,209.47001959341125,203.99659169725535,204.88417053222656,9107799
2023-05-18,206.11693146805206,206.8072722479979,201.2845309601308,201.7776336669922,8248339
2023-05-19,203.4541806636182,203.6514187374811,199.01625628435104,203.01039123535156,9002705
2023-05-22,203.1583222228578,204.04590110645285,201.284537891579,203.35556030273438,5577418
2023-05-23,203.65143751219634,204.58832973564293,202.6652320036627,204.04591369628906,5017652
2023-05-24,203.7993472334058,205.13073059069453,202.7145302833008,204.29244995117188,5447203
2023-05-25,204.34175957878642,208.28658125037805,203.70073207647295,207.89210510253906,8705559
2023-05-26,209.32210991376198,210.85073139393495,207.7441751506864,209.27279663085938,8476048
2023-05-29,210.06175485074795,214.69691732370998,208.779684792703,214.00657653808594,12956419
2023-05-30,214.99277567722223,215.43656509441885,212.03415949817787,213.90794372558594,11975300
2023-05-31,213.9079509013783,215.97898831550475,209.96312919698553,210.6041717529297,11299432
2023-06-01,210.99864899718244,214.0065785720254,210.06175684719545,212.3300323486328,6324964
2023-06-02,213.41484019911115,213.90794289370086,212.03415867357992,212.67518615722656,4908437
2023-06-05,214.00658088819458,216.37346792938882,213.16830024327533,216.02830505371094,8688870
2023-06-06,216.76795456844306,216.76795456844306,212.57658152874868,213.76002502441406,8301040
2023-06-07,215.601500088618,218.63742771967156,213.1130248576249,217.44296264648438,11387499
2023-06-08,217.94066756276882,225.15724605947273,217.4429724940306,219.63282775878906,31056302
2023-06-09,223.56463347016248,223.56463347016248,219.1849077028769,220.1802978515625,11045069
2023-06-12,220.92683237297769,222.51946262793356,219.33421730646955,219.9314422607422,6342344
2023-06-13,220.47890678826917,221.77291695383565,219.8319092997097,220.77752685546875,6249947
2023-06-14,221.47429637681526,224.21161914102308,220.52867882323295,223.11668395996094,10509540
2023-06-15,223.36553919252182,223.61438672512867,219.1351311382055,219.58306884765625,7665159
2023-06-16,220.87705599977787,222.66876120842403,219.88166590480196,221.22544860839844,7136739
2023-06-19,221.97198967640153,223.1166822024928,219.98120949993157,222.1212921142578,7473608
2023-06-20,222.0715469919635,225.306564956907,221.5738519204337,223.9130096435547,11221842
2023-06-21,224.2116240439872,224.95816663236897,221.57384630708415,223.26600646972656,6987933
2023-06-22,223.81347777415652,224.11208266368996,219.48352461454476,220.0807647705078,6857007
2023-06-23,220.9766111355328,221.07615622493708,214.70565021426722,217.29367065429688,10890426
2023-06-26,217.29366508414023,218.33882774230057,215.30288485467204,217.59228515625,5136478
2023-06-27,217.89089570548322,219.48352600584823,217.59229081405692,218.23928833007812,4694432
2023-06-28,218.93605018437816,219.93144028768376,216.54712001182375,217.04481506347656,8345362
2023-06-30,218.68720318506251,221.47429851871794,217.8411307082843,220.82730102539062,9940002
2023-07-03,221.87245004924043,223.1664602334621,220.57845505346654,220.87705993652344,5792956
2023-07-04,221.07615560888837,222.27062073617043,219.18490523461432,219.63282775878906,4598056
2023-07-05,219.93143595286006,222.71853122487195,219.53328599476436,220.677978515625,5879342
2023-07-06,223.96277952127014,229.23835025434965,222.51946686871156,228.5415802001953,30885511
2023-07-07,228.74064931968482,231.27889712682207,225.05770896641096,226.94894409179688,16592198
2023-07-10,228.19319195217557,228.19319195217557,223.6143911854985,223.96278381347656,7143637
2023-07-11,224.9581595207265,225.8042471695241,223.66414937074967,224.46046447753906,5156417
2023-07-12,225.20701761678757,226.20240774990043,224.16185493932943,225.2567901611328,7366992
2023-07-13,225.9535539943774,226.15262897782827,219.8816682742155,220.82730102539062,9389403
2023-07-14,221.72315077871596,221.72315077871596,217.54251528320418,220.03099060058594,10191602
2023-07-17,220.9268382919319,223.6641611739164,220.2300682323891,222.46969604492188,7071156
2023-07-18,223.1664626492549,223.26600773698328,219.7323697608965,220.47891235351562,6695221
2023-07-19,220.37936379155036,220.37936379155036,216.49734844650928,218.48812866210938,14481130
2023-07-20,218.78675095213515,219.63282343928154,216.74619817275033,217.14434814453125,6910107
2023-07-21,217.14435449992337,218.18951719199794,215.75081436945615,216.39781188964844,5715378
2023-07-24,217.24389802902928,217.74159309896976,215.80058536389146,216.34805297851562,4387406
2023-07-25,216.49734683412282,219.48351713528314,216.49734683412282,218.4383544921875,7602866
2023-07-26,219.38397714229507,221.3747573892794,218.78675218126853,220.47891235351562,8511027
2023-07-27,221.2254508077764,221.5240708769275,219.4835181242506,219.8816680908203,7845672
2023-07-28,219.88166907764125,236.10653089755908,218.98582405461508,233.5682830810547,57651036
2023-07-31,235.45953849812955,237.7986961926364,234.11575574605789,235.6088409423828,18682254
2023-08-01,236.30561491552047,244.26873609465778,235.1609223213988,243.27334594726562,27535144
2023-08-02,243.57196189693354,243.57196189693354,232.22452048455344,234.66322326660156,22636262
2023-08-03,234.1655185256737,236.50469131108594,231.47796832204833,234.36459350585938,10784942
2023-08-04,235.90745765969214,236.25585027591893,233.41898236792326,234.5636749267578,7710303
2023-08-07,235.8079122594256,235.90745734634325,231.1295817548037,231.72682189941406,7286281
2023-08-08,233.41898698338497,235.55906970124357,229.43742643782616,232.82174682617188,9464101
2023-08-09,235.90746404895387,235.90746404895387,230.93051333062152,233.817138671875,10515447
2023-08-10,234.9120701239015,240.5857908137807,232.42359480479237,236.0567626953125,25155361
2023-08-11,236.952622830329,237.25124290619456,234.06598234822573,235.11114501953125,6875382
2023-08-14,234.91207517820405,235.06137762518375,228.04388922506809,230.0844268798828,10730311
2023-08-16,228.93971969678813,234.41436516779828,226.9987120674831,233.8668975830078,6716135
2023-08-17,233.86691020116388,234.7627704396423,230.8309672384753,231.42820739746094,6535775
2023-08-18,231.4282063715025,232.42359650643368,228.54158105558128,229.03927612304688,6814759
2023-08-21,229.5867217397065,239.2917752675499,229.0392693324837,238.2466278076172,14519170
2023-08-22,240.8844020459686,242.97472731265557,238.49547190270988,242.3774871826172,22416067
2023-08-23,243.52218645039895,247.35444448255,242.37749388933975,244.4678192138672,23010389
2023-08-24,245.8613558016024,251.6346214451595,245.36366074937243,248.5986785888672,28698029
2023-08-25,248.4991370436092,250.539689824515,242.27794880209638,244.4678192138672,15076489
2023-08-28,245.01526585779902,245.7618084291981,242.57656316225152,243.82080078125,7395680
2023-08-29,243.8705751828181,247.35444054257266,243.82080263998924,245.76181030273438,7267365
2023-08-30,246.8567448040848,249.34522005412597,245.76180961868766,246.20974731445312,8228142
2023-08-31,247.5037460489294,248.59868125093928,243.12403561778547,243.97012329101562,11641155
2023-09-01,245.61250592932566,254.77009176519158,244.96550844298608,254.17286682128906,28052910
2023-09-04,256.7609028224599,261.0908256983873,253.92403480323733,257.9553527832031,18767431
2023-09-05,259.59771779968446,261.2898930674504,254.47146502059712,257.2585754394531,14987193
2023-09-06,259.7968232090033,260.593123160035,253.47608982566564,256.3129577636719,9250338
2023-09-07,256.81063942019154,265.1221526240921,255.11846414147126,262.484375,17703150
2023-09-08,263.62906594329456,275.2253541758682,262.4843734389184,267.6106262207031,53019645
2023-09-11,272.73690131979833,272.73690131979833,267.9092530130284,270.6465759277344,16450404
2023-09-12,274.72765891502405,274.72765891502405,258.8014178185009,261.4889831542969,23738913
2023-09-13,262.28529617021667,266.3664017305973,259.79682087448407,263.77838134765625,11803636
2023-09-14,265.6198624159844,266.76455499075206,262.2355420474511,263.8779296875,7915449
2023-09-15,265.8687187897684,266.7148065042614,261.8871581351164,262.7332458496094,7612098
2023-09-18,264.1765337379091,265.52031648528504,261.0908182675744,264.3258361816406,8425365
2023-09-20,264.12676871594624,265.7691563031145,259.7968157120333,260.7922058105469,9016803
2023-09-21,260.7424591332281,260.79221648943326,254.86963301000247,255.4668731689453,7948656
2023-09-22,255.96456753673272,257.8060453647171,253.07794221613636,255.91481018066406,6831744
2023-09-25,257.0097388717198,257.1092535813269,253.82447836500853,255.71571350097656,5384845
2023-09-26,255.9148072824589,262.53414554012943,255.81526219455264,258.6521301269531,9193002
2023-09-27,258.6521268737636,259.398669458327,255.3673212755475,258.5525817871094,5650167
2023-09-28,260.79221578796614,263.03184359530553,256.11386999520977,256.86041259765625,11266992
2023-09-29,258.2539827286937,263.52953829450126,258.2539827286937,261.0908203125,10214222
2023-10-03,261.3396753189635,265.2714786161912,259.59774253255324,262.7332458496094,7137959
2023-10-04,261.7378492725008,261.7378492725008,252.33140030561574,255.4668731689453,12531396
2023-10-05,257.40790262338896,259.0005329620198,254.819882120226,256.611572265625,6675848
2023-10-06,258.3037325209466,258.7516702194289,256.8604047164105,257.55718994140625,3828731
2023-10-09,253.92402995233238,254.77010245547444,247.95168913201988,248.8475341796875,11210941
2023-10-10,249.34521773072532,253.82447313906172,249.34521773072532,252.7295379638672,5951928
2023-10-11,254.02354975522775,255.21801483411934,251.9332396642793,252.77931213378906,6245802
2023-10-12,254.2226329327008,256.2134131911822,253.5258628799219,253.97378540039062,5375168
2023-10-13,253.2770120712135,254.7203247022522,252.0327744257581,252.9286346435547,4300916
2023-10-16,252.9286419234844,255.66596482227342,252.38117430603697,253.6254119873047,6720120
2023-10-17,255.665956146173,258.10464369256226,254.81986847624387,255.71571350097656,6338761
2023-10-18,255.81525649749742,256.5120417204277,250.34061093043036,251.8834686279297,6003534
2023-10-19,251.3857701993464,251.73414761768396,248.34982738797626,250.8383026123047,4782988
2023-10-20,250.34061173683386,251.2364567571333,245.46320629129647,246.25950622558594,7678941
2023-10-23,247.20514945611984,247.60329944014174,235.21069512896804,237.15170288085938,9550108
2023-10-25,238.74432896773396,240.53601905256545,232.07520294005755,235.6088409423828,9555885
2023-10-26,233.9166829084242,234.265075532816,229.7360473579633,233.31944274902344,9272278
2023-10-27,235.06137427129994,237.89824223102403,234.4143767590216,237.05215454101562,7031353
2023-10-30,237.40054731890126,238.79408743323467,233.9166818446197,237.99778747558594,5661460
2023-10-31,239.39132035347095,240.7351030711668,237.1516926162763,238.2466278076172,6266858
2023-11-01,238.8438499277393,239.14246999351644,235.2106821613854,235.8079071044922,4027707
2023-11-02,236.90285281383473,243.9203563235308,236.90285281383473,243.6715087890625,9816661
2023-11-03,244.7166650076407,245.01526989035688,242.77564213929895,243.47242736816406,5030180
2023-11-06,245.86136453255799,250.04200008206163,244.46782441220614,248.3996124267578,9389448
2023-11-07,248.79775520005595,250.83830796524052,247.75259254584458,248.64845275878906,7066697
2023-11-08,251.73415122858353,255.16825923817385,250.3406111583495,253.7747039794922,13131393
2023-11-09,252.82909122590098,252.82909122590098,246.0604353522424,246.85675048828125,15388769
2023-11-10,246.85675322822937,250.68901131945006,245.71206064952608,250.24107360839844,6974541
2023-11-13,251.58485534394222,257.3083485911338,250.09177014902266,255.86502075195312,10251490
2023-11-15,258.005126953125,261.0410546177497,256.91019176400135,258.005126953125,8436750
2023-11-16,258.20418480360394,264.2760704640323,258.15442744956647,261.2401428222656,13551131
2023-11-17,261.6880565144147,263.72862448687806,260.1949713341763,261.439208984375,6452353
2023-11-20,262.63369236825463,263.18114479002253,258.9009793737567,259.64752197265625,4859705
2023-11-21,262.534144191929,264.17653181481217,259.5479738314521,261.439208984375,6931541
2023-11-22,262.1857491438427,262.3848393167871,258.05488625885823,260.8917541503906,4537969
2023-11-23,260.89175636937784,262.534143991004,258.60234086862687,259.5479736328125,5466513
2023-11-24,260.194978922361,260.69267399695497,255.86502569801388,256.9599609375,7153583
2023-11-28,258.2041943065638,270.1488758970932,257.30834926265334,269.5516357421875,24745437
2023-11-29,273.732278679743,274.4290639035041,270.2484133147281,272.1396484375,26392589
2023-11-30,271.7415042603292,271.7415042603292,263.87792834429223,266.6650085449219,20403510
2023-12-01,268.75532067340356,277.21613632423293,267.3119929116219,274.7276611328125,32159928
2023-12-04,283.6861832485533,284.68157336521483,277.61429746153846,280.2520751953125,28890541
2023-12-05,281.69541679097745,281.89450697480413,275.22538071627304,280.20233154296875,21565252
2023-12-06,280.25208439082104,297.2235046628973,278.90833199075377,292.79400634765625,45934967
2023-12-07,293.6400915190167,330.61882917221874,290.80322354252155,324.298095703125,152381610
2023-12-08,330.41977326192114,334.40133387178605,316.63361357488463,322.0584716796875,74992149
2023-12-11,323.8999394567111,333.7542955840599,320.86401173693196,332.1119079589844,40351523
2023-12-12,333.45567487670735,333.45567487670735,326.0897944025709,329.2750244140625,22627713
2023-12-13,330.56905805579976,338.93032881461386,328.2298852470453,336.5911560058594,33632037
2023-12-14,339.3284971611309,340.3238873143621,333.45570133244627,333.8538513183594,16560229
2023-12-15,335.844621759472,336.9395569712422,330.27043098973843,331.66400146484375,17080409
2023-12-18,337.4372386357895,338.7312335948444,332.85843817184235,335.4962158203125,15561817
2023-12-19,336.9395523446431,336.9395523446431,328.9266741072938,334.3515319824219,11713755
2023-12-20,335.1478576230465,345.30081838062597,316.5340506688082,318.67413330078125,40678163
2023-12-21,316.5340471409519,329.1755133756409,311.2584918393606,327.035400390625,26393082
2023-12-22,329.4741179821831,330.46950806672146,322.0584497016148,325.1441650390625,15179674
2023-12-26,327.0354056047894,329.87227346864296,323.50178289621954,323.8999328613281,11314266
2023-12-27,325.5423180074383,328.37918584998096,320.1672175766126,323.35247802734375,10349372
2023-12-28,325.094432795528,329.4741434304017,322.50641230045363,328.2796630859375,16182026
2023-12-29,328.57829777271445,334.45109363921415,324.5469494000322,330.61883544921875,19909151
2024-01-01,332.36075424936564,334.3017771297832,326.637261072165,328.77734375,10096386
2024-01-02,330.17091505379085,331.1663051740894,318.12668852279916,328.3294372558594,15689859
2024-01-03,328.08059504686685,328.08059504686685,323.3524918987644,325.1939697265625,9954264
2024-01-04,325.29349251458706,339.22895477075247,325.29349251458706,336.2925720214844,26968463
2024-01-05,337.78562866890104,348.0879220401189,334.60036827208677,339.1791687011719,37557423
2024-01-08,342.4141894713414,342.4141894713414,335.7948514769982,337.3874816894531,14548833
2024-01-09,340.07504188978356,343.26030255067997,336.4916312404994,338.6317443847656,14504090
2024-01-10,340.6224974345823,347.14229030606015,339.179169668215,344.8529052734375,23432704
2024-01-11,347.83907474177454,358.34042790890265,346.2464445423561,355.6528625488281,33499272
2024-01-12,359.98281478016764,360.1819049460536,354.90631931902,356.1007995605469,20933438
2024-01-15,357.9920565183939,358.539539319609,351.3727181860195,357.2455139160156,12869181
2024-01-16,357.29529382423874,359.03722652497305,347.3911500321624,351.8206481933594,14129539
2024-01-17,350.77545747597486,353.7118703573697,344.9026620900797,347.1920471191406,12084011
2024-01-18,346.1966589381832,348.3865292729424,333.754282892721,343.95703125,16863929
2024-01-19,346.3957576320425,349.68053283813987,343.5091323938212,347.0427551269531,13483525
2024-01-23,363.8150817301615,364.06392925528473,339.6271144389417,344.60406494140625,25989141
2024-01-24,346.89344599230986,356.2501067528784,342.16534306988956,355.30450439453125,19810051
2024-01-25,357.2952881200171,365.00956138582507,356.34965537538585,363.41693115234375,19949672
2024-01-29,367.7468770668816,385.4648083333846,365.1588567844871,380.13946533203125,34448280
2024-01-30,384.3201443803268,390.9892401833085,380.23903867518754,381.4832763671875,23860682
2024-01-31,383.22520492778824,389.3966359630982,381.93120989307636,387.95330810546875,15543971
2024-02-01,390.2924825762167,394.8712833261786,383.67314417638414,387.0574645996094,25396799
2024-02-02,389.74498444596026,392.9800022953776,385.76342401590824,388.0030517578125,13340756
2024-02-05,393.6768010328264,400.64453202455786,388.4012454327026,392.1837158203125,22188678
2024-02-06,394.8214749283903,394.8214749283903,384.9671190677115,391.1385498046875,12288416
2024-02-07,393.8758824500839,399.89798052250205,390.1929268570524,393.3283996582031,13281036
2024-02-08,394.6721955495123,409.0058076731569,391.2878751056777,405.5219421386719,21626429
2024-02-09,410.9965832564819,410.9965832564819,382.2795716053599,390.29248046875,38295877
2024-02-12,378.14870548719665,384.36989381903686,357.5441479582795,360.0326232910156,44078652
2024-02-13,360.03262432846384,364.8104848303263,352.9653482877495,363.3671569824219,21221871
2024-02-14,362.62060361996134,372.87313994227867,356.5487482722836,371.977294921875,15216135
2024-02-15,374.9136757678585,380.5874114988806,373.0224406498162,377.1035461425781,16001298
2024-02-16,381.2344028245832,381.2344028245832,373.5201296603782,374.5652770996094,9592754
2024-02-19,381.3339615529195,384.02149665434496,377.3524010676411,378.7459411621094,12557987
2024-02-20,379.2436320579598,380.7367172235423,374.3164388607793,377.2030944824219,7298102
2024-02-21,378.94503648922733,382.08050933863444,371.7782153675285,373.71923828125,10283746
2024-02-22,375.3118407709867,377.94964894796493,367.5478098166143,376.1579284667969,8449170
2024-02-23,377.6012418800475,379.9901720533338,375.75976411298893,376.6556091308594,5691333
2024-02-26,377.25284926840476,379.6417794416911,375.9588542844691,376.6556091308594,6228934
2024-02-27,377.2528642480893,377.7505593196567,372.2261561760171,373.8187561035156,6322898
2024-02-28,373.7689879411553,376.50631075563774,362.9192417700401,364.0639343261719,8577264
2024-02-29,365.30818222446095,372.2759132205679,361.3763790116135,370.0362854003906,8088079
2024-03-01,373.8187395266374,377.99939009317245,372.8233494276428,375.66021728515625,7853708
2024-03-04,379.29340502652076,392.18371963744414,378.44734769937867,389.944091796875,25814019
2024-03-05,390.1929285651392,398.1062922008283,388.69984337930316,394.32379150390625,18795182
2024-03-06,394.3237833940594,395.76711119477505,382.9265849360489,393.12933349609375,15795532
2024-03-07,394.17448175016534,431.30252053193544,394.17448175016534,423.2896423339844,98883541
2024-03-11,412.0915100414024,419.5569359479495,402.78460633586116,411.24542236328125,39122073
2024-03-12,412.4896436735888,412.7882789241577,393.17908216902083,394.2740173339844,26812422
2024-03-13,397.40948853377625,397.9569409257701,366.05470108527544,370.2353515625,36185918
2024-03-14,370.23535818094865,384.5191817502036,363.8648372680784,382.677734375,27089563
2024-03-15,382.6777370238306,386.2113597366423,370.2851180980179,378.9947814941406,20859247
2024-03-18,381.0851271767442,392.6316590579896,376.8049312811902,390.9394836425781,34069247
2024-03-19,390.34224265884785,391.08878527404784,379.34319361232696,381.4832763671875,14809242
2024-03-20,384.2205981525739,386.55977108199096,369.38929098320364,378.1487121582031,18068658
2024-03-21,383.3247360222404,392.53209450577316,382.2298008299007,390.34222412109375,16908086
2024-03-22,388.10259547191754,393.6767861296635,384.7182751937167,388.89892578125,11759985
2024-03-26,388.6998467549786,392.1837122188516,385.9625238905069,388.30169677734375,9140496
2024-03-27,389.7450004801717,392.034416047776,385.7136825296527,386.6095275878906,9084482
2024-03-28,389.19752157326394,397.0610971358103,389.19752157326394,392.3827819824219,16040575
2024-04-01,397.11088448852195,406.96524020320163,395.7173140752809,405.0740051269531,17765438
2024-04-02,405.12377625478535,410.25002926469404,404.7256262847052,406.91546630859375,10630906
2024-04-03,407.11456095254226,413.3357492311569,405.4721733223672,410.3495788574219,12195598
2024-04-04,413.78367024953417,417.91453302455193,408.8067198273694,412.1910400390625,16383105
2024-04-05,412.19105615902276,413.53483890093884,406.1689276865534,412.6887512207031,8530184
2024-04-08,415.5753871759619,416.7698675054299,412.8380642664196,414.4306945800781,7588327
2024-04-09,415.0776862266196,434.1394012333501,414.4306887143554,427.918212890625,37377906
2024-04-10,430.0085281067628,437.37440885543475,429.0131379954046,429.9587707519531,18390566
2024-04-12,429.51084161464695,442.15230843169974,427.1219113751359,434.93572998046875,25430924
2024-04-15,422.0454110889536,439.41498084231154,415.2767704203608,429.6103820800781,32551966
2024-04-16,429.41128365605846,433.6914793180907,424.5836355890302,428.4158935546875,14662756
2024-04-18,432.8951432594337,440.7587188804103,425.08132499210654,427.7688903808594,20997007
2024-04-19,424.28504804076937,429.7099364655976,417.36707440289445,426.12652587890625,17985425
2024-04-22,431.99930129402514,432.99469138917266,424.7827231042056,425.9772033691406,12126655
2024-04-23,428.0675225438535,430.4066954754876,425.67859225539826,427.66937255859375,9349694
2024-04-24,428.06749417328535,430.45645468030676,425.03156656287985,426.3255615234375,6456018
2024-04-25,426.3255868305223,431.1034777512905,425.03159179315185,429.4610900878906,7794324
2024-04-26,430.55597231566185,438.46933570097775,430.50621496179997,434.88592529296875,14337708
2024-04-29,437.822360347813,449.2693469890157,435.2343399013792,445.9347839355469,23566023
2024-04-30,449.56794635102807,453.2011142518614,445.9845358059598,447.17901611328125,22517400
2024-05-02,447.97531859519614,457.82970524397444,447.17901863708505,455.7393798828125,15880502
2024-05-03,459.4720843872091,462.0601047685041,446.4324677704847,452.6536560058594,16825776
2024-05-06,456.4859005399428,456.4859005399428,440.31081160612433,444.2425842285156,16739666
2024-05-07,446.4822285765726,447.17901381507846,430.4066841274921,434.38824462890625,14131347
2024-05-08,432.7458592229448,439.1661377152512,428.1173011916266,433.0444641113281,13914786
2024-05-09,425.87766520812784,429.26198551127237,410.20027095467265,411.59381103515625,28007098
2024-05-10,413.08689399325647,416.321911837782,402.2869052676923,412.9375915527344,19951523
2024-05-13,412.937583015993,413.43527805870804,394.72192622648816,409.85186767578125,25148219
2024-05-14,411.19567010446957,430.00853754676115,410.74773239376657,428.36614990234375,18401250
2024-05-15,431.8002123052217,437.9218857086379,428.36613469370747,429.3117370605469,13804148
2024-05-16,432.99470191792017,433.34309453507234,424.8822785205843,431.9495544433594,8324498
2024-05-17,431.9495538135138,436.27947652486273,430.3569235494944,434.2886962890625,7388213
2024-05-21,441.35596329953785,444.292376238875,438.02140039645025,439.663818359375,11541624
2024-05-22,439.9624335917205,447.9753119170105,434.4877879248552,445.63616943359375,16085201
2024-05-23,448.3237054274752,450.01588078772477,443.44629989902666,447.0794677734375,8872759
2024-05-24,447.07945069195523,450.86195124184997,444.0435230828548,445.1384582519531,9759025
2024-05-27,446.8306117692732,450.46377957478745,442.94859643767046,443.9937438964844,10073185
2024-05-28,444.93937130155973,447.32830144793405,432.1486025388764,434.88592529296875,9560161
2024-05-29,432.99469691430875,437.42419504499486,430.10807167692576,430.8546142578125,7241846
2024-05-30,430.85461652192583,431.5016140200485,420.6020801310676,423.3891906738281,9059666
2024-05-31,423.43894940522154,436.67765617835465,423.43894940522154,434.73663330078125,15285970
2024-06-03,457.8794510512204,457.8794510512204,445.287772222691,454.4453430175781,25033120
2024-06-04,456.78452691212897,456.78452691212897,369.93673762653276,397.7579040527344,58989328
2024-06-05,415.07767120845426,422.4933395954305,388.20213854028094,420.8509216308594,25587086
2024-06-06,428.0177653254395,436.379036526185,423.7873571797811,429.56060791015625,13644903
2024-06-07,428.0177554446237,443.64539261975557,425.0315850578007,441.5052795410156,15039562
2024-06-10,444.5412438111276,456.6352279697146,443.0979159534348,445.9347839355469,20554460
2024-06-11,445.9347662938109,451.6582593879837,444.6905286646429,446.3329162597656,9802063
2024-06-12,448.9209311360134,451.75779897134277,446.4822132617893,447.5771484375,7066407
2024-06-13,454.89329882192965,455.8886889725247,447.5771751396768,449.8168029785156,12208021
2024-06-14,450.31446941917216,451.50894967469014,445.43706406678075,446.5817565917969,7858446
2024-06-18,447.67671389943564,452.15596951377125,446.0840836056259,449.61773681640625,6522944
2024-06-19,449.9163300258539,450.5633275224146,439.61403630497125,440.3108215332031,8981273
2024-06-20,440.95783036766306,444.4416958446085,434.53755183796227,441.6048278808594,8058795
2024-06-21,441.6048055211891,443.14767838042565,435.6324650059645,436.6776428222656,16109190
2024-06-24,433.99009944204533,437.47396491921774,430.05829625276374,433.5919494628906,7878288
2024-06-25,433.99008021075156,435.9311030413512,427.42049952667776,428.7642822265625,7140628
2024-06-26,428.36613333339375,433.7909911234208,427.0721079841351,430.2076110839844,9323979
2024-06-27,430.2076160657303,440.9578170623153,424.53388030943,437.4241943359375,18716207
2024-06-28,437.4241856497672,442.40113608211453,436.2794627488115,438.5688781738281,11339346
2024-07-01,438.96704353843546,439.6140410419678,432.347705306489,433.3928527832031,8020642
2024-07-02,433.99008374404247,434.9854738443728,426.02696294139946,430.75506591796875,7511940
2024-07-03,431.4518561341529,433.44263635786217,428.81404803622166,431.8500061035156,9201151
2024-07-04,433.95001220703125,442.25,433.25,436.25,10686705
2024-07-05,436.45001220703125,440.29998779296875,434.0,439.95001220703125,8708995
2024-07-08,440.70001220703125,443.45001220703125,431.8999938964844,433.45001220703125,9154756
2024-07-09,437.5,441.79998779296875,434.70001220703125,438.95001220703125,6076549
2024-07-10,439.95001220703125,442.0,426.8500061035156,437.3500061035156,8745713
2024-07-11,438.95001220703125,444.5,436.1000061035156,440.3999938964844,8553094
2024-07-12,441.79998779296875,442.1499938964844,432.3500061035156,434.04998779296875,6826289
2024-07-15,436.3999938964844,442.6000061035156,431.0,439.3500061035156,6598992
2024-07-16,440.3999938964844,445.25,436.1000061035156,436.8999938964844,10724685
2024-07-18,440.8999938964844,441.0,429.0,429.95001220703125,12053566
2024-07-19,429.95001220703125,429.95001220703125,412.8500061035156,414.1499938964844,16560718
2024-07-22,415.0,425.0,409.6000061035156,424.04998779296875,9437893
2024-07-23,428.6499938964844,428.6499938964844,400.0,416.45001220703125,17985870
2024-07-24,416.45001220703125,425.0,415.25,419.95001220703125,9455765
2024-07-25,416.3500061035156,425.75,412.6499938964844,423.3500061035156,12474704
2024-07-26,432.0,446.20001220703125,430.1499938964844,444.70001220703125,33285673
2024-07-29,446.95001220703125,450.0,441.0,442.25,13720073
2024-07-30,442.25,449.20001220703125,440.0,444.1000061035156,11262582
2024-07-31,446.3999938964844,455.0,445.0,453.6000061035156,21227714
2024-08-01,454.95001220703125,465.8500061035156,454.04998779296875,464.3999938964844,34019552
2024-08-02,460.29998779296875,471.0,452.3500061035156,460.3500061035156,27534299
2024-08-05,446.0,452.8999938964844,430.1000061035156,434.79998779296875,28371364
2024-08-06,438.0,449.3999938964844,433.5,436.70001220703125,19245378
2024-08-07,444.0,445.29998779296875,426.1000061035156,430.29998779296875,29078704
2024-08-08,432.5,432.5,417.0,417.95001220703125,25148625
2024-08-09,424.8999938964844,425.0,416.04998779296875,417.75,13056991
2024-08-12,417.1000061035156,422.8999938964844,411.04998779296875,418.1499938964844,14448957
2024-08-13,420.0,420.0,406.3999938964844,408.25,13650935
2024-08-14,410.0,412.8999938964844,403.1000061035156,405.45001220703125,11672941
2024-08-16,408.8999938964844,414.3500061035156,406.75,413.6499938964844,8273268
2024-08-19,416.70001220703125,420.8999938964844,415.04998779296875,418.79998779296875,8187151
2024-08-20,418.1499938964844,423.8999938964844,416.70001220703125,422.29998779296875,7951880
2024-08-21,427.29998779296875,427.29998779296875,421.6499938964844,424.5,10587000
2024-08-22,425.79998779296875,425.79998779296875,421.54998779296875,422.95001220703125,4519043
2024-08-23,422.6000061035156,423.1499938964844,417.20001220703125,417.95001220703125,5647724
2024-08-26,420.0,423.5,417.0,422.5,6794262
2024-08-27,422.5,429.45001220703125,421.0,428.1499938964844,11895337
2024-08-28,430.0,434.20001220703125,428.6000061035156,431.3999938964844,18213329
2024-08-29,431.3999938964844,433.1000061035156,424.70001220703125,430.8999938964844,9942257
2024-08-30,432.3999938964844,437.3999938964844,431.3500061035156,434.6499938964844,12866589
2024-09-02,435.8500061035156,436.75,429.5,433.20001220703125,9400824
2024-09-03,433.5,434.6499938964844,431.29998779296875,433.95001220703125,9712479
2024-09-04,429.70001220703125,429.70001220703125,419.6499938964844,420.8999938964844,14761838
2024-09-05,421.1000061035156,424.0,419.1499938964844,420.8999938964844,8167304
2024-09-06,420.0,421.29998779296875,414.3500061035156,417.0,10236248
2024-09-09,417.0,419.1499938964844,411.29998779296875,417.8500061035156,6590372
2024-09-10,422.3999938964844,447.1499938964844,420.5,445.3500061035156,39706164
2024-09-11,445.8999938964844,449.0,432.79998779296875,435.6499938964844,20189436
2024-09-12,438.54998779296875,443.3999938964844,436.1000061035156,439.8999938964844,8729441
2024-09-13,446.0,449.6000061035156,441.04998779296875,441.79998779296875,13341086
2024-09-16,443.5,451.8999938964844,440.5,443.3500061035156,8850620
2024-09-17,443.3500061035156,450.8999938964844,439.54998779296875,445.1000061035156,10744634
2024-09-18,445.5,447.1000061035156,437.95001220703125,440.6000061035156,7014739
2024-09-19,442.70001220703125,450.6000061035156,430.79998779296875,439.6000061035156,12721422
2024-09-20,441.79998779296875,446.5,439.3500061035156,444.1499938964844,11837310
2024-09-23,444.95001220703125,460.0,444.5,454.45001220703125,26480471
2024-09-24,455.54998779296875,474.25,453.3500061035156,468.75,40263592
2024-09-25,468.75,470.8999938964844,460.3999938964844,468.1000061035156,15948993
2024-09-26,470.0,477.8500061035156,465.54998779296875,476.04998779296875,20074440
2024-09-27,482.5,494.8500061035156,477.5,485.5,32121777
2024-09-30,485.3999938964844,489.0,473.3500061035156,482.6000061035156,15756520
2024-10-01,486.79998779296875,491.20001220703125,479.3999938964844,481.25,15141589
2024-10-03,469.04998779296875,477.95001220703125,464.5,471.79998779296875,14971905
2024-10-04,471.5,474.45001220703125,460.6000061035156,466.6499938964844,13337665
2024-10-07,467.8999938964844,468.8999938964844,438.70001220703125,441.29998779296875,19893771
2024-10-08,441.6000061035156,460.95001220703125,439.6000061035156,456.8999938964844,20651560
2024-10-09,459.95001220703125,470.3999938964844,452.6000061035156,460.8500061035156,16274750
2024-10-10,460.0,477.8999938964844,456.20001220703125,465.6499938964844,20626505
2024-10-11,465.6499938964844,467.3500061035156,459.3500061035156,461.1499938964844,8006885
2024-10-14,463.79998779296875,464.79998779296875,458.3500061035156,462.29998779296875,8552461
2024-10-15,463.5,474.3999938964844,461.04998779296875,463.5,11987910
2024-10-16,463.25,469.5,457.29998779296875,460.45001220703125,8574770
2024-10-17,461.0,462.6000061035156,449.0,450.20001220703125,10204584
2024-10-18,449.8999938964844,456.5,443.04998779296875,453.54998779296875,11045862
2024-10-21,455.54998779296875,465.54998779296875,449.6499938964844,453.79998779296875,13387706
2024-10-22,453.79998779296875,454.1000061035156,434.0,435.8500061035156,12887529
2024-10-23,436.5,443.1499938964844,430.3999938964844,437.70001220703125,11696327
2024-10-24,437.1000061035156,441.25,432.04998779296875,438.0,7751620
2024-10-25,438.0,439.1000061035156,414.5,422.1000061035156,16754459
2024-10-28,423.5,429.5,415.0,425.70001220703125,8791214
2024-10-29,428.0,428.54998779296875,415.25,425.3999938964844,9520732
2024-10-30,426.04998779296875,433.29998779296875,421.8500061035156,427.0,9699786
2024-10-31,430.5,444.79998779296875,420.79998779296875,440.04998779296875,29693039
2024-11-01,444.0,448.45001220703125,442.1000061035156,445.45001220703125,4387971
2024-11-04,446.25,446.79998779296875,426.04998779296875,429.04998779296875,13264369
2024-11-05,429.0,434.8500061035156,425.8500061035156,434.1000061035156,8889823
2024-11-06,437.1000061035156,452.0,436.5,449.29998779296875,12638381
2024-11-07,451.5,454.75,443.0,444.8999938964844,9820442
2024-11-08,446.79998779296875,446.79998779296875,430.0,432.75,9328678
2024-11-11,431.95001220703125,437.75,428.04998779296875,431.5,8278229
2024-11-12,432.04998779296875,436.3500061035156,412.5,414.1499938964844,11039936
2024-11-13,413.0,416.20001220703125,396.95001220703125,399.3500061035156,13327466
2024-11-14,401.95001220703125,411.8500061035156,400.5,404.6499938964844,11063591
2024-11-18,408.0,410.8999938964844,397.6000061035156,404.70001220703125,10703937
2024-11-19,406.25,417.79998779296875,406.25,408.1000061035156,8869625
2024-11-21,411.5,413.3999938964844,397.3999938964844,408.04998779296875,13362385
2024-11-22,414.8999938964844,416.8999938964844,409.25,413.75,11165181
2024-11-25,421.45001220703125,423.45001220703125,410.0,412.3500061035156,20232580
2024-11-26,413.8999938964844,415.3999938964844,408.0,410.29998779296875,7286324
2024-11-27,411.79998779296875,418.5,409.25,417.6499938964844,7869397
2024-11-28,418.3500061035156,421.0,412.1000061035156,414.5,9850477
2024-11-29,414.5,417.5,410.45001220703125,414.1499938964844,8478659
2024-12-02,413.0,418.8999938964844,412.0,416.5,8156409
2024-12-03,418.3999938964844,429.8999938964844,417.6000061035156,428.54998779296875,14366296
2024-12-04,428.54998779296875,432.0,424.29998779296875,425.6499938964844,6195150
2024-12-05,425.6499938964844,433.29998779296875,419.5,430.8500061035156,10798097
2024-12-06,433.79998779296875,442.5,433.25,439.70001220703125,17372298
2024-12-09,443.0,447.70001220703125,439.1000061035156,440.75,13417161
2024-12-10,441.95001220703125,442.6499938964844,432.04998779296875,435.20001220703125,9854285
2024-12-11,435.6000061035156,438.6000061035156,434.29998779296875,434.79998779296875,5815604
2024-12-12,435.0,436.75,429.0,433.54998779296875,6049186
2024-12-13,432.0,432.3999938964844,420.29998779296875,428.45001220703125,8032224
2024-12-16,427.95001220703125,430.3999938964844,424.3500061035156,425.5,4244188
2024-12-17,425.3999938964844,428.0,419.29998779296875,420.8999938964844,6450903
2024-12-18,420.8999938964844,421.0,413.0,415.0,6313538
2024-12-19,410.0,413.8999938964844,406.70001220703125,412.6000061035156,7242352
2024-12-20,412.6000061035156,415.3999938964844,400.04998779296875,401.1000061035156,10205219
2024-12-23,404.8500061035156,406.0,396.8500061035156,399.8999938964844,9052063
2024-12-24,400.8500061035156,405.25,398.25,399.3999938964844,6762204
2024-12-26,401.0,408.0,397.70001220703125,404.29998779296875,8622771
2024-12-27,406.0,408.0,398.1499938964844,399.0,5983308
2024-12-30,399.6000061035156,400.29998779296875,387.0,389.75,29023595
2024-12-31,389.5,395.0,385.5,392.3999938964844,9685224
2025-01-01,392.5,394.20001220703125,389.29998779296875,392.3500061035156,4404708
2025-01-02,392.0,397.0,387.1000061035156,395.5,11244310
2025-01-03,396.0,402.95001220703125,395.45001220703125,396.6499938964844,8254584
2025-01-06,397.0,397.0,377.0,378.6499938964844,11688108
2025-01-07,380.0,384.45001220703125,377.54998779296875,378.75,7289119
2025-01-08,379.5,380.45001220703125,372.04998779296875,374.04998779296875,8183207
2025-01-09,374.04998779296875,376.0,366.0,367.1499938964844,6423717
2025-01-10,367.1499938964844,368.5,355.04998779296875,356.3500061035156,9579404
2025-01-13,350.0,354.8500061035156,338.3999938964844,339.95001220703125,11236512
2025-01-14,341.0,358.1499938964844,341.0,356.95001220703125,11846097
2025-01-15,360.0,371.6000061035156,355.95001220703125,365.45001220703125,11046133
2025-01-16,371.79998779296875,374.0,368.04998779296875,368.8999938964844,5888896
2025-01-17,368.45001220703125,375.3999938964844,365.29998779296875,373.6000061035156,5504954
2025-01-20,374.8500061035156,376.20001220703125,371.0,374.45001220703125,3436674
2025-01-21,374.45001220703125,376.1000061035156,365.20001220703125,365.8999938964844,5074789
2025-01-22,368.0,368.6499938964844,352.1499938964844,358.8500061035156,5952212
2025-01-23,357.5,365.8999938964844,355.1000061035156,362.75,4886732
2025-01-24,362.75,370.70001220703125,362.20001220703125,363.3999938964844,7966520
2025-01-27,361.0,361.0,350.1000061035156,351.8999938964844,6562351
2025-01-28,355.5,356.1000061035156,342.95001220703125,346.3500061035156,9189775
2025-01-29,346.3500061035156,352.45001220703125,345.0,350.95001220703125,6707937
2025-01-30,352.0,356.25,348.3999938964844,352.1499938964844,7304454
2025-01-31,353.0,366.95001220703125,350.1000061035156,364.5,7026507
2025-02-01,367.8999938964844,379.0,361.3500061035156,368.3999938964844,14485333
2025-02-03,367.0,367.0,351.5,354.8999938964844,8346246
2025-02-04,359.0,363.6000061035156,353.75,362.04998779296875,7633708
2025-02-05,366.45001220703125,375.0,362.5,366.20001220703125,16453177
2025-02-06,370.79998779296875,371.8500061035156,362.5,365.3500061035156,7562113
2025-02-07,365.54998779296875,372.79998779296875,363.8500061035156,367.1000061035156,5469279
2025-02-10,367.04998779296875,368.95001220703125,356.8500061035156,358.20001220703125,5124415
2025-02-11,358.20001220703125,358.70001220703125,347.1499938964844,349.1000061035156,4620826
2025-02-12,349.0,350.8999938964844,339.0,348.1000061035156,7835524
2025-02-13,351.3999938964844,357.45001220703125,346.3999938964844,347.8500061035156,5816040
2025-02-14,349.04998779296875,351.1499938964844,332.0,337.1499938964844,8576754
2025-02-17,337.1000061035156,338.5,326.3500061035156,337.20001220703125,7217327
2025-02-18,337.20001220703125,340.79998779296875,329.6499938964844,339.6000061035156,6538131
2025-02-19,337.0,350.0,334.70001220703125,347.6499938964844,6083541
2025-02-20,348.0,361.0,344.54998779296875,357.95001220703125,10098769
2025-02-21,357.95001220703125,362.45001220703125,353.70001220703125,357.20001220703125,6119901
2025-02-24,356.0,356.95001220703125,351.6499938964844,354.6000061035156,3758390
2025-02-25,354.6000061035156,356.6000061035156,350.1499938964844,351.5,4066133
2025-02-27,353.25,356.0,341.0,343.29998779296875,6464092
2025-02-28,340.0,342.04998779296875,335.5,339.20001220703125,8340920
2025-03-03,338.75,345.8500061035156,331.8500061035156,342.8500061035156,9727866
2025-03-04,338.95001220703125,347.8999938964844,336.95001220703125,345.95001220703125,5170345
2025-03-05,345.0,352.6499938964844,344.54998779296875,351.3999938964844,6098026
2025-03-06,355.0,357.45001220703125,351.1499938964844,354.04998779296875,4879725
2025-03-07,354.0,360.5,350.25,351.45001220703125,5520005
2025-03-10,356.5,362.79998779296875,351.3999938964844,352.45001220703125,11222110
2025-03-11,350.20001220703125,354.0,344.29998779296875,352.45001220703125,5141578
2025-03-12,353.54998779296875,359.6000061035156,351.0,356.25,5285957
2025-03-13,360.5,360.79998779296875,350.0,350.75,4898500
2025-03-17,350.79998779296875,354.6000061035156,349.0,350.75,3997959
2025-03-18,350.75,350.75,350.75,350.75,0
2025-03-19,363.8999938964844,373.29998779296875,363.0,371.45001220703125,7875564
2025-03-20,374.79998779296875,374.79998779296875,367.54998779296875,370.3500061035156,4678329
2025-03-21,370.3500061035156,381.8999938964844,370.25,379.5,7559436
2025-03-24,385.0,385.0,379.6000061035156,383.29998779296875,6177301
2025-03-25,385.0,385.8999938964844,375.5,377.1000061035156,6063608
2025-03-26,377.1000061035156,381.0,374.6000061035156,376.0,8048272
2025-03-27,374.5,384.79998779296875,372.3500061035156,383.3999938964844,6287597
2025-03-28,384.04998779296875,386.04998779296875,373.29998779296875,375.3999938964844,6458106
2025-04-01,372.45001220703125,379.75,370.6000061035156,374.75,3414174
2025-04-02,374.75,379.20001220703125,368.29998779296875,378.25,3283925
2025-04-03,374.0,387.29998779296875,373.54998779296875,385.6499938964844,6580525
2025-04-04,383.79998779296875,388.20001220703125,367.1000061035156,368.95001220703125,7609077
2025-04-07,337.0,358.70001220703125,335.0,354.8500061035156,9906124
2025-04-08,360.25,370.70001220703125,356.0,359.70001220703125,6317158
2025-04-09,359.70001220703125,363.0,354.1499938964844,358.25,4343527
2025-04-11,368.1000061035156,368.8999938964844,362.1000061035156,364.45001220703125,5187303
2025-04-15,375.0,380.54998779296875,372.29998779296875,378.5,7238758
2025-04-16,378.0,382.95001220703125,377.5,381.25,5869686
2025-04-17,381.0,384.3500061035156,378.5,381.70001220703125,6156250
2025-04-21,383.1000061035156,394.0,382.0,390.8500061035156,7589962
2025-04-22,393.0,395.45001220703125,387.0,388.6000061035156,6180369
2025-04-23,390.1000061035156,395.95001220703125,382.20001220703125,394.45001220703125,8443906
2025-04-24,392.5,399.25,391.8999938964844,395.8500061035156,6639147
2025-04-25,394.5,402.5,382.1499938964844,387.6000061035156,14233760
2025-04-28,386.1499938964844,400.3999938964844,386.1499938964844,395.1000061035156,10237785
